SOG_ID,LAU_ID,LAU_NAME,AREA_KM2,POP_2023,stations_count,stations_unique,stations_density_km2,stations_with_operator_share,operator_count,stations_per_10k_pop,stations_within_1km_count,stations_within_5km_count,stations_in_muni_plus_1km_count,stations_in_muni_plus_5km_count,min_distance_km_to_station,mean_distance_km_to_station,accessible_count,accessible_share,category_connectivity
ES_02077,02077,Villa de Ves,1.05545306,61.0,0,0,0.0,0.0,0,0.0,0,0,0,0,,,0,0.0,periferico
ES_02079,02079,Villamalea,30.80544168,3953.0,0,0,0.0,0.0,0,0.0,0,0,0,0,,,0,0.0,periferico
ES_02080,02080,Villapalacios,6.35273291,556.0,0,0,0.0,0.0,0,0.0,0,0,0,0,,,0,0.0,periferico
ES_02081,02081,Villarrobledo,29.0809823,25090.0,0,0,0.0,0.0,0,0.0,0,0,0,0,,,0,0.0,periferico
ES_02082,02082,Villatoya,6.10689828,114.0,0,0,0.0,0.0,0,0.0,0,0,0,0,,,0,0.0,periferico
ES_02083,02083,Villavaliente,5.99888047,209.0,0,0,0.0,0.0,0,0.0,0,0,0,0,,,0,0.0,periferico
ES_02086,02086,Yeste,4.88759008,2504.0,0,0,0.0,0.0,0,0.0,0,0,0,0,,,0,0.0,periferico
ES_02901,02901,Pozo Cañada,23.18985884,2713.0,0,0,0.0,0.0,0,0.0,0,0,0,0,,,0,0.0,periferico
ES_03001,03001,"Atzúbia, l'",42.60275728,625.0,0,0,0.0,0.0,0,0.0,0,0,0,0,,,0,0.0,periferico
ES_03002,03002,Agost,76.05129539,5069.0,0,0,0.0,0.0,0,0.0,0,0,0,0,,,0,0.0,periferico
ES_03003,03003,Agres,23.97215445,619.0,0,0,0.0,0.0,0,0.0,0,0,0,0,,,0,0.0,periferico
ES_03004,03004,Aigües,61.9140342,1144.0,0,0,0.0,0.0,0,0.0,0,0,0,0,,,0,0.0,periferico
ES_03005,03005,Albatera,212.8110661,13095.0,0,0,0.0,0.0,0,0.0,0,0,0,0,,,0,0.0,periferico
ES_03006,03006,Alcalalí,96.65158902,1392.0,0,0,0.0,0.0,0,0.0,0,0,0,0,,,0,0.0,periferico
ES_03007,03007,Alcosser,55.21618074,260.0,0,0,0.0,0.0,0,0.0,0,0,0,0,,,0,0.0,periferico
ES_03008,03008,Alcoleja,13.20295184,192.0,0,0,0.0,0.0,0,0.0,0,0,0,0,,,0,0.0,periferico
ES_03009,03009,Alcoi,458.57235496,59563.0,0,0,0.0,0.0,0,0.0,0,0,0,0,,,0,0.0,periferico
ES_03010,03010,Alfafara,21.18676427,419.0,0,0,0.0,0.0,0,0.0,0,0,0,0,,,0,0.0,periferico
ES_03012,03012,Algorfa,199.23333628,3684.0,0,0,0.0,0.0,0,0.0,0,0,0,0,,,0,0.0,periferico
ES_03013,03013,Algueña,75.83261897,1398.0,0,0,0.0,0.0,0,0.0,0,0,0,0,,,0,0.0,periferico
ES_03014,03014,Alacant,1745.42694887,350598.0,0,0,0.0,0.0,0,0.0,0,0,0,0,,,0,0.0,periferico
ES_03015,03015,Almoradí,510.76952872,21775.0,0,0,0.0,0.0,0,0.0,0,0,0,0,,,0,0.0,periferico
ES_03016,03016,Almudaina,12.59055564,111.0,0,0,0.0,0.0,0,0.0,0,0,0,0,,,0,0.0,periferico
ES_03018,03018,Altea,697.37837532,24020.0,0,0,0.0,0.0,0,0.0,0,0,0,0,,,0,0.0,periferico
ES_03019,03019,Aspe,304.6921259,21469.0,0,0,0.0,0.0,0,0.0,0,0,0,0,,,0,0.0,periferico
ES_03020,03020,Balones,10.76342987,121.0,0,0,0.0,0.0,0,0.0,0,0,0,0,,,0,0.0,periferico
ES_03021,03021,Banyeres de Mariola,144.27492813,7255.0,0,0,0.0,0.0,0,0.0,0,0,0,0,,,0,0.0,periferico
ES_03022,03022,Benasau,19.12591952,173.0,0,0,0.0,0.0,0,0.0,0,0,0,0,,,0,0.0,periferico
ES_03023,03023,Beneixama,48.80231662,1704.0,0,0,0.0,0.0,0,0.0,0,0,0,0,,,0,0.0,periferico
ES_03025,03025,Benferri,162.99064616,2016.0,0,0,0.0,0.0,0,0.0,0,0,0,0,,,0,0.0,periferico
ES_03026,03026,Beniarbeig,323.28267308,2394.0,0,0,0.0,0.0,0,0.0,0,0,0,0,,,0,0.0,periferico
ES_03027,03027,Beniardà,16.15153062,254.0,0,0,0.0,0.0,0,0.0,0,0,0,0,,,0,0.0,periferico
ES_03029,03029,Benigembla,29.69387579,548.0,0,0,0.0,0.0,0,0.0,0,0,0,0,,,0,0.0,periferico
ES_03030,03030,Benidoleig,166.36500727,1245.0,0,0,0.0,0.0,0,0.0,0,0,0,0,,,0,0.0,periferico
ES_03031,03031,Benidorm,1873.57842296,72184.0,0,0,0.0,0.0,0,0.0,0,0,0,0,,,0,0.0,periferico
ES_03032,03032,Benifallim,8.19243882,112.0,0,0,0.0,0.0,0,0.0,0,0,0,0,,,0,0.0,periferico
ES_03033,03033,Benifato,11.78553518,140.0,0,0,0.0,0.0,0,0.0,0,0,0,0,,,0,0.0,periferico
ES_03035,03035,Benilloba,77.40034768,738.0,0,0,0.0,0.0,0,0.0,0,0,0,0,,,0,0.0,periferico
ES_03036,03036,Benillup,31.82339984,108.0,0,0,0.0,0.0,0,0.0,0,0,0,0,,,0,0.0,periferico
ES_03037,03037,Benimantell,14.15137914,536.0,0,0,0.0,0.0,0,0.0,0,0,0,0,,,0,0.0,periferico
ES_03039,03039,Benimassot,11.03151389,105.0,0,0,0.0,0.0,0,0.0,0,0,0,0,,,0,0.0,periferico
ES_03040,03040,Benimeli,130.06024371,456.0,0,0,0.0,0.0,0,0.0,0,0,0,0,,,0,0.0,periferico
ES_03041,03041,Benissa,177.3969585,12372.0,0,0,0.0,0.0,0,0.0,0,0,0,0,,,0,0.0,periferico
ES_05109,05109,Langa,18.45642582,451.0,0,0,0.0,0.0,0,0.0,0,0,0,0,,,0,0.0,periferico
ES_05110,05110,Lanzahíta,24.98665666,838.0,0,0,0.0,0.0,0,0.0,0,0,0,0,,,0,0.0,periferico
ES_05112,05112,"Losar del Barco, El",5.98863142,117.0,0,0,0.0,0.0,0,0.0,0,0,0,0,,,0,0.0,periferico
ES_05114,05114,Madrigal de las Altas Torres,12.5543509,1341.0,0,0,0.0,0.0,0,0.0,0,0,0,0,,,0,0.0,periferico
ES_05116,05116,Malpartida de Corneja,5.19877005,99.0,0,0,0.0,0.0,0,0.0,0,0,0,0,,,0,0.0,periferico
ES_05117,05117,Mamblas,8.19371902,197.0,0,0,0.0,0.0,0,0.0,0,0,0,0,,,0,0.0,periferico
ES_05118,05118,Mancera de Arriba,4.03506742,71.0,0,0,0.0,0.0,0,0.0,0,0,0,0,,,0,0.0,periferico
ES_05119,05119,Manjabálago y Ortigosa de Rioa,2.29050275,39.0,0,0,0.0,0.0,0,0.0,0,0,0,0,,,0,0.0,periferico
ES_05120,05120,Marlín,5.47623093,35.0,0,0,0.0,0.0,0,0.0,0,0,0,0,,,0,0.0,periferico
ES_05121,05121,Martiherrero,15.57159995,355.0,0,0,0.0,0.0,0,0.0,0,0,0,0,,,0,0.0,periferico
ES_05122,05122,Martínez,6.36599423,115.0,0,0,0.0,0.0,0,0.0,0,0,0,0,,,0,0.0,periferico
ES_05123,05123,Mediana de Voltoya,6.36471815,117.0,0,0,0.0,0.0,0,0.0,0,0,0,0,,,0,0.0,periferico
ES_05125,05125,Mengamuñoz,4.70527123,56.0,0,0,0.0,0.0,0,0.0,0,0,0,0,,,0,0.0,periferico
ES_05127,05127,Mijares,15.42837286,729.0,0,0,0.0,0.0,0,0.0,0,0,0,0,,,0,0.0,periferico
ES_05128,05128,Mingorría,12.66268186,389.0,0,0,0.0,0.0,0,0.0,0,0,0,0,,,0,0.0,periferico
ES_05129,05129,"Mirón, El",3.15290351,98.0,0,0,0.0,0.0,0,0.0,0,0,0,0,,,0,0.0,periferico
ES_05130,05130,Mironcillo,7.15387608,109.0,0,0,0.0,0.0,0,0.0,0,0,0,0,,,0,0.0,periferico
ES_05131,05131,Mirueña de los Infanzones,2.85093468,89.0,0,0,0.0,0.0,0,0.0,0,0,0,0,,,0,0.0,periferico
ES_05132,05132,Mombeltrán,18.3030314,915.0,0,0,0.0,0.0,0,0.0,0,0,0,0,,,0,0.0,periferico
ES_05133,05133,Monsalupe,3.21795514,57.0,0,0,0.0,0.0,0,0.0,0,0,0,0,,,0,0.0,periferico
ES_05135,05135,Muñana,14.52022893,488.0,0,0,0.0,0.0,0,0.0,0,0,0,0,,,0,0.0,periferico
ES_05136,05136,Muñico,5.9501644,79.0,0,0,0.0,0.0,0,0.0,0,0,0,0,,,0,0.0,periferico
ES_05138,05138,Muñogalindo,15.96373312,300.0,0,0,0.0,0.0,0,0.0,0,0,0,0,,,0,0.0,periferico
ES_05139,05139,Muñogrande,4.69759012,76.0,0,0,0.0,0.0,0,0.0,0,0,0,0,,,0,0.0,periferico
ES_05140,05140,Muñomer del Peco,11.10734285,112.0,0,0,0.0,0.0,0,0.0,0,0,0,0,,,0,0.0,periferico
ES_05141,05141,Muñopepe,17.05807519,103.0,0,0,0.0,0.0,0,0.0,0,0,0,0,,,0,0.0,periferico
ES_05142,05142,Muñosancho,4.45988179,88.0,0,0,0.0,0.0,0,0.0,0,0,0,0,,,0,0.0,periferico
ES_05143,05143,Muñotello,2.55708076,51.0,0,0,0.0,0.0,0,0.0,0,0,0,0,,,0,0.0,periferico
ES_05144,05144,Narrillos del Álamo,2.04491553,60.0,0,0,0.0,0.0,0,0.0,0,0,0,0,,,0,0.0,periferico
ES_05145,05145,Narrillos del Rebollar,2.12611547,37.0,0,0,0.0,0.0,0,0.0,0,0,0,0,,,0,0.0,periferico
ES_05147,05147,Narros del Castillo,4.43489585,149.0,0,0,0.0,0.0,0,0.0,0,0,0,0,,,0,0.0,periferico
ES_05149,05149,Narros de Saldueña,11.886706,112.0,0,0,0.0,0.0,0,0.0,0,0,0,0,,,0,0.0,periferico
ES_05151,05151,Navacepedilla de Corneja,3.22148265,95.0,0,0,0.0,0.0,0,0.0,0,0,0,0,,,0,0.0,periferico
ES_05152,05152,Nava de Arévalo,11.63750096,678.0,0,0,0.0,0.0,0,0.0,0,0,0,0,,,0,0.0,periferico
ES_05153,05153,Nava del Barco,2.89190295,85.0,0,0,0.0,0.0,0,0.0,0,0,0,0,,,0,0.0,periferico
ES_05154,05154,Navadijos,1.9631595,39.0,0,0,0.0,0.0,0,0.0,0,0,0,0,,,0,0.0,periferico
ES_05155,05155,Navaescurial,1.55730115,55.0,0,0,0.0,0.0,0,0.0,0,0,0,0,,,0,0.0,periferico
ES_05156,05156,Navahondilla,16.11076771,356.0,0,0,0.0,0.0,0,0.0,0,0,0,0,,,0,0.0,periferico
ES_05157,05157,Navalacruz,4.39704828,220.0,0,0,0.0,0.0,0,0.0,0,0,0,0,,,0,0.0,periferico
ES_05158,05158,Navalmoral,8.51311859,369.0,0,0,0.0,0.0,0,0.0,0,0,0,0,,,0,0.0,periferico
ES_05159,05159,Navalonguilla,2.13813649,194.0,0,0,0.0,0.0,0,0.0,0,0,0,0,,,0,0.0,periferico
ES_05160,05160,Navalosa,10.79626797,324.0,0,0,0.0,0.0,0,0.0,0,0,0,0,,,0,0.0,periferico
ES_05163,05163,Navaluenga,29.54892011,2172.0,0,0,0.0,0.0,0,0.0,0,0,0,0,,,0,0.0,periferico
ES_05164,05164,Navaquesera,4.24144118,39.0,0,0,0.0,0.0,0,0.0,0,0,0,0,,,0,0.0,periferico
ES_05165,05165,Navarredonda de Gredos,5.73611187,452.0,0,0,0.0,0.0,0,0.0,0,0,0,0,,,0,0.0,periferico
ES_05166,05166,Navarredondilla,8.68278836,176.0,0,0,0.0,0.0,0,0.0,0,0,0,0,,,0,0.0,periferico
ES_05167,05167,Navarrevisca,7.69385226,308.0,0,0,0.0,0.0,0,0.0,0,0,0,0,,,0,0.0,periferico
ES_05169,05169,Navatalgordo,11.81781837,237.0,0,0,0.0,0.0,0,0.0,0,0,0,0,,,0,0.0,periferico
ES_05170,05170,Navatejares,4.97339276,55.0,0,0,0.0,0.0,0,0.0,0,0,0,0,,,0,0.0,periferico
ES_05171,05171,Neila de San Miguel,7.84660114,62.0,0,0,0.0,0.0,0,0.0,0,0,0,0,,,0,0.0,periferico
ES_05172,05172,Niharra,16.57598458,187.0,0,0,0.0,0.0,0,0.0,0,0,0,0,,,0,0.0,periferico
ES_05174,05174,Orbita,4.94209939,71.0,0,0,0.0,0.0,0,0.0,0,0,0,0,,,0,0.0,periferico
ES_05175,05175,"Oso, El",7.18904564,133.0,0,0,0.0,0.0,0,0.0,0,0,0,0,,,0,0.0,periferico
ES_05176,05176,Padiernos,7.43832302,275.0,0,0,0.0,0.0,0,0.0,0,0,0,0,,,0,0.0,periferico
ES_05177,05177,Pajares de Adaja,6.15156109,143.0,0,0,0.0,0.0,0,0.0,0,0,0,0,,,0,0.0,periferico
ES_05178,05178,Palacios de Goda,7.79259975,413.0,0,0,0.0,0.0,0,0.0,0,0,0,0,,,0,0.0,periferico
ES_05179,05179,Papatrigo,10.61180091,223.0,0,0,0.0,0.0,0,0.0,0,0,0,0,,,0,0.0,periferico
ES_05180,05180,"Parral, El",5.88610163,64.0,0,0,0.0,0.0,0,0.0,0,0,0,0,,,0,0.0,periferico
ES_05181,05181,Pascualcobo,2.35365648,38.0,0,0,0.0,0.0,0,0.0,0,0,0,0,,,0,0.0,periferico
ES_05184,05184,Peguerinos,3.55608373,306.0,0,0,0.0,0.0,0,0.0,0,0,0,0,,,0,0.0,periferico
ES_05185,05185,Peñalba de Ávila,4.50994115,106.0,0,0,0.0,0.0,0,0.0,0,0,0,0,,,0,0.0,periferico
ES_05186,05186,Piedrahíta,58.54228416,1679.0,0,0,0.0,0.0,0,0.0,0,0,0,0,,,0,0.0,periferico
ES_05187,05187,Piedralaves,38.97047585,2153.0,0,0,0.0,0.0,0,0.0,0,0,0,0,,,0,0.0,periferico
ES_05188,05188,Poveda,5.20855123,34.0,0,0,0.0,0.0,0,0.0,0,0,0,0,,,0,0.0,periferico
ES_05189,05189,Poyales del Hoyo,147.82186622,497.0,0,0,0.0,0.0,0,0.0,0,0,0,0,,,0,0.0,periferico
ES_05190,05190,Pozanco,5.3329007,59.0,0,0,0.0,0.0,0,0.0,0,0,0,0,,,0,0.0,periferico
ES_05191,05191,Pradosegar,10.80233097,122.0,0,0,0.0,0.0,0,0.0,0,0,0,0,,,0,0.0,periferico
ES_05192,05192,Puerto Castilla,2.31035644,100.0,0,0,0.0,0.0,0,0.0,0,0,0,0,,,0,0.0,periferico
ES_05193,05193,Rasueros,3.93534881,160.0,0,0,0.0,0.0,0,0.0,0,0,0,0,,,0,0.0,periferico
ES_05194,05194,Riocabado,6.62766737,131.0,0,0,0.0,0.0,0,0.0,0,0,0,0,,,0,0.0,periferico
ES_05195,05195,Riofrío,3.03705577,199.0,0,0,0.0,0.0,0,0.0,0,0,0,0,,,0,0.0,periferico
ES_05196,05196,Rivilla de Barajas,2.54373821,62.0,0,0,0.0,0.0,0,0.0,0,0,0,0,,,0,0.0,periferico
ES_05198,05198,Salvadiós,3.77652401,77.0,0,0,0.0,0.0,0,0.0,0,0,0,0,,,0,0.0,periferico
ES_05200,05200,San Bartolomé de Corneja,5.02934956,37.0,0,0,0.0,0.0,0,0.0,0,0,0,0,,,0,0.0,periferico
ES_05201,05201,San Bartolomé de Pinares,6.73319435,503.0,0,0,0.0,0.0,0,0.0,0,0,0,0,,,0,0.0,periferico
ES_05204,05204,Sanchidrián,26.68151269,710.0,0,0,0.0,0.0,0,0.0,0,0,0,0,,,0,0.0,periferico
ES_05205,05205,Sanchorreja,2.37755306,84.0,0,0,0.0,0.0,0,0.0,0,0,0,0,,,0,0.0,periferico
ES_05206,05206,San Esteban de los Patos,1.93297604,20.0,0,0,0.0,0.0,0,0.0,0,0,0,0,,,0,0.0,periferico
ES_05207,05207,San Esteban del Valle,18.82784574,742.0,0,0,0.0,0.0,0,0.0,0,0,0,0,,,0,0.0,periferico
ES_05208,05208,San Esteban de Zapardiel,3.00250054,39.0,0,0,0.0,0.0,0,0.0,0,0,0,0,,,0,0.0,periferico
ES_05210,05210,San Juan de la Encinilla,3.85538975,67.0,0,0,0.0,0.0,0,0.0,0,0,0,0,,,0,0.0,periferico
ES_05211,05211,San Juan de la Nava,7.19123658,437.0,0,0,0.0,0.0,0,0.0,0,0,0,0,,,0,0.0,periferico
ES_05213,05213,San Juan del Olmo,2.6887018,82.0,0,0,0.0,0.0,0,0.0,0,0,0,0,,,0,0.0,periferico
ES_05215,05215,San Martín de la Vega del Albe,3.24911571,164.0,0,0,0.0,0.0,0,0.0,0,0,0,0,,,0,0.0,periferico
ES_05216,05216,San Martín del Pimpollar,4.77673178,218.0,0,0,0.0,0.0,0,0.0,0,0,0,0,,,0,0.0,periferico
ES_05217,05217,San Miguel de Corneja,10.55690475,72.0,0,0,0.0,0.0,0,0.0,0,0,0,0,,,0,0.0,periferico
ES_05218,05218,San Miguel de Serrezuela,2.99122473,104.0,0,0,0.0,0.0,0,0.0,0,0,0,0,,,0,0.0,periferico
ES_05219,05219,San Pascual,2.35870868,44.0,0,0,0.0,0.0,0,0.0,0,0,0,0,,,0,0.0,periferico
ES_05220,05220,San Pedro del Arroyo,26.85887028,498.0,0,0,0.0,0.0,0,0.0,0,0,0,0,,,0,0.0,periferico
ES_05221,05221,Santa Cruz del Valle,10.93675419,324.0,0,0,0.0,0.0,0,0.0,0,0,0,0,,,0,0.0,periferico
ES_05222,05222,Santa Cruz de Pinares,4.30032073,178.0,0,0,0.0,0.0,0,0.0,0,0,0,0,,,0,0.0,periferico
ES_05224,05224,Santa María del Arroyo,9.05170148,101.0,0,0,0.0,0.0,0,0.0,0,0,0,0,,,0,0.0,periferico
ES_05225,05225,Santa María del Berrocal,13.27795423,377.0,0,0,0.0,0.0,0,0.0,0,0,0,0,,,0,0.0,periferico
ES_05227,05227,Santa María del Tiétar,44.13802516,529.0,0,0,0.0,0.0,0,0.0,0,0,0,0,,,0,0.0,periferico
ES_05228,05228,Santiago del Collado,4.02790245,172.0,0,0,0.0,0.0,0,0.0,0,0,0,0,,,0,0.0,periferico
ES_05229,05229,Santo Domingo de las Posadas,5.46785846,73.0,0,0,0.0,0.0,0,0.0,0,0,0,0,,,0,0.0,periferico
ES_05230,05230,Santo Tomé de Zabarcos,9.15011806,77.0,0,0,0.0,0.0,0,0.0,0,0,0,0,,,0,0.0,periferico
ES_05231,05231,San Vicente de Arévalo,10.29590695,166.0,0,0,0.0,0.0,0,0.0,0,0,0,0,,,0,0.0,periferico
ES_05233,05233,Serranillos,15.3134318,280.0,0,0,0.0,0.0,0,0.0,0,0,0,0,,,0,0.0,periferico
ES_05234,05234,Sigeres,3.28244216,45.0,0,0,0.0,0.0,0,0.0,0,0,0,0,,,0,0.0,periferico
ES_05235,05235,Sinlabajos,6.82123689,137.0,0,0,0.0,0.0,0,0.0,0,0,0,0,,,0,0.0,periferico
ES_05236,05236,Solana de Ávila,1.50629058,103.0,0,0,0.0,0.0,0,0.0,0,0,0,0,,,0,0.0,periferico
ES_05237,05237,Solana de Rioalmar,3.98455524,148.0,0,0,0.0,0.0,0,0.0,0,0,0,0,,,0,0.0,periferico
ES_05238,05238,Solosancho,14.96668789,778.0,0,0,0.0,0.0,0,0.0,0,0,0,0,,,0,0.0,periferico
ES_05239,05239,Sotalbo,2.76883492,250.0,0,0,0.0,0.0,0,0.0,0,0,0,0,,,0,0.0,periferico
ES_05240,05240,Sotillo de la Adrada,112.16951383,4852.0,0,0,0.0,0.0,0,0.0,0,0,0,0,,,0,0.0,periferico
ES_05243,05243,Tolbaños,1.73109167,90.0,0,0,0.0,0.0,0,0.0,0,0,0,0,,,0,0.0,periferico
ES_05244,05244,Tormellas,3.89794197,36.0,0,0,0.0,0.0,0,0.0,0,0,0,0,,,0,0.0,periferico
ES_05245,05245,Tornadizos de Ávila,4.79753208,458.0,0,0,0.0,0.0,0,0.0,0,0,0,0,,,0,0.0,periferico
ES_05247,05247,"Torre, La",3.85698431,225.0,0,0,0.0,0.0,0,0.0,0,0,0,0,,,0,0.0,periferico
ES_05249,05249,Umbrías,9.0746614,106.0,0,0,0.0,0.0,0,0.0,0,0,0,0,,,0,0.0,periferico
ES_05251,05251,Vadillo de la Sierra,1.27834963,59.0,0,0,0.0,0.0,0,0.0,0,0,0,0,,,0,0.0,periferico
ES_05252,05252,Valdecasa,2.79754047,61.0,0,0,0.0,0.0,0,0.0,0,0,0,0,,,0,0.0,periferico
ES_05256,05256,Villaflor,5.56960695,103.0,0,0,0.0,0.0,0,0.0,0,0,0,0,,,0,0.0,periferico
ES_05257,05257,Villafranca de la Sierra,3.40658218,134.0,0,0,0.0,0.0,0,0.0,0,0,0,0,,,0,0.0,periferico
ES_03042,03042,"Poble Nou de Benitatxell, el",388.24900498,4926.0,0,0,0.0,0.0,0,0.0,0,0,0,0,,,0,0.0,periferico
ES_03043,03043,Biar,36.74159451,3606.0,0,0,0.0,0.0,0,0.0,0,0,0,0,,,0,0.0,periferico
ES_03044,03044,Bigastro,1795.64009412,7360.0,0,0,0.0,0.0,0,0.0,0,0,0,0,,,0,0.0,periferico
ES_03045,03045,Bolulla,31.93544409,434.0,0,0,0.0,0.0,0,0.0,0,0,0,0,,,0,0.0,periferico
ES_03046,03046,Busot,103.82951061,3512.0,0,0,0.0,0.0,0,0.0,0,0,0,0,,,0,0.0,periferico
ES_03047,03047,Calp,1102.16909064,25909.0,0,0,0.0,0.0,0,0.0,0,0,0,0,,,0,0.0,periferico
ES_03048,03048,Callosa d'en Sarrià,225.77709696,7818.0,0,0,0.0,0.0,0,0.0,0,0,0,0,,,0,0.0,periferico
ES_03050,03050,"Campello, el",545.28126604,30158.0,0,0,0.0,0.0,0,0.0,0,0,0,0,,,0,0.0,periferico
ES_03052,03052,Cañada,62.69019477,1210.0,0,0,0.0,0.0,0,0.0,0,0,0,0,,,0,0.0,periferico
ES_03053,03053,Castalla,98.93250133,11335.0,0,0,0.0,0.0,0,0.0,0,0,0,0,,,0,0.0,periferico
ES_03054,03054,Castell de Castells,9.60046187,441.0,0,0,0.0,0.0,0,0.0,0,0,0,0,,,0,0.0,periferico
ES_03055,03055,Catral,467.15051719,9342.0,0,0,0.0,0.0,0,0.0,0,0,0,0,,,0,0.0,periferico
ES_03056,03056,Cocentaina,213.53285396,11311.0,0,0,0.0,0.0,0,0.0,0,0,0,0,,,0,0.0,periferico
ES_03057,03057,Confrides,7.59532725,304.0,0,0,0.0,0.0,0,0.0,0,0,0,0,,,0,0.0,periferico
ES_03058,03058,Cox,446.96910175,7489.0,0,0,0.0,0.0,0,0.0,0,0,0,0,,,0,0.0,periferico
ES_03059,03059,Crevillent,287.82827403,30092.0,0,0,0.0,0.0,0,0.0,0,0,0,0,,,0,0.0,periferico
ES_03060,03060,Quatretondeta,8.14860175,136.0,0,0,0.0,0.0,0,0.0,0,0,0,0,,,0,0.0,periferico
ES_03061,03061,Daya Nueva,252.73676899,1792.0,0,0,0.0,0.0,0,0.0,0,0,0,0,,,0,0.0,periferico
ES_03063,03063,Dénia,694.5066237,45893.0,0,0,0.0,0.0,0,0.0,0,0,0,0,,,0,0.0,periferico
ES_03065,03065,Elx,729.62472456,238285.0,0,0,0.0,0.0,0,0.0,0,0,0,0,,,0,0.0,periferico
ES_03066,03066,Elda,1163.4101495,53038.0,0,0,0.0,0.0,0,0.0,0,0,0,0,,,0,0.0,periferico
ES_03067,03067,Fageca,9.83159853,100.0,0,0,0.0,0.0,0,0.0,0,0,0,0,,,0,0.0,periferico
ES_03068,03068,Famorca,5.14678868,50.0,0,0,0.0,0.0,0,0.0,0,0,0,0,,,0,0.0,periferico
ES_03069,03069,Finestrat,209.83938257,8864.0,0,0,0.0,0.0,0,0.0,0,0,0,0,,,0,0.0,periferico
ES_03070,03070,Formentera del Segura,1067.69089626,4624.0,0,0,0.0,0.0,0,0.0,0,0,0,0,,,0,0.0,periferico
ES_03071,03071,Gata de Gorgos,324.14441064,6581.0,0,0,0.0,0.0,0,0.0,0,0,0,0,,,0,0.0,periferico
ES_03072,03072,Gaianes,59.32164239,567.0,0,0,0.0,0.0,0,0.0,0,0,0,0,,,0,0.0,periferico
ES_03074,03074,Granja de Rocamora,373.96985169,2674.0,0,0,0.0,0.0,0,0.0,0,0,0,0,,,0,0.0,periferico
ES_03075,03075,"Castell de Guadalest, el",16.73370797,268.0,0,0,0.0,0.0,0,0.0,0,0,0,0,,,0,0.0,periferico
ES_03076,03076,Guardamar del Segura,505.50395863,17284.0,0,0,0.0,0.0,0,0.0,0,0,0,0,,,0,0.0,periferico
ES_03077,03077,"Fondó de les Neus, el",39.50129935,2720.0,0,0,0.0,0.0,0,0.0,0,0,0,0,,,0,0.0,periferico
ES_03078,03078,Hondón de los Frailes,104.17459251,1307.0,0,0,0.0,0.0,0,0.0,0,0,0,0,,,0,0.0,periferico
ES_03079,03079,Ibi,382.98293242,23940.0,0,0,0.0,0.0,0,0.0,0,0,0,0,,,0,0.0,periferico
ES_03080,03080,Jacarilla,171.99519416,2101.0,0,0,0.0,0.0,0,0.0,0,0,0,0,,,0,0.0,periferico
ES_03081,03081,Xaló,87.47848108,3024.0,0,0,0.0,0.0,0,0.0,0,0,0,0,,,0,0.0,periferico
ES_03082,03082,Xàbia,440.35043434,30249.0,0,0,0.0,0.0,0,0.0,0,0,0,0,,,0,0.0,periferico
ES_03084,03084,"Orxa, l'",18.49666329,588.0,0,0,0.0,0.0,0,0.0,0,0,0,0,,,0,0.0,periferico
ES_03085,03085,Llíber,46.46469384,1021.0,0,0,0.0,0.0,0,0.0,0,0,0,0,,,0,0.0,periferico
ES_03086,03086,Millena,26.21442636,256.0,0,0,0.0,0.0,0,0.0,0,0,0,0,,,0,0.0,periferico
ES_03089,03089,Monòver,82.18537458,12521.0,0,0,0.0,0.0,0,0.0,0,0,0,0,,,0,0.0,periferico
ES_03090,03090,Mutxamel,568.21183842,27075.0,0,0,0.0,0.0,0,0.0,0,0,0,0,,,0,0.0,periferico
ES_03091,03091,Murla,98.96320834,576.0,0,0,0.0,0.0,0,0.0,0,0,0,0,,,0,0.0,periferico
ES_03092,03092,Muro de Alcoy,305.03875696,9230.0,0,0,0.0,0.0,0,0.0,0,0,0,0,,,0,0.0,periferico
ES_03095,03095,Ondara,704.5326228,7323.0,0,0,0.0,0.0,0,0.0,0,0,0,0,,,0,0.0,periferico
ES_03096,03096,Onil,161.53008889,7826.0,0,0,0.0,0.0,0,0.0,0,0,0,0,,,0,0.0,periferico
ES_03097,03097,Orba,136.9312282,2428.0,0,0,0.0,0.0,0,0.0,0,0,0,0,,,0,0.0,periferico
ES_03098,03098,Orxeta,35.99315029,866.0,0,0,0.0,0.0,0,0.0,0,0,0,0,,,0,0.0,periferico
ES_03099,03099,Orihuela,225.59545447,82425.0,0,0,0.0,0.0,0,0.0,0,0,0,0,,,0,0.0,periferico
ES_03100,03100,Parcent,86.56471264,1018.0,0,0,0.0,0.0,0,0.0,0,0,0,0,,,0,0.0,periferico
ES_03101,03101,Pedreguer,289.70462967,8570.0,0,0,0.0,0.0,0,0.0,0,0,0,0,,,0,0.0,periferico
ES_03102,03102,Pego,198.96125114,10515.0,0,0,0.0,0.0,0,0.0,0,0,0,0,,,0,0.0,periferico
ES_03104,03104,Petrer,326.03758778,34013.0,0,0,0.0,0.0,0,0.0,0,0,0,0,,,0,0.0,periferico
ES_03105,03105,"Pinós, el",65.82812515,8323.0,0,0,0.0,0.0,0,0.0,0,0,0,0,,,0,0.0,periferico
ES_03106,03106,Planes,18.10887639,704.0,0,0,0.0,0.0,0,0.0,0,0,0,0,,,0,0.0,periferico
ES_03107,03107,Polop,242.55199365,5473.0,0,0,0.0,0.0,0,0.0,0,0,0,0,,,0,0.0,periferico
ES_03109,03109,Rafal,3030.03290036,4774.0,0,0,0.0,0.0,0,0.0,0,0,0,0,,,0,0.0,periferico
ES_03110,03110,"Ràfol d'Almúnia, el",150.27480304,732.0,0,0,0.0,0.0,0,0.0,0,0,0,0,,,0,0.0,periferico
ES_03111,03111,Redován,868.49280744,8192.0,0,0,0.0,0.0,0,0.0,0,0,0,0,,,0,0.0,periferico
ES_03112,03112,Relleu,16.43766903,1262.0,0,0,0.0,0.0,0,0.0,0,0,0,0,,,0,0.0,periferico
ES_03113,03113,Rojales,626.85288172,17389.0,0,0,0.0,0.0,0,0.0,0,0,0,0,,,0,0.0,periferico
ES_03114,03114,"Romana, la",60.97385512,2640.0,0,0,0.0,0.0,0,0.0,0,0,0,0,,,0,0.0,periferico
ES_03117,03117,Sanet y Negrals,188.25545562,743.0,0,0,0.0,0.0,0,0.0,0,0,0,0,,,0,0.0,periferico
ES_03118,03118,San Fulgencio,468.54699879,9680.0,0,0,0.0,0.0,0,0.0,0,0,0,0,,,0,0.0,periferico
ES_03119,03119,Sant Joan d'Alacant,2620.49652687,25244.0,0,0,0.0,0.0,0,0.0,0,0,0,0,,,0,0.0,periferico
ES_03120,03120,San Miguel de Salinas,125.93361961,6914.0,0,0,0.0,0.0,0,0.0,0,0,0,0,,,0,0.0,periferico
ES_03121,03121,Santa Pola,646.31716786,37839.0,0,0,0.0,0.0,0,0.0,0,0,0,0,,,0,0.0,periferico
ES_03122,03122,Sant Vicent del Raspeig,1479.11739395,59964.0,0,0,0.0,0.0,0,0.0,0,0,0,0,,,0,0.0,periferico
ES_03124,03124,Sella,15.69664194,610.0,0,0,0.0,0.0,0,0.0,0,0,0,0,,,0,0.0,periferico
ES_03125,03125,Senija,139.93675644,670.0,0,0,0.0,0.0,0,0.0,0,0,0,0,,,0,0.0,periferico
ES_03128,03128,Teulada,391.582239,12619.0,0,0,0.0,0.0,0,0.0,0,0,0,0,,,0,0.0,periferico
ES_03129,03129,Tibi,25.97535896,1829.0,0,0,0.0,0.0,0,0.0,0,0,0,0,,,0,0.0,periferico
ES_03130,03130,Tollos,2.43903411,39.0,0,0,0.0,0.0,0,0.0,0,0,0,0,,,0,0.0,periferico
ES_03131,03131,Tormos,63.46399487,340.0,0,0,0.0,0.0,0,0.0,0,0,0,0,,,0,0.0,periferico
ES_03132,03132,"Torre de les Maçanes, la",19.9991243,730.0,0,0,0.0,0.0,0,0.0,0,0,0,0,,,0,0.0,periferico
ES_03134,03134,"Vall d'Alcalà, la",7.70490562,176.0,0,0,0.0,0.0,0,0.0,0,0,0,0,,,0,0.0,periferico
ES_03135,03135,"Vall d'Ebo, la",7.09524362,230.0,0,0,0.0,0.0,0,0.0,0,0,0,0,,,0,0.0,periferico
ES_03136,03136,"Vall de Gallinera, la",10.89179658,584.0,0,0,0.0,0.0,0,0.0,0,0,0,0,,,0,0.0,periferico
ES_03138,03138,"Verger, el",633.59934056,5160.0,0,0,0.0,0.0,0,0.0,0,0,0,0,,,0,0.0,periferico
ES_03139,03139,"Vila Joiosa, la",609.12653169,36098.0,0,0,0.0,0.0,0,0.0,0,0,0,0,,,0,0.0,periferico
ES_03140,03140,Villena,98.99124289,34170.0,0,0,0.0,0.0,0,0.0,0,0,0,0,,,0,0.0,periferico
ES_03901,03901,"Poblets, els",775.28682401,2794.0,0,0,0.0,0.0,0,0.0,0,0,0,0,,,0,0.0,periferico
ES_03902,03902,Pilar de la Horadada,302.10718935,23522.0,0,0,0.0,0.0,0,0.0,0,0,0,0,,,0,0.0,periferico
ES_03904,03904,San Isidro,191.63377544,2247.0,0,0,0.0,0.0,0,0.0,0,0,0,0,,,0,0.0,periferico
ES_04001,04001,Abla,27.83983263,1259.0,0,0,0.0,0.0,0,0.0,0,0,0,0,,,0,0.0,periferico
ES_04003,04003,Adra,279.6185562,25178.0,0,0,0.0,0.0,0,0.0,0,0,0,0,,,0,0.0,periferico
ES_04004,04004,Albanchez,19.49225695,680.0,0,0,0.0,0.0,0,0.0,0,0,0,0,,,0,0.0,periferico
ES_04005,04005,Alboloduy,8.59956875,600.0,0,0,0.0,0.0,0,0.0,0,0,0,0,,,0,0.0,periferico
ES_04007,04007,Alcolea,11.9203428,805.0,0,0,0.0,0.0,0,0.0,0,0,0,0,,,0,0.0,periferico
ES_04008,04008,Alcóntar,6.01593703,565.0,0,0,0.0,0.0,0,0.0,0,0,0,0,,,0,0.0,periferico
ES_04009,04009,Alcudia de Monteagud,8.44509449,131.0,0,0,0.0,0.0,0,0.0,0,0,0,0,,,0,0.0,periferico
ES_04011,04011,Alhama de Almería,146.17279027,3839.0,0,0,0.0,0.0,0,0.0,0,0,0,0,,,0,0.0,periferico
ES_04012,04012,Alicún,37.6783867,221.0,0,0,0.0,0.0,0,0.0,0,0,0,0,,,0,0.0,periferico
ES_04013,04013,Almería,677.28491974,200665.0,0,0,0.0,0.0,0,0.0,0,0,0,0,,,0,0.0,periferico
ES_04014,04014,Almócita,6.78238654,209.0,0,0,0.0,0.0,0,0.0,0,0,0,0,,,0,0.0,periferico
ES_04016,04016,Antas,34.13297239,3406.0,0,0,0.0,0.0,0,0.0,0,0,0,0,,,0,0.0,periferico
ES_04017,04017,Arboleas,67.27724526,4450.0,0,0,0.0,0.0,0,0.0,0,0,0,0,,,0,0.0,periferico
ES_04018,04018,Armuña de Almanzora,43.50427359,336.0,0,0,0.0,0.0,0,0.0,0,0,0,0,,,0,0.0,periferico
ES_04020,04020,Bayárcal,8.72861358,332.0,0,0,0.0,0.0,0,0.0,0,0,0,0,,,0,0.0,periferico
ES_04021,04021,Bayarque,8.2714111,221.0,0,0,0.0,0.0,0,0.0,0,0,0,0,,,0,0.0,periferico
ES_04022,04022,Bédar,21.79324307,1018.0,0,0,0.0,0.0,0,0.0,0,0,0,0,,,0,0.0,periferico
ES_04023,04023,Beires,3.7603031,146.0,0,0,0.0,0.0,0,0.0,0,0,0,0,,,0,0.0,periferico
ES_04024,04024,Benahadux,280.00643666,4650.0,0,0,0.0,0.0,0,0.0,0,0,0,0,,,0,0.0,periferico
ES_04027,04027,Benizalón,7.85070516,251.0,0,0,0.0,0.0,0,0.0,0,0,0,0,,,0,0.0,periferico
ES_04028,04028,Bentarique,21.29532249,242.0,0,0,0.0,0.0,0,0.0,0,0,0,0,,,0,0.0,periferico
ES_04030,04030,Canjáyar,17.06678673,1142.0,0,0,0.0,0.0,0,0.0,0,0,0,0,,,0,0.0,periferico
ES_04031,04031,Cantoria,45.47449226,3592.0,0,0,0.0,0.0,0,0.0,0,0,0,0,,,0,0.0,periferico
ES_04033,04033,Castro de Filabres,3.73148755,109.0,0,0,0.0,0.0,0,0.0,0,0,0,0,,,0,0.0,periferico
ES_04034,04034,Cóbdar,6.4719517,207.0,0,0,0.0,0.0,0,0.0,0,0,0,0,,,0,0.0,periferico
ES_04035,04035,Cuevas del Almanzora,56.43139859,14900.0,0,0,0.0,0.0,0,0.0,0,0,0,0,,,0,0.0,periferico
ES_04037,04037,Chirivel,7.88500214,1549.0,0,0,0.0,0.0,0,0.0,0,0,0,0,,,0,0.0,periferico
ES_04041,04041,Enix,8.85388574,592.0,0,0,0.0,0.0,0,0.0,0,0,0,0,,,0,0.0,periferico
ES_04043,04043,Felix,9.41521559,765.0,0,0,0.0,0.0,0,0.0,0,0,0,0,,,0,0.0,periferico
ES_04044,04044,Fines,96.52245917,2228.0,0,0,0.0,0.0,0,0.0,0,0,0,0,,,0,0.0,periferico
ES_04045,04045,Fiñana,15.08496668,2021.0,0,0,0.0,0.0,0,0.0,0,0,0,0,,,0,0.0,periferico
ES_04046,04046,Fondón,12.00668904,1094.0,0,0,0.0,0.0,0,0.0,0,0,0,0,,,0,0.0,periferico
ES_04047,04047,Gádor,34.60749116,3034.0,0,0,0.0,0.0,0,0.0,0,0,0,0,,,0,0.0,periferico
ES_04048,04048,"Gallardos, Los",87.06413479,3034.0,0,0,0.0,0.0,0,0.0,0,0,0,0,,,0,0.0,periferico
ES_04050,04050,Gérgal,5.19245286,1192.0,0,0,0.0,0.0,0,0.0,0,0,0,0,,,0,0.0,periferico
ES_04052,04052,Huércal de Almería,890.18908961,18615.0,0,0,0.0,0.0,0,0.0,0,0,0,0,,,0,0.0,periferico
ES_04053,04053,Huércal-Overa,63.81441555,20295.0,0,0,0.0,0.0,0,0.0,0,0,0,0,,,0,0.0,periferico
ES_04054,04054,Íllar,23.52637715,451.0,0,0,0.0,0.0,0,0.0,0,0,0,0,,,0,0.0,periferico
ES_04055,04055,Instinción,14.67912581,492.0,0,0,0.0,0.0,0,0.0,0,0,0,0,,,0,0.0,periferico
ES_04056,04056,Laroya,9.07891994,197.0,0,0,0.0,0.0,0,0.0,0,0,0,0,,,0,0.0,periferico
ES_04057,04057,Láujar de Andarax,17.38759734,1615.0,0,0,0.0,0.0,0,0.0,0,0,0,0,,,0,0.0,periferico
ES_04058,04058,Líjar,13.84611829,391.0,0,0,0.0,0.0,0,0.0,0,0,0,0,,,0,0.0,periferico
ES_04060,04060,Lucainena de las Torres,5.8512783,721.0,0,0,0.0,0.0,0,0.0,0,0,0,0,,,0,0.0,periferico
ES_04061,04061,Lúcar,8.26424337,832.0,0,0,0.0,0.0,0,0.0,0,0,0,0,,,0,0.0,periferico
ES_04062,04062,Macael,124.07356127,5435.0,0,0,0.0,0.0,0,0.0,0,0,0,0,,,0,0.0,periferico
ES_04063,04063,María,5.3743219,1212.0,0,0,0.0,0.0,0,0.0,0,0,0,0,,,0,0.0,periferico
ES_04065,04065,Nacimiento,6.28848258,508.0,0,0,0.0,0.0,0,0.0,0,0,0,0,,,0,0.0,periferico
ES_04066,04066,Níjar,55.07206364,33034.0,0,0,0.0,0.0,0,0.0,0,0,0,0,,,0,0.0,periferico
ES_04067,04067,Ohanes,17.00174809,551.0,0,0,0.0,0.0,0,0.0,0,0,0,0,,,0,0.0,periferico
ES_04068,04068,Olula de Castro,5.80898358,195.0,0,0,0.0,0.0,0,0.0,0,0,0,0,,,0,0.0,periferico
ES_04070,04070,Oria,9.60262487,2254.0,0,0,0.0,0.0,0,0.0,0,0,0,0,,,0,0.0,periferico
ES_04071,04071,Padules,16.47319552,437.0,0,0,0.0,0.0,0,0.0,0,0,0,0,,,0,0.0,periferico
ES_04072,04072,Partaloa,17.79728988,936.0,0,0,0.0,0.0,0,0.0,0,0,0,0,,,0,0.0,periferico
ES_04073,04073,Paterna del Río,8.48736927,386.0,0,0,0.0,0.0,0,0.0,0,0,0,0,,,0,0.0,periferico
ES_04074,04074,Pechina,96.27436901,4431.0,0,0,0.0,0.0,0,0.0,0,0,0,0,,,0,0.0,periferico
ES_04075,04075,Pulpí,120.94695296,11508.0,0,0,0.0,0.0,0,0.0,0,0,0,0,,,0,0.0,periferico
ES_04076,04076,Purchena,27.42652209,1553.0,0,0,0.0,0.0,0,0.0,0,0,0,0,,,0,0.0,periferico
ES_04077,04077,Rágol,11.21697456,302.0,0,0,0.0,0.0,0,0.0,0,0,0,0,,,0,0.0,periferico
ES_04078,04078,Rioja,44.50256362,1621.0,0,0,0.0,0.0,0,0.0,0,0,0,0,,,0,0.0,periferico
ES_04081,04081,Santa Fe de Mondújar,14.41772442,503.0,0,0,0.0,0.0,0,0.0,0,0,0,0,,,0,0.0,periferico
ES_04082,04082,Senés,5.7736993,290.0,0,0,0.0,0.0,0,0.0,0,0,0,0,,,0,0.0,periferico
ES_04083,04083,Serón,12.74596993,2119.0,0,0,0.0,0.0,0,0.0,0,0,0,0,,,0,0.0,periferico
ES_04084,04084,Sierro,13.78518662,381.0,0,0,0.0,0.0,0,0.0,0,0,0,0,,,0,0.0,periferico
ES_04085,04085,Somontín,32.51613279,526.0,0,0,0.0,0.0,0,0.0,0,0,0,0,,,0,0.0,periferico
ES_04086,04086,Sorbas,10.0500894,2504.0,0,0,0.0,0.0,0,0.0,0,0,0,0,,,0,0.0,periferico
ES_04087,04087,Suflí,22.71853062,229.0,0,0,0.0,0.0,0,0.0,0,0,0,0,,,0,0.0,periferico
ES_04088,04088,Tabernas,14.25459232,3996.0,0,0,0.0,0.0,0,0.0,0,0,0,0,,,0,0.0,periferico
ES_04089,04089,Taberno,21.86447396,963.0,0,0,0.0,0.0,0,0.0,0,0,0,0,,,0,0.0,periferico
ES_04090,04090,Tahal,3.99349828,378.0,0,0,0.0,0.0,0,0.0,0,0,0,0,,,0,0.0,periferico
ES_04091,04091,Terque,25.50257901,400.0,0,0,0.0,0.0,0,0.0,0,0,0,0,,,0,0.0,periferico
ES_04094,04094,Turrillas,7.09480214,278.0,0,0,0.0,0.0,0,0.0,0,0,0,0,,,0,0.0,periferico
ES_01002,01002,Amurrio,106.97973488,10299.0,0,0,0.0,0.0,0,0.0,0,0,0,0,,,0,0.0,periferico
ES_01003,01003,Aramaio,19.29130807,1409.0,0,0,0.0,0.0,0,0.0,0,0,0,0,,,0,0.0,periferico
ES_01004,01004,Artziniega,67.09080703,1832.0,0,0,0.0,0.0,0,0.0,0,0,0,0,,,0,0.0,periferico
ES_01006,01006,Armiñón,17.9682449,233.0,0,0,0.0,0.0,0,0.0,0,0,0,0,,,0,0.0,periferico
ES_01008,01008,Arratzua-Ubarrundia,18.10111995,1042.0,0,0,0.0,0.0,0,0.0,0,0,0,0,,,0,0.0,periferico
ES_01009,01009,Asparrena,24.59096033,1607.0,0,0,0.0,0.0,0,0.0,0,0,0,0,,,0,0.0,periferico
ES_01011,01011,Baños de Ebro,31.31741741,298.0,0,0,0.0,0.0,0,0.0,0,0,0,0,,,0,0.0,periferico
ES_01013,01013,Barrundia,9.19074763,895.0,0,0,0.0,0.0,0,0.0,0,0,0,0,,,0,0.0,periferico
ES_01014,01014,Berantevilla,12.8371895,458.0,0,0,0.0,0.0,0,0.0,0,0,0,0,,,0,0.0,periferico
ES_01016,01016,Bernedo,4.13205858,539.0,0,0,0.0,0.0,0,0.0,0,0,0,0,,,0,0.0,periferico
ES_01018,01018,Zigoitia,17.81037196,1819.0,0,0,0.0,0.0,0,0.0,0,0,0,0,,,0,0.0,periferico
ES_01019,01019,Kripan,14.07394815,176.0,0,0,0.0,0.0,0,0.0,0,0,0,0,,,0,0.0,periferico
ES_01020,01020,Kuartango,4.75220695,401.0,0,0,0.0,0.0,0,0.0,0,0,0,0,,,0,0.0,periferico
ES_01021,01021,Elburgo,19.84875231,637.0,0,0,0.0,0.0,0,0.0,0,0,0,0,,,0,0.0,periferico
ES_01022,01022,Elciego,59.60459074,968.0,0,0,0.0,0.0,0,0.0,0,0,0,0,,,0,0.0,periferico
ES_01023,01023,Elvillar,17.93336158,314.0,0,0,0.0,0.0,0,0.0,0,0,0,0,,,0,0.0,periferico
ES_01027,01027,Iruraiz-Gauna,11.4517113,540.0,0,0,0.0,0.0,0,0.0,0,0,0,0,,,0,0.0,periferico
ES_01028,01028,Labastida,41.38556549,1577.0,0,0,0.0,0.0,0,0.0,0,0,0,0,,,0,0.0,periferico
ES_01031,01031,Laguardia,18.37797716,1486.0,0,0,0.0,0.0,0,0.0,0,0,0,0,,,0,0.0,periferico
ES_01032,01032,Lanciego,29.2038259,708.0,0,0,0.0,0.0,0,0.0,0,0,0,0,,,0,0.0,periferico
ES_01033,01033,Lapuebla de Labarca,143.72741602,869.0,0,0,0.0,0.0,0,0.0,0,0,0,0,,,0,0.0,periferico
ES_01034,01034,Leza,22.1560809,220.0,0,0,0.0,0.0,0,0.0,0,0,0,0,,,0,0.0,periferico
ES_01036,01036,Laudio,474.34103021,17910.0,0,0,0.0,0.0,0,0.0,0,0,0,0,,,0,0.0,periferico
ES_01037,01037,Arraia-Maeztu,6.59810711,812.0,0,0,0.0,0.0,0,0.0,0,0,0,0,,,0,0.0,periferico
ES_01039,01039,Moreda de Álava,24.04298274,208.0,0,0,0.0,0.0,0,0.0,0,0,0,0,,,0,0.0,periferico
ES_01043,01043,Oyón-Oion,76.60292609,3462.0,0,0,0.0,0.0,0,0.0,0,0,0,0,,,0,0.0,periferico
ES_01046,01046,Erriberagoitia,6.89454005,826.0,0,0,0.0,0.0,0,0.0,0,0,0,0,,,0,0.0,periferico
ES_01047,01047,Erriberabeitia,56.45548632,1430.0,0,0,0.0,0.0,0,0.0,0,0,0,0,,,0,0.0,periferico
ES_01049,01049,Añana,7.11396159,156.0,0,0,0.0,0.0,0,0.0,0,0,0,0,,,0,0.0,periferico
ES_01051,01051,Agurain,134.42949872,5078.0,0,0,0.0,0.0,0,0.0,0,0,0,0,,,0,0.0,periferico
ES_01052,01052,Samaniego,28.85305722,305.0,0,0,0.0,0.0,0,0.0,0,0,0,0,,,0,0.0,periferico
ES_01055,01055,Valdegovía,4.46715173,1064.0,0,0,0.0,0.0,0,0.0,0,0,0,0,,,0,0.0,periferico
ES_01056,01056,Harana,5.57155791,218.0,0,0,0.0,0.0,0,0.0,0,0,0,0,,,0,0.0,periferico
ES_01057,01057,Villabuena de Álava,33.55629094,284.0,0,0,0.0,0.0,0,0.0,0,0,0,0,,,0,0.0,periferico
ES_01058,01058,Legutio,44.56534222,2043.0,0,0,0.0,0.0,0,0.0,0,0,0,0,,,0,0.0,periferico
ES_01059,01059,Vitoria-Gasteiz,922.46321093,255423.0,0,0,0.0,0.0,0,0.0,0,0,0,0,,,0,0.0,periferico
ES_01060,01060,Yécora,13.28611295,250.0,0,0,0.0,0.0,0,0.0,0,0,0,0,,,0,0.0,periferico
ES_01061,01061,Zalduondo,16.49752521,196.0,0,0,0.0,0.0,0,0.0,0,0,0,0,,,0,0.0,periferico
ES_01062,01062,Zambrana,10.67246752,423.0,0,0,0.0,0.0,0,0.0,0,0,0,0,,,0,0.0,periferico
ES_01901,01901,Iruña Oka,67.63036501,3600.0,0,0,0.0,0.0,0,0.0,0,0,0,0,,,0,0.0,periferico
ES_02001,02001,Abengibre,24.93576544,768.0,0,0,0.0,0.0,0,0.0,0,0,0,0,,,0,0.0,periferico
ES_02002,02002,Alatoz,7.87946388,503.0,0,0,0.0,0.0,0,0.0,0,0,0,0,,,0,0.0,periferico
ES_02003,02003,Albacete,153.83711889,173202.0,0,0,0.0,0.0,0,0.0,0,0,0,0,,,0,0.0,periferico
ES_02004,02004,Albatana,21.61483507,660.0,0,0,0.0,0.0,0,0.0,0,0,0,0,,,0,0.0,periferico
ES_02005,02005,Alborea,9.43580307,680.0,0,0,0.0,0.0,0,0.0,0,0,0,0,,,0,0.0,periferico
ES_02006,02006,Alcadozo,6.51578848,649.0,0,0,0.0,0.0,0,0.0,0,0,0,0,,,0,0.0,periferico
ES_02007,02007,Alcalá del Júcar,7.7936871,1144.0,0,0,0.0,0.0,0,0.0,0,0,0,0,,,0,0.0,periferico
ES_02008,02008,Alcaraz,3.51808072,1305.0,0,0,0.0,0.0,0,0.0,0,0,0,0,,,0,0.0,periferico
ES_02009,02009,Almansa,45.52246916,24246.0,0,0,0.0,0.0,0,0.0,0,0,0,0,,,0,0.0,periferico
ES_02011,02011,Ayna,4.16652042,611.0,0,0,0.0,0.0,0,0.0,0,0,0,0,,,0,0.0,periferico
ES_02012,02012,Balazote,37.03005124,2412.0,0,0,0.0,0.0,0,0.0,0,0,0,0,,,0,0.0,periferico
ES_02013,02013,Balsa de Ves,1.79270664,136.0,0,0,0.0,0.0,0,0.0,0,0,0,0,,,0,0.0,periferico
ES_02014,02014,"Ballestero, El",2.98482766,414.0,0,0,0.0,0.0,0,0.0,0,0,0,0,,,0,0.0,periferico
ES_02015,02015,Barrax,9.88973761,1877.0,0,0,0.0,0.0,0,0.0,0,0,0,0,,,0,0.0,periferico
ES_02016,02016,Bienservida,6.2585475,568.0,0,0,0.0,0.0,0,0.0,0,0,0,0,,,0,0.0,periferico
ES_02017,02017,Bogarra,4.49269055,746.0,0,0,0.0,0.0,0,0.0,0,0,0,0,,,0,0.0,periferico
ES_04095,04095,Uleila del Campo,21.53931578,833.0,0,0,0.0,0.0,0,0.0,0,0,0,0,,,0,0.0,periferico
ES_04097,04097,Velefique,3.89259746,259.0,0,0,0.0,0.0,0,0.0,0,0,0,0,,,0,0.0,periferico
ES_04098,04098,Vélez-Blanco,4.37808694,1932.0,0,0,0.0,0.0,0,0.0,0,0,0,0,,,0,0.0,periferico
ES_04099,04099,Vélez-Rubio,23.17206204,6548.0,0,0,0.0,0.0,0,0.0,0,0,0,0,,,0,0.0,periferico
ES_04100,04100,Vera,328.71256141,18891.0,0,0,0.0,0.0,0,0.0,0,0,0,0,,,0,0.0,periferico
ES_04101,04101,Viator,301.84702607,6220.0,0,0,0.0,0.0,0,0.0,0,0,0,0,,,0,0.0,periferico
ES_04102,04102,Vícar,435.24086561,28020.0,0,0,0.0,0.0,0,0.0,0,0,0,0,,,0,0.0,periferico
ES_04103,04103,Zurgena,41.0751988,2943.0,0,0,0.0,0.0,0,0.0,0,0,0,0,,,0,0.0,periferico
ES_04901,04901,"Tres Villas, Las",6.80731892,581.0,0,0,0.0,0.0,0,0.0,0,0,0,0,,,0,0.0,periferico
ES_04902,04902,"Ejido, El",394.48062724,89391.0,0,0,0.0,0.0,0,0.0,0,0,0,0,,,0,0.0,periferico
ES_04904,04904,Balanegra,95.55196767,3018.0,0,0,0.0,0.0,0,0.0,0,0,0,0,,,0,0.0,periferico
ES_05001,05001,Adanero,6.71504155,211.0,0,0,0.0,0.0,0,0.0,0,0,0,0,,,0,0.0,periferico
ES_05002,05002,"Adrada, La",46.71138378,2739.0,0,0,0.0,0.0,0,0.0,0,0,0,0,,,0,0.0,periferico
ES_05005,05005,Albornos,10.24099765,175.0,0,0,0.0,0.0,0,0.0,0,0,0,0,,,0,0.0,periferico
ES_05007,05007,Aldeanueva de Santa Cruz,12.03981526,102.0,0,0,0.0,0.0,0,0.0,0,0,0,0,,,0,0.0,periferico
ES_05008,05008,Aldeaseca,8.66129658,210.0,0,0,0.0,0.0,0,0.0,0,0,0,0,,,0,0.0,periferico
ES_05010,05010,"Aldehuela, La",8.76253469,150.0,0,0,0.0,0.0,0,0.0,0,0,0,0,,,0,0.0,periferico
ES_05012,05012,Amavida,8.99521715,135.0,0,0,0.0,0.0,0,0.0,0,0,0,0,,,0,0.0,periferico
ES_05013,05013,"Arenal, El",35.82403591,971.0,0,0,0.0,0.0,0,0.0,0,0,0,0,,,0,0.0,periferico
ES_05014,05014,Arenas de San Pedro,33.48854189,6486.0,0,0,0.0,0.0,0,0.0,0,0,0,0,,,0,0.0,periferico
ES_05016,05016,Arévalo,169.98859809,7768.0,0,0,0.0,0.0,0,0.0,0,0,0,0,,,0,0.0,periferico
ES_05017,05017,Aveinte,5.83744915,75.0,0,0,0.0,0.0,0,0.0,0,0,0,0,,,0,0.0,periferico
ES_05018,05018,Avellaneda,2.33944313,24.0,0,0,0.0,0.0,0,0.0,0,0,0,0,,,0,0.0,periferico
ES_05021,05021,"Barco de Ávila, El",180.19016117,2289.0,0,0,0.0,0.0,0,0.0,0,0,0,0,,,0,0.0,periferico
ES_05022,05022,"Barraco, El",13.04481296,2007.0,0,0,0.0,0.0,0,0.0,0,0,0,0,,,0,0.0,periferico
ES_05023,05023,Barromán,8.78679811,176.0,0,0,0.0,0.0,0,0.0,0,0,0,0,,,0,0.0,periferico
ES_05024,05024,Becedas,5.09740499,164.0,0,0,0.0,0.0,0,0.0,0,0,0,0,,,0,0.0,periferico
ES_05025,05025,Becedillas,3.52277123,70.0,0,0,0.0,0.0,0,0.0,0,0,0,0,,,0,0.0,periferico
ES_05027,05027,"Berlanas, Las",19.52480994,326.0,0,0,0.0,0.0,0,0.0,0,0,0,0,,,0,0.0,periferico
ES_05029,05029,Bernuy-Zapardiel,4.39951788,87.0,0,0,0.0,0.0,0,0.0,0,0,0,0,,,0,0.0,periferico
ES_05030,05030,Berrocalejo de Aragona,5.54953705,50.0,0,0,0.0,0.0,0,0.0,0,0,0,0,,,0,0.0,periferico
ES_05033,05033,Blascomillán,4.26868906,169.0,0,0,0.0,0.0,0,0.0,0,0,0,0,,,0,0.0,periferico
ES_05034,05034,Blasconuño de Matacabras,1.1558341,15.0,0,0,0.0,0.0,0,0.0,0,0,0,0,,,0,0.0,periferico
ES_05035,05035,Blascosancho,4.61984825,106.0,0,0,0.0,0.0,0,0.0,0,0,0,0,,,0,0.0,periferico
ES_05036,05036,"Bohodón, El",4.85180144,107.0,0,0,0.0,0.0,0,0.0,0,0,0,0,,,0,0.0,periferico
ES_05037,05037,Bohoyo,2.88950772,215.0,0,0,0.0,0.0,0,0.0,0,0,0,0,,,0,0.0,periferico
ES_05039,05039,Brabos,2.29095551,42.0,0,0,0.0,0.0,0,0.0,0,0,0,0,,,0,0.0,periferico
ES_05040,05040,Bularros,1.8539569,57.0,0,0,0.0,0.0,0,0.0,0,0,0,0,,,0,0.0,periferico
ES_05041,05041,Burgohondo,22.64462022,1253.0,0,0,0.0,0.0,0,0.0,0,0,0,0,,,0,0.0,periferico
ES_05043,05043,Cabezas del Pozo,4.95192055,89.0,0,0,0.0,0.0,0,0.0,0,0,0,0,,,0,0.0,periferico
ES_05044,05044,Cabezas del Villar,2.25332728,248.0,0,0,0.0,0.0,0,0.0,0,0,0,0,,,0,0.0,periferico
ES_05045,05045,Cabizuela,4.84789284,93.0,0,0,0.0,0.0,0,0.0,0,0,0,0,,,0,0.0,periferico
ES_05046,05046,Canales,5.39745233,36.0,0,0,0.0,0.0,0,0.0,0,0,0,0,,,0,0.0,periferico
ES_05047,05047,Candeleda,23.4617638,5009.0,0,0,0.0,0.0,0,0.0,0,0,0,0,,,0,0.0,periferico
ES_05048,05048,Cantiveros,6.74333635,97.0,0,0,0.0,0.0,0,0.0,0,0,0,0,,,0,0.0,periferico
ES_05052,05052,Casas del Puerto,3.83410855,85.0,0,0,0.0,0.0,0,0.0,0,0,0,0,,,0,0.0,periferico
ES_05053,05053,Casasola,3.81401786,70.0,0,0,0.0,0.0,0,0.0,0,0,0,0,,,0,0.0,periferico
ES_05054,05054,Casavieja,36.10070582,1417.0,0,0,0.0,0.0,0,0.0,0,0,0,0,,,0,0.0,periferico
ES_05056,05056,Castellanos de Zapardiel,10.86604048,138.0,0,0,0.0,0.0,0,0.0,0,0,0,0,,,0,0.0,periferico
ES_05057,05057,Cebreros,23.69797039,3269.0,0,0,0.0,0.0,0,0.0,0,0,0,0,,,0,0.0,periferico
ES_05058,05058,Cepeda la Mora,2.1635341,68.0,0,0,0.0,0.0,0,0.0,0,0,0,0,,,0,0.0,periferico
ES_05059,05059,Cillán,4.9368997,70.0,0,0,0.0,0.0,0,0.0,0,0,0,0,,,0,0.0,periferico
ES_05061,05061,"Colilla, La",33.83435802,366.0,0,0,0.0,0.0,0,0.0,0,0,0,0,,,0,0.0,periferico
ES_05062,05062,Collado de Contreras,7.8629294,145.0,0,0,0.0,0.0,0,0.0,0,0,0,0,,,0,0.0,periferico
ES_05063,05063,Collado del Mirón,5.37775744,26.0,0,0,0.0,0.0,0,0.0,0,0,0,0,,,0,0.0,periferico
ES_05064,05064,Constanzana,3.648563,98.0,0,0,0.0,0.0,0,0.0,0,0,0,0,,,0,0.0,periferico
ES_05066,05066,Cuevas del Valle,26.96305604,517.0,0,0,0.0,0.0,0,0.0,0,0,0,0,,,0,0.0,periferico
ES_05067,05067,Chamartín,4.20862299,65.0,0,0,0.0,0.0,0,0.0,0,0,0,0,,,0,0.0,periferico
ES_05069,05069,Donjimeno,5.14638207,76.0,0,0,0.0,0.0,0,0.0,0,0,0,0,,,0,0.0,periferico
ES_05072,05072,Espinosa de los Caballeros,5.30775236,103.0,0,0,0.0,0.0,0,0.0,0,0,0,0,,,0,0.0,periferico
ES_05073,05073,Flores de Ávila,6.39127787,275.0,0,0,0.0,0.0,0,0.0,0,0,0,0,,,0,0.0,periferico
ES_05074,05074,Fontiveros,19.67128554,716.0,0,0,0.0,0.0,0,0.0,0,0,0,0,,,0,0.0,periferico
ES_05075,05075,Fresnedilla,4.3761258,107.0,0,0,0.0,0.0,0,0.0,0,0,0,0,,,0,0.0,periferico
ES_05076,05076,"Fresno, El",45.68129436,598.0,0,0,0.0,0.0,0,0.0,0,0,0,0,,,0,0.0,periferico
ES_05077,05077,Fuente el Saúz,16.10403236,158.0,0,0,0.0,0.0,0,0.0,0,0,0,0,,,0,0.0,periferico
ES_05078,05078,Fuentes de Año,4.44791881,89.0,0,0,0.0,0.0,0,0.0,0,0,0,0,,,0,0.0,periferico
ES_05079,05079,Gallegos de Altamiros,2.83243135,58.0,0,0,0.0,0.0,0,0.0,0,0,0,0,,,0,0.0,periferico
ES_05080,05080,Gallegos de Sobrinos,1.04084272,45.0,0,0,0.0,0.0,0,0.0,0,0,0,0,,,0,0.0,periferico
ES_05081,05081,Garganta del Villar,2.25487659,41.0,0,0,0.0,0.0,0,0.0,0,0,0,0,,,0,0.0,periferico
ES_05082,05082,Gavilanes,18.78647949,548.0,0,0,0.0,0.0,0,0.0,0,0,0,0,,,0,0.0,periferico
ES_05084,05084,Gilbuena,3.3062531,50.0,0,0,0.0,0.0,0,0.0,0,0,0,0,,,0,0.0,periferico
ES_05085,05085,Gil García,2.84576181,44.0,0,0,0.0,0.0,0,0.0,0,0,0,0,,,0,0.0,periferico
ES_05086,05086,Gimialcón,3.88410959,74.0,0,0,0.0,0.0,0,0.0,0,0,0,0,,,0,0.0,periferico
ES_05087,05087,Gotarrendura,15.70027139,167.0,0,0,0.0,0.0,0,0.0,0,0,0,0,,,0,0.0,periferico
ES_05088,05088,Grandes y San Martín,3.1059173,36.0,0,0,0.0,0.0,0,0.0,0,0,0,0,,,0,0.0,periferico
ES_05089,05089,Guisando,12.76730671,489.0,0,0,0.0,0.0,0,0.0,0,0,0,0,,,0,0.0,periferico
ES_05093,05093,Herradón de Pinares,10.54452734,510.0,0,0,0.0,0.0,0,0.0,0,0,0,0,,,0,0.0,periferico
ES_05095,05095,Higuera de las Dueñas,7.81221994,274.0,0,0,0.0,0.0,0,0.0,0,0,0,0,,,0,0.0,periferico
ES_05096,05096,"Hija de Dios, La",6.39322085,80.0,0,0,0.0,0.0,0,0.0,0,0,0,0,,,0,0.0,periferico
ES_05097,05097,"Horcajada, La",9.9702722,464.0,0,0,0.0,0.0,0,0.0,0,0,0,0,,,0,0.0,periferico
ES_05099,05099,Horcajo de las Torres,9.59463886,454.0,0,0,0.0,0.0,0,0.0,0,0,0,0,,,0,0.0,periferico
ES_05100,05100,"Hornillo, El",11.3975858,265.0,0,0,0.0,0.0,0,0.0,0,0,0,0,,,0,0.0,periferico
ES_05101,05101,Hoyocasero,6.3134479,330.0,0,0,0.0,0.0,0,0.0,0,0,0,0,,,0,0.0,periferico
ES_05102,05102,"Hoyo de Pinares, El",26.76682118,2164.0,0,0,0.0,0.0,0,0.0,0,0,0,0,,,0,0.0,periferico
ES_05104,05104,Hoyos del Collado,2.927715,29.0,0,0,0.0,0.0,0,0.0,0,0,0,0,,,0,0.0,periferico
ES_05105,05105,Hoyos del Espino,6.81964546,361.0,0,0,0.0,0.0,0,0.0,0,0,0,0,,,0,0.0,periferico
ES_05106,05106,Hoyos de Miguel Muñoz,2.19104161,26.0,0,0,0.0,0.0,0,0.0,0,0,0,0,,,0,0.0,periferico
ES_05108,05108,Junciana,2.867087,43.0,0,0,0.0,0.0,0,0.0,0,0,0,0,,,0,0.0,periferico
ES_02019,02019,"Bonillo, El",5.26146122,2646.0,0,0,0.0,0.0,0,0.0,0,0,0,0,,,0,0.0,periferico
ES_02020,02020,Carcelén,6.49925929,490.0,0,0,0.0,0.0,0,0.0,0,0,0,0,,,0,0.0,periferico
ES_02021,02021,Casas de Juan Núñez,15.17260822,1350.0,0,0,0.0,0.0,0,0.0,0,0,0,0,,,0,0.0,periferico
ES_02022,02022,Casas de Lázaro,2.90254175,326.0,0,0,0.0,0.0,0,0.0,0,0,0,0,,,0,0.0,periferico
ES_02023,02023,Casas de Ves,4.47528896,561.0,0,0,0.0,0.0,0,0.0,0,0,0,0,,,0,0.0,periferico
ES_02024,02024,Casas-Ibáñez,44.30679508,4575.0,0,0,0.0,0.0,0,0.0,0,0,0,0,,,0,0.0,periferico
ES_02026,02026,Cenizate,18.38380594,1163.0,0,0,0.0,0.0,0,0.0,0,0,0,0,,,0,0.0,periferico
ES_02027,02027,Corral-Rubio,3.18607621,302.0,0,0,0.0,0.0,0,0.0,0,0,0,0,,,0,0.0,periferico
ES_02028,02028,Cotillas,8.98572792,130.0,0,0,0.0,0.0,0,0.0,0,0,0,0,,,0,0.0,periferico
ES_02029,02029,Chinchilla de Monte-Aragón,6.77366687,4606.0,0,0,0.0,0.0,0,0.0,0,0,0,0,,,0,0.0,periferico
ES_02030,02030,Elche de la Sierra,14.90902758,3570.0,0,0,0.0,0.0,0,0.0,0,0,0,0,,,0,0.0,periferico
ES_02031,02031,Férez,4.90534847,619.0,0,0,0.0,0.0,0,0.0,0,0,0,0,,,0,0.0,periferico
ES_02032,02032,Fuensanta,12.32210202,297.0,0,0,0.0,0.0,0,0.0,0,0,0,0,,,0,0.0,periferico
ES_02035,02035,"Gineta, La",18.97049441,2601.0,0,0,0.0,0.0,0,0.0,0,0,0,0,,,0,0.0,periferico
ES_02036,02036,Golosalvo,3.26478494,92.0,0,0,0.0,0.0,0,0.0,0,0,0,0,,,0,0.0,periferico
ES_02037,02037,Hellín,39.13683063,30499.0,0,0,0.0,0.0,0,0.0,0,0,0,0,,,0,0.0,periferico
ES_02038,02038,"Herrera, La",4.9483186,314.0,0,0,0.0,0.0,0,0.0,0,0,0,0,,,0,0.0,periferico
ES_02039,02039,Higueruela,5.59644851,1150.0,0,0,0.0,0.0,0,0.0,0,0,0,0,,,0,0.0,periferico
ES_02040,02040,Hoya-Gonzalo,5.44578845,624.0,0,0,0.0,0.0,0,0.0,0,0,0,0,,,0,0.0,periferico
ES_02041,02041,Jorquera,5.07867362,345.0,0,0,0.0,0.0,0,0.0,0,0,0,0,,,0,0.0,periferico
ES_02042,02042,Letur,3.50913339,928.0,0,0,0.0,0.0,0,0.0,0,0,0,0,,,0,0.0,periferico
ES_02043,02043,Lezuza,3.60813596,1302.0,0,0,0.0,0.0,0,0.0,0,0,0,0,,,0,0.0,periferico
ES_02044,02044,Liétor,3.44048623,1077.0,0,0,0.0,0.0,0,0.0,0,0,0,0,,,0,0.0,periferico
ES_02046,02046,Mahora,13.83243742,1496.0,0,0,0.0,0.0,0,0.0,0,0,0,0,,,0,0.0,periferico
ES_02048,02048,Minaya,20.77653844,1455.0,0,0,0.0,0.0,0,0.0,0,0,0,0,,,0,0.0,periferico
ES_02049,02049,Molinicos,5.77414416,829.0,0,0,0.0,0.0,0,0.0,0,0,0,0,,,0,0.0,periferico
ES_02050,02050,Montalvos,3.61402355,89.0,0,0,0.0,0.0,0,0.0,0,0,0,0,,,0,0.0,periferico
ES_02051,02051,Montealegre del Castillo,11.50228761,2041.0,0,0,0.0,0.0,0,0.0,0,0,0,0,,,0,0.0,periferico
ES_02052,02052,Motilleja,27.94981517,665.0,0,0,0.0,0.0,0,0.0,0,0,0,0,,,0,0.0,periferico
ES_02053,02053,Munera,14.79671106,3409.0,0,0,0.0,0.0,0,0.0,0,0,0,0,,,0,0.0,periferico
ES_02056,02056,Ontur,35.23294675,1917.0,0,0,0.0,0.0,0,0.0,0,0,0,0,,,0,0.0,periferico
ES_02057,02057,Ossa de Montiel,9.08519016,2213.0,0,0,0.0,0.0,0,0.0,0,0,0,0,,,0,0.0,periferico
ES_02058,02058,Paterna del Madera,3.14180397,353.0,0,0,0.0,0.0,0,0.0,0,0,0,0,,,0,0.0,periferico
ES_02059,02059,Peñascosa,1.74893954,331.0,0,0,0.0,0.0,0,0.0,0,0,0,0,,,0,0.0,periferico
ES_02060,02060,Peñas de San Pedro,9.18508372,1458.0,0,0,0.0,0.0,0,0.0,0,0,0,0,,,0,0.0,periferico
ES_02061,02061,Pétrola,8.97802825,670.0,0,0,0.0,0.0,0,0.0,0,0,0,0,,,0,0.0,periferico
ES_02062,02062,Povedilla,8.00925087,396.0,0,0,0.0,0.0,0,0.0,0,0,0,0,,,0,0.0,periferico
ES_02063,02063,Pozohondo,11.38739169,1553.0,0,0,0.0,0.0,0,0.0,0,0,0,0,,,0,0.0,periferico
ES_02064,02064,Pozo-Lorente,4.81429435,390.0,0,0,0.0,0.0,0,0.0,0,0,0,0,,,0,0.0,periferico
ES_02065,02065,Pozuelo,3.505679,469.0,0,0,0.0,0.0,0,0.0,0,0,0,0,,,0,0.0,periferico
ES_02067,02067,Riópar,16.33369385,1323.0,0,0,0.0,0.0,0,0.0,0,0,0,0,,,0,0.0,periferico
ES_02068,02068,Robledo,3.2970299,396.0,0,0,0.0,0.0,0,0.0,0,0,0,0,,,0,0.0,periferico
ES_02069,02069,"Roda, La",39.30688449,15632.0,0,0,0.0,0.0,0,0.0,0,0,0,0,,,0,0.0,periferico
ES_02070,02070,Salobre,8.78574894,435.0,0,0,0.0,0.0,0,0.0,0,0,0,0,,,0,0.0,periferico
ES_02071,02071,San Pedro,14.279911,1187.0,0,0,0.0,0.0,0,0.0,0,0,0,0,,,0,0.0,periferico
ES_02072,02072,Socovos,12.24428819,1704.0,0,0,0.0,0.0,0,0.0,0,0,0,0,,,0,0.0,periferico
ES_02073,02073,Tarazona de la Mancha,28.92929492,6156.0,0,0,0.0,0.0,0,0.0,0,0,0,0,,,0,0.0,periferico
ES_02076,02076,Vianos,2.51486228,322.0,0,0,0.0,0.0,0,0.0,0,0,0,0,,,0,0.0,periferico
ES_44009,44009,Albarracín,2.24551551,1016.0,0,0,0.0,0.0,0,0.0,0,0,0,0,,,0,0.0,periferico
ES_44010,44010,Albentosa,4.44862647,302.0,0,0,0.0,0.0,0,0.0,0,0,0,0,,,0,0.0,periferico
ES_44011,44011,Alcaine,0.83659365,48.0,0,0,0.0,0.0,0,0.0,0,0,0,0,,,0,0.0,periferico
ES_44012,44012,Alcalá de la Selva,3.63018535,381.0,0,0,0.0,0.0,0,0.0,0,0,0,0,,,0,0.0,periferico
ES_44013,44013,Alcañiz,34.1196628,16108.0,0,0,0.0,0.0,0,0.0,0,0,0,0,,,0,0.0,periferico
ES_44014,44014,Alcorisa,26.69253171,3236.0,0,0,0.0,0.0,0,0.0,0,0,0,0,,,0,0.0,periferico
ES_44016,44016,Alfambra,3.92843936,481.0,0,0,0.0,0.0,0,0.0,0,0,0,0,,,0,0.0,periferico
ES_44017,44017,Aliaga,1.77135081,342.0,0,0,0.0,0.0,0,0.0,0,0,0,0,,,0,0.0,periferico
ES_44018,44018,Almohaja,0.66459854,17.0,0,0,0.0,0.0,0,0.0,0,0,0,0,,,0,0.0,periferico
ES_44019,44019,Alobras,2.31059259,71.0,0,0,0.0,0.0,0,0.0,0,0,0,0,,,0,0.0,periferico
ES_44020,44020,Alpeñés,0.87239757,25.0,0,0,0.0,0.0,0,0.0,0,0,0,0,,,0,0.0,periferico
ES_44023,44023,Allueva,1.4459196,27.0,0,0,0.0,0.0,0,0.0,0,0,0,0,,,0,0.0,periferico
ES_44024,44024,Anadón,1.33943214,33.0,0,0,0.0,0.0,0,0.0,0,0,0,0,,,0,0.0,periferico
ES_44025,44025,Andorra,51.01853343,7210.0,0,0,0.0,0.0,0,0.0,0,0,0,0,,,0,0.0,periferico
ES_44026,44026,Arcos de las Salinas,1.01750489,115.0,0,0,0.0,0.0,0,0.0,0,0,0,0,,,0,0.0,periferico
ES_44027,44027,Arens de Lledó,6.04994969,207.0,0,0,0.0,0.0,0,0.0,0,0,0,0,,,0,0.0,periferico
ES_44028,44028,Argente,3.06839031,192.0,0,0,0.0,0.0,0,0.0,0,0,0,0,,,0,0.0,periferico
ES_44029,44029,Ariño,8.08682409,663.0,0,0,0.0,0.0,0,0.0,0,0,0,0,,,0,0.0,periferico
ES_44031,44031,Azaila,1.20382636,98.0,0,0,0.0,0.0,0,0.0,0,0,0,0,,,0,0.0,periferico
ES_44035,44035,Barrachina,4.82964355,120.0,0,0,0.0,0.0,0,0.0,0,0,0,0,,,0,0.0,periferico
ES_44036,44036,Bea,1.19760803,28.0,0,0,0.0,0.0,0,0.0,0,0,0,0,,,0,0.0,periferico
ES_44037,44037,Beceite,5.88486445,570.0,0,0,0.0,0.0,0,0.0,0,0,0,0,,,0,0.0,periferico
ES_44038,44038,Belmonte de San José,3.73893737,127.0,0,0,0.0,0.0,0,0.0,0,0,0,0,,,0,0.0,periferico
ES_44039,44039,Bello,4.15151697,218.0,0,0,0.0,0.0,0,0.0,0,0,0,0,,,0,0.0,periferico
ES_44040,44040,Berge,5.32280253,227.0,0,0,0.0,0.0,0,0.0,0,0,0,0,,,0,0.0,periferico
ES_44041,44041,Bezas,2.43020853,64.0,0,0,0.0,0.0,0,0.0,0,0,0,0,,,0,0.0,periferico
ES_44044,44044,Bordón,3.73311457,112.0,0,0,0.0,0.0,0,0.0,0,0,0,0,,,0,0.0,periferico
ES_44045,44045,Bronchales,7.88872161,470.0,0,0,0.0,0.0,0,0.0,0,0,0,0,,,0,0.0,periferico
ES_44046,44046,Bueña,1.34944231,55.0,0,0,0.0,0.0,0,0.0,0,0,0,0,,,0,0.0,periferico
ES_44047,44047,Burbáguena,9.63248156,376.0,0,0,0.0,0.0,0,0.0,0,0,0,0,,,0,0.0,periferico
ES_44048,44048,Cabra de Mora,2.06987325,71.0,0,0,0.0,0.0,0,0.0,0,0,0,0,,,0,0.0,periferico
ES_44049,44049,Calaceite,12.02003702,977.0,0,0,0.0,0.0,0,0.0,0,0,0,0,,,0,0.0,periferico
ES_44050,44050,Calamocha,14.11497798,4469.0,0,0,0.0,0.0,0,0.0,0,0,0,0,,,0,0.0,periferico
ES_44051,44051,Calanda,33.43963727,3754.0,0,0,0.0,0.0,0,0.0,0,0,0,0,,,0,0.0,periferico
ES_44054,44054,Camarena de la Sierra,1.69736255,135.0,0,0,0.0,0.0,0,0.0,0,0,0,0,,,0,0.0,periferico
ES_44055,44055,Camarillas,2.39537576,121.0,0,0,0.0,0.0,0,0.0,0,0,0,0,,,0,0.0,periferico
ES_44056,44056,Caminreal,13.83561844,614.0,0,0,0.0,0.0,0,0.0,0,0,0,0,,,0,0.0,periferico
ES_44059,44059,Cantavieja,5.76701026,718.0,0,0,0.0,0.0,0,0.0,0,0,0,0,,,0,0.0,periferico
ES_44060,44060,Cañada de Benatanduz,0.97481353,34.0,0,0,0.0,0.0,0,0.0,0,0,0,0,,,0,0.0,periferico
ES_44061,44061,"Cañada de Verich, La",7.98902092,87.0,0,0,0.0,0.0,0,0.0,0,0,0,0,,,0,0.0,periferico
ES_44065,44065,Castejón de Tornos,2.26372845,70.0,0,0,0.0,0.0,0,0.0,0,0,0,0,,,0,0.0,periferico
ES_44066,44066,Castel de Cabra,3.02631056,89.0,0,0,0.0,0.0,0,0.0,0,0,0,0,,,0,0.0,periferico
ES_44067,44067,Castelnou,2.98024232,109.0,0,0,0.0,0.0,0,0.0,0,0,0,0,,,0,0.0,periferico
ES_44068,44068,Castelserás,25.22687966,795.0,0,0,0.0,0.0,0,0.0,0,0,0,0,,,0,0.0,periferico
ES_44070,44070,"Castellar, El",1.09301458,55.0,0,0,0.0,0.0,0,0.0,0,0,0,0,,,0,0.0,periferico
ES_44071,44071,Castellote,2.8829481,678.0,0,0,0.0,0.0,0,0.0,0,0,0,0,,,0,0.0,periferico
ES_44074,44074,Cedrillas,8.86518179,652.0,0,0,0.0,0.0,0,0.0,0,0,0,0,,,0,0.0,periferico
ES_44075,44075,Celadas,3.40367168,342.0,0,0,0.0,0.0,0,0.0,0,0,0,0,,,0,0.0,periferico
ES_44076,44076,Cella,21.15336417,2637.0,0,0,0.0,0.0,0,0.0,0,0,0,0,,,0,0.0,periferico
ES_44077,44077,"Cerollera, La",2.25359788,76.0,0,0,0.0,0.0,0,0.0,0,0,0,0,,,0,0.0,periferico
ES_44082,44082,Corbalán,1.3711753,113.0,0,0,0.0,0.0,0,0.0,0,0,0,0,,,0,0.0,periferico
ES_44085,44085,Cosa,1.11276353,61.0,0,0,0.0,0.0,0,0.0,0,0,0,0,,,0,0.0,periferico
ES_44086,44086,Cretas,10.58515021,556.0,0,0,0.0,0.0,0,0.0,0,0,0,0,,,0,0.0,periferico
ES_44087,44087,Crivillén,2.14281756,90.0,0,0,0.0,0.0,0,0.0,0,0,0,0,,,0,0.0,periferico
ES_44088,44088,"Cuba, La",7.82212205,51.0,0,0,0.0,0.0,0,0.0,0,0,0,0,,,0,0.0,periferico
ES_44089,44089,Cubla,1.45914859,71.0,0,0,0.0,0.0,0,0.0,0,0,0,0,,,0,0.0,periferico
ES_44090,44090,Cucalón,2.34669691,75.0,0,0,0.0,0.0,0,0.0,0,0,0,0,,,0,0.0,periferico
ES_44092,44092,"Cuervo, El",4.77290571,99.0,0,0,0.0,0.0,0,0.0,0,0,0,0,,,0,0.0,periferico
ES_44093,44093,Cuevas de Almudén,3.32057056,119.0,0,0,0.0,0.0,0,0.0,0,0,0,0,,,0,0.0,periferico
ES_44096,44096,Ejulve,1.5982552,175.0,0,0,0.0,0.0,0,0.0,0,0,0,0,,,0,0.0,periferico
ES_44097,44097,Escorihuela,2.49247152,142.0,0,0,0.0,0.0,0,0.0,0,0,0,0,,,0,0.0,periferico
ES_44100,44100,Estercuel,3.56085372,198.0,0,0,0.0,0.0,0,0.0,0,0,0,0,,,0,0.0,periferico
ES_44101,44101,Ferreruela de Huerva,3.67000303,75.0,0,0,0.0,0.0,0,0.0,0,0,0,0,,,0,0.0,periferico
ES_44102,44102,Fonfría,1.55538567,32.0,0,0,0.0,0.0,0,0.0,0,0,0,0,,,0,0.0,periferico
ES_44103,44103,Formiche Alto,2.04704962,160.0,0,0,0.0,0.0,0,0.0,0,0,0,0,,,0,0.0,periferico
ES_44106,44106,Fortanete,1.32555892,223.0,0,0,0.0,0.0,0,0.0,0,0,0,0,,,0,0.0,periferico
ES_44107,44107,Foz-Calanda,7.45166683,282.0,0,0,0.0,0.0,0,0.0,0,0,0,0,,,0,0.0,periferico
ES_44109,44109,Frías de Albarracín,2.18594884,111.0,0,0,0.0,0.0,0,0.0,0,0,0,0,,,0,0.0,periferico
ES_44111,44111,Fuentes Calientes,3.35854521,84.0,0,0,0.0,0.0,0,0.0,0,0,0,0,,,0,0.0,periferico
ES_44112,44112,Fuentes Claras,11.81611312,436.0,0,0,0.0,0.0,0,0.0,0,0,0,0,,,0,0.0,periferico
ES_44113,44113,Fuentes de Rubielos,4.32037569,168.0,0,0,0.0,0.0,0,0.0,0,0,0,0,,,0,0.0,periferico
ES_44114,44114,Fuentespalda,7.35438234,287.0,0,0,0.0,0.0,0,0.0,0,0,0,0,,,0,0.0,periferico
ES_44115,44115,Galve,2.32624026,144.0,0,0,0.0,0.0,0,0.0,0,0,0,0,,,0,0.0,periferico
ES_44116,44116,Gargallo,3.02679546,91.0,0,0,0.0,0.0,0,0.0,0,0,0,0,,,0,0.0,periferico
ES_44117,44117,Gea de Albarracín,7.82591671,450.0,0,0,0.0,0.0,0,0.0,0,0,0,0,,,0,0.0,periferico
ES_44118,44118,"Ginebrosa, La",2.38397052,191.0,0,0,0.0,0.0,0,0.0,0,0,0,0,,,0,0.0,periferico
ES_44120,44120,Guadalaviar,8.62260804,242.0,0,0,0.0,0.0,0,0.0,0,0,0,0,,,0,0.0,periferico
ES_44122,44122,Híjar,10.77789875,1782.0,0,0,0.0,0.0,0,0.0,0,0,0,0,,,0,0.0,periferico
ES_44123,44123,Hinojosa de Jarque,2.84903119,104.0,0,0,0.0,0.0,0,0.0,0,0,0,0,,,0,0.0,periferico
ES_44124,44124,"Hoz de la Vieja, La",1.98890438,87.0,0,0,0.0,0.0,0,0.0,0,0,0,0,,,0,0.0,periferico
ES_44125,44125,Huesa del Común,1.03790132,64.0,0,0,0.0,0.0,0,0.0,0,0,0,0,,,0,0.0,periferico
ES_31224,31224,Sesma,17.13671889,1222.0,0,0,0.0,0.0,0,0.0,0,0,0,0,,,0,0.0,periferico
ES_31225,31225,Sorlada,7.81908074,48.0,0,0,0.0,0.0,0,0.0,0,0,0,0,,,0,0.0,periferico
ES_31227,31227,Tafalla,109.15109751,10714.0,0,0,0.0,0.0,0,0.0,0,0,0,0,,,0,0.0,periferico
ES_31228,31228,Tiebas-Muruarte de Reta,30.90094756,660.0,0,0,0.0,0.0,0,0.0,0,0,0,0,,,0,0.0,periferico
ES_31229,31229,Tirapu,9.59455843,54.0,0,0,0.0,0.0,0,0.0,0,0,0,0,,,0,0.0,periferico
ES_31230,31230,Torralba del Río,5.56919114,100.0,0,0,0.0,0.0,0,0.0,0,0,0,0,,,0,0.0,periferico
ES_31232,31232,Tudela,175.08459653,37631.0,0,0,0.0,0.0,0,0.0,0,0,0,0,,,0,0.0,periferico
ES_31233,31233,Tulebras,39.35713035,150.0,0,0,0.0,0.0,0,0.0,0,0,0,0,,,0,0.0,periferico
ES_31234,31234,Ucar,16.04526569,190.0,0,0,0.0,0.0,0,0.0,0,0,0,0,,,0,0.0,periferico
ES_31236,31236,Ultzama,16.91433832,1631.0,0,0,0.0,0.0,0,0.0,0,0,0,0,,,0,0.0,periferico
ES_31237,31237,Unciti,6.08510561,227.0,0,0,0.0,0.0,0,0.0,0,0,0,0,,,0,0.0,periferico
ES_31238,31238,Unzué,8.36642668,158.0,0,0,0.0,0.0,0,0.0,0,0,0,0,,,0,0.0,periferico
ES_31239,31239,Urdazubi,48.44680313,374.0,0,0,0.0,0.0,0,0.0,0,0,0,0,,,0,0.0,periferico
ES_31240,31240,Urdiain,42.427427,641.0,0,0,0.0,0.0,0,0.0,0,0,0,0,,,0,0.0,periferico
ES_31241,31241,Urraul Alto,0.95863391,135.0,0,0,0.0,0.0,0,0.0,0,0,0,0,,,0,0.0,periferico
ES_31242,31242,Urraul Bajo,5.41970521,324.0,0,0,0.0,0.0,0,0.0,0,0,0,0,,,0,0.0,periferico
ES_31244,31244,Urroz,15.04255098,179.0,0,0,0.0,0.0,0,0.0,0,0,0,0,,,0,0.0,periferico
ES_31246,31246,Uterga,19.61746817,169.0,0,0,0.0,0.0,0,0.0,0,0,0,0,,,0,0.0,periferico
ES_31247,31247,Uztárroz,2.4332109,142.0,0,0,0.0,0.0,0,0.0,0,0,0,0,,,0,0.0,periferico
ES_31248,31248,Luzaide,7.08215253,319.0,0,0,0.0,0.0,0,0.0,0,0,0,0,,,0,0.0,periferico
ES_31249,31249,Valtierra,48.25467527,2425.0,0,0,0.0,0.0,0,0.0,0,0,0,0,,,0,0.0,periferico
ES_31251,31251,Viana,55.55705147,4384.0,0,0,0.0,0.0,0,0.0,0,0,0,0,,,0,0.0,periferico
ES_31252,31252,Vidángoz,2.04175001,81.0,0,0,0.0,0.0,0,0.0,0,0,0,0,,,0,0.0,periferico
ES_31253,31253,Bidaurreta,32.39780982,166.0,0,0,0.0,0.0,0,0.0,0,0,0,0,,,0,0.0,periferico
ES_31256,31256,Hiriberri,4.71247644,102.0,0,0,0.0,0.0,0,0.0,0,0,0,0,,,0,0.0,periferico
ES_31257,31257,Villatuerta,53.50727075,1275.0,0,0,0.0,0.0,0,0.0,0,0,0,0,,,0,0.0,periferico
ES_31258,31258,Villava,9501.94222535,10050.0,0,0,0.0,0.0,0,0.0,0,0,0,0,,,0,0.0,periferico
ES_31259,31259,Igantzi,34.71998108,576.0,0,0,0.0,0.0,0,0.0,0,0,0,0,,,0,0.0,periferico
ES_31260,31260,Valle de Yerri,6.22705965,1573.0,0,0,0.0,0.0,0,0.0,0,0,0,0,,,0,0.0,periferico
ES_31261,31261,Yesa,12.85262315,295.0,0,0,0.0,0.0,0,0.0,0,0,0,0,,,0,0.0,periferico
ES_31262,31262,Zabalza,20.64261088,290.0,0,0,0.0,0.0,0,0.0,0,0,0,0,,,0,0.0,periferico
ES_31263,31263,Zubieta,16.28707033,290.0,0,0,0.0,0.0,0,0.0,0,0,0,0,,,0,0.0,periferico
ES_31264,31264,Zugarramurdi,44.07055933,241.0,0,0,0.0,0.0,0,0.0,0,0,0,0,,,0,0.0,periferico
ES_31265,31265,Zúñiga,5.7551432,89.0,0,0,0.0,0.0,0,0.0,0,0,0,0,,,0,0.0,periferico
ES_31901,31901,Barañáin,13958.41857865,19549.0,0,0,0.0,0.0,0,0.0,0,0,0,0,,,0,0.0,periferico
ES_31902,31902,Berrioplano,288.3663477,7536.0,0,0,0.0,0.0,0,0.0,0,0,0,0,,,0,0.0,periferico
ES_31904,31904,Irurtzun,616.34741907,2315.0,0,0,0.0,0.0,0,0.0,0,0,0,0,,,0,0.0,periferico
ES_31905,31905,Beriáin,759.59346144,4115.0,0,0,0.0,0.0,0,0.0,0,0,0,0,,,0,0.0,periferico
ES_31906,31906,Orkoien,718.22317273,4047.0,0,0,0.0,0.0,0,0.0,0,0,0,0,,,0,0.0,periferico
ES_31907,31907,Zizur Mayor,3103.42503732,15700.0,0,0,0.0,0.0,0,0.0,0,0,0,0,,,0,0.0,periferico
ES_31908,31908,Lekunberri,253.00462044,1696.0,0,0,0.0,0.0,0,0.0,0,0,0,0,,,0,0.0,periferico
ES_32001,32001,Allariz,74.27778394,6384.0,0,0,0.0,0.0,0,0.0,0,0,0,0,,,0,0.0,periferico
ES_32002,32002,Amoeiro,60.08305227,2385.0,0,0,0.0,0.0,0,0.0,0,0,0,0,,,0,0.0,periferico
ES_32004,32004,Avión,14.40253343,1748.0,0,0,0.0,0.0,0,0.0,0,0,0,0,,,0,0.0,periferico
ES_32007,32007,Baños de Molgas,22.76578261,1540.0,0,0,0.0,0.0,0,0.0,0,0,0,0,,,0,0.0,periferico
ES_32008,32008,Barbadás,370.86986486,11133.0,0,0,0.0,0.0,0,0.0,0,0,0,0,,,0,0.0,periferico
ES_32009,32009,"Barco de Valdeorras, O",155.3515254,13268.0,0,0,0.0,0.0,0,0.0,0,0,0,0,,,0,0.0,periferico
ES_32010,32010,Beade,57.22585492,365.0,0,0,0.0,0.0,0,0.0,0,0,0,0,,,0,0.0,periferico
ES_32011,32011,Beariz,16.93851294,948.0,0,0,0.0,0.0,0,0.0,0,0,0,0,,,0,0.0,periferico
ES_32012,32012,"Blancos, Os",15.08492736,717.0,0,0,0.0,0.0,0,0.0,0,0,0,0,,,0,0.0,periferico
ES_32014,32014,"Bola, A",30.51225827,1065.0,0,0,0.0,0.0,0,0.0,0,0,0,0,,,0,0.0,periferico
ES_32016,32016,Calvos de Randín,6.9595899,681.0,0,0,0.0,0.0,0,0.0,0,0,0,0,,,0,0.0,periferico
ES_32017,32017,Carballeda de Valdeorras,6.30126414,1403.0,0,0,0.0,0.0,0,0.0,0,0,0,0,,,0,0.0,periferico
ES_32018,32018,Carballeda de Avia,26.32028407,1218.0,0,0,0.0,0.0,0,0.0,0,0,0,0,,,0,0.0,periferico
ES_32019,32019,"Carballiño, O",256.64073655,13961.0,0,0,0.0,0.0,0,0.0,0,0,0,0,,,0,0.0,periferico
ES_32020,32020,Cartelle,26.67551108,2514.0,0,0,0.0,0.0,0,0.0,0,0,0,0,,,0,0.0,periferico
ES_32021,32021,Castrelo do Val,8.12951476,992.0,0,0,0.0,0.0,0,0.0,0,0,0,0,,,0,0.0,periferico
ES_32022,32022,Castrelo de Miño,33.72347102,1341.0,0,0,0.0,0.0,0,0.0,0,0,0,0,,,0,0.0,periferico
ES_32023,32023,Castro Caldelas,14.0425844,1230.0,0,0,0.0,0.0,0,0.0,0,0,0,0,,,0,0.0,periferico
ES_32026,32026,Coles,83.4165637,3180.0,0,0,0.0,0.0,0,0.0,0,0,0,0,,,0,0.0,periferico
ES_32027,32027,Cortegada,38.21788748,1027.0,0,0,0.0,0.0,0,0.0,0,0,0,0,,,0,0.0,periferico
ES_32028,32028,Cualedro,13.62672839,1604.0,0,0,0.0,0.0,0,0.0,0,0,0,0,,,0,0.0,periferico
ES_32029,32029,Chandrexa de Queixa,2.89900101,498.0,0,0,0.0,0.0,0,0.0,0,0,0,0,,,0,0.0,periferico
ES_32030,32030,Entrimo,13.08923508,1106.0,0,0,0.0,0.0,0,0.0,0,0,0,0,,,0,0.0,periferico
ES_32031,32031,Esgos,29.09460347,1099.0,0,0,0.0,0.0,0,0.0,0,0,0,0,,,0,0.0,periferico
ES_32033,32033,Gomesende,23.34910731,661.0,0,0,0.0,0.0,0,0.0,0,0,0,0,,,0,0.0,periferico
ES_32036,32036,Xunqueira de Ambía,22.67209867,1365.0,0,0,0.0,0.0,0,0.0,0,0,0,0,,,0,0.0,periferico
ES_32037,32037,Xunqueira de Espadanedo,24.8419599,687.0,0,0,0.0,0.0,0,0.0,0,0,0,0,,,0,0.0,periferico
ES_32038,32038,Larouco,18.71022645,443.0,0,0,0.0,0.0,0,0.0,0,0,0,0,,,0,0.0,periferico
ES_32039,32039,Laza,5.40828531,1168.0,0,0,0.0,0.0,0,0.0,0,0,0,0,,,0,0.0,periferico
ES_32040,32040,Leiro,38.88744045,1483.0,0,0,0.0,0.0,0,0.0,0,0,0,0,,,0,0.0,periferico
ES_32041,32041,Lobeira,11.12361443,766.0,0,0,0.0,0.0,0,0.0,0,0,0,0,,,0,0.0,periferico
ES_32042,32042,Lobios,10.66935162,1796.0,0,0,0.0,0.0,0,0.0,0,0,0,0,,,0,0.0,periferico
ES_32043,32043,Maceda,28.55893109,2910.0,0,0,0.0,0.0,0,0.0,0,0,0,0,,,0,0.0,periferico
ES_32045,32045,Maside,68.50851793,2743.0,0,0,0.0,0.0,0,0.0,0,0,0,0,,,0,0.0,periferico
ES_50272,50272,Utebo,1066.3061298,18917.0,0,0,0.0,0.0,0,0.0,0,0,0,0,,,0,0.0,periferico
ES_50273,50273,Valdehorna,4.02635445,32.0,0,0,0.0,0.0,0,0.0,0,0,0,0,,,0,0.0,periferico
ES_50274,50274,Val de San Martín,2.45215058,63.0,0,0,0.0,0.0,0,0.0,0,0,0,0,,,0,0.0,periferico
ES_50275,50275,Valmadrid,2.49230438,126.0,0,0,0.0,0.0,0,0.0,0,0,0,0,,,0,0.0,periferico
ES_50276,50276,Valpalmas,3.39476509,135.0,0,0,0.0,0.0,0,0.0,0,0,0,0,,,0,0.0,periferico
ES_50277,50277,Valtorres,22.73590328,75.0,0,0,0.0,0.0,0,0.0,0,0,0,0,,,0,0.0,periferico
ES_50280,50280,Vera de Moncayo,11.41164655,316.0,0,0,0.0,0.0,0,0.0,0,0,0,0,,,0,0.0,periferico
ES_50281,50281,Vierlas,31.87662973,85.0,0,0,0.0,0.0,0,0.0,0,0,0,0,,,0,0.0,periferico
ES_50282,50282,"Vilueña, La",7.56769743,65.0,0,0,0.0,0.0,0,0.0,0,0,0,0,,,0,0.0,periferico
ES_50283,50283,Villadoz,4.89119918,84.0,0,0,0.0,0.0,0,0.0,0,0,0,0,,,0,0.0,periferico
ES_50284,50284,Villafeliche,6.52845051,147.0,0,0,0.0,0.0,0,0.0,0,0,0,0,,,0,0.0,periferico
ES_50285,50285,Villafranca de Ebro,13.14072598,839.0,0,0,0.0,0.0,0,0.0,0,0,0,0,,,0,0.0,periferico
ES_50286,50286,Villalba de Perejil,6.82447912,91.0,0,0,0.0,0.0,0,0.0,0,0,0,0,,,0,0.0,periferico
ES_50287,50287,Villalengua,7.17107896,288.0,0,0,0.0,0.0,0,0.0,0,0,0,0,,,0,0.0,periferico
ES_50288,50288,Villanueva de Gállego,63.27799345,4807.0,0,0,0.0,0.0,0,0.0,0,0,0,0,,,0,0.0,periferico
ES_50290,50290,Villanueva de Huerva,4.97594045,390.0,0,0,0.0,0.0,0,0.0,0,0,0,0,,,0,0.0,periferico
ES_50292,50292,Villarreal de Huerva,10.13276975,275.0,0,0,0.0,0.0,0,0.0,0,0,0,0,,,0,0.0,periferico
ES_50294,50294,Villarroya del Campo,4.19372226,71.0,0,0,0.0,0.0,0,0.0,0,0,0,0,,,0,0.0,periferico
ES_50295,50295,Vistabella,2.33721421,51.0,0,0,0.0,0.0,0,0.0,0,0,0,0,,,0,0.0,periferico
ES_50296,50296,"Zaida, La",25.3505994,438.0,0,0,0.0,0.0,0,0.0,0,0,0,0,,,0,0.0,periferico
ES_50297,50297,Zaragoza,702.28608165,683949.0,0,0,0.0,0.0,0,0.0,0,0,0,0,,,0,0.0,periferico
ES_50298,50298,Zuera,26.00192304,8639.0,0,0,0.0,0.0,0,0.0,0,0,0,0,,,0,0.0,periferico
ES_50901,50901,Biel,1.26228099,165.0,0,0,0.0,0.0,0,0.0,0,0,0,0,,,0,0.0,periferico
ES_50902,50902,Marracos,5.12382989,87.0,0,0,0.0,0.0,0,0.0,0,0,0,0,,,0,0.0,periferico
ES_50903,50903,Villamayor de Gállego,31.993519,2864.0,0,0,0.0,0.0,0,0.0,0,0,0,0,,,0,0.0,periferico
ES_52001,52001,Melilla,6138.35690609,85493.0,0,0,0.0,0.0,0,0.0,0,0,0,0,,,0,0.0,periferico
ES_41048,41048,Guadalcanal,9.26581705,2548.0,0,0,0.0,0.0,0,0.0,0,0,0,0,,,0,0.0,periferico
ES_41049,41049,Guillena,60.53084907,13735.0,0,0,0.0,0.0,0,0.0,0,0,0,0,,,0,0.0,periferico
ES_41050,41050,Herrera,122.37987407,6547.0,0,0,0.0,0.0,0,0.0,0,0,0,0,,,0,0.0,periferico
ES_41051,41051,Huévar del Aljarafe,57.27421499,3294.0,0,0,0.0,0.0,0,0.0,0,0,0,0,,,0,0.0,periferico
ES_41053,41053,Lebrija,73.88851598,27727.0,0,0,0.0,0.0,0,0.0,0,0,0,0,,,0,0.0,periferico
ES_41054,41054,Lora de Estepa,49.21008636,889.0,0,0,0.0,0.0,0,0.0,0,0,0,0,,,0,0.0,periferico
ES_41056,41056,"Luisiana, La",107.42912625,4614.0,0,0,0.0,0.0,0,0.0,0,0,0,0,,,0,0.0,periferico
ES_41058,41058,Mairena del Alcor,345.50471072,24161.0,0,0,0.0,0.0,0,0.0,0,0,0,0,,,0,0.0,periferico
ES_41059,41059,Mairena del Aljarafe,2715.93594303,47515.0,0,0,0.0,0.0,0,0.0,0,0,0,0,,,0,0.0,periferico
ES_41060,41060,Marchena,51.00949002,19306.0,0,0,0.0,0.0,0,0.0,0,0,0,0,,,0,0.0,periferico
ES_41061,41061,Marinaleda,104.23008695,2586.0,0,0,0.0,0.0,0,0.0,0,0,0,0,,,0,0.0,periferico
ES_41062,41062,Martín de la Jara,53.63678291,2645.0,0,0,0.0,0.0,0,0.0,0,0,0,0,,,0,0.0,periferico
ES_41064,41064,Montellano,59.96984641,7000.0,0,0,0.0,0.0,0,0.0,0,0,0,0,,,0,0.0,periferico
ES_41066,41066,"Navas de la Concepción, Las",24.032529,1523.0,0,0,0.0,0.0,0,0.0,0,0,0,0,,,0,0.0,periferico
ES_41067,41067,Olivares,207.41653451,9458.0,0,0,0.0,0.0,0,0.0,0,0,0,0,,,0,0.0,periferico
ES_41068,41068,Osuna,29.40253853,17418.0,0,0,0.0,0.0,0,0.0,0,0,0,0,,,0,0.0,periferico
ES_41069,41069,"Palacios y Villafranca, Los",353.83528222,38700.0,0,0,0.0,0.0,0,0.0,0,0,0,0,,,0,0.0,periferico
ES_41070,41070,Palomares del Río,699.08453815,9161.0,0,0,0.0,0.0,0,0.0,0,0,0,0,,,0,0.0,periferico
ES_41071,41071,Paradas,62.17382564,6829.0,0,0,0.0,0.0,0,0.0,0,0,0,0,,,0,0.0,periferico
ES_41072,41072,Pedrera,84.75311944,5138.0,0,0,0.0,0.0,0,0.0,0,0,0,0,,,0,0.0,periferico
ES_41073,41073,"Pedroso, El",6.54110211,2055.0,0,0,0.0,0.0,0,0.0,0,0,0,0,,,0,0.0,periferico
ES_41074,41074,Peñaflor,44.03470011,3651.0,0,0,0.0,0.0,0,0.0,0,0,0,0,,,0,0.0,periferico
ES_41076,41076,Pruna,25.49664329,2566.0,0,0,0.0,0.0,0,0.0,0,0,0,0,,,0,0.0,periferico
ES_41077,41077,"Puebla de Cazalla, La",57.34962657,10884.0,0,0,0.0,0.0,0,0.0,0,0,0,0,,,0,0.0,periferico
ES_41079,41079,"Puebla del Río, La",31.63946135,11854.0,0,0,0.0,0.0,0,0.0,0,0,0,0,,,0,0.0,periferico
ES_41080,41080,"Real de la Jara, El",9.6771227,1523.0,0,0,0.0,0.0,0,0.0,0,0,0,0,,,0,0.0,periferico
ES_41081,41081,"Rinconada, La",290.03379301,40176.0,0,0,0.0,0.0,0,0.0,0,0,0,0,,,0,0.0,periferico
ES_41082,41082,"Roda de Andalucía, La",54.87980925,4214.0,0,0,0.0,0.0,0,0.0,0,0,0,0,,,0,0.0,periferico
ES_41083,41083,"Ronquillo, El",18.7969005,1437.0,0,0,0.0,0.0,0,0.0,0,0,0,0,,,0,0.0,periferico
ES_41084,41084,"Rubio, El",159.44362422,3316.0,0,0,0.0,0.0,0,0.0,0,0,0,0,,,0,0.0,periferico
ES_41086,41086,San Juan de Aznalfarache,5541.15637903,22685.0,0,0,0.0,0.0,0,0.0,0,0,0,0,,,0,0.0,periferico
ES_41087,41087,Sanlúcar la Mayor,104.49942553,14161.0,0,0,0.0,0.0,0,0.0,0,0,0,0,,,0,0.0,periferico
ES_41089,41089,Santiponce,1025.3663194,8585.0,0,0,0.0,0.0,0,0.0,0,0,0,0,,,0,0.0,periferico
ES_41091,41091,Sevilla,4820.93646223,684164.0,0,0,0.0,0.0,0,0.0,0,0,0,0,,,0,0.0,periferico
ES_41092,41092,Tocina,604.32461159,9420.0,0,0,0.0,0.0,0,0.0,0,0,0,0,,,0,0.0,periferico
ES_41093,41093,Tomares,4943.63862174,25492.0,0,0,0.0,0.0,0,0.0,0,0,0,0,,,0,0.0,periferico
ES_41094,41094,Umbrete,754.89868588,9371.0,0,0,0.0,0.0,0,0.0,0,0,0,0,,,0,0.0,periferico
ES_41096,41096,Valencina de la Concepción,320.87208503,8042.0,0,0,0.0,0.0,0,0.0,0,0,0,0,,,0,0.0,periferico
ES_41097,41097,Villamanrique de la Condesa,80.43269168,4638.0,0,0,0.0,0.0,0,0.0,0,0,0,0,,,0,0.0,periferico
ES_41098,41098,Villanueva del Ariscal,1460.45813131,6843.0,0,0,0.0,0.0,0,0.0,0,0,0,0,,,0,0.0,periferico
ES_41099,41099,Villanueva del Río y Minas,32.83349151,4951.0,0,0,0.0,0.0,0,0.0,0,0,0,0,,,0,0.0,periferico
ES_41101,41101,Villaverde del Río,187.13193213,7697.0,0,0,0.0,0.0,0,0.0,0,0,0,0,,,0,0.0,periferico
ES_41102,41102,"Viso del Alcor, El",952.56330954,19262.0,0,0,0.0,0.0,0,0.0,0,0,0,0,,,0,0.0,periferico
ES_41901,41901,Cañada Rosal,131.28329504,3394.0,0,0,0.0,0.0,0,0.0,0,0,0,0,,,0,0.0,periferico
ES_41903,41903,"Cuervo de Sevilla, El",283.81158441,8640.0,0,0,0.0,0.0,0,0.0,0,0,0,0,,,0,0.0,periferico
ES_32048,32048,"Mezquita, A",9.67629847,1009.0,0,0,0.0,0.0,0,0.0,0,0,0,0,,,0,0.0,periferico
ES_32049,32049,Montederramo,5.08879664,690.0,0,0,0.0,0.0,0,0.0,0,0,0,0,,,0,0.0,periferico
ES_32052,32052,Nogueira de Ramuín,21.14828799,2079.0,0,0,0.0,0.0,0,0.0,0,0,0,0,,,0,0.0,periferico
ES_32053,32053,Oímbra,24.05263004,1723.0,0,0,0.0,0.0,0,0.0,0,0,0,0,,,0,0.0,periferico
ES_32054,32054,Ourense,1229.07661032,104187.0,0,0,0.0,0.0,0,0.0,0,0,0,0,,,0,0.0,periferico
ES_46102,46102,Quart de Poblet,1299.26563623,25600.0,0,0,0.0,0.0,0,0.0,0,0,0,0,,,0,0.0,periferico
ES_46103,46103,Quartell,529.89727182,1688.0,0,0,0.0,0.0,0,0.0,0,0,0,0,,,0,0.0,periferico
ES_46104,46104,Quatretonda,50.80760827,2213.0,0,0,0.0,0.0,0,0.0,0,0,0,0,,,0,0.0,periferico
ES_46106,46106,Chelva,8.7648665,1668.0,0,0,0.0,0.0,0,0.0,0,0,0,0,,,0,0.0,periferico
ES_46108,46108,Chera,9.74408471,484.0,0,0,0.0,0.0,0,0.0,0,0,0,0,,,0,0.0,periferico
ES_46110,46110,Xirivella,6004.4308673,30836.0,0,0,0.0,0.0,0,0.0,0,0,0,0,,,0,0.0,periferico
ES_46111,46111,Chiva,94.6454912,16873.0,0,0,0.0,0.0,0,0.0,0,0,0,0,,,0,0.0,periferico
ES_46112,46112,Chulilla,11.06873445,684.0,0,0,0.0,0.0,0,0.0,0,0,0,0,,,0,0.0,periferico
ES_46113,46113,Daimús,1083.68154142,3402.0,0,0,0.0,0.0,0,0.0,0,0,0,0,,,0,0.0,periferico
ES_46114,46114,Domeño,9.95317903,683.0,0,0,0.0,0.0,0,0.0,0,0,0,0,,,0,0.0,periferico
ES_46115,46115,Dos Aguas,2.83066804,344.0,0,0,0.0,0.0,0,0.0,0,0,0,0,,,0,0.0,periferico
ES_46118,46118,Enguera,20.29416736,4911.0,0,0,0.0,0.0,0,0.0,0,0,0,0,,,0,0.0,periferico
ES_46119,46119,"Énova, l'",119.90526156,917.0,0,0,0.0,0.0,0,0.0,0,0,0,0,,,0,0.0,periferico
ES_46120,46120,Estivella,76.33478981,1599.0,0,0,0.0,0.0,0,0.0,0,0,0,0,,,0,0.0,periferico
ES_46121,46121,Estubeny,17.76074998,114.0,0,0,0.0,0.0,0,0.0,0,0,0,0,,,0,0.0,periferico
ES_46122,46122,Faura,2220.40871164,3628.0,0,0,0.0,0.0,0,0.0,0,0,0,0,,,0,0.0,periferico
ES_46124,46124,Fontanars dels Alforins,12.71774087,950.0,0,0,0.0,0.0,0,0.0,0,0,0,0,,,0,0.0,periferico
ES_46125,46125,Fortaleny,219.62582292,1006.0,0,0,0.0,0.0,0,0.0,0,0,0,0,,,0,0.0,periferico
ES_46128,46128,"Font de la Figuera, la",24.06681392,2038.0,0,0,0.0,0.0,0,0.0,0,0,0,0,,,0,0.0,periferico
ES_46129,46129,Fuenterrobles,13.91162569,688.0,0,0,0.0,0.0,0,0.0,0,0,0,0,,,0,0.0,periferico
ES_46130,46130,Gavarda,133.18646686,1060.0,0,0,0.0,0.0,0,0.0,0,0,0,0,,,0,0.0,periferico
ES_46131,46131,Gandia,1280.12124606,77916.0,0,0,0.0,0.0,0,0.0,0,0,0,0,,,0,0.0,periferico
ES_46132,46132,"Genovés, el",183.09606971,2776.0,0,0,0.0,0.0,0,0.0,0,0,0,0,,,0,0.0,periferico
ES_46133,46133,Gestalgar,8.1860408,571.0,0,0,0.0,0.0,0,0.0,0,0,0,0,,,0,0.0,periferico
ES_46135,46135,Godella,1602.46695708,13451.0,0,0,0.0,0.0,0,0.0,0,0,0,0,,,0,0.0,periferico
ES_46136,46136,Godelleta,111.41431493,4171.0,0,0,0.0,0.0,0,0.0,0,0,0,0,,,0,0.0,periferico
ES_46137,46137,"Granja de la Costera, la",392.74938369,292.0,0,0,0.0,0.0,0,0.0,0,0,0,0,,,0,0.0,periferico
ES_46138,46138,Guadasséquies,147.62717102,482.0,0,0,0.0,0.0,0,0.0,0,0,0,0,,,0,0.0,periferico
ES_46139,46139,Guadassuar,168.22292994,5944.0,0,0,0.0,0.0,0,0.0,0,0,0,0,,,0,0.0,periferico
ES_46141,46141,Higueruelas,27.8261761,523.0,0,0,0.0,0.0,0,0.0,0,0,0,0,,,0,0.0,periferico
ES_46142,46142,Jalance,8.55618288,811.0,0,0,0.0,0.0,0,0.0,0,0,0,0,,,0,0.0,periferico
ES_46144,46144,Jarafuel,7.41837147,765.0,0,0,0.0,0.0,0,0.0,0,0,0,0,,,0,0.0,periferico
ES_46145,46145,Xàtiva,390.69218845,29982.0,0,0,0.0,0.0,0,0.0,0,0,0,0,,,0,0.0,periferico
ES_46146,46146,Xeresa,133.96434562,2256.0,0,0,0.0,0.0,0,0.0,0,0,0,0,,,0,0.0,periferico
ES_46147,46147,Llíria,108.2730031,24675.0,0,0,0.0,0.0,0,0.0,0,0,0,0,,,0,0.0,periferico
ES_46148,46148,Loriguilla,29.93927492,2170.0,0,0,0.0,0.0,0,0.0,0,0,0,0,,,0,0.0,periferico
ES_41904,41904,"Palmar de Troya, El",70.57346897,2322.0,0,0,0.0,0.0,0,0.0,0,0,0,0,,,0,0.0,periferico
ES_42001,42001,Abejar,16.1076687,377.0,0,0,0.0,0.0,0,0.0,0,0,0,0,,,0,0.0,periferico
ES_42003,42003,Adradas,1.00785599,68.0,0,0,0.0,0.0,0,0.0,0,0,0,0,,,0,0.0,periferico
ES_42004,42004,Ágreda,18.52087407,3053.0,0,0,0.0,0.0,0,0.0,0,0,0,0,,,0,0.0,periferico
ES_42006,42006,Alconaba,3.79604164,199.0,0,0,0.0,0.0,0,0.0,0,0,0,0,,,0,0.0,periferico
ES_42008,42008,Alcubilla de las Peñas,0.67408744,58.0,0,0,0.0,0.0,0,0.0,0,0,0,0,,,0,0.0,periferico
ES_42010,42010,Aldealices,3.32035388,21.0,0,0,0.0,0.0,0,0.0,0,0,0,0,,,0,0.0,periferico
ES_42011,42011,Aldealpozo,1.6873992,20.0,0,0,0.0,0.0,0,0.0,0,0,0,0,,,0,0.0,periferico
ES_42012,42012,Aldealseñor,2.68982084,25.0,0,0,0.0,0.0,0,0.0,0,0,0,0,,,0,0.0,periferico
ES_42013,42013,Aldehuela de Periáñez,1.24246899,34.0,0,0,0.0,0.0,0,0.0,0,0,0,0,,,0,0.0,periferico
ES_42014,42014,"Aldehuelas, Las",1.64006047,62.0,0,0,0.0,0.0,0,0.0,0,0,0,0,,,0,0.0,periferico
ES_42015,42015,Alentisque,0.74290257,26.0,0,0,0.0,0.0,0,0.0,0,0,0,0,,,0,0.0,periferico
ES_42017,42017,Almajano,17.97446476,178.0,0,0,0.0,0.0,0,0.0,0,0,0,0,,,0,0.0,periferico
ES_42018,42018,Almaluez,0.79854058,127.0,0,0,0.0,0.0,0,0.0,0,0,0,0,,,0,0.0,periferico
ES_42020,42020,Almazán,32.55983862,5422.0,0,0,0.0,0.0,0,0.0,0,0,0,0,,,0,0.0,periferico
ES_42022,42022,Almenar de Soria,2.14168282,227.0,0,0,0.0,0.0,0,0.0,0,0,0,0,,,0,0.0,periferico
ES_42023,42023,Alpanseque,0.97043708,53.0,0,0,0.0,0.0,0,0.0,0,0,0,0,,,0,0.0,periferico
ES_42024,42024,Arancón,1.05431499,82.0,0,0,0.0,0.0,0,0.0,0,0,0,0,,,0,0.0,periferico
ES_42025,42025,Arcos de Jalón,3.44824104,1523.0,0,0,0.0,0.0,0,0.0,0,0,0,0,,,0,0.0,periferico
ES_42026,42026,Arenillas,1.54652039,47.0,0,0,0.0,0.0,0,0.0,0,0,0,0,,,0,0.0,periferico
ES_42027,42027,Arévalo de la Sierra,1.82097973,73.0,0,0,0.0,0.0,0,0.0,0,0,0,0,,,0,0.0,periferico
ES_42028,42028,Ausejo de la Sierra,5.5186827,111.0,0,0,0.0,0.0,0,0.0,0,0,0,0,,,0,0.0,periferico
ES_42029,42029,Baraona,1.12415415,131.0,0,0,0.0,0.0,0,0.0,0,0,0,0,,,0,0.0,periferico
ES_42032,42032,Bayubas de Abajo,3.40242022,150.0,0,0,0.0,0.0,0,0.0,0,0,0,0,,,0,0.0,periferico
ES_42033,42033,Bayubas de Arriba,3.00758174,62.0,0,0,0.0,0.0,0,0.0,0,0,0,0,,,0,0.0,periferico
ES_42034,42034,Beratón,1.12395626,46.0,0,0,0.0,0.0,0,0.0,0,0,0,0,,,0,0.0,periferico
ES_42035,42035,Berlanga de Duero,3.89198593,857.0,0,0,0.0,0.0,0,0.0,0,0,0,0,,,0,0.0,periferico
ES_42036,42036,Blacos,2.33624804,41.0,0,0,0.0,0.0,0,0.0,0,0,0,0,,,0,0.0,periferico
ES_42037,42037,Bliecos,1.63697173,27.0,0,0,0.0,0.0,0,0.0,0,0,0,0,,,0,0.0,periferico
ES_42038,42038,Borjabad,1.28191113,30.0,0,0,0.0,0.0,0,0.0,0,0,0,0,,,0,0.0,periferico
ES_42041,42041,Buberos,1.5111986,28.0,0,0,0.0,0.0,0,0.0,0,0,0,0,,,0,0.0,periferico
ES_44179,44179,Peñarroya de Tastavins,5.29587408,441.0,0,0,0.0,0.0,0,0.0,0,0,0,0,,,0,0.0,periferico
ES_44180,44180,Peracense,2.54680407,73.0,0,0,0.0,0.0,0,0.0,0,0,0,0,,,0,0.0,periferico
ES_44181,44181,Peralejos,2.3839785,86.0,0,0,0.0,0.0,0,0.0,0,0,0,0,,,0,0.0,periferico
ES_44182,44182,Perales del Alfambra,2.55228763,266.0,0,0,0.0,0.0,0,0.0,0,0,0,0,,,0,0.0,periferico
ES_44183,44183,Pitarque,1.19523024,65.0,0,0,0.0,0.0,0,0.0,0,0,0,0,,,0,0.0,periferico
ES_44185,44185,"Pobo, El",1.60337599,102.0,0,0,0.0,0.0,0,0.0,0,0,0,0,,,0,0.0,periferico
ES_44187,44187,"Portellada, La",11.26664931,241.0,0,0,0.0,0.0,0,0.0,0,0,0,0,,,0,0.0,periferico
ES_44189,44189,Pozondón,0.79851878,54.0,0,0,0.0,0.0,0,0.0,0,0,0,0,,,0,0.0,periferico
ES_44190,44190,Pozuel del Campo,2.37009469,66.0,0,0,0.0,0.0,0,0.0,0,0,0,0,,,0,0.0,periferico
ES_44191,44191,"Puebla de Híjar, La",15.03452576,914.0,0,0,0.0,0.0,0,0.0,0,0,0,0,,,0,0.0,periferico
ES_44192,44192,"Puebla de Valverde, La",1.66862049,472.0,0,0,0.0,0.0,0,0.0,0,0,0,0,,,0,0.0,periferico
ES_44195,44195,Rillo,1.82095798,97.0,0,0,0.0,0.0,0,0.0,0,0,0,0,,,0,0.0,periferico
ES_44196,44196,Riodeva,3.83832912,132.0,0,0,0.0,0.0,0,0.0,0,0,0,0,,,0,0.0,periferico
ES_44198,44198,Royuela,7.10346057,231.0,0,0,0.0,0.0,0,0.0,0,0,0,0,,,0,0.0,periferico
ES_44199,44199,Rubiales,1.53086477,42.0,0,0,0.0,0.0,0,0.0,0,0,0,0,,,0,0.0,periferico
ES_44200,44200,Rubielos de la Cérida,0.44833059,30.0,0,0,0.0,0.0,0,0.0,0,0,0,0,,,0,0.0,periferico
ES_44201,44201,Rubielos de Mora,9.88430579,630.0,0,0,0.0,0.0,0,0.0,0,0,0,0,,,0,0.0,periferico
ES_44203,44203,Salcedillo,0.59256676,10.0,0,0,0.0,0.0,0,0.0,0,0,0,0,,,0,0.0,periferico
ES_44204,44204,Saldón,0.73977783,21.0,0,0,0.0,0.0,0,0.0,0,0,0,0,,,0,0.0,periferico
ES_44207,44207,San Martín del Río,8.21059633,136.0,0,0,0.0,0.0,0,0.0,0,0,0,0,,,0,0.0,periferico
ES_44208,44208,Santa Cruz de Nogueras,1.51473111,23.0,0,0,0.0,0.0,0,0.0,0,0,0,0,,,0,0.0,periferico
ES_44209,44209,Santa Eulalia,12.5135359,1013.0,0,0,0.0,0.0,0,0.0,0,0,0,0,,,0,0.0,periferico
ES_44210,44210,Sarrión,8.51101248,1195.0,0,0,0.0,0.0,0,0.0,0,0,0,0,,,0,0.0,periferico
ES_44211,44211,Segura de los Baños,0.75707191,41.0,0,0,0.0,0.0,0,0.0,0,0,0,0,,,0,0.0,periferico
ES_44212,44212,Seno,2.29852764,41.0,0,0,0.0,0.0,0,0.0,0,0,0,0,,,0,0.0,periferico
ES_44213,44213,Singra,2.17868425,80.0,0,0,0.0,0.0,0,0.0,0,0,0,0,,,0,0.0,periferico
ES_44215,44215,Terriente,4.30264805,207.0,0,0,0.0,0.0,0,0.0,0,0,0,0,,,0,0.0,periferico
ES_44216,44216,Teruel,82.10086554,36155.0,0,0,0.0,0.0,0,0.0,0,0,0,0,,,0,0.0,periferico
ES_44217,44217,Toril y Masegoso,1.07602314,33.0,0,0,0.0,0.0,0,0.0,0,0,0,0,,,0,0.0,periferico
ES_44220,44220,Torralba de los Sisones,3.2796924,147.0,0,0,0.0,0.0,0,0.0,0,0,0,0,,,0,0.0,periferico
ES_44221,44221,Torrecilla de Alcañiz,16.51442121,442.0,0,0,0.0,0.0,0,0.0,0,0,0,0,,,0,0.0,periferico
ES_44222,44222,Torrecilla del Rebollar,1.97011427,125.0,0,0,0.0,0.0,0,0.0,0,0,0,0,,,0,0.0,periferico
ES_44223,44223,Torre de Arcas,2.39036911,82.0,0,0,0.0,0.0,0,0.0,0,0,0,0,,,0,0.0,periferico
ES_26004,26004,Ajamil de Cameros,1.37577171,91.0,0,0,0.0,0.0,0,0.0,0,0,0,0,,,0,0.0,periferico
ES_26008,26008,Aldeanueva de Ebro,70.23824542,2744.0,0,0,0.0,0.0,0,0.0,0,0,0,0,,,0,0.0,periferico
ES_26009,26009,Alesanco,27.65552885,474.0,0,0,0.0,0.0,0,0.0,0,0,0,0,,,0,0.0,periferico
ES_26010,26010,Alesón,15.12889413,98.0,0,0,0.0,0.0,0,0.0,0,0,0,0,,,0,0.0,periferico
ES_26011,26011,Alfaro,50.71761513,9821.0,0,0,0.0,0.0,0,0.0,0,0,0,0,,,0,0.0,periferico
ES_26012,26012,Almarza de Cameros,1.38715009,39.0,0,0,0.0,0.0,0,0.0,0,0,0,0,,,0,0.0,periferico
ES_26013,26013,Anguciana,86.17355171,434.0,0,0,0.0,0.0,0,0.0,0,0,0,0,,,0,0.0,periferico
ES_26014,26014,Anguiano,5.46548178,497.0,0,0,0.0,0.0,0,0.0,0,0,0,0,,,0,0.0,periferico
ES_26015,26015,Arenzana de Abajo,30.01485285,252.0,0,0,0.0,0.0,0,0.0,0,0,0,0,,,0,0.0,periferico
ES_26016,26016,Arenzana de Arriba,5.56868178,33.0,0,0,0.0,0.0,0,0.0,0,0,0,0,,,0,0.0,periferico
ES_26019,26019,Arrúbal,77.71044009,592.0,0,0,0.0,0.0,0,0.0,0,0,0,0,,,0,0.0,periferico
ES_26020,26020,Ausejo,14.09696761,798.0,0,0,0.0,0.0,0,0.0,0,0,0,0,,,0,0.0,periferico
ES_20048,20048,Larraul,43.67849214,257.0,0,0,0.0,0.0,0,0.0,0,0,0,0,,,0,0.0,periferico
ES_20049,20049,Lazkao,524.78886534,5981.0,0,0,0.0,0.0,0,0.0,0,0,0,0,,,0,0.0,periferico
ES_20051,20051,Legazpi,199.12710995,8329.0,0,0,0.0,0.0,0,0.0,0,0,0,0,,,0,0.0,periferico
ES_20053,20053,Lezo,700.88550177,6015.0,0,0,0.0,0.0,0,0.0,0,0,0,0,,,0,0.0,periferico
ES_20054,20054,Lizartza,51.52547761,637.0,0,0,0.0,0.0,0,0.0,0,0,0,0,,,0,0.0,periferico
ES_20055,20055,Arrasate,660.52930968,21827.0,0,0,0.0,0.0,0,0.0,0,0,0,0,,,0,0.0,periferico
ES_20057,20057,Mutiloa,30.38125811,262.0,0,0,0.0,0.0,0,0.0,0,0,0,0,,,0,0.0,periferico
ES_20058,20058,Olaberria,132.11380579,916.0,0,0,0.0,0.0,0,0.0,0,0,0,0,,,0,0.0,periferico
ES_20059,20059,Oñati,107.57087166,11549.0,0,0,0.0,0.0,0,0.0,0,0,0,0,,,0,0.0,periferico
ES_20060,20060,Orexa,18.6701063,109.0,0,0,0.0,0.0,0,0.0,0,0,0,0,,,0,0.0,periferico
ES_20061,20061,Orio,624.48770931,6122.0,0,0,0.0,0.0,0,0.0,0,0,0,0,,,0,0.0,periferico
ES_20062,20062,Ormaiztegi,181.14871414,1226.0,0,0,0.0,0.0,0,0.0,0,0,0,0,,,0,0.0,periferico
ES_20064,20064,Pasaia,1417.48547298,16071.0,0,0,0.0,0.0,0,0.0,0,0,0,0,,,0,0.0,periferico
ES_20066,20066,Errezil,17.95712151,583.0,0,0,0.0,0.0,0,0.0,0,0,0,0,,,0,0.0,periferico
ES_20067,20067,Errenteria,1212.69326831,39134.0,0,0,0.0,0.0,0,0.0,0,0,0,0,,,0,0.0,periferico
ES_20068,20068,Leintz-Gatzaga,13.19369779,194.0,0,0,0.0,0.0,0,0.0,0,0,0,0,,,0,0.0,periferico
ES_20069,20069,Donostia,3089.23123284,188136.0,0,0,0.0,0.0,0,0.0,0,0,0,0,,,0,0.0,periferico
ES_20070,20070,Segura,158.12022623,1461.0,0,0,0.0,0.0,0,0.0,0,0,0,0,,,0,0.0,periferico
ES_20071,20071,Tolosa,536.08480923,20045.0,0,0,0.0,0.0,0,0.0,0,0,0,0,,,0,0.0,periferico
ES_20072,20072,Urnieta,276.73883051,6196.0,0,0,0.0,0.0,0,0.0,0,0,0,0,,,0,0.0,periferico
ES_20073,20073,Usurbil,247.73052778,6341.0,0,0,0.0,0.0,0,0.0,0,0,0,0,,,0,0.0,periferico
ES_20075,20075,Villabona,327.45582874,5812.0,0,0,0.0,0.0,0,0.0,0,0,0,0,,,0,0.0,periferico
ES_20076,20076,Ordizia,1872.25508359,10580.0,0,0,0.0,0.0,0,0.0,0,0,0,0,,,0,0.0,periferico
ES_20077,20077,Urretxu,873.57302663,6733.0,0,0,0.0,0.0,0,0.0,0,0,0,0,,,0,0.0,periferico
ES_20080,20080,Zumarraga,524.57734205,9660.0,0,0,0.0,0.0,0,0.0,0,0,0,0,,,0,0.0,periferico
ES_20081,20081,Zumaia,904.16686101,10189.0,0,0,0.0,0.0,0,0.0,0,0,0,0,,,0,0.0,periferico
ES_20901,20901,Mendaro,79.10926089,2008.0,0,0,0.0,0.0,0,0.0,0,0,0,0,,,0,0.0,periferico
ES_20902,20902,Lasarte-Oria,3174.71748658,19103.0,0,0,0.0,0.0,0,0.0,0,0,0,0,,,0,0.0,periferico
ES_20904,20904,Baliarrain,55.4989981,149.0,0,0,0.0,0.0,0,0.0,0,0,0,0,,,0,0.0,periferico
ES_20905,20905,Orendain,37.88988036,240.0,0,0,0.0,0.0,0,0.0,0,0,0,0,,,0,0.0,periferico
ES_20906,20906,Altzaga,68.80422489,173.0,0,0,0.0,0.0,0,0.0,0,0,0,0,,,0,0.0,periferico
ES_21001,21001,Alájar,18.89010545,783.0,0,0,0.0,0.0,0,0.0,0,0,0,0,,,0,0.0,periferico
ES_21002,21002,Aljaraque,660.2696693,22329.0,0,0,0.0,0.0,0,0.0,0,0,0,0,,,0,0.0,periferico
ES_21003,21003,"Almendro, El",4.98764598,849.0,0,0,0.0,0.0,0,0.0,0,0,0,0,,,0,0.0,periferico
ES_21004,21004,Almonaster la Real,5.55840803,1786.0,0,0,0.0,0.0,0,0.0,0,0,0,0,,,0,0.0,periferico
ES_21005,21005,Almonte,29.96848952,25751.0,0,0,0.0,0.0,0,0.0,0,0,0,0,,,0,0.0,periferico
ES_21006,21006,Alosno,20.87259185,3988.0,0,0,0.0,0.0,0,0.0,0,0,0,0,,,0,0.0,periferico
ES_21007,21007,Aracena,45.27223174,8352.0,0,0,0.0,0.0,0,0.0,0,0,0,0,,,0,0.0,periferico
ES_44224,44224,Torre de las Arcas,0.6193723,23.0,0,0,0.0,0.0,0,0.0,0,0,0,0,,,0,0.0,periferico
ES_44225,44225,Torre del Compte,5.96501038,116.0,0,0,0.0,0.0,0,0.0,0,0,0,0,,,0,0.0,periferico
ES_44227,44227,Torre los Negros,2.53793979,74.0,0,0,0.0,0.0,0,0.0,0,0,0,0,,,0,0.0,periferico
ES_44228,44228,Torremocha de Jiloca,3.23804046,110.0,0,0,0.0,0.0,0,0.0,0,0,0,0,,,0,0.0,periferico
ES_44229,44229,Torres de Albarracín,6.74590455,191.0,0,0,0.0,0.0,0,0.0,0,0,0,0,,,0,0.0,periferico
ES_44230,44230,Torrevelilla,5.0522318,169.0,0,0,0.0,0.0,0,0.0,0,0,0,0,,,0,0.0,periferico
ES_44231,44231,Torrijas,0.62770119,36.0,0,0,0.0,0.0,0,0.0,0,0,0,0,,,0,0.0,periferico
ES_44234,44234,Tramacastiel,1.31117377,62.0,0,0,0.0,0.0,0,0.0,0,0,0,0,,,0,0.0,periferico
ES_44236,44236,Tronchón,1.0689903,61.0,0,0,0.0,0.0,0,0.0,0,0,0,0,,,0,0.0,periferico
ES_44237,44237,Urrea de Gaén,10.89416197,448.0,0,0,0.0,0.0,0,0.0,0,0,0,0,,,0,0.0,periferico
ES_44238,44238,Utrillas,77.48876498,3088.0,0,0,0.0,0.0,0,0.0,0,0,0,0,,,0,0.0,periferico
ES_44239,44239,Valacloche,1.73122433,26.0,0,0,0.0,0.0,0,0.0,0,0,0,0,,,0,0.0,periferico
ES_44240,44240,Valbona,4.70851219,192.0,0,0,0.0,0.0,0,0.0,0,0,0,0,,,0,0.0,periferico
ES_44241,44241,Valdealgorfa,12.52661734,588.0,0,0,0.0,0.0,0,0.0,0,0,0,0,,,0,0.0,periferico
ES_44243,44243,Valdecuenca,1.66406269,31.0,0,0,0.0,0.0,0,0.0,0,0,0,0,,,0,0.0,periferico
ES_44244,44244,Valdelinares,1.47057817,81.0,0,0,0.0,0.0,0,0.0,0,0,0,0,,,0,0.0,periferico
ES_44245,44245,Valdeltormo,19.44198686,311.0,0,0,0.0,0.0,0,0.0,0,0,0,0,,,0,0.0,periferico
ES_44246,44246,Valderrobres,20.27240058,2514.0,0,0,0.0,0.0,0,0.0,0,0,0,0,,,0,0.0,periferico
ES_44247,44247,Valjunquera,7.88672903,330.0,0,0,0.0,0.0,0,0.0,0,0,0,0,,,0,0.0,periferico
ES_44250,44250,Veguillas de la Sierra,1.46503402,20.0,0,0,0.0,0.0,0,0.0,0,0,0,0,,,0,0.0,periferico
ES_44251,44251,Villafranca del Campo,4.52512067,301.0,0,0,0.0,0.0,0,0.0,0,0,0,0,,,0,0.0,periferico
ES_44252,44252,Villahermosa del Campo,4.90003148,94.0,0,0,0.0,0.0,0,0.0,0,0,0,0,,,0,0.0,periferico
ES_44256,44256,Villanueva del Rebollar de la S,2.32038995,44.0,0,0,0.0,0.0,0,0.0,0,0,0,0,,,0,0.0,periferico
ES_44257,44257,Villar del Cobo,3.00907759,163.0,0,0,0.0,0.0,0,0.0,0,0,0,0,,,0,0.0,periferico
ES_44258,44258,Villar del Salz,1.6024502,62.0,0,0,0.0,0.0,0,0.0,0,0,0,0,,,0,0.0,periferico
ES_44260,44260,Villarluengo,1.14596702,181.0,0,0,0.0,0.0,0,0.0,0,0,0,0,,,0,0.0,periferico
ES_44261,44261,Villarquemado,15.40095324,869.0,0,0,0.0,0.0,0,0.0,0,0,0,0,,,0,0.0,periferico
ES_44262,44262,Villarroya de los Pinares,2.52946902,168.0,0,0,0.0,0.0,0,0.0,0,0,0,0,,,0,0.0,periferico
ES_44264,44264,Villel,3.85268531,329.0,0,0,0.0,0.0,0,0.0,0,0,0,0,,,0,0.0,periferico
ES_44267,44267,Vivel del Río Martín,1.30928446,67.0,0,0,0.0,0.0,0,0.0,0,0,0,0,,,0,0.0,periferico
ES_44268,44268,"Zoma, La",1.86223983,27.0,0,0,0.0,0.0,0,0.0,0,0,0,0,,,0,0.0,periferico
ES_45001,45001,Ajofrín,66.82878866,2346.0,0,0,0.0,0.0,0,0.0,0,0,0,0,,,0,0.0,periferico
ES_45002,45002,Alameda de la Sagra,125.91425384,4158.0,0,0,0.0,0.0,0,0.0,0,0,0,0,,,0,0.0,periferico
ES_45003,45003,Albarreal de Tajo,17.80326458,738.0,0,0,0.0,0.0,0,0.0,0,0,0,0,,,0,0.0,periferico
ES_45004,45004,Alcabón,94.90262654,761.0,0,0,0.0,0.0,0,0.0,0,0,0,0,,,0,0.0,periferico
ES_45006,45006,Alcaudete de la Jara,10.5780042,1652.0,0,0,0.0,0.0,0,0.0,0,0,0,0,,,0,0.0,periferico
ES_45008,45008,Aldea en Cabo,8.07108579,205.0,0,0,0.0,0.0,0,0.0,0,0,0,0,,,0,0.0,periferico
ES_45009,45009,Aldeanueva de Barbarroya,4.96578575,456.0,0,0,0.0,0.0,0,0.0,0,0,0,0,,,0,0.0,periferico
ES_45010,45010,Aldeanueva de San Bartolomé,11.90937328,412.0,0,0,0.0,0.0,0,0.0,0,0,0,0,,,0,0.0,periferico
ES_45011,45011,Almendral de la Cañada,9.94898654,334.0,0,0,0.0,0.0,0,0.0,0,0,0,0,,,0,0.0,periferico
ES_45012,45012,Almonacid de Toledo,9.69835142,927.0,0,0,0.0,0.0,0,0.0,0,0,0,0,,,0,0.0,periferico
ES_45013,45013,Almorox,37.14541256,2395.0,0,0,0.0,0.0,0,0.0,0,0,0,0,,,0,0.0,periferico
ES_45014,45014,Añover de Tajo,130.1521339,5236.0,0,0,0.0,0.0,0,0.0,0,0,0,0,,,0,0.0,periferico
ES_45016,45016,Argés,293.90990598,6978.0,0,0,0.0,0.0,0,0.0,0,0,0,0,,,0,0.0,periferico
ES_45017,45017,Azután,13.52363622,292.0,0,0,0.0,0.0,0,0.0,0,0,0,0,,,0,0.0,periferico
ES_45018,45018,Barcience,56.1740535,1067.0,0,0,0.0,0.0,0,0.0,0,0,0,0,,,0,0.0,periferico
ES_18137,18137,Montillana,14.29906263,1075.0,0,0,0.0,0.0,0,0.0,0,0,0,0,,,0,0.0,periferico
ES_18138,18138,Moraleda de Zafayona,65.13635956,3135.0,0,0,0.0,0.0,0,0.0,0,0,0,0,,,0,0.0,periferico
ES_18141,18141,Murtas,6.38546226,458.0,0,0,0.0,0.0,0,0.0,0,0,0,0,,,0,0.0,periferico
ES_18143,18143,Nigüelas,39.59778308,1225.0,0,0,0.0,0.0,0,0.0,0,0,0,0,,,0,0.0,periferico
ES_18146,18146,Orce,3.53177934,1147.0,0,0,0.0,0.0,0,0.0,0,0,0,0,,,0,0.0,periferico
ES_18147,18147,Órgiva,43.13601518,5787.0,0,0,0.0,0.0,0,0.0,0,0,0,0,,,0,0.0,periferico
ES_18148,18148,Otívar,18.22835291,1048.0,0,0,0.0,0.0,0,0.0,0,0,0,0,,,0,0.0,periferico
ES_18149,18149,Villa de Otura,304.73668751,7494.0,0,0,0.0,0.0,0,0.0,0,0,0,0,,,0,0.0,periferico
ES_18150,18150,Padul,105.9142736,9448.0,0,0,0.0,0.0,0,0.0,0,0,0,0,,,0,0.0,periferico
ES_18151,18151,Pampaneira,17.91860713,313.0,0,0,0.0,0.0,0,0.0,0,0,0,0,,,0,0.0,periferico
ES_18153,18153,Peligros,1150.52787033,11668.0,0,0,0.0,0.0,0,0.0,0,0,0,0,,,0,0.0,periferico
ES_18157,18157,Pinos Genil,114.36541837,1598.0,0,0,0.0,0.0,0,0.0,0,0,0,0,,,0,0.0,periferico
ES_18158,18158,Pinos Puente,104.32456967,9694.0,0,0,0.0,0.0,0,0.0,0,0,0,0,,,0,0.0,periferico
ES_18159,18159,Píñar,8.8192286,1110.0,0,0,0.0,0.0,0,0.0,0,0,0,0,,,0,0.0,periferico
ES_18161,18161,Polícar,51.50036296,277.0,0,0,0.0,0.0,0,0.0,0,0,0,0,,,0,0.0,periferico
ES_18162,18162,Polopos,62.54755645,1661.0,0,0,0.0,0.0,0,0.0,0,0,0,0,,,0,0.0,periferico
ES_18164,18164,Puebla de Don Fadrique,4.24339225,2218.0,0,0,0.0,0.0,0,0.0,0,0,0,0,,,0,0.0,periferico
ES_26022,26022,Azofra,17.53542614,208.0,0,0,0.0,0.0,0,0.0,0,0,0,0,,,0,0.0,periferico
ES_26023,26023,Badarán,23.84211303,493.0,0,0,0.0,0.0,0,0.0,0,0,0,0,,,0,0.0,periferico
ES_26024,26024,Bañares,6.78710478,201.0,0,0,0.0,0.0,0,0.0,0,0,0,0,,,0,0.0,periferico
ES_26025,26025,Baños de Rioja,9.07582036,84.0,0,0,0.0,0.0,0,0.0,0,0,0,0,,,0,0.0,periferico
ES_26026,26026,Baños de Río Tobía,91.54677005,1609.0,0,0,0.0,0.0,0,0.0,0,0,0,0,,,0,0.0,periferico
ES_26027,26027,Berceo,9.10201845,139.0,0,0,0.0,0.0,0,0.0,0,0,0,0,,,0,0.0,periferico
ES_26029,26029,Bergasillas Bajera,4.23123385,41.0,0,0,0.0,0.0,0,0.0,0,0,0,0,,,0,0.0,periferico
ES_26031,26031,Bobadilla,20.81392238,97.0,0,0,0.0,0.0,0,0.0,0,0,0,0,,,0,0.0,periferico
ES_26032,26032,Brieva de Cameros,0.93215577,43.0,0,0,0.0,0.0,0,0.0,0,0,0,0,,,0,0.0,periferico
ES_26033,26033,Briñas,74.36842776,182.0,0,0,0.0,0.0,0,0.0,0,0,0,0,,,0,0.0,periferico
ES_26034,26034,Briones,19.58131236,738.0,0,0,0.0,0.0,0,0.0,0,0,0,0,,,0,0.0,periferico
ES_26036,26036,Calahorra,267.53796408,25025.0,0,0,0.0,0.0,0,0.0,0,0,0,0,,,0,0.0,periferico
ES_26037,26037,Camprovín,8.51004977,174.0,0,0,0.0,0.0,0,0.0,0,0,0,0,,,0,0.0,periferico
ES_26039,26039,Canillas de Río Tuerto,13.90459084,50.0,0,0,0.0,0.0,0,0.0,0,0,0,0,,,0,0.0,periferico
ES_26041,26041,Cárdenas,32.51445023,130.0,0,0,0.0,0.0,0,0.0,0,0,0,0,,,0,0.0,periferico
ES_26042,26042,Casalarreina,130.41458494,1061.0,0,0,0.0,0.0,0,0.0,0,0,0,0,,,0,0.0,periferico
ES_26043,26043,Castañares de Rioja,35.21545001,385.0,0,0,0.0,0.0,0,0.0,0,0,0,0,,,0,0.0,periferico
ES_26044,26044,Castroviejo,3.13001365,65.0,0,0,0.0,0.0,0,0.0,0,0,0,0,,,0,0.0,periferico
ES_26045,26045,Cellorigo,0.80367077,10.0,0,0,0.0,0.0,0,0.0,0,0,0,0,,,0,0.0,periferico
ES_26046,26046,Cenicero,65.20552768,2076.0,0,0,0.0,0.0,0,0.0,0,0,0,0,,,0,0.0,periferico
ES_26047,26047,Cervera del Río Alhama,14.94076187,2279.0,0,0,0.0,0.0,0,0.0,0,0,0,0,,,0,0.0,periferico
ES_26048,26048,Cidamón,1.3921074,22.0,0,0,0.0,0.0,0,0.0,0,0,0,0,,,0,0.0,periferico
ES_26049,26049,Cihuri,21.42833154,209.0,0,0,0.0,0.0,0,0.0,0,0,0,0,,,0,0.0,periferico
ES_19272,19272,Tordesilos,2.02096513,94.0,0,0,0.0,0.0,0,0.0,0,0,0,0,,,0,0.0,periferico
ES_19274,19274,Torija,48.94099959,1717.0,0,0,0.0,0.0,0,0.0,0,0,0,0,,,0,0.0,periferico
ES_19277,19277,Torrecuadrada de Molina,0.53057805,19.0,0,0,0.0,0.0,0,0.0,0,0,0,0,,,0,0.0,periferico
ES_19278,19278,Torrecuadradilla,0.88167709,29.0,0,0,0.0,0.0,0,0.0,0,0,0,0,,,0,0.0,periferico
ES_19279,19279,Torre del Burgo,102.42473043,502.0,0,0,0.0,0.0,0,0.0,0,0,0,0,,,0,0.0,periferico
ES_19280,19280,Torrejón del Rey,246.22299227,6205.0,0,0,0.0,0.0,0,0.0,0,0,0,0,,,0,0.0,periferico
ES_19281,19281,Torremocha de Jadraque,1.78911234,20.0,0,0,0.0,0.0,0,0.0,0,0,0,0,,,0,0.0,periferico
ES_19283,19283,Torremocha del Pinar,0.6934072,35.0,0,0,0.0,0.0,0,0.0,0,0,0,0,,,0,0.0,periferico
ES_19285,19285,Torrubia,0.88862408,25.0,0,0,0.0,0.0,0,0.0,0,0,0,0,,,0,0.0,periferico
ES_19286,19286,Tórtola de Henares,51.32974871,1380.0,0,0,0.0,0.0,0,0.0,0,0,0,0,,,0,0.0,periferico
ES_19287,19287,Tortuera,2.06755412,170.0,0,0,0.0,0.0,0,0.0,0,0,0,0,,,0,0.0,periferico
ES_19288,19288,Tortuero,0.42791422,20.0,0,0,0.0,0.0,0,0.0,0,0,0,0,,,0,0.0,periferico
ES_19289,19289,Traíd,0.45285615,22.0,0,0,0.0,0.0,0,0.0,0,0,0,0,,,0,0.0,periferico
ES_19290,19290,Trijueque,44.03342729,1569.0,0,0,0.0,0.0,0,0.0,0,0,0,0,,,0,0.0,periferico
ES_19291,19291,Trillo,8.5777491,1386.0,0,0,0.0,0.0,0,0.0,0,0,0,0,,,0,0.0,periferico
ES_19293,19293,Uceda,67.45101572,3152.0,0,0,0.0,0.0,0,0.0,0,0,0,0,,,0,0.0,periferico
ES_19294,19294,Ujados,2.19761314,26.0,0,0,0.0,0.0,0,0.0,0,0,0,0,,,0,0.0,periferico
ES_19299,19299,Valdeavellano,4.45209708,107.0,0,0,0.0,0.0,0,0.0,0,0,0,0,,,0,0.0,periferico
ES_19300,19300,Valdeaveruelo,69.30742097,1208.0,0,0,0.0,0.0,0,0.0,0,0,0,0,,,0,0.0,periferico
ES_19301,19301,Valdeconcha,2.00328594,47.0,0,0,0.0,0.0,0,0.0,0,0,0,0,,,0,0.0,periferico
ES_19302,19302,Valdegrudas,3.66628761,51.0,0,0,0.0,0.0,0,0.0,0,0,0,0,,,0,0.0,periferico
ES_19303,19303,Valdelcubo,2.74581175,38.0,0,0,0.0,0.0,0,0.0,0,0,0,0,,,0,0.0,periferico
ES_19304,19304,Valdenuño Fernández,13.50424078,335.0,0,0,0.0,0.0,0,0.0,0,0,0,0,,,0,0.0,periferico
ES_19306,19306,Valderrebollo,2.25242702,33.0,0,0,0.0,0.0,0,0.0,0,0,0,0,,,0,0.0,periferico
ES_19307,19307,Valdesotos,1.06142307,29.0,0,0,0.0,0.0,0,0.0,0,0,0,0,,,0,0.0,periferico
ES_19309,19309,Valhermoso,0.7918945,23.0,0,0,0.0,0.0,0,0.0,0,0,0,0,,,0,0.0,periferico
ES_19310,19310,Valtablado del Río,0.31753509,8.0,0,0,0.0,0.0,0,0.0,0,0,0,0,,,0,0.0,periferico
ES_19311,19311,Valverde de los Arroyos,2.01226198,91.0,0,0,0.0,0.0,0,0.0,0,0,0,0,,,0,0.0,periferico
ES_19314,19314,Viana de Jadraque,1.59775166,39.0,0,0,0.0,0.0,0,0.0,0,0,0,0,,,0,0.0,periferico
ES_19317,19317,Villanueva de Alcorón,1.45257347,144.0,0,0,0.0,0.0,0,0.0,0,0,0,0,,,0,0.0,periferico
ES_19318,19318,Villanueva de Argecilla,6.44945609,34.0,0,0,0.0,0.0,0,0.0,0,0,0,0,,,0,0.0,periferico
ES_19319,19319,Villanueva de la Torre,591.06969328,6616.0,0,0,0.0,0.0,0,0.0,0,0,0,0,,,0,0.0,periferico
ES_19321,19321,Villares de Jadraque,2.90873755,50.0,0,0,0.0,0.0,0,0.0,0,0,0,0,,,0,0.0,periferico
ES_19322,19322,Villaseca de Henares,1.45525951,25.0,0,0,0.0,0.0,0,0.0,0,0,0,0,,,0,0.0,periferico
ES_19323,19323,Villaseca de Uceda,3.68654019,49.0,0,0,0.0,0.0,0,0.0,0,0,0,0,,,0,0.0,periferico
ES_19324,19324,Villel de Mesa,4.42238891,164.0,0,0,0.0,0.0,0,0.0,0,0,0,0,,,0,0.0,periferico
ES_19325,19325,Viñuelas,12.0271978,186.0,0,0,0.0,0.0,0,0.0,0,0,0,0,,,0,0.0,periferico
ES_19327,19327,Yebra,8.78010527,496.0,0,0,0.0,0.0,0,0.0,0,0,0,0,,,0,0.0,periferico
ES_19329,19329,Yélamos de Abajo,4.73137914,59.0,0,0,0.0,0.0,0,0.0,0,0,0,0,,,0,0.0,periferico
ES_19330,19330,Yélamos de Arriba,4.6400851,85.0,0,0,0.0,0.0,0,0.0,0,0,0,0,,,0,0.0,periferico
ES_19331,19331,Yunquera de Henares,142.53699919,4425.0,0,0,0.0,0.0,0,0.0,0,0,0,0,,,0,0.0,periferico
ES_19332,19332,"Yunta, La",1.69077109,95.0,0,0,0.0,0.0,0,0.0,0,0,0,0,,,0,0.0,periferico
ES_19334,19334,Zarzuela de Jadraque,1.87319974,60.0,0,0,0.0,0.0,0,0.0,0,0,0,0,,,0,0.0,periferico
ES_19335,19335,Zorita de los Canes,2.918171,59.0,0,0,0.0,0.0,0,0.0,0,0,0,0,,,0,0.0,periferico
ES_19901,19901,Semillas,0.58085581,29.0,0,0,0.0,0.0,0,0.0,0,0,0,0,,,0,0.0,periferico
ES_20002,20002,Aduna,72.39000437,505.0,0,0,0.0,0.0,0,0.0,0,0,0,0,,,0,0.0,periferico
ES_20003,20003,Aizarnazabal,117.44668333,771.0,0,0,0.0,0.0,0,0.0,0,0,0,0,,,0,0.0,periferico
ES_20004,20004,Albiztur,24.88148068,325.0,0,0,0.0,0.0,0,0.0,0,0,0,0,,,0,0.0,periferico
ES_20005,20005,Alegia,230.39370547,1768.0,0,0,0.0,0.0,0,0.0,0,0,0,0,,,0,0.0,periferico
ES_20006,20006,Alkiza,31.07665761,370.0,0,0,0.0,0.0,0,0.0,0,0,0,0,,,0,0.0,periferico
ES_20007,20007,Altzo,45.68609792,447.0,0,0,0.0,0.0,0,0.0,0,0,0,0,,,0,0.0,periferico
ES_20008,20008,Amezketa,45.54765045,937.0,0,0,0.0,0.0,0,0.0,0,0,0,0,,,0,0.0,periferico
ES_20010,20010,Anoeta,507.51677836,2092.0,0,0,0.0,0.0,0,0.0,0,0,0,0,,,0,0.0,periferico
ES_20011,20011,Antzuola,75.01289373,2082.0,0,0,0.0,0.0,0,0.0,0,0,0,0,,,0,0.0,periferico
ES_18165,18165,Pulianas,877.99257855,5577.0,0,0,0.0,0.0,0,0.0,0,0,0,0,,,0,0.0,periferico
ES_18167,18167,Purullena,108.46070023,2327.0,0,0,0.0,0.0,0,0.0,0,0,0,0,,,0,0.0,periferico
ES_18170,18170,Rubite,14.61736591,417.0,0,0,0.0,0.0,0,0.0,0,0,0,0,,,0,0.0,periferico
ES_18173,18173,Salobreña,358.60128706,12567.0,0,0,0.0,0.0,0,0.0,0,0,0,0,,,0,0.0,periferico
ES_18174,18174,Santa Cruz del Comercio,31.16641398,527.0,0,0,0.0,0.0,0,0.0,0,0,0,0,,,0,0.0,periferico
ES_18175,18175,Santa Fe,395.16450133,15133.0,0,0,0.0,0.0,0,0.0,0,0,0,0,,,0,0.0,periferico
ES_18176,18176,Soportújar,20.47805001,290.0,0,0,0.0,0.0,0,0.0,0,0,0,0,,,0,0.0,periferico
ES_18177,18177,Sorvilán,15.26193091,524.0,0,0,0.0,0.0,0,0.0,0,0,0,0,,,0,0.0,periferico
ES_18178,18178,Torre-Cardela,48.75723677,740.0,0,0,0.0,0.0,0,0.0,0,0,0,0,,,0,0.0,periferico
ES_18179,18179,Torvizcón,12.09291566,622.0,0,0,0.0,0.0,0,0.0,0,0,0,0,,,0,0.0,periferico
ES_18182,18182,Ugíjar,38.46623893,2575.0,0,0,0.0,0.0,0,0.0,0,0,0,0,,,0,0.0,periferico
ES_18183,18183,Válor,11.74466194,688.0,0,0,0.0,0.0,0,0.0,0,0,0,0,,,0,0.0,periferico
ES_18184,18184,Vélez de Benaudalla,38.07091364,3013.0,0,0,0.0,0.0,0,0.0,0,0,0,0,,,0,0.0,periferico
ES_18185,18185,Ventas de Huelma,15.45866301,656.0,0,0,0.0,0.0,0,0.0,0,0,0,0,,,0,0.0,periferico
ES_18187,18187,Villanueva de las Torres,8.00262765,535.0,0,0,0.0,0.0,0,0.0,0,0,0,0,,,0,0.0,periferico
ES_18188,18188,Villanueva Mesía,179.52868247,2008.0,0,0,0.0,0.0,0,0.0,0,0,0,0,,,0,0.0,periferico
ES_18189,18189,Víznar,77.35337296,1004.0,0,0,0.0,0.0,0,0.0,0,0,0,0,,,0,0.0,periferico
ES_18192,18192,Zafarraya,31.45133431,2220.0,0,0,0.0,0.0,0,0.0,0,0,0,0,,,0,0.0,periferico
ES_18902,18902,"Valle, El",36.86338874,953.0,0,0,0.0,0.0,0,0.0,0,0,0,0,,,0,0.0,periferico
ES_18903,18903,Nevada,14.26768866,1103.0,0,0,0.0,0.0,0,0.0,0,0,0,0,,,0,0.0,periferico
ES_18904,18904,Alpujarra de la Sierra,14.02180883,961.0,0,0,0.0,0.0,0,0.0,0,0,0,0,,,0,0.0,periferico
ES_18905,18905,"Gabias, Las",589.10228989,23008.0,0,0,0.0,0.0,0,0.0,0,0,0,0,,,0,0.0,periferico
ES_18906,18906,"Guájares, Los",13.08921023,1169.0,0,0,0.0,0.0,0,0.0,0,0,0,0,,,0,0.0,periferico
ES_18907,18907,Valle del Zalabí,19.50782782,2120.0,0,0,0.0,0.0,0,0.0,0,0,0,0,,,0,0.0,periferico
ES_18908,18908,Villamena,48.85896827,986.0,0,0,0.0,0.0,0,0.0,0,0,0,0,,,0,0.0,periferico
ES_18909,18909,Morelábor,15.220775,587.0,0,0,0.0,0.0,0,0.0,0,0,0,0,,,0,0.0,periferico
ES_18912,18912,Cuevas del Campo,18.75420255,1812.0,0,0,0.0,0.0,0,0.0,0,0,0,0,,,0,0.0,periferico
ES_18913,18913,Zagra,76.65007123,868.0,0,0,0.0,0.0,0,0.0,0,0,0,0,,,0,0.0,periferico
ES_18914,18914,Valderrubio,372.066793,2058.0,0,0,0.0,0.0,0,0.0,0,0,0,0,,,0,0.0,periferico
ES_18915,18915,Domingo Pérez de Granada,17.35994294,845.0,0,0,0.0,0.0,0,0.0,0,0,0,0,,,0,0.0,periferico
ES_18916,18916,Torrenueva Costa,477.59899103,3113.0,0,0,0.0,0.0,0,0.0,0,0,0,0,,,0,0.0,periferico
ES_19001,19001,Abánades,1.74522729,63.0,0,0,0.0,0.0,0,0.0,0,0,0,0,,,0,0.0,periferico
ES_19002,19002,Ablanque,1.3237703,68.0,0,0,0.0,0.0,0,0.0,0,0,0,0,,,0,0.0,periferico
ES_19003,19003,Adobes,0.91859471,30.0,0,0,0.0,0.0,0,0.0,0,0,0,0,,,0,0.0,periferico
ES_19004,19004,Alaminos,3.17746276,62.0,0,0,0.0,0.0,0,0.0,0,0,0,0,,,0,0.0,periferico
ES_19006,19006,Albalate de Zorita,21.3286419,1137.0,0,0,0.0,0.0,0,0.0,0,0,0,0,,,0,0.0,periferico
ES_19007,19007,Albares,17.87428797,526.0,0,0,0.0,0.0,0,0.0,0,0,0,0,,,0,0.0,periferico
ES_19008,19008,Albendiego,2.00708459,46.0,0,0,0.0,0.0,0,0.0,0,0,0,0,,,0,0.0,periferico
ES_19009,19009,Alcocer,5.5627887,340.0,0,0,0.0,0.0,0,0.0,0,0,0,0,,,0,0.0,periferico
ES_19010,19010,Alcolea de las Peñas,0.72118085,12.0,0,0,0.0,0.0,0,0.0,0,0,0,0,,,0,0.0,periferico
ES_19011,19011,Alcolea del Pinar,2.92067744,331.0,0,0,0.0,0.0,0,0.0,0,0,0,0,,,0,0.0,periferico
ES_19015,19015,Aldeanueva de Guadalajara,6.47555556,104.0,0,0,0.0,0.0,0,0.0,0,0,0,0,,,0,0.0,periferico
ES_19017,19017,Algora,2.15123867,101.0,0,0,0.0,0.0,0,0.0,0,0,0,0,,,0,0.0,periferico
ES_19019,19019,Alique,1.28177096,14.0,0,0,0.0,0.0,0,0.0,0,0,0,0,,,0,0.0,periferico
ES_19020,19020,Almadrones,2.80607552,59.0,0,0,0.0,0.0,0,0.0,0,0,0,0,,,0,0.0,periferico
ES_19021,19021,Almoguera,11.88543165,1414.0,0,0,0.0,0.0,0,0.0,0,0,0,0,,,0,0.0,periferico
ES_19022,19022,Almonacid de Zorita,14.37727974,646.0,0,0,0.0,0.0,0,0.0,0,0,0,0,,,0,0.0,periferico
ES_19023,19023,Alocén,8.89415963,159.0,0,0,0.0,0.0,0,0.0,0,0,0,0,,,0,0.0,periferico
ES_19024,19024,Alovera,974.36454625,13459.0,0,0,0.0,0.0,0,0.0,0,0,0,0,,,0,0.0,periferico
ES_19027,19027,Alustante,1.46172797,136.0,0,0,0.0,0.0,0,0.0,0,0,0,0,,,0,0.0,periferico
ES_19031,19031,Angón,0.34261622,7.0,0,0,0.0,0.0,0,0.0,0,0,0,0,,,0,0.0,periferico
ES_19032,19032,Anguita,1.25765403,160.0,0,0,0.0,0.0,0,0.0,0,0,0,0,,,0,0.0,periferico
ES_19034,19034,Anquela del Pedregal,0.7060377,27.0,0,0,0.0,0.0,0,0.0,0,0,0,0,,,0,0.0,periferico
ES_19036,19036,Aranzueque,17.9395287,383.0,0,0,0.0,0.0,0,0.0,0,0,0,0,,,0,0.0,periferico
ES_19037,19037,Arbancón,4.21060278,147.0,0,0,0.0,0.0,0,0.0,0,0,0,0,,,0,0.0,periferico
ES_19038,19038,Arbeteta,0.3016386,19.0,0,0,0.0,0.0,0,0.0,0,0,0,0,,,0,0.0,periferico
ES_19039,19039,Argecilla,1.74610727,71.0,0,0,0.0,0.0,0,0.0,0,0,0,0,,,0,0.0,periferico
ES_19040,19040,Armallones,0.6941611,54.0,0,0,0.0,0.0,0,0.0,0,0,0,0,,,0,0.0,periferico
ES_19041,19041,Armuña de Tajuña,13.20429186,273.0,0,0,0.0,0.0,0,0.0,0,0,0,0,,,0,0.0,periferico
ES_19042,19042,Arroyo de las Fraguas,1.54468476,33.0,0,0,0.0,0.0,0,0.0,0,0,0,0,,,0,0.0,periferico
ES_19043,19043,Atanzón,3.38878243,95.0,0,0,0.0,0.0,0,0.0,0,0,0,0,,,0,0.0,periferico
ES_19044,19044,Atienza,4.21957189,440.0,0,0,0.0,0.0,0,0.0,0,0,0,0,,,0,0.0,periferico
ES_19045,19045,Auñón,2.76981037,146.0,0,0,0.0,0.0,0,0.0,0,0,0,0,,,0,0.0,periferico
ES_34042,34042,Calzada de los Molinos,11.94865696,310.0,0,0,0.0,0.0,0,0.0,0,0,0,0,,,0,0.0,periferico
ES_34045,34045,Capillas,3.88673005,71.0,0,0,0.0,0.0,0,0.0,0,0,0,0,,,0,0.0,periferico
ES_34046,34046,Cardeñosa de Volpejera,4.30836579,59.0,0,0,0.0,0.0,0,0.0,0,0,0,0,,,0,0.0,periferico
ES_34048,34048,Castil de Vela,2.38665666,57.0,0,0,0.0,0.0,0,0.0,0,0,0,0,,,0,0.0,periferico
ES_34049,34049,Castrejón de la Peña,3.11208069,331.0,0,0,0.0,0.0,0,0.0,0,0,0,0,,,0,0.0,periferico
ES_34050,34050,Castrillo de Don Juan,3.78070904,185.0,0,0,0.0,0.0,0,0.0,0,0,0,0,,,0,0.0,periferico
ES_34051,34051,Castrillo de Onielo,2.45897791,99.0,0,0,0.0,0.0,0,0.0,0,0,0,0,,,0,0.0,periferico
ES_34053,34053,Castromocho,3.83217821,203.0,0,0,0.0,0.0,0,0.0,0,0,0,0,,,0,0.0,periferico
ES_34055,34055,Cervatos de la Cueza,3.60945564,258.0,0,0,0.0,0.0,0,0.0,0,0,0,0,,,0,0.0,periferico
ES_34056,34056,Cervera de Pisuerga,6.92849064,2262.0,0,0,0.0,0.0,0,0.0,0,0,0,0,,,0,0.0,periferico
ES_34058,34058,Cevico Navero,4.0401562,178.0,0,0,0.0,0.0,0,0.0,0,0,0,0,,,0,0.0,periferico
ES_34059,34059,Cisneros,6.46359612,409.0,0,0,0.0,0.0,0,0.0,0,0,0,0,,,0,0.0,periferico
ES_34060,34060,Cobos de Cerrato,2.86179918,133.0,0,0,0.0,0.0,0,0.0,0,0,0,0,,,0,0.0,periferico
ES_34061,34061,Collazos de Boedo,5.10089762,107.0,0,0,0.0,0.0,0,0.0,0,0,0,0,,,0,0.0,periferico
ES_34062,34062,Congosto de Valdavia,2.04661464,141.0,0,0,0.0,0.0,0,0.0,0,0,0,0,,,0,0.0,periferico
ES_34063,34063,Cordovilla la Real,3.4528662,134.0,0,0,0.0,0.0,0,0.0,0,0,0,0,,,0,0.0,periferico
ES_34066,34066,Cubillas de Cerrato,2.93873906,62.0,0,0,0.0,0.0,0,0.0,0,0,0,0,,,0,0.0,periferico
ES_34067,34067,Dehesa de Montejo,3.01543137,132.0,0,0,0.0,0.0,0,0.0,0,0,0,0,,,0,0.0,periferico
ES_34069,34069,Dueñas,20.89368088,2598.0,0,0,0.0,0.0,0,0.0,0,0,0,0,,,0,0.0,periferico
ES_34070,34070,Espinosa de Cerrato,2.71641724,123.0,0,0,0.0,0.0,0,0.0,0,0,0,0,,,0,0.0,periferico
ES_34071,34071,Espinosa de Villagonzalo,4.47270936,170.0,0,0,0.0,0.0,0,0.0,0,0,0,0,,,0,0.0,periferico
ES_34073,34073,Fresno del Río,4.04329656,178.0,0,0,0.0,0.0,0,0.0,0,0,0,0,,,0,0.0,periferico
ES_34074,34074,Frómista,16.19735953,755.0,0,0,0.0,0.0,0,0.0,0,0,0,0,,,0,0.0,periferico
ES_34076,34076,Fuentes de Nava,9.79323019,593.0,0,0,0.0,0.0,0,0.0,0,0,0,0,,,0,0.0,periferico
ES_34077,34077,Fuentes de Valdepero,11.23335381,482.0,0,0,0.0,0.0,0,0.0,0,0,0,0,,,0,0.0,periferico
ES_34079,34079,Grijota,94.7525355,2698.0,0,0,0.0,0.0,0,0.0,0,0,0,0,,,0,0.0,periferico
ES_34080,34080,Guardo,89.95599903,5649.0,0,0,0.0,0.0,0,0.0,0,0,0,0,,,0,0.0,periferico
ES_34081,34081,Guaza de Campos,1.76334346,57.0,0,0,0.0,0.0,0,0.0,0,0,0,0,,,0,0.0,periferico
ES_34083,34083,Herrera de Pisuerga,19.04010007,1887.0,0,0,0.0,0.0,0,0.0,0,0,0,0,,,0,0.0,periferico
ES_34084,34084,Herrera de Valdecañas,5.4765922,151.0,0,0,0.0,0.0,0,0.0,0,0,0,0,,,0,0.0,periferico
ES_34087,34087,Hornillos de Cerrato,4.83748574,171.0,0,0,0.0,0.0,0,0.0,0,0,0,0,,,0,0.0,periferico
ES_34088,34088,Husillos,24.03220612,393.0,0,0,0.0,0.0,0,0.0,0,0,0,0,,,0,0.0,periferico
ES_34091,34091,Lagartos,2.78053233,121.0,0,0,0.0,0.0,0,0.0,0,0,0,0,,,0,0.0,periferico
ES_34092,34092,Lantadilla,9.70765948,281.0,0,0,0.0,0.0,0,0.0,0,0,0,0,,,0,0.0,periferico
ES_34093,34093,"Vid de Ojeda, La",4.73295734,95.0,0,0,0.0,0.0,0,0.0,0,0,0,0,,,0,0.0,periferico
ES_31017,31017,Anue,7.99063296,491.0,0,0,0.0,0.0,0,0.0,0,0,0,0,,,0,0.0,periferico
ES_31018,31018,Añorbe,26.21653248,632.0,0,0,0.0,0.0,0,0.0,0,0,0,0,,,0,0.0,periferico
ES_31019,31019,Aoiz,218.80164935,2964.0,0,0,0.0,0.0,0,0.0,0,0,0,0,,,0,0.0,periferico
ES_31020,31020,Araitz,13.6108053,528.0,0,0,0.0,0.0,0,0.0,0,0,0,0,,,0,0.0,periferico
ES_31021,31021,Aranarache,18.62088189,70.0,0,0,0.0,0.0,0,0.0,0,0,0,0,,,0,0.0,periferico
ES_31023,31023,Aranguren,308.01024135,12513.0,0,0,0.0,0.0,0,0.0,0,0,0,0,,,0,0.0,periferico
ES_31024,31024,Arano,8.10693421,110.0,0,0,0.0,0.0,0,0.0,0,0,0,0,,,0,0.0,periferico
ES_31026,31026,Aras,8.33564539,148.0,0,0,0.0,0.0,0,0.0,0,0,0,0,,,0,0.0,periferico
ES_31027,31027,Arbizu,77.02859004,1122.0,0,0,0.0,0.0,0,0.0,0,0,0,0,,,0,0.0,periferico
ES_31028,31028,Arce,2.01426608,293.0,0,0,0.0,0.0,0,0.0,0,0,0,0,,,0,0.0,periferico
ES_31030,31030,Arellano,9.54453216,161.0,0,0,0.0,0.0,0,0.0,0,0,0,0,,,0,0.0,periferico
ES_31032,31032,Arguedas,34.48291175,2308.0,0,0,0.0,0.0,0,0.0,0,0,0,0,,,0,0.0,periferico
ES_31033,31033,Aria,5.89924346,49.0,0,0,0.0,0.0,0,0.0,0,0,0,0,,,0,0.0,periferico
ES_31035,31035,Armañanzas,4.45027929,55.0,0,0,0.0,0.0,0,0.0,0,0,0,0,,,0,0.0,periferico
ES_31036,31036,Arróniz,18.77360027,1037.0,0,0,0.0,0.0,0,0.0,0,0,0,0,,,0,0.0,periferico
ES_31037,31037,Arruazu,20.79938922,119.0,0,0,0.0,0.0,0,0.0,0,0,0,0,,,0,0.0,periferico
ES_31038,31038,Artajona,26.39806919,1772.0,0,0,0.0,0.0,0,0.0,0,0,0,0,,,0,0.0,periferico
ES_31039,31039,Artazu,19.55682582,118.0,0,0,0.0,0.0,0,0.0,0,0,0,0,,,0,0.0,periferico
ES_31041,31041,Ayegui,262.94917045,2527.0,0,0,0.0,0.0,0,0.0,0,0,0,0,,,0,0.0,periferico
ES_31042,31042,Azagra,111.00655394,3741.0,0,0,0.0,0.0,0,0.0,0,0,0,0,,,0,0.0,periferico
ES_31043,31043,Azuelo,3.52820184,37.0,0,0,0.0,0.0,0,0.0,0,0,0,0,,,0,0.0,periferico
ES_31045,31045,Barásoain,43.34748361,604.0,0,0,0.0,0.0,0,0.0,0,0,0,0,,,0,0.0,periferico
ES_31046,31046,Barbarin,5.51081339,46.0,0,0,0.0,0.0,0,0.0,0,0,0,0,,,0,0.0,periferico
ES_31047,31047,Bargota,10.13570306,257.0,0,0,0.0,0.0,0,0.0,0,0,0,0,,,0,0.0,periferico
ES_31048,31048,Barillas,89.45618515,260.0,0,0,0.0,0.0,0,0.0,0,0,0,0,,,0,0.0,periferico
ES_31050,31050,Baztan,21.07623993,7818.0,0,0,0.0,0.0,0,0.0,0,0,0,0,,,0,0.0,periferico
ES_31051,31051,Beire,13.46307603,300.0,0,0,0.0,0.0,0,0.0,0,0,0,0,,,0,0.0,periferico
ES_31052,31052,Belascoáin,22.71664117,138.0,0,0,0.0,0.0,0,0.0,0,0,0,0,,,0,0.0,periferico
ES_31053,31053,Berbinzana,51.90629134,672.0,0,0,0.0,0.0,0,0.0,0,0,0,0,,,0,0.0,periferico
ES_31055,31055,Betelu,51.94671264,374.0,0,0,0.0,0.0,0,0.0,0,0,0,0,,,0,0.0,periferico
ES_31056,31056,Biurrun-Olcoz,15.67161035,246.0,0,0,0.0,0.0,0,0.0,0,0,0,0,,,0,0.0,periferico
ES_31057,31057,Buñuel,63.34515188,2305.0,0,0,0.0,0.0,0,0.0,0,0,0,0,,,0,0.0,periferico
ES_31060,31060,Burlada,9859.21949495,20819.0,0,0,0.0,0.0,0,0.0,0,0,0,0,,,0,0.0,periferico
ES_31061,31061,"Busto, El",7.53133131,54.0,0,0,0.0,0.0,0,0.0,0,0,0,0,,,0,0.0,periferico
ES_31062,31062,Cabanillas,38.68609709,1378.0,0,0,0.0,0.0,0,0.0,0,0,0,0,,,0,0.0,periferico
ES_31063,31063,Cabredo,6.20542536,74.0,0,0,0.0,0.0,0,0.0,0,0,0,0,,,0,0.0,periferico
ES_31064,31064,Cadreita,80.58356571,2188.0,0,0,0.0,0.0,0,0.0,0,0,0,0,,,0,0.0,periferico
ES_31066,31066,Cárcar,28.34957704,1146.0,0,0,0.0,0.0,0,0.0,0,0,0,0,,,0,0.0,periferico
ES_35023,35023,Santa María de Guía de Gran C,328.9583925,13971.0,0,0,0.0,0.0,0,0.0,0,0,0,0,,,0,0.0,periferico
ES_35025,35025,Tejeda,17.77235562,1846.0,0,0,0.0,0.0,0,0.0,0,0,0,0,,,0,0.0,periferico
ES_35026,35026,Telde,1025.3201605,103240.0,0,0,0.0,0.0,0,0.0,0,0,0,0,,,0,0.0,periferico
ES_35027,35027,Teror,497.26217661,12831.0,0,0,0.0,0.0,0,0.0,0,0,0,0,,,0,0.0,periferico
ES_35028,35028,Tías,331.5976681,21296.0,0,0,0.0,0.0,0,0.0,0,0,0,0,,,0,0.0,periferico
ES_35029,35029,Tinajo,49.46390083,6725.0,0,0,0.0,0.0,0,0.0,0,0,0,0,,,0,0.0,periferico
ES_35030,35030,Tuineje,58.08554214,16031.0,0,0,0.0,0.0,0,0.0,0,0,0,0,,,0,0.0,periferico
ES_35031,35031,Valsequillo de Gran Canaria,249.82395227,9693.0,0,0,0.0,0.0,0,0.0,0,0,0,0,,,0,0.0,periferico
ES_35034,35034,Yaiza,81.47432001,17268.0,0,0,0.0,0.0,0,0.0,0,0,0,0,,,0,0.0,periferico
ES_36001,36001,Arbo,62.82687616,2680.0,0,0,0.0,0.0,0,0.0,0,0,0,0,,,0,0.0,periferico
ES_36002,36002,Barro,97.54637431,3665.0,0,0,0.0,0.0,0,0.0,0,0,0,0,,,0,0.0,periferico
ES_36003,36003,Baiona,363.71215061,12525.0,0,0,0.0,0.0,0,0.0,0,0,0,0,,,0,0.0,periferico
ES_36004,36004,Bueu,387.00650752,11918.0,0,0,0.0,0.0,0,0.0,0,0,0,0,,,0,0.0,periferico
ES_36005,36005,Caldas de Reis,140.81517662,9618.0,0,0,0.0,0.0,0,0.0,0,0,0,0,,,0,0.0,periferico
ES_36006,36006,Cambados,588.91840657,13774.0,0,0,0.0,0.0,0,0.0,0,0,0,0,,,0,0.0,periferico
ES_36007,36007,Campo Lameiro,27.00478585,1721.0,0,0,0.0,0.0,0,0.0,0,0,0,0,,,0,0.0,periferico
ES_36013,36013,Covelo,19.02368178,2561.0,0,0,0.0,0.0,0,0.0,0,0,0,0,,,0,0.0,periferico
ES_36014,36014,Crecente,35.04366139,2013.0,0,0,0.0,0.0,0,0.0,0,0,0,0,,,0,0.0,periferico
ES_36015,36015,Cuntis,56.85674199,4539.0,0,0,0.0,0.0,0,0.0,0,0,0,0,,,0,0.0,periferico
ES_36016,36016,Dozón,15.17468041,1126.0,0,0,0.0,0.0,0,0.0,0,0,0,0,,,0,0.0,periferico
ES_36017,36017,"Estrada, A",71.5097046,20075.0,0,0,0.0,0.0,0,0.0,0,0,0,0,,,0,0.0,periferico
ES_36018,36018,Forcarei,18.84934097,3198.0,0,0,0.0,0.0,0,0.0,0,0,0,0,,,0,0.0,periferico
ES_36019,36019,Fornelos de Montes,21.42757834,1693.0,0,0,0.0,0.0,0,0.0,0,0,0,0,,,0,0.0,periferico
ES_36020,36020,Agolada,15.6848576,2319.0,0,0,0.0,0.0,0,0.0,0,0,0,0,,,0,0.0,periferico
ES_36023,36023,"Guarda, A",488.45960368,10020.0,0,0,0.0,0.0,0,0.0,0,0,0,0,,,0,0.0,periferico
ES_36024,36024,Lalín,61.8941746,20231.0,0,0,0.0,0.0,0,0.0,0,0,0,0,,,0,0.0,periferico
ES_36025,36025,"Lama, A",22.75397524,2543.0,0,0,0.0,0.0,0,0.0,0,0,0,0,,,0,0.0,periferico
ES_36026,36026,Marín,660.66720209,24202.0,0,0,0.0,0.0,0,0.0,0,0,0,0,,,0,0.0,periferico
ES_36027,36027,Meaño,189.59317231,5260.0,0,0,0.0,0.0,0,0.0,0,0,0,0,,,0,0.0,periferico
ES_36028,36028,Meis,89.97356993,4713.0,0,0,0.0,0.0,0,0.0,0,0,0,0,,,0,0.0,periferico
ES_36029,36029,Moaña,551.4919872,19314.0,0,0,0.0,0.0,0,0.0,0,0,0,0,,,0,0.0,periferico
ES_36030,36030,Mondariz,54.10540629,4457.0,0,0,0.0,0.0,0,0.0,0,0,0,0,,,0,0.0,periferico
ES_36032,36032,Moraña,100.62991857,4144.0,0,0,0.0,0.0,0,0.0,0,0,0,0,,,0,0.0,periferico
ES_36034,36034,"Neves, As",56.78296804,3737.0,0,0,0.0,0.0,0,0.0,0,0,0,0,,,0,0.0,periferico
ES_36035,36035,Nigrán,519.07618221,18038.0,0,0,0.0,0.0,0,0.0,0,0,0,0,,,0,0.0,periferico
ES_36036,36036,Oia,37.20615353,3099.0,0,0,0.0,0.0,0,0.0,0,0,0,0,,,0,0.0,periferico
ES_36037,36037,Pazos de Borbén,59.96461889,2998.0,0,0,0.0,0.0,0,0.0,0,0,0,0,,,0,0.0,periferico
ES_36038,36038,Pontevedra,698.11208196,82592.0,0,0,0.0,0.0,0,0.0,0,0,0,0,,,0,0.0,periferico
ES_36039,36039,"Porriño, O",336.06480474,20546.0,0,0,0.0,0.0,0,0.0,0,0,0,0,,,0,0.0,periferico
ES_36041,36041,Poio,510.14379205,17306.0,0,0,0.0,0.0,0,0.0,0,0,0,0,,,0,0.0,periferico
ES_36044,36044,Pontecesures,463.91021972,3099.0,0,0,0.0,0.0,0,0.0,0,0,0,0,,,0,0.0,periferico
ES_36045,36045,Redondela,556.74899983,28987.0,0,0,0.0,0.0,0,0.0,0,0,0,0,,,0,0.0,periferico
ES_36046,36046,Ribadumia,263.53113153,5199.0,0,0,0.0,0.0,0,0.0,0,0,0,0,,,0,0.0,periferico
ES_36047,36047,Rodeiro,14.84203239,2299.0,0,0,0.0,0.0,0,0.0,0,0,0,0,,,0,0.0,periferico
ES_36048,36048,"Rosal, O",148.22040725,6538.0,0,0,0.0,0.0,0,0.0,0,0,0,0,,,0,0.0,periferico
ES_36049,36049,Salceda de Caselas,261.72517427,9405.0,0,0,0.0,0.0,0,0.0,0,0,0,0,,,0,0.0,periferico
ES_36050,36050,Salvaterra de Miño,164.60054061,10292.0,0,0,0.0,0.0,0,0.0,0,0,0,0,,,0,0.0,periferico
ES_36051,36051,Sanxenxo,395.84205526,17837.0,0,0,0.0,0.0,0,0.0,0,0,0,0,,,0,0.0,periferico
ES_36053,36053,Soutomaior,303.66967684,7588.0,0,0,0.0,0.0,0,0.0,0,0,0,0,,,0,0.0,periferico
ES_36055,36055,Tui,255.00674303,17424.0,0,0,0.0,0.0,0,0.0,0,0,0,0,,,0,0.0,periferico
ES_36056,36056,Valga,140.52756416,5710.0,0,0,0.0,0.0,0,0.0,0,0,0,0,,,0,0.0,periferico
ES_36057,36057,Vigo,2706.66122392,294910.0,0,0,0.0,0.0,0,0.0,0,0,0,0,,,0,0.0,periferico
ES_36059,36059,Vila de Cruces,32.75286717,5074.0,0,0,0.0,0.0,0,0.0,0,0,0,0,,,0,0.0,periferico
ES_36061,36061,Vilanova de Arousa,304.95127989,10241.0,0,0,0.0,0.0,0,0.0,0,0,0,0,,,0,0.0,periferico
ES_36901,36901,"Illa de Arousa, A",731.21860956,4881.0,0,0,0.0,0.0,0,0.0,0,0,0,0,,,0,0.0,periferico
ES_37001,37001,Abusejo,6.49255594,150.0,0,0,0.0,0.0,0,0.0,0,0,0,0,,,0,0.0,periferico
ES_37002,37002,Agallas,2.82425567,126.0,0,0,0.0,0.0,0,0.0,0,0,0,0,,,0,0.0,periferico
ES_37003,37003,Ahigal de los Aceiteros,3.36765062,94.0,0,0,0.0,0.0,0,0.0,0,0,0,0,,,0,0.0,periferico
ES_37004,37004,Ahigal de Villarino,1.28738897,31.0,0,0,0.0,0.0,0,0.0,0,0,0,0,,,0,0.0,periferico
ES_20013,20013,Aretxabaleta,266.16639178,7150.0,0,0,0.0,0.0,0,0.0,0,0,0,0,,,0,0.0,periferico
ES_20015,20015,Ataun,28.7265577,1690.0,0,0,0.0,0.0,0,0.0,0,0,0,0,,,0,0.0,periferico
ES_20016,20016,Aia,38.62127045,2135.0,0,0,0.0,0.0,0,0.0,0,0,0,0,,,0,0.0,periferico
ES_20017,20017,Azkoitia,212.12768479,11608.0,0,0,0.0,0.0,0,0.0,0,0,0,0,,,0,0.0,periferico
ES_20018,20018,Azpeitia,218.07085753,15133.0,0,0,0.0,0.0,0,0.0,0,0,0,0,,,0,0.0,periferico
ES_20020,20020,Beizama,8.04208877,133.0,0,0,0.0,0.0,0,0.0,0,0,0,0,,,0,0.0,periferico
ES_20021,20021,Belauntza,83.60251223,286.0,0,0,0.0,0.0,0,0.0,0,0,0,0,,,0,0.0,periferico
ES_20022,20022,Berastegi,23.59121889,1082.0,0,0,0.0,0.0,0,0.0,0,0,0,0,,,0,0.0,periferico
ES_20024,20024,Bidania-Goiatz,40.32568788,538.0,0,0,0.0,0.0,0,0.0,0,0,0,0,,,0,0.0,periferico
ES_20025,20025,Zegama,43.88626575,1540.0,0,0,0.0,0.0,0,0.0,0,0,0,0,,,0,0.0,periferico
ES_20026,20026,Zerain,27.25383607,282.0,0,0,0.0,0.0,0,0.0,0,0,0,0,,,0,0.0,periferico
ES_20027,20027,Zestoa,86.4659677,3777.0,0,0,0.0,0.0,0,0.0,0,0,0,0,,,0,0.0,periferico
ES_20028,20028,Zizurkil,191.42598336,2967.0,0,0,0.0,0.0,0,0.0,0,0,0,0,,,0,0.0,periferico
ES_20029,20029,Deba,106.90995729,5380.0,0,0,0.0,0.0,0,0.0,0,0,0,0,,,0,0.0,periferico
ES_20031,20031,Elduain,9.44891869,237.0,0,0,0.0,0.0,0,0.0,0,0,0,0,,,0,0.0,periferico
ES_20033,20033,Elgeta,66.49043433,1119.0,0,0,0.0,0.0,0,0.0,0,0,0,0,,,0,0.0,periferico
ES_20034,20034,Eskoriatza,103.63059909,4187.0,0,0,0.0,0.0,0,0.0,0,0,0,0,,,0,0.0,periferico
ES_20035,20035,Ezkio-Itsaso,28.47016016,604.0,0,0,0.0,0.0,0,0.0,0,0,0,0,,,0,0.0,periferico
ES_20036,20036,Hondarribia,589.51284909,16888.0,0,0,0.0,0.0,0,0.0,0,0,0,0,,,0,0.0,periferico
ES_20037,20037,Gaintza,20.87402063,124.0,0,0,0.0,0.0,0,0.0,0,0,0,0,,,0,0.0,periferico
ES_20038,20038,Gabiria,33.88530223,504.0,0,0,0.0,0.0,0,0.0,0,0,0,0,,,0,0.0,periferico
ES_20039,20039,Getaria,270.07520598,2870.0,0,0,0.0,0.0,0,0.0,0,0,0,0,,,0,0.0,periferico
ES_20043,20043,Idiazabal,77.22415657,2274.0,0,0,0.0,0.0,0,0.0,0,0,0,0,,,0,0.0,periferico
ES_20044,20044,Ikaztegieta,243.32339626,486.0,0,0,0.0,0.0,0,0.0,0,0,0,0,,,0,0.0,periferico
ES_20045,20045,Irun,1505.65183942,62853.0,0,0,0.0,0.0,0,0.0,0,0,0,0,,,0,0.0,periferico
ES_20046,20046,Irura,634.03500086,1888.0,0,0,0.0,0.0,0,0.0,0,0,0,0,,,0,0.0,periferico
ES_20047,20047,Itsasondo,72.95877374,654.0,0,0,0.0,0.0,0,0.0,0,0,0,0,,,0,0.0,periferico
ES_37028,37028,Almendra,3.19925852,125.0,0,0,0.0,0.0,0,0.0,0,0,0,0,,,0,0.0,periferico
ES_37031,37031,Arabayona de Mógica,14.46522806,336.0,0,0,0.0,0.0,0,0.0,0,0,0,0,,,0,0.0,periferico
ES_37032,37032,Arapiles,28.82312466,728.0,0,0,0.0,0.0,0,0.0,0,0,0,0,,,0,0.0,periferico
ES_37033,37033,Arcediano,8.8004315,101.0,0,0,0.0,0.0,0,0.0,0,0,0,0,,,0,0.0,periferico
ES_37034,37034,"Arco, El",13.09312734,93.0,0,0,0.0,0.0,0,0.0,0,0,0,0,,,0,0.0,periferico
ES_37035,37035,Armenteros,6.62861465,258.0,0,0,0.0,0.0,0,0.0,0,0,0,0,,,0,0.0,periferico
ES_37036,37036,San Miguel del Robledo,4.62379529,48.0,0,0,0.0,0.0,0,0.0,0,0,0,0,,,0,0.0,periferico
ES_37037,37037,"Atalaya, La",4.14585361,100.0,0,0,0.0,0.0,0,0.0,0,0,0,0,,,0,0.0,periferico
ES_37038,37038,Babilafuente,41.00527595,927.0,0,0,0.0,0.0,0,0.0,0,0,0,0,,,0,0.0,periferico
ES_37039,37039,Bañobárez,5.52397841,279.0,0,0,0.0,0.0,0,0.0,0,0,0,0,,,0,0.0,periferico
ES_37040,37040,Barbadillo,11.0784158,400.0,0,0,0.0,0.0,0,0.0,0,0,0,0,,,0,0.0,periferico
ES_37044,37044,Barruecopardo,11.06851602,419.0,0,0,0.0,0.0,0,0.0,0,0,0,0,,,0,0.0,periferico
ES_37045,37045,"Bastida, La",1.56353276,29.0,0,0,0.0,0.0,0,0.0,0,0,0,0,,,0,0.0,periferico
ES_37046,37046,Béjar,262.63302771,12010.0,0,0,0.0,0.0,0,0.0,0,0,0,0,,,0,0.0,periferico
ES_37047,37047,Beleña,10.40678683,277.0,0,0,0.0,0.0,0,0.0,0,0,0,0,,,0,0.0,periferico
ES_37049,37049,Bermellar,4.60413452,131.0,0,0,0.0,0.0,0,0.0,0,0,0,0,,,0,0.0,periferico
ES_37050,37050,Berrocal de Huebra,1.93730199,75.0,0,0,0.0,0.0,0,0.0,0,0,0,0,,,0,0.0,periferico
ES_37052,37052,Boada,9.09596394,275.0,0,0,0.0,0.0,0,0.0,0,0,0,0,,,0,0.0,periferico
ES_37056,37056,"Bouza, La",3.22790903,47.0,0,0,0.0,0.0,0,0.0,0,0,0,0,,,0,0.0,periferico
ES_37057,37057,Bóveda del Río Almar,8.64513425,199.0,0,0,0.0,0.0,0,0.0,0,0,0,0,,,0,0.0,periferico
ES_37058,37058,Brincones,4.03432092,60.0,0,0,0.0,0.0,0,0.0,0,0,0,0,,,0,0.0,periferico
ES_37059,37059,Buenamadre,1.95870742,116.0,0,0,0.0,0.0,0,0.0,0,0,0,0,,,0,0.0,periferico
ES_37060,37060,Buenavista,13.73936211,372.0,0,0,0.0,0.0,0,0.0,0,0,0,0,,,0,0.0,periferico
ES_37061,37061,"Cabaco, El",4.98274777,236.0,0,0,0.0,0.0,0,0.0,0,0,0,0,,,0,0.0,periferico
ES_37062,37062,Cabezabellosa de la Calzada,8.83705159,75.0,0,0,0.0,0.0,0,0.0,0,0,0,0,,,0,0.0,periferico
ES_37063,37063,"Cabeza de Béjar, La",4.24329928,59.0,0,0,0.0,0.0,0,0.0,0,0,0,0,,,0,0.0,periferico
ES_37068,37068,Cabrillas,13.03537749,324.0,0,0,0.0,0.0,0,0.0,0,0,0,0,,,0,0.0,periferico
ES_37069,37069,Calvarrasa de Abajo,42.33589536,1192.0,0,0,0.0,0.0,0,0.0,0,0,0,0,,,0,0.0,periferico
ES_37070,37070,Calvarrasa de Arriba,23.15550658,596.0,0,0,0.0,0.0,0,0.0,0,0,0,0,,,0,0.0,periferico
ES_37071,37071,"Calzada de Béjar, La",9.41705221,89.0,0,0,0.0,0.0,0,0.0,0,0,0,0,,,0,0.0,periferico
ES_37072,37072,Calzada de Don Diego,3.1318,138.0,0,0,0.0,0.0,0,0.0,0,0,0,0,,,0,0.0,periferico
ES_37073,37073,Calzada de Valdunciel,35.2957924,707.0,0,0,0.0,0.0,0,0.0,0,0,0,0,,,0,0.0,periferico
ES_37074,37074,Campillo de Azaba,5.376674,140.0,0,0,0.0,0.0,0,0.0,0,0,0,0,,,0,0.0,periferico
ES_37077,37077,"Campo de Peñaranda, El",5.79843982,262.0,0,0,0.0,0.0,0,0.0,0,0,0,0,,,0,0.0,periferico
ES_37078,37078,Candelario,13.96749058,841.0,0,0,0.0,0.0,0,0.0,0,0,0,0,,,0,0.0,periferico
ES_37079,37079,Canillas de Abajo,1.93456275,75.0,0,0,0.0,0.0,0,0.0,0,0,0,0,,,0,0.0,periferico
ES_33009,33009,Cabranes,28.90127606,1107.0,0,0,0.0,0.0,0,0.0,0,0,0,0,,,0,0.0,periferico
ES_33010,33010,Candamo,26.86570482,1934.0,0,0,0.0,0.0,0,0.0,0,0,0,0,,,0,0.0,periferico
ES_33011,33011,Cangas del Narcea,14.09904305,11611.0,0,0,0.0,0.0,0,0.0,0,0,0,0,,,0,0.0,periferico
ES_33013,33013,Caravia,37.72690992,499.0,0,0,0.0,0.0,0,0.0,0,0,0,0,,,0,0.0,periferico
ES_33015,33015,Caso,4.73007324,1451.0,0,0,0.0,0.0,0,0.0,0,0,0,0,,,0,0.0,periferico
ES_33016,33016,Castrillón,400.31371637,22107.0,0,0,0.0,0.0,0,0.0,0,0,0,0,,,0,0.0,periferico
ES_33017,33017,Castropol,26.16563509,3287.0,0,0,0.0,0.0,0,0.0,0,0,0,0,,,0,0.0,periferico
ES_33018,33018,Coaña,50.18256827,3300.0,0,0,0.0,0.0,0,0.0,0,0,0,0,,,0,0.0,periferico
ES_33019,33019,Colunga,32.79135959,3199.0,0,0,0.0,0.0,0,0.0,0,0,0,0,,,0,0.0,periferico
ES_22165,22165,Ontiñena,3.78245812,518.0,0,0,0.0,0.0,0,0.0,0,0,0,0,,,0,0.0,periferico
ES_22168,22168,Palo,2.15262998,31.0,0,0,0.0,0.0,0,0.0,0,0,0,0,,,0,0.0,periferico
ES_22172,22172,Peñalba,4.70392376,737.0,0,0,0.0,0.0,0,0.0,0,0,0,0,,,0,0.0,periferico
ES_22173,22173,"Peñas de Riglos, Las",1.24845188,272.0,0,0,0.0,0.0,0,0.0,0,0,0,0,,,0,0.0,periferico
ES_22174,22174,Peralta de Alcofea,5.31156156,617.0,0,0,0.0,0.0,0,0.0,0,0,0,0,,,0,0.0,periferico
ES_22175,22175,Peralta de Calasanz,2.35144604,270.0,0,0,0.0,0.0,0,0.0,0,0,0,0,,,0,0.0,periferico
ES_22176,22176,Peraltilla,13.82599237,224.0,0,0,0.0,0.0,0,0.0,0,0,0,0,,,0,0.0,periferico
ES_22177,22177,Perarrúa,3.72820675,112.0,0,0,0.0,0.0,0,0.0,0,0,0,0,,,0,0.0,periferico
ES_22178,22178,Pertusa,4.70344309,138.0,0,0,0.0,0.0,0,0.0,0,0,0,0,,,0,0.0,periferico
ES_22181,22181,Piracés,3.85659616,97.0,0,0,0.0,0.0,0,0.0,0,0,0,0,,,0,0.0,periferico
ES_22184,22184,Poleñino,5.93889365,196.0,0,0,0.0,0.0,0,0.0,0,0,0,0,,,0,0.0,periferico
ES_22188,22188,Puente de Montañana,2.06613686,100.0,0,0,0.0,0.0,0,0.0,0,0,0,0,,,0,0.0,periferico
ES_22189,22189,Puértolas,2.24067154,224.0,0,0,0.0,0.0,0,0.0,0,0,0,0,,,0,0.0,periferico
ES_22190,22190,"Pueyo de Araguás, El",2.79043514,173.0,0,0,0.0,0.0,0,0.0,0,0,0,0,,,0,0.0,periferico
ES_22193,22193,Pueyo de Santa Cruz,35.50396705,330.0,0,0,0.0,0.0,0,0.0,0,0,0,0,,,0,0.0,periferico
ES_22195,22195,Quicena,33.97012568,328.0,0,0,0.0,0.0,0,0.0,0,0,0,0,,,0,0.0,periferico
ES_22197,22197,Robres,8.17876992,526.0,0,0,0.0,0.0,0,0.0,0,0,0,0,,,0,0.0,periferico
ES_22200,22200,Sahún,4.40810488,321.0,0,0,0.0,0.0,0,0.0,0,0,0,0,,,0,0.0,periferico
ES_22201,22201,Salas Altas,14.71721195,305.0,0,0,0.0,0.0,0,0.0,0,0,0,0,,,0,0.0,periferico
ES_22203,22203,Salillas,3.66782067,104.0,0,0,0.0,0.0,0,0.0,0,0,0,0,,,0,0.0,periferico
ES_22204,22204,Sallent de Gállego,9.65195335,1562.0,0,0,0.0,0.0,0,0.0,0,0,0,0,,,0,0.0,periferico
ES_22205,22205,San Esteban de Litera,8.62035978,620.0,0,0,0.0,0.0,0,0.0,0,0,0,0,,,0,0.0,periferico
ES_22206,22206,Sangarrén,6.61352741,213.0,0,0,0.0,0.0,0,0.0,0,0,0,0,,,0,0.0,periferico
ES_22207,22207,San Juan de Plan,2.77399107,154.0,0,0,0.0,0.0,0,0.0,0,0,0,0,,,0,0.0,periferico
ES_22208,22208,Santa Cilia,9.1190341,256.0,0,0,0.0,0.0,0,0.0,0,0,0,0,,,0,0.0,periferico
ES_22209,22209,Santa Cruz de la Serós,7.0857816,191.0,0,0,0.0,0.0,0,0.0,0,0,0,0,,,0,0.0,periferico
ES_22212,22212,Santaliestra y San Quílez,3.29771507,77.0,0,0,0.0,0.0,0,0.0,0,0,0,0,,,0,0.0,periferico
ES_22214,22214,Secastilla,3.20680862,152.0,0,0,0.0,0.0,0,0.0,0,0,0,0,,,0,0.0,periferico
ES_22217,22217,Sena,4.62287897,484.0,0,0,0.0,0.0,0,0.0,0,0,0,0,,,0,0.0,periferico
ES_22218,22218,Senés de Alcubierre,2.19244502,45.0,0,0,0.0,0.0,0,0.0,0,0,0,0,,,0,0.0,periferico
ES_22220,22220,Sesa,5.08976952,157.0,0,0,0.0,0.0,0,0.0,0,0,0,0,,,0,0.0,periferico
ES_22221,22221,Sesué,23.75817317,125.0,0,0,0.0,0.0,0,0.0,0,0,0,0,,,0,0.0,periferico
ES_22222,22222,Siétamo,14.10696854,691.0,0,0,0.0,0.0,0,0.0,0,0,0,0,,,0,0.0,periferico
ES_22223,22223,Sopeira,2.08777665,92.0,0,0,0.0,0.0,0,0.0,0,0,0,0,,,0,0.0,periferico
ES_22225,22225,Tamarite de Litera,30.59999107,3395.0,0,0,0.0,0.0,0,0.0,0,0,0,0,,,0,0.0,periferico
ES_22228,22228,Tierz,125.97305008,824.0,0,0,0.0,0.0,0,0.0,0,0,0,0,,,0,0.0,periferico
ES_22229,22229,Tolva,2.10446582,124.0,0,0,0.0,0.0,0,0.0,0,0,0,0,,,0,0.0,periferico
ES_22230,22230,Torla-Ordesa,1.7753396,329.0,0,0,0.0,0.0,0,0.0,0,0,0,0,,,0,0.0,periferico
ES_37328,37328,Trabanca,5.8954526,175.0,0,0,0.0,0.0,0,0.0,0,0,0,0,,,0,0.0,periferico
ES_37330,37330,Valdecarros,11.53357395,314.0,0,0,0.0,0.0,0,0.0,0,0,0,0,,,0,0.0,periferico
ES_37331,37331,Valdefuentes de Sangusín,5.40837279,187.0,0,0,0.0,0.0,0,0.0,0,0,0,0,,,0,0.0,periferico
ES_37332,37332,Valdehijaderos,7.06217873,83.0,0,0,0.0,0.0,0,0.0,0,0,0,0,,,0,0.0,periferico
ES_37333,37333,Valdelacasa,23.97958092,197.0,0,0,0.0,0.0,0,0.0,0,0,0,0,,,0,0.0,periferico
ES_37336,37336,Valdemierque,3.34774323,58.0,0,0,0.0,0.0,0,0.0,0,0,0,0,,,0,0.0,periferico
ES_37337,37337,Valderrodrigo,5.86129563,131.0,0,0,0.0,0.0,0,0.0,0,0,0,0,,,0,0.0,periferico
ES_37338,37338,Valdunciel,3.04087058,101.0,0,0,0.0,0.0,0,0.0,0,0,0,0,,,0,0.0,periferico
ES_37339,37339,Valero,11.57716484,304.0,0,0,0.0,0.0,0,0.0,0,0,0,0,,,0,0.0,periferico
ES_37340,37340,Valsalabroso,4.34582052,119.0,0,0,0.0,0.0,0,0.0,0,0,0,0,,,0,0.0,periferico
ES_37341,37341,Valverde de Valdelacasa,7.107243,54.0,0,0,0.0,0.0,0,0.0,0,0,0,0,,,0,0.0,periferico
ES_37342,37342,Valverdón,12.13945588,267.0,0,0,0.0,0.0,0,0.0,0,0,0,0,,,0,0.0,periferico
ES_37343,37343,Vallejera de Riofrío,9.3628426,68.0,0,0,0.0,0.0,0,0.0,0,0,0,0,,,0,0.0,periferico
ES_37346,37346,"Veguillas, Las",6.27622908,274.0,0,0,0.0,0.0,0,0.0,0,0,0,0,,,0,0.0,periferico
ES_37347,37347,"Vellés, La",20.38548547,520.0,0,0,0.0,0.0,0,0.0,0,0,0,0,,,0,0.0,periferico
ES_37348,37348,Ventosa del Río Almar,5.77463003,104.0,0,0,0.0,0.0,0,0.0,0,0,0,0,,,0,0.0,periferico
ES_37349,37349,"Vídola, La",3.781499,112.0,0,0,0.0,0.0,0,0.0,0,0,0,0,,,0,0.0,periferico
ES_37350,37350,Vilvestre,8.47248295,394.0,0,0,0.0,0.0,0,0.0,0,0,0,0,,,0,0.0,periferico
ES_37351,37351,Villaflores,6.18659121,260.0,0,0,0.0,0.0,0,0.0,0,0,0,0,,,0,0.0,periferico
ES_37352,37352,Villagonzalo de Tormes,8.97024255,229.0,0,0,0.0,0.0,0,0.0,0,0,0,0,,,0,0.0,periferico
ES_37353,37353,Villalba de los Llanos,3.0699303,113.0,0,0,0.0,0.0,0,0.0,0,0,0,0,,,0,0.0,periferico
ES_37355,37355,Villanueva del Conde,13.76909371,179.0,0,0,0.0,0.0,0,0.0,0,0,0,0,,,0,0.0,periferico
ES_37356,37356,Villar de Argañán,3.23045096,97.0,0,0,0.0,0.0,0,0.0,0,0,0,0,,,0,0.0,periferico
ES_37357,37357,Villar de Ciervo,4.67926055,266.0,0,0,0.0,0.0,0,0.0,0,0,0,0,,,0,0.0,periferico
ES_37359,37359,Villar de la Yegua,2.86927236,160.0,0,0,0.0,0.0,0,0.0,0,0,0,0,,,0,0.0,periferico
ES_37360,37360,Villar de Peralonso,6.6668394,211.0,0,0,0.0,0.0,0,0.0,0,0,0,0,,,0,0.0,periferico
ES_37361,37361,Villar de Samaniego,2.82317707,79.0,0,0,0.0,0.0,0,0.0,0,0,0,0,,,0,0.0,periferico
ES_37363,37363,Villares de Yeltes,2.49204358,101.0,0,0,0.0,0.0,0,0.0,0,0,0,0,,,0,0.0,periferico
ES_37364,37364,Villarino de los Aires,7.56899008,777.0,0,0,0.0,0.0,0,0.0,0,0,0,0,,,0,0.0,periferico
ES_37366,37366,Villarmuerto,1.00469982,39.0,0,0,0.0,0.0,0,0.0,0,0,0,0,,,0,0.0,periferico
ES_37367,37367,Villasbuenas,4.24697331,168.0,0,0,0.0,0.0,0,0.0,0,0,0,0,,,0,0.0,periferico
ES_37368,37368,Villasdardo,1.06828578,23.0,0,0,0.0,0.0,0,0.0,0,0,0,0,,,0,0.0,periferico
ES_37369,37369,Villaseco de los Gamitos,10.56633779,130.0,0,0,0.0,0.0,0,0.0,0,0,0,0,,,0,0.0,periferico
ES_37370,37370,Villaseco de los Reyes,2.18311789,297.0,0,0,0.0,0.0,0,0.0,0,0,0,0,,,0,0.0,periferico
ES_37371,37371,Villasrubias,6.20058405,245.0,0,0,0.0,0.0,0,0.0,0,0,0,0,,,0,0.0,periferico
ES_37006,37006,"Alamedilla, La",5.58832523,108.0,0,0,0.0,0.0,0,0.0,0,0,0,0,,,0,0.0,periferico
ES_37007,37007,Alaraz,8.97022054,441.0,0,0,0.0,0.0,0,0.0,0,0,0,0,,,0,0.0,periferico
ES_37008,37008,Alba de Tormes,108.80834287,5053.0,0,0,0.0,0.0,0,0.0,0,0,0,0,,,0,0.0,periferico
ES_37009,37009,Alba de Yeltes,9.00019279,201.0,0,0,0.0,0.0,0,0.0,0,0,0,0,,,0,0.0,periferico
ES_37010,37010,"Alberca, La",17.35216856,1059.0,0,0,0.0,0.0,0,0.0,0,0,0,0,,,0,0.0,periferico
ES_37011,37011,"Alberguería de Argañán, La",3.42427269,103.0,0,0,0.0,0.0,0,0.0,0,0,0,0,,,0,0.0,periferico
ES_37012,37012,Alconada,6.59099333,140.0,0,0,0.0,0.0,0,0.0,0,0,0,0,,,0,0.0,periferico
ES_37014,37014,Aldeadávila de la Ribera,24.51288932,1132.0,0,0,0.0,0.0,0,0.0,0,0,0,0,,,0,0.0,periferico
ES_37015,37015,Aldea del Obispo,6.70398658,281.0,0,0,0.0,0.0,0,0.0,0,0,0,0,,,0,0.0,periferico
ES_37016,37016,Aldealengua,121.76056785,667.0,0,0,0.0,0.0,0,0.0,0,0,0,0,,,0,0.0,periferico
ES_37017,37017,Aldeanueva de Figueroa,4.58289925,255.0,0,0,0.0,0.0,0,0.0,0,0,0,0,,,0,0.0,periferico
ES_37019,37019,Aldearrodrigo,17.51022626,147.0,0,0,0.0,0.0,0,0.0,0,0,0,0,,,0,0.0,periferico
ES_37020,37020,Aldearrubia,15.68999651,515.0,0,0,0.0,0.0,0,0.0,0,0,0,0,,,0,0.0,periferico
ES_37021,37021,Aldeaseca de Alba,3.75223736,66.0,0,0,0.0,0.0,0,0.0,0,0,0,0,,,0,0.0,periferico
ES_37022,37022,Aldeaseca de la Frontera,10.49443949,255.0,0,0,0.0,0.0,0,0.0,0,0,0,0,,,0,0.0,periferico
ES_37023,37023,Aldeatejada,80.47193823,2534.0,0,0,0.0,0.0,0,0.0,0,0,0,0,,,0,0.0,periferico
ES_37025,37025,Aldehuela de la Bóveda,3.83634656,271.0,0,0,0.0,0.0,0,0.0,0,0,0,0,,,0,0.0,periferico
ES_37026,37026,Aldehuela de Yeltes,3.17608468,192.0,0,0,0.0,0.0,0,0.0,0,0,0,0,,,0,0.0,periferico
ES_37027,37027,Almenara de Tormes,15.44697715,298.0,0,0,0.0,0.0,0,0.0,0,0,0,0,,,0,0.0,periferico
ES_49086,49086,Gallegos del Pan,7.30444219,112.0,0,0,0.0,0.0,0,0.0,0,0,0,0,,,0,0.0,periferico
ES_49087,49087,Gallegos del Río,6.06905851,472.0,0,0,0.0,0.0,0,0.0,0,0,0,0,,,0,0.0,periferico
ES_49088,49088,Gamones,7.18641296,97.0,0,0,0.0,0.0,0,0.0,0,0,0,0,,,0,0.0,periferico
ES_49090,49090,Gema,10.91163113,195.0,0,0,0.0,0.0,0,0.0,0,0,0,0,,,0,0.0,periferico
ES_49091,49091,Granja de Moreruela,5.96155211,246.0,0,0,0.0,0.0,0,0.0,0,0,0,0,,,0,0.0,periferico
ES_49093,49093,Guarrate,10.06662834,318.0,0,0,0.0,0.0,0,0.0,0,0,0,0,,,0,0.0,periferico
ES_49095,49095,"Hiniesta, La",9.2632663,307.0,0,0,0.0,0.0,0,0.0,0,0,0,0,,,0,0.0,periferico
ES_49096,49096,Jambrina,8.77530939,146.0,0,0,0.0,0.0,0,0.0,0,0,0,0,,,0,0.0,periferico
ES_49097,49097,Justel,1.5915836,81.0,0,0,0.0,0.0,0,0.0,0,0,0,0,,,0,0.0,periferico
ES_49098,49098,Losacino,4.43428278,196.0,0,0,0.0,0.0,0,0.0,0,0,0,0,,,0,0.0,periferico
ES_49099,49099,Losacio,4.46947349,97.0,0,0,0.0,0.0,0,0.0,0,0,0,0,,,0,0.0,periferico
ES_49100,49100,Lubián,3.22151801,304.0,0,0,0.0,0.0,0,0.0,0,0,0,0,,,0,0.0,periferico
ES_49101,49101,Luelmo,4.01695562,146.0,0,0,0.0,0.0,0,0.0,0,0,0,0,,,0,0.0,periferico
ES_49102,49102,"Maderal, El",5.99230148,178.0,0,0,0.0,0.0,0,0.0,0,0,0,0,,,0,0.0,periferico
ES_49104,49104,Mahide,2.940127,320.0,0,0,0.0,0.0,0,0.0,0,0,0,0,,,0,0.0,periferico
ES_49107,49107,Malva,3.95439398,108.0,0,0,0.0,0.0,0,0.0,0,0,0,0,,,0,0.0,periferico
ES_49108,49108,Manganeses de la Lampreana,7.54992128,453.0,0,0,0.0,0.0,0,0.0,0,0,0,0,,,0,0.0,periferico
ES_49109,49109,Manganeses de la Polvorosa,38.50309411,630.0,0,0,0.0,0.0,0,0.0,0,0,0,0,,,0,0.0,periferico
ES_49110,49110,Manzanal de Arriba,2.72652374,355.0,0,0,0.0,0.0,0,0.0,0,0,0,0,,,0,0.0,periferico
ES_49111,49111,Manzanal del Barco,4.96594842,131.0,0,0,0.0,0.0,0,0.0,0,0,0,0,,,0,0.0,periferico
ES_49112,49112,Manzanal de los Infantes,2.10697483,136.0,0,0,0.0,0.0,0,0.0,0,0,0,0,,,0,0.0,periferico
ES_49113,49113,Matilla de Arzón,5.22050246,158.0,0,0,0.0,0.0,0,0.0,0,0,0,0,,,0,0.0,periferico
ES_49114,49114,Matilla la Seca,2.88521881,35.0,0,0,0.0,0.0,0,0.0,0,0,0,0,,,0,0.0,periferico
ES_49115,49115,Mayalde,3.75135121,164.0,0,0,0.0,0.0,0,0.0,0,0,0,0,,,0,0.0,periferico
ES_49117,49117,Micereces de Tera,12.60552307,430.0,0,0,0.0,0.0,0,0.0,0,0,0,0,,,0,0.0,periferico
ES_49119,49119,Molacillos,10.13595199,240.0,0,0,0.0,0.0,0,0.0,0,0,0,0,,,0,0.0,periferico
ES_49120,49120,Molezuelas de la Carballeda,1.3601893,47.0,0,0,0.0,0.0,0,0.0,0,0,0,0,,,0,0.0,periferico
ES_49121,49121,Mombuey,10.1836627,398.0,0,0,0.0,0.0,0,0.0,0,0,0,0,,,0,0.0,periferico
ES_49122,49122,Monfarracinos,44.57067362,982.0,0,0,0.0,0.0,0,0.0,0,0,0,0,,,0,0.0,periferico
ES_49123,49123,Montamarta,9.65788608,549.0,0,0,0.0,0.0,0,0.0,0,0,0,0,,,0,0.0,periferico
ES_49124,49124,Moral de Sayago,3.95366225,265.0,0,0,0.0,0.0,0,0.0,0,0,0,0,,,0,0.0,periferico
ES_49125,49125,Moraleja del Vino,91.38585994,1779.0,0,0,0.0,0.0,0,0.0,0,0,0,0,,,0,0.0,periferico
ES_49127,49127,Morales del Vino,129.92747009,3080.0,0,0,0.0,0.0,0,0.0,0,0,0,0,,,0,0.0,periferico
ES_49128,49128,Morales de Rey,26.19310959,528.0,0,0,0.0,0.0,0,0.0,0,0,0,0,,,0,0.0,periferico
ES_49129,49129,Morales de Toro,17.59852945,941.0,0,0,0.0,0.0,0,0.0,0,0,0,0,,,0,0.0,periferico
ES_49130,49130,Morales de Valverde,8.60102314,155.0,0,0,0.0,0.0,0,0.0,0,0,0,0,,,0,0.0,periferico
ES_49132,49132,Moreruela de los Infanzones,10.29985167,322.0,0,0,0.0,0.0,0,0.0,0,0,0,0,,,0,0.0,periferico
ES_23019,23019,Campillo de Arenas,14.61389361,1706.0,0,0,0.0,0.0,0,0.0,0,0,0,0,,,0,0.0,periferico
ES_23020,23020,Canena,124.07101271,1777.0,0,0,0.0,0.0,0,0.0,0,0,0,0,,,0,0.0,periferico
ES_23021,23021,Carboneros,10.31068806,605.0,0,0,0.0,0.0,0,0.0,0,0,0,0,,,0,0.0,periferico
ES_23024,23024,"Carolina, La",73.64272481,14821.0,0,0,0.0,0.0,0,0.0,0,0,0,0,,,0,0.0,periferico
ES_23025,23025,Castellar,20.16817923,3174.0,0,0,0.0,0.0,0,0.0,0,0,0,0,,,0,0.0,periferico
ES_23026,23026,Castillo de Locubín,38.27248316,3926.0,0,0,0.0,0.0,0,0.0,0,0,0,0,,,0,0.0,periferico
ES_23028,23028,Cazorla,23.09336283,7053.0,0,0,0.0,0.0,0,0.0,0,0,0,0,,,0,0.0,periferico
ES_23030,23030,Chilluévar,35.10690506,1362.0,0,0,0.0,0.0,0,0.0,0,0,0,0,,,0,0.0,periferico
ES_23031,23031,Escañuela,68.02516273,935.0,0,0,0.0,0.0,0,0.0,0,0,0,0,,,0,0.0,periferico
ES_23032,23032,Espeluy,23.66929982,603.0,0,0,0.0,0.0,0,0.0,0,0,0,0,,,0,0.0,periferico
ES_23033,23033,Frailes,38.80558233,1565.0,0,0,0.0,0.0,0,0.0,0,0,0,0,,,0,0.0,periferico
ES_23034,23034,Fuensanta de Martos,56.0183867,3026.0,0,0,0.0,0.0,0,0.0,0,0,0,0,,,0,0.0,periferico
ES_23037,23037,Génave,8.8814738,565.0,0,0,0.0,0.0,0,0.0,0,0,0,0,,,0,0.0,periferico
ES_23039,23039,Guarromán,28.90389085,2782.0,0,0,0.0,0.0,0,0.0,0,0,0,0,,,0,0.0,periferico
ES_23040,23040,Lahiguera,35.81513293,1602.0,0,0,0.0,0.0,0,0.0,0,0,0,0,,,0,0.0,periferico
ES_23041,23041,Higuera de Calatrava,15.55677671,603.0,0,0,0.0,0.0,0,0.0,0,0,0,0,,,0,0.0,periferico
ES_23043,23043,Hornos,4.92192564,579.0,0,0,0.0,0.0,0,0.0,0,0,0,0,,,0,0.0,periferico
ES_23044,23044,Huelma,22.17841982,5551.0,0,0,0.0,0.0,0,0.0,0,0,0,0,,,0,0.0,periferico
ES_23045,23045,Huesa,17.58498135,2434.0,0,0,0.0,0.0,0,0.0,0,0,0,0,,,0,0.0,periferico
ES_23046,23046,Ibros,48.97655124,2744.0,0,0,0.0,0.0,0,0.0,0,0,0,0,,,0,0.0,periferico
ES_23047,23047,"Iruela, La",15.12573256,1875.0,0,0,0.0,0.0,0,0.0,0,0,0,0,,,0,0.0,periferico
ES_23048,23048,Iznatoraf,10.40901878,901.0,0,0,0.0,0.0,0,0.0,0,0,0,0,,,0,0.0,periferico
ES_23049,23049,Jabalquinto,26.76727915,1962.0,0,0,0.0,0.0,0,0.0,0,0,0,0,,,0,0.0,periferico
ES_23052,23052,Jimena,25.63040231,1231.0,0,0,0.0,0.0,0,0.0,0,0,0,0,,,0,0.0,periferico
ES_23053,23053,Jódar,76.92889047,11445.0,0,0,0.0,0.0,0,0.0,0,0,0,0,,,0,0.0,periferico
ES_23054,23054,Larva,10.72205523,448.0,0,0,0.0,0.0,0,0.0,0,0,0,0,,,0,0.0,periferico
ES_23055,23055,Linares,280.27765499,55130.0,0,0,0.0,0.0,0,0.0,0,0,0,0,,,0,0.0,periferico
ES_23056,23056,Lopera,52.70747793,3580.0,0,0,0.0,0.0,0,0.0,0,0,0,0,,,0,0.0,periferico
ES_23057,23057,Lupión,33.28865139,809.0,0,0,0.0,0.0,0,0.0,0,0,0,0,,,0,0.0,periferico
ES_23058,23058,Mancha Real,116.4349671,11376.0,0,0,0.0,0.0,0,0.0,0,0,0,0,,,0,0.0,periferico
ES_23059,23059,Marmolejo,37.04262012,6596.0,0,0,0.0,0.0,0,0.0,0,0,0,0,,,0,0.0,periferico
ES_23062,23062,Montizón,7.61637883,1614.0,0,0,0.0,0.0,0,0.0,0,0,0,0,,,0,0.0,periferico
ES_23063,23063,Navas de San Juan,25.2318831,4440.0,0,0,0.0,0.0,0,0.0,0,0,0,0,,,0,0.0,periferico
ES_23064,23064,Noalejo,37.01056082,1838.0,0,0,0.0,0.0,0,0.0,0,0,0,0,,,0,0.0,periferico
ES_23065,23065,Orcera,13.74366838,1735.0,0,0,0.0,0.0,0,0.0,0,0,0,0,,,0,0.0,periferico
ES_23066,23066,Peal de Becerro,36.11203895,5322.0,0,0,0.0,0.0,0,0.0,0,0,0,0,,,0,0.0,periferico
ES_23067,23067,Pegalajar,35.35043215,2828.0,0,0,0.0,0.0,0,0.0,0,0,0,0,,,0,0.0,periferico
ES_23070,23070,Pozo Alcón,33.38432875,4626.0,0,0,0.0,0.0,0,0.0,0,0,0,0,,,0,0.0,periferico
ES_23072,23072,"Puerta de Segura, La",22.78491191,2220.0,0,0,0.0,0.0,0,0.0,0,0,0,0,,,0,0.0,periferico
ES_23074,23074,Rus,73.74177803,3455.0,0,0,0.0,0.0,0,0.0,0,0,0,0,,,0,0.0,periferico
ES_23075,23075,Sabiote,34.14002299,3821.0,0,0,0.0,0.0,0,0.0,0,0,0,0,,,0,0.0,periferico
ES_23076,23076,Santa Elena,5.94621189,865.0,0,0,0.0,0.0,0,0.0,0,0,0,0,,,0,0.0,periferico
ES_23077,23077,Santiago de Calatrava,14.26747223,678.0,0,0,0.0,0.0,0,0.0,0,0,0,0,,,0,0.0,periferico
ES_23079,23079,Santisteban del Puerto,11.8967932,4437.0,0,0,0.0,0.0,0,0.0,0,0,0,0,,,0,0.0,periferico
ES_23080,23080,Santo Tomé,28.49217782,2094.0,0,0,0.0,0.0,0,0.0,0,0,0,0,,,0,0.0,periferico
ES_24021,24021,Boñar,9.98902639,1804.0,0,0,0.0,0.0,0,0.0,0,0,0,0,,,0,0.0,periferico
ES_24022,24022,Borrenes,8.36060059,304.0,0,0,0.0,0.0,0,0.0,0,0,0,0,,,0,0.0,periferico
ES_24023,24023,Brazuelo,3.41425404,335.0,0,0,0.0,0.0,0,0.0,0,0,0,0,,,0,0.0,periferico
ES_24024,24024,"Burgo Ranero, El",7.01218206,690.0,0,0,0.0,0.0,0,0.0,0,0,0,0,,,0,0.0,periferico
ES_24026,24026,Bustillo del Páramo,14.983163,1075.0,0,0,0.0,0.0,0,0.0,0,0,0,0,,,0,0.0,periferico
ES_24027,24027,Cabañas Raras,68.81102709,1317.0,0,0,0.0,0.0,0,0.0,0,0,0,0,,,0,0.0,periferico
ES_24029,24029,Cabrillanes,4.20624104,717.0,0,0,0.0,0.0,0,0.0,0,0,0,0,,,0,0.0,periferico
ES_24030,24030,Cacabelos,146.791155,4793.0,0,0,0.0,0.0,0,0.0,0,0,0,0,,,0,0.0,periferico
ES_24032,24032,Campazas,5.31637981,111.0,0,0,0.0,0.0,0,0.0,0,0,0,0,,,0,0.0,periferico
ES_24033,24033,Campo de Villavidel,14.26918698,199.0,0,0,0.0,0.0,0,0.0,0,0,0,0,,,0,0.0,periferico
ES_24034,24034,Camponaraya,141.4305882,4116.0,0,0,0.0,0.0,0,0.0,0,0,0,0,,,0,0.0,periferico
ES_24036,24036,Candín,2.01315721,281.0,0,0,0.0,0.0,0,0.0,0,0,0,0,,,0,0.0,periferico
ES_24037,24037,Cármenes,2.18690488,337.0,0,0,0.0,0.0,0,0.0,0,0,0,0,,,0,0.0,periferico
ES_24038,24038,Carracedelo,106.15641589,3433.0,0,0,0.0,0.0,0,0.0,0,0,0,0,,,0,0.0,periferico
ES_24039,24039,Carrizo,52.8366348,2212.0,0,0,0.0,0.0,0,0.0,0,0,0,0,,,0,0.0,periferico
ES_24040,24040,Carrocera,6.77578383,447.0,0,0,0.0,0.0,0,0.0,0,0,0,0,,,0,0.0,periferico
ES_24042,24042,Castilfalé,2.50702025,65.0,0,0,0.0,0.0,0,0.0,0,0,0,0,,,0,0.0,periferico
ES_24043,24043,Castrillo de Cabrera,0.92359156,107.0,0,0,0.0,0.0,0,0.0,0,0,0,0,,,0,0.0,periferico
ES_24046,24046,Castrocalbón,10.4860776,926.0,0,0,0.0,0.0,0,0.0,0,0,0,0,,,0,0.0,periferico
ES_24047,24047,Castrocontrigo,3.50620107,682.0,0,0,0.0,0.0,0,0.0,0,0,0,0,,,0,0.0,periferico
ES_24049,24049,Castropodame,26.65816699,1591.0,0,0,0.0,0.0,0,0.0,0,0,0,0,,,0,0.0,periferico
ES_24050,24050,Castrotierra de Valmadrigal,4.5497337,107.0,0,0,0.0,0.0,0,0.0,0,0,0,0,,,0,0.0,periferico
ES_24051,24051,Cea,3.33884782,375.0,0,0,0.0,0.0,0,0.0,0,0,0,0,,,0,0.0,periferico
ES_24052,24052,Cebanico,1.59405982,143.0,0,0,0.0,0.0,0,0.0,0,0,0,0,,,0,0.0,periferico
ES_24054,24054,Cimanes de la Vega,17.46549287,455.0,0,0,0.0,0.0,0,0.0,0,0,0,0,,,0,0.0,periferico
ES_24055,24055,Cimanes del Tejar,10.02420909,741.0,0,0,0.0,0.0,0,0.0,0,0,0,0,,,0,0.0,periferico
ES_24056,24056,Cistierna,30.23521057,2951.0,0,0,0.0,0.0,0,0.0,0,0,0,0,,,0,0.0,periferico
ES_24057,24057,Congosto,38.98794314,1436.0,0,0,0.0,0.0,0,0.0,0,0,0,0,,,0,0.0,periferico
ES_24058,24058,Corbillos de los Oteros,5.72415901,182.0,0,0,0.0,0.0,0,0.0,0,0,0,0,,,0,0.0,periferico
ES_24059,24059,Corullón,10.99054526,860.0,0,0,0.0,0.0,0,0.0,0,0,0,0,,,0,0.0,periferico
ES_24061,24061,Cuadros,19.06359052,2092.0,0,0,0.0,0.0,0,0.0,0,0,0,0,,,0,0.0,periferico
ES_24062,24062,Cubillas de los Oteros,11.23969325,140.0,0,0,0.0,0.0,0,0.0,0,0,0,0,,,0,0.0,periferico
ES_24063,24063,Cubillas de Rueda,4.53822145,394.0,0,0,0.0,0.0,0,0.0,0,0,0,0,,,0,0.0,periferico
ES_24064,24064,Cubillos del Sil,32.66845461,1743.0,0,0,0.0,0.0,0,0.0,0,0,0,0,,,0,0.0,periferico
ES_24066,24066,Destriana,7.78821868,438.0,0,0,0.0,0.0,0,0.0,0,0,0,0,,,0,0.0,periferico
ES_24067,24067,Encinedo,3.29721046,643.0,0,0,0.0,0.0,0,0.0,0,0,0,0,,,0,0.0,periferico
ES_24068,24068,"Ercina, La",4.20827194,442.0,0,0,0.0,0.0,0,0.0,0,0,0,0,,,0,0.0,periferico
ES_33020,33020,Corvera de Asturias,338.89981539,15616.0,0,0,0.0,0.0,0,0.0,0,0,0,0,,,0,0.0,periferico
ES_33021,33021,Cudillero,48.96916182,4930.0,0,0,0.0,0.0,0,0.0,0,0,0,0,,,0,0.0,periferico
ES_33023,33023,"Franco, El",48.08886274,3752.0,0,0,0.0,0.0,0,0.0,0,0,0,0,,,0,0.0,periferico
ES_33025,33025,Gozón,128.39672854,10463.0,0,0,0.0,0.0,0,0.0,0,0,0,0,,,0,0.0,periferico
ES_33026,33026,Grado,44.38514244,9620.0,0,0,0.0,0.0,0,0.0,0,0,0,0,,,0,0.0,periferico
ES_33028,33028,Ibias,3.35174532,1117.0,0,0,0.0,0.0,0,0.0,0,0,0,0,,,0,0.0,periferico
ES_33029,33029,Illano,2.81252648,288.0,0,0,0.0,0.0,0,0.0,0,0,0,0,,,0,0.0,periferico
ES_33030,33030,Illas,41.48022584,1061.0,0,0,0.0,0.0,0,0.0,0,0,0,0,,,0,0.0,periferico
ES_33032,33032,Laviana,94.70645648,12416.0,0,0,0.0,0.0,0,0.0,0,0,0,0,,,0,0.0,periferico
ES_33033,33033,Lena,32.50659768,10340.0,0,0,0.0,0.0,0,0.0,0,0,0,0,,,0,0.0,periferico
ES_33034,33034,Valdés,30.99487756,10957.0,0,0,0.0,0.0,0,0.0,0,0,0,0,,,0,0.0,periferico
ES_33036,33036,Llanes,51.61055951,13591.0,0,0,0.0,0.0,0,0.0,0,0,0,0,,,0,0.0,periferico
ES_33037,33037,Mieres,247.7856584,36175.0,0,0,0.0,0.0,0,0.0,0,0,0,0,,,0,0.0,periferico
ES_33038,33038,Morcín,50.78165074,2540.0,0,0,0.0,0.0,0,0.0,0,0,0,0,,,0,0.0,periferico
ES_33039,33039,Muros de Nalón,240.64993829,1954.0,0,0,0.0,0.0,0,0.0,0,0,0,0,,,0,0.0,periferico
ES_33040,33040,Nava,54.22534224,5196.0,0,0,0.0,0.0,0,0.0,0,0,0,0,,,0,0.0,periferico
ES_33042,33042,Noreña,901.90683069,5055.0,0,0,0.0,0.0,0,0.0,0,0,0,0,,,0,0.0,periferico
ES_33043,33043,Onís,10.01684597,749.0,0,0,0.0,0.0,0,0.0,0,0,0,0,,,0,0.0,periferico
ES_33044,33044,Oviedo,1164.73392575,217369.0,0,0,0.0,0.0,0,0.0,0,0,0,0,,,0,0.0,periferico
ES_33045,33045,Parres,41.18864228,5205.0,0,0,0.0,0.0,0,0.0,0,0,0,0,,,0,0.0,periferico
ES_33047,33047,Peñamellera Baja,14.54608098,1221.0,0,0,0.0,0.0,0,0.0,0,0,0,0,,,0,0.0,periferico
ES_33048,33048,Pesoz,3.56424242,139.0,0,0,0.0,0.0,0,0.0,0,0,0,0,,,0,0.0,periferico
ES_33049,33049,Piloña,23.94981898,6819.0,0,0,0.0,0.0,0,0.0,0,0,0,0,,,0,0.0,periferico
ES_33050,33050,Ponga,2.8155656,581.0,0,0,0.0,0.0,0,0.0,0,0,0,0,,,0,0.0,periferico
ES_33052,33052,Proaza,9.28862163,713.0,0,0,0.0,0.0,0,0.0,0,0,0,0,,,0,0.0,periferico
ES_33053,33053,Quirós,5.76967115,1172.0,0,0,0.0,0.0,0,0.0,0,0,0,0,,,0,0.0,periferico
ES_33054,33054,"Regueras, Las",28.66735848,1888.0,0,0,0.0,0.0,0,0.0,0,0,0,0,,,0,0.0,periferico
ES_33055,33055,Ribadedeva,48.59354258,1732.0,0,0,0.0,0.0,0,0.0,0,0,0,0,,,0,0.0,periferico
ES_33056,33056,Ribadesella,66.03983451,5578.0,0,0,0.0,0.0,0,0.0,0,0,0,0,,,0,0.0,periferico
ES_33057,33057,Ribera de Arriba,84.48725844,1857.0,0,0,0.0,0.0,0,0.0,0,0,0,0,,,0,0.0,periferico
ES_33059,33059,Salas,21.13415175,4800.0,0,0,0.0,0.0,0,0.0,0,0,0,0,,,0,0.0,periferico
ES_33062,33062,Santa Eulalia de Oscos,9.1923743,433.0,0,0,0.0,0.0,0,0.0,0,0,0,0,,,0,0.0,periferico
ES_33063,33063,San Tirso de Abres,13.16404397,410.0,0,0,0.0,0.0,0,0.0,0,0,0,0,,,0,0.0,periferico
ES_33064,33064,Santo Adriano,12.69079821,287.0,0,0,0.0,0.0,0,0.0,0,0,0,0,,,0,0.0,periferico
ES_33065,33065,Sariego,49.36435621,1270.0,0,0,0.0,0.0,0,0.0,0,0,0,0,,,0,0.0,periferico
ES_33066,33066,Siero,246.92271452,52166.0,0,0,0.0,0.0,0,0.0,0,0,0,0,,,0,0.0,periferico
ES_33067,33067,Sobrescobio,12.13139677,846.0,0,0,0.0,0.0,0,0.0,0,0,0,0,,,0,0.0,periferico
ES_33068,33068,Somiedo,3.75865416,1090.0,0,0,0.0,0.0,0,0.0,0,0,0,0,,,0,0.0,periferico
ES_33069,33069,Soto del Barco,108.22552434,3827.0,0,0,0.0,0.0,0,0.0,0,0,0,0,,,0,0.0,periferico
ES_33070,33070,Tapia de Casariego,55.26106502,3644.0,0,0,0.0,0.0,0,0.0,0,0,0,0,,,0,0.0,periferico
ES_33071,33071,Taramundi,7.0117368,576.0,0,0,0.0,0.0,0,0.0,0,0,0,0,,,0,0.0,periferico
ES_33072,33072,Teverga,8.92992096,1573.0,0,0,0.0,0.0,0,0.0,0,0,0,0,,,0,0.0,periferico
ES_33073,33073,Tineo,16.38755722,8862.0,0,0,0.0,0.0,0,0.0,0,0,0,0,,,0,0.0,periferico
ES_33075,33075,Villanueva de Oscos,3.57700433,261.0,0,0,0.0,0.0,0,0.0,0,0,0,0,,,0,0.0,periferico
ES_33076,33076,Villaviciosa,54.34513801,15010.0,0,0,0.0,0.0,0,0.0,0,0,0,0,,,0,0.0,periferico
ES_33077,33077,Villayón,8.31818964,1102.0,0,0,0.0,0.0,0,0.0,0,0,0,0,,,0,0.0,periferico
ES_33078,33078,Yernes y Tameza,4.26875116,135.0,0,0,0.0,0.0,0,0.0,0,0,0,0,,,0,0.0,periferico
ES_34001,34001,Abarca de Campos,3.69458623,42.0,0,0,0.0,0.0,0,0.0,0,0,0,0,,,0,0.0,periferico
ES_34003,34003,Abia de las Torres,6.0686134,165.0,0,0,0.0,0.0,0,0.0,0,0,0,0,,,0,0.0,periferico
ES_34004,34004,Aguilar de Campoo,28.67565511,6748.0,0,0,0.0,0.0,0,0.0,0,0,0,0,,,0,0.0,periferico
ES_34005,34005,Alar del Rey,15.9516504,924.0,0,0,0.0,0.0,0,0.0,0,0,0,0,,,0,0.0,periferico
ES_34006,34006,Alba de Cerrato,2.32872535,82.0,0,0,0.0,0.0,0,0.0,0,0,0,0,,,0,0.0,periferico
ES_34011,34011,Amusco,5.36160105,423.0,0,0,0.0,0.0,0,0.0,0,0,0,0,,,0,0.0,periferico
ES_34012,34012,Antigüedad,5.50819169,346.0,0,0,0.0,0.0,0,0.0,0,0,0,0,,,0,0.0,periferico
ES_34015,34015,Arconada,2.31755537,45.0,0,0,0.0,0.0,0,0.0,0,0,0,0,,,0,0.0,periferico
ES_34017,34017,Astudillo,8.4295485,1036.0,0,0,0.0,0.0,0,0.0,0,0,0,0,,,0,0.0,periferico
ES_34018,34018,Autilla del Pino,6.10175392,211.0,0,0,0.0,0.0,0,0.0,0,0,0,0,,,0,0.0,periferico
ES_34019,34019,Autillo de Campos,4.18967382,128.0,0,0,0.0,0.0,0,0.0,0,0,0,0,,,0,0.0,periferico
ES_34020,34020,Ayuela,2.6840201,53.0,0,0,0.0,0.0,0,0.0,0,0,0,0,,,0,0.0,periferico
ES_34023,34023,Venta de Baños,440.81824014,6282.0,0,0,0.0,0.0,0,0.0,0,0,0,0,,,0,0.0,periferico
ES_34025,34025,Bárcena de Campos,3.78995857,55.0,0,0,0.0,0.0,0,0.0,0,0,0,0,,,0,0.0,periferico
ES_34028,34028,Báscones de Ojeda,7.27573413,135.0,0,0,0.0,0.0,0,0.0,0,0,0,0,,,0,0.0,periferico
ES_34029,34029,Becerril de Campos,9.59993235,758.0,0,0,0.0,0.0,0,0.0,0,0,0,0,,,0,0.0,periferico
ES_34031,34031,Belmonte de Campos,2.04525152,33.0,0,0,0.0,0.0,0,0.0,0,0,0,0,,,0,0.0,periferico
ES_34032,34032,Berzosilla,2.19510611,43.0,0,0,0.0,0.0,0,0.0,0,0,0,0,,,0,0.0,periferico
ES_34033,34033,Boada de Campos,1.30821942,19.0,0,0,0.0,0.0,0,0.0,0,0,0,0,,,0,0.0,periferico
ES_34035,34035,Boadilla de Rioseco,1.93067302,99.0,0,0,0.0,0.0,0,0.0,0,0,0,0,,,0,0.0,periferico
ES_34036,34036,Brañosera,4.06545568,254.0,0,0,0.0,0.0,0,0.0,0,0,0,0,,,0,0.0,periferico
ES_34037,34037,Buenavista de Valdavia,3.78435591,309.0,0,0,0.0,0.0,0,0.0,0,0,0,0,,,0,0.0,periferico
ES_34038,34038,Bustillo de la Vega,14.48941089,275.0,0,0,0.0,0.0,0,0.0,0,0,0,0,,,0,0.0,periferico
ES_34039,34039,Bustillo del Páramo de Carrió,1.69946736,53.0,0,0,0.0,0.0,0,0.0,0,0,0,0,,,0,0.0,periferico
ES_46252,46252,Vallanca,2.59664607,147.0,0,0,0.0,0.0,0,0.0,0,0,0,0,,,0,0.0,periferico
ES_46253,46253,Vallés,118.93325664,152.0,0,0,0.0,0.0,0,0.0,0,0,0,0,,,0,0.0,periferico
ES_46254,46254,Venta del Moro,4.30500582,1172.0,0,0,0.0,0.0,0,0.0,0,0,0,0,,,0,0.0,periferico
ES_46255,46255,Vilallonga,107.7372577,4663.0,0,0,0.0,0.0,0,0.0,0,0,0,0,,,0,0.0,periferico
ES_46257,46257,Castelló,339.72759302,6904.0,0,0,0.0,0.0,0,0.0,0,0,0,0,,,0,0.0,periferico
ES_46258,46258,Villar del Arzobispo,90.45209192,3681.0,0,0,0.0,0.0,0,0.0,0,0,0,0,,,0,0.0,periferico
ES_46259,46259,Villargordo del Cabriel,8.23216957,590.0,0,0,0.0,0.0,0,0.0,0,0,0,0,,,0,0.0,periferico
ES_46260,46260,Vinalesa,2290.729294,3513.0,0,0,0.0,0.0,0,0.0,0,0,0,0,,,0,0.0,periferico
ES_46261,46261,Yátova,18.38490923,2211.0,0,0,0.0,0.0,0,0.0,0,0,0,0,,,0,0.0,periferico
ES_46262,46262,"Yesa, La",2.7749108,235.0,0,0,0.0,0.0,0,0.0,0,0,0,0,,,0,0.0,periferico
ES_46902,46902,Gátova,13.63590459,415.0,0,0,0.0,0.0,0,0.0,0,0,0,0,,,0,0.0,periferico
ES_46903,46903,San Antonio de Benagéber,1166.09323047,10187.0,0,0,0.0,0.0,0,0.0,0,0,0,0,,,0,0.0,periferico
ES_46904,46904,Benicull de Xúquer,323.57358536,1131.0,0,0,0.0,0.0,0,0.0,0,0,0,0,,,0,0.0,periferico
ES_47002,47002,Aguasal,0.70350192,19.0,0,0,0.0,0.0,0,0.0,0,0,0,0,,,0,0.0,periferico
ES_47003,47003,Aguilar de Campos,5.49672667,274.0,0,0,0.0,0.0,0,0.0,0,0,0,0,,,0,0.0,periferico
ES_47005,47005,Alcazarén,13.53226685,650.0,0,0,0.0,0.0,0,0.0,0,0,0,0,,,0,0.0,periferico
ES_47006,47006,Aldea de San Miguel,10.79098156,215.0,0,0,0.0,0.0,0,0.0,0,0,0,0,,,0,0.0,periferico
ES_47008,47008,Almenara de Adaja,1.34086635,23.0,0,0,0.0,0.0,0,0.0,0,0,0,0,,,0,0.0,periferico
ES_47009,47009,Amusquillo,6.46963713,103.0,0,0,0.0,0.0,0,0.0,0,0,0,0,,,0,0.0,periferico
ES_47011,47011,Ataquines,13.50109785,575.0,0,0,0.0,0.0,0,0.0,0,0,0,0,,,0,0.0,periferico
ES_47012,47012,Bahabón,4.0654679,84.0,0,0,0.0,0.0,0,0.0,0,0,0,0,,,0,0.0,periferico
ES_47013,47013,Barcial de la Loma,3.68360757,100.0,0,0,0.0,0.0,0,0.0,0,0,0,0,,,0,0.0,periferico
ES_47014,47014,Barruelo del Valle,3.92818271,51.0,0,0,0.0,0.0,0,0.0,0,0,0,0,,,0,0.0,periferico
ES_47015,47015,Becilla de Valderaduey,5.44214076,208.0,0,0,0.0,0.0,0,0.0,0,0,0,0,,,0,0.0,periferico
ES_47016,47016,Benafarces,4.22849762,70.0,0,0,0.0,0.0,0,0.0,0,0,0,0,,,0,0.0,periferico
ES_47017,47017,Bercero,4.27593312,177.0,0,0,0.0,0.0,0,0.0,0,0,0,0,,,0,0.0,periferico
ES_47018,47018,Berceruelo,2.58167324,36.0,0,0,0.0,0.0,0,0.0,0,0,0,0,,,0,0.0,periferico
ES_47019,47019,Berrueces,6.24671328,99.0,0,0,0.0,0.0,0,0.0,0,0,0,0,,,0,0.0,periferico
ES_47020,47020,Bobadilla del Campo,8.64938796,283.0,0,0,0.0,0.0,0,0.0,0,0,0,0,,,0,0.0,periferico
ES_22028,22028,Ansó,1.89118478,422.0,0,0,0.0,0.0,0,0.0,0,0,0,0,,,0,0.0,periferico
ES_22029,22029,Antillón,5.89345257,132.0,0,0,0.0,0.0,0,0.0,0,0,0,0,,,0,0.0,periferico
ES_22035,22035,Arén,2.65492009,317.0,0,0,0.0,0.0,0,0.0,0,0,0,0,,,0,0.0,periferico
ES_22036,22036,Argavieso,12.27299905,119.0,0,0,0.0,0.0,0,0.0,0,0,0,0,,,0,0.0,periferico
ES_22037,22037,Arguis,2.55192413,160.0,0,0,0.0,0.0,0,0.0,0,0,0,0,,,0,0.0,periferico
ES_22039,22039,Ayerbe,16.80626147,1073.0,0,0,0.0,0.0,0,0.0,0,0,0,0,,,0,0.0,periferico
ES_22040,22040,Azanuy-Alins,3.46053651,177.0,0,0,0.0,0.0,0,0.0,0,0,0,0,,,0,0.0,periferico
ES_22042,22042,Azlor,9.68963965,154.0,0,0,0.0,0.0,0,0.0,0,0,0,0,,,0,0.0,periferico
ES_22043,22043,Baélls,2.28476639,91.0,0,0,0.0,0.0,0,0.0,0,0,0,0,,,0,0.0,periferico
ES_22044,22044,Bailo,1.59939629,263.0,0,0,0.0,0.0,0,0.0,0,0,0,0,,,0,0.0,periferico
ES_22045,22045,Baldellou,2.95672629,90.0,0,0,0.0,0.0,0,0.0,0,0,0,0,,,0,0.0,periferico
ES_22046,22046,Ballobar,6.92204917,884.0,0,0,0.0,0.0,0,0.0,0,0,0,0,,,0,0.0,periferico
ES_22048,22048,Barbastro,160.84969856,17308.0,0,0,0.0,0.0,0,0.0,0,0,0,0,,,0,0.0,periferico
ES_22049,22049,Barbués,4.38810229,86.0,0,0,0.0,0.0,0,0.0,0,0,0,0,,,0,0.0,periferico
ES_22051,22051,Bárcabo,1.31927569,116.0,0,0,0.0,0.0,0,0.0,0,0,0,0,,,0,0.0,periferico
ES_22052,22052,Belver de Cinca,15.9602238,1318.0,0,0,0.0,0.0,0,0.0,0,0,0,0,,,0,0.0,periferico
ES_22053,22053,Benabarre,7.42993787,1168.0,0,0,0.0,0.0,0,0.0,0,0,0,0,,,0,0.0,periferico
ES_22054,22054,Benasque,9.90748497,2312.0,0,0,0.0,0.0,0,0.0,0,0,0,0,,,0,0.0,periferico
ES_22055,22055,Berbegal,6.56864765,322.0,0,0,0.0,0.0,0,0.0,0,0,0,0,,,0,0.0,periferico
ES_22057,22057,Bielsa,2.38582255,483.0,0,0,0.0,0.0,0,0.0,0,0,0,0,,,0,0.0,periferico
ES_22059,22059,Biescas,8.49451898,1606.0,0,0,0.0,0.0,0,0.0,0,0,0,0,,,0,0.0,periferico
ES_22060,22060,Binaced,20.26958077,1591.0,0,0,0.0,0.0,0,0.0,0,0,0,0,,,0,0.0,periferico
ES_22061,22061,Binéfar,400.58921923,10041.0,0,0,0.0,0.0,0,0.0,0,0,0,0,,,0,0.0,periferico
ES_23082,23082,Siles,12.15401949,2140.0,0,0,0.0,0.0,0,0.0,0,0,0,0,,,0,0.0,periferico
ES_23084,23084,Sorihuela del Guadalimar,18.84425395,1042.0,0,0,0.0,0.0,0,0.0,0,0,0,0,,,0,0.0,periferico
ES_23085,23085,Torreblascopedro,39.69259183,2438.0,0,0,0.0,0.0,0,0.0,0,0,0,0,,,0,0.0,periferico
ES_23088,23088,Torreperogil,78.11674231,7103.0,0,0,0.0,0.0,0,0.0,0,0,0,0,,,0,0.0,periferico
ES_23090,23090,Torres,16.96480356,1358.0,0,0,0.0,0.0,0,0.0,0,0,0,0,,,0,0.0,periferico
ES_23091,23091,Torres de Albánchez,12.92890036,748.0,0,0,0.0,0.0,0,0.0,0,0,0,0,,,0,0.0,periferico
ES_23092,23092,Úbeda,83.77996995,33838.0,0,0,0.0,0.0,0,0.0,0,0,0,0,,,0,0.0,periferico
ES_23093,23093,Valdepeñas de Jaén,19.41808943,3570.0,0,0,0.0,0.0,0,0.0,0,0,0,0,,,0,0.0,periferico
ES_23094,23094,Vilches,15.5194937,4244.0,0,0,0.0,0.0,0,0.0,0,0,0,0,,,0,0.0,periferico
ES_23096,23096,Villanueva de la Reina,14.18878073,2969.0,0,0,0.0,0.0,0,0.0,0,0,0,0,,,0,0.0,periferico
ES_23097,23097,Villanueva del Arzobispo,44.66063909,7944.0,0,0,0.0,0.0,0,0.0,0,0,0,0,,,0,0.0,periferico
ES_23098,23098,Villardompardo,52.65131467,919.0,0,0,0.0,0.0,0,0.0,0,0,0,0,,,0,0.0,periferico
ES_23099,23099,"Villares, Los",68.66993181,6084.0,0,0,0.0,0.0,0,0.0,0,0,0,0,,,0,0.0,periferico
ES_23101,23101,Villarrodrigo,4.93029767,387.0,0,0,0.0,0.0,0,0.0,0,0,0,0,,,0,0.0,periferico
ES_23902,23902,Bedmar y Garcíez,21.92820438,2605.0,0,0,0.0,0.0,0,0.0,0,0,0,0,,,0,0.0,periferico
ES_23903,23903,Villatorres,59.00661253,4289.0,0,0,0.0,0.0,0,0.0,0,0,0,0,,,0,0.0,periferico
ES_23904,23904,Santiago-Pontones,4.00081196,2730.0,0,0,0.0,0.0,0,0.0,0,0,0,0,,,0,0.0,periferico
ES_23905,23905,Arroyo del Ojanco,38.79923052,2226.0,0,0,0.0,0.0,0,0.0,0,0,0,0,,,0,0.0,periferico
ES_24001,24001,Acebedo,3.72796217,187.0,0,0,0.0,0.0,0,0.0,0,0,0,0,,,0,0.0,periferico
ES_24003,24003,Alija del Infantado,11.25669568,589.0,0,0,0.0,0.0,0,0.0,0,0,0,0,,,0,0.0,periferico
ES_24004,24004,Almanza,4.42207146,628.0,0,0,0.0,0.0,0,0.0,0,0,0,0,,,0,0.0,periferico
ES_24005,24005,"Antigua, La",6.01506097,329.0,0,0,0.0,0.0,0,0.0,0,0,0,0,,,0,0.0,periferico
ES_24006,24006,Ardón,11.44451849,557.0,0,0,0.0,0.0,0,0.0,0,0,0,0,,,0,0.0,periferico
ES_24008,24008,Astorga,220.31064028,10304.0,0,0,0.0,0.0,0,0.0,0,0,0,0,,,0,0.0,periferico
ES_24009,24009,Balboa,5.11140678,261.0,0,0,0.0,0.0,0,0.0,0,0,0,0,,,0,0.0,periferico
ES_24010,24010,"Bañeza, La",513.0677431,10115.0,0,0,0.0,0.0,0,0.0,0,0,0,0,,,0,0.0,periferico
ES_24011,24011,Barjas,2.82898772,163.0,0,0,0.0,0.0,0,0.0,0,0,0,0,,,0,0.0,periferico
ES_24014,24014,Bembibre,129.47206595,8208.0,0,0,0.0,0.0,0,0.0,0,0,0,0,,,0,0.0,periferico
ES_24016,24016,Benuza,2.62001704,453.0,0,0,0.0,0.0,0,0.0,0,0,0,0,,,0,0.0,periferico
ES_24017,24017,Bercianos del Páramo,15.05185106,528.0,0,0,0.0,0.0,0,0.0,0,0,0,0,,,0,0.0,periferico
ES_24019,24019,Berlanga del Bierzo,11.72889891,327.0,0,0,0.0,0.0,0,0.0,0,0,0,0,,,0,0.0,periferico
ES_24020,24020,Boca de Huérgano,1.4934657,436.0,0,0,0.0,0.0,0,0.0,0,0,0,0,,,0,0.0,periferico
ES_39032,39032,Hermandad de Campoo de Suso,7.12654761,1588.0,0,0,0.0,0.0,0,0.0,0,0,0,0,,,0,0.0,periferico
ES_39033,39033,Herrerías,15.00951294,600.0,0,0,0.0,0.0,0,0.0,0,0,0,0,,,0,0.0,periferico
ES_39034,39034,Lamasón,3.70080598,261.0,0,0,0.0,0.0,0,0.0,0,0,0,0,,,0,0.0,periferico
ES_39036,39036,Liendo,46.70755821,1241.0,0,0,0.0,0.0,0,0.0,0,0,0,0,,,0,0.0,periferico
ES_39037,39037,Liérganes,65.00077184,2401.0,0,0,0.0,0.0,0,0.0,0,0,0,0,,,0,0.0,periferico
ES_39038,39038,Limpias,198.68975233,1986.0,0,0,0.0,0.0,0,0.0,0,0,0,0,,,0,0.0,periferico
ES_39039,39039,Luena,6.88930179,625.0,0,0,0.0,0.0,0,0.0,0,0,0,0,,,0,0.0,periferico
ES_39040,39040,Marina de Cudeyo,181.66442518,5147.0,0,0,0.0,0.0,0,0.0,0,0,0,0,,,0,0.0,periferico
ES_39041,39041,Mazcuerras,37.2398732,2085.0,0,0,0.0,0.0,0,0.0,0,0,0,0,,,0,0.0,periferico
ES_39042,39042,Medio Cudeyo,287.12616296,7674.0,0,0,0.0,0.0,0,0.0,0,0,0,0,,,0,0.0,periferico
ES_39043,39043,Meruelo,136.07238626,2230.0,0,0,0.0,0.0,0,0.0,0,0,0,0,,,0,0.0,periferico
ES_39045,39045,Miera,11.58753065,395.0,0,0,0.0,0.0,0,0.0,0,0,0,0,,,0,0.0,periferico
ES_39046,39046,Molledo,20.95048776,1486.0,0,0,0.0,0.0,0,0.0,0,0,0,0,,,0,0.0,periferico
ES_39047,39047,Noja,301.66189536,2739.0,0,0,0.0,0.0,0,0.0,0,0,0,0,,,0,0.0,periferico
ES_39048,39048,Penagos,71.01340027,2247.0,0,0,0.0,0.0,0,0.0,0,0,0,0,,,0,0.0,periferico
ES_39049,39049,Peñarrubia,6.3120301,335.0,0,0,0.0,0.0,0,0.0,0,0,0,0,,,0,0.0,periferico
ES_39050,39050,Pesaguero,4.03956622,283.0,0,0,0.0,0.0,0,0.0,0,0,0,0,,,0,0.0,periferico
ES_39051,39051,Pesquera,7.92637242,70.0,0,0,0.0,0.0,0,0.0,0,0,0,0,,,0,0.0,periferico
ES_39052,39052,Piélagos,316.58472808,26579.0,0,0,0.0,0.0,0,0.0,0,0,0,0,,,0,0.0,periferico
ES_39053,39053,Polaciones,2.31909137,208.0,0,0,0.0,0.0,0,0.0,0,0,0,0,,,0,0.0,periferico
ES_39056,39056,Puente Viesgo,80.23628433,2884.0,0,0,0.0,0.0,0,0.0,0,0,0,0,,,0,0.0,periferico
ES_39057,39057,Ramales de la Victoria,93.10137634,3029.0,0,0,0.0,0.0,0,0.0,0,0,0,0,,,0,0.0,periferico
ES_39058,39058,Rasines,22.2831782,975.0,0,0,0.0,0.0,0,0.0,0,0,0,0,,,0,0.0,periferico
ES_39059,39059,Reinosa,2091.5035416,8553.0,0,0,0.0,0.0,0,0.0,0,0,0,0,,,0,0.0,periferico
ES_39060,39060,Reocín,262.88110897,8445.0,0,0,0.0,0.0,0,0.0,0,0,0,0,,,0,0.0,periferico
ES_39061,39061,Ribamontán al Mar,125.84706759,4640.0,0,0,0.0,0.0,0,0.0,0,0,0,0,,,0,0.0,periferico
ES_39062,39062,Ribamontán al Monte,58.87187795,2492.0,0,0,0.0,0.0,0,0.0,0,0,0,0,,,0,0.0,periferico
ES_39064,39064,Riotuerto,54.86745278,1665.0,0,0,0.0,0.0,0,0.0,0,0,0,0,,,0,0.0,periferico
ES_39065,39065,"Rozas de Valdearroyo, Las",4.566302,262.0,0,0,0.0,0.0,0,0.0,0,0,0,0,,,0,0.0,periferico
ES_39066,39066,Ruente,15.99478133,1053.0,0,0,0.0,0.0,0,0.0,0,0,0,0,,,0,0.0,periferico
ES_39067,39067,Ruesga,9.29566971,813.0,0,0,0.0,0.0,0,0.0,0,0,0,0,,,0,0.0,periferico
ES_39068,39068,Ruiloba,51.29991539,779.0,0,0,0.0,0.0,0,0.0,0,0,0,0,,,0,0.0,periferico
ES_39069,39069,San Felices de Buelna,66.11647017,2390.0,0,0,0.0,0.0,0,0.0,0,0,0,0,,,0,0.0,periferico
ES_39070,39070,San Miguel de Aguayo,4.83556672,175.0,0,0,0.0,0.0,0,0.0,0,0,0,0,,,0,0.0,periferico
ES_39071,39071,San Pedro del Romeral,7.77654076,446.0,0,0,0.0,0.0,0,0.0,0,0,0,0,,,0,0.0,periferico
ES_39072,39072,San Roque de Riomiera,9.82308063,350.0,0,0,0.0,0.0,0,0.0,0,0,0,0,,,0,0.0,periferico
ES_39073,39073,Santa Cruz de Bezana,792.70277358,13684.0,0,0,0.0,0.0,0,0.0,0,0,0,0,,,0,0.0,periferico
ES_39076,39076,Santillana del Mar,149.14719322,4247.0,0,0,0.0,0.0,0,0.0,0,0,0,0,,,0,0.0,periferico
ES_39077,39077,Santiurde de Reinosa,7.92038942,247.0,0,0,0.0,0.0,0,0.0,0,0,0,0,,,0,0.0,periferico
ES_26050,26050,Cirueña,16.21256608,197.0,0,0,0.0,0.0,0,0.0,0,0,0,0,,,0,0.0,periferico
ES_26051,26051,Clavijo,15.05660154,297.0,0,0,0.0,0.0,0,0.0,0,0,0,0,,,0,0.0,periferico
ES_26052,26052,Cordovín,33.49797807,154.0,0,0,0.0,0.0,0,0.0,0,0,0,0,,,0,0.0,periferico
ES_26053,26053,Corera,34.22854745,281.0,0,0,0.0,0.0,0,0.0,0,0,0,0,,,0,0.0,periferico
ES_26054,26054,Cornago,3.78786507,305.0,0,0,0.0,0.0,0,0.0,0,0,0,0,,,0,0.0,periferico
ES_26055,26055,Corporales,4.51126399,38.0,0,0,0.0,0.0,0,0.0,0,0,0,0,,,0,0.0,periferico
ES_26056,26056,Cuzcurrita de Río Tirón,29.13209975,559.0,0,0,0.0,0.0,0,0.0,0,0,0,0,,,0,0.0,periferico
ES_26058,26058,Enciso,2.49624149,174.0,0,0,0.0,0.0,0,0.0,0,0,0,0,,,0,0.0,periferico
ES_26060,26060,Estollo,5.75870343,93.0,0,0,0.0,0.0,0,0.0,0,0,0,0,,,0,0.0,periferico
ES_26061,26061,Ezcaray,14.52249596,2074.0,0,0,0.0,0.0,0,0.0,0,0,0,0,,,0,0.0,periferico
ES_26062,26062,Foncea,4.13893676,94.0,0,0,0.0,0.0,0,0.0,0,0,0,0,,,0,0.0,periferico
ES_26063,26063,Fonzaleche,7.58233395,129.0,0,0,0.0,0.0,0,0.0,0,0,0,0,,,0,0.0,periferico
ES_26064,26064,Fuenmayor,95.02662074,3255.0,0,0,0.0,0.0,0,0.0,0,0,0,0,,,0,0.0,periferico
ES_26065,26065,Galbárruli,5.70355731,88.0,0,0,0.0,0.0,0,0.0,0,0,0,0,,,0,0.0,periferico
ES_26066,26066,Galilea,40.588848,395.0,0,0,0.0,0.0,0,0.0,0,0,0,0,,,0,0.0,periferico
ES_26067,26067,Gallinero de Cameros,1.5256776,17.0,0,0,0.0,0.0,0,0.0,0,0,0,0,,,0,0.0,periferico
ES_26068,26068,Gimileo,28.41556117,114.0,0,0,0.0,0.0,0,0.0,0,0,0,0,,,0,0.0,periferico
ES_26071,26071,Haro,289.16698814,11750.0,0,0,0.0,0.0,0,0.0,0,0,0,0,,,0,0.0,periferico
ES_26072,26072,Herce,18.95215036,326.0,0,0,0.0,0.0,0,0.0,0,0,0,0,,,0,0.0,periferico
ES_26073,26073,Herramélluri,9.91764168,108.0,0,0,0.0,0.0,0,0.0,0,0,0,0,,,0,0.0,periferico
ES_26074,26074,Hervías,9.40852379,133.0,0,0,0.0,0.0,0,0.0,0,0,0,0,,,0,0.0,periferico
ES_26075,26075,Hormilla,27.94672553,443.0,0,0,0.0,0.0,0,0.0,0,0,0,0,,,0,0.0,periferico
ES_26076,26076,Hormilleja,17.87594906,133.0,0,0,0.0,0.0,0,0.0,0,0,0,0,,,0,0.0,periferico
ES_26077,26077,Hornillos de Cameros,1.25964311,15.0,0,0,0.0,0.0,0,0.0,0,0,0,0,,,0,0.0,periferico
ES_26078,26078,Hornos de Moncalvillo,12.68944707,94.0,0,0,0.0,0.0,0,0.0,0,0,0,0,,,0,0.0,periferico
ES_26081,26081,Jalón de Cameros,3.32421846,28.0,0,0,0.0,0.0,0,0.0,0,0,0,0,,,0,0.0,periferico
ES_26082,26082,Laguna de Cameros,2.76529945,115.0,0,0,0.0,0.0,0,0.0,0,0,0,0,,,0,0.0,periferico
ES_26083,26083,Lagunilla del Jubera,11.6378968,399.0,0,0,0.0,0.0,0,0.0,0,0,0,0,,,0,0.0,periferico
ES_26084,26084,Lardero,550.59269856,11371.0,0,0,0.0,0.0,0,0.0,0,0,0,0,,,0,0.0,periferico
ES_26086,26086,Ledesma de la Cogolla,1.31725572,16.0,0,0,0.0,0.0,0,0.0,0,0,0,0,,,0,0.0,periferico
ES_26087,26087,Leiva,19.60757242,249.0,0,0,0.0,0.0,0,0.0,0,0,0,0,,,0,0.0,periferico
ES_26088,26088,Leza de Río Leza,3.59815075,40.0,0,0,0.0,0.0,0,0.0,0,0,0,0,,,0,0.0,periferico
ES_26158,26158,Tudelilla,18.2306142,347.0,0,0,0.0,0.0,0,0.0,0,0,0,0,,,0,0.0,periferico
ES_26160,26160,Uruñuela,71.73208243,978.0,0,0,0.0,0.0,0,0.0,0,0,0,0,,,0,0.0,periferico
ES_26161,26161,Valdemadera,0.93107144,13.0,0,0,0.0,0.0,0,0.0,0,0,0,0,,,0,0.0,periferico
ES_26162,26162,Valgañón,4.31883345,137.0,0,0,0.0,0.0,0,0.0,0,0,0,0,,,0,0.0,periferico
ES_26164,26164,Ventrosa,0.72693031,53.0,0,0,0.0,0.0,0,0.0,0,0,0,0,,,0,0.0,periferico
ES_26165,26165,Viguera,9.07976839,379.0,0,0,0.0,0.0,0,0.0,0,0,0,0,,,0,0.0,periferico
ES_26166,26166,Villalba de Rioja,18.99098359,170.0,0,0,0.0,0.0,0,0.0,0,0,0,0,,,0,0.0,periferico
ES_26168,26168,Villamediana de Iregua,439.5661903,8998.0,0,0,0.0,0.0,0,0.0,0,0,0,0,,,0,0.0,periferico
ES_26169,26169,Villanueva de Cameros,4.01287701,74.0,0,0,0.0,0.0,0,0.0,0,0,0,0,,,0,0.0,periferico
ES_26170,26170,"Villar de Arnedo, El",33.72750574,615.0,0,0,0.0,0.0,0,0.0,0,0,0,0,,,0,0.0,periferico
ES_26172,26172,Villarejo,4.23976442,27.0,0,0,0.0,0.0,0,0.0,0,0,0,0,,,0,0.0,periferico
ES_26173,26173,Villarroya,0.33940199,4.0,0,0,0.0,0.0,0,0.0,0,0,0,0,,,0,0.0,periferico
ES_26174,26174,Villarta-Quintana,5.49884955,136.0,0,0,0.0,0.0,0,0.0,0,0,0,0,,,0,0.0,periferico
ES_26175,26175,Villavelayo,0.47132621,42.0,0,0,0.0,0.0,0,0.0,0,0,0,0,,,0,0.0,periferico
ES_26177,26177,Villoslada de Cameros,3.66422922,347.0,0,0,0.0,0.0,0,0.0,0,0,0,0,,,0,0.0,periferico
ES_26178,26178,Viniegra de Abajo,1.12687177,74.0,0,0,0.0,0.0,0,0.0,0,0,0,0,,,0,0.0,periferico
ES_26179,26179,Viniegra de Arriba,1.06617146,41.0,0,0,0.0,0.0,0,0.0,0,0,0,0,,,0,0.0,periferico
ES_26181,26181,Zarzosa,0.71053001,13.0,0,0,0.0,0.0,0,0.0,0,0,0,0,,,0,0.0,periferico
ES_26183,26183,Zorraquín,13.34789794,86.0,0,0,0.0,0.0,0,0.0,0,0,0,0,,,0,0.0,periferico
ES_27002,27002,Alfoz,20.0453431,1553.0,0,0,0.0,0.0,0,0.0,0,0,0,0,,,0,0.0,periferico
ES_27003,27003,Antas de Ulla,18.21786027,1887.0,0,0,0.0,0.0,0,0.0,0,0,0,0,,,0,0.0,periferico
ES_27004,27004,Baleira,6.84597829,1156.0,0,0,0.0,0.0,0,0.0,0,0,0,0,,,0,0.0,periferico
ES_27005,27005,Barreiros,41.80935582,3025.0,0,0,0.0,0.0,0,0.0,0,0,0,0,,,0,0.0,periferico
ES_27006,27006,Becerreá,15.72080778,2705.0,0,0,0.0,0.0,0,0.0,0,0,0,0,,,0,0.0,periferico
ES_27007,27007,Begonte,23.15624577,2937.0,0,0,0.0,0.0,0,0.0,0,0,0,0,,,0,0.0,periferico
ES_27008,27008,Bóveda,15.43256745,1406.0,0,0,0.0,0.0,0,0.0,0,0,0,0,,,0,0.0,periferico
ES_27010,27010,Castro de Rei,28.32055867,5012.0,0,0,0.0,0.0,0,0.0,0,0,0,0,,,0,0.0,periferico
ES_27012,27012,Cervantes,4.35826803,1210.0,0,0,0.0,0.0,0,0.0,0,0,0,0,,,0,0.0,periferico
ES_27013,27013,Cervo,53.94332287,4195.0,0,0,0.0,0.0,0,0.0,0,0,0,0,,,0,0.0,periferico
ES_27014,27014,"Corgo, O",21.6839166,3411.0,0,0,0.0,0.0,0,0.0,0,0,0,0,,,0,0.0,periferico
ES_27015,27015,Cospeito,29.46761014,4262.0,0,0,0.0,0.0,0,0.0,0,0,0,0,,,0,0.0,periferico
ES_27016,27016,Chantada,45.28285209,8002.0,0,0,0.0,0.0,0,0.0,0,0,0,0,,,0,0.0,periferico
ES_27017,27017,Folgoso do Courel,5.20053551,1005.0,0,0,0.0,0.0,0,0.0,0,0,0,0,,,0,0.0,periferico
ES_27018,27018,"Fonsagrada, A",7.31271027,3206.0,0,0,0.0,0.0,0,0.0,0,0,0,0,,,0,0.0,periferico
ES_27019,27019,Foz,101.69458833,10198.0,0,0,0.0,0.0,0,0.0,0,0,0,0,,,0,0.0,periferico
ES_27021,27021,Xermade,10.47349697,1732.0,0,0,0.0,0.0,0,0.0,0,0,0,0,,,0,0.0,periferico
ES_47021,47021,Bocigas,4.72038696,77.0,0,0,0.0,0.0,0,0.0,0,0,0,0,,,0,0.0,periferico
ES_47023,47023,Boecillo,179.08607425,4315.0,0,0,0.0,0.0,0,0.0,0,0,0,0,,,0,0.0,periferico
ES_47024,47024,Bolaños de Campos,8.25932754,247.0,0,0,0.0,0.0,0,0.0,0,0,0,0,,,0,0.0,periferico
ES_47025,47025,Brahojos de Medina,3.71778269,102.0,0,0,0.0,0.0,0,0.0,0,0,0,0,,,0,0.0,periferico
ES_47026,47026,Bustillo de Chaves,3.28333773,72.0,0,0,0.0,0.0,0,0.0,0,0,0,0,,,0,0.0,periferico
ES_47027,47027,Cabezón de Pisuerga,84.06815929,3813.0,0,0,0.0,0.0,0,0.0,0,0,0,0,,,0,0.0,periferico
ES_47029,47029,Cabreros del Monte,2.06675834,58.0,0,0,0.0,0.0,0,0.0,0,0,0,0,,,0,0.0,periferico
ES_21008,21008,Aroche,6.08686322,3033.0,0,0,0.0,0.0,0,0.0,0,0,0,0,,,0,0.0,periferico
ES_21009,21009,Arroyomolinos de León,10.92549509,950.0,0,0,0.0,0.0,0,0.0,0,0,0,0,,,0,0.0,periferico
ES_21010,21010,Ayamonte,154.8755069,21832.0,0,0,0.0,0.0,0,0.0,0,0,0,0,,,0,0.0,periferico
ES_21012,21012,Berrocal,2.33821096,295.0,0,0,0.0,0.0,0,0.0,0,0,0,0,,,0,0.0,periferico
ES_21014,21014,Bonares,94.98949859,6154.0,0,0,0.0,0.0,0,0.0,0,0,0,0,,,0,0.0,periferico
ES_21015,21015,Cabezas Rubias,6.49826571,706.0,0,0,0.0,0.0,0,0.0,0,0,0,0,,,0,0.0,periferico
ES_21016,21016,Cala,13.61687199,1143.0,0,0,0.0,0.0,0,0.0,0,0,0,0,,,0,0.0,periferico
ES_21017,21017,Calañas,11.57878209,2754.0,0,0,0.0,0.0,0,0.0,0,0,0,0,,,0,0.0,periferico
ES_21019,21019,Campofrío,15.96297903,750.0,0,0,0.0,0.0,0,0.0,0,0,0,0,,,0,0.0,periferico
ES_21020,21020,Cañaveral de León,11.00616952,383.0,0,0,0.0,0.0,0,0.0,0,0,0,0,,,0,0.0,periferico
ES_21022,21022,Castaño del Robledo,17.14383928,222.0,0,0,0.0,0.0,0,0.0,0,0,0,0,,,0,0.0,periferico
ES_21023,21023,"Cerro de Andévalo, El",7.97327527,2281.0,0,0,0.0,0.0,0,0.0,0,0,0,0,,,0,0.0,periferico
ES_21024,21024,Corteconcepción,11.58768632,569.0,0,0,0.0,0.0,0,0.0,0,0,0,0,,,0,0.0,periferico
ES_21025,21025,Cortegana,26.84641008,4648.0,0,0,0.0,0.0,0,0.0,0,0,0,0,,,0,0.0,periferico
ES_21026,21026,Cortelazor,7.5387299,301.0,0,0,0.0,0.0,0,0.0,0,0,0,0,,,0,0.0,periferico
ES_21027,21027,Cumbres de Enmedio,4.64759051,63.0,0,0,0.0,0.0,0,0.0,0,0,0,0,,,0,0.0,periferico
ES_21028,21028,Cumbres de San Bartolomé,2.52686762,365.0,0,0,0.0,0.0,0,0.0,0,0,0,0,,,0,0.0,periferico
ES_21030,21030,Chucena,89.0206008,2320.0,0,0,0.0,0.0,0,0.0,0,0,0,0,,,0,0.0,periferico
ES_21031,21031,Encinasola,7.37375075,1312.0,0,0,0.0,0.0,0,0.0,0,0,0,0,,,0,0.0,periferico
ES_21032,21032,Escacena del Campo,17.19115971,2322.0,0,0,0.0,0.0,0,0.0,0,0,0,0,,,0,0.0,periferico
ES_21033,21033,Fuenteheridos,74.68916484,816.0,0,0,0.0,0.0,0,0.0,0,0,0,0,,,0,0.0,periferico
ES_21034,21034,Galaroza,62.14081156,1383.0,0,0,0.0,0.0,0,0.0,0,0,0,0,,,0,0.0,periferico
ES_21035,21035,Gibraleón,40.07994792,13162.0,0,0,0.0,0.0,0,0.0,0,0,0,0,,,0,0.0,periferico
ES_21036,21036,"Granada de Río-Tinto, La",5.507134,246.0,0,0,0.0,0.0,0,0.0,0,0,0,0,,,0,0.0,periferico
ES_21037,21037,"Granado, El",5.07952446,497.0,0,0,0.0,0.0,0,0.0,0,0,0,0,,,0,0.0,periferico
ES_21038,21038,Higuera de la Sierra,53.16229736,1302.0,0,0,0.0,0.0,0,0.0,0,0,0,0,,,0,0.0,periferico
ES_21039,21039,Hinojales,12.32416564,329.0,0,0,0.0,0.0,0,0.0,0,0,0,0,,,0,0.0,periferico
ES_21040,21040,Hinojos,12.91267406,4130.0,0,0,0.0,0.0,0,0.0,0,0,0,0,,,0,0.0,periferico
ES_21042,21042,Isla Cristina,438.97281406,21724.0,0,0,0.0,0.0,0,0.0,0,0,0,0,,,0,0.0,periferico
ES_21043,21043,Jabugo,88.5866321,2209.0,0,0,0.0,0.0,0,0.0,0,0,0,0,,,0,0.0,periferico
ES_21044,21044,Lepe,226.9479045,29031.0,0,0,0.0,0.0,0,0.0,0,0,0,0,,,0,0.0,periferico
ES_21046,21046,Lucena del Puerto,49.71248968,3459.0,0,0,0.0,0.0,0,0.0,0,0,0,0,,,0,0.0,periferico
ES_21047,21047,Manzanilla,55.42676267,2197.0,0,0,0.0,0.0,0,0.0,0,0,0,0,,,0,0.0,periferico
ES_21048,21048,"Marines, Los",41.78266089,417.0,0,0,0.0,0.0,0,0.0,0,0,0,0,,,0,0.0,periferico
ES_21049,21049,Minas de Riotinto,159.00851353,3706.0,0,0,0.0,0.0,0,0.0,0,0,0,0,,,0,0.0,periferico
ES_21051,21051,"Nava, La",4.40598431,269.0,0,0,0.0,0.0,0,0.0,0,0,0,0,,,0,0.0,periferico
ES_21052,21052,Nerva,91.78961696,5086.0,0,0,0.0,0.0,0,0.0,0,0,0,0,,,0,0.0,periferico
ES_21054,21054,"Palma del Condado, La",177.50951096,10722.0,0,0,0.0,0.0,0,0.0,0,0,0,0,,,0,0.0,periferico
ES_21055,21055,Palos de la Frontera,258.9083222,12739.0,0,0,0.0,0.0,0,0.0,0,0,0,0,,,0,0.0,periferico
ES_21056,21056,Paterna del Campo,26.19432579,3470.0,0,0,0.0,0.0,0,0.0,0,0,0,0,,,0,0.0,periferico
ES_21057,21057,Paymogo,5.50097286,1175.0,0,0,0.0,0.0,0,0.0,0,0,0,0,,,0,0.0,periferico
ES_21059,21059,Puerto Moral,14.22816966,282.0,0,0,0.0,0.0,0,0.0,0,0,0,0,,,0,0.0,periferico
ES_21061,21061,Rociana del Condado,113.85626583,8192.0,0,0,0.0,0.0,0,0.0,0,0,0,0,,,0,0.0,periferico
ES_21062,21062,Rosal de la Frontera,8.154835,1710.0,0,0,0.0,0.0,0,0.0,0,0,0,0,,,0,0.0,periferico
ES_21063,21063,San Bartolomé de la Torre,70.55545206,3994.0,0,0,0.0,0.0,0,0.0,0,0,0,0,,,0,0.0,periferico
ES_21064,21064,San Juan del Puerto,213.73964659,9704.0,0,0,0.0,0.0,0,0.0,0,0,0,0,,,0,0.0,periferico
ES_21065,21065,Sanlúcar de Guadiana,4.45162043,429.0,0,0,0.0,0.0,0,0.0,0,0,0,0,,,0,0.0,periferico
ES_21066,21066,San Silvestre de Guzmán,13.57148219,664.0,0,0,0.0,0.0,0,0.0,0,0,0,0,,,0,0.0,periferico
ES_21067,21067,Santa Ana la Real,18.06087762,479.0,0,0,0.0,0.0,0,0.0,0,0,0,0,,,0,0.0,periferico
ES_21068,21068,Santa Bárbara de Casa,7.69796934,1128.0,0,0,0.0,0.0,0,0.0,0,0,0,0,,,0,0.0,periferico
ES_21071,21071,Valdelarco,16.34404884,243.0,0,0,0.0,0.0,0,0.0,0,0,0,0,,,0,0.0,periferico
ES_21072,21072,Valverde del Camino,58.20407021,12732.0,0,0,0.0,0.0,0,0.0,0,0,0,0,,,0,0.0,periferico
ES_21073,21073,Villablanca,30.17914503,2968.0,0,0,0.0,0.0,0,0.0,0,0,0,0,,,0,0.0,periferico
ES_21074,21074,Villalba del Alcor,53.4136462,3335.0,0,0,0.0,0.0,0,0.0,0,0,0,0,,,0,0.0,periferico
ES_21075,21075,Villanueva de las Cruces,11.40186407,392.0,0,0,0.0,0.0,0,0.0,0,0,0,0,,,0,0.0,periferico
ES_21076,21076,Villanueva de los Castillejos,11.22132069,2962.0,0,0,0.0,0.0,0,0.0,0,0,0,0,,,0,0.0,periferico
ES_21077,21077,Villarrasa,30.08275617,2173.0,0,0,0.0,0.0,0,0.0,0,0,0,0,,,0,0.0,periferico
ES_21078,21078,Zalamea la Real,12.4960054,2986.0,0,0,0.0,0.0,0,0.0,0,0,0,0,,,0,0.0,periferico
ES_21902,21902,"Zarza-Perrunal, La",27.26876477,1216.0,0,0,0.0,0.0,0,0.0,0,0,0,0,,,0,0.0,periferico
ES_22002,22002,Abizanda,3.6165836,162.0,0,0,0.0,0.0,0,0.0,0,0,0,0,,,0,0.0,periferico
ES_22003,22003,Adahuesca,3.94570389,207.0,0,0,0.0,0.0,0,0.0,0,0,0,0,,,0,0.0,periferico
ES_22004,22004,Agüero,1.51916843,143.0,0,0,0.0,0.0,0,0.0,0,0,0,0,,,0,0.0,periferico
ES_22006,22006,Aisa,4.01741906,325.0,0,0,0.0,0.0,0,0.0,0,0,0,0,,,0,0.0,periferico
ES_22007,22007,Albalate de Cinca,26.18232174,1159.0,0,0,0.0,0.0,0,0.0,0,0,0,0,,,0,0.0,periferico
ES_22008,22008,Albalatillo,21.90972957,200.0,0,0,0.0,0.0,0,0.0,0,0,0,0,,,0,0.0,periferico
ES_22009,22009,Albelda,13.52629134,701.0,0,0,0.0,0.0,0,0.0,0,0,0,0,,,0,0.0,periferico
ES_22011,22011,Albero Alto,6.432252,124.0,0,0,0.0,0.0,0,0.0,0,0,0,0,,,0,0.0,periferico
ES_22012,22012,Albero Bajo,5.84800136,130.0,0,0,0.0,0.0,0,0.0,0,0,0,0,,,0,0.0,periferico
ES_22013,22013,Alberuela de Tubo,14.73580288,306.0,0,0,0.0,0.0,0,0.0,0,0,0,0,,,0,0.0,periferico
ES_22014,22014,Alcalá de Gurrea,3.20749975,229.0,0,0,0.0,0.0,0,0.0,0,0,0,0,,,0,0.0,periferico
ES_22016,22016,Alcampell,10.73596188,623.0,0,0,0.0,0.0,0,0.0,0,0,0,0,,,0,0.0,periferico
ES_22017,22017,Alcolea de Cinca,13.2065595,1100.0,0,0,0.0,0.0,0,0.0,0,0,0,0,,,0,0.0,periferico
ES_22018,22018,Alcubierre,3.57239139,412.0,0,0,0.0,0.0,0,0.0,0,0,0,0,,,0,0.0,periferico
ES_22019,22019,Alerre,24.66712017,221.0,0,0,0.0,0.0,0,0.0,0,0,0,0,,,0,0.0,periferico
ES_22020,22020,Alfántega,15.55112764,136.0,0,0,0.0,0.0,0,0.0,0,0,0,0,,,0,0.0,periferico
ES_22021,22021,Almudévar,12.08481854,2435.0,0,0,0.0,0.0,0,0.0,0,0,0,0,,,0,0.0,periferico
ES_22022,22022,Almunia de San Juan,20.3311095,725.0,0,0,0.0,0.0,0,0.0,0,0,0,0,,,0,0.0,periferico
ES_22023,22023,Almuniente,11.79209625,443.0,0,0,0.0,0.0,0,0.0,0,0,0,0,,,0,0.0,periferico
ES_22024,22024,Alquézar,10.71482326,347.0,0,0,0.0,0.0,0,0.0,0,0,0,0,,,0,0.0,periferico
ES_22025,22025,Altorricón,43.99252467,1426.0,0,0,0.0,0.0,0,0.0,0,0,0,0,,,0,0.0,periferico
ES_37184,37184,Masueco,13.23745878,262.0,0,0,0.0,0.0,0,0.0,0,0,0,0,,,0,0.0,periferico
ES_37186,37186,"Mata de Ledesma, La",2.74192162,106.0,0,0,0.0,0.0,0,0.0,0,0,0,0,,,0,0.0,periferico
ES_37187,37187,Matilla de los Caños del Río,9.04811761,627.0,0,0,0.0,0.0,0,0.0,0,0,0,0,,,0,0.0,periferico
ES_37188,37188,"Maya, La",22.62302083,159.0,0,0,0.0,0.0,0,0.0,0,0,0,0,,,0,0.0,periferico
ES_37189,37189,Membribe de la Sierra,2.25613437,105.0,0,0,0.0,0.0,0,0.0,0,0,0,0,,,0,0.0,periferico
ES_37190,37190,Mieza,5.13946355,179.0,0,0,0.0,0.0,0,0.0,0,0,0,0,,,0,0.0,periferico
ES_37191,37191,"Milano, El",4.10568037,93.0,0,0,0.0,0.0,0,0.0,0,0,0,0,,,0,0.0,periferico
ES_37192,37192,Miranda de Azán,18.81236055,453.0,0,0,0.0,0.0,0,0.0,0,0,0,0,,,0,0.0,periferico
ES_37194,37194,Mogarraz,27.37365612,248.0,0,0,0.0,0.0,0,0.0,0,0,0,0,,,0,0.0,periferico
ES_37196,37196,Monforte de la Sierra,13.82035554,60.0,0,0,0.0,0.0,0,0.0,0,0,0,0,,,0,0.0,periferico
ES_37197,37197,Monleón,4.66951553,89.0,0,0,0.0,0.0,0,0.0,0,0,0,0,,,0,0.0,periferico
ES_37198,37198,Monleras,7.30472803,240.0,0,0,0.0,0.0,0,0.0,0,0,0,0,,,0,0.0,periferico
ES_37199,37199,Monsagro,2.78669472,134.0,0,0,0.0,0.0,0,0.0,0,0,0,0,,,0,0.0,periferico
ES_47030,47030,Campaspero,22.2893894,1043.0,0,0,0.0,0.0,0,0.0,0,0,0,0,,,0,0.0,periferico
ES_47033,47033,Canalejas de Peñafiel,7.37428811,237.0,0,0,0.0,0.0,0,0.0,0,0,0,0,,,0,0.0,periferico
ES_47034,47034,Canillas de Esgueva,2.98065489,70.0,0,0,0.0,0.0,0,0.0,0,0,0,0,,,0,0.0,periferico
ES_47035,47035,Carpio,16.76719224,948.0,0,0,0.0,0.0,0,0.0,0,0,0,0,,,0,0.0,periferico
ES_47036,47036,Casasola de Arión,8.11389218,225.0,0,0,0.0,0.0,0,0.0,0,0,0,0,,,0,0.0,periferico
ES_47038,47038,Castrillo de Duero,5.14863509,133.0,0,0,0.0,0.0,0,0.0,0,0,0,0,,,0,0.0,periferico
ES_47039,47039,Castrillo-Tejeriego,4.40131562,158.0,0,0,0.0,0.0,0,0.0,0,0,0,0,,,0,0.0,periferico
ES_47040,47040,Castrobol,3.08345887,52.0,0,0,0.0,0.0,0,0.0,0,0,0,0,,,0,0.0,periferico
ES_47041,47041,Castrodeza,9.08611742,145.0,0,0,0.0,0.0,0,0.0,0,0,0,0,,,0,0.0,periferico
ES_47043,47043,Castromonte,3.81634154,332.0,0,0,0.0,0.0,0,0.0,0,0,0,0,,,0,0.0,periferico
ES_47044,47044,Castronuevo de Esgueva,13.40553319,391.0,0,0,0.0,0.0,0,0.0,0,0,0,0,,,0,0.0,periferico
ES_47045,47045,Castronuño,6.38780118,795.0,0,0,0.0,0.0,0,0.0,0,0,0,0,,,0,0.0,periferico
ES_47046,47046,Castroponce,5.38698632,134.0,0,0,0.0,0.0,0,0.0,0,0,0,0,,,0,0.0,periferico
ES_47047,47047,Castroverde de Cerrato,6.04048897,196.0,0,0,0.0,0.0,0,0.0,0,0,0,0,,,0,0.0,periferico
ES_47048,47048,Ceinos de Campos,5.06539882,183.0,0,0,0.0,0.0,0,0.0,0,0,0,0,,,0,0.0,periferico
ES_47049,47049,Cervillego de la Cruz,4.44373616,95.0,0,0,0.0,0.0,0,0.0,0,0,0,0,,,0,0.0,periferico
ES_47050,47050,Cigales,88.096635,5371.0,0,0,0.0,0.0,0,0.0,0,0,0,0,,,0,0.0,periferico
ES_47051,47051,Ciguñuela,11.71654734,356.0,0,0,0.0,0.0,0,0.0,0,0,0,0,,,0,0.0,periferico
ES_47052,47052,Cistérniga,289.53624572,9179.0,0,0,0.0,0.0,0,0.0,0,0,0,0,,,0,0.0,periferico
ES_47054,47054,Cogeces del Monte,8.71549077,641.0,0,0,0.0,0.0,0,0.0,0,0,0,0,,,0,0.0,periferico
ES_47055,47055,Corcos,5.21309836,222.0,0,0,0.0,0.0,0,0.0,0,0,0,0,,,0,0.0,periferico
ES_47056,47056,Corrales de Duero,5.95822112,106.0,0,0,0.0,0.0,0,0.0,0,0,0,0,,,0,0.0,periferico
ES_47057,47057,Cubillas de Santa Marta,16.60708368,391.0,0,0,0.0,0.0,0,0.0,0,0,0,0,,,0,0.0,periferico
ES_47058,47058,Cuenca de Campos,4.13469594,198.0,0,0,0.0,0.0,0,0.0,0,0,0,0,,,0,0.0,periferico
ES_47060,47060,Encinas de Esgueva,6.93906398,214.0,0,0,0.0,0.0,0,0.0,0,0,0,0,,,0,0.0,periferico
ES_47061,47061,Esguevillas de Esgueva,6.38030124,265.0,0,0,0.0,0.0,0,0.0,0,0,0,0,,,0,0.0,periferico
ES_47062,47062,Fombellida,5.03480027,182.0,0,0,0.0,0.0,0,0.0,0,0,0,0,,,0,0.0,periferico
ES_47063,47063,Fompedraza,6.76660463,111.0,0,0,0.0,0.0,0,0.0,0,0,0,0,,,0,0.0,periferico
ES_47065,47065,Fresno el Viejo,13.28666849,856.0,0,0,0.0,0.0,0,0.0,0,0,0,0,,,0,0.0,periferico
ES_47066,47066,Fuensaldaña,82.50071165,2073.0,0,0,0.0,0.0,0,0.0,0,0,0,0,,,0,0.0,periferico
ES_47067,47067,Fuente el Sol,7.17240428,150.0,0,0,0.0,0.0,0,0.0,0,0,0,0,,,0,0.0,periferico
ES_47068,47068,Fuente-Olmedo,2.64333509,36.0,0,0,0.0,0.0,0,0.0,0,0,0,0,,,0,0.0,periferico
ES_47069,47069,Gallegos de Hornija,9.62372266,108.0,0,0,0.0,0.0,0,0.0,0,0,0,0,,,0,0.0,periferico
ES_47070,47070,Gatón de Campos,1.65884366,34.0,0,0,0.0,0.0,0,0.0,0,0,0,0,,,0,0.0,periferico
ES_47073,47073,Herrín de Campos,3.90052524,115.0,0,0,0.0,0.0,0,0.0,0,0,0,0,,,0,0.0,periferico
ES_47074,47074,Hornillos de Eresma,5.48034911,190.0,0,0,0.0,0.0,0,0.0,0,0,0,0,,,0,0.0,periferico
ES_47076,47076,Laguna de Duero,775.87995532,22674.0,0,0,0.0,0.0,0,0.0,0,0,0,0,,,0,0.0,periferico
ES_47077,47077,Langayo,5.25240023,254.0,0,0,0.0,0.0,0,0.0,0,0,0,0,,,0,0.0,periferico
ES_47078,47078,Lomoviejo,6.02008901,166.0,0,0,0.0,0.0,0,0.0,0,0,0,0,,,0,0.0,periferico
ES_47079,47079,Llano de Olmedo,3.09283888,47.0,0,0,0.0,0.0,0,0.0,0,0,0,0,,,0,0.0,periferico
ES_47080,47080,Manzanillo,2.81728131,53.0,0,0,0.0,0.0,0,0.0,0,0,0,0,,,0,0.0,periferico
ES_47081,47081,Marzales,3.47320465,44.0,0,0,0.0,0.0,0,0.0,0,0,0,0,,,0,0.0,periferico
ES_47083,47083,Matilla de los Caños,8.39160317,103.0,0,0,0.0,0.0,0,0.0,0,0,0,0,,,0,0.0,periferico
ES_47084,47084,Mayorga,9.41999673,1419.0,0,0,0.0,0.0,0,0.0,0,0,0,0,,,0,0.0,periferico
ES_47086,47086,Medina de Rioseco,38.97505223,4492.0,0,0,0.0,0.0,0,0.0,0,0,0,0,,,0,0.0,periferico
ES_47087,47087,Megeces,22.26991891,424.0,0,0,0.0,0.0,0,0.0,0,0,0,0,,,0,0.0,periferico
ES_47088,47088,Melgar de Abajo,4.94801651,114.0,0,0,0.0,0.0,0,0.0,0,0,0,0,,,0,0.0,periferico
ES_47089,47089,Melgar de Arriba,4.82174634,169.0,0,0,0.0,0.0,0,0.0,0,0,0,0,,,0,0.0,periferico
ES_47090,47090,Mojados,72.31479902,3343.0,0,0,0.0,0.0,0,0.0,0,0,0,0,,,0,0.0,periferico
ES_47091,47091,Monasterio de Vega,2.70652819,81.0,0,0,0.0,0.0,0,0.0,0,0,0,0,,,0,0.0,periferico
ES_47092,47092,Montealegre de Campos,3.03207934,103.0,0,0,0.0,0.0,0,0.0,0,0,0,0,,,0,0.0,periferico
ES_47093,47093,Montemayor de Pililla,14.28799719,851.0,0,0,0.0,0.0,0,0.0,0,0,0,0,,,0,0.0,periferico
ES_47095,47095,Moraleja de las Panaderas,2.62373996,40.0,0,0,0.0,0.0,0,0.0,0,0,0,0,,,0,0.0,periferico
ES_47096,47096,Morales de Campos,8.44053539,134.0,0,0,0.0,0.0,0,0.0,0,0,0,0,,,0,0.0,periferico
ES_47098,47098,Mucientes,10.47061124,668.0,0,0,0.0,0.0,0,0.0,0,0,0,0,,,0,0.0,periferico
ES_26089,26089,Logroño,1902.37277825,150206.0,0,0,0.0,0.0,0,0.0,0,0,0,0,,,0,0.0,periferico
ES_26091,26091,Lumbreras de Cameros,1.0144724,145.0,0,0,0.0,0.0,0,0.0,0,0,0,0,,,0,0.0,periferico
ES_26092,26092,Manjarrés,17.67659245,109.0,0,0,0.0,0.0,0,0.0,0,0,0,0,,,0,0.0,periferico
ES_26093,26093,Mansilla de la Sierra,0.73137109,62.0,0,0,0.0,0.0,0,0.0,0,0,0,0,,,0,0.0,periferico
ES_26094,26094,Manzanares de Rioja,3.2370335,58.0,0,0,0.0,0.0,0,0.0,0,0,0,0,,,0,0.0,periferico
ES_26095,26095,Matute,3.54726498,91.0,0,0,0.0,0.0,0,0.0,0,0,0,0,,,0,0.0,periferico
ES_26096,26096,Medrano,47.18700441,351.0,0,0,0.0,0.0,0,0.0,0,0,0,0,,,0,0.0,periferico
ES_26099,26099,Murillo de Río Leza,36.2727778,1672.0,0,0,0.0,0.0,0,0.0,0,0,0,0,,,0,0.0,periferico
ES_26100,26100,Muro de Aguas,1.84473958,57.0,0,0,0.0,0.0,0,0.0,0,0,0,0,,,0,0.0,periferico
ES_26103,26103,Nalda,54.44306297,1338.0,0,0,0.0,0.0,0,0.0,0,0,0,0,,,0,0.0,periferico
ES_26104,26104,Navajún,0.48819185,8.0,0,0,0.0,0.0,0,0.0,0,0,0,0,,,0,0.0,periferico
ES_26105,26105,Navarrete,105.83173048,3021.0,0,0,0.0,0.0,0,0.0,0,0,0,0,,,0,0.0,periferico
ES_26106,26106,Nestares,3.84155449,83.0,0,0,0.0,0.0,0,0.0,0,0,0,0,,,0,0.0,periferico
ES_26108,26108,Ocón,5.28202927,322.0,0,0,0.0,0.0,0,0.0,0,0,0,0,,,0,0.0,periferico
ES_26109,26109,Ochánduri,7.42402106,87.0,0,0,0.0,0.0,0,0.0,0,0,0,0,,,0,0.0,periferico
ES_26110,26110,Ojacastro,3.88022921,172.0,0,0,0.0,0.0,0,0.0,0,0,0,0,,,0,0.0,periferico
ES_26111,26111,Ollauri,121.53253218,315.0,0,0,0.0,0.0,0,0.0,0,0,0,0,,,0,0.0,periferico
ES_26112,26112,Ortigosa de Cameros,6.73563358,222.0,0,0,0.0,0.0,0,0.0,0,0,0,0,,,0,0.0,periferico
ES_26114,26114,Pedroso,4.56729382,88.0,0,0,0.0,0.0,0,0.0,0,0,0,0,,,0,0.0,periferico
ES_26115,26115,Pinillos,2.10174147,25.0,0,0,0.0,0.0,0,0.0,0,0,0,0,,,0,0.0,periferico
ES_26117,26117,Pradejón,119.28901175,3793.0,0,0,0.0,0.0,0,0.0,0,0,0,0,,,0,0.0,periferico
ES_26118,26118,Pradillo,6.50979841,67.0,0,0,0.0,0.0,0,0.0,0,0,0,0,,,0,0.0,periferico
ES_26119,26119,Préjano,5.02513252,213.0,0,0,0.0,0.0,0,0.0,0,0,0,0,,,0,0.0,periferico
ES_26121,26121,Rabanera,2.38939387,33.0,0,0,0.0,0.0,0,0.0,0,0,0,0,,,0,0.0,periferico
ES_26122,26122,"Rasillo de Cameros, El",9.67847992,154.0,0,0,0.0,0.0,0,0.0,0,0,0,0,,,0,0.0,periferico
ES_26123,26123,"Redal, El",18.17070755,152.0,0,0,0.0,0.0,0,0.0,0,0,0,0,,,0,0.0,periferico
ES_26125,26125,Rincón de Soto,202.3807254,4025.0,0,0,0.0,0.0,0,0.0,0,0,0,0,,,0,0.0,periferico
ES_26126,26126,Robres del Castillo,0.75269378,27.0,0,0,0.0,0.0,0,0.0,0,0,0,0,,,0,0.0,periferico
ES_26127,26127,Rodezno,14.62888163,209.0,0,0,0.0,0.0,0,0.0,0,0,0,0,,,0,0.0,periferico
ES_26128,26128,Sajazarra,9.46350325,131.0,0,0,0.0,0.0,0,0.0,0,0,0,0,,,0,0.0,periferico
ES_26130,26130,San Millán de la Cogolla,6.8674997,214.0,0,0,0.0,0.0,0,0.0,0,0,0,0,,,0,0.0,periferico
ES_26131,26131,San Millán de Yécora,3.24886319,35.0,0,0,0.0,0.0,0,0.0,0,0,0,0,,,0,0.0,periferico
ES_26132,26132,San Román de Cameros,2.71632204,129.0,0,0,0.0,0.0,0,0.0,0,0,0,0,,,0,0.0,periferico
ES_26136,26136,Santa Eulalia Bajera,14.09666636,119.0,0,0,0.0,0.0,0,0.0,0,0,0,0,,,0,0.0,periferico
ES_26138,26138,Santo Domingo de la Calzada,156.724373,6280.0,0,0,0.0,0.0,0,0.0,0,0,0,0,,,0,0.0,periferico
ES_26139,26139,San Torcuato,5.71747065,62.0,0,0,0.0,0.0,0,0.0,0,0,0,0,,,0,0.0,periferico
ES_26141,26141,Santurdejo,5.67278981,104.0,0,0,0.0,0.0,0,0.0,0,0,0,0,,,0,0.0,periferico
ES_26142,26142,San Vicente de la Sonsierra,20.77528112,1009.0,0,0,0.0,0.0,0,0.0,0,0,0,0,,,0,0.0,periferico
ES_26143,26143,Sojuela,40.10941992,608.0,0,0,0.0,0.0,0,0.0,0,0,0,0,,,0,0.0,periferico
ES_26144,26144,Sorzano,21.71726934,222.0,0,0,0.0,0.0,0,0.0,0,0,0,0,,,0,0.0,periferico
ES_26145,26145,Sotés,17.95219356,262.0,0,0,0.0,0.0,0,0.0,0,0,0,0,,,0,0.0,periferico
ES_26146,26146,Soto en Cameros,1.79400735,88.0,0,0,0.0,0.0,0,0.0,0,0,0,0,,,0,0.0,periferico
ES_26147,26147,Terroba,4.64305456,41.0,0,0,0.0,0.0,0,0.0,0,0,0,0,,,0,0.0,periferico
ES_26148,26148,Tirgo,18.78612343,171.0,0,0,0.0,0.0,0,0.0,0,0,0,0,,,0,0.0,periferico
ES_26149,26149,Tobía,1.34459346,47.0,0,0,0.0,0.0,0,0.0,0,0,0,0,,,0,0.0,periferico
ES_26150,26150,Tormantos,10.92609212,121.0,0,0,0.0,0.0,0,0.0,0,0,0,0,,,0,0.0,periferico
ES_26153,26153,Torre en Cameros,0.77308445,9.0,0,0,0.0,0.0,0,0.0,0,0,0,0,,,0,0.0,periferico
ES_26154,26154,Torremontalbo,1.61854868,8.0,0,0,0.0,0.0,0,0.0,0,0,0,0,,,0,0.0,periferico
ES_26155,26155,Treviana,4.03787212,141.0,0,0,0.0,0.0,0,0.0,0,0,0,0,,,0,0.0,periferico
ES_26157,26157,Tricio,56.94670529,361.0,0,0,0.0,0.0,0,0.0,0,0,0,0,,,0,0.0,periferico
ES_43001,43001,Aiguamúrcia,13.50754278,983.0,0,0,0.0,0.0,0,0.0,0,0,0,0,,,0,0.0,periferico
ES_43002,43002,Albinyana,136.30262196,2664.0,0,0,0.0,0.0,0,0.0,0,0,0,0,,,0,0.0,periferico
ES_43003,43003,"Albiol, L'",26.41694021,539.0,0,0,0.0,0.0,0,0.0,0,0,0,0,,,0,0.0,periferico
ES_43004,43004,Alcanar,207.30142651,9772.0,0,0,0.0,0.0,0,0.0,0,0,0,0,,,0,0.0,periferico
ES_43005,43005,Alcover,113.74750241,5267.0,0,0,0.0,0.0,0,0.0,0,0,0,0,,,0,0.0,periferico
ES_43006,43006,Aldover,44.23953922,879.0,0,0,0.0,0.0,0,0.0,0,0,0,0,,,0,0.0,periferico
ES_43009,43009,Alforja,52.03139526,1984.0,0,0,0.0,0.0,0,0.0,0,0,0,0,,,0,0.0,periferico
ES_43011,43011,Almoster,216.87075439,1309.0,0,0,0.0,0.0,0,0.0,0,0,0,0,,,0,0.0,periferico
ES_43013,43013,"Ametlla de Mar, L'",109.22188629,7330.0,0,0,0.0,0.0,0,0.0,0,0,0,0,,,0,0.0,periferico
ES_43014,43014,Amposta,161.43511864,22225.0,0,0,0.0,0.0,0,0.0,0,0,0,0,,,0,0.0,periferico
ES_43015,43015,Arbolí,6.27904065,131.0,0,0,0.0,0.0,0,0.0,0,0,0,0,,,0,0.0,periferico
ES_43016,43016,"Arboç, L'",401.43894846,5692.0,0,0,0.0,0.0,0,0.0,0,0,0,0,,,0,0.0,periferico
ES_43017,43017,"Argentera, L'",13.25821507,132.0,0,0,0.0,0.0,0,0.0,0,0,0,0,,,0,0.0,periferico
ES_43019,43019,Ascó,22.27074829,1637.0,0,0,0.0,0.0,0,0.0,0,0,0,0,,,0,0.0,periferico
ES_43021,43021,Barberà de la Conca,18.38305719,484.0,0,0,0.0,0.0,0,0.0,0,0,0,0,,,0,0.0,periferico
ES_43022,43022,Batea,14.58703851,1863.0,0,0,0.0,0.0,0,0.0,0,0,0,0,,,0,0.0,periferico
ES_43023,43023,Bellmunt del Priorat,31.83108,285.0,0,0,0.0,0.0,0,0.0,0,0,0,0,,,0,0.0,periferico
ES_43024,43024,Bellvei,285.950149,2361.0,0,0,0.0,0.0,0,0.0,0,0,0,0,,,0,0.0,periferico
ES_43025,43025,Benifallet,11.76737601,736.0,0,0,0.0,0.0,0,0.0,0,0,0,0,,,0,0.0,periferico
ES_43026,43026,Benissanet,49.71939544,1161.0,0,0,0.0,0.0,0,0.0,0,0,0,0,,,0,0.0,periferico
ES_43028,43028,"Bisbal del Penedès, La",128.25935,4168.0,0,0,0.0,0.0,0,0.0,0,0,0,0,,,0,0.0,periferico
ES_43029,43029,Blancafort,26.78175219,390.0,0,0,0.0,0.0,0,0.0,0,0,0,0,,,0,0.0,periferico
ES_43030,43030,Bonastre,29.73922411,744.0,0,0,0.0,0.0,0,0.0,0,0,0,0,,,0,0.0,periferico
ES_43031,43031,"Borges del Camp, Les",263.10647494,2195.0,0,0,0.0,0.0,0,0.0,0,0,0,0,,,0,0.0,periferico
ES_43032,43032,Bot,16.15095174,560.0,0,0,0.0,0.0,0,0.0,0,0,0,0,,,0,0.0,periferico
ES_43033,43033,Botarell,96.00342012,1152.0,0,0,0.0,0.0,0,0.0,0,0,0,0,,,0,0.0,periferico
ES_43035,43035,Cabacés,9.78756419,305.0,0,0,0.0,0.0,0,0.0,0,0,0,0,,,0,0.0,periferico
ES_43036,43036,Cabra del Camp,47.78634472,1282.0,0,0,0.0,0.0,0,0.0,0,0,0,0,,,0,0.0,periferico
ES_43038,43038,Cambrils,1038.03503507,36441.0,0,0,0.0,0.0,0,0.0,0,0,0,0,,,0,0.0,periferico
ES_43040,43040,Capçanes,19.01946887,423.0,0,0,0.0,0.0,0,0.0,0,0,0,0,,,0,0.0,periferico
ES_43041,43041,Caseres,5.65490656,242.0,0,0,0.0,0.0,0,0.0,0,0,0,0,,,0,0.0,periferico
ES_43042,43042,Castellvell del Camp,583.47259624,3017.0,0,0,0.0,0.0,0,0.0,0,0,0,0,,,0,0.0,periferico
ES_43043,43043,"Catllar, El",194.39941551,5118.0,0,0,0.0,0.0,0,0.0,0,0,0,0,,,0,0.0,periferico
ES_43045,43045,Colldejou,11.1755653,161.0,0,0,0.0,0.0,0,0.0,0,0,0,0,,,0,0.0,periferico
ES_43046,43046,Conesa,4.11957514,120.0,0,0,0.0,0.0,0,0.0,0,0,0,0,,,0,0.0,periferico
ES_43047,43047,Constantí,220.18851437,6849.0,0,0,0.0,0.0,0,0.0,0,0,0,0,,,0,0.0,periferico
ES_31067,31067,Carcastillo,25.07936175,2433.0,0,0,0.0,0.0,0,0.0,0,0,0,0,,,0,0.0,periferico
ES_31069,31069,Cáseda,11.31979588,969.0,0,0,0.0,0.0,0,0.0,0,0,0,0,,,0,0.0,periferico
ES_31070,31070,Castejón,241.01236433,4431.0,0,0,0.0,0.0,0,0.0,0,0,0,0,,,0,0.0,periferico
ES_31071,31071,Castillonuevo,0.5696345,15.0,0,0,0.0,0.0,0,0.0,0,0,0,0,,,0,0.0,periferico
ES_31072,31072,Cintruénigo,220.51940883,8244.0,0,0,0.0,0.0,0,0.0,0,0,0,0,,,0,0.0,periferico
ES_31073,31073,Ziordia,25.30818512,359.0,0,0,0.0,0.0,0,0.0,0,0,0,0,,,0,0.0,periferico
ES_31075,31075,Ciriza,36.62288997,160.0,0,0,0.0,0.0,0,0.0,0,0,0,0,,,0,0.0,periferico
ES_31076,31076,Cizur,74.15863304,3892.0,0,0,0.0,0.0,0,0.0,0,0,0,0,,,0,0.0,periferico
ES_31078,31078,Cortes,86.02254992,3142.0,0,0,0.0,0.0,0,0.0,0,0,0,0,,,0,0.0,periferico
ES_31079,31079,Desojo,5.13137745,71.0,0,0,0.0,0.0,0,0.0,0,0,0,0,,,0,0.0,periferico
ES_31080,31080,Dicastillo,17.17407536,574.0,0,0,0.0,0.0,0,0.0,0,0,0,0,,,0,0.0,periferico
ES_31081,31081,Donamaria,19.38114684,455.0,0,0,0.0,0.0,0,0.0,0,0,0,0,,,0,0.0,periferico
ES_31082,31082,Etxalar,18.10421023,835.0,0,0,0.0,0.0,0,0.0,0,0,0,0,,,0,0.0,periferico
ES_31083,31083,Echarri,32.77046162,75.0,0,0,0.0,0.0,0,0.0,0,0,0,0,,,0,0.0,periferico
ES_31174,31174,Morentin,12.98983927,116.0,0,0,0.0,0.0,0,0.0,0,0,0,0,,,0,0.0,periferico
ES_31175,31175,Mues,5.66774534,82.0,0,0,0.0,0.0,0,0.0,0,0,0,0,,,0,0.0,periferico
ES_31176,31176,Murchante,321.75160837,4250.0,0,0,0.0,0.0,0,0.0,0,0,0,0,,,0,0.0,periferico
ES_31178,31178,Murillo el Cuende,11.67040397,685.0,0,0,0.0,0.0,0,0.0,0,0,0,0,,,0,0.0,periferico
ES_31179,31179,Murillo el Fruto,20.3022944,686.0,0,0,0.0,0.0,0,0.0,0,0,0,0,,,0,0.0,periferico
ES_31180,31180,Muruzábal,45.5554484,270.0,0,0,0.0,0.0,0,0.0,0,0,0,0,,,0,0.0,periferico
ES_31181,31181,Navascués,1.29237775,124.0,0,0,0.0,0.0,0,0.0,0,0,0,0,,,0,0.0,periferico
ES_31182,31182,Nazar,4.89595343,46.0,0,0,0.0,0.0,0,0.0,0,0,0,0,,,0,0.0,periferico
ES_31184,31184,Oco,20.10222579,66.0,0,0,0.0,0.0,0,0.0,0,0,0,0,,,0,0.0,periferico
ES_31185,31185,Ochagavía,3.75626882,487.0,0,0,0.0,0.0,0,0.0,0,0,0,0,,,0,0.0,periferico
ES_31186,31186,Odieta,15.79299686,380.0,0,0,0.0,0.0,0,0.0,0,0,0,0,,,0,0.0,periferico
ES_31188,31188,Olaibar,25.61933952,410.0,0,0,0.0,0.0,0,0.0,0,0,0,0,,,0,0.0,periferico
ES_31189,31189,Olazti,76.91931885,1477.0,0,0,0.0,0.0,0,0.0,0,0,0,0,,,0,0.0,periferico
ES_31190,31190,Olejua,11.69889916,51.0,0,0,0.0,0.0,0,0.0,0,0,0,0,,,0,0.0,periferico
ES_31191,31191,Olite,47.88074066,4030.0,0,0,0.0,0.0,0,0.0,0,0,0,0,,,0,0.0,periferico
ES_31192,31192,Olóriz,5.40461995,220.0,0,0,0.0,0.0,0,0.0,0,0,0,0,,,0,0.0,periferico
ES_31194,31194,Valle de Ollo,12.16842208,453.0,0,0,0.0,0.0,0,0.0,0,0,0,0,,,0,0.0,periferico
ES_31195,31195,Orbaizeta,2.36563365,193.0,0,0,0.0,0.0,0,0.0,0,0,0,0,,,0,0.0,periferico
ES_31197,31197,Orísoain,10.11778911,73.0,0,0,0.0,0.0,0,0.0,0,0,0,0,,,0,0.0,periferico
ES_31198,31198,Oronz,4.07680017,47.0,0,0,0.0,0.0,0,0.0,0,0,0,0,,,0,0.0,periferico
ES_31199,31199,Oroz-Betelu,6.01054113,145.0,0,0,0.0,0.0,0,0.0,0,0,0,0,,,0,0.0,periferico
ES_31200,31200,Oteiza,19.17215831,920.0,0,0,0.0,0.0,0,0.0,0,0,0,0,,,0,0.0,periferico
ES_31201,31201,Pamplona,8205.73185806,206233.0,0,0,0.0,0.0,0,0.0,0,0,0,0,,,0,0.0,periferico
ES_31202,31202,Peralta,67.62260432,5973.0,0,0,0.0,0.0,0,0.0,0,0,0,0,,,0,0.0,periferico
ES_31203,31203,Petilla de Aragón,1.01736369,28.0,0,0,0.0,0.0,0,0.0,0,0,0,0,,,0,0.0,periferico
ES_31206,31206,Puente la Reina,73.99446165,2936.0,0,0,0.0,0.0,0,0.0,0,0,0,0,,,0,0.0,periferico
ES_31207,31207,Pueyo,16.54082993,348.0,0,0,0.0,0.0,0,0.0,0,0,0,0,,,0,0.0,periferico
ES_31208,31208,Ribaforada,128.12802957,3705.0,0,0,0.0,0.0,0,0.0,0,0,0,0,,,0,0.0,periferico
ES_37200,37200,Montejo,7.41986602,216.0,0,0,0.0,0.0,0,0.0,0,0,0,0,,,0,0.0,periferico
ES_37202,37202,Monterrubio de Armuña,119.49911192,1315.0,0,0,0.0,0.0,0,0.0,0,0,0,0,,,0,0.0,periferico
ES_37203,37203,Monterrubio de la Sierra,4.30496617,152.0,0,0,0.0,0.0,0,0.0,0,0,0,0,,,0,0.0,periferico
ES_37204,37204,Morasverdes,4.81841405,250.0,0,0,0.0,0.0,0,0.0,0,0,0,0,,,0,0.0,periferico
ES_37205,37205,Morille,9.94312373,228.0,0,0,0.0,0.0,0,0.0,0,0,0,0,,,0,0.0,periferico
ES_37206,37206,Moríñigo,10.39574148,87.0,0,0,0.0,0.0,0,0.0,0,0,0,0,,,0,0.0,periferico
ES_37207,37207,Moriscos,45.75453533,553.0,0,0,0.0,0.0,0,0.0,0,0,0,0,,,0,0.0,periferico
ES_37208,37208,Moronta,2.67177479,74.0,0,0,0.0,0.0,0,0.0,0,0,0,0,,,0,0.0,periferico
ES_37209,37209,Mozárbez,11.4428941,513.0,0,0,0.0,0.0,0,0.0,0,0,0,0,,,0,0.0,periferico
ES_37212,37212,Navacarros,15.33996671,131.0,0,0,0.0,0.0,0,0.0,0,0,0,0,,,0,0.0,periferico
ES_37213,37213,Nava de Béjar,6.47954722,76.0,0,0,0.0,0.0,0,0.0,0,0,0,0,,,0,0.0,periferico
ES_37215,37215,Nava de Sotrobal,3.67271217,164.0,0,0,0.0,0.0,0,0.0,0,0,0,0,,,0,0.0,periferico
ES_37216,37216,Navales,17.88155863,307.0,0,0,0.0,0.0,0,0.0,0,0,0,0,,,0,0.0,periferico
ES_37217,37217,Navalmoral de Béjar,5.42377388,60.0,0,0,0.0,0.0,0,0.0,0,0,0,0,,,0,0.0,periferico
ES_37218,37218,Navamorales,2.45112521,43.0,0,0,0.0,0.0,0,0.0,0,0,0,0,,,0,0.0,periferico
ES_37219,37219,Navarredonda de la Rinconada,11.88321423,156.0,0,0,0.0,0.0,0,0.0,0,0,0,0,,,0,0.0,periferico
ES_37221,37221,Navasfrías,6.16144157,369.0,0,0,0.0,0.0,0,0.0,0,0,0,0,,,0,0.0,periferico
ES_37222,37222,Negrilla de Palencia,6.78007469,80.0,0,0,0.0,0.0,0,0.0,0,0,0,0,,,0,0.0,periferico
ES_37223,37223,Olmedo de Camaces,1.10497632,100.0,0,0,0.0,0.0,0,0.0,0,0,0,0,,,0,0.0,periferico
ES_37224,37224,"Orbada, La",5.95136372,182.0,0,0,0.0,0.0,0,0.0,0,0,0,0,,,0,0.0,periferico
ES_37226,37226,Palacios del Arzobispo,5.52321846,153.0,0,0,0.0,0.0,0,0.0,0,0,0,0,,,0,0.0,periferico
ES_37229,37229,Palencia de Negrilla,9.00720157,147.0,0,0,0.0,0.0,0,0.0,0,0,0,0,,,0,0.0,periferico
ES_25103,25103,Granyanella,6.21410792,149.0,0,0,0.0,0.0,0,0.0,0,0,0,0,,,0,0.0,periferico
ES_25105,25105,Granyena de les Garrigues,7.68214625,156.0,0,0,0.0,0.0,0,0.0,0,0,0,0,,,0,0.0,periferico
ES_25109,25109,Guimerà,10.04921202,255.0,0,0,0.0,0.0,0,0.0,0,0,0,0,,,0,0.0,periferico
ES_25110,25110,Guissona,415.06642289,7525.0,0,0,0.0,0.0,0,0.0,0,0,0,0,,,0,0.0,periferico
ES_25111,25111,Guixers,1.99370334,131.0,0,0,0.0,0.0,0,0.0,0,0,0,0,,,0,0.0,periferico
ES_25113,25113,Ivars d'Urgell,66.36298567,1605.0,0,0,0.0,0.0,0,0.0,0,0,0,0,,,0,0.0,periferico
ES_25114,25114,Ivorra,6.52219919,100.0,0,0,0.0,0.0,0,0.0,0,0,0,0,,,0,0.0,periferico
ES_25115,25115,Isona i Conca Dellà,7.56899659,1056.0,0,0,0.0,0.0,0,0.0,0,0,0,0,,,0,0.0,periferico
ES_25118,25118,Juncosa,4.96427284,381.0,0,0,0.0,0.0,0,0.0,0,0,0,0,,,0,0.0,periferico
ES_25119,25119,Juneda,74.35449259,3520.0,0,0,0.0,0.0,0,0.0,0,0,0,0,,,0,0.0,periferico
ES_25120,25120,Lleida,675.33322578,142990.0,0,0,0.0,0.0,0,0.0,0,0,0,0,,,0,0.0,periferico
ES_25122,25122,Linyola,95.04726084,2737.0,0,0,0.0,0.0,0,0.0,0,0,0,0,,,0,0.0,periferico
ES_25123,25123,Lladorre,1.7360277,255.0,0,0,0.0,0.0,0,0.0,0,0,0,0,,,0,0.0,periferico
ES_25124,25124,Lladurs,1.44148433,185.0,0,0,0.0,0.0,0,0.0,0,0,0,0,,,0,0.0,periferico
ES_25126,25126,Llavorsí,4.94330109,342.0,0,0,0.0,0.0,0,0.0,0,0,0,0,,,0,0.0,periferico
ES_25128,25128,Llimiana,3.22542121,133.0,0,0,0.0,0.0,0,0.0,0,0,0,0,,,0,0.0,periferico
ES_25129,25129,Llobera,5.45225631,212.0,0,0,0.0,0.0,0,0.0,0,0,0,0,,,0,0.0,periferico
ES_25131,25131,Massalcoreig,39.13768719,566.0,0,0,0.0,0.0,0,0.0,0,0,0,0,,,0,0.0,periferico
ES_25132,25132,Massoteres,8.34473094,218.0,0,0,0.0,0.0,0,0.0,0,0,0,0,,,0,0.0,periferico
ES_25133,25133,Maials,15.84864138,905.0,0,0,0.0,0.0,0,0.0,0,0,0,0,,,0,0.0,periferico
ES_25134,25134,Menàrguens,37.6762735,774.0,0,0,0.0,0.0,0,0.0,0,0,0,0,,,0,0.0,periferico
ES_25135,25135,Miralcamp,92.05239576,1371.0,0,0,0.0,0.0,0,0.0,0,0,0,0,,,0,0.0,periferico
ES_25136,25136,"Molsosa, La",3.84960805,104.0,0,0,0.0,0.0,0,0.0,0,0,0,0,,,0,0.0,periferico
ES_25137,25137,Mollerussa,2197.89387096,15301.0,0,0,0.0,0.0,0,0.0,0,0,0,0,,,0,0.0,periferico
ES_25138,25138,Montgai,21.86755361,637.0,0,0,0.0,0.0,0,0.0,0,0,0,0,,,0,0.0,periferico
ES_25141,25141,Montoliu de Segarra,6.24374914,184.0,0,0,0.0,0.0,0,0.0,0,0,0,0,,,0,0.0,periferico
ES_25142,25142,Montoliu de Lleida,65.97433221,485.0,0,0,0.0,0.0,0,0.0,0,0,0,0,,,0,0.0,periferico
ES_25143,25143,Montornès de Segarra,7.49722313,91.0,0,0,0.0,0.0,0,0.0,0,0,0,0,,,0,0.0,periferico
ES_25145,25145,Nalec,9.62175953,93.0,0,0,0.0,0.0,0,0.0,0,0,0,0,,,0,0.0,periferico
ES_25146,25146,Navès,2.1899216,318.0,0,0,0.0,0.0,0,0.0,0,0,0,0,,,0,0.0,periferico
ES_25148,25148,Odèn,2.15769837,247.0,0,0,0.0,0.0,0,0.0,0,0,0,0,,,0,0.0,periferico
ES_25149,25149,Oliana,58.05532791,1860.0,0,0,0.0,0.0,0,0.0,0,0,0,0,,,0,0.0,periferico
ES_25150,25150,Oliola,2.29920212,198.0,0,0,0.0,0.0,0,0.0,0,0,0,0,,,0,0.0,periferico
ES_25151,25151,Olius,18.12099812,994.0,0,0,0.0,0.0,0,0.0,0,0,0,0,,,0,0.0,periferico
ES_25152,25152,"Oluges, Les",8.69355606,166.0,0,0,0.0,0.0,0,0.0,0,0,0,0,,,0,0.0,periferico
ES_25153,25153,"Omellons, Els",17.87006263,197.0,0,0,0.0,0.0,0,0.0,0,0,0,0,,,0,0.0,periferico
ES_25155,25155,Organyà,64.02746816,799.0,0,0,0.0,0.0,0,0.0,0,0,0,0,,,0,0.0,periferico
ES_31084,31084,Etxarri Aranatz,76.53001055,2518.0,0,0,0.0,0.0,0,0.0,0,0,0,0,,,0,0.0,periferico
ES_31086,31086,Valle de Egüés,416.03267064,22152.0,0,0,0.0,0.0,0,0.0,0,0,0,0,,,0,0.0,periferico
ES_31087,31087,Elgorriaga,52.96521534,205.0,0,0,0.0,0.0,0,0.0,0,0,0,0,,,0,0.0,periferico
ES_31088,31088,Noáin (Valle de Elorz),174.47707098,8394.0,0,0,0.0,0.0,0,0.0,0,0,0,0,,,0,0.0,periferico
ES_31089,31089,Enériz,31.4514085,300.0,0,0,0.0,0.0,0,0.0,0,0,0,0,,,0,0.0,periferico
ES_31090,31090,Eratsun,6.10983894,157.0,0,0,0.0,0.0,0,0.0,0,0,0,0,,,0,0.0,periferico
ES_31092,31092,Erro,5.65975786,814.0,0,0,0.0,0.0,0,0.0,0,0,0,0,,,0,0.0,periferico
ES_31093,31093,Ezcároz,10.38645476,299.0,0,0,0.0,0.0,0,0.0,0,0,0,0,,,0,0.0,periferico
ES_31094,31094,Eslava,5.39816678,103.0,0,0,0.0,0.0,0,0.0,0,0,0,0,,,0,0.0,periferico
ES_31096,31096,Espronceda,12.43508293,109.0,0,0,0.0,0.0,0,0.0,0,0,0,0,,,0,0.0,periferico
ES_31097,31097,Estella-Lizarra,920.73128007,14224.0,0,0,0.0,0.0,0,0.0,0,0,0,0,,,0,0.0,periferico
ES_31098,31098,Esteribar,19.01765992,2835.0,0,0,0.0,0.0,0,0.0,0,0,0,0,,,0,0.0,periferico
ES_31100,31100,Eulate,35.66556562,276.0,0,0,0.0,0.0,0,0.0,0,0,0,0,,,0,0.0,periferico
ES_31101,31101,Ezcabarte,53.77736372,1836.0,0,0,0.0,0.0,0,0.0,0,0,0,0,,,0,0.0,periferico
ES_31103,31103,Ezprogui,1.16423433,54.0,0,0,0.0,0.0,0,0.0,0,0,0,0,,,0,0.0,periferico
ES_31105,31105,Fitero,49.49274654,2140.0,0,0,0.0,0.0,0,0.0,0,0,0,0,,,0,0.0,periferico
ES_31106,31106,Fontellas,45.28429993,1007.0,0,0,0.0,0.0,0,0.0,0,0,0,0,,,0,0.0,periferico
ES_31107,31107,Funes,48.33689607,2540.0,0,0,0.0,0.0,0,0.0,0,0,0,0,,,0,0.0,periferico
ES_31108,31108,Fustiñana,36.81948177,2466.0,0,0,0.0,0.0,0,0.0,0,0,0,0,,,0,0.0,periferico
ES_31110,31110,Gallipienzo,1.70074175,96.0,0,0,0.0,0.0,0,0.0,0,0,0,0,,,0,0.0,periferico
ES_31111,31111,Gallués,2.27808147,98.0,0,0,0.0,0.0,0,0.0,0,0,0,0,,,0,0.0,periferico
ES_31112,31112,Garaioa,3.95142026,84.0,0,0,0.0,0.0,0,0.0,0,0,0,0,,,0,0.0,periferico
ES_31113,31113,Garde,3.18773241,139.0,0,0,0.0,0.0,0,0.0,0,0,0,0,,,0,0.0,periferico
ES_31115,31115,Garralda,8.64339714,186.0,0,0,0.0,0.0,0,0.0,0,0,0,0,,,0,0.0,periferico
ES_31116,31116,Genevilla,8.45607489,73.0,0,0,0.0,0.0,0,0.0,0,0,0,0,,,0,0.0,periferico
ES_31117,31117,Goizueta,7.84986445,708.0,0,0,0.0,0.0,0,0.0,0,0,0,0,,,0,0.0,periferico
ES_31119,31119,Güesa,1.46797135,39.0,0,0,0.0,0.0,0,0.0,0,0,0,0,,,0,0.0,periferico
ES_31120,31120,Guesálaz,5.60631641,432.0,0,0,0.0,0.0,0,0.0,0,0,0,0,,,0,0.0,periferico
ES_31121,31121,Guirguillano,2.87946771,71.0,0,0,0.0,0.0,0,0.0,0,0,0,0,,,0,0.0,periferico
ES_31122,31122,Huarte,1956.86541644,7553.0,0,0,0.0,0.0,0,0.0,0,0,0,0,,,0,0.0,periferico
ES_31123,31123,Uharte Arakil,21.14945511,805.0,0,0,0.0,0.0,0,0.0,0,0,0,0,,,0,0.0,periferico
ES_31125,31125,Igúzquiza,18.4931375,301.0,0,0,0.0,0.0,0,0.0,0,0,0,0,,,0,0.0,periferico
ES_31126,31126,Imotz,9.9242458,422.0,0,0,0.0,0.0,0,0.0,0,0,0,0,,,0,0.0,periferico
ES_31127,31127,Irañeta,19.36404948,165.0,0,0,0.0,0.0,0,0.0,0,0,0,0,,,0,0.0,periferico
ES_31129,31129,Ituren,34.19834201,531.0,0,0,0.0,0.0,0,0.0,0,0,0,0,,,0,0.0,periferico
ES_31130,31130,Iturmendi,43.01973078,421.0,0,0,0.0,0.0,0,0.0,0,0,0,0,,,0,0.0,periferico
ES_31132,31132,Izagaondoa,2.69740854,160.0,0,0,0.0,0.0,0,0.0,0,0,0,0,,,0,0.0,periferico
ES_31133,31133,Izalzu,5.11021937,38.0,0,0,0.0,0.0,0,0.0,0,0,0,0,,,0,0.0,periferico
ES_31135,31135,Javier,2.51088796,117.0,0,0,0.0,0.0,0,0.0,0,0,0,0,,,0,0.0,periferico
ES_31136,31136,Juslapeña,18.06556966,569.0,0,0,0.0,0.0,0,0.0,0,0,0,0,,,0,0.0,periferico
ES_31137,31137,Beintza-Labaien,7.77782566,219.0,0,0,0.0,0.0,0,0.0,0,0,0,0,,,0,0.0,periferico
ES_31139,31139,Lana,3.74105815,155.0,0,0,0.0,0.0,0,0.0,0,0,0,0,,,0,0.0,periferico
ES_31140,31140,Lantz,8.95142159,151.0,0,0,0.0,0.0,0,0.0,0,0,0,0,,,0,0.0,periferico
ES_31141,31141,Lapoblación,5.85749402,121.0,0,0,0.0,0.0,0,0.0,0,0,0,0,,,0,0.0,periferico
ES_31142,31142,Larraga,26.91925192,2077.0,0,0,0.0,0.0,0,0.0,0,0,0,0,,,0,0.0,periferico
ES_31143,31143,Larraona,12.98746974,100.0,0,0,0.0,0.0,0,0.0,0,0,0,0,,,0,0.0,periferico
ES_31145,31145,Lazagurría,10.62956499,181.0,0,0,0.0,0.0,0,0.0,0,0,0,0,,,0,0.0,periferico
ES_31146,31146,Leache,2.52657515,37.0,0,0,0.0,0.0,0,0.0,0,0,0,0,,,0,0.0,periferico
ES_31147,31147,Legarda,16.22486049,135.0,0,0,0.0,0.0,0,0.0,0,0,0,0,,,0,0.0,periferico
ES_31148,31148,Legaria,22.43204811,110.0,0,0,0.0,0.0,0,0.0,0,0,0,0,,,0,0.0,periferico
ES_31150,31150,Leoz,2.2098754,211.0,0,0,0.0,0.0,0,0.0,0,0,0,0,,,0,0.0,periferico
ES_31151,31151,Lerga,2.39034482,52.0,0,0,0.0,0.0,0,0.0,0,0,0,0,,,0,0.0,periferico
ES_31152,31152,Lerín,18.26419809,1793.0,0,0,0.0,0.0,0,0.0,0,0,0,0,,,0,0.0,periferico
ES_31153,31153,Lesaka,49.31949866,2739.0,0,0,0.0,0.0,0,0.0,0,0,0,0,,,0,0.0,periferico
ES_31155,31155,Liédena,16.7455139,323.0,0,0,0.0,0.0,0,0.0,0,0,0,0,,,0,0.0,periferico
ES_31156,31156,Lizoain-Arriasgoiti,0.0,0.0,0,0,0.0,0.0,0,,0,0,0,0,,,0,0.0,periferico
ES_31158,31158,Lónguida,3.42395307,311.0,0,0,0.0,0.0,0,0.0,0,0,0,0,,,0,0.0,periferico
ES_31160,31160,Luquin,15.91162676,129.0,0,0,0.0,0.0,0,0.0,0,0,0,0,,,0,0.0,periferico
ES_31161,31161,Mañeru,34.48326736,449.0,0,0,0.0,0.0,0,0.0,0,0,0,0,,,0,0.0,periferico
ES_31162,31162,Marañón,9.19293563,53.0,0,0,0.0,0.0,0,0.0,0,0,0,0,,,0,0.0,periferico
ES_31163,31163,Marcilla,132.20632996,2869.0,0,0,0.0,0.0,0,0.0,0,0,0,0,,,0,0.0,periferico
ES_31165,31165,Mendavia,44.69275209,3490.0,0,0,0.0,0.0,0,0.0,0,0,0,0,,,0,0.0,periferico
ES_31166,31166,Mendaza,8.79920675,290.0,0,0,0.0,0.0,0,0.0,0,0,0,0,,,0,0.0,periferico
ES_31167,31167,Mendigorria,30.20493604,1190.0,0,0,0.0,0.0,0,0.0,0,0,0,0,,,0,0.0,periferico
ES_31168,31168,Metauten,12.03873827,272.0,0,0,0.0,0.0,0,0.0,0,0,0,0,,,0,0.0,periferico
ES_31170,31170,Mirafuentes,22.14352786,58.0,0,0,0.0,0.0,0,0.0,0,0,0,0,,,0,0.0,periferico
ES_31171,31171,Miranda de Arga,15.29726044,914.0,0,0,0.0,0.0,0,0.0,0,0,0,0,,,0,0.0,periferico
ES_31172,31172,Monreal,22.34396256,505.0,0,0,0.0,0.0,0,0.0,0,0,0,0,,,0,0.0,periferico
ES_31173,31173,Monteagudo,101.30340491,1099.0,0,0,0.0,0.0,0,0.0,0,0,0,0,,,0,0.0,periferico
ES_45164,45164,Sotillo de las Palomas,9.27895552,175.0,0,0,0.0,0.0,0,0.0,0,0,0,0,,,0,0.0,periferico
ES_45165,45165,Talavera de la Reina,449.18415591,84102.0,0,0,0.0,0.0,0,0.0,0,0,0,0,,,0,0.0,periferico
ES_45166,45166,Tembleque,8.81976707,1967.0,0,0,0.0,0.0,0,0.0,0,0,0,0,,,0,0.0,periferico
ES_45167,45167,"Toboso, El",11.81965101,1701.0,0,0,0.0,0.0,0,0.0,0,0,0,0,,,0,0.0,periferico
ES_45169,45169,Torralba de Oropesa,8.17377539,192.0,0,0,0.0,0.0,0,0.0,0,0,0,0,,,0,0.0,periferico
ES_45170,45170,Torrecilla de la Jara,3.01708243,213.0,0,0,0.0,0.0,0,0.0,0,0,0,0,,,0,0.0,periferico
ES_45171,45171,"Torre de Esteban Hambrán, La",36.66399996,1859.0,0,0,0.0,0.0,0,0.0,0,0,0,0,,,0,0.0,periferico
ES_45172,45172,Torrico,21.00460119,704.0,0,0,0.0,0.0,0,0.0,0,0,0,0,,,0,0.0,periferico
ES_45174,45174,Totanés,13.68059704,356.0,0,0,0.0,0.0,0,0.0,0,0,0,0,,,0,0.0,periferico
ES_45175,45175,Turleque,6.97416558,703.0,0,0,0.0,0.0,0,0.0,0,0,0,0,,,0,0.0,periferico
ES_45177,45177,Urda,11.4173087,2487.0,0,0,0.0,0.0,0,0.0,0,0,0,0,,,0,0.0,periferico
ES_45179,45179,Valdeverdeja,8.16168659,554.0,0,0,0.0,0.0,0,0.0,0,0,0,0,,,0,0.0,periferico
ES_45181,45181,Velada,20.02294352,2901.0,0,0,0.0,0.0,0,0.0,0,0,0,0,,,0,0.0,periferico
ES_45182,45182,"Ventas con Peña Aguilera, Las",8.31649739,1165.0,0,0,0.0,0.0,0,0.0,0,0,0,0,,,0,0.0,periferico
ES_45183,45183,"Ventas de Retamosa, Las",217.01504039,4103.0,0,0,0.0,0.0,0,0.0,0,0,0,0,,,0,0.0,periferico
ES_45185,45185,Villacañas,35.76670452,9603.0,0,0,0.0,0.0,0,0.0,0,0,0,0,,,0,0.0,periferico
ES_45186,45186,"Villa de Don Fadrique, La",42.8717565,3564.0,0,0,0.0,0.0,0,0.0,0,0,0,0,,,0,0.0,periferico
ES_45187,45187,Villafranca de los Caballeros,45.68436287,4877.0,0,0,0.0,0.0,0,0.0,0,0,0,0,,,0,0.0,periferico
ES_45188,45188,Villaluenga de la Sagra,154.24092353,4164.0,0,0,0.0,0.0,0,0.0,0,0,0,0,,,0,0.0,periferico
ES_45190,45190,Villaminaya,23.86058657,508.0,0,0,0.0,0.0,0,0.0,0,0,0,0,,,0,0.0,periferico
ES_45191,45191,Villamuelas,14.21227329,616.0,0,0,0.0,0.0,0,0.0,0,0,0,0,,,0,0.0,periferico
ES_45192,45192,Villanueva de Alcardete,20.31939518,2992.0,0,0,0.0,0.0,0,0.0,0,0,0,0,,,0,0.0,periferico
ES_45193,45193,Villanueva de Bogas,12.11040293,696.0,0,0,0.0,0.0,0,0.0,0,0,0,0,,,0,0.0,periferico
ES_45194,45194,Villarejo de Montalbán,1.08628444,71.0,0,0,0.0,0.0,0,0.0,0,0,0,0,,,0,0.0,periferico
ES_45195,45195,Villarrubia de Santiago,16.37458524,2534.0,0,0,0.0,0.0,0,0.0,0,0,0,0,,,0,0.0,periferico
ES_45196,45196,Villaseca de la Sagra,59.48057464,1895.0,0,0,0.0,0.0,0,0.0,0,0,0,0,,,0,0.0,periferico
ES_45197,45197,Villasequilla,33.86828622,2607.0,0,0,0.0,0.0,0,0.0,0,0,0,0,,,0,0.0,periferico
ES_45198,45198,Villatobas,15.1749138,2756.0,0,0,0.0,0.0,0,0.0,0,0,0,0,,,0,0.0,periferico
ES_45199,45199,"Viso de San Juan, El",112.72903271,5978.0,0,0,0.0,0.0,0,0.0,0,0,0,0,,,0,0.0,periferico
ES_31209,31209,Romanzado,2.06656381,189.0,0,0,0.0,0.0,0,0.0,0,0,0,0,,,0,0.0,periferico
ES_31210,31210,Roncal,5.48864085,214.0,0,0,0.0,0.0,0,0.0,0,0,0,0,,,0,0.0,periferico
ES_31212,31212,Sada,10.73066187,136.0,0,0,0.0,0.0,0,0.0,0,0,0,0,,,0,0.0,periferico
ES_31213,31213,Saldías,13.8800635,124.0,0,0,0.0,0.0,0,0.0,0,0,0,0,,,0,0.0,periferico
ES_31214,31214,Salinas de Oro,7.86110708,109.0,0,0,0.0,0.0,0,0.0,0,0,0,0,,,0,0.0,periferico
ES_31215,31215,San Adrián,304.47820762,6441.0,0,0,0.0,0.0,0,0.0,0,0,0,0,,,0,0.0,periferico
ES_31217,31217,San Martín de Unx,7.57823089,380.0,0,0,0.0,0.0,0,0.0,0,0,0,0,,,0,0.0,periferico
ES_31219,31219,Sansol,6.53256771,89.0,0,0,0.0,0.0,0,0.0,0,0,0,0,,,0,0.0,periferico
ES_31220,31220,Santacara,25.4228083,863.0,0,0,0.0,0.0,0,0.0,0,0,0,0,,,0,0.0,periferico
ES_31221,31221,Doneztebe,214.71262893,1862.0,0,0,0.0,0.0,0,0.0,0,0,0,0,,,0,0.0,periferico
ES_31223,31223,Sartaguda,89.3555291,1332.0,0,0,0.0,0.0,0,0.0,0,0,0,0,,,0,0.0,periferico
ES_37081,37081,Cantalapiedra,12.77528816,909.0,0,0,0.0,0.0,0,0.0,0,0,0,0,,,0,0.0,periferico
ES_37082,37082,Cantalpino,10.38528037,815.0,0,0,0.0,0.0,0,0.0,0,0,0,0,,,0,0.0,periferico
ES_37083,37083,Cantaracillo,5.07317486,188.0,0,0,0.0,0.0,0,0.0,0,0,0,0,,,0,0.0,periferico
ES_37085,37085,Carbajosa de la Sagrada,551.18922461,7553.0,0,0,0.0,0.0,0,0.0,0,0,0,0,,,0,0.0,periferico
ES_37086,37086,Carpio de Azaba,1.60313226,113.0,0,0,0.0,0.0,0,0.0,0,0,0,0,,,0,0.0,periferico
ES_37087,37087,Carrascal de Barregas,18.46357176,1415.0,0,0,0.0,0.0,0,0.0,0,0,0,0,,,0,0.0,periferico
ES_37088,37088,Carrascal del Obispo,4.73902873,194.0,0,0,0.0,0.0,0,0.0,0,0,0,0,,,0,0.0,periferico
ES_37091,37091,Casillas de Flores,4.1528458,177.0,0,0,0.0,0.0,0,0.0,0,0,0,0,,,0,0.0,periferico
ES_37092,37092,Castellanos de Moriscos,216.01147426,2987.0,0,0,0.0,0.0,0,0.0,0,0,0,0,,,0,0.0,periferico
ES_37096,37096,Castillejo de Martín Viejo,1.41325368,220.0,0,0,0.0,0.0,0,0.0,0,0,0,0,,,0,0.0,periferico
ES_37097,37097,Castraz,1.21818696,37.0,0,0,0.0,0.0,0,0.0,0,0,0,0,,,0,0.0,periferico
ES_37098,37098,Cepeda,27.22083722,292.0,0,0,0.0,0.0,0,0.0,0,0,0,0,,,0,0.0,periferico
ES_37099,37099,Cereceda de la Sierra,4.261367,66.0,0,0,0.0,0.0,0,0.0,0,0,0,0,,,0,0.0,periferico
ES_37100,37100,Cerezal de Peñahorcada,4.12481611,74.0,0,0,0.0,0.0,0,0.0,0,0,0,0,,,0,0.0,periferico
ES_37101,37101,Cerralbo,2.32537054,120.0,0,0,0.0,0.0,0,0.0,0,0,0,0,,,0,0.0,periferico
ES_37103,37103,Cespedosa de Tormes,10.80510876,500.0,0,0,0.0,0.0,0,0.0,0,0,0,0,,,0,0.0,periferico
ES_37104,37104,Cilleros de la Bastida,1.29886812,22.0,0,0,0.0,0.0,0,0.0,0,0,0,0,,,0,0.0,periferico
ES_37108,37108,Coca de Alba,9.84051221,103.0,0,0,0.0,0.0,0,0.0,0,0,0,0,,,0,0.0,periferico
ES_37109,37109,Colmenar de Montemayor,4.50178734,180.0,0,0,0.0,0.0,0,0.0,0,0,0,0,,,0,0.0,periferico
ES_37110,37110,Cordovilla,7.01734665,111.0,0,0,0.0,0.0,0,0.0,0,0,0,0,,,0,0.0,periferico
ES_37112,37112,Cristóbal,7.60557673,168.0,0,0,0.0,0.0,0,0.0,0,0,0,0,,,0,0.0,periferico
ES_37113,37113,"Cubo de Don Sancho, El",4.35498853,397.0,0,0,0.0,0.0,0,0.0,0,0,0,0,,,0,0.0,periferico
ES_37114,37114,Chagarcía Medianero,5.70425285,84.0,0,0,0.0,0.0,0,0.0,0,0,0,0,,,0,0.0,periferico
ES_37115,37115,Dios le Guarde,7.47004527,122.0,0,0,0.0,0.0,0,0.0,0,0,0,0,,,0,0.0,periferico
ES_37116,37116,Doñinos de Ledesma,1.45227919,67.0,0,0,0.0,0.0,0,0.0,0,0,0,0,,,0,0.0,periferico
ES_37117,37117,Doñinos de Salamanca,163.77231168,2302.0,0,0,0.0,0.0,0,0.0,0,0,0,0,,,0,0.0,periferico
ES_37118,37118,Éjeme,8.30185311,145.0,0,0,0.0,0.0,0,0.0,0,0,0,0,,,0,0.0,periferico
ES_37120,37120,Encina de San Silvestre,4.63031431,110.0,0,0,0.0,0.0,0,0.0,0,0,0,0,,,0,0.0,periferico
ES_37121,37121,Encinas de Abajo,29.57641197,618.0,0,0,0.0,0.0,0,0.0,0,0,0,0,,,0,0.0,periferico
ES_37122,37122,Encinas de Arriba,26.79628375,235.0,0,0,0.0,0.0,0,0.0,0,0,0,0,,,0,0.0,periferico
ES_37123,37123,Encinasola de los Comendadores,4.53994357,153.0,0,0,0.0,0.0,0,0.0,0,0,0,0,,,0,0.0,periferico
ES_37124,37124,Endrinal,6.04653153,203.0,0,0,0.0,0.0,0,0.0,0,0,0,0,,,0,0.0,periferico
ES_37125,37125,Escurial de la Sierra,11.14664926,234.0,0,0,0.0,0.0,0,0.0,0,0,0,0,,,0,0.0,periferico
ES_37126,37126,Espadaña,0.86190229,34.0,0,0,0.0,0.0,0,0.0,0,0,0,0,,,0,0.0,periferico
ES_37128,37128,Espino de la Orbada,10.32285522,242.0,0,0,0.0,0.0,0,0.0,0,0,0,0,,,0,0.0,periferico
ES_37130,37130,Forfoleda,5.46600845,208.0,0,0,0.0,0.0,0,0.0,0,0,0,0,,,0,0.0,periferico
ES_37131,37131,Frades de la Sierra,6.36463641,180.0,0,0,0.0,0.0,0,0.0,0,0,0,0,,,0,0.0,periferico
ES_37132,37132,"Fregeneda, La",6.95398768,314.0,0,0,0.0,0.0,0,0.0,0,0,0,0,,,0,0.0,periferico
ES_37133,37133,Fresnedoso,12.84622294,105.0,0,0,0.0,0.0,0,0.0,0,0,0,0,,,0,0.0,periferico
ES_37134,37134,Fresno Alhándiga,14.54486735,193.0,0,0,0.0,0.0,0,0.0,0,0,0,0,,,0,0.0,periferico
ES_37136,37136,Fuenteguinaldo,6.53658897,664.0,0,0,0.0,0.0,0,0.0,0,0,0,0,,,0,0.0,periferico
ES_37138,37138,Fuenterroble de Salvatierra,9.1899606,250.0,0,0,0.0,0.0,0,0.0,0,0,0,0,,,0,0.0,periferico
ES_37139,37139,Fuentes de Béjar,16.0889297,233.0,0,0,0.0,0.0,0,0.0,0,0,0,0,,,0,0.0,periferico
ES_37140,37140,Fuentes de Oñoro,18.61055063,1065.0,0,0,0.0,0.0,0,0.0,0,0,0,0,,,0,0.0,periferico
ES_37141,37141,Gajates,5.27784383,146.0,0,0,0.0,0.0,0,0.0,0,0,0,0,,,0,0.0,periferico
ES_37143,37143,Galinduste,12.46123881,394.0,0,0,0.0,0.0,0,0.0,0,0,0,0,,,0,0.0,periferico
ES_37144,37144,Galisancho,14.56024711,333.0,0,0,0.0,0.0,0,0.0,0,0,0,0,,,0,0.0,periferico
ES_37145,37145,Gallegos de Argañán,5.64521088,266.0,0,0,0.0,0.0,0,0.0,0,0,0,0,,,0,0.0,periferico
ES_37146,37146,Gallegos de Solmirón,3.53703517,109.0,0,0,0.0,0.0,0,0.0,0,0,0,0,,,0,0.0,periferico
ES_37147,37147,Garcibuey,16.00239972,200.0,0,0,0.0,0.0,0,0.0,0,0,0,0,,,0,0.0,periferico
ES_37149,37149,Garcirrey,0.6769141,57.0,0,0,0.0,0.0,0,0.0,0,0,0,0,,,0,0.0,periferico
ES_37150,37150,Gejuelo del Barro,0.69193749,30.0,0,0,0.0,0.0,0,0.0,0,0,0,0,,,0,0.0,periferico
ES_37151,37151,Golpejas,12.63138289,149.0,0,0,0.0,0.0,0,0.0,0,0,0,0,,,0,0.0,periferico
ES_37152,37152,Gomecello,19.80436425,410.0,0,0,0.0,0.0,0,0.0,0,0,0,0,,,0,0.0,periferico
ES_37154,37154,Guadramiro,4.19385156,132.0,0,0,0.0,0.0,0,0.0,0,0,0,0,,,0,0.0,periferico
ES_37156,37156,Guijuelo,87.22303322,5521.0,0,0,0.0,0.0,0,0.0,0,0,0,0,,,0,0.0,periferico
ES_37157,37157,Herguijuela de Ciudad Rodrigo,2.98920863,70.0,0,0,0.0,0.0,0,0.0,0,0,0,0,,,0,0.0,periferico
ES_37158,37158,Herguijuela de la Sierra,7.33953245,230.0,0,0,0.0,0.0,0,0.0,0,0,0,0,,,0,0.0,periferico
ES_37159,37159,Herguijuela del Campo,2.57100873,66.0,0,0,0.0,0.0,0,0.0,0,0,0,0,,,0,0.0,periferico
ES_37160,37160,Hinojosa de Duero,6.46491632,601.0,0,0,0.0,0.0,0,0.0,0,0,0,0,,,0,0.0,periferico
ES_37162,37162,Horcajo Medianero,3.98918885,213.0,0,0,0.0,0.0,0,0.0,0,0,0,0,,,0,0.0,periferico
ES_37163,37163,"Hoya, La",3.57118709,31.0,0,0,0.0,0.0,0,0.0,0,0,0,0,,,0,0.0,periferico
ES_37164,37164,Huerta,19.56861136,278.0,0,0,0.0,0.0,0,0.0,0,0,0,0,,,0,0.0,periferico
ES_37165,37165,Iruelos,2.01458204,26.0,0,0,0.0,0.0,0,0.0,0,0,0,0,,,0,0.0,periferico
ES_37166,37166,Ituero de Azaba,7.47692969,205.0,0,0,0.0,0.0,0,0.0,0,0,0,0,,,0,0.0,periferico
ES_37167,37167,Juzbado,8.68094141,189.0,0,0,0.0,0.0,0,0.0,0,0,0,0,,,0,0.0,periferico
ES_37168,37168,Lagunilla,10.3976001,442.0,0,0,0.0,0.0,0,0.0,0,0,0,0,,,0,0.0,periferico
ES_37169,37169,Larrodrigo,3.66718572,182.0,0,0,0.0,0.0,0,0.0,0,0,0,0,,,0,0.0,periferico
ES_37170,37170,Ledesma,10.90146463,1539.0,0,0,0.0,0.0,0,0.0,0,0,0,0,,,0,0.0,periferico
ES_37171,37171,Ledrada,26.51013864,449.0,0,0,0.0,0.0,0,0.0,0,0,0,0,,,0,0.0,periferico
ES_37172,37172,Linares de Riofrío,33.25926904,928.0,0,0,0.0,0.0,0,0.0,0,0,0,0,,,0,0.0,periferico
ES_37173,37173,Lumbrales,21.69614475,1518.0,0,0,0.0,0.0,0,0.0,0,0,0,0,,,0,0.0,periferico
ES_37176,37176,Madroñal,87.24878186,140.0,0,0,0.0,0.0,0,0.0,0,0,0,0,,,0,0.0,periferico
ES_37177,37177,"Maíllo, El",6.28804641,291.0,0,0,0.0,0.0,0,0.0,0,0,0,0,,,0,0.0,periferico
ES_37179,37179,Mancera de Abajo,8.69343977,204.0,0,0,0.0,0.0,0,0.0,0,0,0,0,,,0,0.0,periferico
ES_37180,37180,"Manzano, El",1.63376278,60.0,0,0,0.0,0.0,0,0.0,0,0,0,0,,,0,0.0,periferico
ES_37181,37181,Martiago,5.55064224,263.0,0,0,0.0,0.0,0,0.0,0,0,0,0,,,0,0.0,periferico
ES_37182,37182,Martinamor,3.28674315,79.0,0,0,0.0,0.0,0,0.0,0,0,0,0,,,0,0.0,periferico
ES_24172,24172,Truchas,1.34370651,405.0,0,0,0.0,0.0,0,0.0,0,0,0,0,,,0,0.0,periferico
ES_24173,24173,Turcia,30.39129844,972.0,0,0,0.0,0.0,0,0.0,0,0,0,0,,,0,0.0,periferico
ES_24174,24174,Urdiales del Páramo,14.04036369,461.0,0,0,0.0,0.0,0,0.0,0,0,0,0,,,0,0.0,periferico
ES_24175,24175,Valdefresno,22.38452595,2294.0,0,0,0.0,0.0,0,0.0,0,0,0,0,,,0,0.0,periferico
ES_24176,24176,Valdefuentes del Páramo,12.71061399,307.0,0,0,0.0,0.0,0,0.0,0,0,0,0,,,0,0.0,periferico
ES_24177,24177,Valdelugueros,3.5334528,507.0,0,0,0.0,0.0,0,0.0,0,0,0,0,,,0,0.0,periferico
ES_24178,24178,Valdemora,4.9280107,66.0,0,0,0.0,0.0,0,0.0,0,0,0,0,,,0,0.0,periferico
ES_24179,24179,Valdepiélago,5.21034329,296.0,0,0,0.0,0.0,0,0.0,0,0,0,0,,,0,0.0,periferico
ES_24181,24181,Valderas,15.4021372,1534.0,0,0,0.0,0.0,0,0.0,0,0,0,0,,,0,0.0,periferico
ES_24184,24184,Valdesamario,2.90003505,179.0,0,0,0.0,0.0,0,0.0,0,0,0,0,,,0,0.0,periferico
ES_24185,24185,Val de San Lorenzo,10.09002773,499.0,0,0,0.0,0.0,0,0.0,0,0,0,0,,,0,0.0,periferico
ES_24187,24187,Valdevimbre,13.58371398,924.0,0,0,0.0,0.0,0,0.0,0,0,0,0,,,0,0.0,periferico
ES_24188,24188,Valencia de Don Juan,88.5635399,5183.0,0,0,0.0,0.0,0,0.0,0,0,0,0,,,0,0.0,periferico
ES_24189,24189,Valverde de la Virgen,120.64017656,7674.0,0,0,0.0,0.0,0,0.0,0,0,0,0,,,0,0.0,periferico
ES_24190,24190,Valverde-Enrique,4.34424007,156.0,0,0,0.0,0.0,0,0.0,0,0,0,0,,,0,0.0,periferico
ES_24193,24193,"Vecilla, La",8.82461855,391.0,0,0,0.0,0.0,0,0.0,0,0,0,0,,,0,0.0,periferico
ES_24194,24194,Vegacervera,7.535981,263.0,0,0,0.0,0.0,0,0.0,0,0,0,0,,,0,0.0,periferico
ES_24196,24196,Vega de Espinareda,15.27366171,2016.0,0,0,0.0,0.0,0,0.0,0,0,0,0,,,0,0.0,periferico
ES_24198,24198,Vega de Valcarce,8.1529618,565.0,0,0,0.0,0.0,0,0.0,0,0,0,0,,,0,0.0,periferico
ES_24199,24199,Vegaquemada,6.00381136,438.0,0,0,0.0,0.0,0,0.0,0,0,0,0,,,0,0.0,periferico
ES_24201,24201,Vegas del Condado,9.47152951,1164.0,0,0,0.0,0.0,0,0.0,0,0,0,0,,,0,0.0,periferico
ES_24202,24202,Villablino,34.39824452,7849.0,0,0,0.0,0.0,0,0.0,0,0,0,0,,,0,0.0,periferico
ES_24203,24203,Villabraz,3.08549576,114.0,0,0,0.0,0.0,0,0.0,0,0,0,0,,,0,0.0,periferico
ES_24205,24205,Villadangos del Páramo,27.32308404,1228.0,0,0,0.0,0.0,0,0.0,0,0,0,0,,,0,0.0,periferico
ES_24206,24206,Toral de los Vados,73.40531497,1780.0,0,0,0.0,0.0,0,0.0,0,0,0,0,,,0,0.0,periferico
ES_24209,24209,Villafranca del Bierzo,15.29217578,2713.0,0,0,0.0,0.0,0,0.0,0,0,0,0,,,0,0.0,periferico
ES_24210,24210,Villagatón,3.99842062,668.0,0,0,0.0,0.0,0,0.0,0,0,0,0,,,0,0.0,periferico
ES_24211,24211,Villamandos,17.37147725,282.0,0,0,0.0,0.0,0,0.0,0,0,0,0,,,0,0.0,periferico
ES_24213,24213,Villamartín de Don Sancho,5.21601015,165.0,0,0,0.0,0.0,0,0.0,0,0,0,0,,,0,0.0,periferico
ES_24214,24214,Villamejil,8.26841153,653.0,0,0,0.0,0.0,0,0.0,0,0,0,0,,,0,0.0,periferico
ES_24215,24215,Villamol,3.38210333,134.0,0,0,0.0,0.0,0,0.0,0,0,0,0,,,0,0.0,periferico
ES_24217,24217,Villamoratiel de las Matas,3.4675094,129.0,0,0,0.0,0.0,0,0.0,0,0,0,0,,,0,0.0,periferico
ES_24218,24218,Villanueva de las Manzanas,15.57387126,497.0,0,0,0.0,0.0,0,0.0,0,0,0,0,,,0,0.0,periferico
ES_24219,24219,Villaobispo de Otero,16.73334293,532.0,0,0,0.0,0.0,0,0.0,0,0,0,0,,,0,0.0,periferico
ES_22063,22063,Biscarrués,6.22167086,188.0,0,0,0.0,0.0,0,0.0,0,0,0,0,,,0,0.0,periferico
ES_22064,22064,Blecua y Torres,5.13819738,186.0,0,0,0.0,0.0,0,0.0,0,0,0,0,,,0,0.0,periferico
ES_22067,22067,Bonansa,2.38739181,89.0,0,0,0.0,0.0,0,0.0,0,0,0,0,,,0,0.0,periferico
ES_22069,22069,Broto,4.71065636,603.0,0,0,0.0,0.0,0,0.0,0,0,0,0,,,0,0.0,periferico
ES_22072,22072,Caldearenas,1.263464,243.0,0,0,0.0,0.0,0,0.0,0,0,0,0,,,0,0.0,periferico
ES_22074,22074,Campo,20.454476,467.0,0,0,0.0,0.0,0,0.0,0,0,0,0,,,0,0.0,periferico
ES_22075,22075,Camporrélls,5.6618656,151.0,0,0,0.0,0.0,0,0.0,0,0,0,0,,,0,0.0,periferico
ES_22076,22076,Canal de Berdún,2.55134692,340.0,0,0,0.0,0.0,0,0.0,0,0,0,0,,,0,0.0,periferico
ES_22077,22077,Candasnos,3.43022924,420.0,0,0,0.0,0.0,0,0.0,0,0,0,0,,,0,0.0,periferico
ES_22078,22078,Canfranc,8.32039058,596.0,0,0,0.0,0.0,0,0.0,0,0,0,0,,,0,0.0,periferico
ES_22079,22079,Capdesaso,11.97428074,212.0,0,0,0.0,0.0,0,0.0,0,0,0,0,,,0,0.0,periferico
ES_22082,22082,Castejón del Puente,12.88896296,328.0,0,0,0.0,0.0,0,0.0,0,0,0,0,,,0,0.0,periferico
ES_22083,22083,Castejón de Monegros,2.88536183,477.0,0,0,0.0,0.0,0,0.0,0,0,0,0,,,0,0.0,periferico
ES_22084,22084,Castejón de Sos,25.99716351,832.0,0,0,0.0,0.0,0,0.0,0,0,0,0,,,0,0.0,periferico
ES_22085,22085,Castelflorite,2.90496554,101.0,0,0,0.0,0.0,0,0.0,0,0,0,0,,,0,0.0,periferico
ES_45201,45201,Yeles,306.32389906,6263.0,0,0,0.0,0.0,0,0.0,0,0,0,0,,,0,0.0,periferico
ES_45202,45202,Yepes,64.92866975,5483.0,0,0,0.0,0.0,0,0.0,0,0,0,0,,,0,0.0,periferico
ES_45203,45203,Yuncler,277.9328924,4866.0,0,0,0.0,0.0,0,0.0,0,0,0,0,,,0,0.0,periferico
ES_45204,45204,Yunclillos,26.48449866,823.0,0,0,0.0,0.0,0,0.0,0,0,0,0,,,0,0.0,periferico
ES_45205,45205,Yuncos,787.82204844,12009.0,0,0,0.0,0.0,0,0.0,0,0,0,0,,,0,0.0,periferico
ES_49133,49133,Moreruela de Tábara,4.2406414,289.0,0,0,0.0,0.0,0,0.0,0,0,0,0,,,0,0.0,periferico
ES_49134,49134,Muelas de los Caballeros,2.83729003,203.0,0,0,0.0,0.0,0,0.0,0,0,0,0,,,0,0.0,periferico
ES_49135,49135,Muelas del Pan,8.16666739,593.0,0,0,0.0,0.0,0,0.0,0,0,0,0,,,0,0.0,periferico
ES_49137,49137,Navianos de Valverde,11.76298634,166.0,0,0,0.0,0.0,0,0.0,0,0,0,0,,,0,0.0,periferico
ES_49138,49138,Olmillos de Castro,2.76038028,197.0,0,0,0.0,0.0,0,0.0,0,0,0,0,,,0,0.0,periferico
ES_49139,49139,Otero de Bodas,3.30214456,165.0,0,0,0.0,0.0,0,0.0,0,0,0,0,,,0,0.0,periferico
ES_49141,49141,Pajares de la Lampreana,10.50885569,294.0,0,0,0.0,0.0,0,0.0,0,0,0,0,,,0,0.0,periferico
ES_49142,49142,Palacios del Pan,7.50592652,238.0,0,0,0.0,0.0,0,0.0,0,0,0,0,,,0,0.0,periferico
ES_49143,49143,Palacios de Sanabria,6.5104112,241.0,0,0,0.0,0.0,0,0.0,0,0,0,0,,,0,0.0,periferico
ES_49145,49145,Pedralba de la Pradería,1.96968481,207.0,0,0,0.0,0.0,0,0.0,0,0,0,0,,,0,0.0,periferico
ES_49146,49146,"Pego, El",10.58790239,284.0,0,0,0.0,0.0,0,0.0,0,0,0,0,,,0,0.0,periferico
ES_49147,49147,Peleagonzalo,22.75101809,303.0,0,0,0.0,0.0,0,0.0,0,0,0,0,,,0,0.0,periferico
ES_49149,49149,Peñausende,4.13586196,393.0,0,0,0.0,0.0,0,0.0,0,0,0,0,,,0,0.0,periferico
ES_49152,49152,Pereruela,3.16209166,508.0,0,0,0.0,0.0,0,0.0,0,0,0,0,,,0,0.0,periferico
ES_49153,49153,Perilla de Castro,4.84093697,160.0,0,0,0.0,0.0,0,0.0,0,0,0,0,,,0,0.0,periferico
ES_49154,49154,Pías,2.26464435,99.0,0,0,0.0,0.0,0,0.0,0,0,0,0,,,0,0.0,periferico
ES_49155,49155,Piedrahita de Castro,5.24059199,110.0,0,0,0.0,0.0,0,0.0,0,0,0,0,,,0,0.0,periferico
ES_49156,49156,Pinilla de Toro,8.09335093,197.0,0,0,0.0,0.0,0,0.0,0,0,0,0,,,0,0.0,periferico
ES_49157,49157,Pino del Oro,6.04998473,179.0,0,0,0.0,0.0,0,0.0,0,0,0,0,,,0,0.0,periferico
ES_49159,49159,Pobladura del Valle,19.81405016,280.0,0,0,0.0,0.0,0,0.0,0,0,0,0,,,0,0.0,periferico
ES_49162,49162,Porto,0.85849844,172.0,0,0,0.0,0.0,0,0.0,0,0,0,0,,,0,0.0,periferico
ES_49163,49163,Pozoantiguo,5.46750585,204.0,0,0,0.0,0.0,0,0.0,0,0,0,0,,,0,0.0,periferico
ES_49164,49164,Pozuelo de Tábara,6.22341669,158.0,0,0,0.0,0.0,0,0.0,0,0,0,0,,,0,0.0,periferico
ES_49165,49165,Prado,4.85817134,53.0,0,0,0.0,0.0,0,0.0,0,0,0,0,,,0,0.0,periferico
ES_49166,49166,Puebla de Sanabria,16.92124897,1377.0,0,0,0.0,0.0,0,0.0,0,0,0,0,,,0,0.0,periferico
ES_49167,49167,Pueblica de Valverde,7.08488013,182.0,0,0,0.0,0.0,0,0.0,0,0,0,0,,,0,0.0,periferico
ES_49168,49168,Quintanilla del Monte,4.64910853,101.0,0,0,0.0,0.0,0,0.0,0,0,0,0,,,0,0.0,periferico
ES_49169,49169,Quintanilla del Olmo,3.54519801,45.0,0,0,0.0,0.0,0,0.0,0,0,0,0,,,0,0.0,periferico
ES_49171,49171,Quiruelas de Vidriales,22.63267536,633.0,0,0,0.0,0.0,0,0.0,0,0,0,0,,,0,0.0,periferico
ES_49172,49172,Rabanales,6.17444477,494.0,0,0,0.0,0.0,0,0.0,0,0,0,0,,,0,0.0,periferico
ES_49173,49173,Rábano de Aliste,5.79436071,325.0,0,0,0.0,0.0,0,0.0,0,0,0,0,,,0,0.0,periferico
ES_49174,49174,Requejo,2.58223714,119.0,0,0,0.0,0.0,0,0.0,0,0,0,0,,,0,0.0,periferico
ES_49175,49175,Revellinos,9.12633408,252.0,0,0,0.0,0.0,0,0.0,0,0,0,0,,,0,0.0,periferico
ES_49176,49176,Riofrío de Aliste,5.54125268,619.0,0,0,0.0,0.0,0,0.0,0,0,0,0,,,0,0.0,periferico
ES_49177,49177,Rionegro del Puente,4.45780423,238.0,0,0,0.0,0.0,0,0.0,0,0,0,0,,,0,0.0,periferico
ES_49178,49178,Roales,93.47316354,1009.0,0,0,0.0,0.0,0,0.0,0,0,0,0,,,0,0.0,periferico
ES_49179,49179,Robleda-Cervantes,12.78500083,415.0,0,0,0.0,0.0,0,0.0,0,0,0,0,,,0,0.0,periferico
ES_49180,49180,Roelos de Sayago,2.72818363,150.0,0,0,0.0,0.0,0,0.0,0,0,0,0,,,0,0.0,periferico
ES_49181,49181,Rosinos de la Requejada,2.04884031,317.0,0,0,0.0,0.0,0,0.0,0,0,0,0,,,0,0.0,periferico
ES_49185,49185,San Agustín del Pozo,11.96096411,173.0,0,0,0.0,0.0,0,0.0,0,0,0,0,,,0,0.0,periferico
ES_49186,49186,San Cebrián de Castro,3.63002703,240.0,0,0,0.0,0.0,0,0.0,0,0,0,0,,,0,0.0,periferico
ES_49188,49188,San Esteban del Molar,3.99692705,100.0,0,0,0.0,0.0,0,0.0,0,0,0,0,,,0,0.0,periferico
ES_49189,49189,San Justo,2.78236341,209.0,0,0,0.0,0.0,0,0.0,0,0,0,0,,,0,0.0,periferico
ES_49190,49190,San Martín de Valderaduey,2.00611473,48.0,0,0,0.0,0.0,0,0.0,0,0,0,0,,,0,0.0,periferico
ES_49191,49191,San Miguel de la Ribera,9.91249323,260.0,0,0,0.0,0.0,0,0.0,0,0,0,0,,,0,0.0,periferico
ES_49193,49193,San Pedro de Ceque,8.88479842,435.0,0,0,0.0,0.0,0,0.0,0,0,0,0,,,0,0.0,periferico
ES_49194,49194,San Pedro de la Nave-Almendra,14.4858142,329.0,0,0,0.0,0.0,0,0.0,0,0,0,0,,,0,0.0,periferico
ES_49197,49197,Santa Clara de Avedillo,10.02802052,169.0,0,0,0.0,0.0,0,0.0,0,0,0,0,,,0,0.0,periferico
ES_49199,49199,Santa Colomba de las Monjas,35.3840511,240.0,0,0,0.0,0.0,0,0.0,0,0,0,0,,,0,0.0,periferico
ES_49200,49200,Santa Cristina de la Polvorosa,26.84966593,1045.0,0,0,0.0,0.0,0,0.0,0,0,0,0,,,0,0.0,periferico
ES_49201,49201,Santa Croya de Tera,12.66276636,268.0,0,0,0.0,0.0,0,0.0,0,0,0,0,,,0,0.0,periferico
ES_49202,49202,Santa Eufemia del Barco,3.43362131,178.0,0,0,0.0,0.0,0,0.0,0,0,0,0,,,0,0.0,periferico
ES_49203,49203,Santa María de la Vega,16.39979402,293.0,0,0,0.0,0.0,0,0.0,0,0,0,0,,,0,0.0,periferico
ES_49204,49204,Santa María de Valverde,5.31710916,52.0,0,0,0.0,0.0,0,0.0,0,0,0,0,,,0,0.0,periferico
ES_49206,49206,Santibáñez de Vidriales,11.28264732,856.0,0,0,0.0,0.0,0,0.0,0,0,0,0,,,0,0.0,periferico
ES_49207,49207,Santovenia,7.36510084,242.0,0,0,0.0,0.0,0,0.0,0,0,0,0,,,0,0.0,periferico
ES_49209,49209,San Vitero,6.9586908,447.0,0,0,0.0,0.0,0,0.0,0,0,0,0,,,0,0.0,periferico
ES_49210,49210,Sanzoles,18.44490045,473.0,0,0,0.0,0.0,0,0.0,0,0,0,0,,,0,0.0,periferico
ES_49214,49214,Tábara,6.75162225,761.0,0,0,0.0,0.0,0,0.0,0,0,0,0,,,0,0.0,periferico
ES_49216,49216,Tapioles,4.81066583,133.0,0,0,0.0,0.0,0,0.0,0,0,0,0,,,0,0.0,periferico
ES_49219,49219,Toro,25.69853732,8347.0,0,0,0.0,0.0,0,0.0,0,0,0,0,,,0,0.0,periferico
ES_49220,49220,"Torre del Valle, La",8.14417849,134.0,0,0,0.0,0.0,0,0.0,0,0,0,0,,,0,0.0,periferico
ES_49221,49221,Torregamones,6.36991226,236.0,0,0,0.0,0.0,0,0.0,0,0,0,0,,,0,0.0,periferico
ES_49222,49222,Torres del Carrizal,13.92948852,422.0,0,0,0.0,0.0,0,0.0,0,0,0,0,,,0,0.0,periferico
ES_49223,49223,Trabazos,9.12427314,851.0,0,0,0.0,0.0,0,0.0,0,0,0,0,,,0,0.0,periferico
ES_49224,49224,Trefacio,6.86517837,175.0,0,0,0.0,0.0,0,0.0,0,0,0,0,,,0,0.0,periferico
ES_49227,49227,Valcabado,40.568973,410.0,0,0,0.0,0.0,0,0.0,0,0,0,0,,,0,0.0,periferico
ES_49228,49228,Valdefinjas,3.56159932,58.0,0,0,0.0,0.0,0,0.0,0,0,0,0,,,0,0.0,periferico
ES_49229,49229,Valdescorriel,4.56259935,127.0,0,0,0.0,0.0,0,0.0,0,0,0,0,,,0,0.0,periferico
ES_49230,49230,Vallesa de la Guareña,2.57002731,72.0,0,0,0.0,0.0,0,0.0,0,0,0,0,,,0,0.0,periferico
ES_49231,49231,Vega de Tera,6.95271014,307.0,0,0,0.0,0.0,0,0.0,0,0,0,0,,,0,0.0,periferico
ES_49232,49232,Vega de Villalobos,8.74735792,89.0,0,0,0.0,0.0,0,0.0,0,0,0,0,,,0,0.0,periferico
ES_49233,49233,Vegalatrave,4.1555364,77.0,0,0,0.0,0.0,0,0.0,0,0,0,0,,,0,0.0,periferico
ES_49234,49234,Venialbo,10.31642236,434.0,0,0,0.0,0.0,0,0.0,0,0,0,0,,,0,0.0,periferico
ES_49235,49235,Vezdemarbán,8.9111953,427.0,0,0,0.0,0.0,0,0.0,0,0,0,0,,,0,0.0,periferico
ES_49236,49236,Vidayanes,6.56599988,82.0,0,0,0.0,0.0,0,0.0,0,0,0,0,,,0,0.0,periferico
ES_49238,49238,Villabrázaro,11.74039276,273.0,0,0,0.0,0.0,0,0.0,0,0,0,0,,,0,0.0,periferico
ES_50118,50118,Gallur,62.15291708,2592.0,0,0,0.0,0.0,0,0.0,0,0,0,0,,,0,0.0,periferico
ES_50119,50119,Gelsa,13.87624414,1000.0,0,0,0.0,0.0,0,0.0,0,0,0,0,,,0,0.0,periferico
ES_50120,50120,Godojos,3.64286505,61.0,0,0,0.0,0.0,0,0.0,0,0,0,0,,,0,0.0,periferico
ES_50121,50121,Gotor,20.16380546,313.0,0,0,0.0,0.0,0,0.0,0,0,0,0,,,0,0.0,periferico
ES_50122,50122,Grisel,6.40999603,93.0,0,0,0.0,0.0,0,0.0,0,0,0,0,,,0,0.0,periferico
ES_50123,50123,Grisén,131.8374507,645.0,0,0,0.0,0.0,0,0.0,0,0,0,0,,,0,0.0,periferico
ES_50125,50125,Ibdes,6.80176606,383.0,0,0,0.0,0.0,0,0.0,0,0,0,0,,,0,0.0,periferico
ES_50126,50126,Illueca,108.87376147,2710.0,0,0,0.0,0.0,0,0.0,0,0,0,0,,,0,0.0,periferico
ES_50128,50128,Isuerre,1.64648116,33.0,0,0,0.0,0.0,0,0.0,0,0,0,0,,,0,0.0,periferico
ES_50129,50129,Jaraba,6.58251598,282.0,0,0,0.0,0.0,0,0.0,0,0,0,0,,,0,0.0,periferico
ES_50130,50130,Jarque de Moncayo,9.32915496,401.0,0,0,0.0,0.0,0,0.0,0,0,0,0,,,0,0.0,periferico
ES_50132,50132,"Joyosa, La",175.47840736,1145.0,0,0,0.0,0.0,0,0.0,0,0,0,0,,,0,0.0,periferico
ES_50133,50133,Lagata,4.65007765,110.0,0,0,0.0,0.0,0,0.0,0,0,0,0,,,0,0.0,periferico
ES_50134,50134,Langa del Castillo,2.29232274,115.0,0,0,0.0,0.0,0,0.0,0,0,0,0,,,0,0.0,periferico
ES_50135,50135,Layana,26.0041509,96.0,0,0,0.0,0.0,0,0.0,0,0,0,0,,,0,0.0,periferico
ES_50136,50136,Lécera,5.65688545,618.0,0,0,0.0,0.0,0,0.0,0,0,0,0,,,0,0.0,periferico
ES_50137,50137,Leciñena,6.1712343,1102.0,0,0,0.0,0.0,0,0.0,0,0,0,0,,,0,0.0,periferico
ES_50139,50139,Letux,11.17590617,337.0,0,0,0.0,0.0,0,0.0,0,0,0,0,,,0,0.0,periferico
ES_24070,24070,Fabero,75.50793053,4111.0,0,0,0.0,0.0,0,0.0,0,0,0,0,,,0,0.0,periferico
ES_24071,24071,Folgoso de la Ribera,14.50448443,1005.0,0,0,0.0,0.0,0,0.0,0,0,0,0,,,0,0.0,periferico
ES_24074,24074,Fuentes de Carbajal,2.45956633,79.0,0,0,0.0,0.0,0,0.0,0,0,0,0,,,0,0.0,periferico
ES_24076,24076,Garrafe de Torío,13.21005137,1655.0,0,0,0.0,0.0,0,0.0,0,0,0,0,,,0,0.0,periferico
ES_24077,24077,Gordaliza del Pino,9.12621176,249.0,0,0,0.0,0.0,0,0.0,0,0,0,0,,,0,0.0,periferico
ES_24078,24078,Gordoncillo,14.0074026,327.0,0,0,0.0,0.0,0,0.0,0,0,0,0,,,0,0.0,periferico
ES_24079,24079,Gradefes,4.61991432,951.0,0,0,0.0,0.0,0,0.0,0,0,0,0,,,0,0.0,periferico
ES_24081,24081,Gusendos de los Oteros,5.18642724,128.0,0,0,0.0,0.0,0,0.0,0,0,0,0,,,0,0.0,periferico
ES_24082,24082,Hospital de Órbigo,210.6430596,968.0,0,0,0.0,0.0,0,0.0,0,0,0,0,,,0,0.0,periferico
ES_24083,24083,Igüeña,5.27090569,1086.0,0,0,0.0,0.0,0,0.0,0,0,0,0,,,0,0.0,periferico
ES_24086,24086,Joarilla de las Matas,4.76319017,245.0,0,0,0.0,0.0,0,0.0,0,0,0,0,,,0,0.0,periferico
ES_24087,24087,Laguna Dalga,16.18673486,622.0,0,0,0.0,0.0,0,0.0,0,0,0,0,,,0,0.0,periferico
ES_24088,24088,Laguna de Negrillos,14.68997316,1055.0,0,0,0.0,0.0,0,0.0,0,0,0,0,,,0,0.0,periferico
ES_24089,24089,León,3119.7015189,121763.0,0,0,0.0,0.0,0,0.0,0,0,0,0,,,0,0.0,periferico
ES_24090,24090,Lucillo,2.18323606,360.0,0,0,0.0,0.0,0,0.0,0,0,0,0,,,0,0.0,periferico
ES_24091,24091,Luyego,4.3542669,576.0,0,0,0.0,0.0,0,0.0,0,0,0,0,,,0,0.0,periferico
ES_24092,24092,Llamas de la Ribera,13.34405339,799.0,0,0,0.0,0.0,0,0.0,0,0,0,0,,,0,0.0,periferico
ES_24093,24093,Magaz de Cepeda,4.87244278,354.0,0,0,0.0,0.0,0,0.0,0,0,0,0,,,0,0.0,periferico
ES_24094,24094,Mansilla de las Mulas,46.74129962,1652.0,0,0,0.0,0.0,0,0.0,0,0,0,0,,,0,0.0,periferico
ES_24096,24096,Maraña,3.60555085,121.0,0,0,0.0,0.0,0,0.0,0,0,0,0,,,0,0.0,periferico
ES_24097,24097,Matadeón de los Oteros,4.80233649,223.0,0,0,0.0,0.0,0,0.0,0,0,0,0,,,0,0.0,periferico
ES_24099,24099,Matanza,3.30456466,177.0,0,0,0.0,0.0,0,0.0,0,0,0,0,,,0,0.0,periferico
ES_24100,24100,Molinaseca,10.94875344,871.0,0,0,0.0,0.0,0,0.0,0,0,0,0,,,0,0.0,periferico
ES_24101,24101,Murias de Paredes,1.76015143,356.0,0,0,0.0,0.0,0,0.0,0,0,0,0,,,0,0.0,periferico
ES_24102,24102,Noceda del Bierzo,8.48379848,612.0,0,0,0.0,0.0,0,0.0,0,0,0,0,,,0,0.0,periferico
ES_24103,24103,Oencia,2.93613712,287.0,0,0,0.0,0.0,0,0.0,0,0,0,0,,,0,0.0,periferico
ES_24104,24104,"Omañas, Las",7.99751771,260.0,0,0,0.0,0.0,0,0.0,0,0,0,0,,,0,0.0,periferico
ES_24105,24105,Onzonilla,86.8489743,1892.0,0,0,0.0,0.0,0,0.0,0,0,0,0,,,0,0.0,periferico
ES_24106,24106,Oseja de Sajambre,3.21211041,231.0,0,0,0.0,0.0,0,0.0,0,0,0,0,,,0,0.0,periferico
ES_24107,24107,Pajares de los Oteros,4.02837461,249.0,0,0,0.0,0.0,0,0.0,0,0,0,0,,,0,0.0,periferico
ES_24108,24108,Palacios de la Valduerna,17.4854714,357.0,0,0,0.0,0.0,0,0.0,0,0,0,0,,,0,0.0,periferico
ES_24109,24109,Palacios del Sil,4.79805177,870.0,0,0,0.0,0.0,0,0.0,0,0,0,0,,,0,0.0,periferico
ES_24110,24110,Páramo del Sil,6.37728335,1213.0,0,0,0.0,0.0,0,0.0,0,0,0,0,,,0,0.0,periferico
ES_24113,24113,Pobladura de Pelayo García,17.92384703,361.0,0,0,0.0,0.0,0,0.0,0,0,0,0,,,0,0.0,periferico
ES_24114,24114,"Pola de Gordón, La",18.31306402,2887.0,0,0,0.0,0.0,0,0.0,0,0,0,0,,,0,0.0,periferico
ES_24115,24115,Ponferrada,222.27688341,62941.0,0,0,0.0,0.0,0,0.0,0,0,0,0,,,0,0.0,periferico
ES_24117,24117,Pozuelo del Páramo,11.20691603,406.0,0,0,0.0,0.0,0,0.0,0,0,0,0,,,0,0.0,periferico
ES_24118,24118,Prado de la Guzpeña,4.70715889,108.0,0,0,0.0,0.0,0,0.0,0,0,0,0,,,0,0.0,periferico
ES_24119,24119,Priaranza del Bierzo,21.73707584,732.0,0,0,0.0,0.0,0,0.0,0,0,0,0,,,0,0.0,periferico
ES_24121,24121,Puebla de Lillo,3.92071057,672.0,0,0,0.0,0.0,0,0.0,0,0,0,0,,,0,0.0,periferico
ES_24123,24123,Quintana del Castillo,4.6685295,727.0,0,0,0.0,0.0,0,0.0,0,0,0,0,,,0,0.0,periferico
ES_24124,24124,Quintana del Marco,14.05873766,328.0,0,0,0.0,0.0,0,0.0,0,0,0,0,,,0,0.0,periferico
ES_24125,24125,Quintana y Congosto,4.77912229,423.0,0,0,0.0,0.0,0,0.0,0,0,0,0,,,0,0.0,periferico
ES_24127,24127,Regueras de Arriba,23.50635685,267.0,0,0,0.0,0.0,0,0.0,0,0,0,0,,,0,0.0,periferico
ES_24129,24129,Reyero,4.84974563,127.0,0,0,0.0,0.0,0,0.0,0,0,0,0,,,0,0.0,periferico
ES_24130,24130,Riaño,4.87441641,476.0,0,0,0.0,0.0,0,0.0,0,0,0,0,,,0,0.0,periferico
ES_24131,24131,Riego de la Vega,20.4053411,722.0,0,0,0.0,0.0,0,0.0,0,0,0,0,,,0,0.0,periferico
ES_24133,24133,Rioseco de Tapia,5.2918646,382.0,0,0,0.0,0.0,0,0.0,0,0,0,0,,,0,0.0,periferico
ES_24134,24134,"Robla, La",42.96053718,3659.0,0,0,0.0,0.0,0,0.0,0,0,0,0,,,0,0.0,periferico
ES_24136,24136,Roperuelos del Páramo,9.32513288,508.0,0,0,0.0,0.0,0,0.0,0,0,0,0,,,0,0.0,periferico
ES_24137,24137,Sabero,42.09692062,1050.0,0,0,0.0,0.0,0,0.0,0,0,0,0,,,0,0.0,periferico
ES_24139,24139,Sahagún,19.86839166,2457.0,0,0,0.0,0.0,0,0.0,0,0,0,0,,,0,0.0,periferico
ES_24142,24142,San Andrés del Rabanedo,462.86024944,30009.0,0,0,0.0,0.0,0,0.0,0,0,0,0,,,0,0.0,periferico
ES_24143,24143,Sancedo,17.17275338,533.0,0,0,0.0,0.0,0,0.0,0,0,0,0,,,0,0.0,periferico
ES_24144,24144,San Cristóbal de la Polantera,26.18706315,643.0,0,0,0.0,0.0,0,0.0,0,0,0,0,,,0,0.0,periferico
ES_24146,24146,San Esteban de Nogales,7.84978501,253.0,0,0,0.0,0.0,0,0.0,0,0,0,0,,,0,0.0,periferico
ES_24148,24148,San Justo de la Vega,36.63199853,1773.0,0,0,0.0,0.0,0,0.0,0,0,0,0,,,0,0.0,periferico
ES_24149,24149,San Millán de los Caballeros,7.20382713,178.0,0,0,0.0,0.0,0,0.0,0,0,0,0,,,0,0.0,periferico
ES_24150,24150,San Pedro Bercianos,9.68504612,228.0,0,0,0.0,0.0,0,0.0,0,0,0,0,,,0,0.0,periferico
ES_24151,24151,Santa Colomba de Curueño,5.48208525,504.0,0,0,0.0,0.0,0,0.0,0,0,0,0,,,0,0.0,periferico
ES_24152,24152,Santa Colomba de Somoza,2.78668238,499.0,0,0,0.0,0.0,0,0.0,0,0,0,0,,,0,0.0,periferico
ES_24155,24155,Santa María de la Isla,35.70653521,455.0,0,0,0.0,0.0,0,0.0,0,0,0,0,,,0,0.0,periferico
ES_24156,24156,Santa María del Monte de Cea,2.29813039,212.0,0,0,0.0,0.0,0,0.0,0,0,0,0,,,0,0.0,periferico
ES_24158,24158,Santa María de Ordás,7.30642293,333.0,0,0,0.0,0.0,0,0.0,0,0,0,0,,,0,0.0,periferico
ES_24159,24159,Santa Marina del Rey,38.78425757,1768.0,0,0,0.0,0.0,0,0.0,0,0,0,0,,,0,0.0,periferico
ES_24160,24160,Santas Martas,6.16195377,732.0,0,0,0.0,0.0,0,0.0,0,0,0,0,,,0,0.0,periferico
ES_24161,24161,Santiago Millas,9.24065185,367.0,0,0,0.0,0.0,0,0.0,0,0,0,0,,,0,0.0,periferico
ES_28058,28058,Fuenlabrada,4830.32532928,189287.0,0,0,0.0,0.0,0,0.0,0,0,0,0,,,0,0.0,periferico
ES_28059,28059,Fuente el Saz de Jarama,218.98811624,7260.0,0,0,0.0,0.0,0,0.0,0,0,0,0,,,0,0.0,periferico
ES_28061,28061,Galapagar,541.49623185,35298.0,0,0,0.0,0.0,0,0.0,0,0,0,0,,,0,0.0,periferico
ES_28062,28062,Garganta de los Montes,10.37552665,419.0,0,0,0.0,0.0,0,0.0,0,0,0,0,,,0,0.0,periferico
ES_28063,28063,Gargantilla del Lozoya y Pinill,16.04537877,388.0,0,0,0.0,0.0,0,0.0,0,0,0,0,,,0,0.0,periferico
ES_28064,28064,Gascones,11.32109412,227.0,0,0,0.0,0.0,0,0.0,0,0,0,0,,,0,0.0,periferico
ES_28065,28065,Getafe,2382.87968695,187525.0,0,0,0.0,0.0,0,0.0,0,0,0,0,,,0,0.0,periferico
ES_28066,28066,Griñón,619.65918234,10599.0,0,0,0.0,0.0,0,0.0,0,0,0,0,,,0,0.0,periferico
ES_28067,28067,Guadalix de la Sierra,113.01904003,6813.0,0,0,0.0,0.0,0,0.0,0,0,0,0,,,0,0.0,periferico
ES_28068,28068,Guadarrama,297.81451304,17044.0,0,0,0.0,0.0,0,0.0,0,0,0,0,,,0,0.0,periferico
ES_28070,28070,Horcajo de la Sierra-Aoslos,11.04173519,234.0,0,0,0.0,0.0,0,0.0,0,0,0,0,,,0,0.0,periferico
ES_28071,28071,Horcajuelo de la Sierra,4.52530575,108.0,0,0,0.0,0.0,0,0.0,0,0,0,0,,,0,0.0,periferico
ES_28073,28073,Humanes de Madrid,1006.52204974,19834.0,0,0,0.0,0.0,0,0.0,0,0,0,0,,,0,0.0,periferico
ES_28074,28074,Leganés,4417.40673937,190974.0,0,0,0.0,0.0,0,0.0,0,0,0,0,,,0,0.0,periferico
ES_28076,28076,Lozoya,10.74872806,621.0,0,0,0.0,0.0,0,0.0,0,0,0,0,,,0,0.0,periferico
ES_28078,28078,Madarcos,8.40446313,72.0,0,0,0.0,0.0,0,0.0,0,0,0,0,,,0,0.0,periferico
ES_28079,28079,Madrid,5521.02711403,3340176.0,0,0,0.0,0.0,0,0.0,0,0,0,0,,,0,0.0,periferico
ES_28080,28080,Majadahonda,1890.86969828,72833.0,0,0,0.0,0.0,0,0.0,0,0,0,0,,,0,0.0,periferico
ES_28083,28083,Meco,443.16588847,15451.0,0,0,0.0,0.0,0,0.0,0,0,0,0,,,0,0.0,periferico
ES_28084,28084,Mejorada del Campo,1346.27482203,24133.0,0,0,0.0,0.0,0,0.0,0,0,0,0,,,0,0.0,periferico
ES_28086,28086,"Molar, El",194.89095725,9781.0,0,0,0.0,0.0,0,0.0,0,0,0,0,,,0,0.0,periferico
ES_28087,28087,"Molinos, Los",252.43090966,4842.0,0,0,0.0,0.0,0,0.0,0,0,0,0,,,0,0.0,periferico
ES_28088,28088,Montejo de la Sierra,11.79449824,379.0,0,0,0.0,0.0,0,0.0,0,0,0,0,,,0,0.0,periferico
ES_28089,28089,Moraleja de Enmedio,176.44702592,5506.0,0,0,0.0,0.0,0,0.0,0,0,0,0,,,0,0.0,periferico
ES_28090,28090,Moralzarzal,323.91396425,14103.0,0,0,0.0,0.0,0,0.0,0,0,0,0,,,0,0.0,periferico
ES_28091,28091,Morata de Tajuña,178.29731972,8085.0,0,0,0.0,0.0,0,0.0,0,0,0,0,,,0,0.0,periferico
ES_28092,28092,Móstoles,4683.88119977,210592.0,0,0,0.0,0.0,0,0.0,0,0,0,0,,,0,0.0,periferico
ES_28093,28093,Navacerrada,119.66446764,3293.0,0,0,0.0,0.0,0,0.0,0,0,0,0,,,0,0.0,periferico
ES_28094,28094,Navalafuente,136.97225682,1672.0,0,0,0.0,0.0,0,0.0,0,0,0,0,,,0,0.0,periferico
ES_28096,28096,Navalcarnero,316.68795227,31955.0,0,0,0.0,0.0,0,0.0,0,0,0,0,,,0,0.0,periferico
ES_28097,28097,Navarredonda y San Mamés,5.3527107,153.0,0,0,0.0,0.0,0,0.0,0,0,0,0,,,0,0.0,periferico
ES_28099,28099,Navas del Rey,64.02033392,3244.0,0,0,0.0,0.0,0,0.0,0,0,0,0,,,0,0.0,periferico
ES_28100,28100,Nuevo Baztán,354.3576865,7126.0,0,0,0.0,0.0,0,0.0,0,0,0,0,,,0,0.0,periferico
ES_28101,28101,Olmeda de las Fuentes,24.47594807,405.0,0,0,0.0,0.0,0,0.0,0,0,0,0,,,0,0.0,periferico
ES_28102,28102,Orusco de Tajuña,66.44080549,1422.0,0,0,0.0,0.0,0,0.0,0,0,0,0,,,0,0.0,periferico
ES_47099,47099,"Mudarra, La",8.61536813,164.0,0,0,0.0,0.0,0,0.0,0,0,0,0,,,0,0.0,periferico
ES_47100,47100,Muriel,5.14789951,116.0,0,0,0.0,0.0,0,0.0,0,0,0,0,,,0,0.0,periferico
ES_47102,47102,Nueva Villa de las Torres,7.96380853,285.0,0,0,0.0,0.0,0,0.0,0,0,0,0,,,0,0.0,periferico
ES_47103,47103,Olivares de Duero,10.85936979,319.0,0,0,0.0,0.0,0,0.0,0,0,0,0,,,0,0.0,periferico
ES_47104,47104,Olmedo,27.46394502,3555.0,0,0,0.0,0.0,0,0.0,0,0,0,0,,,0,0.0,periferico
ES_47105,47105,Olmos de Esgueva,7.84569942,195.0,0,0,0.0,0.0,0,0.0,0,0,0,0,,,0,0.0,periferico
ES_47109,47109,Palazuelo de Vedija,4.99872513,161.0,0,0,0.0,0.0,0,0.0,0,0,0,0,,,0,0.0,periferico
ES_47110,47110,"Parrilla, La",11.04724561,495.0,0,0,0.0,0.0,0,0.0,0,0,0,0,,,0,0.0,periferico
ES_47111,47111,"Pedraja de Portillo, La",20.79028736,1181.0,0,0,0.0,0.0,0,0.0,0,0,0,0,,,0,0.0,periferico
ES_47112,47112,Pedrajas de San Esteban,110.06163615,3379.0,0,0,0.0,0.0,0,0.0,0,0,0,0,,,0,0.0,periferico
ES_47113,47113,Pedrosa del Rey,2.87105513,149.0,0,0,0.0,0.0,0,0.0,0,0,0,0,,,0,0.0,periferico
ES_47114,47114,Peñafiel,67.74326198,5156.0,0,0,0.0,0.0,0,0.0,0,0,0,0,,,0,0.0,periferico
ES_47116,47116,Pesquera de Duero,7.58938755,424.0,0,0,0.0,0.0,0,0.0,0,0,0,0,,,0,0.0,periferico
ES_47117,47117,Piña de Esgueva,10.60812876,318.0,0,0,0.0,0.0,0,0.0,0,0,0,0,,,0,0.0,periferico
ES_47119,47119,Piñel de Arriba,3.80001789,89.0,0,0,0.0,0.0,0,0.0,0,0,0,0,,,0,0.0,periferico
ES_47121,47121,Pollos,11.71827721,592.0,0,0,0.0,0.0,0,0.0,0,0,0,0,,,0,0.0,periferico
ES_47122,47122,Portillo,36.99928884,2384.0,0,0,0.0,0.0,0,0.0,0,0,0,0,,,0,0.0,periferico
ES_47123,47123,Pozal de Gallinas,15.19278915,533.0,0,0,0.0,0.0,0,0.0,0,0,0,0,,,0,0.0,periferico
ES_47124,47124,Pozaldez,18.18130859,509.0,0,0,0.0,0.0,0,0.0,0,0,0,0,,,0,0.0,periferico
ES_47125,47125,Pozuelo de la Orden,2.63305273,54.0,0,0,0.0,0.0,0,0.0,0,0,0,0,,,0,0.0,periferico
ES_47126,47126,Puras,3.96912632,43.0,0,0,0.0,0.0,0,0.0,0,0,0,0,,,0,0.0,periferico
ES_47127,47127,Quintanilla de Arriba,5.77011447,162.0,0,0,0.0,0.0,0,0.0,0,0,0,0,,,0,0.0,periferico
ES_47128,47128,Quintanilla del Molar,3.35234527,49.0,0,0,0.0,0.0,0,0.0,0,0,0,0,,,0,0.0,periferico
ES_47129,47129,Quintanilla de Onésimo,18.20313346,1004.0,0,0,0.0,0.0,0,0.0,0,0,0,0,,,0,0.0,periferico
ES_22086,22086,Castiello de Jaca,14.10655057,244.0,0,0,0.0,0.0,0,0.0,0,0,0,0,,,0,0.0,periferico
ES_22087,22087,Castigaleu,3.58091037,95.0,0,0,0.0,0.0,0,0.0,0,0,0,0,,,0,0.0,periferico
ES_22088,22088,Castillazuelo,10.64103733,163.0,0,0,0.0,0.0,0,0.0,0,0,0,0,,,0,0.0,periferico
ES_22090,22090,Colungo,3.19869066,130.0,0,0,0.0,0.0,0,0.0,0,0,0,0,,,0,0.0,periferico
ES_22094,22094,Chalamera,11.13564192,128.0,0,0,0.0,0.0,0,0.0,0,0,0,0,,,0,0.0,periferico
ES_22095,22095,Chía,3.5240258,92.0,0,0,0.0,0.0,0,0.0,0,0,0,0,,,0,0.0,periferico
ES_22096,22096,Chimillas,39.40947015,396.0,0,0,0.0,0.0,0,0.0,0,0,0,0,,,0,0.0,periferico
ES_22102,22102,Estada,12.77724975,203.0,0,0,0.0,0.0,0,0.0,0,0,0,0,,,0,0.0,periferico
ES_22105,22105,Estopiñán del Castillo,1.37676351,122.0,0,0,0.0,0.0,0,0.0,0,0,0,0,,,0,0.0,periferico
ES_22106,22106,Fago,0.90400809,26.0,0,0,0.0,0.0,0,0.0,0,0,0,0,,,0,0.0,periferico
ES_22107,22107,Fanlo,0.59872618,112.0,0,0,0.0,0.0,0,0.0,0,0,0,0,,,0,0.0,periferico
ES_22109,22109,Fiscal,2.30450169,392.0,0,0,0.0,0.0,0,0.0,0,0,0,0,,,0,0.0,periferico
ES_22110,22110,Fonz,17.10321238,885.0,0,0,0.0,0.0,0,0.0,0,0,0,0,,,0,0.0,periferico
ES_22111,22111,Foradada del Toscar,1.48545182,158.0,0,0,0.0,0.0,0,0.0,0,0,0,0,,,0,0.0,periferico
ES_22112,22112,Fraga,34.81163567,15243.0,0,0,0.0,0.0,0,0.0,0,0,0,0,,,0,0.0,periferico
ES_22114,22114,Gistaín,1.5781757,122.0,0,0,0.0,0.0,0,0.0,0,0,0,0,,,0,0.0,periferico
ES_22115,22115,"Grado, El",6.09943755,389.0,0,0,0.0,0.0,0,0.0,0,0,0,0,,,0,0.0,periferico
ES_22117,22117,Graus,11.33008142,3397.0,0,0,0.0,0.0,0,0.0,0,0,0,0,,,0,0.0,periferico
ES_22119,22119,Gurrea de Gállego,7.51968402,1443.0,0,0,0.0,0.0,0,0.0,0,0,0,0,,,0,0.0,periferico
ES_22122,22122,Hoz de Jaca,6.18352914,77.0,0,0,0.0,0.0,0,0.0,0,0,0,0,,,0,0.0,periferico
ES_22124,22124,Huerto,2.61921265,227.0,0,0,0.0,0.0,0,0.0,0,0,0,0,,,0,0.0,periferico
ES_22125,22125,Huesca,334.97945197,53938.0,0,0,0.0,0.0,0,0.0,0,0,0,0,,,0,0.0,periferico
ES_22126,22126,Ibieca,7.41991777,111.0,0,0,0.0,0.0,0,0.0,0,0,0,0,,,0,0.0,periferico
ES_22127,22127,Igriés,37.42140464,717.0,0,0,0.0,0.0,0,0.0,0,0,0,0,,,0,0.0,periferico
ES_22129,22129,Isábena,1.96614725,233.0,0,0,0.0,0.0,0,0.0,0,0,0,0,,,0,0.0,periferico
ES_22131,22131,Jasa,11.44167741,102.0,0,0,0.0,0.0,0,0.0,0,0,0,0,,,0,0.0,periferico
ES_22133,22133,Labuerda,9.02728709,161.0,0,0,0.0,0.0,0,0.0,0,0,0,0,,,0,0.0,periferico
ES_22136,22136,Lalueza,9.96593454,879.0,0,0,0.0,0.0,0,0.0,0,0,0,0,,,0,0.0,periferico
ES_22137,22137,Lanaja,6.39599348,1175.0,0,0,0.0,0.0,0,0.0,0,0,0,0,,,0,0.0,periferico
ES_22139,22139,Laperdiguera,8.05389825,91.0,0,0,0.0,0.0,0,0.0,0,0,0,0,,,0,0.0,periferico
ES_22141,22141,Lascellas-Ponzano,4.89906809,134.0,0,0,0.0,0.0,0,0.0,0,0,0,0,,,0,0.0,periferico
ES_22143,22143,Laspaúles,2.89145414,236.0,0,0,0.0,0.0,0,0.0,0,0,0,0,,,0,0.0,periferico
ES_22149,22149,Loarre,4.70136286,350.0,0,0,0.0,0.0,0,0.0,0,0,0,0,,,0,0.0,periferico
ES_22150,22150,Loporzano,3.42052907,579.0,0,0,0.0,0.0,0,0.0,0,0,0,0,,,0,0.0,periferico
ES_22151,22151,Loscorrales,2.46001444,99.0,0,0,0.0,0.0,0,0.0,0,0,0,0,,,0,0.0,periferico
ES_22155,22155,Monesma y Cajigar,1.03881531,65.0,0,0,0.0,0.0,0,0.0,0,0,0,0,,,0,0.0,periferico
ES_22156,22156,Monflorite-Lascasas,16.21108231,469.0,0,0,0.0,0.0,0,0.0,0,0,0,0,,,0,0.0,periferico
ES_22160,22160,Naval,5.55896773,263.0,0,0,0.0,0.0,0,0.0,0,0,0,0,,,0,0.0,periferico
ES_22162,22162,Novales,8.77035777,176.0,0,0,0.0,0.0,0,0.0,0,0,0,0,,,0,0.0,periferico
ES_22163,22163,Nueno,3.89070631,573.0,0,0,0.0,0.0,0,0.0,0,0,0,0,,,0,0.0,periferico
ES_22164,22164,Olvena,4.22493287,67.0,0,0,0.0,0.0,0,0.0,0,0,0,0,,,0,0.0,periferico
ES_50140,50140,Litago,12.81558666,196.0,0,0,0.0,0.0,0,0.0,0,0,0,0,,,0,0.0,periferico
ES_50141,50141,Lituénigo,10.83649475,123.0,0,0,0.0,0.0,0,0.0,0,0,0,0,,,0,0.0,periferico
ES_50142,50142,Lobera de Onsella,0.77688485,25.0,0,0,0.0,0.0,0,0.0,0,0,0,0,,,0,0.0,periferico
ES_50143,50143,Longares,18.60156497,855.0,0,0,0.0,0.0,0,0.0,0,0,0,0,,,0,0.0,periferico
ES_50144,50144,Longás,0.89399603,44.0,0,0,0.0,0.0,0,0.0,0,0,0,0,,,0,0.0,periferico
ES_50146,50146,Lucena de Jalón,22.9640784,236.0,0,0,0.0,0.0,0,0.0,0,0,0,0,,,0,0.0,periferico
ES_50147,50147,Luceni,36.47221286,989.0,0,0,0.0,0.0,0,0.0,0,0,0,0,,,0,0.0,periferico
ES_50148,50148,Luesia,2.73625357,347.0,0,0,0.0,0.0,0,0.0,0,0,0,0,,,0,0.0,periferico
ES_50150,50150,Lumpiaque,29.05681599,858.0,0,0,0.0,0.0,0,0.0,0,0,0,0,,,0,0.0,periferico
ES_50151,50151,Luna,2.22369718,687.0,0,0,0.0,0.0,0,0.0,0,0,0,0,,,0,0.0,periferico
ES_50152,50152,Maella,11.9704973,2092.0,0,0,0.0,0.0,0,0.0,0,0,0,0,,,0,0.0,periferico
ES_50153,50153,Magallón,14.12289665,1110.0,0,0,0.0,0.0,0,0.0,0,0,0,0,,,0,0.0,periferico
ES_50154,50154,Mainar,5.20283178,177.0,0,0,0.0,0.0,0,0.0,0,0,0,0,,,0,0.0,periferico
ES_50155,50155,Malanquilla,2.1582619,79.0,0,0,0.0,0.0,0,0.0,0,0,0,0,,,0,0.0,periferico
ES_50160,50160,Mallén,80.79770878,3021.0,0,0,0.0,0.0,0,0.0,0,0,0,0,,,0,0.0,periferico
ES_50161,50161,Manchones,3.69382815,99.0,0,0,0.0,0.0,0,0.0,0,0,0,0,,,0,0.0,periferico
ES_50162,50162,Mara,7.77936648,164.0,0,0,0.0,0.0,0,0.0,0,0,0,0,,,0,0.0,periferico
ES_50163,50163,María de Huerva,59.49118638,6430.0,0,0,0.0,0.0,0,0.0,0,0,0,0,,,0,0.0,periferico
ES_50164,50164,Mediana de Aragón,4.90029336,444.0,0,0,0.0,0.0,0,0.0,0,0,0,0,,,0,0.0,periferico
ES_50165,50165,Mequinenza,7.38677407,2272.0,0,0,0.0,0.0,0,0.0,0,0,0,0,,,0,0.0,periferico
ES_50166,50166,Mesones de Isuela,5.36056111,260.0,0,0,0.0,0.0,0,0.0,0,0,0,0,,,0,0.0,periferico
ES_50167,50167,Mezalocha,3.7102713,225.0,0,0,0.0,0.0,0,0.0,0,0,0,0,,,0,0.0,periferico
ES_39078,39078,Santiurde de Toranzo,47.73425574,1734.0,0,0,0.0,0.0,0,0.0,0,0,0,0,,,0,0.0,periferico
ES_39079,39079,Santoña,951.49233024,10920.0,0,0,0.0,0.0,0,0.0,0,0,0,0,,,0,0.0,periferico
ES_39080,39080,San Vicente de la Barquera,98.02202033,4034.0,0,0,0.0,0.0,0,0.0,0,0,0,0,,,0,0.0,periferico
ES_39081,39081,Saro,28.879254,520.0,0,0,0.0,0.0,0,0.0,0,0,0,0,,,0,0.0,periferico
ES_39082,39082,Selaya,47.2341305,1848.0,0,0,0.0,0.0,0,0.0,0,0,0,0,,,0,0.0,periferico
ES_39083,39083,Soba,5.16539049,1108.0,0,0,0.0,0.0,0,0.0,0,0,0,0,,,0,0.0,periferico
ES_39084,39084,Solórzano,42.2104041,1079.0,0,0,0.0,0.0,0,0.0,0,0,0,0,,,0,0.0,periferico
ES_39086,39086,"Tojos, Los",4.24448411,380.0,0,0,0.0,0.0,0,0.0,0,0,0,0,,,0,0.0,periferico
ES_39087,39087,Torrelavega,1441.01558282,51232.0,0,0,0.0,0.0,0,0.0,0,0,0,0,,,0,0.0,periferico
ES_39088,39088,Tresviso,3.69833554,59.0,0,0,0.0,0.0,0,0.0,0,0,0,0,,,0,0.0,periferico
ES_39090,39090,Udías,47.38484374,945.0,0,0,0.0,0.0,0,0.0,0,0,0,0,,,0,0.0,periferico
ES_39091,39091,Valdáliga,22.17749212,2166.0,0,0,0.0,0.0,0,0.0,0,0,0,0,,,0,0.0,periferico
ES_39092,39092,Valdeolea,10.53146664,882.0,0,0,0.0,0.0,0,0.0,0,0,0,0,,,0,0.0,periferico
ES_39093,39093,Valdeprado del Río,3.74531259,334.0,0,0,0.0,0.0,0,0.0,0,0,0,0,,,0,0.0,periferico
ES_39095,39095,Val de San Vicente,55.12742833,2801.0,0,0,0.0,0.0,0,0.0,0,0,0,0,,,0,0.0,periferico
ES_39097,39097,Vega de Pas,8.45638753,740.0,0,0,0.0,0.0,0,0.0,0,0,0,0,,,0,0.0,periferico
ES_39099,39099,Villaescusa,138.71982032,3947.0,0,0,0.0,0.0,0,0.0,0,0,0,0,,,0,0.0,periferico
ES_39100,39100,Villafufre,33.47842995,1000.0,0,0,0.0,0.0,0,0.0,0,0,0,0,,,0,0.0,periferico
ES_39101,39101,Valle de Villaverde,12.9052471,254.0,0,0,0.0,0.0,0,0.0,0,0,0,0,,,0,0.0,periferico
ES_39102,39102,Voto,37.89445436,2952.0,0,0,0.0,0.0,0,0.0,0,0,0,0,,,0,0.0,periferico
ES_40001,40001,Abades,26.95992261,862.0,0,0,0.0,0.0,0,0.0,0,0,0,0,,,0,0.0,periferico
ES_40002,40002,Adrada de Pirón,3.53904336,38.0,0,0,0.0,0.0,0,0.0,0,0,0,0,,,0,0.0,periferico
ES_40003,40003,Adrados,6.70267128,122.0,0,0,0.0,0.0,0,0.0,0,0,0,0,,,0,0.0,periferico
ES_40004,40004,Aguilafuente,9.28944567,563.0,0,0,0.0,0.0,0,0.0,0,0,0,0,,,0,0.0,periferico
ES_40005,40005,Alconada de Maderuelo,1.98414431,24.0,0,0,0.0,0.0,0,0.0,0,0,0,0,,,0,0.0,periferico
ES_40008,40008,Aldealengua de Santa María,3.59912301,71.0,0,0,0.0,0.0,0,0.0,0,0,0,0,,,0,0.0,periferico
ES_40009,40009,Aldeanueva de la Serrezuela,2.15832191,44.0,0,0,0.0,0.0,0,0.0,0,0,0,0,,,0,0.0,periferico
ES_40010,40010,Aldeanueva del Codonal,4.97791821,110.0,0,0,0.0,0.0,0,0.0,0,0,0,0,,,0,0.0,periferico
ES_40012,40012,Aldea Real,11.09248244,280.0,0,0,0.0,0.0,0,0.0,0,0,0,0,,,0,0.0,periferico
ES_40013,40013,Aldeasoña,3.44069313,64.0,0,0,0.0,0.0,0,0.0,0,0,0,0,,,0,0.0,periferico
ES_40014,40014,Aldehorno,4.61000632,55.0,0,0,0.0,0.0,0,0.0,0,0,0,0,,,0,0.0,periferico
ES_40015,40015,Aldehuela del Codonal,1.71794921,23.0,0,0,0.0,0.0,0,0.0,0,0,0,0,,,0,0.0,periferico
ES_40016,40016,Aldeonte,2.67257871,55.0,0,0,0.0,0.0,0,0.0,0,0,0,0,,,0,0.0,periferico
ES_40018,40018,Añe,5.9379759,69.0,0,0,0.0,0.0,0,0.0,0,0,0,0,,,0,0.0,periferico
ES_40019,40019,Arahuetes,1.52749802,25.0,0,0,0.0,0.0,0,0.0,0,0,0,0,,,0,0.0,periferico
ES_40021,40021,Arevalillo de Cega,1.55522161,18.0,0,0,0.0,0.0,0,0.0,0,0,0,0,,,0,0.0,periferico
ES_40022,40022,Armuña,5.1979834,238.0,0,0,0.0,0.0,0,0.0,0,0,0,0,,,0,0.0,periferico
ES_40024,40024,Ayllón,8.66630404,1118.0,0,0,0.0,0.0,0,0.0,0,0,0,0,,,0,0.0,periferico
ES_40025,40025,Barbolla,5.47113074,143.0,0,0,0.0,0.0,0,0.0,0,0,0,0,,,0,0.0,periferico
ES_40026,40026,Basardilla,7.85505307,150.0,0,0,0.0,0.0,0,0.0,0,0,0,0,,,0,0.0,periferico
ES_40028,40028,Bercial,5.1376914,107.0,0,0,0.0,0.0,0,0.0,0,0,0,0,,,0,0.0,periferico
ES_40030,40030,Bernardos,16.36636479,477.0,0,0,0.0,0.0,0,0.0,0,0,0,0,,,0,0.0,periferico
ES_40032,40032,Boceguillas,16.74543261,696.0,0,0,0.0,0.0,0,0.0,0,0,0,0,,,0,0.0,periferico
ES_40033,40033,Brieva,6.65526471,91.0,0,0,0.0,0.0,0,0.0,0,0,0,0,,,0,0.0,periferico
ES_40034,40034,Caballar,4.39370768,74.0,0,0,0.0,0.0,0,0.0,0,0,0,0,,,0,0.0,periferico
ES_40035,40035,Cabañas de Polendos,7.72207242,204.0,0,0,0.0,0.0,0,0.0,0,0,0,0,,,0,0.0,periferico
ES_40036,40036,Cabezuela,17.7905457,627.0,0,0,0.0,0.0,0,0.0,0,0,0,0,,,0,0.0,periferico
ES_40037,40037,Calabazas de Fuentidueña,1.69155576,25.0,0,0,0.0,0.0,0,0.0,0,0,0,0,,,0,0.0,periferico
ES_40039,40039,Campo de San Pedro,6.76660024,254.0,0,0,0.0,0.0,0,0.0,0,0,0,0,,,0,0.0,periferico
ES_40040,40040,Cantalejo,44.74580146,3554.0,0,0,0.0,0.0,0,0.0,0,0,0,0,,,0,0.0,periferico
ES_40043,40043,Carbonero el Mayor,37.51227308,2489.0,0,0,0.0,0.0,0,0.0,0,0,0,0,,,0,0.0,periferico
ES_40044,40044,Carrascal del Río,4.65543085,142.0,0,0,0.0,0.0,0,0.0,0,0,0,0,,,0,0.0,periferico
ES_40045,40045,Casla,9.11401755,158.0,0,0,0.0,0.0,0,0.0,0,0,0,0,,,0,0.0,periferico
ES_40047,40047,Castro de Fuentidueña,2.28133521,45.0,0,0,0.0,0.0,0,0.0,0,0,0,0,,,0,0.0,periferico
ES_40048,40048,Castrojimeno,1.69247595,31.0,0,0,0.0,0.0,0,0.0,0,0,0,0,,,0,0.0,periferico
ES_40049,40049,Castroserna de Abajo,2.85109963,36.0,0,0,0.0,0.0,0,0.0,0,0,0,0,,,0,0.0,periferico
ES_40051,40051,Castroserracín,1.66158816,35.0,0,0,0.0,0.0,0,0.0,0,0,0,0,,,0,0.0,periferico
ES_40052,40052,Cedillo de la Torre,3.58514228,85.0,0,0,0.0,0.0,0,0.0,0,0,0,0,,,0,0.0,periferico
ES_40053,40053,Cerezo de Abajo,6.43655393,128.0,0,0,0.0,0.0,0,0.0,0,0,0,0,,,0,0.0,periferico
ES_40055,40055,Cilleruelo de San Mamés,3.39432291,33.0,0,0,0.0,0.0,0,0.0,0,0,0,0,,,0,0.0,periferico
ES_40056,40056,Cobos de Fuentidueña,2.59681408,36.0,0,0,0.0,0.0,0,0.0,0,0,0,0,,,0,0.0,periferico
ES_40057,40057,Coca,17.66380118,1740.0,0,0,0.0,0.0,0,0.0,0,0,0,0,,,0,0.0,periferico
ES_40058,40058,Codorniz,4.91640111,316.0,0,0,0.0,0.0,0,0.0,0,0,0,0,,,0,0.0,periferico
ES_40059,40059,Collado Hermoso,7.75228818,127.0,0,0,0.0,0.0,0,0.0,0,0,0,0,,,0,0.0,periferico
ES_40060,40060,Condado de Castilnovo,3.60662457,86.0,0,0,0.0,0.0,0,0.0,0,0,0,0,,,0,0.0,periferico
ES_40061,40061,Corral de Ayllón,4.15406308,75.0,0,0,0.0,0.0,0,0.0,0,0,0,0,,,0,0.0,periferico
ES_40062,40062,Cubillo,3.60955742,74.0,0,0,0.0,0.0,0,0.0,0,0,0,0,,,0,0.0,periferico
ES_40063,40063,Cuéllar,35.04313858,9578.0,0,0,0.0,0.0,0,0.0,0,0,0,0,,,0,0.0,periferico
ES_40065,40065,Chañe,20.70777305,730.0,0,0,0.0,0.0,0,0.0,0,0,0,0,,,0,0.0,periferico
ES_40068,40068,Domingo García,1.86119825,33.0,0,0,0.0,0.0,0,0.0,0,0,0,0,,,0,0.0,periferico
ES_40070,40070,Duruelo,9.37393146,162.0,0,0,0.0,0.0,0,0.0,0,0,0,0,,,0,0.0,periferico
ES_40071,40071,Encinas,2.10373321,37.0,0,0,0.0,0.0,0,0.0,0,0,0,0,,,0,0.0,periferico
ES_40072,40072,Encinillas,41.02385989,339.0,0,0,0.0,0.0,0,0.0,0,0,0,0,,,0,0.0,periferico
ES_40073,40073,Escalona del Prado,14.81862596,471.0,0,0,0.0,0.0,0,0.0,0,0,0,0,,,0,0.0,periferico
ES_40075,40075,Escobar de Polendos,4.41184169,175.0,0,0,0.0,0.0,0,0.0,0,0,0,0,,,0,0.0,periferico
ES_40076,40076,"Espinar, El",47.70967136,9801.0,0,0,0.0,0.0,0,0.0,0,0,0,0,,,0,0.0,periferico
ES_40077,40077,Espirdo,59.25595224,1541.0,0,0,0.0,0.0,0,0.0,0,0,0,0,,,0,0.0,periferico
ES_40078,40078,Fresneda de Cuéllar,15.06762065,174.0,0,0,0.0,0.0,0,0.0,0,0,0,0,,,0,0.0,periferico
ES_40079,40079,Fresno de Cantespino,4.81343777,305.0,0,0,0.0,0.0,0,0.0,0,0,0,0,,,0,0.0,periferico
ES_40081,40081,Frumales,4.51663923,125.0,0,0,0.0,0.0,0,0.0,0,0,0,0,,,0,0.0,periferico
ES_24162,24162,Santovenia de la Valdoncina,68.78700739,2080.0,0,0,0.0,0.0,0,0.0,0,0,0,0,,,0,0.0,periferico
ES_24163,24163,Sariegos,149.3320018,5427.0,0,0,0.0,0.0,0,0.0,0,0,0,0,,,0,0.0,periferico
ES_24164,24164,Sena de Luna,2.66896739,395.0,0,0,0.0,0.0,0,0.0,0,0,0,0,,,0,0.0,periferico
ES_24165,24165,Sobrado,7.42277063,304.0,0,0,0.0,0.0,0,0.0,0,0,0,0,,,0,0.0,periferico
ES_24166,24166,Soto de la Vega,62.87473952,1483.0,0,0,0.0,0.0,0,0.0,0,0,0,0,,,0,0.0,periferico
ES_24168,24168,Toral de los Guzmanes,23.60834129,498.0,0,0,0.0,0.0,0,0.0,0,0,0,0,,,0,0.0,periferico
ES_24170,24170,Torre del Bierzo,16.98672134,2026.0,0,0,0.0,0.0,0,0.0,0,0,0,0,,,0,0.0,periferico
ES_24171,24171,Trabadelo,4.92233966,343.0,0,0,0.0,0.0,0,0.0,0,0,0,0,,,0,0.0,periferico
ES_40083,40083,Fuente el Olmo de Fuentidueña,9.01491914,281.0,0,0,0.0,0.0,0,0.0,0,0,0,0,,,0,0.0,periferico
ES_40084,40084,Fuente el Olmo de Íscar,6.53415683,51.0,0,0,0.0,0.0,0,0.0,0,0,0,0,,,0,0.0,periferico
ES_40086,40086,Fuentepelayo,25.06566776,774.0,0,0,0.0,0.0,0,0.0,0,0,0,0,,,0,0.0,periferico
ES_40088,40088,Fuenterrebollo,8.8267737,317.0,0,0,0.0,0.0,0,0.0,0,0,0,0,,,0,0.0,periferico
ES_40089,40089,Fuentesaúco de Fuentidueña,9.43382764,244.0,0,0,0.0,0.0,0,0.0,0,0,0,0,,,0,0.0,periferico
ES_40093,40093,Gallegos,4.39371681,96.0,0,0,0.0,0.0,0,0.0,0,0,0,0,,,0,0.0,periferico
ES_40094,40094,Garcillán,23.37703748,522.0,0,0,0.0,0.0,0,0.0,0,0,0,0,,,0,0.0,periferico
ES_40095,40095,Gomezserracín,20.749204,628.0,0,0,0.0,0.0,0,0.0,0,0,0,0,,,0,0.0,periferico
ES_40097,40097,Grajera,20.07867475,255.0,0,0,0.0,0.0,0,0.0,0,0,0,0,,,0,0.0,periferico
ES_40099,40099,Honrubia de la Cuesta,2.49939339,52.0,0,0,0.0,0.0,0,0.0,0,0,0,0,,,0,0.0,periferico
ES_40100,40100,Hontalbilla,7.87885028,302.0,0,0,0.0,0.0,0,0.0,0,0,0,0,,,0,0.0,periferico
ES_40101,40101,Hontanares de Eresma,261.33491627,1602.0,0,0,0.0,0.0,0,0.0,0,0,0,0,,,0,0.0,periferico
ES_40103,40103,"Huertos, Los",9.89016972,171.0,0,0,0.0,0.0,0,0.0,0,0,0,0,,,0,0.0,periferico
ES_40105,40105,Juarros de Riomoros,3.5265104,49.0,0,0,0.0,0.0,0,0.0,0,0,0,0,,,0,0.0,periferico
ES_40106,40106,Juarros de Voltoya,8.77775879,190.0,0,0,0.0,0.0,0,0.0,0,0,0,0,,,0,0.0,periferico
ES_40108,40108,Laguna de Contreras,5.65295129,109.0,0,0,0.0,0.0,0,0.0,0,0,0,0,,,0,0.0,periferico
ES_40109,40109,Languilla,3.18834748,85.0,0,0,0.0,0.0,0,0.0,0,0,0,0,,,0,0.0,periferico
ES_40110,40110,Lastras de Cuéllar,4.87516592,319.0,0,0,0.0,0.0,0,0.0,0,0,0,0,,,0,0.0,periferico
ES_40111,40111,Lastras del Pozo,2.00173007,65.0,0,0,0.0,0.0,0,0.0,0,0,0,0,,,0,0.0,periferico
ES_40112,40112,"Lastrilla, La",482.36063723,4553.0,0,0,0.0,0.0,0,0.0,0,0,0,0,,,0,0.0,periferico
ES_40113,40113,"Losa, La",18.76914818,538.0,0,0,0.0,0.0,0,0.0,0,0,0,0,,,0,0.0,periferico
ES_40115,40115,Maderuelo,1.15778126,109.0,0,0,0.0,0.0,0,0.0,0,0,0,0,,,0,0.0,periferico
ES_40119,40119,Martín Miguel,16.20133376,248.0,0,0,0.0,0.0,0,0.0,0,0,0,0,,,0,0.0,periferico
ES_40121,40121,Martín Muñoz de las Posadas,6.01012946,274.0,0,0,0.0,0.0,0,0.0,0,0,0,0,,,0,0.0,periferico
ES_40122,40122,Marugán,25.9667932,753.0,0,0,0.0,0.0,0,0.0,0,0,0,0,,,0,0.0,periferico
ES_40123,40123,Matabuena,9.64748731,207.0,0,0,0.0,0.0,0,0.0,0,0,0,0,,,0,0.0,periferico
ES_40124,40124,Mata de Cuéllar,13.19493661,265.0,0,0,0.0,0.0,0,0.0,0,0,0,0,,,0,0.0,periferico
ES_40126,40126,Melque de Cercos,3.59692721,67.0,0,0,0.0,0.0,0,0.0,0,0,0,0,,,0,0.0,periferico
ES_40127,40127,Membibre de la Hoz,2.93464036,46.0,0,0,0.0,0.0,0,0.0,0,0,0,0,,,0,0.0,periferico
ES_40129,40129,Montejo de Arévalo,4.5328978,163.0,0,0,0.0,0.0,0,0.0,0,0,0,0,,,0,0.0,periferico
ES_40130,40130,Montejo de la Vega de la Serrez,4.52602245,126.0,0,0,0.0,0.0,0,0.0,0,0,0,0,,,0,0.0,periferico
ES_40131,40131,Monterrubio,2.38817904,61.0,0,0,0.0,0.0,0,0.0,0,0,0,0,,,0,0.0,periferico
ES_40132,40132,Moral de Hornuez,1.26136592,41.0,0,0,0.0,0.0,0,0.0,0,0,0,0,,,0,0.0,periferico
ES_40134,40134,Mozoncillo,20.67756851,885.0,0,0,0.0,0.0,0,0.0,0,0,0,0,,,0,0.0,periferico
ES_27023,27023,Guntín,16.51784844,2556.0,0,0,0.0,0.0,0,0.0,0,0,0,0,,,0,0.0,periferico
ES_27025,27025,Xove,37.29394215,3323.0,0,0,0.0,0.0,0,0.0,0,0,0,0,,,0,0.0,periferico
ES_27026,27026,Láncara,20.49785165,2494.0,0,0,0.0,0.0,0,0.0,0,0,0,0,,,0,0.0,periferico
ES_27027,27027,Lourenzá,33.70776062,2107.0,0,0,0.0,0.0,0,0.0,0,0,0,0,,,0,0.0,periferico
ES_27029,27029,Meira,37.69949324,1755.0,0,0,0.0,0.0,0,0.0,0,0,0,0,,,0,0.0,periferico
ES_27030,27030,Mondoñedo,24.10022608,3437.0,0,0,0.0,0.0,0,0.0,0,0,0,0,,,0,0.0,periferico
ES_27031,27031,Monforte de Lemos,91.46798896,18253.0,0,0,0.0,0.0,0,0.0,0,0,0,0,,,0,0.0,periferico
ES_27032,27032,Monterroso,31.37287926,3594.0,0,0,0.0,0.0,0,0.0,0,0,0,0,,,0,0.0,periferico
ES_27033,27033,Muras,3.65545298,599.0,0,0,0.0,0.0,0,0.0,0,0,0,0,,,0,0.0,periferico
ES_27035,27035,Negueira de Muñiz,3.31738303,240.0,0,0,0.0,0.0,0,0.0,0,0,0,0,,,0,0.0,periferico
ES_27037,27037,"Nogais, As",8.67437435,957.0,0,0,0.0,0.0,0,0.0,0,0,0,0,,,0,0.0,periferico
ES_27039,27039,Outeiro de Rei,39.97924987,5364.0,0,0,0.0,0.0,0,0.0,0,0,0,0,,,0,0.0,periferico
ES_27040,27040,Palas de Rei,16.8656365,3368.0,0,0,0.0,0.0,0,0.0,0,0,0,0,,,0,0.0,periferico
ES_27041,27041,Pantón,16.92452612,2424.0,0,0,0.0,0.0,0,0.0,0,0,0,0,,,0,0.0,periferico
ES_27042,27042,Paradela,13.5150366,1637.0,0,0,0.0,0.0,0,0.0,0,0,0,0,,,0,0.0,periferico
ES_27043,27043,"Páramo, O",17.4874173,1308.0,0,0,0.0,0.0,0,0.0,0,0,0,0,,,0,0.0,periferico
ES_27045,27045,Pedrafita do Cebreiro,8.68626905,911.0,0,0,0.0,0.0,0,0.0,0,0,0,0,,,0,0.0,periferico
ES_27046,27046,Pol,12.54517008,1580.0,0,0,0.0,0.0,0,0.0,0,0,0,0,,,0,0.0,periferico
ES_27049,27049,Portomarín,11.80642685,1359.0,0,0,0.0,0.0,0,0.0,0,0,0,0,,,0,0.0,periferico
ES_27050,27050,Quiroga,9.74753495,3096.0,0,0,0.0,0.0,0,0.0,0,0,0,0,,,0,0.0,periferico
ES_27051,27051,Ribadeo,90.54766732,9862.0,0,0,0.0,0.0,0,0.0,0,0,0,0,,,0,0.0,periferico
ES_27052,27052,Ribas de Sil,13.57556453,920.0,0,0,0.0,0.0,0,0.0,0,0,0,0,,,0,0.0,periferico
ES_27053,27053,Ribeira de Piquín,6.74238754,492.0,0,0,0.0,0.0,0,0.0,0,0,0,0,,,0,0.0,periferico
ES_27054,27054,Riotorto,18.10789842,1201.0,0,0,0.0,0.0,0,0.0,0,0,0,0,,,0,0.0,periferico
ES_27055,27055,Samos,8.89275334,1216.0,0,0,0.0,0.0,0,0.0,0,0,0,0,,,0,0.0,periferico
ES_27056,27056,Rábade,289.72361598,1497.0,0,0,0.0,0.0,0,0.0,0,0,0,0,,,0,0.0,periferico
ES_27057,27057,Sarria,72.12994371,13317.0,0,0,0.0,0.0,0,0.0,0,0,0,0,,,0,0.0,periferico
ES_27060,27060,Taboada,18.08341131,2652.0,0,0,0.0,0.0,0,0.0,0,0,0,0,,,0,0.0,periferico
ES_27061,27061,Trabada,13.42647953,1111.0,0,0,0.0,0.0,0,0.0,0,0,0,0,,,0,0.0,periferico
ES_27062,27062,Triacastela,12.15449811,622.0,0,0,0.0,0.0,0,0.0,0,0,0,0,,,0,0.0,periferico
ES_27063,27063,"Valadouro, O",17.15885803,1896.0,0,0,0.0,0.0,0,0.0,0,0,0,0,,,0,0.0,periferico
ES_27064,27064,"Vicedo, O",21.24403387,1613.0,0,0,0.0,0.0,0,0.0,0,0,0,0,,,0,0.0,periferico
ES_27065,27065,Vilalba,36.5027259,13900.0,0,0,0.0,0.0,0,0.0,0,0,0,0,,,0,0.0,periferico
ES_27066,27066,Viveiro,139.20830018,15211.0,0,0,0.0,0.0,0,0.0,0,0,0,0,,,0,0.0,periferico
ES_27902,27902,Burela,1217.26972644,9451.0,0,0,0.0,0.0,0,0.0,0,0,0,0,,,0,0.0,periferico
ES_28001,28001,"Acebeda, La",3.06353554,67.0,0,0,0.0,0.0,0,0.0,0,0,0,0,,,0,0.0,periferico
ES_28003,28003,Alameda del Valle,10.67516192,275.0,0,0,0.0,0.0,0,0.0,0,0,0,0,,,0,0.0,periferico
ES_28004,28004,"Álamo, El",469.0353871,10298.0,0,0,0.0,0.0,0,0.0,0,0,0,0,,,0,0.0,periferico
ES_28005,28005,Alcalá de Henares,2255.21635182,198348.0,0,0,0.0,0.0,0,0.0,0,0,0,0,,,0,0.0,periferico
ES_28006,28006,Alcobendas,2641.39346894,119471.0,0,0,0.0,0.0,0,0.0,0,0,0,0,,,0,0.0,periferico
ES_28009,28009,Algete,551.70692992,20936.0,0,0,0.0,0.0,0,0.0,0,0,0,0,,,0,0.0,periferico
ES_28010,28010,Alpedrete,1220.47889369,15452.0,0,0,0.0,0.0,0,0.0,0,0,0,0,,,0,0.0,periferico
ES_28011,28011,Ambite,26.74357446,690.0,0,0,0.0,0.0,0,0.0,0,0,0,0,,,0,0.0,periferico
ES_28013,28013,Aranjuez,321.72170963,60998.0,0,0,0.0,0.0,0,0.0,0,0,0,0,,,0,0.0,periferico
ES_28014,28014,Arganda del Rey,729.77231896,58623.0,0,0,0.0,0.0,0,0.0,0,0,0,0,,,0,0.0,periferico
ES_28015,28015,Arroyomolinos,1735.73328517,36102.0,0,0,0.0,0.0,0,0.0,0,0,0,0,,,0,0.0,periferico
ES_28016,28016,"Atazar, El",3.6554992,104.0,0,0,0.0,0.0,0,0.0,0,0,0,0,,,0,0.0,periferico
ES_28017,28017,Batres,87.9902406,1881.0,0,0,0.0,0.0,0,0.0,0,0,0,0,,,0,0.0,periferico
ES_28019,28019,Belmonte de Tajo,76.55958142,1842.0,0,0,0.0,0.0,0,0.0,0,0,0,0,,,0,0.0,periferico
ES_28020,28020,Berzosa del Lozoya,14.97587388,219.0,0,0,0.0,0.0,0,0.0,0,0,0,0,,,0,0.0,periferico
ES_28021,28021,"Berrueco, El",28.85056251,821.0,0,0,0.0,0.0,0,0.0,0,0,0,0,,,0,0.0,periferico
ES_28022,28022,Boadilla del Monte,1361.74879835,64635.0,0,0,0.0,0.0,0,0.0,0,0,0,0,,,0,0.0,periferico
ES_28024,28024,Braojos,8.50477997,212.0,0,0,0.0,0.0,0,0.0,0,0,0,0,,,0,0.0,periferico
ES_28025,28025,Brea de Tajo,12.27586744,549.0,0,0,0.0,0.0,0,0.0,0,0,0,0,,,0,0.0,periferico
ES_37230,37230,Parada de Arriba,14.52929904,259.0,0,0,0.0,0.0,0,0.0,0,0,0,0,,,0,0.0,periferico
ES_37232,37232,Paradinas de San Juan,11.05641933,394.0,0,0,0.0,0.0,0,0.0,0,0,0,0,,,0,0.0,periferico
ES_37233,37233,Pastores,4.25313648,54.0,0,0,0.0,0.0,0,0.0,0,0,0,0,,,0,0.0,periferico
ES_37234,37234,"Payo, El",5.30109036,328.0,0,0,0.0,0.0,0,0.0,0,0,0,0,,,0,0.0,periferico
ES_37235,37235,Pedraza de Alba,9.67173694,225.0,0,0,0.0,0.0,0,0.0,0,0,0,0,,,0,0.0,periferico
ES_37236,37236,Pedrosillo de Alba,6.44371086,124.0,0,0,0.0,0.0,0,0.0,0,0,0,0,,,0,0.0,periferico
ES_37237,37237,Pedrosillo de los Aires,4.48992806,316.0,0,0,0.0,0.0,0,0.0,0,0,0,0,,,0,0.0,periferico
ES_37238,37238,Pedrosillo el Ralo,15.78684118,128.0,0,0,0.0,0.0,0,0.0,0,0,0,0,,,0,0.0,periferico
ES_37239,37239,"Pedroso de la Armuña, El",10.3145235,209.0,0,0,0.0,0.0,0,0.0,0,0,0,0,,,0,0.0,periferico
ES_37240,37240,Pelabravo,56.90946556,1322.0,0,0,0.0,0.0,0,0.0,0,0,0,0,,,0,0.0,periferico
ES_37241,37241,Pelarrodríguez,11.05642513,162.0,0,0,0.0,0.0,0,0.0,0,0,0,0,,,0,0.0,periferico
ES_37242,37242,Pelayos,1.66664734,74.0,0,0,0.0,0.0,0,0.0,0,0,0,0,,,0,0.0,periferico
ES_37243,37243,"Peña, La",2.85907712,72.0,0,0,0.0,0.0,0,0.0,0,0,0,0,,,0,0.0,periferico
ES_37245,37245,Peñaparda,5.10843736,318.0,0,0,0.0,0.0,0,0.0,0,0,0,0,,,0,0.0,periferico
ES_37246,37246,Peñaranda de Bracamonte,265.44502354,6095.0,0,0,0.0,0.0,0,0.0,0,0,0,0,,,0,0.0,periferico
ES_37248,37248,Peralejos de Abajo,8.54217269,168.0,0,0,0.0,0.0,0,0.0,0,0,0,0,,,0,0.0,periferico
ES_37250,37250,Pereña de la Ribera,6.41339511,313.0,0,0,0.0,0.0,0,0.0,0,0,0,0,,,0,0.0,periferico
ES_37251,37251,Peromingo,13.89401761,122.0,0,0,0.0,0.0,0,0.0,0,0,0,0,,,0,0.0,periferico
ES_37252,37252,Pinedas,7.32277751,107.0,0,0,0.0,0.0,0,0.0,0,0,0,0,,,0,0.0,periferico
ES_37253,37253,"Pino de Tormes, El",7.66797021,155.0,0,0,0.0,0.0,0,0.0,0,0,0,0,,,0,0.0,periferico
ES_37254,37254,Pitiegua,9.31195324,184.0,0,0,0.0,0.0,0,0.0,0,0,0,0,,,0,0.0,periferico
ES_37255,37255,Pizarral,3.42253511,57.0,0,0,0.0,0.0,0,0.0,0,0,0,0,,,0,0.0,periferico
ES_37257,37257,Pozos de Hinojo,0.91549889,54.0,0,0,0.0,0.0,0,0.0,0,0,0,0,,,0,0.0,periferico
ES_37258,37258,Puebla de Azaba,5.58176272,145.0,0,0,0.0,0.0,0,0.0,0,0,0,0,,,0,0.0,periferico
ES_37260,37260,Puebla de Yeltes,3.8055004,142.0,0,0,0.0,0.0,0,0.0,0,0,0,0,,,0,0.0,periferico
ES_37261,37261,Puente del Congosto,6.58675854,224.0,0,0,0.0,0.0,0,0.0,0,0,0,0,,,0,0.0,periferico
ES_37262,37262,Puertas,1.0679553,67.0,0,0,0.0,0.0,0,0.0,0,0,0,0,,,0,0.0,periferico
ES_29015,29015,Antequera,55.19492904,41290.0,0,0,0.0,0.0,0,0.0,0,0,0,0,,,0,0.0,periferico
ES_29016,29016,Árchez,82.28799234,395.0,0,0,0.0,0.0,0,0.0,0,0,0,0,,,0,0.0,periferico
ES_29017,29017,Archidona,43.18012119,8042.0,0,0,0.0,0.0,0,0.0,0,0,0,0,,,0,0.0,periferico
ES_29019,29019,Arenas,49.67022823,1306.0,0,0,0.0,0.0,0,0.0,0,0,0,0,,,0,0.0,periferico
ES_29020,29020,Arriate,492.43410823,4075.0,0,0,0.0,0.0,0,0.0,0,0,0,0,,,0,0.0,periferico
ES_29021,29021,Atajate,18.34270759,200.0,0,0,0.0,0.0,0,0.0,0,0,0,0,,,0,0.0,periferico
ES_29022,29022,Benadalid,11.16628947,231.0,0,0,0.0,0.0,0,0.0,0,0,0,0,,,0,0.0,periferico
ES_29023,29023,Benahavís,64.15455135,9331.0,0,0,0.0,0.0,0,0.0,0,0,0,0,,,0,0.0,periferico
ES_29025,29025,Benalmádena,2839.20595749,76318.0,0,0,0.0,0.0,0,0.0,0,0,0,0,,,0,0.0,periferico
ES_29026,29026,Benamargosa,127.73786712,1551.0,0,0,0.0,0.0,0,0.0,0,0,0,0,,,0,0.0,periferico
ES_29027,29027,Benamocarra,537.26851713,3082.0,0,0,0.0,0.0,0,0.0,0,0,0,0,,,0,0.0,periferico
ES_29028,29028,Benaoján,45.05366071,1442.0,0,0,0.0,0.0,0,0.0,0,0,0,0,,,0,0.0,periferico
ES_29030,29030,"Borge, El",38.06992399,929.0,0,0,0.0,0.0,0,0.0,0,0,0,0,,,0,0.0,periferico
ES_29031,29031,"Burgo, El",15.00069617,1775.0,0,0,0.0,0.0,0,0.0,0,0,0,0,,,0,0.0,periferico
ES_29033,29033,Canillas de Aceituno,42.17005365,1774.0,0,0,0.0,0.0,0,0.0,0,0,0,0,,,0,0.0,periferico
ES_29035,29035,Cañete la Real,9.70741278,1604.0,0,0,0.0,0.0,0,0.0,0,0,0,0,,,0,0.0,periferico
ES_29036,29036,Carratraca,33.47412516,751.0,0,0,0.0,0.0,0,0.0,0,0,0,0,,,0,0.0,periferico
ES_29037,29037,Cartajima,10.85476223,233.0,0,0,0.0,0.0,0,0.0,0,0,0,0,,,0,0.0,periferico
ES_29038,29038,Cártama,269.54560363,28325.0,0,0,0.0,0.0,0,0.0,0,0,0,0,,,0,0.0,periferico
ES_29039,29039,Casabermeja,57.92699931,3915.0,0,0,0.0,0.0,0,0.0,0,0,0,0,,,0,0.0,periferico
ES_29041,29041,Casares,49.95392156,8111.0,0,0,0.0,0.0,0,0.0,0,0,0,0,,,0,0.0,periferico
ES_29042,29042,Coín,196.3222713,25010.0,0,0,0.0,0.0,0,0.0,0,0,0,0,,,0,0.0,periferico
ES_29043,29043,Colmenar,53.01692401,3498.0,0,0,0.0,0.0,0,0.0,0,0,0,0,,,0,0.0,periferico
ES_29044,29044,Comares,52.49590858,1339.0,0,0,0.0,0.0,0,0.0,0,0,0,0,,,0,0.0,periferico
ES_29045,29045,Cómpeta,66.11060612,3585.0,0,0,0.0,0.0,0,0.0,0,0,0,0,,,0,0.0,periferico
ES_29047,29047,Cuevas Bajas,81.24271322,1338.0,0,0,0.0,0.0,0,0.0,0,0,0,0,,,0,0.0,periferico
ES_29048,29048,Cuevas del Becerro,97.7922295,1594.0,0,0,0.0,0.0,0,0.0,0,0,0,0,,,0,0.0,periferico
ES_29049,29049,Cuevas de San Marcos,99.13370604,3661.0,0,0,0.0,0.0,0,0.0,0,0,0,0,,,0,0.0,periferico
ES_29050,29050,Cútar,30.92068816,600.0,0,0,0.0,0.0,0,0.0,0,0,0,0,,,0,0.0,periferico
ES_40082,40082,Fuente de Santa Cruz,5.96844134,105.0,0,0,0.0,0.0,0,0.0,0,0,0,0,,,0,0.0,periferico
ES_43048,43048,Corbera d'Ebre,19.16540642,1017.0,0,0,0.0,0.0,0,0.0,0,0,0,0,,,0,0.0,periferico
ES_43049,43049,Cornudella de Montsant,15.90558259,1002.0,0,0,0.0,0.0,0,0.0,0,0,0,0,,,0,0.0,periferico
ES_43053,43053,Duesaigües,16.61958307,226.0,0,0,0.0,0.0,0,0.0,0,0,0,0,,,0,0.0,periferico
ES_43054,43054,"Espluga de Francolí, L'",65.81761255,3758.0,0,0,0.0,0.0,0,0.0,0,0,0,0,,,0,0.0,periferico
ES_43056,43056,"Fatarella, La",15.33455974,873.0,0,0,0.0,0.0,0,0.0,0,0,0,0,,,0,0.0,periferico
ES_43057,43057,"Febró, La",2.36654182,38.0,0,0,0.0,0.0,0,0.0,0,0,0,0,,,0,0.0,periferico
ES_43058,43058,"Figuera, La",6.28014435,120.0,0,0,0.0,0.0,0,0.0,0,0,0,0,,,0,0.0,periferico
ES_43059,43059,Figuerola del Camp,15.0832933,338.0,0,0,0.0,0.0,0,0.0,0,0,0,0,,,0,0.0,periferico
ES_43062,43062,Freginals,23.93515419,416.0,0,0,0.0,0.0,0,0.0,0,0,0,0,,,0,0.0,periferico
ES_43063,43063,"Galera, La",25.99870049,714.0,0,0,0.0,0.0,0,0.0,0,0,0,0,,,0,0.0,periferico
ES_43064,43064,Gandesa,43.986637,3128.0,0,0,0.0,0.0,0,0.0,0,0,0,0,,,0,0.0,periferico
ES_43065,43065,Garcia,10.53122938,549.0,0,0,0.0,0.0,0,0.0,0,0,0,0,,,0,0.0,periferico
ES_43066,43066,"Garidells, Els",65.82035978,198.0,0,0,0.0,0.0,0,0.0,0,0,0,0,,,0,0.0,periferico
ES_43067,43067,Ginestar,50.27828522,780.0,0,0,0.0,0.0,0,0.0,0,0,0,0,,,0,0.0,periferico
ES_43068,43068,Godall,18.24665634,618.0,0,0,0.0,0.0,0,0.0,0,0,0,0,,,0,0.0,periferico
ES_43069,43069,Gratallops,17.6730924,236.0,0,0,0.0,0.0,0,0.0,0,0,0,0,,,0,0.0,periferico
ES_43072,43072,"Lloar, El",16.14013715,107.0,0,0,0.0,0.0,0,0.0,0,0,0,0,,,0,0.0,periferico
ES_43073,43073,Llorac,4.19285089,97.0,0,0,0.0,0.0,0,0.0,0,0,0,0,,,0,0.0,periferico
ES_43074,43074,Llorenç del Penedès,409.74845498,2386.0,0,0,0.0,0.0,0,0.0,0,0,0,0,,,0,0.0,periferico
ES_43075,43075,Margalef,3.10283897,108.0,0,0,0.0,0.0,0,0.0,0,0,0,0,,,0,0.0,periferico
ES_43076,43076,Marçà,36.9128769,594.0,0,0,0.0,0.0,0,0.0,0,0,0,0,,,0,0.0,periferico
ES_43077,43077,Mas de Barberans,6.87927806,545.0,0,0,0.0,0.0,0,0.0,0,0,0,0,,,0,0.0,periferico
ES_43078,43078,Masdenverge,77.33704502,1133.0,0,0,0.0,0.0,0,0.0,0,0,0,0,,,0,0.0,periferico
ES_43079,43079,Masllorenç,87.60407444,574.0,0,0,0.0,0.0,0,0.0,0,0,0,0,,,0,0.0,periferico
ES_43080,43080,"Masó, La",85.79027039,297.0,0,0,0.0,0.0,0,0.0,0,0,0,0,,,0,0.0,periferico
ES_43082,43082,"Masroig, El",29.88249996,467.0,0,0,0.0,0.0,0,0.0,0,0,0,0,,,0,0.0,periferico
ES_43085,43085,"Molar, El",13.4666719,308.0,0,0,0.0,0.0,0,0.0,0,0,0,0,,,0,0.0,periferico
ES_43086,43086,Montblanc,81.57851272,7464.0,0,0,0.0,0.0,0,0.0,0,0,0,0,,,0,0.0,periferico
ES_43088,43088,Montbrió del Camp,293.56647979,3096.0,0,0,0.0,0.0,0,0.0,0,0,0,0,,,0,0.0,periferico
ES_43089,43089,Montferri,22.56606472,437.0,0,0,0.0,0.0,0,0.0,0,0,0,0,,,0,0.0,periferico
ES_43090,43090,"Montmell, El",26.06797405,1891.0,0,0,0.0,0.0,0,0.0,0,0,0,0,,,0,0.0,periferico
ES_43091,43091,Mont-ral,5.32133653,184.0,0,0,0.0,0.0,0,0.0,0,0,0,0,,,0,0.0,periferico
ES_43093,43093,Móra d'Ebre,125.19732186,5656.0,0,0,0.0,0.0,0,0.0,0,0,0,0,,,0,0.0,periferico
ES_43094,43094,Móra la Nova,205.74417185,3253.0,0,0,0.0,0.0,0,0.0,0,0,0,0,,,0,0.0,periferico
ES_43096,43096,"Morera de Montsant, La",2.98841626,159.0,0,0,0.0,0.0,0,0.0,0,0,0,0,,,0,0.0,periferico
ES_43097,43097,"Nou de Gaià, La",146.36741952,629.0,0,0,0.0,0.0,0,0.0,0,0,0,0,,,0,0.0,periferico
ES_43098,43098,Nulles,51.09029391,546.0,0,0,0.0,0.0,0,0.0,0,0,0,0,,,0,0.0,periferico
ES_43099,43099,"Palma d'Ebre, La",8.94111155,340.0,0,0,0.0,0.0,0,0.0,0,0,0,0,,,0,0.0,periferico
ES_43100,43100,"Pallaresos, Els",987.33549119,4967.0,0,0,0.0,0.0,0,0.0,0,0,0,0,,,0,0.0,periferico
ES_43101,43101,Passanant i Belltall,6.4935841,179.0,0,0,0.0,0.0,0,0.0,0,0,0,0,,,0,0.0,periferico
ES_43102,43102,Paüls,12.84672534,558.0,0,0,0.0,0.0,0,0.0,0,0,0,0,,,0,0.0,periferico
ES_43103,43103,Perafort,133.70474003,1294.0,0,0,0.0,0.0,0,0.0,0,0,0,0,,,0,0.0,periferico
ES_43105,43105,"Piles, Les",10.17552641,230.0,0,0,0.0,0.0,0,0.0,0,0,0,0,,,0,0.0,periferico
ES_43107,43107,Pira,62.94964554,510.0,0,0,0.0,0.0,0,0.0,0,0,0,0,,,0,0.0,periferico
ES_43108,43108,"Pla de Santa Maria, El",67.77223851,2389.0,0,0,0.0,0.0,0,0.0,0,0,0,0,,,0,0.0,periferico
ES_43109,43109,"Pobla de Mafumet, La",668.60108814,4087.0,0,0,0.0,0.0,0,0.0,0,0,0,0,,,0,0.0,periferico
ES_43110,43110,"Pobla de Massaluca, La",7.83325325,338.0,0,0,0.0,0.0,0,0.0,0,0,0,0,,,0,0.0,periferico
ES_43111,43111,"Pobla de Montornès, La",263.84895212,3235.0,0,0,0.0,0.0,0,0.0,0,0,0,0,,,0,0.0,periferico
ES_43112,43112,Poboleda,23.91869597,330.0,0,0,0.0,0.0,0,0.0,0,0,0,0,,,0,0.0,periferico
ES_43115,43115,Pradell de la Teixeta,7.8728428,173.0,0,0,0.0,0.0,0,0.0,0,0,0,0,,,0,0.0,periferico
ES_43116,43116,Prades,20.41715446,665.0,0,0,0.0,0.0,0,0.0,0,0,0,0,,,0,0.0,periferico
ES_43117,43117,Prat de Comte,7.15529038,189.0,0,0,0.0,0.0,0,0.0,0,0,0,0,,,0,0.0,periferico
ES_43118,43118,Pratdip,20.16591984,728.0,0,0,0.0,0.0,0,0.0,0,0,0,0,,,0,0.0,periferico
ES_43120,43120,Querol,8.15920807,589.0,0,0,0.0,0.0,0,0.0,0,0,0,0,,,0,0.0,periferico
ES_43121,43121,Rasquera,16.01456162,815.0,0,0,0.0,0.0,0,0.0,0,0,0,0,,,0,0.0,periferico
ES_43122,43122,Renau,19.24186564,160.0,0,0,0.0,0.0,0,0.0,0,0,0,0,,,0,0.0,periferico
ES_43123,43123,Reus,2055.67913894,108535.0,0,0,0.0,0.0,0,0.0,0,0,0,0,,,0,0.0,periferico
ES_28026,28026,Brunete,223.47248436,10992.0,0,0,0.0,0.0,0,0.0,0,0,0,0,,,0,0.0,periferico
ES_28028,28028,Bustarviejo,48.93796962,2752.0,0,0,0.0,0.0,0,0.0,0,0,0,0,,,0,0.0,periferico
ES_28029,28029,Cabanillas de la Sierra,67.83038988,937.0,0,0,0.0,0.0,0,0.0,0,0,0,0,,,0,0.0,periferico
ES_28030,28030,"Cabrera, La",130.79109728,2898.0,0,0,0.0,0.0,0,0.0,0,0,0,0,,,0,0.0,periferico
ES_28031,28031,Cadalso de los Vidrios,67.24174935,3218.0,0,0,0.0,0.0,0,0.0,0,0,0,0,,,0,0.0,periferico
ES_28033,28033,Campo Real,108.52745797,6711.0,0,0,0.0,0.0,0,0.0,0,0,0,0,,,0,0.0,periferico
ES_28034,28034,Canencia,8.56039081,464.0,0,0,0.0,0.0,0,0.0,0,0,0,0,,,0,0.0,periferico
ES_28035,28035,Carabaña,47.96589757,2286.0,0,0,0.0,0.0,0,0.0,0,0,0,0,,,0,0.0,periferico
ES_28036,28036,Casarrubuelos,767.44556213,4099.0,0,0,0.0,0.0,0,0.0,0,0,0,0,,,0,0.0,periferico
ES_28037,28037,Cenicientos,30.54304536,2088.0,0,0,0.0,0.0,0,0.0,0,0,0,0,,,0,0.0,periferico
ES_28038,28038,Cercedilla,214.10241086,7652.0,0,0,0.0,0.0,0,0.0,0,0,0,0,,,0,0.0,periferico
ES_28039,28039,Cervera de Buitrago,14.20230766,164.0,0,0,0.0,0.0,0,0.0,0,0,0,0,,,0,0.0,periferico
ES_28041,28041,Cobeña,370.38642786,7702.0,0,0,0.0,0.0,0,0.0,0,0,0,0,,,0,0.0,periferico
ES_28042,28042,Colmenar del Arroyo,39.66842346,1954.0,0,0,0.0,0.0,0,0.0,0,0,0,0,,,0,0.0,periferico
ES_28043,28043,Colmenar de Oreja,69.22896652,8750.0,0,0,0.0,0.0,0,0.0,0,0,0,0,,,0,0.0,periferico
ES_28045,28045,Colmenar Viejo,301.11591519,55100.0,0,0,0.0,0.0,0,0.0,0,0,0,0,,,0,0.0,periferico
ES_28047,28047,Collado Villalba,2629.18449195,66260.0,0,0,0.0,0.0,0,0.0,0,0,0,0,,,0,0.0,periferico
ES_28048,28048,Corpa,30.59317068,796.0,0,0,0.0,0.0,0,0.0,0,0,0,0,,,0,0.0,periferico
ES_28049,28049,Coslada,6662.89681684,80146.0,0,0,0.0,0.0,0,0.0,0,0,0,0,,,0,0.0,periferico
ES_28050,28050,Cubas de la Sagra,526.47573009,6807.0,0,0,0.0,0.0,0,0.0,0,0,0,0,,,0,0.0,periferico
ES_28051,28051,Chapinería,101.52035909,2598.0,0,0,0.0,0.0,0,0.0,0,0,0,0,,,0,0.0,periferico
ES_28053,28053,Daganzo de Arriba,243.93238752,10601.0,0,0,0.0,0.0,0,0.0,0,0,0,0,,,0,0.0,periferico
ES_28055,28055,Estremera,18.32003713,1449.0,0,0,0.0,0.0,0,0.0,0,0,0,0,,,0,0.0,periferico
ES_28056,28056,Fresnedillas de la Oliva,63.36806402,1799.0,0,0,0.0,0.0,0,0.0,0,0,0,0,,,0,0.0,periferico
ES_43149,43149,Tivenys,17.08197347,914.0,0,0,0.0,0.0,0,0.0,0,0,0,0,,,0,0.0,periferico
ES_43150,43150,Tivissa,7.80043722,1633.0,0,0,0.0,0.0,0,0.0,0,0,0,0,,,0,0.0,periferico
ES_43151,43151,"Torre de Fontaubella, La",16.6369931,119.0,0,0,0.0,0.0,0,0.0,0,0,0,0,,,0,0.0,periferico
ES_43152,43152,"Torre de l'Espanyol, La",22.34078734,621.0,0,0,0.0,0.0,0,0.0,0,0,0,0,,,0,0.0,periferico
ES_43153,43153,Torredembarra,2022.81583523,17614.0,0,0,0.0,0.0,0,0.0,0,0,0,0,,,0,0.0,periferico
ES_43154,43154,Torroja del Priorat,10.51056176,139.0,0,0,0.0,0.0,0,0.0,0,0,0,0,,,0,0.0,periferico
ES_43156,43156,Ulldecona,51.26219908,6500.0,0,0,0.0,0.0,0,0.0,0,0,0,0,,,0,0.0,periferico
ES_43157,43157,Ulldemolins,11.01666783,419.0,0,0,0.0,0.0,0,0.0,0,0,0,0,,,0,0.0,periferico
ES_43158,43158,Vallclara,7.06761901,95.0,0,0,0.0,0.0,0,0.0,0,0,0,0,,,0,0.0,periferico
ES_43159,43159,Vallfogona de Riucorb,8.49813919,93.0,0,0,0.0,0.0,0,0.0,0,0,0,0,,,0,0.0,periferico
ES_43160,43160,Vallmoll,117.14033982,1941.0,0,0,0.0,0.0,0,0.0,0,0,0,0,,,0,0.0,periferico
ES_43161,43161,Valls,449.30017115,24954.0,0,0,0.0,0.0,0,0.0,0,0,0,0,,,0,0.0,periferico
ES_43162,43162,Vandellòs i l'Hospitalet de l',67.957613,6976.0,0,0,0.0,0.0,0,0.0,0,0,0,0,,,0,0.0,periferico
ES_43163,43163,"Vendrell, El",1085.10414291,39685.0,0,0,0.0,0.0,0,0.0,0,0,0,0,,,0,0.0,periferico
ES_43164,43164,Vespella de Gaià,27.33969188,495.0,0,0,0.0,0.0,0,0.0,0,0,0,0,,,0,0.0,periferico
ES_43165,43165,Vilabella,40.05418444,729.0,0,0,0.0,0.0,0,0.0,0,0,0,0,,,0,0.0,periferico
ES_43167,43167,Vilanova d'Escornalbou,34.39571885,595.0,0,0,0.0,0.0,0,0.0,0,0,0,0,,,0,0.0,periferico
ES_43169,43169,Vilaplana,24.05855517,557.0,0,0,0.0,0.0,0,0.0,0,0,0,0,,,0,0.0,periferico
ES_43170,43170,Vila-rodona,41.30119571,1365.0,0,0,0.0,0.0,0,0.0,0,0,0,0,,,0,0.0,periferico
ES_43171,43171,Vila-seca,1073.61484259,23459.0,0,0,0.0,0.0,0,0.0,0,0,0,0,,,0,0.0,periferico
ES_43173,43173,"Vilella Alta, La",24.88458325,130.0,0,0,0.0,0.0,0,0.0,0,0,0,0,,,0,0.0,periferico
ES_43174,43174,"Vilella Baixa, La",36.85148104,201.0,0,0,0.0,0.0,0,0.0,0,0,0,0,,,0,0.0,periferico
ES_43175,43175,Vilalba dels Arcs,9.31817966,626.0,0,0,0.0,0.0,0,0.0,0,0,0,0,,,0,0.0,periferico
ES_43176,43176,Vimbodí i Poblet,13.81772296,905.0,0,0,0.0,0.0,0,0.0,0,0,0,0,,,0,0.0,periferico
ES_43901,43901,Deltebre,114.34935914,11834.0,0,0,0.0,0.0,0,0.0,0,0,0,0,,,0,0.0,periferico
ES_43902,43902,Sant Jaume d'Enveja,57.31144241,3641.0,0,0,0.0,0.0,0,0.0,0,0,0,0,,,0,0.0,periferico
ES_43903,43903,Camarles,112.97081848,3365.0,0,0,0.0,0.0,0,0.0,0,0,0,0,,,0,0.0,periferico
ES_43904,43904,"Aldea, L'",148.72233009,4487.0,0,0,0.0,0.0,0,0.0,0,0,0,0,,,0,0.0,periferico
ES_43905,43905,Salou,1994.44565017,30087.0,0,0,0.0,0.0,0,0.0,0,0,0,0,,,0,0.0,periferico
ES_43906,43906,"Ampolla, L'",101.76035966,3631.0,0,0,0.0,0.0,0,0.0,0,0,0,0,,,0,0.0,periferico
ES_43907,43907,"Canonja, La",819.51450683,5925.0,0,0,0.0,0.0,0,0.0,0,0,0,0,,,0,0.0,periferico
ES_44001,44001,Ababuj,1.28778025,70.0,0,0,0.0,0.0,0,0.0,0,0,0,0,,,0,0.0,periferico
ES_44002,44002,Abejuela,0.63447267,55.0,0,0,0.0,0.0,0,0.0,0,0,0,0,,,0,0.0,periferico
ES_44004,44004,Aguaviva,13.40566153,565.0,0,0,0.0,0.0,0,0.0,0,0,0,0,,,0,0.0,periferico
ES_44006,44006,Alacón,4.46668346,212.0,0,0,0.0,0.0,0,0.0,0,0,0,0,,,0,0.0,periferico
ES_44007,44007,Alba,2.57541703,179.0,0,0,0.0,0.0,0,0.0,0,0,0,0,,,0,0.0,periferico
ES_47174,47174,Trigueros del Valle,8.53545847,323.0,0,0,0.0,0.0,0,0.0,0,0,0,0,,,0,0.0,periferico
ES_47175,47175,Tudela de Duero,145.89963584,8826.0,0,0,0.0,0.0,0,0.0,0,0,0,0,,,0,0.0,periferico
ES_47176,47176,"Unión de Campos, La",5.92104476,213.0,0,0,0.0,0.0,0,0.0,0,0,0,0,,,0,0.0,periferico
ES_47177,47177,Urones de Castroponce,5.13609819,96.0,0,0,0.0,0.0,0,0.0,0,0,0,0,,,0,0.0,periferico
ES_47178,47178,Urueña,4.51285727,199.0,0,0,0.0,0.0,0,0.0,0,0,0,0,,,0,0.0,periferico
ES_47180,47180,Valdearcos de la Vega,4.97846323,73.0,0,0,0.0,0.0,0,0.0,0,0,0,0,,,0,0.0,periferico
ES_47182,47182,Valdestillas,44.09219771,1600.0,0,0,0.0,0.0,0,0.0,0,0,0,0,,,0,0.0,periferico
ES_47184,47184,Valoria la Buena,16.32150656,707.0,0,0,0.0,0.0,0,0.0,0,0,0,0,,,0,0.0,periferico
ES_47185,47185,Valverde de Campos,4.88775521,104.0,0,0,0.0,0.0,0,0.0,0,0,0,0,,,0,0.0,periferico
ES_47186,47186,Valladolid,1504.99484248,297129.0,0,0,0.0,0.0,0,0.0,0,0,0,0,,,0,0.0,periferico
ES_47187,47187,Vega de Ruiponce,2.55035175,80.0,0,0,0.0,0.0,0,0.0,0,0,0,0,,,0,0.0,periferico
ES_47188,47188,Vega de Valdetronco,5.20260257,91.0,0,0,0.0,0.0,0,0.0,0,0,0,0,,,0,0.0,periferico
ES_47189,47189,Velascálvaro,7.16235838,165.0,0,0,0.0,0.0,0,0.0,0,0,0,0,,,0,0.0,periferico
ES_47190,47190,Velilla,5.61364304,112.0,0,0,0.0,0.0,0,0.0,0,0,0,0,,,0,0.0,periferico
ES_47191,47191,Velliza,5.56635343,126.0,0,0,0.0,0.0,0,0.0,0,0,0,0,,,0,0.0,periferico
ES_47194,47194,Viloria,31.39721555,355.0,0,0,0.0,0.0,0,0.0,0,0,0,0,,,0,0.0,periferico
ES_47195,47195,Villabáñez,9.91364099,506.0,0,0,0.0,0.0,0,0.0,0,0,0,0,,,0,0.0,periferico
ES_47196,47196,Villabaruz de Campos,1.70871178,29.0,0,0,0.0,0.0,0,0.0,0,0,0,0,,,0,0.0,periferico
ES_47197,47197,Villabrágima,15.51445055,1041.0,0,0,0.0,0.0,0,0.0,0,0,0,0,,,0,0.0,periferico
ES_47198,47198,Villacarralón,3.72745761,65.0,0,0,0.0,0.0,0,0.0,0,0,0,0,,,0,0.0,periferico
ES_47199,47199,Villacid de Campos,3.27995198,79.0,0,0,0.0,0.0,0,0.0,0,0,0,0,,,0,0.0,periferico
ES_47200,47200,Villaco,4.6453999,74.0,0,0,0.0,0.0,0,0.0,0,0,0,0,,,0,0.0,periferico
ES_47203,47203,Villafrades de Campos,3.04307642,63.0,0,0,0.0,0.0,0,0.0,0,0,0,0,,,0,0.0,periferico
ES_47204,47204,Villafranca de Duero,22.4305738,233.0,0,0,0.0,0.0,0,0.0,0,0,0,0,,,0,0.0,periferico
ES_47205,47205,Villafrechós,7.62034753,461.0,0,0,0.0,0.0,0,0.0,0,0,0,0,,,0,0.0,periferico
ES_47208,47208,Villagómez la Nueva,4.48294808,55.0,0,0,0.0,0.0,0,0.0,0,0,0,0,,,0,0.0,periferico
ES_47209,47209,Villalán de Campos,1.68775564,31.0,0,0,0.0,0.0,0,0.0,0,0,0,0,,,0,0.0,periferico
ES_47210,47210,Villalar de los Comuneros,11.34425283,485.0,0,0,0.0,0.0,0,0.0,0,0,0,0,,,0,0.0,periferico
ES_47211,47211,Villalba de la Loma,4.37894646,62.0,0,0,0.0,0.0,0,0.0,0,0,0,0,,,0,0.0,periferico
ES_47212,47212,Villalba de los Alcores,3.99341632,402.0,0,0,0.0,0.0,0,0.0,0,0,0,0,,,0,0.0,periferico
ES_47213,47213,Villalbarba,4.92059166,108.0,0,0,0.0,0.0,0,0.0,0,0,0,0,,,0,0.0,periferico
ES_47214,47214,Villalón de Campos,21.89089324,1532.0,0,0,0.0,0.0,0,0.0,0,0,0,0,,,0,0.0,periferico
ES_47215,47215,Villamuriel de Campos,2.96106043,54.0,0,0,0.0,0.0,0,0.0,0,0,0,0,,,0,0.0,periferico
ES_47217,47217,Villanubla,63.7477512,2908.0,0,0,0.0,0.0,0,0.0,0,0,0,0,,,0,0.0,periferico
ES_47218,47218,Villanueva de Duero,33.19911879,1237.0,0,0,0.0,0.0,0,0.0,0,0,0,0,,,0,0.0,periferico
ES_47219,47219,Villanueva de la Condesa,5.08287172,58.0,0,0,0.0,0.0,0,0.0,0,0,0,0,,,0,0.0,periferico
ES_47221,47221,Villanueva de los Infantes,5.53054699,106.0,0,0,0.0,0.0,0,0.0,0,0,0,0,,,0,0.0,periferico
ES_37264,37264,Puerto Seguro,2.31561204,68.0,0,0,0.0,0.0,0,0.0,0,0,0,0,,,0,0.0,periferico
ES_37265,37265,Rágama,6.41250247,203.0,0,0,0.0,0.0,0,0.0,0,0,0,0,,,0,0.0,periferico
ES_37266,37266,"Redonda, La",3.84297861,64.0,0,0,0.0,0.0,0,0.0,0,0,0,0,,,0,0.0,periferico
ES_37267,37267,Retortillo,2.6951531,174.0,0,0,0.0,0.0,0,0.0,0,0,0,0,,,0,0.0,periferico
ES_37268,37268,"Rinconada de la Sierra, La",8.20264731,107.0,0,0,0.0,0.0,0,0.0,0,0,0,0,,,0,0.0,periferico
ES_37270,37270,Robliza de Cojos,8.74810339,191.0,0,0,0.0,0.0,0,0.0,0,0,0,0,,,0,0.0,periferico
ES_37271,37271,Rollán,14.93901854,343.0,0,0,0.0,0.0,0,0.0,0,0,0,0,,,0,0.0,periferico
ES_37272,37272,Saelices el Chico,3.79767111,173.0,0,0,0.0,0.0,0,0.0,0,0,0,0,,,0,0.0,periferico
ES_37273,37273,"Sagrada, La",2.08338028,85.0,0,0,0.0,0.0,0,0.0,0,0,0,0,,,0,0.0,periferico
ES_37274,37274,Salamanca,3655.30008024,143666.0,0,0,0.0,0.0,0,0.0,0,0,0,0,,,0,0.0,periferico
ES_37275,37275,Saldeana,5.07232415,105.0,0,0,0.0,0.0,0,0.0,0,0,0,0,,,0,0.0,periferico
ES_37277,37277,Salvatierra de Tormes,2.2487634,78.0,0,0,0.0,0.0,0,0.0,0,0,0,0,,,0,0.0,periferico
ES_37280,37280,Sanchón de la Ribera,2.42484131,71.0,0,0,0.0,0.0,0,0.0,0,0,0,0,,,0,0.0,periferico
ES_37281,37281,Sanchón de la Sagrada,2.38832296,36.0,0,0,0.0,0.0,0,0.0,0,0,0,0,,,0,0.0,periferico
ES_37282,37282,Sanchotello,15.95611818,224.0,0,0,0.0,0.0,0,0.0,0,0,0,0,,,0,0.0,periferico
ES_37283,37283,Sando,1.94713707,118.0,0,0,0.0,0.0,0,0.0,0,0,0,0,,,0,0.0,periferico
ES_37284,37284,San Esteban de la Sierra,17.80296727,371.0,0,0,0.0,0.0,0,0.0,0,0,0,0,,,0,0.0,periferico
ES_37285,37285,San Felices de los Gallegos,4.35796146,355.0,0,0,0.0,0.0,0,0.0,0,0,0,0,,,0,0.0,periferico
ES_37287,37287,San Miguel de Valero,11.12926122,318.0,0,0,0.0,0.0,0,0.0,0,0,0,0,,,0,0.0,periferico
ES_37288,37288,San Morales,71.66106357,354.0,0,0,0.0,0.0,0,0.0,0,0,0,0,,,0,0.0,periferico
ES_37289,37289,San Muñoz,3.96960017,214.0,0,0,0.0,0.0,0,0.0,0,0,0,0,,,0,0.0,periferico
ES_37290,37290,San Pedro del Valle,9.52195912,149.0,0,0,0.0,0.0,0,0.0,0,0,0,0,,,0,0.0,periferico
ES_37291,37291,San Pedro de Rozados,2.7199191,278.0,0,0,0.0,0.0,0,0.0,0,0,0,0,,,0,0.0,periferico
ES_37292,37292,San Pelayo de Guareña,3.35740927,93.0,0,0,0.0,0.0,0,0.0,0,0,0,0,,,0,0.0,periferico
ES_37294,37294,Santa Marta de Tormes,1467.09406065,14657.0,0,0,0.0,0.0,0,0.0,0,0,0,0,,,0,0.0,periferico
ES_37296,37296,Santiago de la Puebla,5.43749667,290.0,0,0,0.0,0.0,0,0.0,0,0,0,0,,,0,0.0,periferico
ES_37297,37297,Santibáñez de Béjar,15.12900832,451.0,0,0,0.0,0.0,0,0.0,0,0,0,0,,,0,0.0,periferico
ES_37298,37298,Santibáñez de la Sierra,11.47364584,156.0,0,0,0.0,0.0,0,0.0,0,0,0,0,,,0,0.0,periferico
ES_37299,37299,Santiz,9.13233339,247.0,0,0,0.0,0.0,0,0.0,0,0,0,0,,,0,0.0,periferico
ES_37300,37300,"Santos, Los",13.38230114,593.0,0,0,0.0,0.0,0,0.0,0,0,0,0,,,0,0.0,periferico
ES_37302,37302,Saucelle,5.54716842,255.0,0,0,0.0,0.0,0,0.0,0,0,0,0,,,0,0.0,periferico
ES_37303,37303,"Sahugo, El",3.00115362,177.0,0,0,0.0,0.0,0,0.0,0,0,0,0,,,0,0.0,periferico
ES_37304,37304,Sepulcro-Hilario,4.05098178,162.0,0,0,0.0,0.0,0,0.0,0,0,0,0,,,0,0.0,periferico
ES_37305,37305,Sequeros,34.34961818,215.0,0,0,0.0,0.0,0,0.0,0,0,0,0,,,0,0.0,periferico
ES_37307,37307,Serradilla del Llano,2.14800444,145.0,0,0,0.0,0.0,0,0.0,0,0,0,0,,,0,0.0,periferico
ES_37309,37309,"Sierpe, La",2.89616977,43.0,0,0,0.0,0.0,0,0.0,0,0,0,0,,,0,0.0,periferico
ES_37310,37310,Sieteiglesias de Tormes,12.3873388,177.0,0,0,0.0,0.0,0,0.0,0,0,0,0,,,0,0.0,periferico
ES_37311,37311,Sobradillo,3.40325822,182.0,0,0,0.0,0.0,0,0.0,0,0,0,0,,,0,0.0,periferico
ES_37313,37313,Sotoserrano,9.24031908,530.0,0,0,0.0,0.0,0,0.0,0,0,0,0,,,0,0.0,periferico
ES_37314,37314,Tabera de Abajo,1.59917633,102.0,0,0,0.0,0.0,0,0.0,0,0,0,0,,,0,0.0,periferico
ES_37316,37316,Tamames,13.08539996,794.0,0,0,0.0,0.0,0,0.0,0,0,0,0,,,0,0.0,periferico
ES_37317,37317,Tarazona de Guareña,9.33509362,273.0,0,0,0.0,0.0,0,0.0,0,0,0,0,,,0,0.0,periferico
ES_37318,37318,Tardáguila,7.76832596,192.0,0,0,0.0,0.0,0,0.0,0,0,0,0,,,0,0.0,periferico
ES_37319,37319,"Tejado, El",4.29160669,91.0,0,0,0.0,0.0,0,0.0,0,0,0,0,,,0,0.0,periferico
ES_37320,37320,Tejeda y Segoyuela,2.15293885,95.0,0,0,0.0,0.0,0,0.0,0,0,0,0,,,0,0.0,periferico
ES_37321,37321,Tenebrón,3.36901419,135.0,0,0,0.0,0.0,0,0.0,0,0,0,0,,,0,0.0,periferico
ES_37322,37322,Terradillos,93.74544234,3109.0,0,0,0.0,0.0,0,0.0,0,0,0,0,,,0,0.0,periferico
ES_37323,37323,Topas,4.55871136,512.0,0,0,0.0,0.0,0,0.0,0,0,0,0,,,0,0.0,periferico
ES_37324,37324,Tordillos,12.94469237,325.0,0,0,0.0,0.0,0,0.0,0,0,0,0,,,0,0.0,periferico
ES_37327,37327,Torresmenudas,15.56362731,185.0,0,0,0.0,0.0,0,0.0,0,0,0,0,,,0,0.0,periferico
ES_24222,24222,Villaquilambre,357.02960455,18801.0,0,0,0.0,0.0,0,0.0,0,0,0,0,,,0,0.0,periferico
ES_24223,24223,Villarejo de Órbigo,80.12834789,2903.0,0,0,0.0,0.0,0,0.0,0,0,0,0,,,0,0.0,periferico
ES_24224,24224,Villares de Órbigo,21.98892441,568.0,0,0,0.0,0.0,0,0.0,0,0,0,0,,,0,0.0,periferico
ES_24225,24225,Villasabariego,18.73601985,1121.0,0,0,0.0,0.0,0,0.0,0,0,0,0,,,0,0.0,periferico
ES_24227,24227,Villaturiel,33.0230904,1883.0,0,0,0.0,0.0,0,0.0,0,0,0,0,,,0,0.0,periferico
ES_24228,24228,Villazala,13.47365406,612.0,0,0,0.0,0.0,0,0.0,0,0,0,0,,,0,0.0,periferico
ES_24229,24229,Villazanzo de Valderaduey,2.60611757,380.0,0,0,0.0,0.0,0,0.0,0,0,0,0,,,0,0.0,periferico
ES_24230,24230,Zotes del Páramo,7.57268184,408.0,0,0,0.0,0.0,0,0.0,0,0,0,0,,,0,0.0,periferico
ES_24901,24901,Villamanín,5.10860254,899.0,0,0,0.0,0.0,0,0.0,0,0,0,0,,,0,0.0,periferico
ES_24902,24902,Villaornate y Castro,7.31156811,353.0,0,0,0.0,0.0,0,0.0,0,0,0,0,,,0,0.0,periferico
ES_25003,25003,Agramunt,69.35938215,5505.0,0,0,0.0,0.0,0,0.0,0,0,0,0,,,0,0.0,periferico
ES_25004,25004,"Alamús, Els",38.75343753,792.0,0,0,0.0,0.0,0,0.0,0,0,0,0,,,0,0.0,periferico
ES_25005,25005,Alàs i Cerc,5.64189392,325.0,0,0,0.0,0.0,0,0.0,0,0,0,0,,,0,0.0,periferico
ES_43125,43125,Riba-roja d'Ebre,11.54027098,1146.0,0,0,0.0,0.0,0,0.0,0,0,0,0,,,0,0.0,periferico
ES_43126,43126,"Riera de Gaià, La",203.01181296,1779.0,0,0,0.0,0.0,0,0.0,0,0,0,0,,,0,0.0,periferico
ES_43127,43127,Riudecanyes,79.52660226,1354.0,0,0,0.0,0.0,0,0.0,0,0,0,0,,,0,0.0,periferico
ES_43129,43129,Riudoms,212.99181994,6900.0,0,0,0.0,0.0,0,0.0,0,0,0,0,,,0,0.0,periferico
ES_43130,43130,Rocafort de Queralt,28.81284163,243.0,0,0,0.0,0.0,0,0.0,0,0,0,0,,,0,0.0,periferico
ES_43131,43131,Roda de Berà,477.94003284,7807.0,0,0,0.0,0.0,0,0.0,0,0,0,0,,,0,0.0,periferico
ES_43132,43132,Rodonyà,63.32279204,527.0,0,0,0.0,0.0,0,0.0,0,0,0,0,,,0,0.0,periferico
ES_43133,43133,Roquetes,60.44639871,8298.0,0,0,0.0,0.0,0,0.0,0,0,0,0,,,0,0.0,periferico
ES_43135,43135,Salomó,44.70882105,550.0,0,0,0.0,0.0,0,0.0,0,0,0,0,,,0,0.0,periferico
ES_43137,43137,Sant Jaume dels Domenys,119.87387489,2781.0,0,0,0.0,0.0,0,0.0,0,0,0,0,,,0,0.0,periferico
ES_43140,43140,Santa Oliva,388.39129668,3671.0,0,0,0.0,0.0,0,0.0,0,0,0,0,,,0,0.0,periferico
ES_43141,43141,Pontils,1.91088868,129.0,0,0,0.0,0.0,0,0.0,0,0,0,0,,,0,0.0,periferico
ES_43142,43142,Sarral,30.724739,1605.0,0,0,0.0,0.0,0,0.0,0,0,0,0,,,0,0.0,periferico
ES_43143,43143,Savallà del Comtat,3.61461317,53.0,0,0,0.0,0.0,0,0.0,0,0,0,0,,,0,0.0,periferico
ES_43144,43144,"Secuita, La",100.30279034,1788.0,0,0,0.0,0.0,0,0.0,0,0,0,0,,,0,0.0,periferico
ES_43145,43145,"Selva del Camp, La",163.05444843,5745.0,0,0,0.0,0.0,0,0.0,0,0,0,0,,,0,0.0,periferico
ES_43146,43146,Senan,3.70346541,44.0,0,0,0.0,0.0,0,0.0,0,0,0,0,,,0,0.0,periferico
ES_43148,43148,Tarragona,2469.38054747,138326.0,0,0,0.0,0.0,0,0.0,0,0,0,0,,,0,0.0,periferico
ES_46001,46001,Ademuz,9.91190701,994.0,0,0,0.0,0.0,0,0.0,0,0,0,0,,,0,0.0,periferico
ES_46002,46002,Ador,123.92705706,1715.0,0,0,0.0,0.0,0,0.0,0,0,0,0,,,0,0.0,periferico
ES_46003,46003,Atzeneta d'Albaida,192.35389178,1163.0,0,0,0.0,0.0,0,0.0,0,0,0,0,,,0,0.0,periferico
ES_46004,46004,Agullent,147.66100195,2398.0,0,0,0.0,0.0,0,0.0,0,0,0,0,,,0,0.0,periferico
ES_46005,46005,Alaquàs,7717.39077079,29997.0,0,0,0.0,0.0,0,0.0,0,0,0,0,,,0,0.0,periferico
ES_46006,46006,Albaida,171.74910683,6088.0,0,0,0.0,0.0,0,0.0,0,0,0,0,,,0,0.0,periferico
ES_46007,46007,Albal,2321.96752023,17031.0,0,0,0.0,0.0,0,0.0,0,0,0,0,,,0,0.0,periferico
ES_46008,46008,Albalat de la Ribera,238.11466345,3419.0,0,0,0.0,0.0,0,0.0,0,0,0,0,,,0,0.0,periferico
ES_46010,46010,Albalat dels Tarongers,67.7869526,1447.0,0,0,0.0,0.0,0,0.0,0,0,0,0,,,0,0.0,periferico
ES_46012,46012,Alborache,51.43265115,1408.0,0,0,0.0,0.0,0,0.0,0,0,0,0,,,0,0.0,periferico
ES_46013,46013,Alboraia,3064.17782898,25816.0,0,0,0.0,0.0,0,0.0,0,0,0,0,,,0,0.0,periferico
ES_46014,46014,Albuixech,989.70302177,4344.0,0,0,0.0,0.0,0,0.0,0,0,0,0,,,0,0.0,periferico
ES_46015,46015,Alcàsser,1179.22393191,10609.0,0,0,0.0,0.0,0,0.0,0,0,0,0,,,0,0.0,periferico
ES_46016,46016,Alcàntera de Xúquer,424.34189199,1417.0,0,0,0.0,0.0,0,0.0,0,0,0,0,,,0,0.0,periferico
ES_46017,46017,Alzira,421.18596365,46531.0,0,0,0.0,0.0,0,0.0,0,0,0,0,,,0,0.0,periferico
ES_46018,46018,Alcublas,14.59144131,634.0,0,0,0.0,0.0,0,0.0,0,0,0,0,,,0,0.0,periferico
ES_46019,46019,"Alcúdia, l'",515.00725811,12201.0,0,0,0.0,0.0,0,0.0,0,0,0,0,,,0,0.0,periferico
ES_46021,46021,Aldaia,2078.7443649,33350.0,0,0,0.0,0.0,0,0.0,0,0,0,0,,,0,0.0,periferico
ES_46023,46023,Alfauir,77.02110308,476.0,0,0,0.0,0.0,0,0.0,0,0,0,0,,,0,0.0,periferico
ES_46024,46024,Alfara de la Baronia,51.76896621,606.0,0,0,0.0,0.0,0,0.0,0,0,0,0,,,0,0.0,periferico
ES_46025,46025,Alfara del Patriarca,1759.65373722,3493.0,0,0,0.0,0.0,0,0.0,0,0,0,0,,,0,0.0,periferico
ES_46026,46026,Alfarp,79.52404393,1636.0,0,0,0.0,0.0,0,0.0,0,0,0,0,,,0,0.0,periferico
ES_46027,46027,Alfarrasí,184.72758473,1179.0,0,0,0.0,0.0,0,0.0,0,0,0,0,,,0,0.0,periferico
ES_46029,46029,Algemesí,662.92387261,27378.0,0,0,0.0,0.0,0,0.0,0,0,0,0,,,0,0.0,periferico
ES_46030,46030,Algímia d'Alfara,76.72259265,1109.0,0,0,0.0,0.0,0,0.0,0,0,0,0,,,0,0.0,periferico
ES_46031,46031,Alginet,599.53132163,14447.0,0,0,0.0,0.0,0,0.0,0,0,0,0,,,0,0.0,periferico
ES_46033,46033,Almiserà,37.53496665,279.0,0,0,0.0,0.0,0,0.0,0,0,0,0,,,0,0.0,periferico
ES_46034,46034,Almoines,1192.0373886,2524.0,0,0,0.0,0.0,0,0.0,0,0,0,0,,,0,0.0,periferico
ES_46035,46035,Almussafes,835.08567924,8983.0,0,0,0.0,0.0,0,0.0,0,0,0,0,,,0,0.0,periferico
ES_46036,46036,Alpuente,4.81501655,666.0,0,0,0.0,0.0,0,0.0,0,0,0,0,,,0,0.0,periferico
ES_46037,46037,"Alqueria de la Comtessa, l'",703.8096527,1521.0,0,0,0.0,0.0,0,0.0,0,0,0,0,,,0,0.0,periferico
ES_46038,46038,Andilla,2.19122344,313.0,0,0,0.0,0.0,0,0.0,0,0,0,0,,,0,0.0,periferico
ES_46039,46039,Anna,121.7480298,2609.0,0,0,0.0,0.0,0,0.0,0,0,0,0,,,0,0.0,periferico
ES_46040,46040,Antella,63.51997636,1117.0,0,0,0.0,0.0,0,0.0,0,0,0,0,,,0,0.0,periferico
ES_46041,46041,Aras de los Olmos,5.01188431,381.0,0,0,0.0,0.0,0,0.0,0,0,0,0,,,0,0.0,periferico
ES_46042,46042,Aielo de Malferit,171.40188328,4581.0,0,0,0.0,0.0,0,0.0,0,0,0,0,,,0,0.0,periferico
ES_46044,46044,Ayora,11.70525816,5228.0,0,0,0.0,0.0,0,0.0,0,0,0,0,,,0,0.0,periferico
ES_46045,46045,Barxeta,55.78866573,1590.0,0,0,0.0,0.0,0,0.0,0,0,0,0,,,0,0.0,periferico
ES_46046,46046,Barx,90.93432205,1466.0,0,0,0.0,0.0,0,0.0,0,0,0,0,,,0,0.0,periferico
ES_46048,46048,Bellreguard,1677.35380998,4800.0,0,0,0.0,0.0,0,0.0,0,0,0,0,,,0,0.0,periferico
ES_46049,46049,Bellús,32.67786327,311.0,0,0,0.0,0.0,0,0.0,0,0,0,0,,,0,0.0,periferico
ES_46050,46050,Benagéber,2.40578438,168.0,0,0,0.0,0.0,0,0.0,0,0,0,0,,,0,0.0,periferico
ES_46051,46051,Benaguasil,473.40887436,11909.0,0,0,0.0,0.0,0,0.0,0,0,0,0,,,0,0.0,periferico
ES_46052,46052,Benavites,158.82424192,677.0,0,0,0.0,0.0,0,0.0,0,0,0,0,,,0,0.0,periferico
ES_47222,47222,Villanueva de San Mancio,6.86535504,104.0,0,0,0.0,0.0,0,0.0,0,0,0,0,,,0,0.0,periferico
ES_47224,47224,Villarmentero de Esgueva,7.57477677,102.0,0,0,0.0,0.0,0,0.0,0,0,0,0,,,0,0.0,periferico
ES_47225,47225,Villasexmir,5.02140289,71.0,0,0,0.0,0.0,0,0.0,0,0,0,0,,,0,0.0,periferico
ES_47226,47226,Villavaquerín,3.370281,152.0,0,0,0.0,0.0,0,0.0,0,0,0,0,,,0,0.0,periferico
ES_47229,47229,Villavicencio de los Caballeros,6.48950995,234.0,0,0,0.0,0.0,0,0.0,0,0,0,0,,,0,0.0,periferico
ES_47230,47230,Wamba,7.93301496,303.0,0,0,0.0,0.0,0,0.0,0,0,0,0,,,0,0.0,periferico
ES_47231,47231,Zaratán,314.96705273,6344.0,0,0,0.0,0.0,0,0.0,0,0,0,0,,,0,0.0,periferico
ES_47232,47232,"Zarza, La",4.96006708,119.0,0,0,0.0,0.0,0,0.0,0,0,0,0,,,0,0.0,periferico
ES_48001,48001,Abadiño,214.13188719,7720.0,0,0,0.0,0.0,0,0.0,0,0,0,0,,,0,0.0,periferico
ES_48002,48002,Abanto y Ciérvana-Abanto Zierb,580.3132655,9401.0,0,0,0.0,0.0,0,0.0,0,0,0,0,,,0,0.0,periferico
ES_48003,48003,Amorebieta-Etxano,331.95329093,19540.0,0,0,0.0,0.0,0,0.0,0,0,0,0,,,0,0.0,periferico
ES_48005,48005,Arakaldo,59.64634906,162.0,0,0,0.0,0.0,0,0.0,0,0,0,0,,,0,0.0,periferico
ES_48006,48006,Arantzazu,110.26474662,391.0,0,0,0.0,0.0,0,0.0,0,0,0,0,,,0,0.0,periferico
ES_48007,48007,Munitibar-Arbatzegi Gerrikaitz,19.40399284,471.0,0,0,0.0,0.0,0,0.0,0,0,0,0,,,0,0.0,periferico
ES_48008,48008,Artzentales,19.74393344,726.0,0,0,0.0,0.0,0,0.0,0,0,0,0,,,0,0.0,periferico
ES_48010,48010,Arrieta,39.61981303,580.0,0,0,0.0,0.0,0,0.0,0,0,0,0,,,0,0.0,periferico
ES_48011,48011,Arrigorriaga,734.47475948,11949.0,0,0,0.0,0.0,0,0.0,0,0,0,0,,,0,0.0,periferico
ES_48012,48012,Bakio,168.77748997,2813.0,0,0,0.0,0.0,0,0.0,0,0,0,0,,,0,0.0,periferico
ES_48014,48014,Barrika,200.89991541,1542.0,0,0,0.0,0.0,0,0.0,0,0,0,0,,,0,0.0,periferico
ES_48015,48015,Basauri,5768.24012977,40430.0,0,0,0.0,0.0,0,0.0,0,0,0,0,,,0,0.0,periferico
ES_48016,48016,Berango,855.40476637,7472.0,0,0,0.0,0.0,0,0.0,0,0,0,0,,,0,0.0,periferico
ES_48017,48017,Bermeo,500.36757651,16911.0,0,0,0.0,0.0,0,0.0,0,0,0,0,,,0,0.0,periferico
ES_48018,48018,Berriatua,63.31772771,1215.0,0,0,0.0,0.0,0,0.0,0,0,0,0,,,0,0.0,periferico
ES_48019,48019,Berriz,152.24509417,4533.0,0,0,0.0,0.0,0,0.0,0,0,0,0,,,0,0.0,periferico
ES_48020,48020,Bilbao,8355.73169502,345235.0,0,0,0.0,0.0,0,0.0,0,0,0,0,,,0,0.0,periferico
ES_48021,48021,Busturia,81.31997969,1643.0,0,0,0.0,0.0,0,0.0,0,0,0,0,,,0,0.0,periferico
ES_48024,48024,Zeanuri,18.56686574,1248.0,0,0,0.0,0.0,0,0.0,0,0,0,0,,,0,0.0,periferico
ES_48026,48026,Dima,23.97998372,1497.0,0,0,0.0,0.0,0,0.0,0,0,0,0,,,0,0.0,periferico
ES_48028,48028,Ea,58.35125891,826.0,0,0,0.0,0.0,0,0.0,0,0,0,0,,,0,0.0,periferico
ES_48029,48029,Etxebarri,3666.12804686,11968.0,0,0,0.0,0.0,0,0.0,0,0,0,0,,,0,0.0,periferico
ES_48030,48030,Etxebarria,43.81100704,783.0,0,0,0.0,0.0,0,0.0,0,0,0,0,,,0,0.0,periferico
ES_48032,48032,Elorrio,197.35022341,7299.0,0,0,0.0,0.0,0,0.0,0,0,0,0,,,0,0.0,periferico
ES_48033,48033,Ereño,26.22046267,276.0,0,0,0.0,0.0,0,0.0,0,0,0,0,,,0,0.0,periferico
ES_48035,48035,Fruiz,97.95212751,550.0,0,0,0.0,0.0,0,0.0,0,0,0,0,,,0,0.0,periferico
ES_48036,48036,Galdakao,931.03074584,29309.0,0,0,0.0,0.0,0,0.0,0,0,0,0,,,0,0.0,periferico
ES_48037,48037,Galdames,18.745181,833.0,0,0,0.0,0.0,0,0.0,0,0,0,0,,,0,0.0,periferico
ES_48038,48038,Gamiz-Fika,91.09233829,1394.0,0,0,0.0,0.0,0,0.0,0,0,0,0,,,0,0.0,periferico
ES_48039,48039,Garai,46.69083149,334.0,0,0,0.0,0.0,0,0.0,0,0,0,0,,,0,0.0,periferico
ES_48040,48040,Gatika,94.02644549,1624.0,0,0,0.0,0.0,0,0.0,0,0,0,0,,,0,0.0,periferico
ES_25006,25006,"Albagés, L'",13.62814579,356.0,0,0,0.0,0.0,0,0.0,0,0,0,0,,,0,0.0,periferico
ES_25008,25008,Albesa,42.15067404,1580.0,0,0,0.0,0.0,0,0.0,0,0,0,0,,,0,0.0,periferico
ES_25009,25009,"Albi, L'",23.34820001,764.0,0,0,0.0,0.0,0,0.0,0,0,0,0,,,0,0.0,periferico
ES_25010,25010,Alcanó,11.4719944,244.0,0,0,0.0,0.0,0,0.0,0,0,0,0,,,0,0.0,periferico
ES_25011,25011,Alcarràs,87.02144895,10000.0,0,0,0.0,0.0,0,0.0,0,0,0,0,,,0,0.0,periferico
ES_25012,25012,Alcoletge,214.1976798,3544.0,0,0,0.0,0.0,0,0.0,0,0,0,0,,,0,0.0,periferico
ES_25013,25013,Alfarràs,246.11385841,2778.0,0,0,0.0,0.0,0,0.0,0,0,0,0,,,0,0.0,periferico
ES_25015,25015,Algerri,8.04406189,438.0,0,0,0.0,0.0,0,0.0,0,0,0,0,,,0,0.0,periferico
ES_25016,25016,Alguaire,59.80464897,3006.0,0,0,0.0,0.0,0,0.0,0,0,0,0,,,0,0.0,periferico
ES_25017,25017,Alins,1.53869897,283.0,0,0,0.0,0.0,0,0.0,0,0,0,0,,,0,0.0,periferico
ES_25020,25020,Almatret,5.39361162,305.0,0,0,0.0,0.0,0,0.0,0,0,0,0,,,0,0.0,periferico
ES_25021,25021,Almenar,50.52495034,3360.0,0,0,0.0,0.0,0,0.0,0,0,0,0,,,0,0.0,periferico
ES_25023,25023,Alpicat,420.15879614,6450.0,0,0,0.0,0.0,0,0.0,0,0,0,0,,,0,0.0,periferico
ES_25024,25024,Alt Àneu,2.0629264,449.0,0,0,0.0,0.0,0,0.0,0,0,0,0,,,0,0.0,periferico
ES_25027,25027,Anglesola,57.71927557,1365.0,0,0,0.0,0.0,0,0.0,0,0,0,0,,,0,0.0,periferico
ES_25029,25029,Arbeca,36.30307426,2113.0,0,0,0.0,0.0,0,0.0,0,0,0,0,,,0,0.0,periferico
ES_25030,25030,"Pont de Bar, El",3.73760272,162.0,0,0,0.0,0.0,0,0.0,0,0,0,0,,,0,0.0,periferico
ES_25031,25031,Arres,6.13200692,71.0,0,0,0.0,0.0,0,0.0,0,0,0,0,,,0,0.0,periferico
ES_25033,25033,Artesa de Lleida,63.18049967,1522.0,0,0,0.0,0.0,0,0.0,0,0,0,0,,,0,0.0,periferico
ES_25034,25034,Artesa de Segre,20.00417462,3528.0,0,0,0.0,0.0,0,0.0,0,0,0,0,,,0,0.0,periferico
ES_25035,25035,"Sentiu de Sió, La",15.0424806,444.0,0,0,0.0,0.0,0,0.0,0,0,0,0,,,0,0.0,periferico
ES_25037,25037,"Avellanes i Santa Linya, Les",4.31453698,444.0,0,0,0.0,0.0,0,0.0,0,0,0,0,,,0,0.0,periferico
ES_25038,25038,Aitona,37.61066966,2520.0,0,0,0.0,0.0,0,0.0,0,0,0,0,,,0,0.0,periferico
ES_25039,25039,Baix Pallars,2.74240221,355.0,0,0,0.0,0.0,0,0.0,0,0,0,0,,,0,0.0,periferico
ES_25040,25040,Balaguer,307.31048872,17544.0,0,0,0.0,0.0,0,0.0,0,0,0,0,,,0,0.0,periferico
ES_25041,25041,Barbens,119.36282526,929.0,0,0,0.0,0.0,0,0.0,0,0,0,0,,,0,0.0,periferico
ES_25043,25043,"Vall de Boí, La",4.94429389,1092.0,0,0,0.0,0.0,0,0.0,0,0,0,0,,,0,0.0,periferico
ES_25044,25044,Bassella,3.12786471,220.0,0,0,0.0,0.0,0,0.0,0,0,0,0,,,0,0.0,periferico
ES_25046,25046,Belianes,32.3315995,510.0,0,0,0.0,0.0,0,0.0,0,0,0,0,,,0,0.0,periferico
ES_25047,25047,Bellcaire d'Urgell,39.28462139,1225.0,0,0,0.0,0.0,0,0.0,0,0,0,0,,,0,0.0,periferico
ES_25048,25048,Bell-lloc d'Urgell,67.4325152,2374.0,0,0,0.0,0.0,0,0.0,0,0,0,0,,,0,0.0,periferico
ES_25049,25049,Bellmunt d'Urgell,35.10545387,177.0,0,0,0.0,0.0,0,0.0,0,0,0,0,,,0,0.0,periferico
ES_25050,25050,Bellpuig,147.85396802,5182.0,0,0,0.0,0.0,0,0.0,0,0,0,0,,,0,0.0,periferico
ES_25051,25051,Bellver de Cerdanya,22.97104862,2251.0,0,0,0.0,0.0,0,0.0,0,0,0,0,,,0,0.0,periferico
ES_25052,25052,Bellvís,48.42452008,2251.0,0,0,0.0,0.0,0,0.0,0,0,0,0,,,0,0.0,periferico
ES_25055,25055,Biosca,2.80062335,185.0,0,0,0.0,0.0,0,0.0,0,0,0,0,,,0,0.0,periferico
ES_25056,25056,Bovera,7.8567996,261.0,0,0,0.0,0.0,0,0.0,0,0,0,0,,,0,0.0,periferico
ES_25058,25058,"Borges Blanques, Les",100.56926836,6199.0,0,0,0.0,0.0,0,0.0,0,0,0,0,,,0,0.0,periferico
ES_25060,25060,Cabanabona,4.37577627,62.0,0,0,0.0,0.0,0,0.0,0,0,0,0,,,0,0.0,periferico
ES_25061,25061,Cabó,1.27636092,101.0,0,0,0.0,0.0,0,0.0,0,0,0,0,,,0,0.0,periferico
ES_25062,25062,Camarasa,5.05338578,795.0,0,0,0.0,0.0,0,0.0,0,0,0,0,,,0,0.0,periferico
ES_25063,25063,Canejan,1.98044493,96.0,0,0,0.0,0.0,0,0.0,0,0,0,0,,,0,0.0,periferico
ES_25064,25064,Castellar de la Ribera,2.33859528,141.0,0,0,0.0,0.0,0,0.0,0,0,0,0,,,0,0.0,periferico
ES_25067,25067,Castelldans,13.79154266,887.0,0,0,0.0,0.0,0,0.0,0,0,0,0,,,0,0.0,periferico
ES_25069,25069,Castelló de Farfanya,10.07680894,530.0,0,0,0.0,0.0,0,0.0,0,0,0,0,,,0,0.0,periferico
ES_25071,25071,Cava,1.1051509,46.0,0,0,0.0,0.0,0,0.0,0,0,0,0,,,0,0.0,periferico
ES_25072,25072,Cervera,171.54736765,9468.0,0,0,0.0,0.0,0,0.0,0,0,0,0,,,0,0.0,periferico
ES_25073,25073,Cervià de les Garrigues,18.94873433,645.0,0,0,0.0,0.0,0,0.0,0,0,0,0,,,0,0.0,periferico
ES_25074,25074,Ciutadilla,11.41047679,188.0,0,0,0.0,0.0,0,0.0,0,0,0,0,,,0,0.0,periferico
ES_25075,25075,Clariana de Cardener,3.89143521,158.0,0,0,0.0,0.0,0,0.0,0,0,0,0,,,0,0.0,periferico
ES_25076,25076,"Cogul, El",8.87426948,155.0,0,0,0.0,0.0,0,0.0,0,0,0,0,,,0,0.0,periferico
ES_25077,25077,Coll de Nargó,3.65778879,558.0,0,0,0.0,0.0,0,0.0,0,0,0,0,,,0,0.0,periferico
ES_25078,25078,Corbins,69.18565356,1481.0,0,0,0.0,0.0,0,0.0,0,0,0,0,,,0,0.0,periferico
ES_25079,25079,Cubells,8.78220252,343.0,0,0,0.0,0.0,0,0.0,0,0,0,0,,,0,0.0,periferico
ES_25081,25081,"Espluga Calba, L'",15.24868638,327.0,0,0,0.0,0.0,0,0.0,0,0,0,0,,,0,0.0,periferico
ES_25085,25085,Estaràs,7.76614485,164.0,0,0,0.0,0.0,0,0.0,0,0,0,0,,,0,0.0,periferico
ES_25086,25086,Esterri d'Àneu,102.40723413,874.0,0,0,0.0,0.0,0,0.0,0,0,0,0,,,0,0.0,periferico
ES_25087,25087,Esterri de Cardós,3.69736676,61.0,0,0,0.0,0.0,0,0.0,0,0,0,0,,,0,0.0,periferico
ES_25088,25088,Estamariu,6.2700221,134.0,0,0,0.0,0.0,0,0.0,0,0,0,0,,,0,0.0,periferico
ES_25089,25089,Farrera,1.94130377,123.0,0,0,0.0,0.0,0,0.0,0,0,0,0,,,0,0.0,periferico
ES_25092,25092,"Floresta, La",27.62505937,155.0,0,0,0.0,0.0,0,0.0,0,0,0,0,,,0,0.0,periferico
ES_25093,25093,Fondarella,146.82013999,786.0,0,0,0.0,0.0,0,0.0,0,0,0,0,,,0,0.0,periferico
ES_25097,25097,Fulleda,5.45010532,89.0,0,0,0.0,0.0,0,0.0,0,0,0,0,,,0,0.0,periferico
ES_25099,25099,Golmés,113.91391313,1907.0,0,0,0.0,0.0,0,0.0,0,0,0,0,,,0,0.0,periferico
ES_25100,25100,Gósol,4.0480054,228.0,0,0,0.0,0.0,0,0.0,0,0,0,0,,,0,0.0,periferico
ES_25101,25101,"Granadella, La",9.10540238,756.0,0,0,0.0,0.0,0,0.0,0,0,0,0,,,0,0.0,periferico
ES_25102,25102,"Granja d'Escarp, La",24.4455002,935.0,0,0,0.0,0.0,0,0.0,0,0,0,0,,,0,0.0,periferico
ES_41004,41004,Alcalá de Guadaíra,269.71479332,76829.0,0,0,0.0,0.0,0,0.0,0,0,0,0,,,0,0.0,periferico
ES_41005,41005,Alcalá del Río,148.93507309,12304.0,0,0,0.0,0.0,0,0.0,0,0,0,0,,,0,0.0,periferico
ES_41006,41006,Alcolea del Río,65.94215746,3310.0,0,0,0.0,0.0,0,0.0,0,0,0,0,,,0,0.0,periferico
ES_41008,41008,Algámitas,61.14748429,1249.0,0,0,0.0,0.0,0,0.0,0,0,0,0,,,0,0.0,periferico
ES_41009,41009,Almadén de la Plata,5.19175857,1328.0,0,0,0.0,0.0,0,0.0,0,0,0,0,,,0,0.0,periferico
ES_41010,41010,Almensilla,470.33911743,6565.0,0,0,0.0,0.0,0,0.0,0,0,0,0,,,0,0.0,periferico
ES_41011,41011,Arahal,96.95421447,19510.0,0,0,0.0,0.0,0,0.0,0,0,0,0,,,0,0.0,periferico
ES_41013,41013,Aznalcóllar,30.52458713,6081.0,0,0,0.0,0.0,0,0.0,0,0,0,0,,,0,0.0,periferico
ES_41014,41014,Badolatosa,64.79996193,3096.0,0,0,0.0,0.0,0,0.0,0,0,0,0,,,0,0.0,periferico
ES_41015,41015,Benacazón,228.27243935,7344.0,0,0,0.0,0.0,0,0.0,0,0,0,0,,,0,0.0,periferico
ES_41016,41016,Bollullos de la Mitación,178.08338056,11162.0,0,0,0.0,0.0,0,0.0,0,0,0,0,,,0,0.0,periferico
ES_41019,41019,Burguillos,164.54903147,7101.0,0,0,0.0,0.0,0,0.0,0,0,0,0,,,0,0.0,periferico
ES_41020,41020,"Cabezas de San Juan, Las",71.44700623,16415.0,0,0,0.0,0.0,0,0.0,0,0,0,0,,,0,0.0,periferico
ES_41021,41021,Camas,2416.81525322,28181.0,0,0,0.0,0.0,0,0.0,0,0,0,0,,,0,0.0,periferico
ES_41022,41022,"Campana, La",40.86740827,5139.0,0,0,0.0,0.0,0,0.0,0,0,0,0,,,0,0.0,periferico
ES_41023,41023,Cantillana,100.89475966,10801.0,0,0,0.0,0.0,0,0.0,0,0,0,0,,,0,0.0,periferico
ES_41025,41025,Carrión de los Céspedes,424.68356907,2594.0,0,0,0.0,0.0,0,0.0,0,0,0,0,,,0,0.0,periferico
ES_41027,41027,Castilblanco de los Arroyos,15.92310179,5152.0,0,0,0.0,0.0,0,0.0,0,0,0,0,,,0,0.0,periferico
ES_41029,41029,Castilleja de la Cuesta,7920.82973151,17196.0,0,0,0.0,0.0,0,0.0,0,0,0,0,,,0,0.0,periferico
ES_41030,41030,Castilleja del Campo,38.54980292,625.0,0,0,0.0,0.0,0,0.0,0,0,0,0,,,0,0.0,periferico
ES_41031,41031,"Castillo de las Guardas, El",5.81552885,1505.0,0,0,0.0,0.0,0,0.0,0,0,0,0,,,0,0.0,periferico
ES_41032,41032,Cazalla de la Sierra,13.10055485,4666.0,0,0,0.0,0.0,0,0.0,0,0,0,0,,,0,0.0,periferico
ES_41033,41033,Constantina,11.92530322,5740.0,0,0,0.0,0.0,0,0.0,0,0,0,0,,,0,0.0,periferico
ES_41035,41035,Coripe,23.60518133,1215.0,0,0,0.0,0.0,0,0.0,0,0,0,0,,,0,0.0,periferico
ES_41036,41036,"Coronil, El",51.15064938,4684.0,0,0,0.0,0.0,0,0.0,0,0,0,0,,,0,0.0,periferico
ES_41037,41037,"Corrales, Los",59.14002355,3991.0,0,0,0.0,0.0,0,0.0,0,0,0,0,,,0,0.0,periferico
ES_41038,41038,Dos Hermanas,869.74383767,138991.0,0,0,0.0,0.0,0,0.0,0,0,0,0,,,0,0.0,periferico
ES_41040,41040,Espartinas,729.29262377,16548.0,0,0,0.0,0.0,0,0.0,0,0,0,0,,,0,0.0,periferico
ES_41041,41041,Estepa,65.18834709,12383.0,0,0,0.0,0.0,0,0.0,0,0,0,0,,,0,0.0,periferico
ES_41042,41042,Fuentes de Andalucía,48.0186933,7228.0,0,0,0.0,0.0,0,0.0,0,0,0,0,,,0,0.0,periferico
ES_46053,46053,Beneixida,203.6445744,655.0,0,0,0.0,0.0,0,0.0,0,0,0,0,,,0,0.0,periferico
ES_46054,46054,Benetússer,20166.97196781,15889.0,0,0,0.0,0.0,0,0.0,0,0,0,0,,,0,0.0,periferico
ES_46055,46055,Beniarjó,683.22380464,1886.0,0,0,0.0,0.0,0,0.0,0,0,0,0,,,0,0.0,periferico
ES_46056,46056,Beniatjar,19.04754645,217.0,0,0,0.0,0.0,0,0.0,0,0,0,0,,,0,0.0,periferico
ES_46057,46057,Benicolet,53.49508158,604.0,0,0,0.0,0.0,0,0.0,0,0,0,0,,,0,0.0,periferico
ES_46059,46059,Benifairó de la Valldigna,77.09384104,1558.0,0,0,0.0,0.0,0,0.0,0,0,0,0,,,0,0.0,periferico
ES_46061,46061,Beniflá,768.26160209,484.0,0,0,0.0,0.0,0,0.0,0,0,0,0,,,0,0.0,periferico
ES_46062,46062,Benigànim,174.2003342,5831.0,0,0,0.0,0.0,0,0.0,0,0,0,0,,,0,0.0,periferico
ES_46063,46063,Benimodo,182.21384692,2278.0,0,0,0.0,0.0,0,0.0,0,0,0,0,,,0,0.0,periferico
ES_46064,46064,Benimuslem,160.24937128,667.0,0,0,0.0,0.0,0,0.0,0,0,0,0,,,0,0.0,periferico
ES_46065,46065,Beniparrell,574.10806477,2076.0,0,0,0.0,0.0,0,0.0,0,0,0,0,,,0,0.0,periferico
ES_46067,46067,Benissanó,1060.95770886,2378.0,0,0,0.0,0.0,0,0.0,0,0,0,0,,,0,0.0,periferico
ES_46068,46068,Benissoda,114.10729108,461.0,0,0,0.0,0.0,0,0.0,0,0,0,0,,,0,0.0,periferico
ES_46069,46069,Benissuera,88.54547062,188.0,0,0,0.0,0.0,0,0.0,0,0,0,0,,,0,0.0,periferico
ES_46070,46070,Bétera,356.521119,26797.0,0,0,0.0,0.0,0,0.0,0,0,0,0,,,0,0.0,periferico
ES_46073,46073,Bolbaite,32.90117713,1329.0,0,0,0.0,0.0,0,0.0,0,0,0,0,,,0,0.0,periferico
ES_46074,46074,Bonrepòs i Mirambell,3718.83441546,3900.0,0,0,0.0,0.0,0,0.0,0,0,0,0,,,0,0.0,periferico
ES_46075,46075,Bufali,49.26904554,157.0,0,0,0.0,0.0,0,0.0,0,0,0,0,,,0,0.0,periferico
ES_46077,46077,Buñol,85.55058428,9616.0,0,0,0.0,0.0,0,0.0,0,0,0,0,,,0,0.0,periferico
ES_46078,46078,Burjassot,11653.12784417,40086.0,0,0,0.0,0.0,0,0.0,0,0,0,0,,,0,0.0,periferico
ES_46079,46079,Calles,6.68604181,435.0,0,0,0.0,0.0,0,0.0,0,0,0,0,,,0,0.0,periferico
ES_46080,46080,Camporrobles,13.23135654,1185.0,0,0,0.0,0.0,0,0.0,0,0,0,0,,,0,0.0,periferico
ES_46083,46083,Carcaixent,350.65134688,20787.0,0,0,0.0,0.0,0,0.0,0,0,0,0,,,0,0.0,periferico
ES_46084,46084,Càrcer,246.95155815,1826.0,0,0,0.0,0.0,0,0.0,0,0,0,0,,,0,0.0,periferico
ES_46085,46085,Carlet,352.57556536,16087.0,0,0,0.0,0.0,0,0.0,0,0,0,0,,,0,0.0,periferico
ES_46086,46086,Carrícola,22.38240656,103.0,0,0,0.0,0.0,0,0.0,0,0,0,0,,,0,0.0,periferico
ES_46087,46087,Casas Altas,9.13876699,146.0,0,0,0.0,0.0,0,0.0,0,0,0,0,,,0,0.0,periferico
ES_46088,46088,Casas Bajas,7.63664053,173.0,0,0,0.0,0.0,0,0.0,0,0,0,0,,,0,0.0,periferico
ES_46089,46089,Casinos,74.38248761,3085.0,0,0,0.0,0.0,0,0.0,0,0,0,0,,,0,0.0,periferico
ES_46090,46090,Castelló de Rugat,121.857381,2320.0,0,0,0.0,0.0,0,0.0,0,0,0,0,,,0,0.0,periferico
ES_46092,46092,Castielfabib,2.79446072,297.0,0,0,0.0,0.0,0,0.0,0,0,0,0,,,0,0.0,periferico
ES_46093,46093,Catadau,83.38732679,2958.0,0,0,0.0,0.0,0,0.0,0,0,0,0,,,0,0.0,periferico
ES_46094,46094,Catarroja,2233.90856385,29418.0,0,0,0.0,0.0,0,0.0,0,0,0,0,,,0,0.0,periferico
ES_46095,46095,Caudete de las Fuentes,20.46158683,708.0,0,0,0.0,0.0,0,0.0,0,0,0,0,,,0,0.0,periferico
ES_46096,46096,Cerdà,253.54666355,360.0,0,0,0.0,0.0,0,0.0,0,0,0,0,,,0,0.0,periferico
ES_46097,46097,Cofrentes,10.86645302,1121.0,0,0,0.0,0.0,0,0.0,0,0,0,0,,,0,0.0,periferico
ES_46098,46098,Corbera,154.22708792,3124.0,0,0,0.0,0.0,0,0.0,0,0,0,0,,,0,0.0,periferico
ES_46099,46099,Cortes de Pallás,3.31772412,773.0,0,0,0.0,0.0,0,0.0,0,0,0,0,,,0,0.0,periferico
ES_46100,46100,Cotes,50.13719958,317.0,0,0,0.0,0.0,0,0.0,0,0,0,0,,,0,0.0,periferico
ES_46101,46101,Quart de les Valls,125.58760698,1057.0,0,0,0.0,0.0,0,0.0,0,0,0,0,,,0,0.0,periferico
ES_50170,50170,Monegrillo,2.09162097,383.0,0,0,0.0,0.0,0,0.0,0,0,0,0,,,0,0.0,periferico
ES_50171,50171,Moneva,2.0683404,127.0,0,0,0.0,0.0,0,0.0,0,0,0,0,,,0,0.0,periferico
ES_50172,50172,Monreal de Ariza,2.85209884,177.0,0,0,0.0,0.0,0,0.0,0,0,0,0,,,0,0.0,periferico
ES_50173,50173,Monterde,2.87831589,161.0,0,0,0.0,0.0,0,0.0,0,0,0,0,,,0,0.0,periferico
ES_50174,50174,Montón,5.00763946,88.0,0,0,0.0,0.0,0,0.0,0,0,0,0,,,0,0.0,periferico
ES_50176,50176,Morata de Jiloca,11.28926095,261.0,0,0,0.0,0.0,0,0.0,0,0,0,0,,,0,0.0,periferico
ES_50177,50177,Morés,14.26110089,306.0,0,0,0.0,0.0,0,0.0,0,0,0,0,,,0,0.0,periferico
ES_50178,50178,Moros,5.25293652,281.0,0,0,0.0,0.0,0,0.0,0,0,0,0,,,0,0.0,periferico
ES_50179,50179,Moyuela,5.6617744,242.0,0,0,0.0,0.0,0,0.0,0,0,0,0,,,0,0.0,periferico
ES_50180,50180,Mozota,14.77372126,128.0,0,0,0.0,0.0,0,0.0,0,0,0,0,,,0,0.0,periferico
ES_50182,50182,"Muela, La",44.96768163,6453.0,0,0,0.0,0.0,0,0.0,0,0,0,0,,,0,0.0,periferico
ES_50183,50183,Munébrega,9.16946293,376.0,0,0,0.0,0.0,0,0.0,0,0,0,0,,,0,0.0,periferico
ES_50184,50184,Murero,5.80731527,106.0,0,0,0.0,0.0,0,0.0,0,0,0,0,,,0,0.0,periferico
ES_50185,50185,Murillo de Gállego,3.72566617,204.0,0,0,0.0,0.0,0,0.0,0,0,0,0,,,0,0.0,periferico
ES_50186,50186,Navardún,1.55004564,38.0,0,0,0.0,0.0,0,0.0,0,0,0,0,,,0,0.0,periferico
ES_50188,50188,Nombrevilla,2.10441138,37.0,0,0,0.0,0.0,0,0.0,0,0,0,0,,,0,0.0,periferico
ES_50189,50189,Nonaspe,9.21906146,1028.0,0,0,0.0,0.0,0,0.0,0,0,0,0,,,0,0.0,periferico
ES_50191,50191,Novillas,20.21735184,511.0,0,0,0.0,0.0,0,0.0,0,0,0,0,,,0,0.0,periferico
ES_50192,50192,Nuévalos,7.57654751,317.0,0,0,0.0,0.0,0,0.0,0,0,0,0,,,0,0.0,periferico
ES_50193,50193,Nuez de Ebro,115.70948488,910.0,0,0,0.0,0.0,0,0.0,0,0,0,0,,,0,0.0,periferico
ES_50194,50194,Olvés,5.00699096,101.0,0,0,0.0,0.0,0,0.0,0,0,0,0,,,0,0.0,periferico
ES_50195,50195,Orcajo,2.0740859,59.0,0,0,0.0,0.0,0,0.0,0,0,0,0,,,0,0.0,periferico
ES_50196,50196,Orera,5.18957429,103.0,0,0,0.0,0.0,0,0.0,0,0,0,0,,,0,0.0,periferico
ES_40136,40136,Muñoveros,7.28150719,141.0,0,0,0.0,0.0,0,0.0,0,0,0,0,,,0,0.0,periferico
ES_40139,40139,Navafría,9.41272586,287.0,0,0,0.0,0.0,0,0.0,0,0,0,0,,,0,0.0,periferico
ES_40140,40140,Navalilla,4.65655752,97.0,0,0,0.0,0.0,0,0.0,0,0,0,0,,,0,0.0,periferico
ES_40141,40141,Navalmanzano,32.11185483,1054.0,0,0,0.0,0.0,0,0.0,0,0,0,0,,,0,0.0,periferico
ES_40142,40142,Navares de Ayuso,3.16958357,47.0,0,0,0.0,0.0,0,0.0,0,0,0,0,,,0,0.0,periferico
ES_40143,40143,Navares de Enmedio,3.69707648,91.0,0,0,0.0,0.0,0,0.0,0,0,0,0,,,0,0.0,periferico
ES_40144,40144,Navares de las Cuevas,1.0585502,20.0,0,0,0.0,0.0,0,0.0,0,0,0,0,,,0,0.0,periferico
ES_41043,41043,"Garrobo, El",18.59368485,824.0,0,0,0.0,0.0,0,0.0,0,0,0,0,,,0,0.0,periferico
ES_41044,41044,Gelves,1289.59051079,10405.0,0,0,0.0,0.0,0,0.0,0,0,0,0,,,0,0.0,periferico
ES_41045,41045,Gerena,60.38351567,7835.0,0,0,0.0,0.0,0,0.0,0,0,0,0,,,0,0.0,periferico
ES_28104,28104,Paracuellos de Jarama,616.82384594,27034.0,0,0,0.0,0.0,0,0.0,0,0,0,0,,,0,0.0,periferico
ES_28107,28107,Patones,16.13372545,566.0,0,0,0.0,0.0,0,0.0,0,0,0,0,,,0,0.0,periferico
ES_28108,28108,Pedrezuela,224.02783422,6391.0,0,0,0.0,0.0,0,0.0,0,0,0,0,,,0,0.0,periferico
ES_28109,28109,Pelayos de la Presa,391.71021892,2962.0,0,0,0.0,0.0,0,0.0,0,0,0,0,,,0,0.0,periferico
ES_28110,28110,Perales de Tajuña,64.20865159,3164.0,0,0,0.0,0.0,0,0.0,0,0,0,0,,,0,0.0,periferico
ES_28111,28111,Pezuela de las Torres,23.5655218,982.0,0,0,0.0,0.0,0,0.0,0,0,0,0,,,0,0.0,periferico
ES_28112,28112,Pinilla del Valle,8.02227674,204.0,0,0,0.0,0.0,0,0.0,0,0,0,0,,,0,0.0,periferico
ES_28114,28114,Piñuécar-Gandullas,9.74865154,178.0,0,0,0.0,0.0,0,0.0,0,0,0,0,,,0,0.0,periferico
ES_28115,28115,Pozuelo de Alarcón,2053.31098373,88504.0,0,0,0.0,0.0,0,0.0,0,0,0,0,,,0,0.0,periferico
ES_28116,28116,Pozuelo del Rey,41.18798553,1276.0,0,0,0.0,0.0,0,0.0,0,0,0,0,,,0,0.0,periferico
ES_28117,28117,Prádena del Rincón,6.65314094,150.0,0,0,0.0,0.0,0,0.0,0,0,0,0,,,0,0.0,periferico
ES_28118,28118,Puebla de la Sierra,1.79669767,102.0,0,0,0.0,0.0,0,0.0,0,0,0,0,,,0,0.0,periferico
ES_28119,28119,Quijorna,150.25927802,3856.0,0,0,0.0,0.0,0,0.0,0,0,0,0,,,0,0.0,periferico
ES_28120,28120,Rascafría,11.6493371,1739.0,0,0,0.0,0.0,0,0.0,0,0,0,0,,,0,0.0,periferico
ES_28121,28121,Redueña,23.41197912,305.0,0,0,0.0,0.0,0,0.0,0,0,0,0,,,0,0.0,periferico
ES_28122,28122,Ribatejada,28.53918018,919.0,0,0,0.0,0.0,0,0.0,0,0,0,0,,,0,0.0,periferico
ES_28124,28124,Robledillo de la Jara,6.37620212,134.0,0,0,0.0,0.0,0,0.0,0,0,0,0,,,0,0.0,periferico
ES_28125,28125,Robledo de Chavela,50.36289137,4743.0,0,0,0.0,0.0,0,0.0,0,0,0,0,,,0,0.0,periferico
ES_28126,28126,Robregordo,4.3043511,79.0,0,0,0.0,0.0,0,0.0,0,0,0,0,,,0,0.0,periferico
ES_28127,28127,"Rozas de Madrid, Las",1690.97842618,98621.0,0,0,0.0,0.0,0,0.0,0,0,0,0,,,0,0.0,periferico
ES_28128,28128,Rozas de Puerto Real,19.4673377,577.0,0,0,0.0,0.0,0,0.0,0,0,0,0,,,0,0.0,periferico
ES_28129,28129,San Agustín del Guadalix,358.33561057,13708.0,0,0,0.0,0.0,0,0.0,0,0,0,0,,,0,0.0,periferico
ES_28130,28130,San Fernando de Henares,1004.37924654,38986.0,0,0,0.0,0.0,0,0.0,0,0,0,0,,,0,0.0,periferico
ES_28131,28131,San Lorenzo de El Escorial,328.44431929,18522.0,0,0,0.0,0.0,0,0.0,0,0,0,0,,,0,0.0,periferico
ES_28132,28132,San Martín de la Vega,192.72275764,20269.0,0,0,0.0,0.0,0,0.0,0,0,0,0,,,0,0.0,periferico
ES_28134,28134,San Sebastián de los Reyes,1559.15306411,92417.0,0,0,0.0,0.0,0,0.0,0,0,0,0,,,0,0.0,periferico
ES_28136,28136,Santorcaz,33.48018578,945.0,0,0,0.0,0.0,0,0.0,0,0,0,0,,,0,0.0,periferico
ES_28137,28137,"Santos de la Humosa, Los",79.44127011,2783.0,0,0,0.0,0.0,0,0.0,0,0,0,0,,,0,0.0,periferico
ES_28138,28138,"Serna del Monte, La",19.28313406,106.0,0,0,0.0,0.0,0,0.0,0,0,0,0,,,0,0.0,periferico
ES_28140,28140,Serranillos del Valle,346.64639377,4614.0,0,0,0.0,0.0,0,0.0,0,0,0,0,,,0,0.0,periferico
ES_28141,28141,Sevilla la Nueva,386.50041909,9563.0,0,0,0.0,0.0,0,0.0,0,0,0,0,,,0,0.0,periferico
ES_28143,28143,Somosierra,4.16669448,85.0,0,0,0.0,0.0,0,0.0,0,0,0,0,,,0,0.0,periferico
ES_28144,28144,Soto del Real,219.24704084,9403.0,0,0,0.0,0.0,0,0.0,0,0,0,0,,,0,0.0,periferico
ES_28145,28145,Talamanca de Jarama,113.66162537,4373.0,0,0,0.0,0.0,0,0.0,0,0,0,0,,,0,0.0,periferico
ES_28146,28146,Tielmes,102.63741451,2732.0,0,0,0.0,0.0,0,0.0,0,0,0,0,,,0,0.0,periferico
ES_28147,28147,Titulcia,134.78567762,1366.0,0,0,0.0,0.0,0,0.0,0,0,0,0,,,0,0.0,periferico
ES_28150,28150,Torrejón de Velasco,90.82435223,4742.0,0,0,0.0,0.0,0,0.0,0,0,0,0,,,0,0.0,periferico
ES_28151,28151,Torrelaguna,114.77353726,4944.0,0,0,0.0,0.0,0,0.0,0,0,0,0,,,0,0.0,periferico
ES_28152,28152,Torrelodones,1155.4142069,25093.0,0,0,0.0,0.0,0,0.0,0,0,0,0,,,0,0.0,periferico
ES_28153,28153,Torremocha de Jarama,60.52559924,1144.0,0,0,0.0,0.0,0,0.0,0,0,0,0,,,0,0.0,periferico
ES_28154,28154,Torres de la Alameda,176.81989132,7712.0,0,0,0.0,0.0,0,0.0,0,0,0,0,,,0,0.0,periferico
ES_28155,28155,Valdaracete,10.06597541,643.0,0,0,0.0,0.0,0,0.0,0,0,0,0,,,0,0.0,periferico
ES_28156,28156,Valdeavero,94.88473698,1774.0,0,0,0.0,0.0,0,0.0,0,0,0,0,,,0,0.0,periferico
ES_28157,28157,Valdelaguna,24.67216768,1039.0,0,0,0.0,0.0,0,0.0,0,0,0,0,,,0,0.0,periferico
ES_28158,28158,Valdemanco,60.29456803,1073.0,0,0,0.0,0.0,0,0.0,0,0,0,0,,,0,0.0,periferico
ES_28159,28159,Valdemaqueda,15.83068878,819.0,0,0,0.0,0.0,0,0.0,0,0,0,0,,,0,0.0,periferico
ES_28162,28162,Valdeolmos-Alalpardo,175.21524709,4535.0,0,0,0.0,0.0,0,0.0,0,0,0,0,,,0,0.0,periferico
ES_28164,28164,Valdetorres de Jarama,142.34640467,5001.0,0,0,0.0,0.0,0,0.0,0,0,0,0,,,0,0.0,periferico
ES_28165,28165,Valdilecha,75.06483966,3196.0,0,0,0.0,0.0,0,0.0,0,0,0,0,,,0,0.0,periferico
ES_28166,28166,Valverde de Alcalá,38.93542573,536.0,0,0,0.0,0.0,0,0.0,0,0,0,0,,,0,0.0,periferico
ES_28167,28167,Velilla de San Antonio,928.74891863,13380.0,0,0,0.0,0.0,0,0.0,0,0,0,0,,,0,0.0,periferico
ES_28168,28168,"Vellón, El",65.63073731,2201.0,0,0,0.0,0.0,0,0.0,0,0,0,0,,,0,0.0,periferico
ES_28169,28169,Venturada,250.54438117,2565.0,0,0,0.0,0.0,0,0.0,0,0,0,0,,,0,0.0,periferico
ES_28170,28170,Villaconejos,104.83341852,3492.0,0,0,0.0,0.0,0,0.0,0,0,0,0,,,0,0.0,periferico
ES_28171,28171,Villa del Prado,93.85131186,7253.0,0,0,0.0,0.0,0,0.0,0,0,0,0,,,0,0.0,periferico
ES_28173,28173,Villamanrique de Tajo,27.18544679,805.0,0,0,0.0,0.0,0,0.0,0,0,0,0,,,0,0.0,periferico
ES_28174,28174,Villamanta,43.98678492,2782.0,0,0,0.0,0.0,0,0.0,0,0,0,0,,,0,0.0,periferico
ES_28177,28177,Villanueva del Pardillo,693.71734685,17672.0,0,0,0.0,0.0,0,0.0,0,0,0,0,,,0,0.0,periferico
ES_28178,28178,Villanueva de Perales,54.52464273,1714.0,0,0,0.0,0.0,0,0.0,0,0,0,0,,,0,0.0,periferico
ES_28179,28179,Villar del Olmo,81.20254762,2256.0,0,0,0.0,0.0,0,0.0,0,0,0,0,,,0,0.0,periferico
ES_28180,28180,Villarejo de Salvanés,64.77336761,7716.0,0,0,0.0,0.0,0,0.0,0,0,0,0,,,0,0.0,periferico
ES_28181,28181,Villaviciosa de Odón,420.73872464,28714.0,0,0,0.0,0.0,0,0.0,0,0,0,0,,,0,0.0,periferico
ES_28183,28183,Zarzalejo,89.35504356,1803.0,0,0,0.0,0.0,0,0.0,0,0,0,0,,,0,0.0,periferico
ES_28901,28901,Lozoyuela-Navas-Sieteiglesias,28.63764709,1473.0,0,0,0.0,0.0,0,0.0,0,0,0,0,,,0,0.0,periferico
ES_28902,28902,Puentes Viejas,12.93182674,758.0,0,0,0.0,0.0,0,0.0,0,0,0,0,,,0,0.0,periferico
ES_28903,28903,Tres Cantos,1353.25033584,51354.0,0,0,0.0,0.0,0,0.0,0,0,0,0,,,0,0.0,periferico
ES_29002,29002,Alcaucín,56.95276564,2575.0,0,0,0.0,0.0,0,0.0,0,0,0,0,,,0,0.0,periferico
ES_29003,29003,Alfarnate,31.10947569,1058.0,0,0,0.0,0.0,0,0.0,0,0,0,0,,,0,0.0,periferico
ES_29004,29004,Alfarnatejo,18.6285799,379.0,0,0,0.0,0.0,0,0.0,0,0,0,0,,,0,0.0,periferico
ES_29005,29005,Algarrobo,696.12152821,6780.0,0,0,0.0,0.0,0,0.0,0,0,0,0,,,0,0.0,periferico
ES_29006,29006,Algatocín,42.44834761,836.0,0,0,0.0,0.0,0,0.0,0,0,0,0,,,0,0.0,periferico
ES_29007,29007,Alhaurín de la Torre,530.20041167,43855.0,0,0,0.0,0.0,0,0.0,0,0,0,0,,,0,0.0,periferico
ES_29009,29009,Almáchar,128.16010741,1846.0,0,0,0.0,0.0,0,0.0,0,0,0,0,,,0,0.0,periferico
ES_29010,29010,Almargen,56.00561387,1928.0,0,0,0.0,0.0,0,0.0,0,0,0,0,,,0,0.0,periferico
ES_29012,29012,Álora,79.64718272,13512.0,0,0,0.0,0.0,0,0.0,0,0,0,0,,,0,0.0,periferico
ES_29013,29013,Alozaina,60.94000024,2062.0,0,0,0.0,0.0,0,0.0,0,0,0,0,,,0,0.0,periferico
ES_29014,29014,Alpandeire,8.93453519,279.0,0,0,0.0,0.0,0,0.0,0,0,0,0,,,0,0.0,periferico
ES_44126,44126,"Iglesuela del Cid, La",9.48391356,383.0,0,0,0.0,0.0,0,0.0,0,0,0,0,,,0,0.0,periferico
ES_44127,44127,Jabaloyas,1.1989572,74.0,0,0,0.0,0.0,0,0.0,0,0,0,0,,,0,0.0,periferico
ES_44128,44128,Jarque de la Val,2.18823042,64.0,0,0,0.0,0.0,0,0.0,0,0,0,0,,,0,0.0,periferico
ES_44129,44129,Jatiel,4.6067841,50.0,0,0,0.0,0.0,0,0.0,0,0,0,0,,,0,0.0,periferico
ES_44131,44131,Josa,1.24062316,35.0,0,0,0.0,0.0,0,0.0,0,0,0,0,,,0,0.0,periferico
ES_44133,44133,Lanzuela,1.90046678,27.0,0,0,0.0,0.0,0,0.0,0,0,0,0,,,0,0.0,periferico
ES_44135,44135,Libros,2.68182607,102.0,0,0,0.0,0.0,0,0.0,0,0,0,0,,,0,0.0,periferico
ES_44136,44136,Lidón,1.28765922,52.0,0,0,0.0,0.0,0,0.0,0,0,0,0,,,0,0.0,periferico
ES_44137,44137,Linares de Mora,2.04661794,238.0,0,0,0.0,0.0,0,0.0,0,0,0,0,,,0,0.0,periferico
ES_44138,44138,Loscos,1.61563957,116.0,0,0,0.0,0.0,0,0.0,0,0,0,0,,,0,0.0,periferico
ES_44142,44142,Maicas,1.29361006,32.0,0,0,0.0,0.0,0,0.0,0,0,0,0,,,0,0.0,periferico
ES_44144,44144,Martín del Río,6.69130586,367.0,0,0,0.0,0.0,0,0.0,0,0,0,0,,,0,0.0,periferico
ES_44146,44146,"Mata de los Olmos, La",11.79258372,280.0,0,0,0.0,0.0,0,0.0,0,0,0,0,,,0,0.0,periferico
ES_44147,44147,Mazaleón,5.63441149,486.0,0,0,0.0,0.0,0,0.0,0,0,0,0,,,0,0.0,periferico
ES_44148,44148,Mezquita de Jarque,2.63277781,82.0,0,0,0.0,0.0,0,0.0,0,0,0,0,,,0,0.0,periferico
ES_44149,44149,Mirambel,2.3091928,105.0,0,0,0.0,0.0,0,0.0,0,0,0,0,,,0,0.0,periferico
ES_44150,44150,Miravete de la Sierra,0.76673768,28.0,0,0,0.0,0.0,0,0.0,0,0,0,0,,,0,0.0,periferico
ES_44151,44151,Molinos,2.81281107,224.0,0,0,0.0,0.0,0,0.0,0,0,0,0,,,0,0.0,periferico
ES_50198,50198,Oseja,3.76229237,47.0,0,0,0.0,0.0,0,0.0,0,0,0,0,,,0,0.0,periferico
ES_50199,50199,Osera de Ebro,16.29486738,401.0,0,0,0.0,0.0,0,0.0,0,0,0,0,,,0,0.0,periferico
ES_50200,50200,Paniza,12.56413167,594.0,0,0,0.0,0.0,0,0.0,0,0,0,0,,,0,0.0,periferico
ES_50201,50201,Paracuellos de Jiloca,18.35159849,588.0,0,0,0.0,0.0,0,0.0,0,0,0,0,,,0,0.0,periferico
ES_50202,50202,Paracuellos de la Ribera,7.61896135,114.0,0,0,0.0,0.0,0,0.0,0,0,0,0,,,0,0.0,periferico
ES_50204,50204,Pedrola,32.57653896,3704.0,0,0,0.0,0.0,0,0.0,0,0,0,0,,,0,0.0,periferico
ES_50205,50205,"Pedrosas, Las",5.41849962,99.0,0,0,0.0,0.0,0,0.0,0,0,0,0,,,0,0.0,periferico
ES_50206,50206,Perdiguera,5.03762988,553.0,0,0,0.0,0.0,0,0.0,0,0,0,0,,,0,0.0,periferico
ES_50207,50207,Piedratajada,3.93255766,89.0,0,0,0.0,0.0,0,0.0,0,0,0,0,,,0,0.0,periferico
ES_50208,50208,Pina de Ebro,7.93812389,2454.0,0,0,0.0,0.0,0,0.0,0,0,0,0,,,0,0.0,periferico
ES_50209,50209,Pinseque,269.27564154,4337.0,0,0,0.0,0.0,0,0.0,0,0,0,0,,,0,0.0,periferico
ES_50211,50211,Plasencia de Jalón,10.25069911,356.0,0,0,0.0,0.0,0,0.0,0,0,0,0,,,0,0.0,periferico
ES_50212,50212,Pleitas,15.37930762,33.0,0,0,0.0,0.0,0,0.0,0,0,0,0,,,0,0.0,periferico
ES_50214,50214,Pomer,0.78481708,26.0,0,0,0.0,0.0,0,0.0,0,0,0,0,,,0,0.0,periferico
ES_50215,50215,Pozuel de Ariza,1.0171435,23.0,0,0,0.0,0.0,0,0.0,0,0,0,0,,,0,0.0,periferico
ES_50216,50216,Pozuelo de Aragón,8.04226137,258.0,0,0,0.0,0.0,0,0.0,0,0,0,0,,,0,0.0,periferico
ES_50217,50217,Pradilla de Ebro,22.27032791,566.0,0,0,0.0,0.0,0,0.0,0,0,0,0,,,0,0.0,periferico
ES_50218,50218,Puebla de Albortón,1.76107534,131.0,0,0,0.0,0.0,0,0.0,0,0,0,0,,,0,0.0,periferico
ES_50219,50219,"Puebla de Alfindén, La",382.21089205,6497.0,0,0,0.0,0.0,0,0.0,0,0,0,0,,,0,0.0,periferico
ES_50221,50221,Purujosa,0.84329957,30.0,0,0,0.0,0.0,0,0.0,0,0,0,0,,,0,0.0,periferico
ES_50222,50222,Quinto,15.82274011,1871.0,0,0,0.0,0.0,0,0.0,0,0,0,0,,,0,0.0,periferico
ES_50224,50224,Retascón,2.82213702,71.0,0,0,0.0,0.0,0,0.0,0,0,0,0,,,0,0.0,periferico
ES_50225,50225,Ricla,33.06338741,3006.0,0,0,0.0,0.0,0,0.0,0,0,0,0,,,0,0.0,periferico
ES_50227,50227,Romanos,7.57208086,148.0,0,0,0.0,0.0,0,0.0,0,0,0,0,,,0,0.0,periferico
ES_50228,50228,Rueda de Jalón,3.00784521,323.0,0,0,0.0,0.0,0,0.0,0,0,0,0,,,0,0.0,periferico
ES_50229,50229,Ruesca,6.02384176,70.0,0,0,0.0,0.0,0,0.0,0,0,0,0,,,0,0.0,periferico
ES_50230,50230,Sádaba,9.73556643,1261.0,0,0,0.0,0.0,0,0.0,0,0,0,0,,,0,0.0,periferico
ES_50231,50231,Salillas de Jalón,141.02113049,353.0,0,0,0.0,0.0,0,0.0,0,0,0,0,,,0,0.0,periferico
ES_50233,50233,Samper del Salz,8.01191924,92.0,0,0,0.0,0.0,0,0.0,0,0,0,0,,,0,0.0,periferico
ES_50234,50234,San Martín de la Virgen de Mon,49.97740422,271.0,0,0,0.0,0.0,0,0.0,0,0,0,0,,,0,0.0,periferico
ES_50235,50235,San Mateo de Gállego,48.03039875,3439.0,0,0,0.0,0.0,0,0.0,0,0,0,0,,,0,0.0,periferico
ES_50236,50236,Santa Cruz de Grío,4.96866087,97.0,0,0,0.0,0.0,0,0.0,0,0,0,0,,,0,0.0,periferico
ES_50237,50237,Santa Cruz de Moncayo,31.64577611,126.0,0,0,0.0,0.0,0,0.0,0,0,0,0,,,0,0.0,periferico
ES_50238,50238,Santa Eulalia de Gállego,3.24844144,96.0,0,0,0.0,0.0,0,0.0,0,0,0,0,,,0,0.0,periferico
ES_50239,50239,Santed,3.76174858,67.0,0,0,0.0,0.0,0,0.0,0,0,0,0,,,0,0.0,periferico
ES_50240,50240,Sástago,3.61106906,1087.0,0,0,0.0,0.0,0,0.0,0,0,0,0,,,0,0.0,periferico
ES_50242,50242,Sediles,9.55751835,112.0,0,0,0.0,0.0,0,0.0,0,0,0,0,,,0,0.0,periferico
ES_50243,50243,Sestrica,8.30252825,339.0,0,0,0.0,0.0,0,0.0,0,0,0,0,,,0,0.0,periferico
ES_50244,50244,Sierra de Luna,6.26789416,272.0,0,0,0.0,0.0,0,0.0,0,0,0,0,,,0,0.0,periferico
ES_50245,50245,Sigüés,0.68775778,70.0,0,0,0.0,0.0,0,0.0,0,0,0,0,,,0,0.0,periferico
ES_50246,50246,Sisamón,1.08348332,45.0,0,0,0.0,0.0,0,0.0,0,0,0,0,,,0,0.0,periferico
ES_50247,50247,Sobradiel,92.76283064,1120.0,0,0,0.0,0.0,0,0.0,0,0,0,0,,,0,0.0,periferico
ES_50248,50248,Sos del Rey Católico,2.6906099,583.0,0,0,0.0,0.0,0,0.0,0,0,0,0,,,0,0.0,periferico
ES_50250,50250,Talamantes,1.78909446,84.0,0,0,0.0,0.0,0,0.0,0,0,0,0,,,0,0.0,periferico
ES_50251,50251,Tarazona,43.77662678,10683.0,0,0,0.0,0.0,0,0.0,0,0,0,0,,,0,0.0,periferico
ES_50252,50252,Tauste,16.78539175,6802.0,0,0,0.0,0.0,0,0.0,0,0,0,0,,,0,0.0,periferico
ES_50253,50253,Terrer,16.41523593,554.0,0,0,0.0,0.0,0,0.0,0,0,0,0,,,0,0.0,periferico
ES_50254,50254,Tierga,2.62974264,174.0,0,0,0.0,0.0,0,0.0,0,0,0,0,,,0,0.0,periferico
ES_50255,50255,Tobed,6.17443783,200.0,0,0,0.0,0.0,0,0.0,0,0,0,0,,,0,0.0,periferico
ES_50256,50256,Torralba de los Frailes,1.21564248,72.0,0,0,0.0,0.0,0,0.0,0,0,0,0,,,0,0.0,periferico
ES_50257,50257,Torralba de Ribota,5.44152937,177.0,0,0,0.0,0.0,0,0.0,0,0,0,0,,,0,0.0,periferico
ES_50258,50258,Torralbilla,1.70212314,44.0,0,0,0.0,0.0,0,0.0,0,0,0,0,,,0,0.0,periferico
ES_50260,50260,Torrelapaja,2.04349973,32.0,0,0,0.0,0.0,0,0.0,0,0,0,0,,,0,0.0,periferico
ES_50262,50262,Torres de Berrellén,27.84622439,1498.0,0,0,0.0,0.0,0,0.0,0,0,0,0,,,0,0.0,periferico
ES_50263,50263,Torrijo de la Cañada,2.68282192,200.0,0,0,0.0,0.0,0,0.0,0,0,0,0,,,0,0.0,periferico
ES_50264,50264,Tosos,2.43238536,167.0,0,0,0.0,0.0,0,0.0,0,0,0,0,,,0,0.0,periferico
ES_50265,50265,Trasmoz,4.49174253,82.0,0,0,0.0,0.0,0,0.0,0,0,0,0,,,0,0.0,periferico
ES_50266,50266,Trasobares,1.71450384,123.0,0,0,0.0,0.0,0,0.0,0,0,0,0,,,0,0.0,periferico
ES_50267,50267,Uncastillo,2.71134005,626.0,0,0,0.0,0.0,0,0.0,0,0,0,0,,,0,0.0,periferico
ES_50270,50270,Urriés,1.31466919,49.0,0,0,0.0,0.0,0,0.0,0,0,0,0,,,0,0.0,periferico
ES_19223,19223,Poveda de la Sierra,2.18428748,113.0,0,0,0.0,0.0,0,0.0,0,0,0,0,,,0,0.0,periferico
ES_19224,19224,Pozo de Almoguera,6.81975788,114.0,0,0,0.0,0.0,0,0.0,0,0,0,0,,,0,0.0,periferico
ES_19225,19225,Pozo de Guadalajara,137.97034288,1628.0,0,0,0.0,0.0,0,0.0,0,0,0,0,,,0,0.0,periferico
ES_19226,19226,Prádena de Atienza,1.94063889,56.0,0,0,0.0,0.0,0,0.0,0,0,0,0,,,0,0.0,periferico
ES_19227,19227,Prados Redondos,0.99168723,53.0,0,0,0.0,0.0,0,0.0,0,0,0,0,,,0,0.0,periferico
ES_19228,19228,Puebla de Beleña,1.85285283,54.0,0,0,0.0,0.0,0,0.0,0,0,0,0,,,0,0.0,periferico
ES_19229,19229,Puebla de Valles,2.44006517,67.0,0,0,0.0,0.0,0,0.0,0,0,0,0,,,0,0.0,periferico
ES_19230,19230,Quer,72.52039848,1039.0,0,0,0.0,0.0,0,0.0,0,0,0,0,,,0,0.0,periferico
ES_19233,19233,Renera,4.99571,101.0,0,0,0.0,0.0,0,0.0,0,0,0,0,,,0,0.0,periferico
ES_19234,19234,Retiendas,2.57636944,54.0,0,0,0.0,0.0,0,0.0,0,0,0,0,,,0,0.0,periferico
ES_19235,19235,Riba de Saelices,1.54358331,103.0,0,0,0.0,0.0,0,0.0,0,0,0,0,,,0,0.0,periferico
ES_19237,19237,Rillo de Gallo,1.77546993,46.0,0,0,0.0,0.0,0,0.0,0,0,0,0,,,0,0.0,periferico
ES_19238,19238,Riofrío del Llano,1.49008093,64.0,0,0,0.0,0.0,0,0.0,0,0,0,0,,,0,0.0,periferico
ES_19239,19239,Robledillo de Mohernando,6.10836065,181.0,0,0,0.0,0.0,0,0.0,0,0,0,0,,,0,0.0,periferico
ES_19240,19240,Robledo de Corpes,1.14289156,47.0,0,0,0.0,0.0,0,0.0,0,0,0,0,,,0,0.0,periferico
ES_19241,19241,Romanillos de Atienza,1.30055348,31.0,0,0,0.0,0.0,0,0.0,0,0,0,0,,,0,0.0,periferico
ES_19242,19242,Romanones,4.01292192,116.0,0,0,0.0,0.0,0,0.0,0,0,0,0,,,0,0.0,periferico
ES_19243,19243,Rueda de la Sierra,0.72505028,37.0,0,0,0.0,0.0,0,0.0,0,0,0,0,,,0,0.0,periferico
ES_19245,19245,Sacedón,14.20869797,1582.0,0,0,0.0,0.0,0,0.0,0,0,0,0,,,0,0.0,periferico
ES_19247,19247,Salmerón,3.95882663,144.0,0,0,0.0,0.0,0,0.0,0,0,0,0,,,0,0.0,periferico
ES_19248,19248,San Andrés del Congosto,4.98840478,76.0,0,0,0.0,0.0,0,0.0,0,0,0,0,,,0,0.0,periferico
ES_19249,19249,San Andrés del Rey,2.65003031,39.0,0,0,0.0,0.0,0,0.0,0,0,0,0,,,0,0.0,periferico
ES_19250,19250,Santiuste,1.51815816,16.0,0,0,0.0,0.0,0,0.0,0,0,0,0,,,0,0.0,periferico
ES_19251,19251,Saúca,0.93937961,46.0,0,0,0.0,0.0,0,0.0,0,0,0,0,,,0,0.0,periferico
ES_19252,19252,Sayatón,1.47715794,67.0,0,0,0.0,0.0,0,0.0,0,0,0,0,,,0,0.0,periferico
ES_19255,19255,Setiles,1.42686284,81.0,0,0,0.0,0.0,0,0.0,0,0,0,0,,,0,0.0,periferico
ES_19257,19257,Sigüenza,12.26466934,4745.0,0,0,0.0,0.0,0,0.0,0,0,0,0,,,0,0.0,periferico
ES_19258,19258,Solanillos del Extremo,2.46780862,86.0,0,0,0.0,0.0,0,0.0,0,0,0,0,,,0,0.0,periferico
ES_19260,19260,"Sotillo, El",1.40087997,34.0,0,0,0.0,0.0,0,0.0,0,0,0,0,,,0,0.0,periferico
ES_19261,19261,Sotodosos,1.00075372,29.0,0,0,0.0,0.0,0,0.0,0,0,0,0,,,0,0.0,periferico
ES_19262,19262,Tamajón,1.28108997,149.0,0,0,0.0,0.0,0,0.0,0,0,0,0,,,0,0.0,periferico
ES_19263,19263,Taragudo,8.12698972,52.0,0,0,0.0,0.0,0,0.0,0,0,0,0,,,0,0.0,periferico
ES_19264,19264,Taravilla,0.69221866,42.0,0,0,0.0,0.0,0,0.0,0,0,0,0,,,0,0.0,periferico
ES_19266,19266,Tendilla,13.92054919,318.0,0,0,0.0,0.0,0,0.0,0,0,0,0,,,0,0.0,periferico
ES_19267,19267,Terzaga,0.56179409,19.0,0,0,0.0,0.0,0,0.0,0,0,0,0,,,0,0.0,periferico
ES_19268,19268,Tierzo,0.92325258,37.0,0,0,0.0,0.0,0,0.0,0,0,0,0,,,0,0.0,periferico
ES_19270,19270,Tordelrábano,1.37703054,16.0,0,0,0.0,0.0,0,0.0,0,0,0,0,,,0,0.0,periferico
ES_40145,40145,Navas de Oro,20.43440041,1272.0,0,0,0.0,0.0,0,0.0,0,0,0,0,,,0,0.0,periferico
ES_40146,40146,Navas de San Antonio,5.46916543,377.0,0,0,0.0,0.0,0,0.0,0,0,0,0,,,0,0.0,periferico
ES_40148,40148,Nieva,7.5421027,255.0,0,0,0.0,0.0,0,0.0,0,0,0,0,,,0,0.0,periferico
ES_40151,40151,Ortigosa de Pestaño,5.81941107,49.0,0,0,0.0,0.0,0,0.0,0,0,0,0,,,0,0.0,periferico
ES_40152,40152,Otero de Herreros,21.90184561,957.0,0,0,0.0,0.0,0,0.0,0,0,0,0,,,0,0.0,periferico
ES_40154,40154,Pajarejos,3.15057605,26.0,0,0,0.0,0.0,0,0.0,0,0,0,0,,,0,0.0,periferico
ES_40155,40155,Palazuelos de Eresma,158.82785779,5839.0,0,0,0.0,0.0,0,0.0,0,0,0,0,,,0,0.0,periferico
ES_40156,40156,Pedraza,11.52440468,364.0,0,0,0.0,0.0,0,0.0,0,0,0,0,,,0,0.0,periferico
ES_40157,40157,Pelayos del Arroyo,3.61235489,45.0,0,0,0.0,0.0,0,0.0,0,0,0,0,,,0,0.0,periferico
ES_40158,40158,Perosillo,1.98048662,20.0,0,0,0.0,0.0,0,0.0,0,0,0,0,,,0,0.0,periferico
ES_40159,40159,Pinarejos,5.95469683,177.0,0,0,0.0,0.0,0,0.0,0,0,0,0,,,0,0.0,periferico
ES_40163,40163,Puebla de Pedraza,2.89469864,51.0,0,0,0.0,0.0,0,0.0,0,0,0,0,,,0,0.0,periferico
ES_40164,40164,Rapariegos,8.0369432,197.0,0,0,0.0,0.0,0,0.0,0,0,0,0,,,0,0.0,periferico
ES_40165,40165,Rebollo,5.37124618,75.0,0,0,0.0,0.0,0,0.0,0,0,0,0,,,0,0.0,periferico
ES_40166,40166,Remondo,36.53102921,310.0,0,0,0.0,0.0,0,0.0,0,0,0,0,,,0,0.0,periferico
ES_40168,40168,Riaguas de San Bartolomé,2.48766506,29.0,0,0,0.0,0.0,0,0.0,0,0,0,0,,,0,0.0,periferico
ES_40170,40170,Riaza,14.37006406,2147.0,0,0,0.0,0.0,0,0.0,0,0,0,0,,,0,0.0,periferico
ES_40171,40171,Ribota,2.12728668,46.0,0,0,0.0,0.0,0,0.0,0,0,0,0,,,0,0.0,periferico
ES_40172,40172,Riofrío de Riaza,1.43170984,39.0,0,0,0.0,0.0,0,0.0,0,0,0,0,,,0,0.0,periferico
ES_40176,40176,Samboal,9.75027716,463.0,0,0,0.0,0.0,0,0.0,0,0,0,0,,,0,0.0,periferico
ES_40177,40177,San Cristóbal de Cuéllar,10.29661421,152.0,0,0,0.0,0.0,0,0.0,0,0,0,0,,,0,0.0,periferico
ES_40178,40178,San Cristóbal de la Vega,5.46958081,83.0,0,0,0.0,0.0,0,0.0,0,0,0,0,,,0,0.0,periferico
ES_40179,40179,Sanchonuño,34.78162792,1018.0,0,0,0.0,0.0,0,0.0,0,0,0,0,,,0,0.0,periferico
ES_40180,40180,Sangarcía,7.67573937,288.0,0,0,0.0,0.0,0,0.0,0,0,0,0,,,0,0.0,periferico
ES_40181,40181,Real Sitio de San Ildefonso,35.68204437,5180.0,0,0,0.0,0.0,0,0.0,0,0,0,0,,,0,0.0,periferico
ES_40182,40182,San Martín y Mudrián,5.4560003,232.0,0,0,0.0,0.0,0,0.0,0,0,0,0,,,0,0.0,periferico
ES_40183,40183,San Miguel de Bernuy,7.57986975,139.0,0,0,0.0,0.0,0,0.0,0,0,0,0,,,0,0.0,periferico
ES_40185,40185,Santa María la Real de Nieva,5.04063789,906.0,0,0,0.0,0.0,0,0.0,0,0,0,0,,,0,0.0,periferico
ES_40188,40188,Santiuste de Pedraza,2.93112372,85.0,0,0,0.0,0.0,0,0.0,0,0,0,0,,,0,0.0,periferico
ES_40189,40189,Santiuste de San Juan Bautista,11.70428455,533.0,0,0,0.0,0.0,0,0.0,0,0,0,0,,,0,0.0,periferico
ES_40190,40190,Santo Domingo de Pirón,1.73891384,48.0,0,0,0.0,0.0,0,0.0,0,0,0,0,,,0,0.0,periferico
ES_40191,40191,Santo Tomé del Puerto,4.37985824,249.0,0,0,0.0,0.0,0,0.0,0,0,0,0,,,0,0.0,periferico
ES_40192,40192,Sauquillo de Cabezas,6.96252094,141.0,0,0,0.0,0.0,0,0.0,0,0,0,0,,,0,0.0,periferico
ES_40193,40193,Sebúlcor,9.19686666,255.0,0,0,0.0,0.0,0,0.0,0,0,0,0,,,0,0.0,periferico
ES_40195,40195,Sepúlveda,7.51548992,993.0,0,0,0.0,0.0,0,0.0,0,0,0,0,,,0,0.0,periferico
ES_40196,40196,Sequera de Fresno,3.31014805,44.0,0,0,0.0,0.0,0,0.0,0,0,0,0,,,0,0.0,periferico
ES_40198,40198,Sotillo,1.47618841,30.0,0,0,0.0,0.0,0,0.0,0,0,0,0,,,0,0.0,periferico
ES_40200,40200,Tabanera la Luenga,4.19256273,54.0,0,0,0.0,0.0,0,0.0,0,0,0,0,,,0,0.0,periferico
ES_40202,40202,Torreadrada,1.58202195,52.0,0,0,0.0,0.0,0,0.0,0,0,0,0,,,0,0.0,periferico
ES_40203,40203,Torrecaballeros,34.39995026,1454.0,0,0,0.0,0.0,0,0.0,0,0,0,0,,,0,0.0,periferico
ES_40204,40204,Torrecilla del Pinar,9.42178016,185.0,0,0,0.0,0.0,0,0.0,0,0,0,0,,,0,0.0,periferico
ES_40205,40205,Torreiglesias,4.61296032,254.0,0,0,0.0,0.0,0,0.0,0,0,0,0,,,0,0.0,periferico
ES_40206,40206,Torre Val de San Pedro,4.29782607,191.0,0,0,0.0,0.0,0,0.0,0,0,0,0,,,0,0.0,periferico
ES_40207,40207,Trescasas,33.70578774,1103.0,0,0,0.0,0.0,0,0.0,0,0,0,0,,,0,0.0,periferico
ES_40208,40208,Turégano,14.19002254,1004.0,0,0,0.0,0.0,0,0.0,0,0,0,0,,,0,0.0,periferico
ES_40211,40211,Valdeprados,3.13504082,61.0,0,0,0.0,0.0,0,0.0,0,0,0,0,,,0,0.0,periferico
ES_40212,40212,Valdevacas de Montejo,1.59759589,28.0,0,0,0.0,0.0,0,0.0,0,0,0,0,,,0,0.0,periferico
ES_40214,40214,Valseca,9.77435338,227.0,0,0,0.0,0.0,0,0.0,0,0,0,0,,,0,0.0,periferico
ES_40215,40215,Valtiendas,2.01848371,78.0,0,0,0.0,0.0,0,0.0,0,0,0,0,,,0,0.0,periferico
ES_40216,40216,Valverde del Majano,37.0363654,1148.0,0,0,0.0,0.0,0,0.0,0,0,0,0,,,0,0.0,periferico
ES_40218,40218,Valle de Tabladillo,4.62693312,76.0,0,0,0.0,0.0,0,0.0,0,0,0,0,,,0,0.0,periferico
ES_40219,40219,Vallelado,19.05796449,702.0,0,0,0.0,0.0,0,0.0,0,0,0,0,,,0,0.0,periferico
ES_40220,40220,Valleruela de Pedraza,8.24939469,80.0,0,0,0.0,0.0,0,0.0,0,0,0,0,,,0,0.0,periferico
ES_40222,40222,Veganzones,9.65207593,212.0,0,0,0.0,0.0,0,0.0,0,0,0,0,,,0,0.0,periferico
ES_40223,40223,Vegas de Matute,15.00303252,329.0,0,0,0.0,0.0,0,0.0,0,0,0,0,,,0,0.0,periferico
ES_40224,40224,Ventosilla y Tejadilla,2.50579887,15.0,0,0,0.0,0.0,0,0.0,0,0,0,0,,,0,0.0,periferico
ES_40225,40225,Villacastín,13.93494968,1527.0,0,0,0.0,0.0,0,0.0,0,0,0,0,,,0,0.0,periferico
ES_40228,40228,Villaverde de Íscar,21.01176008,584.0,0,0,0.0,0.0,0,0.0,0,0,0,0,,,0,0.0,periferico
ES_40230,40230,Villeguillo,7.54788699,126.0,0,0,0.0,0.0,0,0.0,0,0,0,0,,,0,0.0,periferico
ES_40231,40231,Yanguas de Eresma,5.10330147,124.0,0,0,0.0,0.0,0,0.0,0,0,0,0,,,0,0.0,periferico
ES_40233,40233,Zarzuela del Monte,17.41030768,494.0,0,0,0.0,0.0,0,0.0,0,0,0,0,,,0,0.0,periferico
ES_40234,40234,Zarzuela del Pinar,23.04302276,409.0,0,0,0.0,0.0,0,0.0,0,0,0,0,,,0,0.0,periferico
ES_40901,40901,Ortigosa del Monte,37.38462868,576.0,0,0,0.0,0.0,0,0.0,0,0,0,0,,,0,0.0,periferico
ES_40902,40902,Cozuelos de Fuentidueña,7.47719455,114.0,0,0,0.0,0.0,0,0.0,0,0,0,0,,,0,0.0,periferico
ES_40904,40904,Navas de Riofrío,30.0107026,426.0,0,0,0.0,0.0,0,0.0,0,0,0,0,,,0,0.0,periferico
ES_40905,40905,Cuevas de Provanco,3.30459469,127.0,0,0,0.0,0.0,0,0.0,0,0,0,0,,,0,0.0,periferico
ES_41001,41001,Aguadulce,149.35111312,2047.0,0,0,0.0,0.0,0,0.0,0,0,0,0,,,0,0.0,periferico
ES_41002,41002,Alanís,5.95543243,1674.0,0,0,0.0,0.0,0,0.0,0,0,0,0,,,0,0.0,periferico
ES_41003,41003,Albaida del Aljarafe,298.03632226,3259.0,0,0,0.0,0.0,0,0.0,0,0,0,0,,,0,0.0,periferico
ES_44152,44152,Monforte de Moyuela,1.73871305,83.0,0,0,0.0,0.0,0,0.0,0,0,0,0,,,0,0.0,periferico
ES_44153,44153,Monreal del Campo,27.92271682,2487.0,0,0,0.0,0.0,0,0.0,0,0,0,0,,,0,0.0,periferico
ES_44154,44154,Monroyo,4.026622,319.0,0,0,0.0,0.0,0,0.0,0,0,0,0,,,0,0.0,periferico
ES_44155,44155,Montalbán,14.37191359,1180.0,0,0,0.0,0.0,0,0.0,0,0,0,0,,,0,0.0,periferico
ES_44156,44156,Monteagudo del Castillo,0.97017301,43.0,0,0,0.0,0.0,0,0.0,0,0,0,0,,,0,0.0,periferico
ES_44157,44157,Monterde de Albarracín,1.23932564,56.0,0,0,0.0,0.0,0,0.0,0,0,0,0,,,0,0.0,periferico
ES_44159,44159,Moscardón,2.08077686,56.0,0,0,0.0,0.0,0,0.0,0,0,0,0,,,0,0.0,periferico
ES_44160,44160,Mosqueruela,2.01699875,535.0,0,0,0.0,0.0,0,0.0,0,0,0,0,,,0,0.0,periferico
ES_44161,44161,Muniesa,4.47022592,580.0,0,0,0.0,0.0,0,0.0,0,0,0,0,,,0,0.0,periferico
ES_44165,44165,Nogueruelas,1.94719274,194.0,0,0,0.0,0.0,0,0.0,0,0,0,0,,,0,0.0,periferico
ES_44167,44167,Obón,0.51195169,35.0,0,0,0.0,0.0,0,0.0,0,0,0,0,,,0,0.0,periferico
ES_44168,44168,Odón,2.78753211,207.0,0,0,0.0,0.0,0,0.0,0,0,0,0,,,0,0.0,periferico
ES_44169,44169,Ojos Negros,3.62791081,330.0,0,0,0.0,0.0,0,0.0,0,0,0,0,,,0,0.0,periferico
ES_44171,44171,Olba,13.25121769,278.0,0,0,0.0,0.0,0,0.0,0,0,0,0,,,0,0.0,periferico
ES_44172,44172,Oliete,4.11601496,352.0,0,0,0.0,0.0,0,0.0,0,0,0,0,,,0,0.0,periferico
ES_44174,44174,Orihuela del Tremedal,6.32136729,452.0,0,0,0.0,0.0,0,0.0,0,0,0,0,,,0,0.0,periferico
ES_44175,44175,Orrios,2.78011679,123.0,0,0,0.0,0.0,0,0.0,0,0,0,0,,,0,0.0,periferico
ES_44177,44177,Pancrudo,1.1385123,114.0,0,0,0.0,0.0,0,0.0,0,0,0,0,,,0,0.0,periferico
ES_46149,46149,Losa del Obispo,42.70752674,520.0,0,0,0.0,0.0,0,0.0,0,0,0,0,,,0,0.0,periferico
ES_46150,46150,Llutxent,57.79975007,2319.0,0,0,0.0,0.0,0,0.0,0,0,0,0,,,0,0.0,periferico
ES_46151,46151,Llocnou d'En Fenollet,647.56932304,914.0,0,0,0.0,0.0,0,0.0,0,0,0,0,,,0,0.0,periferico
ES_46152,46152,Llocnou de la Corona,6395.56628646,125.0,0,0,0.0,0.0,0,0.0,0,0,0,0,,,0,0.0,periferico
ES_46153,46153,Llocnou de Sant Jeroni,87.54321149,567.0,0,0,0.0,0.0,0,0.0,0,0,0,0,,,0,0.0,periferico
ES_46155,46155,Llaurí,88.31037917,1204.0,0,0,0.0,0.0,0,0.0,0,0,0,0,,,0,0.0,periferico
ES_46156,46156,Llombai,48.23251298,2680.0,0,0,0.0,0.0,0,0.0,0,0,0,0,,,0,0.0,periferico
ES_46157,46157,"Llosa de Ranes, la",522.82461068,3685.0,0,0,0.0,0.0,0,0.0,0,0,0,0,,,0,0.0,periferico
ES_46158,46158,Macastre,38.28228549,1439.0,0,0,0.0,0.0,0,0.0,0,0,0,0,,,0,0.0,periferico
ES_46159,46159,Manises,1609.77111237,31647.0,0,0,0.0,0.0,0,0.0,0,0,0,0,,,0,0.0,periferico
ES_46160,46160,Manuel,410.58604946,2500.0,0,0,0.0,0.0,0,0.0,0,0,0,0,,,0,0.0,periferico
ES_46161,46161,Marines,55.07146133,1966.0,0,0,0.0,0.0,0,0.0,0,0,0,0,,,0,0.0,periferico
ES_46162,46162,Massalavés,231.41423511,1733.0,0,0,0.0,0.0,0,0.0,0,0,0,0,,,0,0.0,periferico
ES_46163,46163,Massalfassar,1020.25115643,2609.0,0,0,0.0,0.0,0,0.0,0,0,0,0,,,0,0.0,periferico
ES_46164,46164,Massamagrell,2741.34216656,16839.0,0,0,0.0,0.0,0,0.0,0,0,0,0,,,0,0.0,periferico
ES_46166,46166,Meliana,2316.1390377,10922.0,0,0,0.0,0.0,0,0.0,0,0,0,0,,,0,0.0,periferico
ES_46167,46167,Millares,3.27764531,346.0,0,0,0.0,0.0,0,0.0,0,0,0,0,,,0,0.0,periferico
ES_46168,46168,Miramar,1169.2607824,2972.0,0,0,0.0,0.0,0,0.0,0,0,0,0,,,0,0.0,periferico
ES_46169,46169,Mislata,22463.63688026,45695.0,0,0,0.0,0.0,0,0.0,0,0,0,0,,,0,0.0,periferico
ES_46171,46171,Moncada,1396.47579197,22119.0,0,0,0.0,0.0,0,0.0,0,0,0,0,,,0,0.0,periferico
ES_46172,46172,Montserrat,204.93939644,9338.0,0,0,0.0,0.0,0,0.0,0,0,0,0,,,0,0.0,periferico
ES_46175,46175,Montitxelvo,69.44770223,567.0,0,0,0.0,0.0,0,0.0,0,0,0,0,,,0,0.0,periferico
ES_46176,46176,Montroi,104.49184744,3285.0,0,0,0.0,0.0,0,0.0,0,0,0,0,,,0,0.0,periferico
ES_46177,46177,Museros,549.13144852,6841.0,0,0,0.0,0.0,0,0.0,0,0,0,0,,,0,0.0,periferico
ES_46178,46178,Nàquera,211.56415176,8198.0,0,0,0.0,0.0,0,0.0,0,0,0,0,,,0,0.0,periferico
ES_46179,46179,Navarrés,65.00182492,3058.0,0,0,0.0,0.0,0,0.0,0,0,0,0,,,0,0.0,periferico
ES_46181,46181,Oliva,430.20642627,25799.0,0,0,0.0,0.0,0,0.0,0,0,0,0,,,0,0.0,periferico
ES_46182,46182,Olocau,61.24303841,2294.0,0,0,0.0,0.0,0,0.0,0,0,0,0,,,0,0.0,periferico
ES_46184,46184,Ontinyent,287.83229239,36112.0,0,0,0.0,0.0,0,0.0,0,0,0,0,,,0,0.0,periferico
ES_46185,46185,Otos,39.34986187,436.0,0,0,0.0,0.0,0,0.0,0,0,0,0,,,0,0.0,periferico
ES_46186,46186,Paiporta,6910.75200331,27292.0,0,0,0.0,0.0,0,0.0,0,0,0,0,,,0,0.0,periferico
ES_46187,46187,Palma de Gandía,125.79813824,1750.0,0,0,0.0,0.0,0,0.0,0,0,0,0,,,0,0.0,periferico
ES_46188,46188,Palmera,1073.96769382,1044.0,0,0,0.0,0.0,0,0.0,0,0,0,0,,,0,0.0,periferico
ES_46189,46189,"Palomar, el",76.02793315,589.0,0,0,0.0,0.0,0,0.0,0,0,0,0,,,0,0.0,periferico
ES_46190,46190,Paterna,2049.49965353,73362.0,0,0,0.0,0.0,0,0.0,0,0,0,0,,,0,0.0,periferico
ES_46192,46192,Petrés,590.69467631,1107.0,0,0,0.0,0.0,0,0.0,0,0,0,0,,,0,0.0,periferico
ES_46194,46194,Picassent,258.61832717,22195.0,0,0,0.0,0.0,0,0.0,0,0,0,0,,,0,0.0,periferico
ES_46195,46195,Piles,779.94663367,3072.0,0,0,0.0,0.0,0,0.0,0,0,0,0,,,0,0.0,periferico
ES_46196,46196,Pinet,13.14354405,156.0,0,0,0.0,0.0,0,0.0,0,0,0,0,,,0,0.0,periferico
ES_46197,46197,Polinyà de Xúquer,278.74046222,2560.0,0,0,0.0,0.0,0,0.0,0,0,0,0,,,0,0.0,periferico
ES_46198,46198,Potries,350.52999097,1081.0,0,0,0.0,0.0,0,0.0,0,0,0,0,,,0,0.0,periferico
ES_46199,46199,"Pobla de Farnals, la",2432.16915114,8807.0,0,0,0.0,0.0,0,0.0,0,0,0,0,,,0,0.0,periferico
ES_46200,46200,"Pobla del Duc, la",129.66621453,2446.0,0,0,0.0,0.0,0,0.0,0,0,0,0,,,0,0.0,periferico
ES_46203,46203,"Pobla Llarga, la",445.92205813,4501.0,0,0,0.0,0.0,0,0.0,0,0,0,0,,,0,0.0,periferico
ES_46204,46204,"Puig de Santa Maria, el",334.3653201,8978.0,0,0,0.0,0.0,0,0.0,0,0,0,0,,,0,0.0,periferico
ES_46205,46205,Puçol,1148.85073212,20742.0,0,0,0.0,0.0,0,0.0,0,0,0,0,,,0,0.0,periferico
ES_46207,46207,Rafelbunyol,2261.4912517,9465.0,0,0,0.0,0.0,0,0.0,0,0,0,0,,,0,0.0,periferico
ES_46208,46208,Rafelcofer,678.62824572,1376.0,0,0,0.0,0.0,0,0.0,0,0,0,0,,,0,0.0,periferico
ES_46209,46209,Rafelguaraf,144.90175106,2354.0,0,0,0.0,0.0,0,0.0,0,0,0,0,,,0,0.0,periferico
ES_46210,46210,Ráfol de Salem,107.56529505,465.0,0,0,0.0,0.0,0,0.0,0,0,0,0,,,0,0.0,periferico
ES_46211,46211,"Real de Gandia, el",437.78122708,2652.0,0,0,0.0,0.0,0,0.0,0,0,0,0,,,0,0.0,periferico
ES_46213,46213,Requena,25.25364622,20565.0,0,0,0.0,0.0,0,0.0,0,0,0,0,,,0,0.0,periferico
ES_46215,46215,Riola,318.18723862,1779.0,0,0,0.0,0.0,0,0.0,0,0,0,0,,,0,0.0,periferico
ES_46216,46216,Rocafort,3306.2570319,7581.0,0,0,0.0,0.0,0,0.0,0,0,0,0,,,0,0.0,periferico
ES_46217,46217,Rotglà i Corberà,185.23620642,1167.0,0,0,0.0,0.0,0,0.0,0,0,0,0,,,0,0.0,periferico
ES_46218,46218,Ròtova,168.52136224,1295.0,0,0,0.0,0.0,0,0.0,0,0,0,0,,,0,0.0,periferico
ES_46219,46219,Rugat,53.71347702,172.0,0,0,0.0,0.0,0,0.0,0,0,0,0,,,0,0.0,periferico
ES_46220,46220,Sagunt,532.59024487,70486.0,0,0,0.0,0.0,0,0.0,0,0,0,0,,,0,0.0,periferico
ES_46222,46222,Sant Joanet,293.89251643,544.0,0,0,0.0,0.0,0,0.0,0,0,0,0,,,0,0.0,periferico
ES_46223,46223,Sedaví,5906.34492407,10638.0,0,0,0.0,0.0,0,0.0,0,0,0,0,,,0,0.0,periferico
ES_46224,46224,Segart,25.89866286,172.0,0,0,0.0,0.0,0,0.0,0,0,0,0,,,0,0.0,periferico
ES_46225,46225,Sellent,27.54417674,386.0,0,0,0.0,0.0,0,0.0,0,0,0,0,,,0,0.0,periferico
ES_46226,46226,Sempere,8.14078305,31.0,0,0,0.0,0.0,0,0.0,0,0,0,0,,,0,0.0,periferico
ES_46228,46228,Serra,63.39718924,3629.0,0,0,0.0,0.0,0,0.0,0,0,0,0,,,0,0.0,periferico
ES_46229,46229,Siete Aguas,11.35561787,1256.0,0,0,0.0,0.0,0,0.0,0,0,0,0,,,0,0.0,periferico
ES_46231,46231,Simat de la Valldigna,85.41394976,3286.0,0,0,0.0,0.0,0,0.0,0,0,0,0,,,0,0.0,periferico
ES_46232,46232,Sinarcas,10.84350899,1111.0,0,0,0.0,0.0,0,0.0,0,0,0,0,,,0,0.0,periferico
ES_46234,46234,Sot de Chera,10.96281652,425.0,0,0,0.0,0.0,0,0.0,0,0,0,0,,,0,0.0,periferico
ES_46235,46235,Sueca,306.42348462,28362.0,0,0,0.0,0.0,0,0.0,0,0,0,0,,,0,0.0,periferico
ES_46236,46236,Sumacàrcer,52.97073113,1063.0,0,0,0.0,0.0,0,0.0,0,0,0,0,,,0,0.0,periferico
ES_46237,46237,Tavernes Blanques,12232.24507295,9451.0,0,0,0.0,0.0,0,0.0,0,0,0,0,,,0,0.0,periferico
ES_46239,46239,Teresa de Cofrentes,5.50564589,610.0,0,0,0.0,0.0,0,0.0,0,0,0,0,,,0,0.0,periferico
ES_46240,46240,Terrateig,45.66974445,288.0,0,0,0.0,0.0,0,0.0,0,0,0,0,,,0,0.0,periferico
ES_46241,46241,Titaguas,7.98835436,505.0,0,0,0.0,0.0,0,0.0,0,0,0,0,,,0,0.0,periferico
ES_46242,46242,Torrebaja,85.58451017,403.0,0,0,0.0,0.0,0,0.0,0,0,0,0,,,0,0.0,periferico
ES_46243,46243,Torrella,136.06002314,143.0,0,0,0.0,0.0,0,0.0,0,0,0,0,,,0,0.0,periferico
ES_46244,46244,Torrent,1262.20047256,87329.0,0,0,0.0,0.0,0,0.0,0,0,0,0,,,0,0.0,periferico
ES_46245,46245,Torres Torres,63.48746443,747.0,0,0,0.0,0.0,0,0.0,0,0,0,0,,,0,0.0,periferico
ES_46246,46246,Tous,10.60349643,1352.0,0,0,0.0,0.0,0,0.0,0,0,0,0,,,0,0.0,periferico
ES_46247,46247,Tuéjar,9.90947297,1208.0,0,0,0.0,0.0,0,0.0,0,0,0,0,,,0,0.0,periferico
ES_46248,46248,Turís,90.00915829,7247.0,0,0,0.0,0.0,0,0.0,0,0,0,0,,,0,0.0,periferico
ES_46250,46250,València,5970.12479706,804121.0,0,0,0.0,0.0,0,0.0,0,0,0,0,,,0,0.0,periferico
ES_46251,46251,Vallada,49.86198181,3068.0,0,0,0.0,0.0,0,0.0,0,0,0,0,,,0,0.0,periferico
ES_50014,50014,Alcalá de Moncayo,10.91565724,150.0,0,0,0.0,0.0,0,0.0,0,0,0,0,,,0,0.0,periferico
ES_50015,50015,Alconchel de Ariza,2.18056447,76.0,0,0,0.0,0.0,0,0.0,0,0,0,0,,,0,0.0,periferico
ES_50016,50016,Aldehuela de Liestos,1.34106131,51.0,0,0,0.0,0.0,0,0.0,0,0,0,0,,,0,0.0,periferico
ES_50017,50017,Alfajarín,17.66906491,2444.0,0,0,0.0,0.0,0,0.0,0,0,0,0,,,0,0.0,periferico
ES_50018,50018,Alfamén,14.30012915,1459.0,0,0,0.0,0.0,0,0.0,0,0,0,0,,,0,0.0,periferico
ES_50019,50019,Alforque,6.11831736,65.0,0,0,0.0,0.0,0,0.0,0,0,0,0,,,0,0.0,periferico
ES_50021,50021,Almochuel,0.6244708,20.0,0,0,0.0,0.0,0,0.0,0,0,0,0,,,0,0.0,periferico
ES_50022,50022,"Almolda, La",4.20280719,552.0,0,0,0.0,0.0,0,0.0,0,0,0,0,,,0,0.0,periferico
ES_50023,50023,Almonacid de la Cuba,4.09165925,226.0,0,0,0.0,0.0,0,0.0,0,0,0,0,,,0,0.0,periferico
ES_50024,50024,Almonacid de la Sierra,14.43476213,779.0,0,0,0.0,0.0,0,0.0,0,0,0,0,,,0,0.0,periferico
ES_50025,50025,"Almunia de Doña Godina, La",139.30257523,7891.0,0,0,0.0,0.0,0,0.0,0,0,0,0,,,0,0.0,periferico
ES_50026,50026,Alpartir,17.56653286,567.0,0,0,0.0,0.0,0,0.0,0,0,0,0,,,0,0.0,periferico
ES_50027,50027,Ambel,4.03342615,248.0,0,0,0.0,0.0,0,0.0,0,0,0,0,,,0,0.0,periferico
ES_50028,50028,Anento,5.15758517,111.0,0,0,0.0,0.0,0,0.0,0,0,0,0,,,0,0.0,periferico
ES_50029,50029,Aniñón,12.88835706,676.0,0,0,0.0,0.0,0,0.0,0,0,0,0,,,0,0.0,periferico
ES_50032,50032,Arándiga,5.32190368,267.0,0,0,0.0,0.0,0,0.0,0,0,0,0,,,0,0.0,periferico
ES_50033,50033,Ardisa,2.81949667,77.0,0,0,0.0,0.0,0,0.0,0,0,0,0,,,0,0.0,periferico
ES_50034,50034,Ariza,10.2816617,1060.0,0,0,0.0,0.0,0,0.0,0,0,0,0,,,0,0.0,periferico
ES_50035,50035,Artieda,5.96452075,81.0,0,0,0.0,0.0,0,0.0,0,0,0,0,,,0,0.0,periferico
ES_50037,50037,Atea,3.8939282,135.0,0,0,0.0,0.0,0,0.0,0,0,0,0,,,0,0.0,periferico
ES_50038,50038,Ateca,19.99645678,1693.0,0,0,0.0,0.0,0,0.0,0,0,0,0,,,0,0.0,periferico
ES_50039,50039,Azuara,3.196507,530.0,0,0,0.0,0.0,0,0.0,0,0,0,0,,,0,0.0,periferico
ES_50040,50040,Badules,3.68242304,74.0,0,0,0.0,0.0,0,0.0,0,0,0,0,,,0,0.0,periferico
ES_50041,50041,Bagüés,0.58561221,18.0,0,0,0.0,0.0,0,0.0,0,0,0,0,,,0,0.0,periferico
ES_50042,50042,Balconchán,0.87606157,17.0,0,0,0.0,0.0,0,0.0,0,0,0,0,,,0,0.0,periferico
ES_50044,50044,Bardallur,8.44882117,231.0,0,0,0.0,0.0,0,0.0,0,0,0,0,,,0,0.0,periferico
ES_50045,50045,Belchite,5.54117341,1527.0,0,0,0.0,0.0,0,0.0,0,0,0,0,,,0,0.0,periferico
ES_50047,50047,Berdejo,1.90715067,37.0,0,0,0.0,0.0,0,0.0,0,0,0,0,,,0,0.0,periferico
ES_50048,50048,Berrueco,1.6936985,33.0,0,0,0.0,0.0,0,0.0,0,0,0,0,,,0,0.0,periferico
ES_50050,50050,Bijuesca,1.66316937,95.0,0,0,0.0,0.0,0,0.0,0,0,0,0,,,0,0.0,periferico
ES_50051,50051,Biota,6.63098629,854.0,0,0,0.0,0.0,0,0.0,0,0,0,0,,,0,0.0,periferico
ES_50052,50052,Bisimbre,7.58233633,85.0,0,0,0.0,0.0,0,0.0,0,0,0,0,,,0,0.0,periferico
ES_50053,50053,Boquiñeni,41.61318279,785.0,0,0,0.0,0.0,0,0.0,0,0,0,0,,,0,0.0,periferico
ES_50054,50054,Bordalba,1.17932582,49.0,0,0,0.0,0.0,0,0.0,0,0,0,0,,,0,0.0,periferico
ES_50056,50056,Botorrita,28.88174735,572.0,0,0,0.0,0.0,0,0.0,0,0,0,0,,,0,0.0,periferico
ES_50057,50057,Brea de Aragón,113.61758882,1521.0,0,0,0.0,0.0,0,0.0,0,0,0,0,,,0,0.0,periferico
ES_50058,50058,Bubierca,2.03163259,60.0,0,0,0.0,0.0,0,0.0,0,0,0,0,,,0,0.0,periferico
ES_50059,50059,Bujaraloz,8.0571486,974.0,0,0,0.0,0.0,0,0.0,0,0,0,0,,,0,0.0,periferico
ES_50061,50061,Bureta,17.79077441,212.0,0,0,0.0,0.0,0,0.0,0,0,0,0,,,0,0.0,periferico
ES_50062,50062,"Burgo de Ebro, El",108.84298304000001,2696.0,0,0,0.0,0.0,0,0.0,0,0,0,0,,,0,0.0,periferico
ES_50063,50063,"Buste, El",8.2591842,63.0,0,0,0.0,0.0,0,0.0,0,0,0,0,,,0,0.0,periferico
ES_50065,50065,Cabolafuente,1.17216439,46.0,0,0,0.0,0.0,0,0.0,0,0,0,0,,,0,0.0,periferico
ES_50066,50066,Cadrete,383.57440699,4569.0,0,0,0.0,0.0,0,0.0,0,0,0,0,,,0,0.0,periferico
ES_50067,50067,Calatayud,127.81393985,19713.0,0,0,0.0,0.0,0,0.0,0,0,0,0,,,0,0.0,periferico
ES_50068,50068,Calatorao,59.54058148,2884.0,0,0,0.0,0.0,0,0.0,0,0,0,0,,,0,0.0,periferico
ES_50069,50069,Calcena,1.17405305,76.0,0,0,0.0,0.0,0,0.0,0,0,0,0,,,0,0.0,periferico
ES_50070,50070,Calmarza,2.06064449,58.0,0,0,0.0,0.0,0,0.0,0,0,0,0,,,0,0.0,periferico
ES_50072,50072,Carenas,6.02242274,188.0,0,0,0.0,0.0,0,0.0,0,0,0,0,,,0,0.0,periferico
ES_50073,50073,Cariñena,41.821234,3450.0,0,0,0.0,0.0,0,0.0,0,0,0,0,,,0,0.0,periferico
ES_50074,50074,Caspe,20.42920079,10280.0,0,0,0.0,0.0,0,0.0,0,0,0,0,,,0,0.0,periferico
ES_50076,50076,Castejón de las Armas,5.42929466,88.0,0,0,0.0,0.0,0,0.0,0,0,0,0,,,0,0.0,periferico
ES_50077,50077,Castejón de Valdejasa,1.84352279,203.0,0,0,0.0,0.0,0,0.0,0,0,0,0,,,0,0.0,periferico
ES_50078,50078,Castiliscar,5.38513952,219.0,0,0,0.0,0.0,0,0.0,0,0,0,0,,,0,0.0,periferico
ES_50079,50079,Cervera de la Cañada,9.37410822,274.0,0,0,0.0,0.0,0,0.0,0,0,0,0,,,0,0.0,periferico
ES_50080,50080,Cerveruela,1.57541179,37.0,0,0,0.0,0.0,0,0.0,0,0,0,0,,,0,0.0,periferico
ES_50081,50081,Cetina,7.15945909,564.0,0,0,0.0,0.0,0,0.0,0,0,0,0,,,0,0.0,periferico
ES_50083,50083,Cinco Olivas,45.0294707,101.0,0,0,0.0,0.0,0,0.0,0,0,0,0,,,0,0.0,periferico
ES_50085,50085,Codo,18.87530489,214.0,0,0,0.0,0.0,0,0.0,0,0,0,0,,,0,0.0,periferico
ES_50087,50087,Contamina,2.64684053,37.0,0,0,0.0,0.0,0,0.0,0,0,0,0,,,0,0.0,periferico
ES_50088,50088,Cosuenda,10.61113372,336.0,0,0,0.0,0.0,0,0.0,0,0,0,0,,,0,0.0,periferico
ES_50089,50089,Cuarte de Huerva,1660.32771575,14629.0,0,0,0.0,0.0,0,0.0,0,0,0,0,,,0,0.0,periferico
ES_50090,50090,Cubel,2.52574177,148.0,0,0,0.0,0.0,0,0.0,0,0,0,0,,,0,0.0,periferico
ES_50091,50091,"Cuerlas, Las",1.25853345,41.0,0,0,0.0,0.0,0,0.0,0,0,0,0,,,0,0.0,periferico
ES_50092,50092,Chiprana,13.65450723,533.0,0,0,0.0,0.0,0,0.0,0,0,0,0,,,0,0.0,periferico
ES_50093,50093,Chodes,5.94474816,95.0,0,0,0.0,0.0,0,0.0,0,0,0,0,,,0,0.0,periferico
ES_50094,50094,Daroca,37.54303243,1954.0,0,0,0.0,0.0,0,0.0,0,0,0,0,,,0,0.0,periferico
ES_50098,50098,Encinacorba,5.08940022,187.0,0,0,0.0,0.0,0,0.0,0,0,0,0,,,0,0.0,periferico
ES_50099,50099,Épila,23.16580961,4503.0,0,0,0.0,0.0,0,0.0,0,0,0,0,,,0,0.0,periferico
ES_50100,50100,Erla,19.16212901,363.0,0,0,0.0,0.0,0,0.0,0,0,0,0,,,0,0.0,periferico
ES_50101,50101,Escatrón,12.31236702,1171.0,0,0,0.0,0.0,0,0.0,0,0,0,0,,,0,0.0,periferico
ES_50102,50102,Fabara,10.4399958,1062.0,0,0,0.0,0.0,0,0.0,0,0,0,0,,,0,0.0,periferico
ES_50104,50104,Farlete,3.94744233,411.0,0,0,0.0,0.0,0,0.0,0,0,0,0,,,0,0.0,periferico
ES_50105,50105,Fayón,6.25581231,420.0,0,0,0.0,0.0,0,0.0,0,0,0,0,,,0,0.0,periferico
ES_50106,50106,"Fayos, Los",33.34629581,130.0,0,0,0.0,0.0,0,0.0,0,0,0,0,,,0,0.0,periferico
ES_50107,50107,Figueruelas,74.40699215,1255.0,0,0,0.0,0.0,0,0.0,0,0,0,0,,,0,0.0,periferico
ES_50108,50108,Fombuena,2.16211036,57.0,0,0,0.0,0.0,0,0.0,0,0,0,0,,,0,0.0,periferico
ES_50111,50111,Fréscano,10.89623528,201.0,0,0,0.0,0.0,0,0.0,0,0,0,0,,,0,0.0,periferico
ES_50113,50113,Fuendejalón,10.34492635,785.0,0,0,0.0,0.0,0,0.0,0,0,0,0,,,0,0.0,periferico
ES_50115,50115,Fuentes de Ebro,32.87351582,4643.0,0,0,0.0,0.0,0,0.0,0,0,0,0,,,0,0.0,periferico
ES_50116,50116,Fuentes de Jiloca,8.04851272,220.0,0,0,0.0,0.0,0,0.0,0,0,0,0,,,0,0.0,periferico
ES_50117,50117,Gallocanta,4.14297427,123.0,0,0,0.0,0.0,0,0.0,0,0,0,0,,,0,0.0,periferico
ES_19047,19047,Baides,1.88444176,56.0,0,0,0.0,0.0,0,0.0,0,0,0,0,,,0,0.0,periferico
ES_19048,19048,Baños de Tajo,0.53031869,15.0,0,0,0.0,0.0,0,0.0,0,0,0,0,,,0,0.0,periferico
ES_19049,19049,Bañuelos,0.6928487,13.0,0,0,0.0,0.0,0,0.0,0,0,0,0,,,0,0.0,periferico
ES_19052,19052,"Bodera, La",0.96469003,21.0,0,0,0.0,0.0,0,0.0,0,0,0,0,,,0,0.0,periferico
ES_19053,19053,Brihuega,9.36871503,2777.0,0,0,0.0,0.0,0,0.0,0,0,0,0,,,0,0.0,periferico
ES_19054,19054,Budia,3.14808489,208.0,0,0,0.0,0.0,0,0.0,0,0,0,0,,,0,0.0,periferico
ES_19055,19055,Bujalaro,2.07873792,47.0,0,0,0.0,0.0,0,0.0,0,0,0,0,,,0,0.0,periferico
ES_19057,19057,Bustares,2.33606969,71.0,0,0,0.0,0.0,0,0.0,0,0,0,0,,,0,0.0,periferico
ES_19058,19058,Cabanillas del Campo,315.8033489,11023.0,0,0,0.0,0.0,0,0.0,0,0,0,0,,,0,0.0,periferico
ES_19059,19059,Campillo de Dueñas,1.28704329,78.0,0,0,0.0,0.0,0,0.0,0,0,0,0,,,0,0.0,periferico
ES_19060,19060,Campillo de Ranas,1.7015239,156.0,0,0,0.0,0.0,0,0.0,0,0,0,0,,,0,0.0,periferico
ES_19065,19065,Cantalojas,0.80240087,126.0,0,0,0.0,0.0,0,0.0,0,0,0,0,,,0,0.0,periferico
ES_19066,19066,Cañizar,4.67393852,72.0,0,0,0.0,0.0,0,0.0,0,0,0,0,,,0,0.0,periferico
ES_19067,19067,"Cardoso de la Sierra, El",0.30535884,57.0,0,0,0.0,0.0,0,0.0,0,0,0,0,,,0,0.0,periferico
ES_19070,19070,Casa de Uceda,4.67740161,100.0,0,0,0.0,0.0,0,0.0,0,0,0,0,,,0,0.0,periferico
ES_19071,19071,"Casar, El",257.16966379,13345.0,0,0,0.0,0.0,0,0.0,0,0,0,0,,,0,0.0,periferico
ES_19073,19073,Casas de San Galindo,1.6365703,19.0,0,0,0.0,0.0,0,0.0,0,0,0,0,,,0,0.0,periferico
ES_19074,19074,Caspueñas,9.33796588,138.0,0,0,0.0,0.0,0,0.0,0,0,0,0,,,0,0.0,periferico
ES_19075,19075,Castejón de Henares,3.82750237,61.0,0,0,0.0,0.0,0,0.0,0,0,0,0,,,0,0.0,periferico
ES_19078,19078,Castilforte,1.70733929,58.0,0,0,0.0,0.0,0,0.0,0,0,0,0,,,0,0.0,periferico
ES_19081,19081,Cendejas de la Torre,1.75180937,25.0,0,0,0.0,0.0,0,0.0,0,0,0,0,,,0,0.0,periferico
ES_19082,19082,Centenera,8.38728013,146.0,0,0,0.0,0.0,0,0.0,0,0,0,0,,,0,0.0,periferico
ES_19086,19086,Cifuentes,7.65986739,1687.0,0,0,0.0,0.0,0,0.0,0,0,0,0,,,0,0.0,periferico
ES_19087,19087,Cincovillas,1.39977509,23.0,0,0,0.0,0.0,0,0.0,0,0,0,0,,,0,0.0,periferico
ES_19088,19088,Ciruelas,6.51999533,141.0,0,0,0.0,0.0,0,0.0,0,0,0,0,,,0,0.0,periferico
ES_19089,19089,Ciruelos del Pinar,1.66534231,28.0,0,0,0.0,0.0,0,0.0,0,0,0,0,,,0,0.0,periferico
ES_19090,19090,Cobeta,2.31743598,101.0,0,0,0.0,0.0,0,0.0,0,0,0,0,,,0,0.0,periferico
ES_19091,19091,Cogollor,2.64048941,22.0,0,0,0.0,0.0,0,0.0,0,0,0,0,,,0,0.0,periferico
ES_19092,19092,Cogolludo,5.76072734,558.0,0,0,0.0,0.0,0,0.0,0,0,0,0,,,0,0.0,periferico
ES_19097,19097,Congostrina,0.53660916,14.0,0,0,0.0,0.0,0,0.0,0,0,0,0,,,0,0.0,periferico
ES_19098,19098,Copernal,3.8539679,39.0,0,0,0.0,0.0,0,0.0,0,0,0,0,,,0,0.0,periferico
ES_19099,19099,Corduente,1.33072434,310.0,0,0,0.0,0.0,0,0.0,0,0,0,0,,,0,0.0,periferico
ES_19102,19102,"Cubillo de Uceda, El",3.68968859,119.0,0,0,0.0,0.0,0,0.0,0,0,0,0,,,0,0.0,periferico
ES_19103,19103,Checa,1.57088388,285.0,0,0,0.0,0.0,0,0.0,0,0,0,0,,,0,0.0,periferico
ES_19104,19104,Chequilla,0.91445009,14.0,0,0,0.0,0.0,0,0.0,0,0,0,0,,,0,0.0,periferico
ES_19105,19105,Chiloeches,87.61350366,3974.0,0,0,0.0,0.0,0,0.0,0,0,0,0,,,0,0.0,periferico
ES_19106,19106,Chillarón del Rey,5.09288859,88.0,0,0,0.0,0.0,0,0.0,0,0,0,0,,,0,0.0,periferico
ES_19107,19107,Driebes,9.20333141,349.0,0,0,0.0,0.0,0,0.0,0,0,0,0,,,0,0.0,periferico
ES_19108,19108,Durón,4.92825941,115.0,0,0,0.0,0.0,0,0.0,0,0,0,0,,,0,0.0,periferico
ES_48041,48041,Gautegiz Arteaga,65.56690233,888.0,0,0,0.0,0.0,0,0.0,0,0,0,0,,,0,0.0,periferico
ES_48042,48042,Gordexola,40.80612635,1681.0,0,0,0.0,0.0,0,0.0,0,0,0,0,,,0,0.0,periferico
ES_48043,48043,Gorliz,592.627313,6067.0,0,0,0.0,0.0,0,0.0,0,0,0,0,,,0,0.0,periferico
ES_48045,48045,Güeñes,162.22513517,6736.0,0,0,0.0,0.0,0,0.0,0,0,0,0,,,0,0.0,periferico
ES_48046,48046,Gernika-Lumo,1993.84331142,17012.0,0,0,0.0,0.0,0,0.0,0,0,0,0,,,0,0.0,periferico
ES_48047,48047,Gizaburuaga,32.23233737,196.0,0,0,0.0,0.0,0,0.0,0,0,0,0,,,0,0.0,periferico
ES_48048,48048,Ibarrangelu,44.94028114,694.0,0,0,0.0,0.0,0,0.0,0,0,0,0,,,0,0.0,periferico
ES_48049,48049,Ispaster,31.85736964,734.0,0,0,0.0,0.0,0,0.0,0,0,0,0,,,0,0.0,periferico
ES_48050,48050,Izurtza,51.66281725,225.0,0,0,0.0,0.0,0,0.0,0,0,0,0,,,0,0.0,periferico
ES_48052,48052,Larrabetzu,95.51865789,2056.0,0,0,0.0,0.0,0,0.0,0,0,0,0,,,0,0.0,periferico
ES_48054,48054,Leioa,3874.55112206,32472.0,0,0,0.0,0.0,0,0.0,0,0,0,0,,,0,0.0,periferico
ES_48055,48055,Lemoa,229.63950888,3540.0,0,0,0.0,0.0,0,0.0,0,0,0,0,,,0,0.0,periferico
ES_48056,48056,Lemoiz,69.95869632,1315.0,0,0,0.0,0.0,0,0.0,0,0,0,0,,,0,0.0,periferico
ES_48058,48058,Mallabia,50.20024514,1159.0,0,0,0.0,0.0,0,0.0,0,0,0,0,,,0,0.0,periferico
ES_48059,48059,Mañaria,30.33794355,533.0,0,0,0.0,0.0,0,0.0,0,0,0,0,,,0,0.0,periferico
ES_48060,48060,Markina-Xemein,110.78208667,5021.0,0,0,0.0,0.0,0,0.0,0,0,0,0,,,0,0.0,periferico
ES_48061,48061,Maruri-Jatabe,67.0055583,1069.0,0,0,0.0,0.0,0,0.0,0,0,0,0,,,0,0.0,periferico
ES_48064,48064,Meñaka,61.10672845,763.0,0,0,0.0,0.0,0,0.0,0,0,0,0,,,0,0.0,periferico
ES_48065,48065,Ugao-Miraballes,790.20093523,4158.0,0,0,0.0,0.0,0,0.0,0,0,0,0,,,0,0.0,periferico
ES_48066,48066,Morga,28.69063543,415.0,0,0,0.0,0.0,0,0.0,0,0,0,0,,,0,0.0,periferico
ES_48067,48067,Muxika,30.408794,1516.0,0,0,0.0,0.0,0,0.0,0,0,0,0,,,0,0.0,periferico
ES_48068,48068,Mundaka,453.80698905,1842.0,0,0,0.0,0.0,0,0.0,0,0,0,0,,,0,0.0,periferico
ES_48069,48069,Mungia,401.78853053,17865.0,0,0,0.0,0.0,0,0.0,0,0,0,0,,,0,0.0,periferico
ES_48070,48070,Aulesti,25.56934551,654.0,0,0,0.0,0.0,0,0.0,0,0,0,0,,,0,0.0,periferico
ES_48073,48073,Ondarroa,1924.48365531,8207.0,0,0,0.0,0.0,0,0.0,0,0,0,0,,,0,0.0,periferico
ES_48074,48074,Urduña,124.51283814,4163.0,0,0,0.0,0.0,0,0.0,0,0,0,0,,,0,0.0,periferico
ES_48075,48075,Orozko,25.99134055,2658.0,0,0,0.0,0.0,0,0.0,0,0,0,0,,,0,0.0,periferico
ES_48076,48076,Sukarrieta,184.56529451,354.0,0,0,0.0,0.0,0,0.0,0,0,0,0,,,0,0.0,periferico
ES_48077,48077,Plentzia,740.13219889,4369.0,0,0,0.0,0.0,0,0.0,0,0,0,0,,,0,0.0,periferico
ES_48078,48078,Portugalete,14248.63685578,44648.0,0,0,0.0,0.0,0,0.0,0,0,0,0,,,0,0.0,periferico
ES_48080,48080,Valle de Trápaga-Trapagaran,925.82249808,11907.0,0,0,0.0,0.0,0,0.0,0,0,0,0,,,0,0.0,periferico
ES_48081,48081,Lezama,150.26175192,2448.0,0,0,0.0,0.0,0,0.0,0,0,0,0,,,0,0.0,periferico
ES_48083,48083,Ortuella,1073.24531287,8537.0,0,0,0.0,0.0,0,0.0,0,0,0,0,,,0,0.0,periferico
ES_48084,48084,Sestao,7747.86668013,27780.0,0,0,0.0,0.0,0,0.0,0,0,0,0,,,0,0.0,periferico
ES_48085,48085,Sopela,1763.02247646,14857.0,0,0,0.0,0.0,0,0.0,0,0,0,0,,,0,0.0,periferico
ES_48086,48086,Sopuerta,64.01103949,2721.0,0,0,0.0,0.0,0,0.0,0,0,0,0,,,0,0.0,periferico
ES_48087,48087,Trucios-Turtzioz,20.0420083,520.0,0,0,0.0,0.0,0,0.0,0,0,0,0,,,0,0.0,periferico
ES_48088,48088,Ubide,63.66027067,179.0,0,0,0.0,0.0,0,0.0,0,0,0,0,,,0,0.0,periferico
ES_48089,48089,Urduliz,699.01696827,5468.0,0,0,0.0,0.0,0,0.0,0,0,0,0,,,0,0.0,periferico
ES_48093,48093,Areatza,135.6216077,1238.0,0,0,0.0,0.0,0,0.0,0,0,0,0,,,0,0.0,periferico
ES_48094,48094,Igorre,250.79500539,4284.0,0,0,0.0,0.0,0,0.0,0,0,0,0,,,0,0.0,periferico
ES_48095,48095,Zaldibar,257.28043205,3000.0,0,0,0.0,0.0,0,0.0,0,0,0,0,,,0,0.0,periferico
ES_48096,48096,Zalla,267.55559803,8322.0,0,0,0.0,0.0,0,0.0,0,0,0,0,,,0,0.0,periferico
ES_48097,48097,Zaratamo,157.64492849,1605.0,0,0,0.0,0.0,0,0.0,0,0,0,0,,,0,0.0,periferico
ES_48902,48902,Erandio,1342.947964,24426.0,0,0,0.0,0.0,0,0.0,0,0,0,0,,,0,0.0,periferico
ES_48903,48903,Loiu,152.88160522,2296.0,0,0,0.0,0.0,0,0.0,0,0,0,0,,,0,0.0,periferico
ES_48904,48904,Sondika,660.19134461,4525.0,0,0,0.0,0.0,0,0.0,0,0,0,0,,,0,0.0,periferico
ES_48906,48906,Forua,119.97699494,915.0,0,0,0.0,0.0,0,0.0,0,0,0,0,,,0,0.0,periferico
ES_48907,48907,Kortezubi,37.51325898,445.0,0,0,0.0,0.0,0,0.0,0,0,0,0,,,0,0.0,periferico
ES_48908,48908,Murueta,59.98038837,338.0,0,0,0.0,0.0,0,0.0,0,0,0,0,,,0,0.0,periferico
ES_48909,48909,Nabarniz,22.88688327,269.0,0,0,0.0,0.0,0,0.0,0,0,0,0,,,0,0.0,periferico
ES_48911,48911,Ajangiz,67.0658164,478.0,0,0,0.0,0.0,0,0.0,0,0,0,0,,,0,0.0,periferico
ES_48912,48912,Alonsotegi,146.41663278,2959.0,0,0,0.0,0.0,0,0.0,0,0,0,0,,,0,0.0,periferico
ES_48913,48913,Zierbena,140.06815306,1496.0,0,0,0.0,0.0,0,0.0,0,0,0,0,,,0,0.0,periferico
ES_48914,48914,Arratzu,42.65286529,429.0,0,0,0.0,0.0,0,0.0,0,0,0,0,,,0,0.0,periferico
ES_49002,49002,Abezames,2.79392137,65.0,0,0,0.0,0.0,0,0.0,0,0,0,0,,,0,0.0,periferico
ES_49003,49003,Alcañices,19.90506493,1090.0,0,0,0.0,0.0,0,0.0,0,0,0,0,,,0,0.0,periferico
ES_49004,49004,Alcubilla de Nogales,7.89982421,108.0,0,0,0.0,0.0,0,0.0,0,0,0,0,,,0,0.0,periferico
ES_49005,49005,Alfaraz de Sayago,1.68486054,123.0,0,0,0.0,0.0,0,0.0,0,0,0,0,,,0,0.0,periferico
ES_49007,49007,Almaraz de Duero,8.63584213,394.0,0,0,0.0,0.0,0,0.0,0,0,0,0,,,0,0.0,periferico
ES_49008,49008,Almeida de Sayago,5.36529078,410.0,0,0,0.0,0.0,0,0.0,0,0,0,0,,,0,0.0,periferico
ES_49009,49009,Andavías,18.53927595,429.0,0,0,0.0,0.0,0,0.0,0,0,0,0,,,0,0.0,periferico
ES_49010,49010,Arcenillas,37.27006544,450.0,0,0,0.0,0.0,0,0.0,0,0,0,0,,,0,0.0,periferico
ES_49011,49011,Arcos de la Polvorosa,17.51295263,214.0,0,0,0.0,0.0,0,0.0,0,0,0,0,,,0,0.0,periferico
ES_49012,49012,Argañín,5.92793,75.0,0,0,0.0,0.0,0,0.0,0,0,0,0,,,0,0.0,periferico
ES_49013,49013,Argujillo,9.26137638,214.0,0,0,0.0,0.0,0,0.0,0,0,0,0,,,0,0.0,periferico
ES_49015,49015,Arrabalde,13.50530249,213.0,0,0,0.0,0.0,0,0.0,0,0,0,0,,,0,0.0,periferico
ES_49017,49017,Asturianos,6.17449265,263.0,0,0,0.0,0.0,0,0.0,0,0,0,0,,,0,0.0,periferico
ES_49018,49018,Ayoó de Vidriales,4.62067167,277.0,0,0,0.0,0.0,0,0.0,0,0,0,0,,,0,0.0,periferico
ES_49019,49019,Barcial del Barco,13.05369031,248.0,0,0,0.0,0.0,0,0.0,0,0,0,0,,,0,0.0,periferico
ES_49021,49021,Benavente,381.75349088,17229.0,0,0,0.0,0.0,0,0.0,0,0,0,0,,,0,0.0,periferico
ES_49024,49024,"Bóveda de Toro, La",11.15068262,663.0,0,0,0.0,0.0,0,0.0,0,0,0,0,,,0,0.0,periferico
ES_49025,49025,Bretó,8.29691967,180.0,0,0,0.0,0.0,0,0.0,0,0,0,0,,,0,0.0,periferico
ES_49026,49026,Bretocino,16.0862375,208.0,0,0,0.0,0.0,0,0.0,0,0,0,0,,,0,0.0,periferico
ES_49027,49027,Brime de Sog,6.74902143,121.0,0,0,0.0,0.0,0,0.0,0,0,0,0,,,0,0.0,periferico
ES_49028,49028,Brime de Urz,6.85541511,102.0,0,0,0.0,0.0,0,0.0,0,0,0,0,,,0,0.0,periferico
ES_49029,49029,Burganes de Valverde,18.56041131,613.0,0,0,0.0,0.0,0,0.0,0,0,0,0,,,0,0.0,periferico
ES_49030,49030,Bustillo del Oro,5.46550369,84.0,0,0,0.0,0.0,0,0.0,0,0,0,0,,,0,0.0,periferico
ES_49032,49032,Calzadilla de Tera,10.8334264,295.0,0,0,0.0,0.0,0,0.0,0,0,0,0,,,0,0.0,periferico
ES_49034,49034,Cañizal,12.02253714,424.0,0,0,0.0,0.0,0,0.0,0,0,0,0,,,0,0.0,periferico
ES_49035,49035,Cañizo,4.9001523,205.0,0,0,0.0,0.0,0,0.0,0,0,0,0,,,0,0.0,periferico
ES_49036,49036,Carbajales de Alba,9.10151263,489.0,0,0,0.0,0.0,0,0.0,0,0,0,0,,,0,0.0,periferico
ES_49037,49037,Carbellino,5.76269158,189.0,0,0,0.0,0.0,0,0.0,0,0,0,0,,,0,0.0,periferico
ES_49038,49038,Casaseca de Campeán,7.92582292,97.0,0,0,0.0,0.0,0,0.0,0,0,0,0,,,0,0.0,periferico
ES_49039,49039,Casaseca de las Chanas,30.80038259,386.0,0,0,0.0,0.0,0,0.0,0,0,0,0,,,0,0.0,periferico
ES_49040,49040,Castrillo de la Guareña,5.56876274,122.0,0,0,0.0,0.0,0,0.0,0,0,0,0,,,0,0.0,periferico
ES_49041,49041,Castrogonzalo,17.977689,450.0,0,0,0.0,0.0,0,0.0,0,0,0,0,,,0,0.0,periferico
ES_49042,49042,Castronuevo,4.32385411,208.0,0,0,0.0,0.0,0,0.0,0,0,0,0,,,0,0.0,periferico
ES_49044,49044,Cazurra,8.80362452,74.0,0,0,0.0,0.0,0,0.0,0,0,0,0,,,0,0.0,periferico
ES_49046,49046,Cerecinos de Campos,8.53207069,244.0,0,0,0.0,0.0,0,0.0,0,0,0,0,,,0,0.0,periferico
ES_49048,49048,Cernadilla,3.12547241,113.0,0,0,0.0,0.0,0,0.0,0,0,0,0,,,0,0.0,periferico
ES_49050,49050,Cobreros,6.9523296,540.0,0,0,0.0,0.0,0,0.0,0,0,0,0,,,0,0.0,periferico
ES_49052,49052,Coomonte,17.05921741,175.0,0,0,0.0,0.0,0,0.0,0,0,0,0,,,0,0.0,periferico
ES_49053,49053,Coreses,23.96870589,1032.0,0,0,0.0,0.0,0,0.0,0,0,0,0,,,0,0.0,periferico
ES_49054,49054,Corrales del Vino,12.29924764,930.0,0,0,0.0,0.0,0,0.0,0,0,0,0,,,0,0.0,periferico
ES_49055,49055,Cotanes del Monte,5.66010089,84.0,0,0,0.0,0.0,0,0.0,0,0,0,0,,,0,0.0,periferico
ES_49056,49056,Cubillos,12.26251498,303.0,0,0,0.0,0.0,0,0.0,0,0,0,0,,,0,0.0,periferico
ES_49057,49057,Cubo de Benavente,3.8013625,119.0,0,0,0.0,0.0,0,0.0,0,0,0,0,,,0,0.0,periferico
ES_49058,49058,"Cubo de Tierra del Vino, El",9.15106195,314.0,0,0,0.0,0.0,0,0.0,0,0,0,0,,,0,0.0,periferico
ES_49062,49062,Espadañedo,1.43372293,111.0,0,0,0.0,0.0,0,0.0,0,0,0,0,,,0,0.0,periferico
ES_49063,49063,Faramontanos de Tábara,6.14134707,334.0,0,0,0.0,0.0,0,0.0,0,0,0,0,,,0,0.0,periferico
ES_49064,49064,Fariza,5.45342999,493.0,0,0,0.0,0.0,0,0.0,0,0,0,0,,,0,0.0,periferico
ES_49065,49065,Fermoselle,16.79283343,1144.0,0,0,0.0,0.0,0,0.0,0,0,0,0,,,0,0.0,periferico
ES_49066,49066,Ferreras de Abajo,5.3549786,472.0,0,0,0.0,0.0,0,0.0,0,0,0,0,,,0,0.0,periferico
ES_49067,49067,Ferreras de Arriba,7.46119298,358.0,0,0,0.0,0.0,0,0.0,0,0,0,0,,,0,0.0,periferico
ES_49068,49068,Ferreruela,4.59399568,433.0,0,0,0.0,0.0,0,0.0,0,0,0,0,,,0,0.0,periferico
ES_49069,49069,Figueruela de Arriba,2.1603658,330.0,0,0,0.0,0.0,0,0.0,0,0,0,0,,,0,0.0,periferico
ES_49071,49071,Fonfría,5.98829711,792.0,0,0,0.0,0.0,0,0.0,0,0,0,0,,,0,0.0,periferico
ES_49076,49076,Fresno de la Ribera,25.73065382,343.0,0,0,0.0,0.0,0,0.0,0,0,0,0,,,0,0.0,periferico
ES_49077,49077,Fresno de Sayago,2.34015233,151.0,0,0,0.0,0.0,0,0.0,0,0,0,0,,,0,0.0,periferico
ES_49078,49078,Friera de Valverde,6.57805545,131.0,0,0,0.0,0.0,0,0.0,0,0,0,0,,,0,0.0,periferico
ES_49079,49079,Fuente Encalada,4.48193563,94.0,0,0,0.0,0.0,0,0.0,0,0,0,0,,,0,0.0,periferico
ES_49080,49080,Fuentelapeña,10.94418666,637.0,0,0,0.0,0.0,0,0.0,0,0,0,0,,,0,0.0,periferico
ES_49081,49081,Fuentesaúco,23.71721988,1609.0,0,0,0.0,0.0,0,0.0,0,0,0,0,,,0,0.0,periferico
ES_49082,49082,Fuentes de Ropel,7.79874062,380.0,0,0,0.0,0.0,0,0.0,0,0,0,0,,,0,0.0,periferico
ES_49084,49084,Fuentespreadas,14.58095825,292.0,0,0,0.0,0.0,0,0.0,0,0,0,0,,,0,0.0,periferico
ES_49085,49085,Galende,11.2321168,1014.0,0,0,0.0,0.0,0,0.0,0,0,0,0,,,0,0.0,periferico
ES_49240,49240,Villadepera,5.97709725,180.0,0,0,0.0,0.0,0,0.0,0,0,0,0,,,0,0.0,periferico
ES_49241,49241,Villaescusa,5.47433573,236.0,0,0,0.0,0.0,0,0.0,0,0,0,0,,,0,0.0,periferico
ES_49242,49242,Villafáfila,6.06834599,449.0,0,0,0.0,0.0,0,0.0,0,0,0,0,,,0,0.0,periferico
ES_49244,49244,Villageriz,9.18748261,66.0,0,0,0.0,0.0,0,0.0,0,0,0,0,,,0,0.0,periferico
ES_49245,49245,Villalazán,17.34206798,259.0,0,0,0.0,0.0,0,0.0,0,0,0,0,,,0,0.0,periferico
ES_49246,49246,Villalba de la Lampreana,7.61977371,215.0,0,0,0.0,0.0,0,0.0,0,0,0,0,,,0,0.0,periferico
ES_49248,49248,Villalobos,4.79604498,207.0,0,0,0.0,0.0,0,0.0,0,0,0,0,,,0,0.0,periferico
ES_49249,49249,Villalonso,4.97010327,74.0,0,0,0.0,0.0,0,0.0,0,0,0,0,,,0,0.0,periferico
ES_49250,49250,Villalpando,11.1657574,1417.0,0,0,0.0,0.0,0,0.0,0,0,0,0,,,0,0.0,periferico
ES_49251,49251,Villalube,3.81749492,153.0,0,0,0.0,0.0,0,0.0,0,0,0,0,,,0,0.0,periferico
ES_49252,49252,Villamayor de Campos,12.9517498,341.0,0,0,0.0,0.0,0,0.0,0,0,0,0,,,0,0.0,periferico
ES_49255,49255,Villamor de los Escuderos,6.74210651,376.0,0,0,0.0,0.0,0,0.0,0,0,0,0,,,0,0.0,periferico
ES_49256,49256,Villanázar,14.53008519,266.0,0,0,0.0,0.0,0,0.0,0,0,0,0,,,0,0.0,periferico
ES_49257,49257,Villanueva de Azoague,19.275963,370.0,0,0,0.0,0.0,0,0.0,0,0,0,0,,,0,0.0,periferico
ES_49258,49258,Villanueva de Campeán,10.64356304,128.0,0,0,0.0,0.0,0,0.0,0,0,0,0,,,0,0.0,periferico
ES_49259,49259,Villanueva de las Peras,5.06094877,86.0,0,0,0.0,0.0,0,0.0,0,0,0,0,,,0,0.0,periferico
ES_49261,49261,Villaralbo,81.53727024,1796.0,0,0,0.0,0.0,0,0.0,0,0,0,0,,,0,0.0,periferico
ES_49262,49262,Villardeciervos,4.67604057,400.0,0,0,0.0,0.0,0,0.0,0,0,0,0,,,0,0.0,periferico
ES_49263,49263,Villar de Fallaves,2.38770444,50.0,0,0,0.0,0.0,0,0.0,0,0,0,0,,,0,0.0,periferico
ES_49264,49264,Villar del Buey,3.88075859,521.0,0,0,0.0,0.0,0,0.0,0,0,0,0,,,0,0.0,periferico
ES_49265,49265,Villardiegua de la Ribera,3.98553769,115.0,0,0,0.0,0.0,0,0.0,0,0,0,0,,,0,0.0,periferico
ES_49266,49266,Villárdiga,4.01568555,68.0,0,0,0.0,0.0,0,0.0,0,0,0,0,,,0,0.0,periferico
ES_49267,49267,Villardondiego,5.66713764,138.0,0,0,0.0,0.0,0,0.0,0,0,0,0,,,0,0.0,periferico
ES_49269,49269,Villaseco del Pan,6.31112574,218.0,0,0,0.0,0.0,0,0.0,0,0,0,0,,,0,0.0,periferico
ES_49270,49270,Villavendimio,10.2943655,161.0,0,0,0.0,0.0,0,0.0,0,0,0,0,,,0,0.0,periferico
ES_49271,49271,Villaveza del Agua,6.53070793,172.0,0,0,0.0,0.0,0,0.0,0,0,0,0,,,0,0.0,periferico
ES_49272,49272,Villaveza de Valverde,5.50111271,68.0,0,0,0.0,0.0,0,0.0,0,0,0,0,,,0,0.0,periferico
ES_49275,49275,Zamora,397.73342805,59362.0,0,0,0.0,0.0,0,0.0,0,0,0,0,,,0,0.0,periferico
ES_50001,50001,Abanto,1.36122008,87.0,0,0,0.0,0.0,0,0.0,0,0,0,0,,,0,0.0,periferico
ES_50003,50003,Agón,7.13451071,132.0,0,0,0.0,0.0,0,0.0,0,0,0,0,,,0,0.0,periferico
ES_50004,50004,Aguarón,15.9151737,583.0,0,0,0.0,0.0,0,0.0,0,0,0,0,,,0,0.0,periferico
ES_50005,50005,Aguilón,4.57197625,272.0,0,0,0.0,0.0,0,0.0,0,0,0,0,,,0,0.0,periferico
ES_50007,50007,Aladrén,3.03495495,64.0,0,0,0.0,0.0,0,0.0,0,0,0,0,,,0,0.0,periferico
ES_50008,50008,Alagón,300.18531491,7256.0,0,0,0.0,0.0,0,0.0,0,0,0,0,,,0,0.0,periferico
ES_50010,50010,Alberite de San Juan,7.30015126,82.0,0,0,0.0,0.0,0,0.0,0,0,0,0,,,0,0.0,periferico
ES_50011,50011,Albeta,52.18232265,141.0,0,0,0.0,0.0,0,0.0,0,0,0,0,,,0,0.0,periferico
ES_50012,50012,Alborge,21.65620202,105.0,0,0,0.0,0.0,0,0.0,0,0,0,0,,,0,0.0,periferico
ES_42094,42094,Garray,10.03576574,765.0,0,0,0.0,0.0,0,0.0,0,0,0,0,,,0,0.0,periferico
ES_42095,42095,Golmayo,15.90786659,3020.0,0,0,0.0,0.0,0,0.0,0,0,0,0,,,0,0.0,periferico
ES_42096,42096,Gómara,4.39369227,300.0,0,0,0.0,0.0,0,0.0,0,0,0,0,,,0,0.0,periferico
ES_42097,42097,Gormaz,1.778629,28.0,0,0,0.0,0.0,0,0.0,0,0,0,0,,,0,0.0,periferico
ES_42098,42098,Herrera de Soria,0.42213076,11.0,0,0,0.0,0.0,0,0.0,0,0,0,0,,,0,0.0,periferico
ES_42100,42100,Hinojosa del Campo,0.99743346,26.0,0,0,0.0,0.0,0,0.0,0,0,0,0,,,0,0.0,periferico
ES_42105,42105,Liceras,1.96932522,48.0,0,0,0.0,0.0,0,0.0,0,0,0,0,,,0,0.0,periferico
ES_42106,42106,"Losilla, La",1.64602458,13.0,0,0,0.0,0.0,0,0.0,0,0,0,0,,,0,0.0,periferico
ES_42108,42108,Maján,0.29627721,9.0,0,0,0.0,0.0,0,0.0,0,0,0,0,,,0,0.0,periferico
ES_42110,42110,Matalebreras,1.82612247,76.0,0,0,0.0,0.0,0,0.0,0,0,0,0,,,0,0.0,periferico
ES_42111,42111,Matamala de Almazán,4.160608,262.0,0,0,0.0,0.0,0,0.0,0,0,0,0,,,0,0.0,periferico
ES_42113,42113,Medinaceli,3.29169,676.0,0,0,0.0,0.0,0,0.0,0,0,0,0,,,0,0.0,periferico
ES_42115,42115,Miño de Medinaceli,1.54646872,87.0,0,0,0.0,0.0,0,0.0,0,0,0,0,,,0,0.0,periferico
ES_42116,42116,Miño de San Esteban,0.79762657,39.0,0,0,0.0,0.0,0,0.0,0,0,0,0,,,0,0.0,periferico
ES_42117,42117,Molinos de Duero,5.88556731,161.0,0,0,0.0,0.0,0,0.0,0,0,0,0,,,0,0.0,periferico
ES_42118,42118,Momblona,0.78554148,18.0,0,0,0.0,0.0,0,0.0,0,0,0,0,,,0,0.0,periferico
ES_42121,42121,Montenegro de Cameros,0.93982336,52.0,0,0,0.0,0.0,0,0.0,0,0,0,0,,,0,0.0,periferico
ES_42123,42123,Morón de Almazán,3.20863695,199.0,0,0,0.0,0.0,0,0.0,0,0,0,0,,,0,0.0,periferico
ES_42125,42125,Muriel Viejo,6.59965393,75.0,0,0,0.0,0.0,0,0.0,0,0,0,0,,,0,0.0,periferico
ES_42127,42127,Nafría de Ucero,1.04046453,38.0,0,0,0.0,0.0,0,0.0,0,0,0,0,,,0,0.0,periferico
ES_42128,42128,Narros,5.14951925,68.0,0,0,0.0,0.0,0,0.0,0,0,0,0,,,0,0.0,periferico
ES_42129,42129,Navaleno,29.66418016,742.0,0,0,0.0,0.0,0,0.0,0,0,0,0,,,0,0.0,periferico
ES_42130,42130,Nepas,2.03000777,51.0,0,0,0.0,0.0,0,0.0,0,0,0,0,,,0,0.0,periferico
ES_42131,42131,Nolay,2.27978768,50.0,0,0,0.0,0.0,0,0.0,0,0,0,0,,,0,0.0,periferico
ES_42132,42132,Noviercas,1.80043922,165.0,0,0,0.0,0.0,0,0.0,0,0,0,0,,,0,0.0,periferico
ES_42134,42134,Ólvega,38.25807249,3778.0,0,0,0.0,0.0,0,0.0,0,0,0,0,,,0,0.0,periferico
ES_42135,42135,Oncala,1.55213896,62.0,0,0,0.0,0.0,0,0.0,0,0,0,0,,,0,0.0,periferico
ES_42139,42139,Pinilla del Campo,0.92817512,18.0,0,0,0.0,0.0,0,0.0,0,0,0,0,,,0,0.0,periferico
ES_42140,42140,Portillo de Soria,1.00537568,13.0,0,0,0.0,0.0,0,0.0,0,0,0,0,,,0,0.0,periferico
ES_42141,42141,"Póveda de Soria, La",1.66362752,107.0,0,0,0.0,0.0,0,0.0,0,0,0,0,,,0,0.0,periferico
ES_42142,42142,Pozalmuro,1.30404617,48.0,0,0,0.0,0.0,0,0.0,0,0,0,0,,,0,0.0,periferico
ES_42144,42144,Quintana Redonda,2.77331041,510.0,0,0,0.0,0.0,0,0.0,0,0,0,0,,,0,0.0,periferico
ES_42145,42145,Quintanas de Gormaz,4.34031752,130.0,0,0,0.0,0.0,0,0.0,0,0,0,0,,,0,0.0,periferico
ES_42148,42148,Quiñonería,0.23406112,9.0,0,0,0.0,0.0,0,0.0,0,0,0,0,,,0,0.0,periferico
ES_42149,42149,"Rábanos, Los",4.65545983,472.0,0,0,0.0,0.0,0,0.0,0,0,0,0,,,0,0.0,periferico
ES_42151,42151,Rebollar,3.47104315,36.0,0,0,0.0,0.0,0,0.0,0,0,0,0,,,0,0.0,periferico
ES_42152,42152,Recuerda,0.98086304,66.0,0,0,0.0,0.0,0,0.0,0,0,0,0,,,0,0.0,periferico
ES_42154,42154,Renieblas,3.17276897,115.0,0,0,0.0,0.0,0,0.0,0,0,0,0,,,0,0.0,periferico
ES_42155,42155,Retortillo de Soria,0.81584004,141.0,0,0,0.0,0.0,0,0.0,0,0,0,0,,,0,0.0,periferico
ES_42156,42156,Reznos,1.2220986,25.0,0,0,0.0,0.0,0,0.0,0,0,0,0,,,0,0.0,periferico
ES_42157,42157,"Riba de Escalote, La",0.51169125,12.0,0,0,0.0,0.0,0,0.0,0,0,0,0,,,0,0.0,periferico
ES_42158,42158,Rioseco de Soria,2.59705605,130.0,0,0,0.0,0.0,0,0.0,0,0,0,0,,,0,0.0,periferico
ES_42160,42160,"Royo, El",2.06289633,260.0,0,0,0.0,0.0,0,0.0,0,0,0,0,,,0,0.0,periferico
ES_42161,42161,Salduero,52.84966117,142.0,0,0,0.0,0.0,0,0.0,0,0,0,0,,,0,0.0,periferico
ES_42162,42162,San Esteban de Gormaz,7.25661215,2951.0,0,0,0.0,0.0,0,0.0,0,0,0,0,,,0,0.0,periferico
ES_42164,42164,San Leonardo de Yagüe,32.76148728,1985.0,0,0,0.0,0.0,0,0.0,0,0,0,0,,,0,0.0,periferico
ES_42166,42166,Santa Cruz de Yanguas,1.73039978,58.0,0,0,0.0,0.0,0,0.0,0,0,0,0,,,0,0.0,periferico
ES_42167,42167,Santa María de Huerta,5.00414398,246.0,0,0,0.0,0.0,0,0.0,0,0,0,0,,,0,0.0,periferico
ES_42168,42168,Santa María de las Hoyas,2.24387777,102.0,0,0,0.0,0.0,0,0.0,0,0,0,0,,,0,0.0,periferico
ES_42172,42172,Soliedra,1.69054487,33.0,0,0,0.0,0.0,0,0.0,0,0,0,0,,,0,0.0,periferico
ES_42173,42173,Soria,147.25328774,40033.0,0,0,0.0,0.0,0,0.0,0,0,0,0,,,0,0.0,periferico
ES_42174,42174,Sotillo del Rincón,3.08861035,187.0,0,0,0.0,0.0,0,0.0,0,0,0,0,,,0,0.0,periferico
ES_42175,42175,Suellacabras,0.79080801,31.0,0,0,0.0,0.0,0,0.0,0,0,0,0,,,0,0.0,periferico
ES_42177,42177,Tajueco,3.09998555,56.0,0,0,0.0,0.0,0,0.0,0,0,0,0,,,0,0.0,periferico
ES_42178,42178,Talveila,1.94503641,103.0,0,0,0.0,0.0,0,0.0,0,0,0,0,,,0,0.0,periferico
ES_42181,42181,Tardelcuende,6.59265021,423.0,0,0,0.0,0.0,0,0.0,0,0,0,0,,,0,0.0,periferico
ES_42182,42182,Taroda,1.19141185,44.0,0,0,0.0,0.0,0,0.0,0,0,0,0,,,0,0.0,periferico
ES_42183,42183,Tejado,1.23189805,96.0,0,0,0.0,0.0,0,0.0,0,0,0,0,,,0,0.0,periferico
ES_42184,42184,Torlengua,1.19178745,49.0,0,0,0.0,0.0,0,0.0,0,0,0,0,,,0,0.0,periferico
ES_42187,42187,Torrubia de Soria,1.07084487,56.0,0,0,0.0,0.0,0,0.0,0,0,0,0,,,0,0.0,periferico
ES_42188,42188,Trévago,2.68238416,55.0,0,0,0.0,0.0,0,0.0,0,0,0,0,,,0,0.0,periferico
ES_42189,42189,Ucero,5.01763862,86.0,0,0,0.0,0.0,0,0.0,0,0,0,0,,,0,0.0,periferico
ES_42191,42191,Valdeavellano de Tera,10.69332941,208.0,0,0,0.0,0.0,0,0.0,0,0,0,0,,,0,0.0,periferico
ES_42192,42192,Valdegeña,2.78007907,37.0,0,0,0.0,0.0,0,0.0,0,0,0,0,,,0,0.0,periferico
ES_42193,42193,Valdelagua del Cerro,2.67076313,13.0,0,0,0.0,0.0,0,0.0,0,0,0,0,,,0,0.0,periferico
ES_42194,42194,Valdemaluque,2.27089161,143.0,0,0,0.0,0.0,0,0.0,0,0,0,0,,,0,0.0,periferico
ES_42195,42195,Valdenebro,1.80935889,93.0,0,0,0.0,0.0,0,0.0,0,0,0,0,,,0,0.0,periferico
ES_42196,42196,Valdeprado,0.25073344,8.0,0,0,0.0,0.0,0,0.0,0,0,0,0,,,0,0.0,periferico
ES_42198,42198,Valtajeros,0.82787141,19.0,0,0,0.0,0.0,0,0.0,0,0,0,0,,,0,0.0,periferico
ES_42200,42200,Velamazán,0.93572506,67.0,0,0,0.0,0.0,0,0.0,0,0,0,0,,,0,0.0,periferico
ES_42202,42202,Velilla de los Ajos,0.81295023,16.0,0,0,0.0,0.0,0,0.0,0,0,0,0,,,0,0.0,periferico
ES_42204,42204,Viana de Duero,0.89006868,50.0,0,0,0.0,0.0,0,0.0,0,0,0,0,,,0,0.0,periferico
ES_42205,42205,Villaciervos,0.94664233,77.0,0,0,0.0,0.0,0,0.0,0,0,0,0,,,0,0.0,periferico
ES_42206,42206,Villanueva de Gormaz,0.37330936,8.0,0,0,0.0,0.0,0,0.0,0,0,0,0,,,0,0.0,periferico
ES_42208,42208,Villar del Campo,0.94948341,24.0,0,0,0.0,0.0,0,0.0,0,0,0,0,,,0,0.0,periferico
ES_42209,42209,Villar del Río,1.26771665,161.0,0,0,0.0,0.0,0,0.0,0,0,0,0,,,0,0.0,periferico
ES_42212,42212,Villasayas,1.05253293,65.0,0,0,0.0,0.0,0,0.0,0,0,0,0,,,0,0.0,periferico
ES_42213,42213,Villaseca de Arciel,1.06705865,23.0,0,0,0.0,0.0,0,0.0,0,0,0,0,,,0,0.0,periferico
ES_42217,42217,Vozmediano,2.22266897,37.0,0,0,0.0,0.0,0,0.0,0,0,0,0,,,0,0.0,periferico
ES_42218,42218,Yanguas,2.08199189,113.0,0,0,0.0,0.0,0,0.0,0,0,0,0,,,0,0.0,periferico
ES_42219,42219,Yelo,1.60254839,40.0,0,0,0.0,0.0,0,0.0,0,0,0,0,,,0,0.0,periferico
ES_45064,45064,Esquivias,230.09457714,5771.0,0,0,0.0,0.0,0,0.0,0,0,0,0,,,0,0.0,periferico
ES_45066,45066,Fuensalida,180.28562488,12322.0,0,0,0.0,0.0,0,0.0,0,0,0,0,,,0,0.0,periferico
ES_45067,45067,Gálvez,54.38625557,2991.0,0,0,0.0,0.0,0,0.0,0,0,0,0,,,0,0.0,periferico
ES_45068,45068,Garciotum,9.29945526,212.0,0,0,0.0,0.0,0,0.0,0,0,0,0,,,0,0.0,periferico
ES_45069,45069,Gerindote,59.49015384,2632.0,0,0,0.0,0.0,0,0.0,0,0,0,0,,,0,0.0,periferico
ES_45071,45071,"Guardia, La",10.98118474,2148.0,0,0,0.0,0.0,0,0.0,0,0,0,0,,,0,0.0,periferico
ES_45072,45072,"Herencias, Las",8.85496108,796.0,0,0,0.0,0.0,0,0.0,0,0,0,0,,,0,0.0,periferico
ES_45073,45073,Herreruela de Oropesa,31.71974513,335.0,0,0,0.0,0.0,0,0.0,0,0,0,0,,,0,0.0,periferico
ES_45074,45074,Hinojosa de San Vicente,12.61920657,392.0,0,0,0.0,0.0,0,0.0,0,0,0,0,,,0,0.0,periferico
ES_45075,45075,Hontanar,0.97547299,148.0,0,0,0.0,0.0,0,0.0,0,0,0,0,,,0,0.0,periferico
ES_45077,45077,Huecas,30.88731496,847.0,0,0,0.0,0.0,0,0.0,0,0,0,0,,,0,0.0,periferico
ES_45079,45079,"Iglesuela del Tiétar, La",6.42427291,444.0,0,0,0.0,0.0,0,0.0,0,0,0,0,,,0,0.0,periferico
ES_45081,45081,Illescas,551.80558992,31319.0,0,0,0.0,0.0,0,0.0,0,0,0,0,,,0,0.0,periferico
ES_45082,45082,Lagartera,16.19326314,1315.0,0,0,0.0,0.0,0,0.0,0,0,0,0,,,0,0.0,periferico
ES_45083,45083,Layos,47.66703026,877.0,0,0,0.0,0.0,0,0.0,0,0,0,0,,,0,0.0,periferico
ES_45084,45084,Lillo,16.69617755,2528.0,0,0,0.0,0.0,0,0.0,0,0,0,0,,,0,0.0,periferico
ES_45085,45085,Lominchar,118.26426571,2632.0,0,0,0.0,0.0,0,0.0,0,0,0,0,,,0,0.0,periferico
ES_45086,45086,Lucillos,15.05792948,611.0,0,0,0.0,0.0,0,0.0,0,0,0,0,,,0,0.0,periferico
ES_45088,45088,Magán,138.43432429,4043.0,0,0,0.0,0.0,0,0.0,0,0,0,0,,,0,0.0,periferico
ES_45089,45089,Malpica de Tajo,21.05403949,1676.0,0,0,0.0,0.0,0,0.0,0,0,0,0,,,0,0.0,periferico
ES_45090,45090,Manzaneque,33.50419416,409.0,0,0,0.0,0.0,0,0.0,0,0,0,0,,,0,0.0,periferico
ES_45092,45092,Marjaliza,3.92294208,258.0,0,0,0.0,0.0,0,0.0,0,0,0,0,,,0,0.0,periferico
ES_45093,45093,Marrupe,15.06327182,158.0,0,0,0.0,0.0,0,0.0,0,0,0,0,,,0,0.0,periferico
ES_45094,45094,Mascaraque,6.55413804,430.0,0,0,0.0,0.0,0,0.0,0,0,0,0,,,0,0.0,periferico
ES_45095,45095,"Mata, La",46.34285281,889.0,0,0,0.0,0.0,0,0.0,0,0,0,0,,,0,0.0,periferico
ES_45096,45096,Mazarambroz,5.82294001,1258.0,0,0,0.0,0.0,0,0.0,0,0,0,0,,,0,0.0,periferico
ES_45097,45097,Mejorada,29.87461768,1380.0,0,0,0.0,0.0,0,0.0,0,0,0,0,,,0,0.0,periferico
ES_45099,45099,Méntrida,73.53681557,6103.0,0,0,0.0,0.0,0,0.0,0,0,0,0,,,0,0.0,periferico
ES_45100,45100,Mesegar de Tajo,11.67097414,206.0,0,0,0.0,0.0,0,0.0,0,0,0,0,,,0,0.0,periferico
ES_45102,45102,Mocejón,166.24191709,5075.0,0,0,0.0,0.0,0,0.0,0,0,0,0,,,0,0.0,periferico
ES_45103,45103,Mohedas de la Jara,6.5366321,395.0,0,0,0.0,0.0,0,0.0,0,0,0,0,,,0,0.0,periferico
ES_45104,45104,Montearagón,47.69847136,571.0,0,0,0.0,0.0,0,0.0,0,0,0,0,,,0,0.0,periferico
ES_45105,45105,Montesclaros,18.53433263,382.0,0,0,0.0,0.0,0,0.0,0,0,0,0,,,0,0.0,periferico
ES_45106,45106,Mora,58.61876666,9881.0,0,0,0.0,0.0,0,0.0,0,0,0,0,,,0,0.0,periferico
ES_45107,45107,Nambroca,63.65641835,5222.0,0,0,0.0,0.0,0,0.0,0,0,0,0,,,0,0.0,periferico
ES_45108,45108,"Nava de Ricomalillo, La",12.82242339,507.0,0,0,0.0,0.0,0,0.0,0,0,0,0,,,0,0.0,periferico
ES_45110,45110,Navalcán,30.98868566,1861.0,0,0,0.0,0.0,0,0.0,0,0,0,0,,,0,0.0,periferico
ES_45111,45111,Navalmoralejo,2.19880581,50.0,0,0,0.0,0.0,0,0.0,0,0,0,0,,,0,0.0,periferico
ES_45113,45113,"Navalucillos, Los",5.49298875,1956.0,0,0,0.0,0.0,0,0.0,0,0,0,0,,,0,0.0,periferico
ES_45114,45114,Navamorcuende,5.45537612,605.0,0,0,0.0,0.0,0,0.0,0,0,0,0,,,0,0.0,periferico
ES_45115,45115,Noblejas,55.84380293,3889.0,0,0,0.0,0.0,0,0.0,0,0,0,0,,,0,0.0,periferico
ES_45117,45117,Nombela,7.50734192,912.0,0,0,0.0,0.0,0,0.0,0,0,0,0,,,0,0.0,periferico
ES_45118,45118,Novés,81.84920041,3412.0,0,0,0.0,0.0,0,0.0,0,0,0,0,,,0,0.0,periferico
ES_45119,45119,Numancia de la Sagra,186.23912812,5474.0,0,0,0.0,0.0,0,0.0,0,0,0,0,,,0,0.0,periferico
ES_45121,45121,Ocaña,95.78717412,14146.0,0,0,0.0,0.0,0,0.0,0,0,0,0,,,0,0.0,periferico
ES_45122,45122,Olías del Rey,216.84165761,8698.0,0,0,0.0,0.0,0,0.0,0,0,0,0,,,0,0.0,periferico
ES_45124,45124,Orgaz,16.90650627,2611.0,0,0,0.0,0.0,0,0.0,0,0,0,0,,,0,0.0,periferico
ES_45125,45125,Oropesa,7.72410488,2598.0,0,0,0.0,0.0,0,0.0,0,0,0,0,,,0,0.0,periferico
ES_45126,45126,Otero,14.16633707,419.0,0,0,0.0,0.0,0,0.0,0,0,0,0,,,0,0.0,periferico
ES_45127,45127,Palomeque,51.65506715,1151.0,0,0,0.0,0.0,0,0.0,0,0,0,0,,,0,0.0,periferico
ES_45128,45128,Pantoja,128.79146356,3627.0,0,0,0.0,0.0,0,0.0,0,0,0,0,,,0,0.0,periferico
ES_45129,45129,Paredes de Escalona,5.07614087,126.0,0,0,0.0,0.0,0,0.0,0,0,0,0,,,0,0.0,periferico
ES_45130,45130,Parrillas,6.861355,352.0,0,0,0.0,0.0,0,0.0,0,0,0,0,,,0,0.0,periferico
ES_45131,45131,Pelahustán,7.61115362,337.0,0,0,0.0,0.0,0,0.0,0,0,0,0,,,0,0.0,periferico
ES_45133,45133,Polán,24.52915501,3890.0,0,0,0.0,0.0,0,0.0,0,0,0,0,,,0,0.0,periferico
ES_45135,45135,"Puebla de Almoradiel, La",47.29518845,5021.0,0,0,0.0,0.0,0,0.0,0,0,0,0,,,0,0.0,periferico
ES_45136,45136,"Puebla de Montalbán, La",55.96373939,7908.0,0,0,0.0,0.0,0,0.0,0,0,0,0,,,0,0.0,periferico
ES_45137,45137,"Pueblanueva, La",17.69841076,2164.0,0,0,0.0,0.0,0,0.0,0,0,0,0,,,0,0.0,periferico
ES_45138,45138,"Puente del Arzobispo, El",1198.85694216,1170.0,0,0,0.0,0.0,0,0.0,0,0,0,0,,,0,0.0,periferico
ES_45139,45139,Puerto de San Vicente,3.50630178,163.0,0,0,0.0,0.0,0,0.0,0,0,0,0,,,0,0.0,periferico
ES_45140,45140,Pulgar,39.73828173,1534.0,0,0,0.0,0.0,0,0.0,0,0,0,0,,,0,0.0,periferico
ES_45143,45143,Quismondo,113.37248964,1747.0,0,0,0.0,0.0,0,0.0,0,0,0,0,,,0,0.0,periferico
ES_45144,45144,"Real de San Vicente, El",18.12712806,975.0,0,0,0.0,0.0,0,0.0,0,0,0,0,,,0,0.0,periferico
ES_45145,45145,Recas,161.08656245,5006.0,0,0,0.0,0.0,0,0.0,0,0,0,0,,,0,0.0,periferico
ES_45146,45146,Retamoso de la Jara,2.25962357,109.0,0,0,0.0,0.0,0,0.0,0,0,0,0,,,0,0.0,periferico
ES_45147,45147,Rielves,24.93925368,818.0,0,0,0.0,0.0,0,0.0,0,0,0,0,,,0,0.0,periferico
ES_45148,45148,Robledo del Mazo,1.80661072,247.0,0,0,0.0,0.0,0,0.0,0,0,0,0,,,0,0.0,periferico
ES_45150,45150,San Bartolomé de las Abiertas,10.88741574,619.0,0,0,0.0,0.0,0,0.0,0,0,0,0,,,0,0.0,periferico
ES_45152,45152,San Martín de Pusa,5.68974043,595.0,0,0,0.0,0.0,0,0.0,0,0,0,0,,,0,0.0,periferico
ES_45153,45153,San Pablo de los Montes,17.10495637,1711.0,0,0,0.0,0.0,0,0.0,0,0,0,0,,,0,0.0,periferico
ES_45154,45154,San Román de los Montes,46.19770692,2072.0,0,0,0.0,0.0,0,0.0,0,0,0,0,,,0,0.0,periferico
ES_45156,45156,Santa Cruz de la Zarza,15.74103806,4160.0,0,0,0.0,0.0,0,0.0,0,0,0,0,,,0,0.0,periferico
ES_45157,45157,Santa Cruz del Retamar,30.00545049,3895.0,0,0,0.0,0.0,0,0.0,0,0,0,0,,,0,0.0,periferico
ES_45158,45158,Santa Olalla,47.91668223,3480.0,0,0,0.0,0.0,0,0.0,0,0,0,0,,,0,0.0,periferico
ES_45159,45159,Sartajada,7.10302184,109.0,0,0,0.0,0.0,0,0.0,0,0,0,0,,,0,0.0,periferico
ES_45161,45161,Seseña,408.83959623,29187.0,0,0,0.0,0.0,0,0.0,0,0,0,0,,,0,0.0,periferico
ES_45162,45162,Sevilleja de la Jara,2.76922523,648.0,0,0,0.0,0.0,0,0.0,0,0,0,0,,,0,0.0,periferico
ES_19109,19109,Embid,0.82867454,30.0,0,0,0.0,0.0,0,0.0,0,0,0,0,,,0,0.0,periferico
ES_19110,19110,Escamilla,1.65651162,65.0,0,0,0.0,0.0,0,0.0,0,0,0,0,,,0,0.0,periferico
ES_19111,19111,Escariche,6.24844776,188.0,0,0,0.0,0.0,0,0.0,0,0,0,0,,,0,0.0,periferico
ES_19112,19112,Escopete,3.5833479,68.0,0,0,0.0,0.0,0,0.0,0,0,0,0,,,0,0.0,periferico
ES_19114,19114,Esplegares,0.98848793,37.0,0,0,0.0,0.0,0,0.0,0,0,0,0,,,0,0.0,periferico
ES_19115,19115,Establés,0.6122819,32.0,0,0,0.0,0.0,0,0.0,0,0,0,0,,,0,0.0,periferico
ES_19116,19116,Estriégana,0.67917532,11.0,0,0,0.0,0.0,0,0.0,0,0,0,0,,,0,0.0,periferico
ES_19117,19117,Fontanar,170.26571089,2633.0,0,0,0.0,0.0,0,0.0,0,0,0,0,,,0,0.0,periferico
ES_19119,19119,Fuencemillán,12.12504026,88.0,0,0,0.0,0.0,0,0.0,0,0,0,0,,,0,0.0,periferico
ES_19120,19120,Fuentelahiguera de Albatages,2.2033725,116.0,0,0,0.0,0.0,0,0.0,0,0,0,0,,,0,0.0,periferico
ES_19121,19121,Fuentelencina,7.28302263,323.0,0,0,0.0,0.0,0,0.0,0,0,0,0,,,0,0.0,periferico
ES_19122,19122,Fuentelsaz,2.27773621,92.0,0,0,0.0,0.0,0,0.0,0,0,0,0,,,0,0.0,periferico
ES_19123,19123,Fuentelviejo,4.03837454,52.0,0,0,0.0,0.0,0,0.0,0,0,0,0,,,0,0.0,periferico
ES_19124,19124,Fuentenovilla,16.32711461,607.0,0,0,0.0,0.0,0,0.0,0,0,0,0,,,0,0.0,periferico
ES_19125,19125,Gajanejos,2.39379126,61.0,0,0,0.0,0.0,0,0.0,0,0,0,0,,,0,0.0,periferico
ES_19127,19127,Galve de Sorbe,1.94585069,96.0,0,0,0.0,0.0,0,0.0,0,0,0,0,,,0,0.0,periferico
ES_19130,19130,Guadalajara,377.56561136,88886.0,0,0,0.0,0.0,0,0.0,0,0,0,0,,,0,0.0,periferico
ES_19132,19132,Henche,3.68791522,85.0,0,0,0.0,0.0,0,0.0,0,0,0,0,,,0,0.0,periferico
ES_19133,19133,Heras de Ayuso,22.26722283,228.0,0,0,0.0,0.0,0,0.0,0,0,0,0,,,0,0.0,periferico
ES_19135,19135,Hiendelaencina,5.99096051,115.0,0,0,0.0,0.0,0,0.0,0,0,0,0,,,0,0.0,periferico
ES_19136,19136,Hijes,0.96691422,20.0,0,0,0.0,0.0,0,0.0,0,0,0,0,,,0,0.0,periferico
ES_19138,19138,Hita,5.6314527,318.0,0,0,0.0,0.0,0,0.0,0,0,0,0,,,0,0.0,periferico
ES_19139,19139,Hombrados,1.34738205,51.0,0,0,0.0,0.0,0,0.0,0,0,0,0,,,0,0.0,periferico
ES_19143,19143,Horche,62.6334747,2776.0,0,0,0.0,0.0,0,0.0,0,0,0,0,,,0,0.0,periferico
ES_19145,19145,Hortezuela de Océn,2.01379337,40.0,0,0,0.0,0.0,0,0.0,0,0,0,0,,,0,0.0,periferico
ES_19147,19147,Huérmeces del Cerro,2.12162683,42.0,0,0,0.0,0.0,0,0.0,0,0,0,0,,,0,0.0,periferico
ES_19148,19148,Huertahernando,1.09029043,56.0,0,0,0.0,0.0,0,0.0,0,0,0,0,,,0,0.0,periferico
ES_19150,19150,Hueva,3.5240194,112.0,0,0,0.0,0.0,0,0.0,0,0,0,0,,,0,0.0,periferico
ES_19151,19151,Humanes,36.0097905,1730.0,0,0,0.0,0.0,0,0.0,0,0,0,0,,,0,0.0,periferico
ES_19152,19152,Illana,12.73829997,896.0,0,0,0.0,0.0,0,0.0,0,0,0,0,,,0,0.0,periferico
ES_19154,19154,"Inviernas, Las",1.70138599,58.0,0,0,0.0,0.0,0,0.0,0,0,0,0,,,0,0.0,periferico
ES_19155,19155,Irueste,4.76803444,68.0,0,0,0.0,0.0,0,0.0,0,0,0,0,,,0,0.0,periferico
ES_19156,19156,Jadraque,36.93052838,1437.0,0,0,0.0,0.0,0,0.0,0,0,0,0,,,0,0.0,periferico
ES_19159,19159,Ledanca,2.26147478,107.0,0,0,0.0,0.0,0,0.0,0,0,0,0,,,0,0.0,periferico
ES_19160,19160,Loranca de Tajuña,41.62139831,1512.0,0,0,0.0,0.0,0,0.0,0,0,0,0,,,0,0.0,periferico
ES_19161,19161,Lupiana,9.5714516,296.0,0,0,0.0,0.0,0,0.0,0,0,0,0,,,0,0.0,periferico
ES_19162,19162,Luzaga,2.28915661,68.0,0,0,0.0,0.0,0,0.0,0,0,0,0,,,0,0.0,periferico
ES_19163,19163,Luzón,1.10587077,63.0,0,0,0.0,0.0,0,0.0,0,0,0,0,,,0,0.0,periferico
ES_19165,19165,Majaelrayo,0.96447646,53.0,0,0,0.0,0.0,0,0.0,0,0,0,0,,,0,0.0,periferico
ES_19167,19167,Malaguilla,6.80191785,194.0,0,0,0.0,0.0,0,0.0,0,0,0,0,,,0,0.0,periferico
ES_19168,19168,Mandayona,9.21645082,306.0,0,0,0.0,0.0,0,0.0,0,0,0,0,,,0,0.0,periferico
ES_19171,19171,Marchamalo,267.70036789,8276.0,0,0,0.0,0.0,0,0.0,0,0,0,0,,,0,0.0,periferico
ES_19172,19172,Masegoso de Tajuña,4.25819408,74.0,0,0,0.0,0.0,0,0.0,0,0,0,0,,,0,0.0,periferico
ES_19173,19173,Matarrubia,2.48114182,70.0,0,0,0.0,0.0,0,0.0,0,0,0,0,,,0,0.0,periferico
ES_19174,19174,Matillas,10.10712282,105.0,0,0,0.0,0.0,0,0.0,0,0,0,0,,,0,0.0,periferico
ES_19175,19175,Mazarete,0.48075452,27.0,0,0,0.0,0.0,0,0.0,0,0,0,0,,,0,0.0,periferico
ES_19176,19176,Mazuecos,13.47369044,320.0,0,0,0.0,0.0,0,0.0,0,0,0,0,,,0,0.0,periferico
ES_19177,19177,Medranda,5.95030858,68.0,0,0,0.0,0.0,0,0.0,0,0,0,0,,,0,0.0,periferico
ES_19181,19181,Miedes de Atienza,1.34885415,58.0,0,0,0.0,0.0,0,0.0,0,0,0,0,,,0,0.0,periferico
ES_19182,19182,"Mierla, La",2.02041277,40.0,0,0,0.0,0.0,0,0.0,0,0,0,0,,,0,0.0,periferico
ES_19183,19183,Milmarcos,1.59349998,70.0,0,0,0.0,0.0,0,0.0,0,0,0,0,,,0,0.0,periferico
ES_19184,19184,Millana,4.20720945,117.0,0,0,0.0,0.0,0,0.0,0,0,0,0,,,0,0.0,periferico
ES_19185,19185,"Miñosa, La",0.68209061,30.0,0,0,0.0,0.0,0,0.0,0,0,0,0,,,0,0.0,periferico
ES_19186,19186,Mirabueno,4.6318264,90.0,0,0,0.0,0.0,0,0.0,0,0,0,0,,,0,0.0,periferico
ES_19187,19187,Miralrío,6.83466989,56.0,0,0,0.0,0.0,0,0.0,0,0,0,0,,,0,0.0,periferico
ES_19189,19189,Mohernando,6.87527581,181.0,0,0,0.0,0.0,0,0.0,0,0,0,0,,,0,0.0,periferico
ES_19190,19190,Molina de Aragón,19.7884981,3331.0,0,0,0.0,0.0,0,0.0,0,0,0,0,,,0,0.0,periferico
ES_19192,19192,Mondéjar,59.08095652,2858.0,0,0,0.0,0.0,0,0.0,0,0,0,0,,,0,0.0,periferico
ES_19193,19193,Montarrón,2.68612689,30.0,0,0,0.0,0.0,0,0.0,0,0,0,0,,,0,0.0,periferico
ES_19194,19194,Moratilla de los Meleros,3.74089117,109.0,0,0,0.0,0.0,0,0.0,0,0,0,0,,,0,0.0,periferico
ES_19195,19195,Morenilla,1.93992337,55.0,0,0,0.0,0.0,0,0.0,0,0,0,0,,,0,0.0,periferico
ES_19196,19196,Muduex,4.95217683,110.0,0,0,0.0,0.0,0,0.0,0,0,0,0,,,0,0.0,periferico
ES_19197,19197,"Navas de Jadraque, Las",4.09742971,37.0,0,0,0.0,0.0,0,0.0,0,0,0,0,,,0,0.0,periferico
ES_19198,19198,Negredo,0.70889285,13.0,0,0,0.0,0.0,0,0.0,0,0,0,0,,,0,0.0,periferico
ES_19201,19201,Olmeda de Cobeta,1.54024986,61.0,0,0,0.0,0.0,0,0.0,0,0,0,0,,,0,0.0,periferico
ES_19203,19203,"Ordial, El",1.16816985,35.0,0,0,0.0,0.0,0,0.0,0,0,0,0,,,0,0.0,periferico
ES_19204,19204,Orea,2.74971443,196.0,0,0,0.0,0.0,0,0.0,0,0,0,0,,,0,0.0,periferico
ES_19208,19208,Pálmaces de Jadraque,1.59960428,47.0,0,0,0.0,0.0,0,0.0,0,0,0,0,,,0,0.0,periferico
ES_19209,19209,Pardos,1.72604469,40.0,0,0,0.0,0.0,0,0.0,0,0,0,0,,,0,0.0,periferico
ES_19210,19210,Paredes de Sigüenza,0.72867156,24.0,0,0,0.0,0.0,0,0.0,0,0,0,0,,,0,0.0,periferico
ES_19211,19211,Pareja,5.08784207,466.0,0,0,0.0,0.0,0,0.0,0,0,0,0,,,0,0.0,periferico
ES_19213,19213,"Pedregal, El",2.71782693,63.0,0,0,0.0,0.0,0,0.0,0,0,0,0,,,0,0.0,periferico
ES_19214,19214,Peñalén,1.35130585,80.0,0,0,0.0,0.0,0,0.0,0,0,0,0,,,0,0.0,periferico
ES_19215,19215,Peñalver,4.46577737,183.0,0,0,0.0,0.0,0,0.0,0,0,0,0,,,0,0.0,periferico
ES_19216,19216,Peralejos de las Truchas,2.2469833,159.0,0,0,0.0,0.0,0,0.0,0,0,0,0,,,0,0.0,periferico
ES_19217,19217,Peralveche,1.04502569,85.0,0,0,0.0,0.0,0,0.0,0,0,0,0,,,0,0.0,periferico
ES_19218,19218,Pinilla de Jadraque,3.84909112,51.0,0,0,0.0,0.0,0,0.0,0,0,0,0,,,0,0.0,periferico
ES_19219,19219,Pinilla de Molina,0.51769429,12.0,0,0,0.0,0.0,0,0.0,0,0,0,0,,,0,0.0,periferico
ES_19220,19220,Pioz,271.44244005,5263.0,0,0,0.0,0.0,0,0.0,0,0,0,0,,,0,0.0,periferico
ES_19221,19221,Piqueras,1.08315625,35.0,0,0,0.0,0.0,0,0.0,0,0,0,0,,,0,0.0,periferico
ES_34224,34224,Villamuera de la Cueza,1.50836139,38.0,0,0,0.0,0.0,0,0.0,0,0,0,0,,,0,0.0,periferico
ES_34225,34225,Villamuriel de Cerrato,161.30818548,6456.0,0,0,0.0,0.0,0,0.0,0,0,0,0,,,0,0.0,periferico
ES_34227,34227,Villanueva del Rebollar,4.16422013,69.0,0,0,0.0,0.0,0,0.0,0,0,0,0,,,0,0.0,periferico
ES_34228,34228,Villanuño de Valdavia,2.96315949,92.0,0,0,0.0,0.0,0,0.0,0,0,0,0,,,0,0.0,periferico
ES_34229,34229,Villaprovedo,1.96940476,52.0,0,0,0.0,0.0,0,0.0,0,0,0,0,,,0,0.0,periferico
ES_34230,34230,Villarmentero de Campos,2.60474016,20.0,0,0,0.0,0.0,0,0.0,0,0,0,0,,,0,0.0,periferico
ES_18076,18076,Fonelas,10.20393132,984.0,0,0,0.0,0.0,0,0.0,0,0,0,0,,,0,0.0,periferico
ES_18077,18077,Fornes,35.86104113,543.0,0,0,0.0,0.0,0,0.0,0,0,0,0,,,0,0.0,periferico
ES_18079,18079,Fuente Vaqueros,285.82174919,4600.0,0,0,0.0,0.0,0,0.0,0,0,0,0,,,0,0.0,periferico
ES_18082,18082,Galera,9.35765744,1107.0,0,0,0.0,0.0,0,0.0,0,0,0,0,,,0,0.0,periferico
ES_18083,18083,Gobernador,11.1176635,256.0,0,0,0.0,0.0,0,0.0,0,0,0,0,,,0,0.0,periferico
ES_18084,18084,Gójar,517.64725547,6195.0,0,0,0.0,0.0,0,0.0,0,0,0,0,,,0,0.0,periferico
ES_18085,18085,Gor,4.29217173,777.0,0,0,0.0,0.0,0,0.0,0,0,0,0,,,0,0.0,periferico
ES_18086,18086,Gorafe,4.97216061,383.0,0,0,0.0,0.0,0,0.0,0,0,0,0,,,0,0.0,periferico
ES_18088,18088,Guadahortuna,15.11646041,1833.0,0,0,0.0,0.0,0,0.0,0,0,0,0,,,0,0.0,periferico
ES_18089,18089,Guadix,57.19688658,18543.0,0,0,0.0,0.0,0,0.0,0,0,0,0,,,0,0.0,periferico
ES_18094,18094,Güéjar Sierra,12.2456454,2926.0,0,0,0.0,0.0,0,0.0,0,0,0,0,,,0,0.0,periferico
ES_18095,18095,Güevéjar,276.27315261,2693.0,0,0,0.0,0.0,0,0.0,0,0,0,0,,,0,0.0,periferico
ES_18096,18096,Huélago,11.65513955,380.0,0,0,0.0,0.0,0,0.0,0,0,0,0,,,0,0.0,periferico
ES_18097,18097,Huéneja,10.21711343,1193.0,0,0,0.0,0.0,0,0.0,0,0,0,0,,,0,0.0,periferico
ES_18098,18098,Huéscar,15.29502124,7232.0,0,0,0.0,0.0,0,0.0,0,0,0,0,,,0,0.0,periferico
ES_18099,18099,Huétor de Santillán,20.74285394,1935.0,0,0,0.0,0.0,0,0.0,0,0,0,0,,,0,0.0,periferico
ES_18101,18101,Huétor Vega,2867.50756354,12150.0,0,0,0.0,0.0,0,0.0,0,0,0,0,,,0,0.0,periferico
ES_18102,18102,Íllora,50.31171016,9934.0,0,0,0.0,0.0,0,0.0,0,0,0,0,,,0,0.0,periferico
ES_18105,18105,Iznalloz,20.9563739,5189.0,0,0,0.0,0.0,0,0.0,0,0,0,0,,,0,0.0,periferico
ES_18106,18106,Játar,59.5717306,589.0,0,0,0.0,0.0,0,0.0,0,0,0,0,,,0,0.0,periferico
ES_18108,18108,Jérez del Marquesado,11.858097,981.0,0,0,0.0,0.0,0,0.0,0,0,0,0,,,0,0.0,periferico
ES_18109,18109,Jete,71.37775333,992.0,0,0,0.0,0.0,0,0.0,0,0,0,0,,,0,0.0,periferico
ES_18111,18111,Jun,1105.44172057,4083.0,0,0,0.0,0.0,0,0.0,0,0,0,0,,,0,0.0,periferico
ES_18112,18112,Juviles,10.13641968,152.0,0,0,0.0,0.0,0,0.0,0,0,0,0,,,0,0.0,periferico
ES_18115,18115,Láchar,286.32567496,3755.0,0,0,0.0,0.0,0,0.0,0,0,0,0,,,0,0.0,periferico
ES_18116,18116,Lanjarón,60.97131429,3681.0,0,0,0.0,0.0,0,0.0,0,0,0,0,,,0,0.0,periferico
ES_18119,18119,Lecrín,55.8916247,2264.0,0,0,0.0,0.0,0,0.0,0,0,0,0,,,0,0.0,periferico
ES_18120,18120,Lentegí,14.64230787,348.0,0,0,0.0,0.0,0,0.0,0,0,0,0,,,0,0.0,periferico
ES_18121,18121,Lobras,8.9117107,143.0,0,0,0.0,0.0,0,0.0,0,0,0,0,,,0,0.0,periferico
ES_18122,18122,Loja,45.91997419,20549.0,0,0,0.0,0.0,0,0.0,0,0,0,0,,,0,0.0,periferico
ES_18123,18123,Lugros,4.86746308,308.0,0,0,0.0,0.0,0,0.0,0,0,0,0,,,0,0.0,periferico
ES_18124,18124,Lújar,13.10021983,483.0,0,0,0.0,0.0,0,0.0,0,0,0,0,,,0,0.0,periferico
ES_18126,18126,"Malahá, La",72.79643012,1850.0,0,0,0.0,0.0,0,0.0,0,0,0,0,,,0,0.0,periferico
ES_18127,18127,Maracena,4573.70510957,22364.0,0,0,0.0,0.0,0,0.0,0,0,0,0,,,0,0.0,periferico
ES_18132,18132,Moclín,31.53075312,3567.0,0,0,0.0,0.0,0,0.0,0,0,0,0,,,0,0.0,periferico
ES_18133,18133,Molvízar,130.07205686,2794.0,0,0,0.0,0.0,0,0.0,0,0,0,0,,,0,0.0,periferico
ES_18134,18134,Monachil,93.99315567,8360.0,0,0,0.0,0.0,0,0.0,0,0,0,0,,,0,0.0,periferico
ES_18135,18135,Montefrío,21.15288407,5371.0,0,0,0.0,0.0,0,0.0,0,0,0,0,,,0,0.0,periferico
ES_18136,18136,Montejícar,23.32420842,2046.0,0,0,0.0,0.0,0,0.0,0,0,0,0,,,0,0.0,periferico
ES_34232,34232,Villarramiel,27.14293064,821.0,0,0,0.0,0.0,0,0.0,0,0,0,0,,,0,0.0,periferico
ES_34234,34234,Villasila de Valdavia,2.07678385,63.0,0,0,0.0,0.0,0,0.0,0,0,0,0,,,0,0.0,periferico
ES_34236,34236,Villaturde,5.31569939,139.0,0,0,0.0,0.0,0,0.0,0,0,0,0,,,0,0.0,periferico
ES_34237,34237,Villaumbrales,15.18517764,640.0,0,0,0.0,0.0,0,0.0,0,0,0,0,,,0,0.0,periferico
ES_34238,34238,Villaviudas,9.6414223,359.0,0,0,0.0,0.0,0,0.0,0,0,0,0,,,0,0.0,periferico
ES_34240,34240,Villerías de Campos,3.31180402,73.0,0,0,0.0,0.0,0,0.0,0,0,0,0,,,0,0.0,periferico
ES_34241,34241,Villodre,2.41614154,21.0,0,0,0.0,0.0,0,0.0,0,0,0,0,,,0,0.0,periferico
ES_34242,34242,Villodrigo,11.74792898,106.0,0,0,0.0,0.0,0,0.0,0,0,0,0,,,0,0.0,periferico
ES_34243,34243,Villoldo,8.27226141,336.0,0,0,0.0,0.0,0,0.0,0,0,0,0,,,0,0.0,periferico
ES_34246,34246,Villovieco,2.80370436,66.0,0,0,0.0,0.0,0,0.0,0,0,0,0,,,0,0.0,periferico
ES_34903,34903,Loma de Ucieza,2.58384652,184.0,0,0,0.0,0.0,0,0.0,0,0,0,0,,,0,0.0,periferico
ES_34904,34904,"Pernía, La",1.92215226,318.0,0,0,0.0,0.0,0,0.0,0,0,0,0,,,0,0.0,periferico
ES_35001,35001,Agaete,125.41154408,5593.0,0,0,0.0,0.0,0,0.0,0,0,0,0,,,0,0.0,periferico
ES_35002,35002,Agüimes,415.37096349,32797.0,0,0,0.0,0.0,0,0.0,0,0,0,0,,,0,0.0,periferico
ES_35003,35003,Antigua,53.90696305,13513.0,0,0,0.0,0.0,0,0.0,0,0,0,0,,,0,0.0,periferico
ES_35004,35004,Arrecife,2717.64325453,64735.0,0,0,0.0,0.0,0,0.0,0,0,0,0,,,0,0.0,periferico
ES_35005,35005,Artenara,15.59577531,1036.0,0,0,0.0,0.0,0,0.0,0,0,0,0,,,0,0.0,periferico
ES_35006,35006,Arucas,1181.75301585,38655.0,0,0,0.0,0.0,0,0.0,0,0,0,0,,,0,0.0,periferico
ES_35008,35008,Firgas,480.68055708,7701.0,0,0,0.0,0.0,0,0.0,0,0,0,0,,,0,0.0,periferico
ES_35009,35009,Gáldar,395.12543422,24728.0,0,0,0.0,0.0,0,0.0,0,0,0,0,,,0,0.0,periferico
ES_35010,35010,Haría,51.98417918,5543.0,0,0,0.0,0.0,0,0.0,0,0,0,0,,,0,0.0,periferico
ES_35011,35011,Ingenio,828.34220651,32356.0,0,0,0.0,0.0,0,0.0,0,0,0,0,,,0,0.0,periferico
ES_35013,35013,Moya,245.36540099,7887.0,0,0,0.0,0.0,0,0.0,0,0,0,0,,,0,0.0,periferico
ES_35014,35014,"Oliva, La",82.16919186,29174.0,0,0,0.0,0.0,0,0.0,0,0,0,0,,,0,0.0,periferico
ES_35016,35016,"Palmas de Gran Canaria, Las",3746.66570332,380863.0,0,0,0.0,0.0,0,0.0,0,0,0,0,,,0,0.0,periferico
ES_35017,35017,Puerto del Rosario,149.60147293,43493.0,0,0,0.0,0.0,0,0.0,0,0,0,0,,,0,0.0,periferico
ES_35018,35018,San Bartolomé,478.03952088,19443.0,0,0,0.0,0.0,0,0.0,0,0,0,0,,,0,0.0,periferico
ES_35019,35019,San Bartolomé de Tirajana,164.29654391,54668.0,0,0,0.0,0.0,0,0.0,0,0,0,0,,,0,0.0,periferico
ES_35020,35020,"Aldea de San Nicolás, La",60.82312726,7523.0,0,0,0.0,0.0,0,0.0,0,0,0,0,,,0,0.0,periferico
ES_35022,35022,Santa Lucía de Tirajana,1220.29331144,76418.0,0,0,0.0,0.0,0,0.0,0,0,0,0,,,0,0.0,periferico
ES_22232,22232,Torralba de Aragón,2.62520643,106.0,0,0,0.0,0.0,0,0.0,0,0,0,0,,,0,0.0,periferico
ES_22233,22233,Torre la Ribera,3.02758909,97.0,0,0,0.0,0.0,0,0.0,0,0,0,0,,,0,0.0,periferico
ES_22234,22234,Torrente de Cinca,20.8424263,1176.0,0,0,0.0,0.0,0,0.0,0,0,0,0,,,0,0.0,periferico
ES_22235,22235,Torres de Alcanadre,4.58758951,81.0,0,0,0.0,0.0,0,0.0,0,0,0,0,,,0,0.0,periferico
ES_22236,22236,Torres de Barbués,18.80185464,262.0,0,0,0.0,0.0,0,0.0,0,0,0,0,,,0,0.0,periferico
ES_22242,22242,Valfarta,1.89845364,63.0,0,0,0.0,0.0,0,0.0,0,0,0,0,,,0,0.0,periferico
ES_22243,22243,Valle de Bardají,1.2315293,56.0,0,0,0.0,0.0,0,0.0,0,0,0,0,,,0,0.0,periferico
ES_22244,22244,Valle de Lierp,1.83036352,60.0,0,0,0.0,0.0,0,0.0,0,0,0,0,,,0,0.0,periferico
ES_22245,22245,Velilla de Cinca,29.81441473,493.0,0,0,0.0,0.0,0,0.0,0,0,0,0,,,0,0.0,periferico
ES_22246,22246,Beranuy,1.06680944,68.0,0,0,0.0,0.0,0,0.0,0,0,0,0,,,0,0.0,periferico
ES_22247,22247,Viacamp y Litera,0.36892647,40.0,0,0,0.0,0.0,0,0.0,0,0,0,0,,,0,0.0,periferico
ES_22248,22248,Vicién,10.09617967,139.0,0,0,0.0,0.0,0,0.0,0,0,0,0,,,0,0.0,periferico
ES_22249,22249,Villanova,25.46673608,175.0,0,0,0.0,0.0,0,0.0,0,0,0,0,,,0,0.0,periferico
ES_22250,22250,Villanúa,9.48096115,552.0,0,0,0.0,0.0,0,0.0,0,0,0,0,,,0,0.0,periferico
ES_22253,22253,Yésero,2.08371737,63.0,0,0,0.0,0.0,0,0.0,0,0,0,0,,,0,0.0,periferico
ES_22254,22254,Zaidín,19.29924047,1787.0,0,0,0.0,0.0,0,0.0,0,0,0,0,,,0,0.0,periferico
ES_22901,22901,Valle de Hecho,3.41654282,801.0,0,0,0.0,0.0,0,0.0,0,0,0,0,,,0,0.0,periferico
ES_22902,22902,Puente la Reina de Jaca,5.73775374,276.0,0,0,0.0,0.0,0,0.0,0,0,0,0,,,0,0.0,periferico
ES_22903,22903,San Miguel del Cinca,7.48435983,797.0,0,0,0.0,0.0,0,0.0,0,0,0,0,,,0,0.0,periferico
ES_22904,22904,"Sotonera, La",5.52072837,914.0,0,0,0.0,0.0,0,0.0,0,0,0,0,,,0,0.0,periferico
ES_22905,22905,Lupiñén-Ortilla,3.11599158,343.0,0,0,0.0,0.0,0,0.0,0,0,0,0,,,0,0.0,periferico
ES_22906,22906,Santa María de Dulcis,7.52163637,204.0,0,0,0.0,0.0,0,0.0,0,0,0,0,,,0,0.0,periferico
ES_22907,22907,Aínsa-Sobrarbe,8.0442752,2291.0,0,0,0.0,0.0,0,0.0,0,0,0,0,,,0,0.0,periferico
ES_22909,22909,Vencillón,40.49813377,407.0,0,0,0.0,0.0,0,0.0,0,0,0,0,,,0,0.0,periferico
ES_23002,23002,Alcalá la Real,82.62849829,21596.0,0,0,0.0,0.0,0,0.0,0,0,0,0,,,0,0.0,periferico
ES_23004,23004,Aldeaquemada,3.89138759,468.0,0,0,0.0,0.0,0,0.0,0,0,0,0,,,0,0.0,periferico
ES_23005,23005,Andújar,37.25424516,35894.0,0,0,0.0,0.0,0,0.0,0,0,0,0,,,0,0.0,periferico
ES_23006,23006,Arjona,33.71244563,5342.0,0,0,0.0,0.0,0,0.0,0,0,0,0,,,0,0.0,periferico
ES_23007,23007,Arjonilla,83.16851335,3540.0,0,0,0.0,0.0,0,0.0,0,0,0,0,,,0,0.0,periferico
ES_23008,23008,Arquillos,25.50829357,1683.0,0,0,0.0,0.0,0,0.0,0,0,0,0,,,0,0.0,periferico
ES_23009,23009,Baeza,81.48179937,15708.0,0,0,0.0,0.0,0,0.0,0,0,0,0,,,0,0.0,periferico
ES_23011,23011,Baños de la Encina,6.52770284,2561.0,0,0,0.0,0.0,0,0.0,0,0,0,0,,,0,0.0,periferico
ES_23012,23012,Beas de Segura,31.35011668,4995.0,0,0,0.0,0.0,0,0.0,0,0,0,0,,,0,0.0,periferico
ES_23014,23014,Begíjar,69.28974197,2967.0,0,0,0.0,0.0,0,0.0,0,0,0,0,,,0,0.0,periferico
ES_23016,23016,Benatae,9.80646571,436.0,0,0,0.0,0.0,0,0.0,0,0,0,0,,,0,0.0,periferico
ES_23017,23017,Cabra del Santo Cristo,9.06129949,1695.0,0,0,0.0,0.0,0,0.0,0,0,0,0,,,0,0.0,periferico
ES_23018,23018,Cambil,18.86396904,2639.0,0,0,0.0,0.0,0,0.0,0,0,0,0,,,0,0.0,periferico
ES_32055,32055,Paderne de Allariz,35.14174037,1362.0,0,0,0.0,0.0,0,0.0,0,0,0,0,,,0,0.0,periferico
ES_32056,32056,Padrenda,28.51496025,1626.0,0,0,0.0,0.0,0,0.0,0,0,0,0,,,0,0.0,periferico
ES_32058,32058,"Pereiro de Aguiar, O",109.02275988,6643.0,0,0,0.0,0.0,0,0.0,0,0,0,0,,,0,0.0,periferico
ES_32059,32059,"Peroxa, A",32.6811983,1781.0,0,0,0.0,0.0,0,0.0,0,0,0,0,,,0,0.0,periferico
ES_32060,32060,Petín,28.61098954,872.0,0,0,0.0,0.0,0,0.0,0,0,0,0,,,0,0.0,periferico
ES_32061,32061,Piñor,21.91727506,1155.0,0,0,0.0,0.0,0,0.0,0,0,0,0,,,0,0.0,periferico
ES_32062,32062,Porqueira,19.50019817,847.0,0,0,0.0,0.0,0,0.0,0,0,0,0,,,0,0.0,periferico
ES_32063,32063,"Pobra de Trives, A",23.56547417,1982.0,0,0,0.0,0.0,0,0.0,0,0,0,0,,,0,0.0,periferico
ES_32064,32064,Pontedeva,47.35605636,467.0,0,0,0.0,0.0,0,0.0,0,0,0,0,,,0,0.0,periferico
ES_32065,32065,Punxín,43.8871162,750.0,0,0,0.0,0.0,0,0.0,0,0,0,0,,,0,0.0,periferico
ES_32066,32066,Quintela de Leirado,19.29972735,603.0,0,0,0.0,0.0,0,0.0,0,0,0,0,,,0,0.0,periferico
ES_32067,32067,Rairiz de Veiga,16.87253655,1216.0,0,0,0.0,0.0,0,0.0,0,0,0,0,,,0,0.0,periferico
ES_32069,32069,Ribadavia,198.56608374,4986.0,0,0,0.0,0.0,0,0.0,0,0,0,0,,,0,0.0,periferico
ES_32070,32070,San Xoán de Río,8.47157722,518.0,0,0,0.0,0.0,0,0.0,0,0,0,0,,,0,0.0,periferico
ES_32071,32071,Riós,12.35649049,1413.0,0,0,0.0,0.0,0,0.0,0,0,0,0,,,0,0.0,periferico
ES_32072,32072,"Rúa, A",115.45269751,4142.0,0,0,0.0,0.0,0,0.0,0,0,0,0,,,0,0.0,periferico
ES_32074,32074,San Amaro,36.30829936,1050.0,0,0,0.0,0.0,0,0.0,0,0,0,0,,,0,0.0,periferico
ES_32075,32075,San Cibrao das Viñas,144.20204922,5692.0,0,0,0.0,0.0,0,0.0,0,0,0,0,,,0,0.0,periferico
ES_32078,32078,Sarreaus,14.15336867,1094.0,0,0,0.0,0.0,0,0.0,0,0,0,0,,,0,0.0,periferico
ES_32079,32079,Taboadela,59.01564161,1486.0,0,0,0.0,0.0,0,0.0,0,0,0,0,,,0,0.0,periferico
ES_32080,32080,"Teixeira, A",12.55842934,347.0,0,0,0.0,0.0,0,0.0,0,0,0,0,,,0,0.0,periferico
ES_32081,32081,Toén,40.96680412,2387.0,0,0,0.0,0.0,0,0.0,0,0,0,0,,,0,0.0,periferico
ES_32082,32082,Trasmiras,21.63164413,1227.0,0,0,0.0,0.0,0,0.0,0,0,0,0,,,0,0.0,periferico
ES_32083,32083,"Veiga, A",3.18088801,925.0,0,0,0.0,0.0,0,0.0,0,0,0,0,,,0,0.0,periferico
ES_32084,32084,Verea,10.18630299,960.0,0,0,0.0,0.0,0,0.0,0,0,0,0,,,0,0.0,periferico
ES_32085,32085,Verín,144.27975034,13585.0,0,0,0.0,0.0,0,0.0,0,0,0,0,,,0,0.0,periferico
ES_32086,32086,Viana do Bolo,10.16876627,2753.0,0,0,0.0,0.0,0,0.0,0,0,0,0,,,0,0.0,periferico
ES_32088,32088,Vilamartín de Valdeorras,21.07770827,1861.0,0,0,0.0,0.0,0,0.0,0,0,0,0,,,0,0.0,periferico
ES_32090,32090,Vilar de Santos,38.33870068,794.0,0,0,0.0,0.0,0,0.0,0,0,0,0,,,0,0.0,periferico
ES_32091,32091,Vilardevós,11.18300839,1701.0,0,0,0.0,0.0,0,0.0,0,0,0,0,,,0,0.0,periferico
ES_32092,32092,Vilariño de Conso,2.60692896,522.0,0,0,0.0,0.0,0,0.0,0,0,0,0,,,0,0.0,periferico
ES_33001,33001,Allande,4.58486143,1556.0,0,0,0.0,0.0,0,0.0,0,0,0,0,,,0,0.0,periferico
ES_33002,33002,Aller,26.76118396,10066.0,0,0,0.0,0.0,0,0.0,0,0,0,0,,,0,0.0,periferico
ES_33003,33003,Amieva,5.22892529,601.0,0,0,0.0,0.0,0,0.0,0,0,0,0,,,0,0.0,periferico
ES_33004,33004,Avilés,2831.11309431,75643.0,0,0,0.0,0.0,0,0.0,0,0,0,0,,,0,0.0,periferico
ES_33005,33005,Belmonte de Miranda,6.72622449,1399.0,0,0,0.0,0.0,0,0.0,0,0,0,0,,,0,0.0,periferico
ES_33007,33007,Boal,11.74423815,1412.0,0,0,0.0,0.0,0,0.0,0,0,0,0,,,0,0.0,periferico
ES_29052,29052,Faraján,13.91207431,284.0,0,0,0.0,0.0,0,0.0,0,0,0,0,,,0,0.0,periferico
ES_29053,29053,Frigiliana,83.83211941,3396.0,0,0,0.0,0.0,0,0.0,0,0,0,0,,,0,0.0,periferico
ES_29054,29054,Fuengirola,8188.29103735,85136.0,0,0,0.0,0.0,0,0.0,0,0,0,0,,,0,0.0,periferico
ES_29055,29055,Fuente de Piedra,31.96695001,2893.0,0,0,0.0,0.0,0,0.0,0,0,0,0,,,0,0.0,periferico
ES_29056,29056,Gaucín,16.21296057,1592.0,0,0,0.0,0.0,0,0.0,0,0,0,0,,,0,0.0,periferico
ES_29057,29057,Genalguacil,13.02755684,415.0,0,0,0.0,0.0,0,0.0,0,0,0,0,,,0,0.0,periferico
ES_29059,29059,Humilladero,96.29122741,3338.0,0,0,0.0,0.0,0,0.0,0,0,0,0,,,0,0.0,periferico
ES_29060,29060,Igualeja,17.86140887,783.0,0,0,0.0,0.0,0,0.0,0,0,0,0,,,0,0.0,periferico
ES_37373,37373,Villavieja de Yeltes,13.68329768,696.0,0,0,0.0,0.0,0,0.0,0,0,0,0,,,0,0.0,periferico
ES_37374,37374,Villoria,40.17876584,1271.0,0,0,0.0,0.0,0,0.0,0,0,0,0,,,0,0.0,periferico
ES_37375,37375,Villoruela,42.71803828,739.0,0,0,0.0,0.0,0,0.0,0,0,0,0,,,0,0.0,periferico
ES_37376,37376,Vitigudino,45.10264684,2361.0,0,0,0.0,0.0,0,0.0,0,0,0,0,,,0,0.0,periferico
ES_37377,37377,Yecla de Yeltes,3.86686017,221.0,0,0,0.0,0.0,0,0.0,0,0,0,0,,,0,0.0,periferico
ES_37378,37378,Zamarra,1.56673309,75.0,0,0,0.0,0.0,0,0.0,0,0,0,0,,,0,0.0,periferico
ES_37380,37380,Zarapicos,7.9715784,61.0,0,0,0.0,0.0,0,0.0,0,0,0,0,,,0,0.0,periferico
ES_37381,37381,"Zarza de Pumareda, La",4.80593596,136.0,0,0,0.0,0.0,0,0.0,0,0,0,0,,,0,0.0,periferico
ES_37382,37382,Zorita de la Frontera,4.70097384,151.0,0,0,0.0,0.0,0,0.0,0,0,0,0,,,0,0.0,periferico
ES_38001,38001,Adeje,477.2924423,50523.0,0,0,0.0,0.0,0,0.0,0,0,0,0,,,0,0.0,periferico
ES_38002,38002,Agulo,44.51798154,1123.0,0,0,0.0,0.0,0,0.0,0,0,0,0,,,0,0.0,periferico
ES_38003,38003,Alajeró,41.4817686,2066.0,0,0,0.0,0.0,0,0.0,0,0,0,0,,,0,0.0,periferico
ES_38005,38005,Arico,50.62703728,9049.0,0,0,0.0,0.0,0,0.0,0,0,0,0,,,0,0.0,periferico
ES_38006,38006,Arona,1058.30000564,86497.0,0,0,0.0,0.0,0,0.0,0,0,0,0,,,0,0.0,periferico
ES_38007,38007,Barlovento,45.7386352,1992.0,0,0,0.0,0.0,0,0.0,0,0,0,0,,,0,0.0,periferico
ES_38009,38009,Breña Baja,420.39859263,5966.0,0,0,0.0,0.0,0,0.0,0,0,0,0,,,0,0.0,periferico
ES_38010,38010,Buenavista del Norte,70.48975697,4720.0,0,0,0.0,0.0,0,0.0,0,0,0,0,,,0,0.0,periferico
ES_38011,38011,Candelaria,583.60328868,28876.0,0,0,0.0,0.0,0,0.0,0,0,0,0,,,0,0.0,periferico
ES_38012,38012,Fasnia,66.28822707,2991.0,0,0,0.0,0.0,0,0.0,0,0,0,0,,,0,0.0,periferico
ES_38014,38014,Fuencaliente de la Palma,32.78701441,1849.0,0,0,0.0,0.0,0,0.0,0,0,0,0,,,0,0.0,periferico
ES_38015,38015,Garachico,170.41508747,4975.0,0,0,0.0,0.0,0,0.0,0,0,0,0,,,0,0.0,periferico
ES_38016,38016,Garafía,18.93685371,1949.0,0,0,0.0,0.0,0,0.0,0,0,0,0,,,0,0.0,periferico
ES_38017,38017,Granadilla de Abona,342.12289695,55505.0,0,0,0.0,0.0,0,0.0,0,0,0,0,,,0,0.0,periferico
ES_38020,38020,Güímar,209.62995026,21558.0,0,0,0.0,0.0,0,0.0,0,0,0,0,,,0,0.0,periferico
ES_38021,38021,Hermigua,49.67620237,1943.0,0,0,0.0,0.0,0,0.0,0,0,0,0,,,0,0.0,periferico
ES_38022,38022,Icod de los Vinos,251.10469971,24117.0,0,0,0.0,0.0,0,0.0,0,0,0,0,,,0,0.0,periferico
ES_38024,38024,"Llanos de Aridane, Los",569.87002699,20375.0,0,0,0.0,0.0,0,0.0,0,0,0,0,,,0,0.0,periferico
ES_38025,38025,"Matanza de Acentejo, La",641.57938198,9114.0,0,0,0.0,0.0,0,0.0,0,0,0,0,,,0,0.0,periferico
ES_38026,38026,"Orotava, La",206.1603434,42667.0,0,0,0.0,0.0,0,0.0,0,0,0,0,,,0,0.0,periferico
ES_38027,38027,"Paso, El",58.65034762,7972.0,0,0,0.0,0.0,0,0.0,0,0,0,0,,,0,0.0,periferico
ES_38028,38028,Puerto de la Cruz,3541.68168125,31396.0,0,0,0.0,0.0,0,0.0,0,0,0,0,,,0,0.0,periferico
ES_38029,38029,Puntagorda,76.51871277,2380.0,0,0,0.0,0.0,0,0.0,0,0,0,0,,,0,0.0,periferico
ES_38030,38030,Puntallana,74.39296159,2612.0,0,0,0.0,0.0,0,0.0,0,0,0,0,,,0,0.0,periferico
ES_38031,38031,"Realejos, Los",662.45930819,37543.0,0,0,0.0,0.0,0,0.0,0,0,0,0,,,0,0.0,periferico
ES_38033,38033,San Andrés y Sauces,100.61777216,4301.0,0,0,0.0,0.0,0,0.0,0,0,0,0,,,0,0.0,periferico
ES_38035,38035,San Miguel de Abona,546.73258275,23007.0,0,0,0.0,0.0,0,0.0,0,0,0,0,,,0,0.0,periferico
ES_38037,38037,Santa Cruz de la Palma,357.92007891,15522.0,0,0,0.0,0.0,0,0.0,0,0,0,0,,,0,0.0,periferico
ES_38038,38038,Santa Cruz de Tenerife,1393.35425992,208906.0,0,0,0.0,0.0,0,0.0,0,0,0,0,,,0,0.0,periferico
ES_38039,38039,Santa Úrsula,681.11775788,15282.0,0,0,0.0,0.0,0,0.0,0,0,0,0,,,0,0.0,periferico
ES_38040,38040,Santiago del Teide,231.58604971,12072.0,0,0,0.0,0.0,0,0.0,0,0,0,0,,,0,0.0,periferico
ES_38041,38041,"Sauzal, El",499.57566334,9161.0,0,0,0.0,0.0,0,0.0,0,0,0,0,,,0,0.0,periferico
ES_38042,38042,"Silos, Los",189.54084887,4677.0,0,0,0.0,0.0,0,0.0,0,0,0,0,,,0,0.0,periferico
ES_38044,38044,"Tanque, El",116.01971338,2810.0,0,0,0.0,0.0,0,0.0,0,0,0,0,,,0,0.0,periferico
ES_38045,38045,Tazacorte,398.69006568,4535.0,0,0,0.0,0.0,0,0.0,0,0,0,0,,,0,0.0,periferico
ES_38046,38046,Tegueste,429.38237363,11375.0,0,0,0.0,0.0,0,0.0,0,0,0,0,,,0,0.0,periferico
ES_38048,38048,Valverde,49.78712304,5149.0,0,0,0.0,0.0,0,0.0,0,0,0,0,,,0,0.0,periferico
ES_38049,38049,Valle Gran Rey,144.69441659,4705.0,0,0,0.0,0.0,0,0.0,0,0,0,0,,,0,0.0,periferico
ES_38051,38051,"Victoria de Acentejo, La",508.42850006,9223.0,0,0,0.0,0.0,0,0.0,0,0,0,0,,,0,0.0,periferico
ES_38052,38052,Vilaflor de Chasna,32.88840006,1850.0,0,0,0.0,0.0,0,0.0,0,0,0,0,,,0,0.0,periferico
ES_38901,38901,"Pinar de El Hierro, El",24.3394848,2027.0,0,0,0.0,0.0,0,0.0,0,0,0,0,,,0,0.0,periferico
ES_39001,39001,Alfoz de Lloredo,52.98030864,2470.0,0,0,0.0,0.0,0,0.0,0,0,0,0,,,0,0.0,periferico
ES_39003,39003,Anievas,12.83792171,278.0,0,0,0.0,0.0,0,0.0,0,0,0,0,,,0,0.0,periferico
ES_39004,39004,Arenas de Iguña,20.16357806,1739.0,0,0,0.0,0.0,0,0.0,0,0,0,0,,,0,0.0,periferico
ES_39005,39005,Argoños,332.91024856,1860.0,0,0,0.0,0.0,0,0.0,0,0,0,0,,,0,0.0,periferico
ES_39006,39006,Arnuero,91.43175806,2250.0,0,0,0.0,0.0,0,0.0,0,0,0,0,,,0,0.0,periferico
ES_39007,39007,Arredondo,10.18570056,477.0,0,0,0.0,0.0,0,0.0,0,0,0,0,,,0,0.0,periferico
ES_39008,39008,"Astillero, El",2708.18409934,18214.0,0,0,0.0,0.0,0,0.0,0,0,0,0,,,0,0.0,periferico
ES_39009,39009,Bárcena de Cicero,127.11060993,4650.0,0,0,0.0,0.0,0,0.0,0,0,0,0,,,0,0.0,periferico
ES_39011,39011,Bareyo,66.48478218,2147.0,0,0,0.0,0.0,0,0.0,0,0,0,0,,,0,0.0,periferico
ES_39013,39013,Cabezón de Liébana,6.92695937,565.0,0,0,0.0,0.0,0,0.0,0,0,0,0,,,0,0.0,periferico
ES_39014,39014,Cabuérniga,11.61216502,1001.0,0,0,0.0,0.0,0,0.0,0,0,0,0,,,0,0.0,periferico
ES_39015,39015,Camaleño,5.96840873,966.0,0,0,0.0,0.0,0,0.0,0,0,0,0,,,0,0.0,periferico
ES_39016,39016,Camargo,830.77386045,30324.0,0,0,0.0,0.0,0,0.0,0,0,0,0,,,0,0.0,periferico
ES_39017,39017,Campoo de Yuso,7.6277093,682.0,0,0,0.0,0.0,0,0.0,0,0,0,0,,,0,0.0,periferico
ES_39018,39018,Cartes,306.80538836,5812.0,0,0,0.0,0.0,0,0.0,0,0,0,0,,,0,0.0,periferico
ES_39019,39019,Castañeda,164.61203147,3162.0,0,0,0.0,0.0,0,0.0,0,0,0,0,,,0,0.0,periferico
ES_39020,39020,Castro-Urdiales,345.17599317,33160.0,0,0,0.0,0.0,0,0.0,0,0,0,0,,,0,0.0,periferico
ES_39021,39021,Cieza,12.4948075,551.0,0,0,0.0,0.0,0,0.0,0,0,0,0,,,0,0.0,periferico
ES_39022,39022,Cillorigo de Liébana,12.65259295,1349.0,0,0,0.0,0.0,0,0.0,0,0,0,0,,,0,0.0,periferico
ES_39023,39023,Colindres,1448.84840617,8531.0,0,0,0.0,0.0,0,0.0,0,0,0,0,,,0,0.0,periferico
ES_39024,39024,Comillas,116.5449729,2134.0,0,0,0.0,0.0,0,0.0,0,0,0,0,,,0,0.0,periferico
ES_39025,39025,"Corrales de Buelna, Los",237.9473957,10778.0,0,0,0.0,0.0,0,0.0,0,0,0,0,,,0,0.0,periferico
ES_39026,39026,Corvera de Toranzo,41.98719098,2101.0,0,0,0.0,0.0,0,0.0,0,0,0,0,,,0,0.0,periferico
ES_39028,39028,Entrambasaguas,128.84642576,5564.0,0,0,0.0,0.0,0,0.0,0,0,0,0,,,0,0.0,periferico
ES_39029,39029,Escalante,39.37732338,747.0,0,0,0.0,0.0,0,0.0,0,0,0,0,,,0,0.0,periferico
ES_39030,39030,Guriezo,30.68094706,2439.0,0,0,0.0,0.0,0,0.0,0,0,0,0,,,0,0.0,periferico
ES_39031,39031,Hazas de Cesto,81.36656837,1782.0,0,0,0.0,0.0,0,0.0,0,0,0,0,,,0,0.0,periferico
ES_25156,25156,Os de Balaguer,7.98539578,1081.0,0,0,0.0,0.0,0,0.0,0,0,0,0,,,0,0.0,periferico
ES_25157,25157,Ossó de Sió,7.53447135,196.0,0,0,0.0,0.0,0,0.0,0,0,0,0,,,0,0.0,periferico
ES_25158,25158,"Palau d'Anglesola, El",176.47995049,2185.0,0,0,0.0,0.0,0,0.0,0,0,0,0,,,0,0.0,periferico
ES_25161,25161,Conca de Dalt,2.62191784,435.0,0,0,0.0,0.0,0,0.0,0,0,0,0,,,0,0.0,periferico
ES_25163,25163,"Coma i la Pedra, La",4.55593369,277.0,0,0,0.0,0.0,0,0.0,0,0,0,0,,,0,0.0,periferico
ES_25164,25164,Penelles,16.80581214,428.0,0,0,0.0,0.0,0,0.0,0,0,0,0,,,0,0.0,periferico
ES_25165,25165,Peramola,6.12282472,343.0,0,0,0.0,0.0,0,0.0,0,0,0,0,,,0,0.0,periferico
ES_25166,25166,Pinell de Solsonès,2.14801829,195.0,0,0,0.0,0.0,0,0.0,0,0,0,0,,,0,0.0,periferico
ES_25167,25167,Pinós,2.69464698,281.0,0,0,0.0,0.0,0,0.0,0,0,0,0,,,0,0.0,periferico
ES_25168,25168,"Poal, El",73.87693575,653.0,0,0,0.0,0.0,0,0.0,0,0,0,0,,,0,0.0,periferico
ES_25170,25170,Bellaguarda,14.29408496,296.0,0,0,0.0,0.0,0,0.0,0,0,0,0,,,0,0.0,periferico
ES_25171,25171,"Pobla de Segur, La",91.67273379,3042.0,0,0,0.0,0.0,0,0.0,0,0,0,0,,,0,0.0,periferico
ES_25172,25172,Ponts,85.92549439,2684.0,0,0,0.0,0.0,0,0.0,0,0,0,0,,,0,0.0,periferico
ES_25173,25173,"Pont de Suert, El",16.29320756,2417.0,0,0,0.0,0.0,0,0.0,0,0,0,0,,,0,0.0,periferico
ES_25174,25174,"Portella, La",59.08330301,731.0,0,0,0.0,0.0,0,0.0,0,0,0,0,,,0,0.0,periferico
ES_25175,25175,Prats i Sansor,41.03212444,255.0,0,0,0.0,0.0,0,0.0,0,0,0,0,,,0,0.0,periferico
ES_25176,25176,Preixana,18.83314704,402.0,0,0,0.0,0.0,0,0.0,0,0,0,0,,,0,0.0,periferico
ES_25177,25177,Preixens,14.24634018,411.0,0,0,0.0,0.0,0,0.0,0,0,0,0,,,0,0.0,periferico
ES_25179,25179,Prullans,12.66700322,268.0,0,0,0.0,0.0,0,0.0,0,0,0,0,,,0,0.0,periferico
ES_25180,25180,Puiggròs,26.13955119,257.0,0,0,0.0,0.0,0,0.0,0,0,0,0,,,0,0.0,periferico
ES_25181,25181,Puigverd d'Agramunt,12.32599058,261.0,0,0,0.0,0.0,0,0.0,0,0,0,0,,,0,0.0,periferico
ES_25185,25185,Ribera d'Urgellet,8.76170212,937.0,0,0,0.0,0.0,0,0.0,0,0,0,0,,,0,0.0,periferico
ES_25186,25186,Riner,5.63087888,267.0,0,0,0.0,0.0,0,0.0,0,0,0,0,,,0,0.0,periferico
ES_25189,25189,Rosselló,336.24328426,3331.0,0,0,0.0,0.0,0,0.0,0,0,0,0,,,0,0.0,periferico
ES_25190,25190,Salàs de Pallars,17.15748566,355.0,0,0,0.0,0.0,0,0.0,0,0,0,0,,,0,0.0,periferico
ES_25191,25191,Sanaüja,12.10735001,399.0,0,0,0.0,0.0,0,0.0,0,0,0,0,,,0,0.0,periferico
ES_25192,25192,Sant Guim de Freixenet,45.79787516,1152.0,0,0,0.0,0.0,0,0.0,0,0,0,0,,,0,0.0,periferico
ES_25193,25193,Sant Llorenç de Morunys,216.78607133,1002.0,0,0,0.0,0.0,0,0.0,0,0,0,0,,,0,0.0,periferico
ES_25194,25194,Sant Ramon,25.93310271,490.0,0,0,0.0,0.0,0,0.0,0,0,0,0,,,0,0.0,periferico
ES_25196,25196,Sant Esteve de la Sarga,1.39778353,130.0,0,0,0.0,0.0,0,0.0,0,0,0,0,,,0,0.0,periferico
ES_25200,25200,Sarroca de Lleida,9.35678849,388.0,0,0,0.0,0.0,0,0.0,0,0,0,0,,,0,0.0,periferico
ES_25201,25201,Sarroca de Bellera,1.35847252,118.0,0,0,0.0,0.0,0,0.0,0,0,0,0,,,0,0.0,periferico
ES_25202,25202,Senterada,4.61261403,160.0,0,0,0.0,0.0,0,0.0,0,0,0,0,,,0,0.0,periferico
ES_25204,25204,Seròs,21.63112422,1865.0,0,0,0.0,0.0,0,0.0,0,0,0,0,,,0,0.0,periferico
ES_25205,25205,Sidamon,94.83306136,771.0,0,0,0.0,0.0,0,0.0,0,0,0,0,,,0,0.0,periferico
ES_25206,25206,"Soleràs, El",25.45459078,321.0,0,0,0.0,0.0,0,0.0,0,0,0,0,,,0,0.0,periferico
ES_25207,25207,Solsona,520.12972728,9213.0,0,0,0.0,0.0,0,0.0,0,0,0,0,,,0,0.0,periferico
ES_25208,25208,Soriguera,4.16856103,442.0,0,0,0.0,0.0,0,0.0,0,0,0,0,,,0,0.0,periferico
ES_25209,25209,Sort,21.33525071,2244.0,0,0,0.0,0.0,0,0.0,0,0,0,0,,,0,0.0,periferico
ES_25210,25210,Soses,61.25232711,1846.0,0,0,0.0,0.0,0,0.0,0,0,0,0,,,0,0.0,periferico
ES_25212,25212,Sunyer,26.13158832,327.0,0,0,0.0,0.0,0,0.0,0,0,0,0,,,0,0.0,periferico
ES_25215,25215,Talarn,21.18431454,590.0,0,0,0.0,0.0,0,0.0,0,0,0,0,,,0,0.0,periferico
ES_25216,25216,Talavera,9.20948398,282.0,0,0,0.0,0.0,0,0.0,0,0,0,0,,,0,0.0,periferico
ES_25219,25219,Tarroja de Segarra,22.97270933,181.0,0,0,0.0,0.0,0,0.0,0,0,0,0,,,0,0.0,periferico
ES_25220,25220,Térmens,48.19210901,1330.0,0,0,0.0,0.0,0,0.0,0,0,0,0,,,0,0.0,periferico
ES_25221,25221,Tírvia,16.33074639,143.0,0,0,0.0,0.0,0,0.0,0,0,0,0,,,0,0.0,periferico
ES_25222,25222,Tiurana,4.29673122,67.0,0,0,0.0,0.0,0,0.0,0,0,0,0,,,0,0.0,periferico
ES_25224,25224,"Torms, Els",10.56613127,142.0,0,0,0.0,0.0,0,0.0,0,0,0,0,,,0,0.0,periferico
ES_25225,25225,Tornabous,42.11628893,849.0,0,0,0.0,0.0,0,0.0,0,0,0,0,,,0,0.0,periferico
ES_25226,25226,Torrebesses,10.67569693,297.0,0,0,0.0,0.0,0,0.0,0,0,0,0,,,0,0.0,periferico
ES_25227,25227,"Torre de Cabdella, La",4.79706568,793.0,0,0,0.0,0.0,0,0.0,0,0,0,0,,,0,0.0,periferico
ES_25230,25230,Torregrossa,54.61791853,2212.0,0,0,0.0,0.0,0,0.0,0,0,0,0,,,0,0.0,periferico
ES_25231,25231,Torrelameu,72.77471076,774.0,0,0,0.0,0.0,0,0.0,0,0,0,0,,,0,0.0,periferico
ES_25232,25232,Torres de Segre,45.05079974,2281.0,0,0,0.0,0.0,0,0.0,0,0,0,0,,,0,0.0,periferico
ES_25233,25233,Torre-serona,71.19143093,415.0,0,0,0.0,0.0,0,0.0,0,0,0,0,,,0,0.0,periferico
ES_25239,25239,"Valls de Valira, Les",4.65323202,787.0,0,0,0.0,0.0,0,0.0,0,0,0,0,,,0,0.0,periferico
ES_25240,25240,Vallfogona de Balaguer,73.55248123,1993.0,0,0,0.0,0.0,0,0.0,0,0,0,0,,,0,0.0,periferico
ES_25242,25242,Verdú,24.68973028,885.0,0,0,0.0,0.0,0,0.0,0,0,0,0,,,0,0.0,periferico
ES_25243,25243,Vielha e Mijaran,27.22373898,5740.0,0,0,0.0,0.0,0,0.0,0,0,0,0,,,0,0.0,periferico
ES_25245,25245,Vilaller,8.6890517,510.0,0,0,0.0,0.0,0,0.0,0,0,0,0,,,0,0.0,periferico
ES_25247,25247,Vilamòs,11.27246095,173.0,0,0,0.0,0.0,0,0.0,0,0,0,0,,,0,0.0,periferico
ES_25248,25248,Vilanova de Bellpuig,85.16759052,1186.0,0,0,0.0,0.0,0,0.0,0,0,0,0,,,0,0.0,periferico
ES_25250,25250,Vilanova de Meià,4.22114087,444.0,0,0,0.0,0.0,0,0.0,0,0,0,0,,,0,0.0,periferico
ES_25251,25251,Vilanova de Segrià,123.07480443,1044.0,0,0,0.0,0.0,0,0.0,0,0,0,0,,,0,0.0,periferico
ES_25252,25252,Vila-sana,40.10279399,760.0,0,0,0.0,0.0,0,0.0,0,0,0,0,,,0,0.0,periferico
ES_25253,25253,"Vilosell, El",10.13154089,191.0,0,0,0.0,0.0,0,0.0,0,0,0,0,,,0,0.0,periferico
ES_25254,25254,Vilanova de la Barca,51.00705646,1090.0,0,0,0.0,0.0,0,0.0,0,0,0,0,,,0,0.0,periferico
ES_25255,25255,Vinaixa,11.90085322,446.0,0,0,0.0,0.0,0,0.0,0,0,0,0,,,0,0.0,periferico
ES_25902,25902,Sant Martí de Riucorb,18.71904372,652.0,0,0,0.0,0.0,0,0.0,0,0,0,0,,,0,0.0,periferico
ES_25903,25903,"Guingueta d'Àneu, La",2.60350349,282.0,0,0,0.0,0.0,0,0.0,0,0,0,0,,,0,0.0,periferico
ES_25904,25904,Castell de Mur,2.87090027,179.0,0,0,0.0,0.0,0,0.0,0,0,0,0,,,0,0.0,periferico
ES_25905,25905,Ribera d'Ondara,8.3996408,456.0,0,0,0.0,0.0,0,0.0,0,0,0,0,,,0,0.0,periferico
ES_25906,25906,"Valls d'Aguilar, Les",2.23799357,277.0,0,0,0.0,0.0,0,0.0,0,0,0,0,,,0,0.0,periferico
ES_25907,25907,Torrefeta i Florejacs,6.89765664,612.0,0,0,0.0,0.0,0,0.0,0,0,0,0,,,0,0.0,periferico
ES_25909,25909,"Vansa i Fórnols, La",1.6924971,180.0,0,0,0.0,0.0,0,0.0,0,0,0,0,,,0,0.0,periferico
ES_25910,25910,Josa i Tuixén,1.83871775,126.0,0,0,0.0,0.0,0,0.0,0,0,0,0,,,0,0.0,periferico
ES_25911,25911,"Plans de Sió, Els",9.26762616,521.0,0,0,0.0,0.0,0,0.0,0,0,0,0,,,0,0.0,periferico
ES_25913,25913,Riu de Cerdanya,7.72632773,95.0,0,0,0.0,0.0,0,0.0,0,0,0,0,,,0,0.0,periferico
ES_26001,26001,Ábalos,14.28466747,260.0,0,0,0.0,0.0,0,0.0,0,0,0,0,,,0,0.0,periferico
ES_26002,26002,Agoncillo,35.29305519,1231.0,0,0,0.0,0.0,0,0.0,0,0,0,0,,,0,0.0,periferico
ES_26003,26003,Aguilar del Río Alhama,8.00365383,433.0,0,0,0.0,0.0,0,0.0,0,0,0,0,,,0,0.0,periferico
ES_42043,42043,Burgo de Osma-Ciudad de Osma,17.79912593,5150.0,0,0,0.0,0.0,0,0.0,0,0,0,0,,,0,0.0,periferico
ES_42044,42044,Cabrejas del Campo,2.91264104,52.0,0,0,0.0,0.0,0,0.0,0,0,0,0,,,0,0.0,periferico
ES_42045,42045,Cabrejas del Pinar,2.44172818,303.0,0,0,0.0,0.0,0,0.0,0,0,0,0,,,0,0.0,periferico
ES_42049,42049,Candilichera,2.34130275,105.0,0,0,0.0,0.0,0,0.0,0,0,0,0,,,0,0.0,periferico
ES_42050,42050,Cañamaque,1.26420379,29.0,0,0,0.0,0.0,0,0.0,0,0,0,0,,,0,0.0,periferico
ES_42051,42051,Carabantes,1.22629131,20.0,0,0,0.0,0.0,0,0.0,0,0,0,0,,,0,0.0,periferico
ES_42052,42052,Caracena,0.82642482,15.0,0,0,0.0,0.0,0,0.0,0,0,0,0,,,0,0.0,periferico
ES_42053,42053,Carrascosa de Abajo,0.72226361,17.0,0,0,0.0,0.0,0,0.0,0,0,0,0,,,0,0.0,periferico
ES_42055,42055,Casarejos,5.19972875,146.0,0,0,0.0,0.0,0,0.0,0,0,0,0,,,0,0.0,periferico
ES_42056,42056,Castilfrío de la Sierra,3.28971181,40.0,0,0,0.0,0.0,0,0.0,0,0,0,0,,,0,0.0,periferico
ES_42058,42058,Castillejo de Robledo,1.92510475,102.0,0,0,0.0,0.0,0,0.0,0,0,0,0,,,0,0.0,periferico
ES_42059,42059,Centenera de Andaluz,1.20759637,24.0,0,0,0.0,0.0,0,0.0,0,0,0,0,,,0,0.0,periferico
ES_42060,42060,Cerbón,1.6083089,29.0,0,0,0.0,0.0,0,0.0,0,0,0,0,,,0,0.0,periferico
ES_42061,42061,Cidones,4.36666817,311.0,0,0,0.0,0.0,0,0.0,0,0,0,0,,,0,0.0,periferico
ES_42062,42062,Cigudosa,0.71354212,15.0,0,0,0.0,0.0,0,0.0,0,0,0,0,,,0,0.0,periferico
ES_42063,42063,Cihuela,1.17136819,40.0,0,0,0.0,0.0,0,0.0,0,0,0,0,,,0,0.0,periferico
ES_42064,42064,Ciria,1.53834203,71.0,0,0,0.0,0.0,0,0.0,0,0,0,0,,,0,0.0,periferico
ES_42065,42065,Cirujales del Río,2.28377405,20.0,0,0,0.0,0.0,0,0.0,0,0,0,0,,,0,0.0,periferico
ES_42069,42069,Covaleda,15.24542751,1591.0,0,0,0.0,0.0,0,0.0,0,0,0,0,,,0,0.0,periferico
ES_42071,42071,Cubo de la Solana,1.28746181,171.0,0,0,0.0,0.0,0,0.0,0,0,0,0,,,0,0.0,periferico
ES_42073,42073,Cueva de Ágreda,2.40472238,72.0,0,0,0.0,0.0,0,0.0,0,0,0,0,,,0,0.0,periferico
ES_42075,42075,Dévanos,4.70930649,77.0,0,0,0.0,0.0,0,0.0,0,0,0,0,,,0,0.0,periferico
ES_42076,42076,Deza,1.53143145,181.0,0,0,0.0,0.0,0,0.0,0,0,0,0,,,0,0.0,periferico
ES_42078,42078,Duruelo de la Sierra,23.4876588,1053.0,0,0,0.0,0.0,0,0.0,0,0,0,0,,,0,0.0,periferico
ES_42080,42080,Espeja de San Marcelino,2.07618823,149.0,0,0,0.0,0.0,0,0.0,0,0,0,0,,,0,0.0,periferico
ES_42081,42081,Espejón,6.46390949,142.0,0,0,0.0,0.0,0,0.0,0,0,0,0,,,0,0.0,periferico
ES_42082,42082,Estepa de San Juan,1.24473533,13.0,0,0,0.0,0.0,0,0.0,0,0,0,0,,,0,0.0,periferico
ES_42084,42084,Fresno de Caracena,1.36885743,23.0,0,0,0.0,0.0,0,0.0,0,0,0,0,,,0,0.0,periferico
ES_42085,42085,Fuentearmegil,2.52542839,153.0,0,0,0.0,0.0,0,0.0,0,0,0,0,,,0,0.0,periferico
ES_42086,42086,Fuentecambrón,0.65785551,32.0,0,0,0.0,0.0,0,0.0,0,0,0,0,,,0,0.0,periferico
ES_42087,42087,Fuentecantos,7.71031116,68.0,0,0,0.0,0.0,0,0.0,0,0,0,0,,,0,0.0,periferico
ES_42088,42088,Fuentelmonge,1.51554943,64.0,0,0,0.0,0.0,0,0.0,0,0,0,0,,,0,0.0,periferico
ES_42089,42089,Fuentelsaz de Soria,2.39109885,63.0,0,0,0.0,0.0,0,0.0,0,0,0,0,,,0,0.0,periferico
ES_42090,42090,Fuentepinilla,1.52333263,80.0,0,0,0.0,0.0,0,0.0,0,0,0,0,,,0,0.0,periferico
ES_42092,42092,Fuentes de Magaña,4.82091768,54.0,0,0,0.0,0.0,0,0.0,0,0,0,0,,,0,0.0,periferico
ES_42093,42093,Fuentestrún,5.45178698,50.0,0,0,0.0,0.0,0,0.0,0,0,0,0,,,0,0.0,periferico
ES_29061,29061,Istán,16.40186939,1631.0,0,0,0.0,0.0,0,0.0,0,0,0,0,,,0,0.0,periferico
ES_29062,29062,Iznate,123.33787813,921.0,0,0,0.0,0.0,0,0.0,0,0,0,0,,,0,0.0,periferico
ES_29063,29063,Jimera de Líbar,14.64077776,398.0,0,0,0.0,0.0,0,0.0,0,0,0,0,,,0,0.0,periferico
ES_29066,29066,Macharaviaya,72.25161383,524.0,0,0,0.0,0.0,0,0.0,0,0,0,0,,,0,0.0,periferico
ES_29067,29067,Málaga,1485.50616878,587068.0,0,0,0.0,0.0,0,0.0,0,0,0,0,,,0,0.0,periferico
ES_29068,29068,Manilva,499.11680854,17774.0,0,0,0.0,0.0,0,0.0,0,0,0,0,,,0,0.0,periferico
ES_29069,29069,Marbella,1331.55841272,156153.0,0,0,0.0,0.0,0,0.0,0,0,0,0,,,0,0.0,periferico
ES_29070,29070,Mijas,610.0022213,90763.0,0,0,0.0,0.0,0,0.0,0,0,0,0,,,0,0.0,periferico
ES_29071,29071,Moclinejo,85.82875249,1227.0,0,0,0.0,0.0,0,0.0,0,0,0,0,,,0,0.0,periferico
ES_29072,29072,Mollina,72.73813786,5423.0,0,0,0.0,0.0,0,0.0,0,0,0,0,,,0,0.0,periferico
ES_29074,29074,Montejaque,21.29596307,968.0,0,0,0.0,0.0,0,0.0,0,0,0,0,,,0,0.0,periferico
ES_29076,29076,Ojén,52.83567414,4524.0,0,0,0.0,0.0,0,0.0,0,0,0,0,,,0,0.0,periferico
ES_29077,29077,Parauta,6.30074486,280.0,0,0,0.0,0.0,0,0.0,0,0,0,0,,,0,0.0,periferico
ES_29079,29079,Periana,56.76168248,3340.0,0,0,0.0,0.0,0,0.0,0,0,0,0,,,0,0.0,periferico
ES_29080,29080,Pizarra,155.9765756,9923.0,0,0,0.0,0.0,0,0.0,0,0,0,0,,,0,0.0,periferico
ES_29082,29082,Rincón de la Victoria,1801.75433338,51315.0,0,0,0.0,0.0,0,0.0,0,0,0,0,,,0,0.0,periferico
ES_29084,29084,Ronda,84.00467415,33372.0,0,0,0.0,0.0,0,0.0,0,0,0,0,,,0,0.0,periferico
ES_29085,29085,Salares,18.68143937,192.0,0,0,0.0,0.0,0,0.0,0,0,0,0,,,0,0.0,periferico
ES_29087,29087,Sedella,19.67788424,622.0,0,0,0.0,0.0,0,0.0,0,0,0,0,,,0,0.0,periferico
ES_29088,29088,Sierra de Yeguas,39.93325661,3419.0,0,0,0.0,0.0,0,0.0,0,0,0,0,,,0,0.0,periferico
ES_29089,29089,Teba,25.78073623,3684.0,0,0,0.0,0.0,0,0.0,0,0,0,0,,,0,0.0,periferico
ES_29090,29090,Tolox,25.030478,2363.0,0,0,0.0,0.0,0,0.0,0,0,0,0,,,0,0.0,periferico
ES_29091,29091,Torrox,416.05815374,20831.0,0,0,0.0,0.0,0,0.0,0,0,0,0,,,0,0.0,periferico
ES_29092,29092,Totalán,83.19906456,767.0,0,0,0.0,0.0,0,0.0,0,0,0,0,,,0,0.0,periferico
ES_29094,29094,Vélez-Málaga,546.98903064,86364.0,0,0,0.0,0.0,0,0.0,0,0,0,0,,,0,0.0,periferico
ES_29095,29095,Villanueva de Algaidas,57.95883052,4101.0,0,0,0.0,0.0,0,0.0,0,0,0,0,,,0,0.0,periferico
ES_29096,29096,Villanueva del Rosario,76.11157088,3347.0,0,0,0.0,0.0,0,0.0,0,0,0,0,,,0,0.0,periferico
ES_29098,29098,Villanueva de Tapia,64.23733114,1406.0,0,0,0.0,0.0,0,0.0,0,0,0,0,,,0,0.0,periferico
ES_29099,29099,Viñuela,75.4568647,2054.0,0,0,0.0,0.0,0,0.0,0,0,0,0,,,0,0.0,periferico
ES_29100,29100,Yunquera,51.5160683,2842.0,0,0,0.0,0.0,0,0.0,0,0,0,0,,,0,0.0,periferico
ES_29901,29901,Torremolinos,3533.93514259,70345.0,0,0,0.0,0.0,0,0.0,0,0,0,0,,,0,0.0,periferico
ES_29902,29902,Villanueva de la Concepción,48.88069682,3299.0,0,0,0.0,0.0,0,0.0,0,0,0,0,,,0,0.0,periferico
ES_29903,29903,Montecorto,10.94897286,597.0,0,0,0.0,0.0,0,0.0,0,0,0,0,,,0,0.0,periferico
ES_29904,29904,Serrato,15.49814014,453.0,0,0,0.0,0.0,0,0.0,0,0,0,0,,,0,0.0,periferico
ES_30001,30001,Abanilla,26.51967195,6248.0,0,0,0.0,0.0,0,0.0,0,0,0,0,,,0,0.0,periferico
ES_30003,30003,Águilas,145.72662961,36684.0,0,0,0.0,0.0,0,0.0,0,0,0,0,,,0,0.0,periferico
ES_30005,30005,Alcantarilla,2652.57420716,43040.0,0,0,0.0,0.0,0,0.0,0,0,0,0,,,0,0.0,periferico
ES_30006,30006,Aledo,22.65038175,1126.0,0,0,0.0,0.0,0,0.0,0,0,0,0,,,0,0.0,periferico
ES_30007,30007,Alguazas,429.72894755,10200.0,0,0,0.0,0.0,0,0.0,0,0,0,0,,,0,0.0,periferico
ES_30009,30009,Archena,1227.47808072,20156.0,0,0,0.0,0.0,0,0.0,0,0,0,0,,,0,0.0,periferico
ES_30010,30010,Beniel,1134.69384809,11462.0,0,0,0.0,0.0,0,0.0,0,0,0,0,,,0,0.0,periferico
ES_30011,30011,Blanca,77.207075,6741.0,0,0,0.0,0.0,0,0.0,0,0,0,0,,,0,0.0,periferico
ES_30012,30012,Bullas,141.77463059,11647.0,0,0,0.0,0.0,0,0.0,0,0,0,0,,,0,0.0,periferico
ES_30014,30014,Campos del Río,45.50320359,2152.0,0,0,0.0,0.0,0,0.0,0,0,0,0,,,0,0.0,periferico
ES_30015,30015,Caravaca de la Cruz,30.05005346,25823.0,0,0,0.0,0.0,0,0.0,0,0,0,0,,,0,0.0,periferico
ES_30016,30016,Cartagena,390.97532885,218196.0,0,0,0.0,0.0,0,0.0,0,0,0,0,,,0,0.0,periferico
ES_30017,30017,Cehegín,49.01597024,14680.0,0,0,0.0,0.0,0,0.0,0,0,0,0,,,0,0.0,periferico
ES_30018,30018,Ceutí,1243.33105995,12731.0,0,0,0.0,0.0,0,0.0,0,0,0,0,,,0,0.0,periferico
ES_30020,30020,Fortuna,75.2270576,11233.0,0,0,0.0,0.0,0,0.0,0,0,0,0,,,0,0.0,periferico
ES_30021,30021,Fuente Álamo de Murcia,65.98461576,18049.0,0,0,0.0,0.0,0,0.0,0,0,0,0,,,0,0.0,periferico
ES_30022,30022,Jumilla,27.53511746,26695.0,0,0,0.0,0.0,0,0.0,0,0,0,0,,,0,0.0,periferico
ES_30023,30023,Librilla,101.5212923,5736.0,0,0,0.0,0.0,0,0.0,0,0,0,0,,,0,0.0,periferico
ES_30025,30025,Lorquí,489.83394586,7706.0,0,0,0.0,0.0,0,0.0,0,0,0,0,,,0,0.0,periferico
ES_30026,30026,Mazarrón,109.12707957,34804.0,0,0,0.0,0.0,0,0.0,0,0,0,0,,,0,0.0,periferico
ES_30028,30028,Moratalla,7.9541666,7589.0,0,0,0.0,0.0,0,0.0,0,0,0,0,,,0,0.0,periferico
ES_30029,30029,Mula,27.57123703,17480.0,0,0,0.0,0.0,0,0.0,0,0,0,0,,,0,0.0,periferico
ES_30030,30030,Murcia,527.61851277,467501.0,0,0,0.0,0.0,0,0.0,0,0,0,0,,,0,0.0,periferico
ES_30031,30031,Ojós,12.10588768,548.0,0,0,0.0,0.0,0,0.0,0,0,0,0,,,0,0.0,periferico
ES_30034,30034,Ricote,14.38291243,1247.0,0,0,0.0,0.0,0,0.0,0,0,0,0,,,0,0.0,periferico
ES_30035,30035,San Javier,467.8054866,35050.0,0,0,0.0,0.0,0,0.0,0,0,0,0,,,0,0.0,periferico
ES_30036,30036,San Pedro del Pinatar,1241.5278417,27817.0,0,0,0.0,0.0,0,0.0,0,0,0,0,,,0,0.0,periferico
ES_30037,30037,Torre-Pacheco,205.07228573,38839.0,0,0,0.0,0.0,0,0.0,0,0,0,0,,,0,0.0,periferico
ES_30039,30039,Totana,117.59268512,33979.0,0,0,0.0,0.0,0,0.0,0,0,0,0,,,0,0.0,periferico
ES_30040,30040,Ulea,21.7690498,872.0,0,0,0.0,0.0,0,0.0,0,0,0,0,,,0,0.0,periferico
ES_30041,30041,"Unión, La",842.4700289,20886.0,0,0,0.0,0.0,0,0.0,0,0,0,0,,,0,0.0,periferico
ES_30042,30042,Villanueva del Río Segura,288.53892091,3798.0,0,0,0.0,0.0,0,0.0,0,0,0,0,,,0,0.0,periferico
ES_30043,30043,Yecla,58.62747569,35491.0,0,0,0.0,0.0,0,0.0,0,0,0,0,,,0,0.0,periferico
ES_30901,30901,Santomera,367.02158368,16227.0,0,0,0.0,0.0,0,0.0,0,0,0,0,,,0,0.0,periferico
ES_30902,30902,"Alcázares, Los",932.9133939,18497.0,0,0,0.0,0.0,0,0.0,0,0,0,0,,,0,0.0,periferico
ES_31002,31002,Abárzuza,22.26625228,512.0,0,0,0.0,0.0,0,0.0,0,0,0,0,,,0,0.0,periferico
ES_31003,31003,Abaurregaina,5.53610568,118.0,0,0,0.0,0.0,0,0.0,0,0,0,0,,,0,0.0,periferico
ES_31004,31004,Abaurrepea,2.66174527,29.0,0,0,0.0,0.0,0,0.0,0,0,0,0,,,0,0.0,periferico
ES_31005,31005,Aberin,17.3019819,368.0,0,0,0.0,0.0,0,0.0,0,0,0,0,,,0,0.0,periferico
ES_31007,31007,Adiós,22.23510534,172.0,0,0,0.0,0.0,0,0.0,0,0,0,0,,,0,0.0,periferico
ES_31008,31008,Aguilar de Codés,4.07034014,76.0,0,0,0.0,0.0,0,0.0,0,0,0,0,,,0,0.0,periferico
ES_31009,31009,Aibar,16.18267007,772.0,0,0,0.0,0.0,0,0.0,0,0,0,0,,,0,0.0,periferico
ES_31010,31010,Altsasu,283.83181387,7587.0,0,0,0.0,0.0,0,0.0,0,0,0,0,,,0,0.0,periferico
ES_31011,31011,Allín,21.73867891,910.0,0,0,0.0,0.0,0,0.0,0,0,0,0,,,0,0.0,periferico
ES_31012,31012,Allo,27.00060257,1000.0,0,0,0.0,0.0,0,0.0,0,0,0,0,,,0,0.0,periferico
ES_31013,31013,Améscoa Baja,23.98827315,724.0,0,0,0.0,0.0,0,0.0,0,0,0,0,,,0,0.0,periferico
ES_31014,31014,Ancín,36.96875189,351.0,0,0,0.0,0.0,0,0.0,0,0,0,0,,,0,0.0,periferico
ES_31015,31015,Andosilla,55.97358449,2883.0,0,0,0.0,0.0,0,0.0,0,0,0,0,,,0,0.0,periferico
ES_45020,45020,Belvís de la Jara,13.06575594,1489.0,0,0,0.0,0.0,0,0.0,0,0,0,0,,,0,0.0,periferico
ES_45021,45021,Borox,69.43145482,4172.0,0,0,0.0,0.0,0,0.0,0,0,0,0,,,0,0.0,periferico
ES_45022,45022,Buenaventura,10.45394374,375.0,0,0,0.0,0.0,0,0.0,0,0,0,0,,,0,0.0,periferico
ES_45023,45023,Burguillos de Toledo,128.53345982,3652.0,0,0,0.0,0.0,0,0.0,0,0,0,0,,,0,0.0,periferico
ES_45024,45024,Burujón,36.74406321,1303.0,0,0,0.0,0.0,0,0.0,0,0,0,0,,,0,0.0,periferico
ES_45025,45025,Cabañas de la Sagra,127.97086049,2112.0,0,0,0.0,0.0,0,0.0,0,0,0,0,,,0,0.0,periferico
ES_45026,45026,Cabañas de Yepes,16.39734958,295.0,0,0,0.0,0.0,0,0.0,0,0,0,0,,,0,0.0,periferico
ES_45028,45028,Calera y Chozas,21.73883093,4761.0,0,0,0.0,0.0,0,0.0,0,0,0,0,,,0,0.0,periferico
ES_45029,45029,Caleruela,21.40616217,202.0,0,0,0.0,0.0,0,0.0,0,0,0,0,,,0,0.0,periferico
ES_45031,45031,Camarena,67.10727593,4444.0,0,0,0.0,0.0,0,0.0,0,0,0,0,,,0,0.0,periferico
ES_45032,45032,Camarenilla,25.83067829,628.0,0,0,0.0,0.0,0,0.0,0,0,0,0,,,0,0.0,periferico
ES_45033,45033,"Campillo de la Jara, El",3.73662426,329.0,0,0,0.0,0.0,0,0.0,0,0,0,0,,,0,0.0,periferico
ES_45034,45034,Camuñas,17.30282136,1765.0,0,0,0.0,0.0,0,0.0,0,0,0,0,,,0,0.0,periferico
ES_45035,45035,Cardiel de los Montes,16.42707061,399.0,0,0,0.0,0.0,0,0.0,0,0,0,0,,,0,0.0,periferico
ES_45036,45036,Carmena,18.32987306,856.0,0,0,0.0,0.0,0,0.0,0,0,0,0,,,0,0.0,periferico
ES_45037,45037,"Carpio de Tajo, El",16.40406998,1863.0,0,0,0.0,0.0,0,0.0,0,0,0,0,,,0,0.0,periferico
ES_45039,45039,Carriches,14.79109198,276.0,0,0,0.0,0.0,0,0.0,0,0,0,0,,,0,0.0,periferico
ES_45040,45040,"Casar de Escalona, El",51.3737547,2032.0,0,0,0.0,0.0,0,0.0,0,0,0,0,,,0,0.0,periferico
ES_45041,45041,Casarrubios del Monte,74.21039237,6828.0,0,0,0.0,0.0,0,0.0,0,0,0,0,,,0,0.0,periferico
ES_45042,45042,Casasbuenas,5.86831176,179.0,0,0,0.0,0.0,0,0.0,0,0,0,0,,,0,0.0,periferico
ES_45045,45045,Cazalegas,67.74218518,2000.0,0,0,0.0,0.0,0,0.0,0,0,0,0,,,0,0.0,periferico
ES_45046,45046,Cebolla,86.78307912,3188.0,0,0,0.0,0.0,0,0.0,0,0,0,0,,,0,0.0,periferico
ES_45047,45047,Cedillo del Condado,163.68177295,4331.0,0,0,0.0,0.0,0,0.0,0,0,0,0,,,0,0.0,periferico
ES_45050,45050,Ciruelos,29.04768318,663.0,0,0,0.0,0.0,0,0.0,0,0,0,0,,,0,0.0,periferico
ES_45051,45051,Cobeja,143.94862557,2552.0,0,0,0.0,0.0,0,0.0,0,0,0,0,,,0,0.0,periferico
ES_45052,45052,Cobisa,304.01387869,4464.0,0,0,0.0,0.0,0,0.0,0,0,0,0,,,0,0.0,periferico
ES_45053,45053,Consuegra,27.48183494,9854.0,0,0,0.0,0.0,0,0.0,0,0,0,0,,,0,0.0,periferico
ES_45054,45054,Corral de Almaguer,16.10921528,5295.0,0,0,0.0,0.0,0,0.0,0,0,0,0,,,0,0.0,periferico
ES_45055,45055,Cuerva,34.08657935,1279.0,0,0,0.0,0.0,0,0.0,0,0,0,0,,,0,0.0,periferico
ES_45057,45057,Chueca,22.85064447,254.0,0,0,0.0,0.0,0,0.0,0,0,0,0,,,0,0.0,periferico
ES_45058,45058,Domingo Pérez,31.63072791,410.0,0,0,0.0,0.0,0,0.0,0,0,0,0,,,0,0.0,periferico
ES_45059,45059,Dosbarrios,20.16182893,2248.0,0,0,0.0,0.0,0,0.0,0,0,0,0,,,0,0.0,periferico
ES_45060,45060,Erustes,23.83386625,227.0,0,0,0.0,0.0,0,0.0,0,0,0,0,,,0,0.0,periferico
ES_45062,45062,Escalonilla,28.8483428,1470.0,0,0,0.0,0.0,0,0.0,0,0,0,0,,,0,0.0,periferico
ES_45063,45063,Espinoso del Rey,8.74177674,422.0,0,0,0.0,0.0,0,0.0,0,0,0,0,,,0,0.0,periferico
ES_34094,34094,Ledigos,2.26065088,64.0,0,0,0.0,0.0,0,0.0,0,0,0,0,,,0,0.0,periferico
ES_34096,34096,Lomas,2.40493937,41.0,0,0,0.0,0.0,0,0.0,0,0,0,0,,,0,0.0,periferico
ES_34098,34098,Magaz de Pisuerga,36.40042506,1013.0,0,0,0.0,0.0,0,0.0,0,0,0,0,,,0,0.0,periferico
ES_34099,34099,Manquillos,4.2061363,53.0,0,0,0.0,0.0,0,0.0,0,0,0,0,,,0,0.0,periferico
ES_34100,34100,Mantinos,5.60033239,143.0,0,0,0.0,0.0,0,0.0,0,0,0,0,,,0,0.0,periferico
ES_34102,34102,Mazariegos,8.24377226,208.0,0,0,0.0,0.0,0,0.0,0,0,0,0,,,0,0.0,periferico
ES_34104,34104,Melgar de Yuso,9.89903138,263.0,0,0,0.0,0.0,0,0.0,0,0,0,0,,,0,0.0,periferico
ES_34106,34106,Meneses de Campos,3.40436396,96.0,0,0,0.0,0.0,0,0.0,0,0,0,0,,,0,0.0,periferico
ES_34107,34107,Micieces de Ojeda,3.41796307,71.0,0,0,0.0,0.0,0,0.0,0,0,0,0,,,0,0.0,periferico
ES_34108,34108,Monzón de Campos,12.60591135,579.0,0,0,0.0,0.0,0,0.0,0,0,0,0,,,0,0.0,periferico
ES_34109,34109,Moratinos,2.25706253,66.0,0,0,0.0,0.0,0,0.0,0,0,0,0,,,0,0.0,periferico
ES_34110,34110,Mudá,11.00450717,75.0,0,0,0.0,0.0,0,0.0,0,0,0,0,,,0,0.0,periferico
ES_34112,34112,Nogal de las Huertas,3.40246688,47.0,0,0,0.0,0.0,0,0.0,0,0,0,0,,,0,0.0,periferico
ES_34114,34114,Olmos de Ojeda,1.71803023,178.0,0,0,0.0,0.0,0,0.0,0,0,0,0,,,0,0.0,periferico
ES_34116,34116,Osornillo,3.24417416,59.0,0,0,0.0,0.0,0,0.0,0,0,0,0,,,0,0.0,periferico
ES_34121,34121,Palenzuela,2.74663433,212.0,0,0,0.0,0.0,0,0.0,0,0,0,0,,,0,0.0,periferico
ES_34122,34122,Páramo de Boedo,4.6105251,105.0,0,0,0.0,0.0,0,0.0,0,0,0,0,,,0,0.0,periferico
ES_34123,34123,Paredes de Nava,14.6819038,1894.0,0,0,0.0,0.0,0,0.0,0,0,0,0,,,0,0.0,periferico
ES_34124,34124,Payo de Ojeda,3.06707166,59.0,0,0,0.0,0.0,0,0.0,0,0,0,0,,,0,0.0,periferico
ES_34125,34125,Pedraza de Campos,2.3181822,75.0,0,0,0.0,0.0,0,0.0,0,0,0,0,,,0,0.0,periferico
ES_34126,34126,Pedrosa de la Vega,13.64582538,287.0,0,0,0.0,0.0,0,0.0,0,0,0,0,,,0,0.0,periferico
ES_34127,34127,Perales,4.26485788,117.0,0,0,0.0,0.0,0,0.0,0,0,0,0,,,0,0.0,periferico
ES_34129,34129,Pino del Río,3.11746851,162.0,0,0,0.0,0.0,0,0.0,0,0,0,0,,,0,0.0,periferico
ES_34130,34130,Piña de Campos,15.90347877,197.0,0,0,0.0,0.0,0,0.0,0,0,0,0,,,0,0.0,periferico
ES_34132,34132,Población de Campos,5.4618573,127.0,0,0,0.0,0.0,0,0.0,0,0,0,0,,,0,0.0,periferico
ES_34133,34133,Población de Cerrato,5.21132938,103.0,0,0,0.0,0.0,0,0.0,0,0,0,0,,,0,0.0,periferico
ES_34134,34134,Polentinos,3.03029441,45.0,0,0,0.0,0.0,0,0.0,0,0,0,0,,,0,0.0,periferico
ES_34135,34135,Pomar de Valdivia,5.92716987,482.0,0,0,0.0,0.0,0,0.0,0,0,0,0,,,0,0.0,periferico
ES_34136,34136,Poza de la Vega,6.87559739,167.0,0,0,0.0,0.0,0,0.0,0,0,0,0,,,0,0.0,periferico
ES_34137,34137,Pozo de Urama,1.37628544,19.0,0,0,0.0,0.0,0,0.0,0,0,0,0,,,0,0.0,periferico
ES_34139,34139,Prádanos de Ojeda,8.3051831,177.0,0,0,0.0,0.0,0,0.0,0,0,0,0,,,0,0.0,periferico
ES_34140,34140,"Puebla de Valdavia, La",2.8459705,84.0,0,0,0.0,0.0,0,0.0,0,0,0,0,,,0,0.0,periferico
ES_34141,34141,Quintana del Puente,22.07690963,258.0,0,0,0.0,0.0,0,0.0,0,0,0,0,,,0,0.0,periferico
ES_34143,34143,Quintanilla de Onsoña,3.52591299,180.0,0,0,0.0,0.0,0,0.0,0,0,0,0,,,0,0.0,periferico
ES_34146,34146,Reinoso de Cerrato,2.42081024,56.0,0,0,0.0,0.0,0,0.0,0,0,0,0,,,0,0.0,periferico
ES_34147,34147,Renedo de la Vega,8.94603951,199.0,0,0,0.0,0.0,0,0.0,0,0,0,0,,,0,0.0,periferico
ES_34149,34149,Requena de Campos,2.08566193,28.0,0,0,0.0,0.0,0,0.0,0,0,0,0,,,0,0.0,periferico
ES_34151,34151,Respenda de la Peña,2.23879511,147.0,0,0,0.0,0.0,0,0.0,0,0,0,0,,,0,0.0,periferico
ES_34152,34152,Revenga de Campos,6.16445375,138.0,0,0,0.0,0.0,0,0.0,0,0,0,0,,,0,0.0,periferico
ES_34155,34155,Ribas de Campos,9.9505238,154.0,0,0,0.0,0.0,0,0.0,0,0,0,0,,,0,0.0,periferico
ES_34156,34156,Riberos de la Cueza,2.77935359,55.0,0,0,0.0,0.0,0,0.0,0,0,0,0,,,0,0.0,periferico
ES_34158,34158,Salinas de Pisuerga,14.73344828,312.0,0,0,0.0,0.0,0,0.0,0,0,0,0,,,0,0.0,periferico
ES_34159,34159,San Cebrián de Campos,12.78600721,417.0,0,0,0.0,0.0,0,0.0,0,0,0,0,,,0,0.0,periferico
ES_34160,34160,San Cebrián de Mudá,3.5644119,146.0,0,0,0.0,0.0,0,0.0,0,0,0,0,,,0,0.0,periferico
ES_34161,34161,San Cristóbal de Boedo,1.76518188,19.0,0,0,0.0,0.0,0,0.0,0,0,0,0,,,0,0.0,periferico
ES_34163,34163,San Mamés de Campos,2.96065131,46.0,0,0,0.0,0.0,0,0.0,0,0,0,0,,,0,0.0,periferico
ES_34165,34165,San Román de la Cuba,2.95971588,54.0,0,0,0.0,0.0,0,0.0,0,0,0,0,,,0,0.0,periferico
ES_34167,34167,Santa Cecilia del Alcor,4.75826955,95.0,0,0,0.0,0.0,0,0.0,0,0,0,0,,,0,0.0,periferico
ES_34169,34169,Santervás de la Vega,5.71213339,404.0,0,0,0.0,0.0,0,0.0,0,0,0,0,,,0,0.0,periferico
ES_34170,34170,Santibáñez de Ecla,1.84084971,47.0,0,0,0.0,0.0,0,0.0,0,0,0,0,,,0,0.0,periferico
ES_34174,34174,Santoyo,5.4809434,190.0,0,0,0.0,0.0,0,0.0,0,0,0,0,,,0,0.0,periferico
ES_34175,34175,"Serna, La",7.23740469,89.0,0,0,0.0,0.0,0,0.0,0,0,0,0,,,0,0.0,periferico
ES_34176,34176,Sotobañado y Priorato,6.26396055,158.0,0,0,0.0,0.0,0,0.0,0,0,0,0,,,0,0.0,periferico
ES_34177,34177,Soto de Cerrato,13.52719367,175.0,0,0,0.0,0.0,0,0.0,0,0,0,0,,,0,0.0,periferico
ES_34178,34178,Tabanera de Cerrato,2.97892958,138.0,0,0,0.0,0.0,0,0.0,0,0,0,0,,,0,0.0,periferico
ES_34179,34179,Tabanera de Valdavia,1.11492683,24.0,0,0,0.0,0.0,0,0.0,0,0,0,0,,,0,0.0,periferico
ES_34180,34180,Támara de Campos,3.61049539,75.0,0,0,0.0,0.0,0,0.0,0,0,0,0,,,0,0.0,periferico
ES_34181,34181,Tariego de Cerrato,23.46995234,485.0,0,0,0.0,0.0,0,0.0,0,0,0,0,,,0,0.0,periferico
ES_34184,34184,Torremormojón,1.55690503,44.0,0,0,0.0,0.0,0,0.0,0,0,0,0,,,0,0.0,periferico
ES_34185,34185,Triollo,1.169292,74.0,0,0,0.0,0.0,0,0.0,0,0,0,0,,,0,0.0,periferico
ES_34186,34186,Valbuena de Pisuerga,1.86133877,54.0,0,0,0.0,0.0,0,0.0,0,0,0,0,,,0,0.0,periferico
ES_34189,34189,Valdeolmillos,2.72322269,56.0,0,0,0.0,0.0,0,0.0,0,0,0,0,,,0,0.0,periferico
ES_34192,34192,Valde-Ucieza,1.92587792,82.0,0,0,0.0,0.0,0,0.0,0,0,0,0,,,0,0.0,periferico
ES_34196,34196,Valle de Cerrato,2.10501681,82.0,0,0,0.0,0.0,0,0.0,0,0,0,0,,,0,0.0,periferico
ES_34199,34199,Velilla del Río Carrión,5.77540327,1149.0,0,0,0.0,0.0,0,0.0,0,0,0,0,,,0,0.0,periferico
ES_34201,34201,Vertavillo,2.82355784,162.0,0,0,0.0,0.0,0,0.0,0,0,0,0,,,0,0.0,periferico
ES_34202,34202,Villabasta de Valdavia,2.94497934,33.0,0,0,0.0,0.0,0,0.0,0,0,0,0,,,0,0.0,periferico
ES_34206,34206,Villada,13.08657068,849.0,0,0,0.0,0.0,0,0.0,0,0,0,0,,,0,0.0,periferico
ES_34208,34208,Villaeles de Valdavia,2.37144765,49.0,0,0,0.0,0.0,0,0.0,0,0,0,0,,,0,0.0,periferico
ES_34210,34210,Villahán,3.19026397,99.0,0,0,0.0,0.0,0,0.0,0,0,0,0,,,0,0.0,periferico
ES_34213,34213,Villalaco,3.18769712,57.0,0,0,0.0,0.0,0,0.0,0,0,0,0,,,0,0.0,periferico
ES_34214,34214,Villalba de Guardo,5.96408239,202.0,0,0,0.0,0.0,0,0.0,0,0,0,0,,,0,0.0,periferico
ES_34215,34215,Villalcázar de Sirga,6.87627488,175.0,0,0,0.0,0.0,0,0.0,0,0,0,0,,,0,0.0,periferico
ES_34216,34216,Villalcón,2.0124125,53.0,0,0,0.0,0.0,0,0.0,0,0,0,0,,,0,0.0,periferico
ES_34218,34218,Villaluenga de la Vega,19.88170638,523.0,0,0,0.0,0.0,0,0.0,0,0,0,0,,,0,0.0,periferico
ES_34220,34220,Villamartín de Campos,4.88308554,175.0,0,0,0.0,0.0,0,0.0,0,0,0,0,,,0,0.0,periferico
ES_34221,34221,Villamediana,3.11280239,181.0,0,0,0.0,0.0,0,0.0,0,0,0,0,,,0,0.0,periferico
ES_34222,34222,Villameriel,2.10547776,112.0,0,0,0.0,0.0,0,0.0,0,0,0,0,,,0,0.0,periferico
ES_34223,34223,Villamoronta,18.8526695,251.0,0,0,0.0,0.0,0,0.0,0,0,0,0,,,0,0.0,periferico
ES_47130,47130,Quintanilla de Trigueros,3.10254271,100.0,0,0,0.0,0.0,0,0.0,0,0,0,0,,,0,0.0,periferico
ES_47132,47132,Ramiro,2.26319545,48.0,0,0,0.0,0.0,0,0.0,0,0,0,0,,,0,0.0,periferico
ES_47133,47133,Renedo de Esgueva,136.45739643,3937.0,0,0,0.0,0.0,0,0.0,0,0,0,0,,,0,0.0,periferico
ES_47134,47134,Roales de Campos,7.25424599,165.0,0,0,0.0,0.0,0,0.0,0,0,0,0,,,0,0.0,periferico
ES_47137,47137,Roturas,2.25937332,26.0,0,0,0.0,0.0,0,0.0,0,0,0,0,,,0,0.0,periferico
ES_47138,47138,Rubí de Bracamonte,8.7259451,223.0,0,0,0.0,0.0,0,0.0,0,0,0,0,,,0,0.0,periferico
ES_47139,47139,Rueda,12.66045853,1145.0,0,0,0.0,0.0,0,0.0,0,0,0,0,,,0,0.0,periferico
ES_47140,47140,Saelices de Mayorga,7.07008439,112.0,0,0,0.0,0.0,0,0.0,0,0,0,0,,,0,0.0,periferico
ES_47141,47141,Salvador de Zapardiel,4.02761024,106.0,0,0,0.0,0.0,0,0.0,0,0,0,0,,,0,0.0,periferico
ES_47142,47142,San Cebrián de Mazote,3.21387647,114.0,0,0,0.0,0.0,0,0.0,0,0,0,0,,,0,0.0,periferico
ES_47144,47144,San Martín de Valvení,1.52880438,89.0,0,0,0.0,0.0,0,0.0,0,0,0,0,,,0,0.0,periferico
ES_47145,47145,San Miguel del Arroyo,11.70755752,650.0,0,0,0.0,0.0,0,0.0,0,0,0,0,,,0,0.0,periferico
ES_47148,47148,San Pedro de Latarce,9.88773883,439.0,0,0,0.0,0.0,0,0.0,0,0,0,0,,,0,0.0,periferico
ES_47149,47149,San Pelayo,4.77161482,51.0,0,0,0.0,0.0,0,0.0,0,0,0,0,,,0,0.0,periferico
ES_47150,47150,San Román de Hornija,7.32474156,306.0,0,0,0.0,0.0,0,0.0,0,0,0,0,,,0,0.0,periferico
ES_47151,47151,San Salvador,2.16344266,23.0,0,0,0.0,0.0,0,0.0,0,0,0,0,,,0,0.0,periferico
ES_47152,47152,Santa Eufemia del Arroyo,2.92429881,73.0,0,0,0.0,0.0,0,0.0,0,0,0,0,,,0,0.0,periferico
ES_47153,47153,Santervás de Campos,2.05571438,111.0,0,0,0.0,0.0,0,0.0,0,0,0,0,,,0,0.0,periferico
ES_47155,47155,Santovenia de Pisuerga,328.00892655,4636.0,0,0,0.0,0.0,0,0.0,0,0,0,0,,,0,0.0,periferico
ES_47156,47156,San Vicente del Palacio,4.35041745,165.0,0,0,0.0,0.0,0,0.0,0,0,0,0,,,0,0.0,periferico
ES_47157,47157,Sardón de Duero,30.93767199,608.0,0,0,0.0,0.0,0,0.0,0,0,0,0,,,0,0.0,periferico
ES_47158,47158,"Seca, La",15.7618793,1039.0,0,0,0.0,0.0,0,0.0,0,0,0,0,,,0,0.0,periferico
ES_47159,47159,Serrada,47.09573545,1140.0,0,0,0.0,0.0,0,0.0,0,0,0,0,,,0,0.0,periferico
ES_47160,47160,Siete Iglesias de Trabancos,7.11208209,436.0,0,0,0.0,0.0,0,0.0,0,0,0,0,,,0,0.0,periferico
ES_47161,47161,Simancas,129.59030381,5496.0,0,0,0.0,0.0,0,0.0,0,0,0,0,,,0,0.0,periferico
ES_47162,47162,Tamariz de Campos,2.30302417,87.0,0,0,0.0,0.0,0,0.0,0,0,0,0,,,0,0.0,periferico
ES_47163,47163,Tiedra,5.98599174,283.0,0,0,0.0,0.0,0,0.0,0,0,0,0,,,0,0.0,periferico
ES_47164,47164,Tordehumos,6.29289939,387.0,0,0,0.0,0.0,0,0.0,0,0,0,0,,,0,0.0,periferico
ES_47165,47165,Tordesillas,61.47848474,8711.0,0,0,0.0,0.0,0,0.0,0,0,0,0,,,0,0.0,periferico
ES_47167,47167,Torrecilla de la Orden,3.85845397,231.0,0,0,0.0,0.0,0,0.0,0,0,0,0,,,0,0.0,periferico
ES_47168,47168,Torrecilla de la Torre,3.57915192,26.0,0,0,0.0,0.0,0,0.0,0,0,0,0,,,0,0.0,periferico
ES_47171,47171,Torrelobatón,5.8532841,387.0,0,0,0.0,0.0,0,0.0,0,0,0,0,,,0,0.0,periferico
ES_47172,47172,Torrescárcela,3.2696482,166.0,0,0,0.0,0.0,0,0.0,0,0,0,0,,,0,0.0,periferico
ES_47173,47173,Traspinedo,47.65931123,1253.0,0,0,0.0,0.0,0,0.0,0,0,0,0,,,0,0.0,periferico
ES_10016,10016,Aldehuela de Jerte,30.77536654,361.0,0,0,0.0,0.0,0,0.0,0,0,0,0,,,0,0.0,periferico
ES_10017,10017,Alía,1.26098394,756.0,0,0,0.0,0.0,0,0.0,0,0,0,0,,,0,0.0,periferico
ES_10018,10018,Aliseda,21.24379387,1711.0,0,0,0.0,0.0,0,0.0,0,0,0,0,,,0,0.0,periferico
ES_10019,10019,Almaraz,48.58083679,1647.0,0,0,0.0,0.0,0,0.0,0,0,0,0,,,0,0.0,periferico
ES_10020,10020,Almoharín,19.34037297,1804.0,0,0,0.0,0.0,0,0.0,0,0,0,0,,,0,0.0,periferico
ES_10021,10021,Arroyo de la Luz,43.4363996,5562.0,0,0,0.0,0.0,0,0.0,0,0,0,0,,,0,0.0,periferico
ES_10022,10022,Arroyomolinos de la Vera,18.07033348,419.0,0,0,0.0,0.0,0,0.0,0,0,0,0,,,0,0.0,periferico
ES_10023,10023,Arroyomolinos,7.13089195,824.0,0,0,0.0,0.0,0,0.0,0,0,0,0,,,0,0.0,periferico
ES_10024,10024,Baños de Montemayor,33.50871741,736.0,0,0,0.0,0.0,0,0.0,0,0,0,0,,,0,0.0,periferico
ES_10025,10025,Barrado,17.85539945,380.0,0,0,0.0,0.0,0,0.0,0,0,0,0,,,0,0.0,periferico
ES_10026,10026,Belvís de Monroy,16.0119449,720.0,0,0,0.0,0.0,0,0.0,0,0,0,0,,,0,0.0,periferico
ES_10027,10027,Benquerencia,6.4650427,86.0,0,0,0.0,0.0,0,0.0,0,0,0,0,,,0,0.0,periferico
ES_10028,10028,Berrocalejo,7.71531197,122.0,0,0,0.0,0.0,0,0.0,0,0,0,0,,,0,0.0,periferico
ES_09369,09369,Sotillo de la Ribera,11.25420746,478.0,0,0,0.0,0.0,0,0.0,0,0,0,0,,,0,0.0,periferico
ES_09372,09372,Sotragero,53.99992761,296.0,0,0,0.0,0.0,0,0.0,0,0,0,0,,,0,0.0,periferico
ES_09373,09373,Sotresgudo,2.48584286,428.0,0,0,0.0,0.0,0,0.0,0,0,0,0,,,0,0.0,periferico
ES_09377,09377,Tardajos,63.16255375,803.0,0,0,0.0,0.0,0,0.0,0,0,0,0,,,0,0.0,periferico
ES_09378,09378,Tejada,1.49306619,34.0,0,0,0.0,0.0,0,0.0,0,0,0,0,,,0,0.0,periferico
ES_09382,09382,Tobar,2.08955172,25.0,0,0,0.0,0.0,0,0.0,0,0,0,0,,,0,0.0,periferico
ES_09384,09384,Tordómar,10.28071132,309.0,0,0,0.0,0.0,0,0.0,0,0,0,0,,,0,0.0,periferico
ES_09391,09391,Tórtoles de Esgueva,5.09955038,404.0,0,0,0.0,0.0,0,0.0,0,0,0,0,,,0,0.0,periferico
ES_09392,09392,Tosantos,9.2834557,53.0,0,0,0.0,0.0,0,0.0,0,0,0,0,,,0,0.0,periferico
ES_09395,09395,Tubilla del Agua,1.78044778,140.0,0,0,0.0,0.0,0,0.0,0,0,0,0,,,0,0.0,periferico
ES_09398,09398,Úrbel del Castillo,2.01107167,62.0,0,0,0.0,0.0,0,0.0,0,0,0,0,,,0,0.0,periferico
ES_09400,09400,Vadocondes,14.48119787,372.0,0,0,0.0,0.0,0,0.0,0,0,0,0,,,0,0.0,periferico
ES_09403,09403,Valdeande,3.25995498,101.0,0,0,0.0,0.0,0,0.0,0,0,0,0,,,0,0.0,periferico
ES_09405,09405,Valdezate,5.81718239,119.0,0,0,0.0,0.0,0,0.0,0,0,0,0,,,0,0.0,periferico
ES_09406,09406,Valdorros,20.87955011,347.0,0,0,0.0,0.0,0,0.0,0,0,0,0,,,0,0.0,periferico
ES_09407,09407,Valmala,1.59371456,27.0,0,0,0.0,0.0,0,0.0,0,0,0,0,,,0,0.0,periferico
ES_09409,09409,Valle de Manzanedo,1.80330408,127.0,0,0,0.0,0.0,0,0.0,0,0,0,0,,,0,0.0,periferico
ES_09412,09412,Valle de Tobalina,5.57905168,879.0,0,0,0.0,0.0,0,0.0,0,0,0,0,,,0,0.0,periferico
ES_09413,09413,Valle de Valdebezana,3.02652539,474.0,0,0,0.0,0.0,0,0.0,0,0,0,0,,,0,0.0,periferico
ES_09414,09414,Valle de Valdelaguna,2.11625666,196.0,0,0,0.0,0.0,0,0.0,0,0,0,0,,,0,0.0,periferico
ES_09415,09415,Valle de Valdelucio,3.40121987,326.0,0,0,0.0,0.0,0,0.0,0,0,0,0,,,0,0.0,periferico
ES_09419,09419,Valluércanes,2.39428137,67.0,0,0,0.0,0.0,0,0.0,0,0,0,0,,,0,0.0,periferico
ES_09421,09421,"Vid y Barrios, La",6.97453145,262.0,0,0,0.0,0.0,0,0.0,0,0,0,0,,,0,0.0,periferico
ES_09422,09422,"Vid de Bureba, La",2.4661939,24.0,0,0,0.0,0.0,0,0.0,0,0,0,0,,,0,0.0,periferico
ES_09423,09423,Vileña,4.08425448,26.0,0,0,0.0,0.0,0,0.0,0,0,0,0,,,0,0.0,periferico
ES_09424,09424,Viloria de Rioja,5.31172303,37.0,0,0,0.0,0.0,0,0.0,0,0,0,0,,,0,0.0,periferico
ES_09425,09425,Vilviestre del Pinar,14.97791325,508.0,0,0,0.0,0.0,0,0.0,0,0,0,0,,,0,0.0,periferico
ES_09427,09427,Villadiego,4.50054869,1476.0,0,0,0.0,0.0,0,0.0,0,0,0,0,,,0,0.0,periferico
ES_09428,09428,Villaescusa de Roa,5.65581471,99.0,0,0,0.0,0.0,0,0.0,0,0,0,0,,,0,0.0,periferico
ES_09429,09429,Villaescusa la Sombría,3.32945241,54.0,0,0,0.0,0.0,0,0.0,0,0,0,0,,,0,0.0,periferico
ES_09430,09430,Villaespasa,1.33543711,26.0,0,0,0.0,0.0,0,0.0,0,0,0,0,,,0,0.0,periferico
ES_09432,09432,Villafruela,2.80834408,146.0,0,0,0.0,0.0,0,0.0,0,0,0,0,,,0,0.0,periferico
ES_09433,09433,Villagalijo,2.5393613,56.0,0,0,0.0,0.0,0,0.0,0,0,0,0,,,0,0.0,periferico
ES_09434,09434,Villagonzalo Pedernales,135.62987911,1872.0,0,0,0.0,0.0,0,0.0,0,0,0,0,,,0,0.0,periferico
ES_09437,09437,Villahoz,6.12894526,310.0,0,0,0.0,0.0,0,0.0,0,0,0,0,,,0,0.0,periferico
ES_09438,09438,Villalba de Duero,50.50280241,695.0,0,0,0.0,0.0,0,0.0,0,0,0,0,,,0,0.0,periferico
ES_09439,09439,Villalbilla de Burgos,103.24635004,1490.0,0,0,0.0,0.0,0,0.0,0,0,0,0,,,0,0.0,periferico
ES_09440,09440,Villalbilla de Gumiel,3.36723122,89.0,0,0,0.0,0.0,0,0.0,0,0,0,0,,,0,0.0,periferico
ES_09441,09441,Villaldemiro,6.70943221,90.0,0,0,0.0,0.0,0,0.0,0,0,0,0,,,0,0.0,periferico
ES_09442,09442,Villalmanzo,17.68261584,423.0,0,0,0.0,0.0,0,0.0,0,0,0,0,,,0,0.0,periferico
ES_09443,09443,Villamayor de los Montes,4.07646562,165.0,0,0,0.0,0.0,0,0.0,0,0,0,0,,,0,0.0,periferico
ES_09444,09444,Villamayor de Treviño,3.14616965,59.0,0,0,0.0,0.0,0,0.0,0,0,0,0,,,0,0.0,periferico
ES_09445,09445,Villambistia,3.58402219,47.0,0,0,0.0,0.0,0,0.0,0,0,0,0,,,0,0.0,periferico
ES_09446,09446,Villamedianilla,1.33127946,9.0,0,0,0.0,0.0,0,0.0,0,0,0,0,,,0,0.0,periferico
ES_09447,09447,Villamiel de la Sierra,2.34514778,42.0,0,0,0.0,0.0,0,0.0,0,0,0,0,,,0,0.0,periferico
ES_09448,09448,Villangómez,5.86947304,225.0,0,0,0.0,0.0,0,0.0,0,0,0,0,,,0,0.0,periferico
ES_09449,09449,Villanueva de Argaño,15.03142989,119.0,0,0,0.0,0.0,0,0.0,0,0,0,0,,,0,0.0,periferico
ES_09451,09451,Villanueva de Gumiel,12.67771981,283.0,0,0,0.0,0.0,0,0.0,0,0,0,0,,,0,0.0,periferico
ES_09454,09454,Villanueva de Teba,7.33511304,45.0,0,0,0.0,0.0,0,0.0,0,0,0,0,,,0,0.0,periferico
ES_09455,09455,Villaquirán de la Puebla,3.83446236,44.0,0,0,0.0,0.0,0,0.0,0,0,0,0,,,0,0.0,periferico
ES_09456,09456,Villaquirán de los Infantes,11.48131008,149.0,0,0,0.0,0.0,0,0.0,0,0,0,0,,,0,0.0,periferico
ES_09458,09458,Villariezo,70.490596,722.0,0,0,0.0,0.0,0,0.0,0,0,0,0,,,0,0.0,periferico
ES_09460,09460,Villasandino,4.06749455,178.0,0,0,0.0,0.0,0,0.0,0,0,0,0,,,0,0.0,periferico
ES_09463,09463,Villasur de Herreros,3.12108773,274.0,0,0,0.0,0.0,0,0.0,0,0,0,0,,,0,0.0,periferico
ES_09464,09464,Villatuelda,3.47325446,53.0,0,0,0.0,0.0,0,0.0,0,0,0,0,,,0,0.0,periferico
ES_09467,09467,Villaverde-Mogina,5.38506709,73.0,0,0,0.0,0.0,0,0.0,0,0,0,0,,,0,0.0,periferico
ES_09471,09471,Villayerno Morquillas,20.50607343,215.0,0,0,0.0,0.0,0,0.0,0,0,0,0,,,0,0.0,periferico
ES_09472,09472,Villazopeque,4.43135522,52.0,0,0,0.0,0.0,0,0.0,0,0,0,0,,,0,0.0,periferico
ES_09473,09473,Villegas,3.41879039,84.0,0,0,0.0,0.0,0,0.0,0,0,0,0,,,0,0.0,periferico
ES_09476,09476,Villoruebo,2.67969538,69.0,0,0,0.0,0.0,0,0.0,0,0,0,0,,,0,0.0,periferico
ES_09483,09483,Zazuar,9.17552628,207.0,0,0,0.0,0.0,0,0.0,0,0,0,0,,,0,0.0,periferico
ES_09485,09485,Zuñeda,4.69190795,57.0,0,0,0.0,0.0,0,0.0,0,0,0,0,,,0,0.0,periferico
ES_09901,09901,Quintanilla del Agua y Torduele,9.72139032,348.0,0,0,0.0,0.0,0,0.0,0,0,0,0,,,0,0.0,periferico
ES_09902,09902,Valle de Santibáñez,4.59890279,487.0,0,0,0.0,0.0,0,0.0,0,0,0,0,,,0,0.0,periferico
ES_09903,09903,Villarcayo de Merindad de Casti,26.50289903,4010.0,0,0,0.0,0.0,0,0.0,0,0,0,0,,,0,0.0,periferico
ES_09905,09905,Valle de Sedano,1.61200012,426.0,0,0,0.0,0.0,0,0.0,0,0,0,0,,,0,0.0,periferico
ES_09906,09906,Merindad de Río Ubierna,5.2319545,1440.0,0,0,0.0,0.0,0,0.0,0,0,0,0,,,0,0.0,periferico
ES_09907,09907,Alfoz de Quintanadueñas,52.61468468,2182.0,0,0,0.0,0.0,0,0.0,0,0,0,0,,,0,0.0,periferico
ES_09908,09908,Valle de Losa,2.20568809,502.0,0,0,0.0,0.0,0,0.0,0,0,0,0,,,0,0.0,periferico
ES_10002,10002,Abertura,6.01209188,377.0,0,0,0.0,0.0,0,0.0,0,0,0,0,,,0,0.0,periferico
ES_10003,10003,Acebo,10.29370995,587.0,0,0,0.0,0.0,0,0.0,0,0,0,0,,,0,0.0,periferico
ES_10005,10005,Aceituna,14.57180897,584.0,0,0,0.0,0.0,0,0.0,0,0,0,0,,,0,0.0,periferico
ES_10006,10006,Ahigal,26.29280351,1368.0,0,0,0.0,0.0,0,0.0,0,0,0,0,,,0,0.0,periferico
ES_10007,10007,Albalá,17.09778755,659.0,0,0,0.0,0.0,0,0.0,0,0,0,0,,,0,0.0,periferico
ES_10008,10008,Alcántara,2.4384293,1346.0,0,0,0.0,0.0,0,0.0,0,0,0,0,,,0,0.0,periferico
ES_10009,10009,Alcollarín,3.15146994,252.0,0,0,0.0,0.0,0,0.0,0,0,0,0,,,0,0.0,periferico
ES_10010,10010,Alcuéscar,22.58988594,2454.0,0,0,0.0,0.0,0,0.0,0,0,0,0,,,0,0.0,periferico
ES_10011,10011,Aldeacentenera,5.41615145,599.0,0,0,0.0,0.0,0,0.0,0,0,0,0,,,0,0.0,periferico
ES_10012,10012,Aldea del Cano,21.14399523,607.0,0,0,0.0,0.0,0,0.0,0,0,0,0,,,0,0.0,periferico
ES_10013,10013,"Aldea del Obispo, La",7.76290482,294.0,0,0,0.0,0.0,0,0.0,0,0,0,0,,,0,0.0,periferico
ES_10014,10014,Aldeanueva de la Vera,53.51514286,2013.0,0,0,0.0,0.0,0,0.0,0,0,0,0,,,0,0.0,periferico
ES_10015,10015,Aldeanueva del Camino,36.17330545,725.0,0,0,0.0,0.0,0,0.0,0,0,0,0,,,0,0.0,periferico
ES_08904,08904,Badia del Vallès,14069.1065461,13055.0,0,0,0.0,0.0,0,0.0,0,0,0,0,,,0,0.0,periferico
ES_08905,08905,"Palma de Cervelló, La",563.03811972,3036.0,0,0,0.0,0.0,0,0.0,0,0,0,0,,,0,0.0,periferico
ES_09001,09001,Abajas,0.79841798,28.0,0,0,0.0,0.0,0,0.0,0,0,0,0,,,0,0.0,periferico
ES_09003,09003,Adrada de Haza,19.62736293,202.0,0,0,0.0,0.0,0,0.0,0,0,0,0,,,0,0.0,periferico
ES_09006,09006,Aguas Cándidas,3.3424871,60.0,0,0,0.0,0.0,0,0.0,0,0,0,0,,,0,0.0,periferico
ES_09007,09007,Aguilar de Bureba,5.71789144,54.0,0,0,0.0,0.0,0,0.0,0,0,0,0,,,0,0.0,periferico
ES_09010,09010,Alcocero de Mola,4.9317961,41.0,0,0,0.0,0.0,0,0.0,0,0,0,0,,,0,0.0,periferico
ES_09011,09011,Alfoz de Bricia,1.37409154,71.0,0,0,0.0,0.0,0,0.0,0,0,0,0,,,0,0.0,periferico
ES_09012,09012,Alfoz de Santa Gadea,2.8824665,99.0,0,0,0.0,0.0,0,0.0,0,0,0,0,,,0,0.0,periferico
ES_09013,09013,Altable,5.60354473,46.0,0,0,0.0,0.0,0,0.0,0,0,0,0,,,0,0.0,periferico
ES_09014,09014,"Altos, Los",1.43742491,201.0,0,0,0.0,0.0,0,0.0,0,0,0,0,,,0,0.0,periferico
ES_09016,09016,Ameyugo,9.352497,117.0,0,0,0.0,0.0,0,0.0,0,0,0,0,,,0,0.0,periferico
ES_09017,09017,Anguix,12.11998441,163.0,0,0,0.0,0.0,0,0.0,0,0,0,0,,,0,0.0,periferico
ES_09253,09253,Pardilla,6.96930875,106.0,0,0,0.0,0.0,0,0.0,0,0,0,0,,,0,0.0,periferico
ES_09255,09255,Partido de la Sierra en Tobalin,2.95377184,88.0,0,0,0.0,0.0,0,0.0,0,0,0,0,,,0,0.0,periferico
ES_09256,09256,Pedrosa de Duero,6.82914292,477.0,0,0,0.0,0.0,0,0.0,0,0,0,0,,,0,0.0,periferico
ES_09257,09257,Pedrosa del Páramo,8.03294664,91.0,0,0,0.0,0.0,0,0.0,0,0,0,0,,,0,0.0,periferico
ES_09259,09259,Pedrosa de Río Úrbel,5.25959393,258.0,0,0,0.0,0.0,0,0.0,0,0,0,0,,,0,0.0,periferico
ES_09261,09261,Peñaranda de Duero,7.28362492,470.0,0,0,0.0,0.0,0,0.0,0,0,0,0,,,0,0.0,periferico
ES_09262,09262,Peral de Arlanza,5.93389003,172.0,0,0,0.0,0.0,0,0.0,0,0,0,0,,,0,0.0,periferico
ES_09265,09265,Piérnigas,2.90605806,39.0,0,0,0.0,0.0,0,0.0,0,0,0,0,,,0,0.0,periferico
ES_09266,09266,Pineda de la Sierra,1.39542626,96.0,0,0,0.0,0.0,0,0.0,0,0,0,0,,,0,0.0,periferico
ES_09267,09267,Pineda Trasmonte,3.76451465,106.0,0,0,0.0,0.0,0,0.0,0,0,0,0,,,0,0.0,periferico
ES_16135,16135,Moya,1.85302463,170.0,0,0,0.0,0.0,0,0.0,0,0,0,0,,,0,0.0,periferico
ES_16137,16137,Narboneta,1.51549043,53.0,0,0,0.0,0.0,0,0.0,0,0,0,0,,,0,0.0,periferico
ES_16139,16139,Olivares de Júcar,6.33763433,317.0,0,0,0.0,0.0,0,0.0,0,0,0,0,,,0,0.0,periferico
ES_16140,16140,Olmeda de la Cuesta,0.94802153,22.0,0,0,0.0,0.0,0,0.0,0,0,0,0,,,0,0.0,periferico
ES_16141,16141,Olmeda del Rey,1.73635419,130.0,0,0,0.0,0.0,0,0.0,0,0,0,0,,,0,0.0,periferico
ES_16142,16142,Olmedilla de Alarcón,3.49664022,134.0,0,0,0.0,0.0,0,0.0,0,0,0,0,,,0,0.0,periferico
ES_16143,16143,Olmedilla de Eliz,1.6521444,22.0,0,0,0.0,0.0,0,0.0,0,0,0,0,,,0,0.0,periferico
ES_16146,16146,Pajarón,1.48250954,78.0,0,0,0.0,0.0,0,0.0,0,0,0,0,,,0,0.0,periferico
ES_16147,16147,Pajaroncillo,1.03661324,59.0,0,0,0.0,0.0,0,0.0,0,0,0,0,,,0,0.0,periferico
ES_16148,16148,Palomares del Campo,9.15259593,558.0,0,0,0.0,0.0,0,0.0,0,0,0,0,,,0,0.0,periferico
ES_16149,16149,Palomera,3.76408389,189.0,0,0,0.0,0.0,0,0.0,0,0,0,0,,,0,0.0,periferico
ES_16150,16150,Paracuellos,0.80266734,99.0,0,0,0.0,0.0,0,0.0,0,0,0,0,,,0,0.0,periferico
ES_10116,10116,Malpartida de Plasencia,12.36537319,4607.0,0,0,0.0,0.0,0,0.0,0,0,0,0,,,0,0.0,periferico
ES_10117,10117,Marchagaz,25.62596973,243.0,0,0,0.0,0.0,0,0.0,0,0,0,0,,,0,0.0,periferico
ES_10118,10118,Mata de Alcántara,8.53765591,286.0,0,0,0.0,0.0,0,0.0,0,0,0,0,,,0,0.0,periferico
ES_10120,10120,Mesas de Ibor,3.08603218,150.0,0,0,0.0,0.0,0,0.0,0,0,0,0,,,0,0.0,periferico
ES_10122,10122,Millanes,13.33074516,235.0,0,0,0.0,0.0,0,0.0,0,0,0,0,,,0,0.0,periferico
ES_10123,10123,Mirabel,13.2480287,653.0,0,0,0.0,0.0,0,0.0,0,0,0,0,,,0,0.0,periferico
ES_10124,10124,Mohedas de Granadilla,14.48887486,850.0,0,0,0.0,0.0,0,0.0,0,0,0,0,,,0,0.0,periferico
ES_09018,09018,Aranda de Duero,263.42940025,33523.0,0,0,0.0,0.0,0,0.0,0,0,0,0,,,0,0.0,periferico
ES_09019,09019,Arandilla,5.84837704,156.0,0,0,0.0,0.0,0,0.0,0,0,0,0,,,0,0.0,periferico
ES_09020,09020,Arauzo de Miel,4.83398075,276.0,0,0,0.0,0.0,0,0.0,0,0,0,0,,,0,0.0,periferico
ES_09021,09021,Arauzo de Salce,2.59202994,48.0,0,0,0.0,0.0,0,0.0,0,0,0,0,,,0,0.0,periferico
ES_09023,09023,Arcos,58.05617972,1826.0,0,0,0.0,0.0,0,0.0,0,0,0,0,,,0,0.0,periferico
ES_09024,09024,Arenillas de Riopisuerga,6.21952027,174.0,0,0,0.0,0.0,0,0.0,0,0,0,0,,,0,0.0,periferico
ES_09025,09025,Arija,16.05252707,113.0,0,0,0.0,0.0,0,0.0,0,0,0,0,,,0,0.0,periferico
ES_09027,09027,Arraya de Oca,3.58460808,44.0,0,0,0.0,0.0,0,0.0,0,0,0,0,,,0,0.0,periferico
ES_09029,09029,Atapuerca,7.26473309,180.0,0,0,0.0,0.0,0,0.0,0,0,0,0,,,0,0.0,periferico
ES_09030,09030,"Ausines, Los",3.88728428,162.0,0,0,0.0,0.0,0,0.0,0,0,0,0,,,0,0.0,periferico
ES_09269,09269,Pinilla de los Moros,3.09458146,34.0,0,0,0.0,0.0,0,0.0,0,0,0,0,,,0,0.0,periferico
ES_09270,09270,Pinilla Trasmonte,2.42898575,166.0,0,0,0.0,0.0,0,0.0,0,0,0,0,,,0,0.0,periferico
ES_09275,09275,Presencio,5.57102194,197.0,0,0,0.0,0.0,0,0.0,0,0,0,0,,,0,0.0,periferico
ES_09276,09276,"Puebla de Arganzón, La",29.09851193,549.0,0,0,0.0,0.0,0,0.0,0,0,0,0,,,0,0.0,periferico
ES_09277,09277,Puentedura,7.4554591,118.0,0,0,0.0,0.0,0,0.0,0,0,0,0,,,0,0.0,periferico
ES_09279,09279,Quemada,12.09788074,252.0,0,0,0.0,0.0,0,0.0,0,0,0,0,,,0,0.0,periferico
ES_09280,09280,Quintanabureba,2.59096938,32.0,0,0,0.0,0.0,0,0.0,0,0,0,0,,,0,0.0,periferico
ES_09281,09281,Quintana del Pidio,13.87966728,149.0,0,0,0.0,0.0,0,0.0,0,0,0,0,,,0,0.0,periferico
ES_09283,09283,Quintanaélez,2.80818664,49.0,0,0,0.0,0.0,0,0.0,0,0,0,0,,,0,0.0,periferico
ES_16151,16151,Paredes,3.87054151,75.0,0,0,0.0,0.0,0,0.0,0,0,0,0,,,0,0.0,periferico
ES_16152,16152,"Parra de las Vegas, La",0.55271322,34.0,0,0,0.0,0.0,0,0.0,0,0,0,0,,,0,0.0,periferico
ES_16153,16153,"Pedernoso, El",19.9250963,1126.0,0,0,0.0,0.0,0,0.0,0,0,0,0,,,0,0.0,periferico
ES_16154,16154,"Pedroñeras, Las",29.54942469,6647.0,0,0,0.0,0.0,0,0.0,0,0,0,0,,,0,0.0,periferico
ES_16155,16155,"Peral, El",7.74379113,665.0,0,0,0.0,0.0,0,0.0,0,0,0,0,,,0,0.0,periferico
ES_16156,16156,"Peraleja, La",2.51815122,88.0,0,0,0.0,0.0,0,0.0,0,0,0,0,,,0,0.0,periferico
ES_16157,16157,"Pesquera, La",3.12855072,226.0,0,0,0.0,0.0,0,0.0,0,0,0,0,,,0,0.0,periferico
ES_16158,16158,"Picazo, El",27.88062715,693.0,0,0,0.0,0.0,0,0.0,0,0,0,0,,,0,0.0,periferico
ES_16159,16159,Pinarejo,3.12134838,193.0,0,0,0.0,0.0,0,0.0,0,0,0,0,,,0,0.0,periferico
ES_16160,16160,Pineda de Gigüela,2.06441149,60.0,0,0,0.0,0.0,0,0.0,0,0,0,0,,,0,0.0,periferico
ES_16162,16162,Portalrubio de Guadamejud,1.71520471,36.0,0,0,0.0,0.0,0,0.0,0,0,0,0,,,0,0.0,periferico
ES_10125,10125,Monroy,4.42197933,904.0,0,0,0.0,0.0,0,0.0,0,0,0,0,,,0,0.0,periferico
ES_10126,10126,Montánchez,14.30835689,1616.0,0,0,0.0,0.0,0,0.0,0,0,0,0,,,0,0.0,periferico
ES_10128,10128,Moraleja,52.45681996,6577.0,0,0,0.0,0.0,0,0.0,0,0,0,0,,,0,0.0,periferico
ES_10129,10129,Morcillo,22.10072764,358.0,0,0,0.0,0.0,0,0.0,0,0,0,0,,,0,0.0,periferico
ES_10130,10130,Navaconcejo,40.17273462,2065.0,0,0,0.0,0.0,0,0.0,0,0,0,0,,,0,0.0,periferico
ES_10132,10132,Navalvillar de Ibor,6.80748904,378.0,0,0,0.0,0.0,0,0.0,0,0,0,0,,,0,0.0,periferico
ES_10134,10134,Navezuelas,10.79965238,648.0,0,0,0.0,0.0,0,0.0,0,0,0,0,,,0,0.0,periferico
ES_10135,10135,Nuñomoral,12.91922267,1224.0,0,0,0.0,0.0,0,0.0,0,0,0,0,,,0,0.0,periferico
ES_10136,10136,Oliva de Plasencia,3.40618678,302.0,0,0,0.0,0.0,0,0.0,0,0,0,0,,,0,0.0,periferico
ES_09032,09032,Avellanosa de Muñó,2.73426005,101.0,0,0,0.0,0.0,0,0.0,0,0,0,0,,,0,0.0,periferico
ES_09033,09033,Bahabón de Esgueva,3.64613726,78.0,0,0,0.0,0.0,0,0.0,0,0,0,0,,,0,0.0,periferico
ES_09034,09034,"Balbases, Los",4.72337415,304.0,0,0,0.0,0.0,0,0.0,0,0,0,0,,,0,0.0,periferico
ES_09035,09035,Baños de Valdearados,8.73745257,319.0,0,0,0.0,0.0,0,0.0,0,0,0,0,,,0,0.0,periferico
ES_09037,09037,Barbadillo de Herreros,1.65172303,106.0,0,0,0.0,0.0,0,0.0,0,0,0,0,,,0,0.0,periferico
ES_09038,09038,Barbadillo del Mercado,9.26368975,141.0,0,0,0.0,0.0,0,0.0,0,0,0,0,,,0,0.0,periferico
ES_09039,09039,Barbadillo del Pez,3.31967965,69.0,0,0,0.0,0.0,0,0.0,0,0,0,0,,,0,0.0,periferico
ES_09041,09041,Barrio de Muñó,7.99170842,31.0,0,0,0.0,0.0,0,0.0,0,0,0,0,,,0,0.0,periferico
ES_09043,09043,"Barrios de Bureba, Los",4.00162534,187.0,0,0,0.0,0.0,0,0.0,0,0,0,0,,,0,0.0,periferico
ES_09044,09044,Barrios de Colina,2.42674439,57.0,0,0,0.0,0.0,0,0.0,0,0,0,0,,,0,0.0,periferico
ES_09287,09287,Quintanaortuño,51.22901561,286.0,0,0,0.0,0.0,0,0.0,0,0,0,0,,,0,0.0,periferico
ES_09288,09288,Quintanapalla,6.74731044,107.0,0,0,0.0,0.0,0,0.0,0,0,0,0,,,0,0.0,periferico
ES_09289,09289,Quintanar de la Sierra,25.51518045,1528.0,0,0,0.0,0.0,0,0.0,0,0,0,0,,,0,0.0,periferico
ES_09292,09292,Quintanavides,5.91861876,69.0,0,0,0.0,0.0,0,0.0,0,0,0,0,,,0,0.0,periferico
ES_09295,09295,Quintanilla del Coco,2.53237372,51.0,0,0,0.0,0.0,0,0.0,0,0,0,0,,,0,0.0,periferico
ES_09297,09297,"Quintanillas, Las",15.69510147,389.0,0,0,0.0,0.0,0,0.0,0,0,0,0,,,0,0.0,periferico
ES_09298,09298,Quintanilla San García,1.53066706,70.0,0,0,0.0,0.0,0,0.0,0,0,0,0,,,0,0.0,periferico
ES_09301,09301,Quintanilla Vivar,67.78395775,908.0,0,0,0.0,0.0,0,0.0,0,0,0,0,,,0,0.0,periferico
ES_09302,09302,Rabanera del Pinar,3.03838289,101.0,0,0,0.0,0.0,0,0.0,0,0,0,0,,,0,0.0,periferico
ES_09303,09303,Rábanos,2.06624821,84.0,0,0,0.0,0.0,0,0.0,0,0,0,0,,,0,0.0,periferico
ES_09304,09304,Rabé de las Calzadas,25.07461386,254.0,0,0,0.0,0.0,0,0.0,0,0,0,0,,,0,0.0,periferico
ES_09306,09306,Rebolledo de la Torre,1.88093327,95.0,0,0,0.0,0.0,0,0.0,0,0,0,0,,,0,0.0,periferico
ES_16163,16163,Portilla,1.70101191,56.0,0,0,0.0,0.0,0,0.0,0,0,0,0,,,0,0.0,periferico
ES_16165,16165,Poyatos,1.77662084,80.0,0,0,0.0,0.0,0,0.0,0,0,0,0,,,0,0.0,periferico
ES_16166,16166,Pozoamargo,5.04306836,269.0,0,0,0.0,0.0,0,0.0,0,0,0,0,,,0,0.0,periferico
ES_16167,16167,Pozorrubio de Santiago,7.22215193,323.0,0,0,0.0,0.0,0,0.0,0,0,0,0,,,0,0.0,periferico
ES_16170,16170,Priego,11.16734927,898.0,0,0,0.0,0.0,0,0.0,0,0,0,0,,,0,0.0,periferico
ES_16171,16171,"Provencio, El",23.55046512,2393.0,0,0,0.0,0.0,0,0.0,0,0,0,0,,,0,0.0,periferico
ES_16172,16172,Puebla de Almenara,8.79520948,331.0,0,0,0.0,0.0,0,0.0,0,0,0,0,,,0,0.0,periferico
ES_16173,16173,"Valle de Altomira, El",1.42486686,210.0,0,0,0.0,0.0,0,0.0,0,0,0,0,,,0,0.0,periferico
ES_16174,16174,Puebla del Salvador,4.200286,202.0,0,0,0.0,0.0,0,0.0,0,0,0,0,,,0,0.0,periferico
ES_16175,16175,Quintanar del Rey,95.82078899,7655.0,0,0,0.0,0.0,0,0.0,0,0,0,0,,,0,0.0,periferico
ES_16176,16176,Rada de Haro,1.54933923,50.0,0,0,0.0,0.0,0,0.0,0,0,0,0,,,0,0.0,periferico
ES_16177,16177,Reíllo,1.3466364,110.0,0,0,0.0,0.0,0,0.0,0,0,0,0,,,0,0.0,periferico
ES_10137,10137,Palomero,20.46306985,415.0,0,0,0.0,0.0,0,0.0,0,0,0,0,,,0,0.0,periferico
ES_10138,10138,Pasarón de la Vera,14.95343066,583.0,0,0,0.0,0.0,0,0.0,0,0,0,0,,,0,0.0,periferico
ES_10140,10140,Peraleda de la Mata,15.2781788,1407.0,0,0,0.0,0.0,0,0.0,0,0,0,0,,,0,0.0,periferico
ES_10141,10141,Peraleda de San Román,4.86219502,301.0,0,0,0.0,0.0,0,0.0,0,0,0,0,,,0,0.0,periferico
ES_10142,10142,Perales del Puerto,25.18737813,914.0,0,0,0.0,0.0,0,0.0,0,0,0,0,,,0,0.0,periferico
ES_10143,10143,Pescueza,2.65160536,138.0,0,0,0.0,0.0,0,0.0,0,0,0,0,,,0,0.0,periferico
ES_10144,10144,"Pesga, La",49.14035893,977.0,0,0,0.0,0.0,0,0.0,0,0,0,0,,,0,0.0,periferico
ES_10145,10145,Piedras Albas,28.4502213,129.0,0,0,0.0,0.0,0,0.0,0,0,0,0,,,0,0.0,periferico
ES_10146,10146,Pinofranqueado,11.74783049,1725.0,0,0,0.0,0.0,0,0.0,0,0,0,0,,,0,0.0,periferico
ES_10147,10147,Piornal,40.39815312,1470.0,0,0,0.0,0.0,0,0.0,0,0,0,0,,,0,0.0,periferico
ES_09045,09045,Basconcillos del Tozo,2.47837651,299.0,0,0,0.0,0.0,0,0.0,0,0,0,0,,,0,0.0,periferico
ES_09046,09046,Bascuñana,2.57570752,20.0,0,0,0.0,0.0,0,0.0,0,0,0,0,,,0,0.0,periferico
ES_09048,09048,Belorado,13.47980947,1799.0,0,0,0.0,0.0,0,0.0,0,0,0,0,,,0,0.0,periferico
ES_09050,09050,Berberana,1.49496687,50.0,0,0,0.0,0.0,0,0.0,0,0,0,0,,,0,0.0,periferico
ES_09051,09051,Berlangas de Roa,12.16414171,191.0,0,0,0.0,0.0,0,0.0,0,0,0,0,,,0,0.0,periferico
ES_09054,09054,Bozoó,3.03790882,101.0,0,0,0.0,0.0,0,0.0,0,0,0,0,,,0,0.0,periferico
ES_09055,09055,Brazacorta,2.22922364,47.0,0,0,0.0,0.0,0,0.0,0,0,0,0,,,0,0.0,periferico
ES_09057,09057,Bugedo,19.9523421,198.0,0,0,0.0,0.0,0,0.0,0,0,0,0,,,0,0.0,periferico
ES_09059,09059,Burgos,1630.14984938,174585.0,0,0,0.0,0.0,0,0.0,0,0,0,0,,,0,0.0,periferico
ES_09307,09307,Redecilla del Camino,8.69943646,105.0,0,0,0.0,0.0,0,0.0,0,0,0,0,,,0,0.0,periferico
ES_09308,09308,Redecilla del Campo,3.95296556,68.0,0,0,0.0,0.0,0,0.0,0,0,0,0,,,0,0.0,periferico
ES_09309,09309,Regumiel de la Sierra,15.27969892,316.0,0,0,0.0,0.0,0,0.0,0,0,0,0,,,0,0.0,periferico
ES_09310,09310,Reinoso,1.88122007,16.0,0,0,0.0,0.0,0,0.0,0,0,0,0,,,0,0.0,periferico
ES_09314,09314,Revilla del Campo,2.61377668,102.0,0,0,0.0,0.0,0,0.0,0,0,0,0,,,0,0.0,periferico
ES_09315,09315,Revillarruz,36.80503966,626.0,0,0,0.0,0.0,0,0.0,0,0,0,0,,,0,0.0,periferico
ES_09316,09316,Revilla Vallejera,4.40672504,121.0,0,0,0.0,0.0,0,0.0,0,0,0,0,,,0,0.0,periferico
ES_09317,09317,Rezmondo,2.83463425,19.0,0,0,0.0,0.0,0,0.0,0,0,0,0,,,0,0.0,periferico
ES_09318,09318,Riocavado de la Sierra,1.24648584,54.0,0,0,0.0,0.0,0,0.0,0,0,0,0,,,0,0.0,periferico
ES_16181,16181,Rozalén del Monte,1.92775659,59.0,0,0,0.0,0.0,0,0.0,0,0,0,0,,,0,0.0,periferico
ES_16185,16185,Saceda-Trasierra,1.35904929,42.0,0,0,0.0,0.0,0,0.0,0,0,0,0,,,0,0.0,periferico
ES_16186,16186,Saelices,5.84059955,471.0,0,0,0.0,0.0,0,0.0,0,0,0,0,,,0,0.0,periferico
ES_16188,16188,Salmeroncillos,4.97142706,103.0,0,0,0.0,0.0,0,0.0,0,0,0,0,,,0,0.0,periferico
ES_16190,16190,San Clemente,24.49854901,6794.0,0,0,0.0,0.0,0,0.0,0,0,0,0,,,0,0.0,periferico
ES_16191,16191,San Lorenzo de la Parrilla,18.49850249,1108.0,0,0,0.0,0.0,0,0.0,0,0,0,0,,,0,0.0,periferico
ES_16192,16192,San Martín de Boniches,0.64509544,45.0,0,0,0.0,0.0,0,0.0,0,0,0,0,,,0,0.0,periferico
ES_16193,16193,San Pedro Palmiches,2.92825803,58.0,0,0,0.0,0.0,0,0.0,0,0,0,0,,,0,0.0,periferico
ES_10148,10148,Plasencia,182.2189867,39725.0,0,0,0.0,0.0,0,0.0,0,0,0,0,,,0,0.0,periferico
ES_10149,10149,Plasenzuela,13.56899237,498.0,0,0,0.0,0.0,0,0.0,0,0,0,0,,,0,0.0,periferico
ES_10150,10150,Portaje,3.699853,372.0,0,0,0.0,0.0,0,0.0,0,0,0,0,,,0,0.0,periferico
ES_10151,10151,Portezuelo,1.72834637,218.0,0,0,0.0,0.0,0,0.0,0,0,0,0,,,0,0.0,periferico
ES_10152,10152,Pozuelo de Zarzón,9.150152,434.0,0,0,0.0,0.0,0,0.0,0,0,0,0,,,0,0.0,periferico
ES_10153,10153,Puerto de Santa Cruz,7.92309743,267.0,0,0,0.0,0.0,0,0.0,0,0,0,0,,,0,0.0,periferico
ES_10155,10155,Riolobos,24.18204307,1191.0,0,0,0.0,0.0,0,0.0,0,0,0,0,,,0,0.0,periferico
ES_10156,10156,Robledillo de Gata,2.86289423,89.0,0,0,0.0,0.0,0,0.0,0,0,0,0,,,0,0.0,periferico
ES_10157,10157,Robledillo de la Vera,20.41125688,262.0,0,0,0.0,0.0,0,0.0,0,0,0,0,,,0,0.0,periferico
ES_10159,10159,Robledollano,4.72946872,292.0,0,0,0.0,0.0,0,0.0,0,0,0,0,,,0,0.0,periferico
ES_09060,09060,Busto de Bureba,7.59429448,141.0,0,0,0.0,0.0,0,0.0,0,0,0,0,,,0,0.0,periferico
ES_09061,09061,Cabañes de Esgueva,5.95349644,158.0,0,0,0.0,0.0,0,0.0,0,0,0,0,,,0,0.0,periferico
ES_09062,09062,Cabezón de la Sierra,1.96596323,39.0,0,0,0.0,0.0,0,0.0,0,0,0,0,,,0,0.0,periferico
ES_09063,09063,Cavia,19.06388379,248.0,0,0,0.0,0.0,0,0.0,0,0,0,0,,,0,0.0,periferico
ES_09064,09064,Caleruega,8.14929116,388.0,0,0,0.0,0.0,0,0.0,0,0,0,0,,,0,0.0,periferico
ES_09065,09065,Campillo de Aranda,7.2833002,174.0,0,0,0.0,0.0,0,0.0,0,0,0,0,,,0,0.0,periferico
ES_09066,09066,Campolara,3.77229781,50.0,0,0,0.0,0.0,0,0.0,0,0,0,0,,,0,0.0,periferico
ES_09068,09068,Cantabrana,6.69510223,21.0,0,0,0.0,0.0,0,0.0,0,0,0,0,,,0,0.0,periferico
ES_09070,09070,Carazo,1.70765497,41.0,0,0,0.0,0.0,0,0.0,0,0,0,0,,,0,0.0,periferico
ES_09071,09071,Carcedo de Bureba,1.17242339,50.0,0,0,0.0,0.0,0,0.0,0,0,0,0,,,0,0.0,periferico
ES_09072,09072,Carcedo de Burgos,19.09091236,490.0,0,0,0.0,0.0,0,0.0,0,0,0,0,,,0,0.0,periferico
ES_09073,09073,Cardeñadijo,157.57845148,1453.0,0,0,0.0,0.0,0,0.0,0,0,0,0,,,0,0.0,periferico
ES_09323,09323,Rojas,2.36443008,59.0,0,0,0.0,0.0,0,0.0,0,0,0,0,,,0,0.0,periferico
ES_09325,09325,Royuela de Río Franco,3.45888694,175.0,0,0,0.0,0.0,0,0.0,0,0,0,0,,,0,0.0,periferico
ES_09326,09326,Rubena,20.65711489,202.0,0,0,0.0,0.0,0,0.0,0,0,0,0,,,0,0.0,periferico
ES_09327,09327,Rublacedo de Abajo,0.8140315,32.0,0,0,0.0,0.0,0,0.0,0,0,0,0,,,0,0.0,periferico
ES_09328,09328,Rucandio,2.11442886,69.0,0,0,0.0,0.0,0,0.0,0,0,0,0,,,0,0.0,periferico
ES_09329,09329,Salas de Bureba,10.1508015,135.0,0,0,0.0,0.0,0,0.0,0,0,0,0,,,0,0.0,periferico
ES_09330,09330,Salas de los Infantes,63.4275427,1986.0,0,0,0.0,0.0,0,0.0,0,0,0,0,,,0,0.0,periferico
ES_09334,09334,Salinillas de Bureba,2.10473239,48.0,0,0,0.0,0.0,0,0.0,0,0,0,0,,,0,0.0,periferico
ES_09335,09335,San Adrián de Juarros,4.67663284,93.0,0,0,0.0,0.0,0,0.0,0,0,0,0,,,0,0.0,periferico
ES_09337,09337,San Juan del Monte,5.35285308,142.0,0,0,0.0,0.0,0,0.0,0,0,0,0,,,0,0.0,periferico
ES_16196,16196,Santa María de los Llanos,15.9405958,685.0,0,0,0.0,0.0,0,0.0,0,0,0,0,,,0,0.0,periferico
ES_16197,16197,Santa María del Val,1.38116245,65.0,0,0,0.0,0.0,0,0.0,0,0,0,0,,,0,0.0,periferico
ES_16198,16198,Sisante,12.19696387,1639.0,0,0,0.0,0.0,0,0.0,0,0,0,0,,,0,0.0,periferico
ES_16199,16199,Solera de Gabaldón,0.66943624,34.0,0,0,0.0,0.0,0,0.0,0,0,0,0,,,0,0.0,periferico
ES_16202,16202,Talayuelas,8.19777837,874.0,0,0,0.0,0.0,0,0.0,0,0,0,0,,,0,0.0,periferico
ES_16204,16204,Tébar,3.12897591,310.0,0,0,0.0,0.0,0,0.0,0,0,0,0,,,0,0.0,periferico
ES_16206,16206,Tinajas,4.07555832,191.0,0,0,0.0,0.0,0,0.0,0,0,0,0,,,0,0.0,periferico
ES_16209,16209,Torralba,1.99916816,111.0,0,0,0.0,0.0,0,0.0,0,0,0,0,,,0,0.0,periferico
ES_16211,16211,Torrejoncillo del Rey,1.70749823,344.0,0,0,0.0,0.0,0,0.0,0,0,0,0,,,0,0.0,periferico
ES_16212,16212,Torrubia del Campo,5.82561587,311.0,0,0,0.0,0.0,0,0.0,0,0,0,0,,,0,0.0,periferico
ES_16213,16213,Torrubia del Castillo,2.51754249,44.0,0,0,0.0,0.0,0,0.0,0,0,0,0,,,0,0.0,periferico
ES_10160,10160,Romangordo,6.19383646,242.0,0,0,0.0,0.0,0,0.0,0,0,0,0,,,0,0.0,periferico
ES_10163,10163,Salvatierra de Santiago,7.63645353,255.0,0,0,0.0,0.0,0,0.0,0,0,0,0,,,0,0.0,periferico
ES_10164,10164,San Martín de Trevejo,29.32813342,727.0,0,0,0.0,0.0,0,0.0,0,0,0,0,,,0,0.0,periferico
ES_10165,10165,Santa Ana,8.5980235,301.0,0,0,0.0,0.0,0,0.0,0,0,0,0,,,0,0.0,periferico
ES_10166,10166,Santa Cruz de la Sierra,7.15128056,319.0,0,0,0.0,0.0,0,0.0,0,0,0,0,,,0,0.0,periferico
ES_10167,10167,Santa Cruz de Paniagua,3.35288726,281.0,0,0,0.0,0.0,0,0.0,0,0,0,0,,,0,0.0,periferico
ES_10168,10168,Santa Marta de Magasca,7.20839098,286.0,0,0,0.0,0.0,0,0.0,0,0,0,0,,,0,0.0,periferico
ES_10169,10169,Santiago de Alcántara,5.04358853,483.0,0,0,0.0,0.0,0,0.0,0,0,0,0,,,0,0.0,periferico
ES_10170,10170,Santiago del Campo,3.40977593,250.0,0,0,0.0,0.0,0,0.0,0,0,0,0,,,0,0.0,periferico
ES_09074,09074,Cardeñajimeno,98.21972006,1197.0,0,0,0.0,0.0,0,0.0,0,0,0,0,,,0,0.0,periferico
ES_09075,09075,Cardeñuela Riopico,9.64038834,109.0,0,0,0.0,0.0,0,0.0,0,0,0,0,,,0,0.0,periferico
ES_09076,09076,Carrias,1.81124369,24.0,0,0,0.0,0.0,0,0.0,0,0,0,0,,,0,0.0,periferico
ES_09077,09077,Cascajares de Bureba,3.53587421,28.0,0,0,0.0,0.0,0,0.0,0,0,0,0,,,0,0.0,periferico
ES_09079,09079,Castellanos de Castro,5.0466925,50.0,0,0,0.0,0.0,0,0.0,0,0,0,0,,,0,0.0,periferico
ES_09083,09083,Castil de Peones,1.8600559,26.0,0,0,0.0,0.0,0,0.0,0,0,0,0,,,0,0.0,periferico
ES_09084,09084,Castrillo de la Reina,11.35518886,164.0,0,0,0.0,0.0,0,0.0,0,0,0,0,,,0,0.0,periferico
ES_09085,09085,Castrillo de la Vega,23.21589871,614.0,0,0,0.0,0.0,0,0.0,0,0,0,0,,,0,0.0,periferico
ES_09086,09086,Castrillo del Val,37.18817798,839.0,0,0,0.0,0.0,0,0.0,0,0,0,0,,,0,0.0,periferico
ES_16216,16216,Tresjuncos,3.86940728,272.0,0,0,0.0,0.0,0,0.0,0,0,0,0,,,0,0.0,periferico
ES_16218,16218,Uclés,3.84050397,248.0,0,0,0.0,0.0,0,0.0,0,0,0,0,,,0,0.0,periferico
ES_16219,16219,Uña,3.74033542,88.0,0,0,0.0,0.0,0,0.0,0,0,0,0,,,0,0.0,periferico
ES_16224,16224,Valdemeca,1.18885153,83.0,0,0,0.0,0.0,0,0.0,0,0,0,0,,,0,0.0,periferico
ES_16225,16225,Valdemorillo de la Sierra,0.79704449,56.0,0,0,0.0,0.0,0,0.0,0,0,0,0,,,0,0.0,periferico
ES_16227,16227,Valdemoro-Sierra,1.02154944,110.0,0,0,0.0,0.0,0,0.0,0,0,0,0,,,0,0.0,periferico
ES_16228,16228,Valdeolivas,4.73497746,218.0,0,0,0.0,0.0,0,0.0,0,0,0,0,,,0,0.0,periferico
ES_16231,16231,Valhermoso de la Fuente,2.36470867,76.0,0,0,0.0,0.0,0,0.0,0,0,0,0,,,0,0.0,periferico
ES_16234,16234,Valsalobre,0.55144207,21.0,0,0,0.0,0.0,0,0.0,0,0,0,0,,,0,0.0,periferico
ES_16236,16236,Valverde de Júcar,19.21868774,1080.0,0,0,0.0,0.0,0,0.0,0,0,0,0,,,0,0.0,periferico
ES_16237,16237,Valverdejo,2.89803247,94.0,0,0,0.0,0.0,0,0.0,0,0,0,0,,,0,0.0,periferico
ES_10172,10172,Santibáñez el Bajo,15.61855277,721.0,0,0,0.0,0.0,0,0.0,0,0,0,0,,,0,0.0,periferico
ES_10173,10173,Saucedilla,15.60156702,943.0,0,0,0.0,0.0,0,0.0,0,0,0,0,,,0,0.0,periferico
ES_10174,10174,Segura de Toro,12.40476357,183.0,0,0,0.0,0.0,0,0.0,0,0,0,0,,,0,0.0,periferico
ES_10175,10175,Serradilla,5.81539992,1507.0,0,0,0.0,0.0,0,0.0,0,0,0,0,,,0,0.0,periferico
ES_10176,10176,Serrejón,3.29358309,409.0,0,0,0.0,0.0,0,0.0,0,0,0,0,,,0,0.0,periferico
ES_08194,08194,Sant Adrià de Besòs,9956.72039068,37906.0,0,0,0.0,0.0,0,0.0,0,0,0,0,,,0,0.0,periferico
ES_08195,08195,Sant Agustí de Lluçanès,8.05369168,109.0,0,0,0.0,0.0,0,0.0,0,0,0,0,,,0,0.0,periferico
ES_08196,08196,Sant Andreu de la Barca,4762.65509905,26862.0,0,0,0.0,0.0,0,0.0,0,0,0,0,,,0,0.0,periferico
ES_08197,08197,Sant Andreu de Llavaneres,993.8135305,11839.0,0,0,0.0,0.0,0,0.0,0,0,0,0,,,0,0.0,periferico
ES_08198,08198,Sant Antoni de Vilamajor,473.0322986,6565.0,0,0,0.0,0.0,0,0.0,0,0,0,0,,,0,0.0,periferico
ES_08199,08199,Sant Bartomeu del Grau,27.09001073,939.0,0,0,0.0,0.0,0,0.0,0,0,0,0,,,0,0.0,periferico
ES_08200,08200,Sant Boi de Llobregat,3808.15463925,83667.0,0,0,0.0,0.0,0,0.0,0,0,0,0,,,0,0.0,periferico
ES_09088,09088,Castrillo de Riopisuerga,3.26990838,57.0,0,0,0.0,0.0,0,0.0,0,0,0,0,,,0,0.0,periferico
ES_09090,09090,Castrillo Mota de Judíos,2.31575961,51.0,0,0,0.0,0.0,0,0.0,0,0,0,0,,,0,0.0,periferico
ES_09091,09091,Castrojeriz,5.60727905,763.0,0,0,0.0,0.0,0,0.0,0,0,0,0,,,0,0.0,periferico
ES_09093,09093,Cayuela,13.61318234,183.0,0,0,0.0,0.0,0,0.0,0,0,0,0,,,0,0.0,periferico
ES_09094,09094,Cebrecos,2.40553817,56.0,0,0,0.0,0.0,0,0.0,0,0,0,0,,,0,0.0,periferico
ES_09095,09095,Celada del Camino,7.23058816,91.0,0,0,0.0,0.0,0,0.0,0,0,0,0,,,0,0.0,periferico
ES_09098,09098,Cerezo de Río Tirón,7.78874318,496.0,0,0,0.0,0.0,0,0.0,0,0,0,0,,,0,0.0,periferico
ES_09101,09101,Ciadoncha,4.90895889,75.0,0,0,0.0,0.0,0,0.0,0,0,0,0,,,0,0.0,periferico
ES_09102,09102,Cillaperlata,2.02428876,34.0,0,0,0.0,0.0,0,0.0,0,0,0,0,,,0,0.0,periferico
ES_09103,09103,Cilleruelo de Abajo,4.27732359,206.0,0,0,0.0,0.0,0,0.0,0,0,0,0,,,0,0.0,periferico
ES_09104,09104,Cilleruelo de Arriba,2.59639242,48.0,0,0,0.0,0.0,0,0.0,0,0,0,0,,,0,0.0,periferico
ES_09340,09340,San Millán de Lara,1.90536405,64.0,0,0,0.0,0.0,0,0.0,0,0,0,0,,,0,0.0,periferico
ES_09343,09343,Santa Cecilia,8.42234474,105.0,0,0,0.0,0.0,0,0.0,0,0,0,0,,,0,0.0,periferico
ES_09345,09345,Santa Cruz de la Salceda,5.37585785,139.0,0,0,0.0,0.0,0,0.0,0,0,0,0,,,0,0.0,periferico
ES_09348,09348,Santa Inés,10.35978837,154.0,0,0,0.0,0.0,0,0.0,0,0,0,0,,,0,0.0,periferico
ES_09350,09350,Santa María del Campo,8.37179141,505.0,0,0,0.0,0.0,0,0.0,0,0,0,0,,,0,0.0,periferico
ES_09351,09351,Santa María del Invierno,3.94954846,64.0,0,0,0.0,0.0,0,0.0,0,0,0,0,,,0,0.0,periferico
ES_09352,09352,Santa María del Mercadillo,3.34075398,101.0,0,0,0.0,0.0,0,0.0,0,0,0,0,,,0,0.0,periferico
ES_09353,09353,Santa María Rivarredonda,7.77372001,91.0,0,0,0.0,0.0,0,0.0,0,0,0,0,,,0,0.0,periferico
ES_09354,09354,Santa Olalla de Bureba,3.81624813,41.0,0,0,0.0,0.0,0,0.0,0,0,0,0,,,0,0.0,periferico
ES_09355,09355,Santibáñez de Esgueva,3.55219447,79.0,0,0,0.0,0.0,0,0.0,0,0,0,0,,,0,0.0,periferico
ES_16238,16238,Vara de Rey,3.7048137,474.0,0,0,0.0,0.0,0,0.0,0,0,0,0,,,0,0.0,periferico
ES_16239,16239,Vega del Codorno,4.53321224,146.0,0,0,0.0,0.0,0,0.0,0,0,0,0,,,0,0.0,periferico
ES_16240,16240,Vellisca,2.74574308,118.0,0,0,0.0,0.0,0,0.0,0,0,0,0,,,0,0.0,periferico
ES_16243,16243,Villaescusa de Haro,5.26844758,491.0,0,0,0.0,0.0,0,0.0,0,0,0,0,,,0,0.0,periferico
ES_16244,16244,Villagarcía del Llano,6.54903219,765.0,0,0,0.0,0.0,0,0.0,0,0,0,0,,,0,0.0,periferico
ES_16247,16247,Villalgordo del Marquesado,2.17595418,66.0,0,0,0.0,0.0,0,0.0,0,0,0,0,,,0,0.0,periferico
ES_16248,16248,Villalpardo,32.02766746,1008.0,0,0,0.0,0.0,0,0.0,0,0,0,0,,,0,0.0,periferico
ES_16249,16249,Villamayor de Santiago,13.34557509,2418.0,0,0,0.0,0.0,0,0.0,0,0,0,0,,,0,0.0,periferico
ES_08201,08201,Sant Boi de Lluçanès,28.53133572,572.0,0,0,0.0,0.0,0,0.0,0,0,0,0,,,0,0.0,periferico
ES_08202,08202,Sant Celoni,282.09773107,18423.0,0,0,0.0,0.0,0,0.0,0,0,0,0,,,0,0.0,periferico
ES_08204,08204,Sant Climent de Llobregat,387.17049809,4190.0,0,0,0.0,0.0,0,0.0,0,0,0,0,,,0,0.0,periferico
ES_08206,08206,Sant Cugat Sesgarrigues,162.70467322,1021.0,0,0,0.0,0.0,0,0.0,0,0,0,0,,,0,0.0,periferico
ES_08207,08207,Sant Esteve de Palautordera,285.15433911,3037.0,0,0,0.0,0.0,0,0.0,0,0,0,0,,,0,0.0,periferico
ES_08208,08208,Sant Esteve Sesrovires,426.68084602,7889.0,0,0,0.0,0.0,0,0.0,0,0,0,0,,,0,0.0,periferico
ES_08209,08209,Sant Fost de Campsentelles,694.59206366,9175.0,0,0,0.0,0.0,0,0.0,0,0,0,0,,,0,0.0,periferico
ES_08211,08211,Sant Feliu de Llobregat,3840.04176832,45956.0,0,0,0.0,0.0,0,0.0,0,0,0,0,,,0,0.0,periferico
ES_08212,08212,Sant Feliu Sasserra,26.93260712,620.0,0,0,0.0,0.0,0,0.0,0,0,0,0,,,0,0.0,periferico
ES_09105,09105,Ciruelos de Cervera,2.82718724,107.0,0,0,0.0,0.0,0,0.0,0,0,0,0,,,0,0.0,periferico
ES_09108,09108,Cogollos,19.79381323,618.0,0,0,0.0,0.0,0,0.0,0,0,0,0,,,0,0.0,periferico
ES_09110,09110,Contreras,2.41552533,92.0,0,0,0.0,0.0,0,0.0,0,0,0,0,,,0,0.0,periferico
ES_09112,09112,Coruña del Conde,2.91211343,100.0,0,0,0.0,0.0,0,0.0,0,0,0,0,,,0,0.0,periferico
ES_09113,09113,Covarrubias,12.71916339,529.0,0,0,0.0,0.0,0,0.0,0,0,0,0,,,0,0.0,periferico
ES_09114,09114,Cubillo del Campo,7.48930927,105.0,0,0,0.0,0.0,0,0.0,0,0,0,0,,,0,0.0,periferico
ES_09115,09115,Cubo de Bureba,10.3536427,102.0,0,0,0.0,0.0,0,0.0,0,0,0,0,,,0,0.0,periferico
ES_09117,09117,"Cueva de Roa, La",7.88747851,94.0,0,0,0.0,0.0,0,0.0,0,0,0,0,,,0,0.0,periferico
ES_09119,09119,Cuevas de San Clemente,3.24544735,43.0,0,0,0.0,0.0,0,0.0,0,0,0,0,,,0,0.0,periferico
ES_09120,09120,Encío,2.29528845,43.0,0,0,0.0,0.0,0,0.0,0,0,0,0,,,0,0.0,periferico
ES_16251,16251,Villanueva de la Jara,15.0985853,2356.0,0,0,0.0,0.0,0,0.0,0,0,0,0,,,0,0.0,periferico
ES_16254,16254,Villar de Domingo García,2.94096402,226.0,0,0,0.0,0.0,0,0.0,0,0,0,0,,,0,0.0,periferico
ES_16255,16255,Villar de la Encina,3.11330904,153.0,0,0,0.0,0.0,0,0.0,0,0,0,0,,,0,0.0,periferico
ES_16258,16258,Villar del Humo,1.27966587,192.0,0,0,0.0,0.0,0,0.0,0,0,0,0,,,0,0.0,periferico
ES_16259,16259,Villar del Infantado,1.37703145,30.0,0,0,0.0,0.0,0,0.0,0,0,0,0,,,0,0.0,periferico
ES_16263,16263,Villar de Olalla,9.01317673,1422.0,0,0,0.0,0.0,0,0.0,0,0,0,0,,,0,0.0,periferico
ES_16264,16264,Villarejo de Fuentes,3.22495263,414.0,0,0,0.0,0.0,0,0.0,0,0,0,0,,,0,0.0,periferico
ES_16266,16266,Villarejo-Periesteban,11.58116356,387.0,0,0,0.0,0.0,0,0.0,0,0,0,0,,,0,0.0,periferico
ES_16270,16270,Villarrubio,7.37423807,208.0,0,0,0.0,0.0,0,0.0,0,0,0,0,,,0,0.0,periferico
ES_16271,16271,Villarta,33.27413393,853.0,0,0,0.0,0.0,0,0.0,0,0,0,0,,,0,0.0,periferico
ES_08213,08213,Sant Fruitós de Bages,413.53127221,9137.0,0,0,0.0,0.0,0,0.0,0,0,0,0,,,0,0.0,periferico
ES_08215,08215,Sant Hipòlit de Voltregà,4154.16873861,3704.0,0,0,0.0,0.0,0,0.0,0,0,0,0,,,0,0.0,periferico
ES_08216,08216,Sant Jaume de Frontanyà,1.36304778,29.0,0,0,0.0,0.0,0,0.0,0,0,0,0,,,0,0.0,periferico
ES_08217,08217,Sant Joan Despí,6137.31485299,34552.0,0,0,0.0,0.0,0,0.0,0,0,0,0,,,0,0.0,periferico
ES_08218,08218,Sant Joan de Vilatorrada,667.58493273,10919.0,0,0,0.0,0.0,0,0.0,0,0,0,0,,,0,0.0,periferico
ES_08219,08219,Vilassar de Mar,5276.15428916,21039.0,0,0,0.0,0.0,0,0.0,0,0,0,0,,,0,0.0,periferico
ES_08220,08220,Sant Julià de Vilatorta,200.02232756,3235.0,0,0,0.0,0.0,0,0.0,0,0,0,0,,,0,0.0,periferico
ES_08221,08221,Sant Just Desvern,2629.49807744,20478.0,0,0,0.0,0.0,0,0.0,0,0,0,0,,,0,0.0,periferico
ES_08222,08222,Sant Llorenç d'Hortons,132.38024764,2572.0,0,0,0.0,0.0,0,0.0,0,0,0,0,,,0,0.0,periferico
ES_08224,08224,Sant Martí de Centelles,47.91178156,1240.0,0,0,0.0,0.0,0,0.0,0,0,0,0,,,0,0.0,periferico
ES_08225,08225,Sant Martí d'Albars,8.19776241,121.0,0,0,0.0,0.0,0,0.0,0,0,0,0,,,0,0.0,periferico
ES_09122,09122,Espinosa de Cervera,2.76711291,82.0,0,0,0.0,0.0,0,0.0,0,0,0,0,,,0,0.0,periferico
ES_09123,09123,Espinosa del Camino,6.36069822,44.0,0,0,0.0,0.0,0,0.0,0,0,0,0,,,0,0.0,periferico
ES_09125,09125,Estépar,6.20401679,637.0,0,0,0.0,0.0,0,0.0,0,0,0,0,,,0,0.0,periferico
ES_09127,09127,Fontioso,2.25481504,56.0,0,0,0.0,0.0,0,0.0,0,0,0,0,,,0,0.0,periferico
ES_09128,09128,Frandovínez,11.41096878,98.0,0,0,0.0,0.0,0,0.0,0,0,0,0,,,0,0.0,periferico
ES_09130,09130,Fresneña,4.85264759,68.0,0,0,0.0,0.0,0,0.0,0,0,0,0,,,0,0.0,periferico
ES_09131,09131,Fresnillo de las Dueñas,50.10795906,687.0,0,0,0.0,0.0,0,0.0,0,0,0,0,,,0,0.0,periferico
ES_09132,09132,Fresno de Río Tirón,17.29110831,167.0,0,0,0.0,0.0,0,0.0,0,0,0,0,,,0,0.0,periferico
ES_09134,09134,Frías,9.06252339,267.0,0,0,0.0,0.0,0,0.0,0,0,0,0,,,0,0.0,periferico
ES_16272,16272,Villas de la Ventosa,1.52933334,222.0,0,0,0.0,0.0,0,0.0,0,0,0,0,,,0,0.0,periferico
ES_16273,16273,Villaverde y Pasaconsol,15.95199155,338.0,0,0,0.0,0.0,0,0.0,0,0,0,0,,,0,0.0,periferico
ES_16274,16274,Víllora,1.95895407,135.0,0,0,0.0,0.0,0,0.0,0,0,0,0,,,0,0.0,periferico
ES_16275,16275,Vindel,0.71285489,18.0,0,0,0.0,0.0,0,0.0,0,0,0,0,,,0,0.0,periferico
ES_16276,16276,Yémeda,0.7623936,22.0,0,0,0.0,0.0,0,0.0,0,0,0,0,,,0,0.0,periferico
ES_16277,16277,Zafra de Záncara,1.16832075,92.0,0,0,0.0,0.0,0,0.0,0,0,0,0,,,0,0.0,periferico
ES_10033,10033,Cabañas del Castillo,3.7799957,398.0,0,0,0.0,0.0,0,0.0,0,0,0,0,,,0,0.0,periferico
ES_10034,10034,Cabezabellosa,10.1292561,343.0,0,0,0.0,0.0,0,0.0,0,0,0,0,,,0,0.0,periferico
ES_10035,10035,Cabezuela del Valle,38.53135931,2181.0,0,0,0.0,0.0,0,0.0,0,0,0,0,,,0,0.0,periferico
ES_10036,10036,Cabrero,51.94963272,344.0,0,0,0.0,0.0,0,0.0,0,0,0,0,,,0,0.0,periferico
ES_08226,08226,Sant Martí de Tous,32.48754688,1268.0,0,0,0.0,0.0,0,0.0,0,0,0,0,,,0,0.0,periferico
ES_08227,08227,Sant Martí Sarroca,95.58735375,3377.0,0,0,0.0,0.0,0,0.0,0,0,0,0,,,0,0.0,periferico
ES_08228,08228,Sant Martí Sesgueioles,92.80547311,359.0,0,0,0.0,0.0,0,0.0,0,0,0,0,,,0,0.0,periferico
ES_08229,08229,Sant Mateu de Bages,6.17424126,632.0,0,0,0.0,0.0,0,0.0,0,0,0,0,,,0,0.0,periferico
ES_08230,08230,Premià de Dalt,1621.27915337,10528.0,0,0,0.0,0.0,0,0.0,0,0,0,0,,,0,0.0,periferico
ES_08231,08231,Sant Pere de Ribes,775.07750474,31702.0,0,0,0.0,0.0,0,0.0,0,0,0,0,,,0,0.0,periferico
ES_08233,08233,Sant Pere de Torelló,46.73864474,2571.0,0,0,0.0,0.0,0,0.0,0,0,0,0,,,0,0.0,periferico
ES_08234,08234,Sant Pere de Vilamajor,140.87361541,4856.0,0,0,0.0,0.0,0,0.0,0,0,0,0,,,0,0.0,periferico
ES_08235,08235,Sant Pol de Mar,767.26310544,5771.0,0,0,0.0,0.0,0,0.0,0,0,0,0,,,0,0.0,periferico
ES_08237,08237,Sant Quirze de Besora,258.40108612,2109.0,0,0,0.0,0.0,0,0.0,0,0,0,0,,,0,0.0,periferico
ES_09135,09135,Fuentebureba,4.73130502,43.0,0,0,0.0,0.0,0,0.0,0,0,0,0,,,0,0.0,periferico
ES_09136,09136,Fuentecén,13.61921813,232.0,0,0,0.0,0.0,0,0.0,0,0,0,0,,,0,0.0,periferico
ES_09137,09137,Fuentelcésped,11.98470372,269.0,0,0,0.0,0.0,0,0.0,0,0,0,0,,,0,0.0,periferico
ES_09138,09138,Fuentelisendo,14.9167328,104.0,0,0,0.0,0.0,0,0.0,0,0,0,0,,,0,0.0,periferico
ES_09139,09139,Fuentemolinos,7.71945459,99.0,0,0,0.0,0.0,0,0.0,0,0,0,0,,,0,0.0,periferico
ES_09140,09140,Fuentenebro,3.43829821,134.0,0,0,0.0,0.0,0,0.0,0,0,0,0,,,0,0.0,periferico
ES_09141,09141,Fuentespina,66.90346326,805.0,0,0,0.0,0.0,0,0.0,0,0,0,0,,,0,0.0,periferico
ES_09143,09143,Galbarros,0.90716314,29.0,0,0,0.0,0.0,0,0.0,0,0,0,0,,,0,0.0,periferico
ES_09144,09144,"Gallega, La",2.42051574,42.0,0,0,0.0,0.0,0,0.0,0,0,0,0,,,0,0.0,periferico
ES_09148,09148,Grijalba,5.77550536,114.0,0,0,0.0,0.0,0,0.0,0,0,0,0,,,0,0.0,periferico
ES_09149,09149,Grisaleña,3.73247756,61.0,0,0,0.0,0.0,0,0.0,0,0,0,0,,,0,0.0,periferico
ES_09151,09151,Gumiel de Izán,7.87828758,595.0,0,0,0.0,0.0,0,0.0,0,0,0,0,,,0,0.0,periferico
ES_09152,09152,Gumiel de Mercado,6.66759776,385.0,0,0,0.0,0.0,0,0.0,0,0,0,0,,,0,0.0,periferico
ES_09356,09356,Santibáñez del Val,4.81124973,72.0,0,0,0.0,0.0,0,0.0,0,0,0,0,,,0,0.0,periferico
ES_09358,09358,Santo Domingo de Silos,3.32096749,262.0,0,0,0.0,0.0,0,0.0,0,0,0,0,,,0,0.0,periferico
ES_09361,09361,Sargentes de la Lora,1.48453993,128.0,0,0,0.0,0.0,0,0.0,0,0,0,0,,,0,0.0,periferico
ES_09362,09362,Sarracín,27.23322329,262.0,0,0,0.0,0.0,0,0.0,0,0,0,0,,,0,0.0,periferico
ES_09363,09363,Sasamón,8.26389956,935.0,0,0,0.0,0.0,0,0.0,0,0,0,0,,,0,0.0,periferico
ES_09365,09365,"Sequera de Haza, La",4.08830548,28.0,0,0,0.0,0.0,0,0.0,0,0,0,0,,,0,0.0,periferico
ES_09366,09366,Solarana,4.48040141,74.0,0,0,0.0,0.0,0,0.0,0,0,0,0,,,0,0.0,periferico
ES_09368,09368,Sordillos,2.16756116,21.0,0,0,0.0,0.0,0,0.0,0,0,0,0,,,0,0.0,periferico
ES_10038,10038,Cachorrilla,2.19828001,91.0,0,0,0.0,0.0,0,0.0,0,0,0,0,,,0,0.0,periferico
ES_10042,10042,Campillo de Deleitosa,3.24572196,83.0,0,0,0.0,0.0,0,0.0,0,0,0,0,,,0,0.0,periferico
ES_10043,10043,Campo Lugar,11.45747972,837.0,0,0,0.0,0.0,0,0.0,0,0,0,0,,,0,0.0,periferico
ES_10044,10044,Cañamero,10.70984969,1621.0,0,0,0.0,0.0,0,0.0,0,0,0,0,,,0,0.0,periferico
ES_10045,10045,Cañaveral,11.78222868,1019.0,0,0,0.0,0.0,0,0.0,0,0,0,0,,,0,0.0,periferico
ES_10046,10046,Carbajo,6.36166937,178.0,0,0,0.0,0.0,0,0.0,0,0,0,0,,,0,0.0,periferico
ES_10047,10047,Carcaboso,53.35032542,1082.0,0,0,0.0,0.0,0,0.0,0,0,0,0,,,0,0.0,periferico
ES_10048,10048,Carrascalejo,4.72668653,229.0,0,0,0.0,0.0,0,0.0,0,0,0,0,,,0,0.0,periferico
ES_10049,10049,Casar de Cáceres,34.0144624,4431.0,0,0,0.0,0.0,0,0.0,0,0,0,0,,,0,0.0,periferico
ES_08238,08238,Sant Quirze del Vallès,1390.96169681,20188.0,0,0,0.0,0.0,0,0.0,0,0,0,0,,,0,0.0,periferico
ES_08239,08239,Sant Quirze Safaja,26.18914342,677.0,0,0,0.0,0.0,0,0.0,0,0,0,0,,,0,0.0,periferico
ES_08241,08241,Sant Sadurní d'Osormort,2.9001782,89.0,0,0,0.0,0.0,0,0.0,0,0,0,0,,,0,0.0,periferico
ES_08243,08243,Santa Cecília de Voltregà,21.28458352,184.0,0,0,0.0,0.0,0,0.0,0,0,0,0,,,0,0.0,periferico
ES_08244,08244,Santa Coloma de Cervelló,1124.65928485,8373.0,0,0,0.0,0.0,0,0.0,0,0,0,0,,,0,0.0,periferico
ES_08245,08245,Santa Coloma de Gramenet,16775.90028,119195.0,0,0,0.0,0.0,0,0.0,0,0,0,0,,,0,0.0,periferico
ES_08246,08246,Santa Eugènia de Berga,328.22089695,2295.0,0,0,0.0,0.0,0,0.0,0,0,0,0,,,0,0.0,periferico
ES_08247,08247,Santa Eulàlia de Riuprimer,104.26228573,1448.0,0,0,0.0,0.0,0,0.0,0,0,0,0,,,0,0.0,periferico
ES_08248,08248,Santa Eulàlia de Ronçana,558.60315519,7852.0,0,0,0.0,0.0,0,0.0,0,0,0,0,,,0,0.0,periferico
ES_09154,09154,Hacinas,19.00828597,150.0,0,0,0.0,0.0,0,0.0,0,0,0,0,,,0,0.0,periferico
ES_09155,09155,Haza,0.35244854,29.0,0,0,0.0,0.0,0,0.0,0,0,0,0,,,0,0.0,periferico
ES_09159,09159,Hontanas,6.75235669,69.0,0,0,0.0,0.0,0,0.0,0,0,0,0,,,0,0.0,periferico
ES_09162,09162,Hontoria de la Cantera,8.71700327,169.0,0,0,0.0,0.0,0,0.0,0,0,0,0,,,0,0.0,periferico
ES_09163,09163,Hontoria del Pinar,7.62197574,616.0,0,0,0.0,0.0,0,0.0,0,0,0,0,,,0,0.0,periferico
ES_09164,09164,Hontoria de Valdearados,5.15209076,173.0,0,0,0.0,0.0,0,0.0,0,0,0,0,,,0,0.0,periferico
ES_09166,09166,"Hormazas, Las",2.70615866,99.0,0,0,0.0,0.0,0,0.0,0,0,0,0,,,0,0.0,periferico
ES_09167,09167,Hornillos del Camino,3.76735306,53.0,0,0,0.0,0.0,0,0.0,0,0,0,0,,,0,0.0,periferico
ES_09168,09168,"Horra, La",10.17587055,305.0,0,0,0.0,0.0,0,0.0,0,0,0,0,,,0,0.0,periferico
ES_09170,09170,Hoyales de Roa,16.40709082,210.0,0,0,0.0,0.0,0,0.0,0,0,0,0,,,0,0.0,periferico
ES_09172,09172,Huérmeces,3.24477924,158.0,0,0,0.0,0.0,0,0.0,0,0,0,0,,,0,0.0,periferico
ES_10050,10050,Casar de Palomero,27.67247362,1022.0,0,0,0.0,0.0,0,0.0,0,0,0,0,,,0,0.0,periferico
ES_10051,10051,Casares de las Hurdes,19.83556169,412.0,0,0,0.0,0.0,0,0.0,0,0,0,0,,,0,0.0,periferico
ES_10055,10055,Casas del Monte,27.8445059,768.0,0,0,0.0,0.0,0,0.0,0,0,0,0,,,0,0.0,periferico
ES_10056,10056,Casas de Millán,3.6224859,554.0,0,0,0.0,0.0,0,0.0,0,0,0,0,,,0,0.0,periferico
ES_10057,10057,Casas de Miravete,2.25345653,114.0,0,0,0.0,0.0,0,0.0,0,0,0,0,,,0,0.0,periferico
ES_10058,10058,Casatejada,12.15443342,1359.0,0,0,0.0,0.0,0,0.0,0,0,0,0,,,0,0.0,periferico
ES_10059,10059,Casillas de Coria,5.5345047,343.0,0,0,0.0,0.0,0,0.0,0,0,0,0,,,0,0.0,periferico
ES_10060,10060,Castañar de Ibor,6.82958959,1005.0,0,0,0.0,0.0,0,0.0,0,0,0,0,,,0,0.0,periferico
ES_10061,10061,Ceclavín,11.15500733,1779.0,0,0,0.0,0.0,0,0.0,0,0,0,0,,,0,0.0,periferico
ES_08250,08250,Santa Margarida de Montbui,376.90475827,10418.0,0,0,0.0,0.0,0,0.0,0,0,0,0,,,0,0.0,periferico
ES_08251,08251,Santa Margarida i els Monjos,437.93350164,7629.0,0,0,0.0,0.0,0,0.0,0,0,0,0,,,0,0.0,periferico
ES_08252,08252,Barberà del Vallès,4071.71463759,33353.0,0,0,0.0,0.0,0,0.0,0,0,0,0,,,0,0.0,periferico
ES_08253,08253,Santa Maria de Besora,6.5790161,164.0,0,0,0.0,0.0,0,0.0,0,0,0,0,,,0,0.0,periferico
ES_08254,08254,"Esquirol, L'",36.60524603,2265.0,0,0,0.0,0.0,0,0.0,0,0,0,0,,,0,0.0,periferico
ES_08257,08257,Santa Maria de Miralles,5.4555837,138.0,0,0,0.0,0.0,0,0.0,0,0,0,0,,,0,0.0,periferico
ES_08258,08258,Santa Maria d'Oló,16.45038308,1084.0,0,0,0.0,0.0,0,0.0,0,0,0,0,,,0,0.0,periferico
ES_08259,08259,Santa Maria de Palautordera,581.38575762,9853.0,0,0,0.0,0.0,0,0.0,0,0,0,0,,,0,0.0,periferico
ES_09173,09173,Huerta de Arriba,3.76899552,125.0,0,0,0.0,0.0,0,0.0,0,0,0,0,,,0,0.0,periferico
ES_09175,09175,Humada,1.35022626,115.0,0,0,0.0,0.0,0,0.0,0,0,0,0,,,0,0.0,periferico
ES_09176,09176,Hurones,6.50760215,54.0,0,0,0.0,0.0,0,0.0,0,0,0,0,,,0,0.0,periferico
ES_09177,09177,Ibeas de Juarros,10.87934824,1417.0,0,0,0.0,0.0,0,0.0,0,0,0,0,,,0,0.0,periferico
ES_09178,09178,Ibrillos,5.85600727,33.0,0,0,0.0,0.0,0,0.0,0,0,0,0,,,0,0.0,periferico
ES_09179,09179,Iglesiarrubia,3.12989881,47.0,0,0,0.0,0.0,0,0.0,0,0,0,0,,,0,0.0,periferico
ES_09180,09180,Iglesias,4.16687367,144.0,0,0,0.0,0.0,0,0.0,0,0,0,0,,,0,0.0,periferico
ES_09181,09181,Isar,4.26117037,283.0,0,0,0.0,0.0,0,0.0,0,0,0,0,,,0,0.0,periferico
ES_09182,09182,Itero del Castillo,4.60773181,78.0,0,0,0.0,0.0,0,0.0,0,0,0,0,,,0,0.0,periferico
ES_09183,09183,Jaramillo de la Fuente,1.94577006,42.0,0,0,0.0,0.0,0,0.0,0,0,0,0,,,0,0.0,periferico
ES_09184,09184,Jaramillo Quemado,0.57347456,10.0,0,0,0.0,0.0,0,0.0,0,0,0,0,,,0,0.0,periferico
ES_10066,10066,Conquista de la Sierra,4.59927599,192.0,0,0,0.0,0.0,0,0.0,0,0,0,0,,,0,0.0,periferico
ES_10067,10067,Coria,117.47787771,12159.0,0,0,0.0,0.0,0,0.0,0,0,0,0,,,0,0.0,periferico
ES_10068,10068,Cuacos de Yuste,15.83754857,834.0,0,0,0.0,0.0,0,0.0,0,0,0,0,,,0,0.0,periferico
ES_10069,10069,"Cumbre, La",7.40795896,841.0,0,0,0.0,0.0,0,0.0,0,0,0,0,,,0,0.0,periferico
ES_10070,10070,Deleitosa,4.66500453,673.0,0,0,0.0,0.0,0,0.0,0,0,0,0,,,0,0.0,periferico
ES_10071,10071,Descargamaría,1.96606756,104.0,0,0,0.0,0.0,0,0.0,0,0,0,0,,,0,0.0,periferico
ES_10073,10073,Escurial,8.62939099,869.0,0,0,0.0,0.0,0,0.0,0,0,0,0,,,0,0.0,periferico
ES_08262,08262,Sant Vicenç de Castellet,578.51604063,10061.0,0,0,0.0,0.0,0,0.0,0,0,0,0,,,0,0.0,periferico
ES_08263,08263,Sant Vicenç dels Horts,3062.56113842,28422.0,0,0,0.0,0.0,0,0.0,0,0,0,0,,,0,0.0,periferico
ES_08265,08265,Sant Vicenç de Torelló,313.90261257,2071.0,0,0,0.0,0.0,0,0.0,0,0,0,0,,,0,0.0,periferico
ES_08266,08266,Cerdanyola del Vallès,1872.45831442,57752.0,0,0,0.0,0.0,0,0.0,0,0,0,0,,,0,0.0,periferico
ES_08267,08267,Sentmenat,332.63608237,9461.0,0,0,0.0,0.0,0,0.0,0,0,0,0,,,0,0.0,periferico
ES_08268,08268,Cercs,25.42595068,1197.0,0,0,0.0,0.0,0,0.0,0,0,0,0,,,0,0.0,periferico
ES_08269,08269,Seva,124.14068674,3775.0,0,0,0.0,0.0,0,0.0,0,0,0,0,,,0,0.0,periferico
ES_08270,08270,Sitges,733.96692285,32086.0,0,0,0.0,0.0,0,0.0,0,0,0,0,,,0,0.0,periferico
ES_08272,08272,Sora,7.02787695,217.0,0,0,0.0,0.0,0,0.0,0,0,0,0,,,0,0.0,periferico
ES_08273,08273,Subirats,58.14815168,3245.0,0,0,0.0,0.0,0,0.0,0,0,0,0,,,0,0.0,periferico
ES_08274,08274,Súria,255.58190294,6035.0,0,0,0.0,0.0,0,0.0,0,0,0,0,,,0,0.0,periferico
ES_09189,09189,Junta de Traslaloma,1.63671574,124.0,0,0,0.0,0.0,0,0.0,0,0,0,0,,,0,0.0,periferico
ES_09190,09190,Junta de Villalba de Losa,1.77226748,81.0,0,0,0.0,0.0,0,0.0,0,0,0,0,,,0,0.0,periferico
ES_09192,09192,Jurisdicción de San Zadornil,2.19497543,68.0,0,0,0.0,0.0,0,0.0,0,0,0,0,,,0,0.0,periferico
ES_09195,09195,Llano de Bureba,3.16221489,48.0,0,0,0.0,0.0,0,0.0,0,0,0,0,,,0,0.0,periferico
ES_09196,09196,Madrigal del Monte,5.54204328,149.0,0,0,0.0,0.0,0,0.0,0,0,0,0,,,0,0.0,periferico
ES_09197,09197,Madrigalejo del Monte,7.42452204,189.0,0,0,0.0,0.0,0,0.0,0,0,0,0,,,0,0.0,periferico
ES_09199,09199,Mambrilla de Castrejón,7.04227511,113.0,0,0,0.0,0.0,0,0.0,0,0,0,0,,,0,0.0,periferico
ES_09200,09200,Mambrillas de Lara,1.61468401,55.0,0,0,0.0,0.0,0,0.0,0,0,0,0,,,0,0.0,periferico
ES_09201,09201,Mamolar,1.58385205,29.0,0,0,0.0,0.0,0,0.0,0,0,0,0,,,0,0.0,periferico
ES_10075,10075,Fresnedoso de Ibor,4.39717595,240.0,0,0,0.0,0.0,0,0.0,0,0,0,0,,,0,0.0,periferico
ES_10076,10076,Galisteo,13.25360986,868.0,0,0,0.0,0.0,0,0.0,0,0,0,0,,,0,0.0,periferico
ES_10077,10077,Garciaz,4.57227228,687.0,0,0,0.0,0.0,0,0.0,0,0,0,0,,,0,0.0,periferico
ES_10078,10078,"Garganta, La",14.71946812,354.0,0,0,0.0,0.0,0,0.0,0,0,0,0,,,0,0.0,periferico
ES_10079,10079,Garganta la Olla,18.75322306,901.0,0,0,0.0,0.0,0,0.0,0,0,0,0,,,0,0.0,periferico
ES_10080,10080,Gargantilla,17.82885425,372.0,0,0,0.0,0.0,0,0.0,0,0,0,0,,,0,0.0,periferico
ES_10081,10081,Gargüera,3.48862528,180.0,0,0,0.0,0.0,0,0.0,0,0,0,0,,,0,0.0,periferico
ES_10082,10082,Garrovillas de Alconétar,9.56818557,1979.0,0,0,0.0,0.0,0,0.0,0,0,0,0,,,0,0.0,periferico
ES_10083,10083,Garvín,2.77132969,106.0,0,0,0.0,0.0,0,0.0,0,0,0,0,,,0,0.0,periferico
ES_10085,10085,"Gordo, El",4.81728715,371.0,0,0,0.0,0.0,0,0.0,0,0,0,0,,,0,0.0,periferico
ES_10086,10086,"Granja, La",21.32185681,319.0,0,0,0.0,0.0,0,0.0,0,0,0,0,,,0,0.0,periferico
ES_08275,08275,Tavèrnoles,17.91820754,339.0,0,0,0.0,0.0,0,0.0,0,0,0,0,,,0,0.0,periferico
ES_08277,08277,Talamanca,7.607199,223.0,0,0,0.0,0.0,0,0.0,0,0,0,0,,,0,0.0,periferico
ES_08278,08278,Taradell,255.64761385,6797.0,0,0,0.0,0.0,0,0.0,0,0,0,0,,,0,0.0,periferico
ES_08279,08279,Terrassa,3213.42417227,225274.0,0,0,0.0,0.0,0,0.0,0,0,0,0,,,0,0.0,periferico
ES_08280,08280,Tavertet,3.84142665,126.0,0,0,0.0,0.0,0,0.0,0,0,0,0,,,0,0.0,periferico
ES_08283,08283,Tona,512.74371591,8440.0,0,0,0.0,0.0,0,0.0,0,0,0,0,,,0,0.0,periferico
ES_08284,08284,Tordera,217.97237312,18421.0,0,0,0.0,0.0,0,0.0,0,0,0,0,,,0,0.0,periferico
ES_08285,08285,Torelló,1103.95836709,14922.0,0,0,0.0,0.0,0,0.0,0,0,0,0,,,0,0.0,periferico
ES_08286,08286,"Torre de Claramunt, La",268.87259032,4020.0,0,0,0.0,0.0,0,0.0,0,0,0,0,,,0,0.0,periferico
ES_08287,08287,Torrelavit,62.99861331,1494.0,0,0,0.0,0.0,0,0.0,0,0,0,0,,,0,0.0,periferico
ES_09202,09202,Manciles,3.5058055,23.0,0,0,0.0,0.0,0,0.0,0,0,0,0,,,0,0.0,periferico
ES_09206,09206,Mazuela,4.09844792,55.0,0,0,0.0,0.0,0,0.0,0,0,0,0,,,0,0.0,periferico
ES_09209,09209,Medina de Pomar,27.32315646,5853.0,0,0,0.0,0.0,0,0.0,0,0,0,0,,,0,0.0,periferico
ES_09211,09211,Melgar de Fernamental,14.11463925,1533.0,0,0,0.0,0.0,0,0.0,0,0,0,0,,,0,0.0,periferico
ES_09213,09213,Merindad de Cuesta-Urria,2.24711138,274.0,0,0,0.0,0.0,0,0.0,0,0,0,0,,,0,0.0,periferico
ES_09214,09214,Merindad de Montija,7.40093074,741.0,0,0,0.0,0.0,0,0.0,0,0,0,0,,,0,0.0,periferico
ES_09215,09215,Merindad de Sotoscueva,2.78472993,427.0,0,0,0.0,0.0,0,0.0,0,0,0,0,,,0,0.0,periferico
ES_09216,09216,Merindad de Valdeporres,3.4785211,418.0,0,0,0.0,0.0,0,0.0,0,0,0,0,,,0,0.0,periferico
ES_09217,09217,Merindad de Valdivielso,3.12919241,404.0,0,0,0.0,0.0,0,0.0,0,0,0,0,,,0,0.0,periferico
ES_09219,09219,Miranda de Ebro,351.22172472,35587.0,0,0,0.0,0.0,0,0.0,0,0,0,0,,,0,0.0,periferico
ES_18069,18069,Dólar,7.95278023,625.0,0,0,0.0,0.0,0,0.0,0,0,0,0,,,0,0.0,periferico
ES_18070,18070,Dúdar,45.24148524,379.0,0,0,0.0,0.0,0,0.0,0,0,0,0,,,0,0.0,periferico
ES_18071,18071,Dúrcal,94.5623496,7245.0,0,0,0.0,0.0,0,0.0,0,0,0,0,,,0,0.0,periferico
ES_18072,18072,Escúzar,18.08296465,839.0,0,0,0.0,0.0,0,0.0,0,0,0,0,,,0,0.0,periferico
ES_16100,16100,"Hinojosos, Los",6.43173916,733.0,0,0,0.0,0.0,0,0.0,0,0,0,0,,,0,0.0,periferico
ES_16101,16101,"Hito, El",3.53904018,146.0,0,0,0.0,0.0,0,0.0,0,0,0,0,,,0,0.0,periferico
ES_16102,16102,Honrubia,14.20565734,1568.0,0,0,0.0,0.0,0,0.0,0,0,0,0,,,0,0.0,periferico
ES_16103,16103,Hontanaya,4.96247808,266.0,0,0,0.0,0.0,0,0.0,0,0,0,0,,,0,0.0,periferico
ES_16104,16104,Hontecillas,1.6156948,56.0,0,0,0.0,0.0,0,0.0,0,0,0,0,,,0,0.0,periferico
ES_16106,16106,Horcajo de Santiago,38.76968152,3722.0,0,0,0.0,0.0,0,0.0,0,0,0,0,,,0,0.0,periferico
ES_16107,16107,Huélamo,1.02247387,81.0,0,0,0.0,0.0,0,0.0,0,0,0,0,,,0,0.0,periferico
ES_10087,10087,Guadalupe,26.13893635,1782.0,0,0,0.0,0.0,0,0.0,0,0,0,0,,,0,0.0,periferico
ES_10088,10088,Guijo de Coria,2.676397,200.0,0,0,0.0,0.0,0,0.0,0,0,0,0,,,0,0.0,periferico
ES_10089,10089,Guijo de Galisteo,24.2894068,1512.0,0,0,0.0,0.0,0,0.0,0,0,0,0,,,0,0.0,periferico
ES_10090,10090,Guijo de Granadilla,6.59365112,494.0,0,0,0.0,0.0,0,0.0,0,0,0,0,,,0,0.0,periferico
ES_10091,10091,Guijo de Santa Bárbara,10.94280745,378.0,0,0,0.0,0.0,0,0.0,0,0,0,0,,,0,0.0,periferico
ES_10092,10092,Herguijuela,6.43421492,270.0,0,0,0.0,0.0,0,0.0,0,0,0,0,,,0,0.0,periferico
ES_10093,10093,Hernán-Pérez,11.66659169,417.0,0,0,0.0,0.0,0,0.0,0,0,0,0,,,0,0.0,periferico
ES_10094,10094,Herrera de Alcántara,1.88221409,229.0,0,0,0.0,0.0,0,0.0,0,0,0,0,,,0,0.0,periferico
ES_10095,10095,Herreruela,2.86730152,326.0,0,0,0.0,0.0,0,0.0,0,0,0,0,,,0,0.0,periferico
ES_10097,10097,Higuera de Albalat,2.59014713,105.0,0,0,0.0,0.0,0,0.0,0,0,0,0,,,0,0.0,periferico
ES_10098,10098,Hinojal,6.16286787,391.0,0,0,0.0,0.0,0,0.0,0,0,0,0,,,0,0.0,periferico
ES_10099,10099,Holguera,16.33061516,607.0,0,0,0.0,0.0,0,0.0,0,0,0,0,,,0,0.0,periferico
ES_08288,08288,Torrelles de Foix,70.26135974,2614.0,0,0,0.0,0.0,0,0.0,0,0,0,0,,,0,0.0,periferico
ES_08289,08289,Torrelles de Llobregat,454.42436863,6217.0,0,0,0.0,0.0,0,0.0,0,0,0,0,,,0,0.0,periferico
ES_08290,08290,Ullastrell,290.79849685,2169.0,0,0,0.0,0.0,0,0.0,0,0,0,0,,,0,0.0,periferico
ES_08292,08292,Vallbona d'Anoia,222.26856415,1428.0,0,0,0.0,0.0,0,0.0,0,0,0,0,,,0,0.0,periferico
ES_08293,08293,Vallcebre,9.76535428,274.0,0,0,0.0,0.0,0,0.0,0,0,0,0,,,0,0.0,periferico
ES_08294,08294,Vallgorguina,143.55385094,3208.0,0,0,0.0,0.0,0,0.0,0,0,0,0,,,0,0.0,periferico
ES_08296,08296,Vallromanes,255.07934154,2709.0,0,0,0.0,0.0,0,0.0,0,0,0,0,,,0,0.0,periferico
ES_08297,08297,Veciana,4.71745817,184.0,0,0,0.0,0.0,0,0.0,0,0,0,0,,,0,0.0,periferico
ES_08298,08298,Vic,1562.60110409,48235.0,0,0,0.0,0.0,0,0.0,0,0,0,0,,,0,0.0,periferico
ES_08299,08299,Vilada,19.33944464,430.0,0,0,0.0,0.0,0,0.0,0,0,0,0,,,0,0.0,periferico
ES_09220,09220,Miraveche,4.14379382,94.0,0,0,0.0,0.0,0,0.0,0,0,0,0,,,0,0.0,periferico
ES_09221,09221,Modúbar de la Emparedada,66.16883495,777.0,0,0,0.0,0.0,0,0.0,0,0,0,0,,,0,0.0,periferico
ES_09223,09223,Monasterio de la Sierra,6.59981267,39.0,0,0,0.0,0.0,0,0.0,0,0,0,0,,,0,0.0,periferico
ES_09224,09224,Monasterio de Rodilla,4.22704699,157.0,0,0,0.0,0.0,0,0.0,0,0,0,0,,,0,0.0,periferico
ES_09225,09225,Moncalvillo,3.17848584,85.0,0,0,0.0,0.0,0,0.0,0,0,0,0,,,0,0.0,periferico
ES_09227,09227,Montorio,6.41811194,151.0,0,0,0.0,0.0,0,0.0,0,0,0,0,,,0,0.0,periferico
ES_09228,09228,Moradillo de Roa,12.10475266,167.0,0,0,0.0,0.0,0,0.0,0,0,0,0,,,0,0.0,periferico
ES_09229,09229,Nava de Roa,9.18538521,205.0,0,0,0.0,0.0,0,0.0,0,0,0,0,,,0,0.0,periferico
ES_09230,09230,Navas de Bureba,2.95779478,26.0,0,0,0.0,0.0,0,0.0,0,0,0,0,,,0,0.0,periferico
ES_09232,09232,Neila,1.80854805,124.0,0,0,0.0,0.0,0,0.0,0,0,0,0,,,0,0.0,periferico
ES_09235,09235,Olmedillo de Roa,6.99154892,182.0,0,0,0.0,0.0,0,0.0,0,0,0,0,,,0,0.0,periferico
ES_16109,16109,Huérguina,1.71379319,48.0,0,0,0.0,0.0,0,0.0,0,0,0,0,,,0,0.0,periferico
ES_16110,16110,Huerta de la Obispalía,3.41466259,143.0,0,0,0.0,0.0,0,0.0,0,0,0,0,,,0,0.0,periferico
ES_16112,16112,Huete,4.65035508,1756.0,0,0,0.0,0.0,0,0.0,0,0,0,0,,,0,0.0,periferico
ES_16113,16113,Iniesta,19.02193651,4417.0,0,0,0.0,0.0,0,0.0,0,0,0,0,,,0,0.0,periferico
ES_16115,16115,Laguna del Marquesado,1.52770078,58.0,0,0,0.0,0.0,0,0.0,0,0,0,0,,,0,0.0,periferico
ES_16116,16116,Lagunaseca,1.48530413,51.0,0,0,0.0,0.0,0,0.0,0,0,0,0,,,0,0.0,periferico
ES_16117,16117,Landete,15.69339407,1245.0,0,0,0.0,0.0,0,0.0,0,0,0,0,,,0,0.0,periferico
ES_16118,16118,Ledaña,25.10988982,1645.0,0,0,0.0,0.0,0,0.0,0,0,0,0,,,0,0.0,periferico
ES_16122,16122,Mariana,8.04828357,322.0,0,0,0.0,0.0,0,0.0,0,0,0,0,,,0,0.0,periferico
ES_10100,10100,Hoyos,56.75688031,856.0,0,0,0.0,0.0,0,0.0,0,0,0,0,,,0,0.0,periferico
ES_10101,10101,Huélaga,19.53063198,210.0,0,0,0.0,0.0,0,0.0,0,0,0,0,,,0,0.0,periferico
ES_10102,10102,Ibahernando,6.93048184,533.0,0,0,0.0,0.0,0,0.0,0,0,0,0,,,0,0.0,periferico
ES_10104,10104,Jaraíz de la Vera,106.4270382,6654.0,0,0,0.0,0.0,0,0.0,0,0,0,0,,,0,0.0,periferico
ES_10105,10105,Jarandilla de la Vera,46.15910885,2837.0,0,0,0.0,0.0,0,0.0,0,0,0,0,,,0,0.0,periferico
ES_10106,10106,Jarilla,4.85870717,139.0,0,0,0.0,0.0,0,0.0,0,0,0,0,,,0,0.0,periferico
ES_10107,10107,Jerte,20.95662567,1235.0,0,0,0.0,0.0,0,0.0,0,0,0,0,,,0,0.0,periferico
ES_10108,10108,Ladrillar,3.65281198,194.0,0,0,0.0,0.0,0,0.0,0,0,0,0,,,0,0.0,periferico
ES_10110,10110,Losar de la Vera,33.48082439,2749.0,0,0,0.0,0.0,0,0.0,0,0,0,0,,,0,0.0,periferico
ES_10111,10111,Madrigal de la Vera,36.97181906,1541.0,0,0,0.0,0.0,0,0.0,0,0,0,0,,,0,0.0,periferico
ES_08300,08300,Viladecavalls,389.13121779,7794.0,0,0,0.0,0.0,0,0.0,0,0,0,0,,,0,0.0,periferico
ES_08302,08302,Vilanova del Camí,1215.85322166,12757.0,0,0,0.0,0.0,0,0.0,0,0,0,0,,,0,0.0,periferico
ES_08303,08303,Vilanova de Sau,5.32591826,309.0,0,0,0.0,0.0,0,0.0,0,0,0,0,,,0,0.0,periferico
ES_08304,08304,Vilobí del Penedès,122.19296557,1142.0,0,0,0.0,0.0,0,0.0,0,0,0,0,,,0,0.0,periferico
ES_08305,08305,Vilafranca del Penedès,2038.4520538,40596.0,0,0,0.0,0.0,0,0.0,0,0,0,0,,,0,0.0,periferico
ES_08306,08306,Vilalba Sasserra,128.89393521,753.0,0,0,0.0,0.0,0,0.0,0,0,0,0,,,0,0.0,periferico
ES_08308,08308,Viver i Serrateix,2.58886707,174.0,0,0,0.0,0.0,0,0.0,0,0,0,0,,,0,0.0,periferico
ES_08901,08901,Rupit i Pruit,5.6257513,276.0,0,0,0.0,0.0,0,0.0,0,0,0,0,,,0,0.0,periferico
ES_08902,08902,Vilanova del Vallès,361.697457,5608.0,0,0,0.0,0.0,0,0.0,0,0,0,0,,,0,0.0,periferico
ES_09236,09236,Olmillos de Muñó,4.96587329,35.0,0,0,0.0,0.0,0,0.0,0,0,0,0,,,0,0.0,periferico
ES_09238,09238,Oña,5.98178845,967.0,0,0,0.0,0.0,0,0.0,0,0,0,0,,,0,0.0,periferico
ES_09239,09239,Oquillas,3.20419379,48.0,0,0,0.0,0.0,0,0.0,0,0,0,0,,,0,0.0,periferico
ES_09241,09241,Orbaneja Riopico,38.24111817,357.0,0,0,0.0,0.0,0,0.0,0,0,0,0,,,0,0.0,periferico
ES_09243,09243,Padilla de Arriba,3.84256003,89.0,0,0,0.0,0.0,0,0.0,0,0,0,0,,,0,0.0,periferico
ES_09244,09244,Padrones de Bureba,3.40067035,69.0,0,0,0.0,0.0,0,0.0,0,0,0,0,,,0,0.0,periferico
ES_09246,09246,Palacios de la Sierra,9.82871602,692.0,0,0,0.0,0.0,0,0.0,0,0,0,0,,,0,0.0,periferico
ES_09247,09247,Palacios de Riopisuerga,1.84054273,19.0,0,0,0.0,0.0,0,0.0,0,0,0,0,,,0,0.0,periferico
ES_09248,09248,Palazuelos de la Sierra,6.03555063,95.0,0,0,0.0,0.0,0,0.0,0,0,0,0,,,0,0.0,periferico
ES_09249,09249,Palazuelos de Muñó,6.33641461,55.0,0,0,0.0,0.0,0,0.0,0,0,0,0,,,0,0.0,periferico
ES_16123,16123,Masegosa,2.04520874,63.0,0,0,0.0,0.0,0,0.0,0,0,0,0,,,0,0.0,periferico
ES_16125,16125,Minglanilla,21.07447525,2311.0,0,0,0.0,0.0,0,0.0,0,0,0,0,,,0,0.0,periferico
ES_16126,16126,Mira,4.33229252,922.0,0,0,0.0,0.0,0,0.0,0,0,0,0,,,0,0.0,periferico
ES_16128,16128,Monreal del Llano,1.17917228,46.0,0,0,0.0,0.0,0,0.0,0,0,0,0,,,0,0.0,periferico
ES_16131,16131,Monteagudo de las Salinas,1.04623218,138.0,0,0,0.0,0.0,0,0.0,0,0,0,0,,,0,0.0,periferico
ES_16132,16132,Mota de Altarejos,1.71254423,29.0,0,0,0.0,0.0,0,0.0,0,0,0,0,,,0,0.0,periferico
ES_16133,16133,Mota del Cuervo,34.51688468,6084.0,0,0,0.0,0.0,0,0.0,0,0,0,0,,,0,0.0,periferico
ES_16134,16134,Motilla del Palancar,83.43137735,6168.0,0,0,0.0,0.0,0,0.0,0,0,0,0,,,0,0.0,periferico
ES_10187,10187,Torre de Don Miguel,41.8436177,483.0,0,0,0.0,0.0,0,0.0,0,0,0,0,,,0,0.0,periferico
ES_10189,10189,Torrejoncillo,29.91088698,2827.0,0,0,0.0,0.0,0,0.0,0,0,0,0,,,0,0.0,periferico
ES_12072,12072,Llucena,9.98272126,1368.0,0,0,0.0,0.0,0,0.0,0,0,0,0,,,0,0.0,periferico
ES_12073,12073,Ludiente,4.94359683,155.0,0,0,0.0,0.0,0,0.0,0,0,0,0,,,0,0.0,periferico
ES_12074,12074,"Llosa, la",99.80556979,1003.0,0,0,0.0,0.0,0,0.0,0,0,0,0,,,0,0.0,periferico
ES_12075,12075,"Mata de Morella, la",11.72597721,178.0,0,0,0.0,0.0,0,0.0,0,0,0,0,,,0,0.0,periferico
ES_12076,12076,Matet,5.64551839,84.0,0,0,0.0,0.0,0,0.0,0,0,0,0,,,0,0.0,periferico
ES_12077,12077,Moncofa,533.7024898,7771.0,0,0,0.0,0.0,0,0.0,0,0,0,0,,,0,0.0,periferico
ES_12078,12078,Montán,11.75777505,401.0,0,0,0.0,0.0,0,0.0,0,0,0,0,,,0,0.0,periferico
ES_12079,12079,Montanejos,16.360007,618.0,0,0,0.0,0.0,0,0.0,0,0,0,0,,,0,0.0,periferico
ES_14029,14029,Fuente Obejuna,7.48095975,4424.0,0,0,0.0,0.0,0,0.0,0,0,0,0,,,0,0.0,periferico
ES_14030,14030,Fuente Palmera,152.19205408,9952.0,0,0,0.0,0.0,0,0.0,0,0,0,0,,,0,0.0,periferico
ES_14031,14031,Fuente-Tójar,29.3285385,694.0,0,0,0.0,0.0,0,0.0,0,0,0,0,,,0,0.0,periferico
ES_14032,14032,"Granjuela, La",7.33438847,412.0,0,0,0.0,0.0,0,0.0,0,0,0,0,,,0,0.0,periferico
ES_14033,14033,Guadalcázar,21.19655454,1534.0,0,0,0.0,0.0,0,0.0,0,0,0,0,,,0,0.0,periferico
ES_14034,14034,"Guijo, El",5.04580813,340.0,0,0,0.0,0.0,0,0.0,0,0,0,0,,,0,0.0,periferico
ES_14035,14035,Hinojosa del Duque,12.37720022,6578.0,0,0,0.0,0.0,0,0.0,0,0,0,0,,,0,0.0,periferico
ES_14037,14037,Iznájar,27.86522648,3804.0,0,0,0.0,0.0,0,0.0,0,0,0,0,,,0,0.0,periferico
ES_14038,14038,Lucena,121.70085604,42856.0,0,0,0.0,0.0,0,0.0,0,0,0,0,,,0,0.0,periferico
ES_14039,14039,Luque,20.35075752,2863.0,0,0,0.0,0.0,0,0.0,0,0,0,0,,,0,0.0,periferico
ES_17128,17128,Pau,53.40668081,557.0,0,0,0.0,0.0,0,0.0,0,0,0,0,,,0,0.0,periferico
ES_17129,17129,Pedret i Marzà,20.967982,181.0,0,0,0.0,0.0,0,0.0,0,0,0,0,,,0,0.0,periferico
ES_17130,17130,"Pera, La",37.96739428,452.0,0,0,0.0,0.0,0,0.0,0,0,0,0,,,0,0.0,periferico
ES_17132,17132,Peralada,46.24640587,2024.0,0,0,0.0,0.0,0,0.0,0,0,0,0,,,0,0.0,periferico
ES_17133,17133,"Planes d'Hostoles, Les",46.82112012,1755.0,0,0,0.0,0.0,0,0.0,0,0,0,0,,,0,0.0,periferico
ES_17134,17134,Planoles,16.73214484,314.0,0,0,0.0,0.0,0,0.0,0,0,0,0,,,0,0.0,periferico
ES_17135,17135,Pont de Molins,64.66271865,558.0,0,0,0.0,0.0,0,0.0,0,0,0,0,,,0,0.0,periferico
ES_17136,17136,Pontós,20.88728444,282.0,0,0,0.0,0.0,0,0.0,0,0,0,0,,,0,0.0,periferico
ES_17137,17137,Porqueres,139.84115368,4717.0,0,0,0.0,0.0,0,0.0,0,0,0,0,,,0,0.0,periferico
ES_17177,17177,Sant Pau de Segúries,84.44243954,742.0,0,0,0.0,0.0,0,0.0,0,0,0,0,,,0,0.0,periferico
ES_17178,17178,Sant Pere Pescador,115.67006768,2121.0,0,0,0.0,0.0,0,0.0,0,0,0,0,,,0,0.0,periferico
ES_17180,17180,Santa Coloma de Farners,194.9282186,13787.0,0,0,0.0,0.0,0,0.0,0,0,0,0,,,0,0.0,periferico
ES_17181,17181,Santa Cristina d'Aro,83.31694751,5656.0,0,0,0.0,0.0,0,0.0,0,0,0,0,,,0,0.0,periferico
ES_17182,17182,Santa Llogaia d'Àlguema,205.67211385,396.0,0,0,0.0,0.0,0,0.0,0,0,0,0,,,0,0.0,periferico
ES_17183,17183,Sant Aniol de Finestres,7.50641706,364.0,0,0,0.0,0.0,0,0.0,0,0,0,0,,,0,0.0,periferico
ES_17184,17184,Santa Pau,33.20498758,1614.0,0,0,0.0,0.0,0,0.0,0,0,0,0,,,0,0.0,periferico
ES_17185,17185,Sant Joan les Fonts,96.3157133,3081.0,0,0,0.0,0.0,0,0.0,0,0,0,0,,,0,0.0,periferico
ES_17186,17186,Sarrià de Ter,1255.44146512,5335.0,0,0,0.0,0.0,0,0.0,0,0,0,0,,,0,0.0,periferico
ES_17188,17188,"Selva de Mar, La",30.91826654,221.0,0,0,0.0,0.0,0,0.0,0,0,0,0,,,0,0.0,periferico
ES_17189,17189,"Cellera de Ter, La",137.32251674,2013.0,0,0,0.0,0.0,0,0.0,0,0,0,0,,,0,0.0,periferico
ES_17190,17190,Serinyà,67.57116546,1163.0,0,0,0.0,0.0,0,0.0,0,0,0,0,,,0,0.0,periferico
ES_12083,12083,Olocau del Rey,2.84246434,125.0,0,0,0.0,0.0,0,0.0,0,0,0,0,,,0,0.0,periferico
ES_12085,12085,Orpesa,411.18916063,10867.0,0,0,0.0,0.0,0,0.0,0,0,0,0,,,0,0.0,periferico
ES_12092,12092,Puebla de Arenoso,3.97014398,169.0,0,0,0.0,0.0,0,0.0,0,0,0,0,,,0,0.0,periferico
ES_12093,12093,"Pobla de Benifassà, la",1.72552024,235.0,0,0,0.0,0.0,0,0.0,0,0,0,0,,,0,0.0,periferico
ES_12094,12094,"Pobla Tornesa, la",51.17112028,1316.0,0,0,0.0,0.0,0,0.0,0,0,0,0,,,0,0.0,periferico
ES_12095,12095,Ribesalbes,133.46162367,1140.0,0,0,0.0,0.0,0,0.0,0,0,0,0,,,0,0.0,periferico
ES_14040,14040,Montalbán de Córdoba,131.08298018,4472.0,0,0,0.0,0.0,0,0.0,0,0,0,0,,,0,0.0,periferico
ES_14041,14041,Montemayor,66.58034691,3894.0,0,0,0.0,0.0,0,0.0,0,0,0,0,,,0,0.0,periferico
ES_14044,14044,Monturque,59.28948601,1930.0,0,0,0.0,0.0,0,0.0,0,0,0,0,,,0,0.0,periferico
ES_14046,14046,Nueva Carteya,76.63906758,5318.0,0,0,0.0,0.0,0,0.0,0,0,0,0,,,0,0.0,periferico
ES_14047,14047,Obejo,9.69510284,2082.0,0,0,0.0,0.0,0,0.0,0,0,0,0,,,0,0.0,periferico
ES_14050,14050,Pedro Abad,119.32599331,2798.0,0,0,0.0,0.0,0,0.0,0,0,0,0,,,0,0.0,periferico
ES_14051,14051,Pedroche,12.20823113,1485.0,0,0,0.0,0.0,0,0.0,0,0,0,0,,,0,0.0,periferico
ES_14052,14052,Peñarroya-Pueblonuevo,158.99203431,10323.0,0,0,0.0,0.0,0,0.0,0,0,0,0,,,0,0.0,periferico
ES_17143,17143,Rabós,4.85833081,219.0,0,0,0.0,0.0,0,0.0,0,0,0,0,,,0,0.0,periferico
ES_17144,17144,Regencós,43.07040536,269.0,0,0,0.0,0.0,0,0.0,0,0,0,0,,,0,0.0,periferico
ES_17145,17145,Ribes de Freser,44.14874753,1836.0,0,0,0.0,0.0,0,0.0,0,0,0,0,,,0,0.0,periferico
ES_17146,17146,Riells i Viabrea,163.48928298,4427.0,0,0,0.0,0.0,0,0.0,0,0,0,0,,,0,0.0,periferico
ES_17147,17147,Ripoll,146.80218395,10818.0,0,0,0.0,0.0,0,0.0,0,0,0,0,,,0,0.0,periferico
ES_15028,15028,Corcubión,254.27545628,1655.0,0,0,0.0,0.0,0,0.0,0,0,0,0,,,0,0.0,periferico
ES_15029,15029,Coristanco,40.94330588,5778.0,0,0,0.0,0.0,0,0.0,0,0,0,0,,,0,0.0,periferico
ES_17191,17191,Serra de Daró,29.52054155,238.0,0,0,0.0,0.0,0,0.0,0,0,0,0,,,0,0.0,periferico
ES_17192,17192,Setcases,3.82116578,187.0,0,0,0.0,0.0,0,0.0,0,0,0,0,,,0,0.0,periferico
ES_17193,17193,Sils,219.96943377,6616.0,0,0,0.0,0.0,0,0.0,0,0,0,0,,,0,0.0,periferico
ES_17194,17194,Susqueda,1.90227927,97.0,0,0,0.0,0.0,0,0.0,0,0,0,0,,,0,0.0,periferico
ES_17196,17196,Terrades,16.69150552,347.0,0,0,0.0,0.0,0,0.0,0,0,0,0,,,0,0.0,periferico
ES_17197,17197,Torrent,21.34671237,170.0,0,0,0.0,0.0,0,0.0,0,0,0,0,,,0,0.0,periferico
ES_17198,17198,Torroella de Fluvià,45.32097972,769.0,0,0,0.0,0.0,0,0.0,0,0,0,0,,,0,0.0,periferico
ES_17199,17199,Torroella de Montgrí,184.9459736,12232.0,0,0,0.0,0.0,0,0.0,0,0,0,0,,,0,0.0,periferico
ES_17200,17200,Tortellà,74.01084524,815.0,0,0,0.0,0.0,0,0.0,0,0,0,0,,,0,0.0,periferico
ES_17203,17203,Ultramort,50.47234419,223.0,0,0,0.0,0.0,0,0.0,0,0,0,0,,,0,0.0,periferico
ES_12096,12096,Rossell,11.90016914,891.0,0,0,0.0,0.0,0,0.0,0,0,0,0,,,0,0.0,periferico
ES_12097,12097,Sacañet,2.78886051,85.0,0,0,0.0,0.0,0,0.0,0,0,0,0,,,0,0.0,periferico
ES_12098,12098,"Salzadella, la",13.30762447,664.0,0,0,0.0,0.0,0,0.0,0,0,0,0,,,0,0.0,periferico
ES_12099,12099,Sant Jordi,35.18849805,1283.0,0,0,0.0,0.0,0,0.0,0,0,0,0,,,0,0.0,periferico
ES_12100,12100,Sant Mateu,30.6276816,1980.0,0,0,0.0,0.0,0,0.0,0,0,0,0,,,0,0.0,periferico
ES_12103,12103,"Serratella, la",5.85725834,110.0,0,0,0.0,0.0,0,0.0,0,0,0,0,,,0,0.0,periferico
ES_12104,12104,Segorbe,89.11449923,9468.0,0,0,0.0,0.0,0,0.0,0,0,0,0,,,0,0.0,periferico
ES_12105,12105,Sierra Engarcerán,12.751737,1045.0,0,0,0.0,0.0,0,0.0,0,0,0,0,,,0,0.0,periferico
ES_12106,12106,Soneja,51.92503001,1512.0,0,0,0.0,0.0,0,0.0,0,0,0,0,,,0,0.0,periferico
ES_12107,12107,Sot de Ferrer,54.75253531,474.0,0,0,0.0,0.0,0,0.0,0,0,0,0,,,0,0.0,periferico
ES_12108,12108,Suera,26.12039703,580.0,0,0,0.0,0.0,0,0.0,0,0,0,0,,,0,0.0,periferico
ES_14053,14053,Posadas,45.27851253,7255.0,0,0,0.0,0.0,0,0.0,0,0,0,0,,,0,0.0,periferico
ES_14054,14054,Pozoblanco,51.3199507,16933.0,0,0,0.0,0.0,0,0.0,0,0,0,0,,,0,0.0,periferico
ES_14055,14055,Priego de Córdoba,76.39096109,22020.0,0,0,0.0,0.0,0,0.0,0,0,0,0,,,0,0.0,periferico
ES_14056,14056,Puente Genil,174.62720857,29862.0,0,0,0.0,0.0,0,0.0,0,0,0,0,,,0,0.0,periferico
ES_14057,14057,"Rambla, La",55.3605644,7482.0,0,0,0.0,0.0,0,0.0,0,0,0,0,,,0,0.0,periferico
ES_14060,14060,Santaella,20.65540748,4664.0,0,0,0.0,0.0,0,0.0,0,0,0,0,,,0,0.0,periferico
ES_14061,14061,Santa Eufemia,3.78673336,711.0,0,0,0.0,0.0,0,0.0,0,0,0,0,,,0,0.0,periferico
ES_14062,14062,Torrecampo,5.10143891,1003.0,0,0,0.0,0.0,0,0.0,0,0,0,0,,,0,0.0,periferico
ES_14064,14064,Valsequillo,2.92446872,356.0,0,0,0.0,0.0,0,0.0,0,0,0,0,,,0,0.0,periferico
ES_15030,15030,"Coruña, A",6555.48812353,247350.0,0,0,0.0,0.0,0,0.0,0,0,0,0,,,0,0.0,periferico
ES_15031,15031,Culleredo,499.97879314,30863.0,0,0,0.0,0.0,0,0.0,0,0,0,0,,,0,0.0,periferico
ES_15032,15032,Curtis,35.33993086,4124.0,0,0,0.0,0.0,0,0.0,0,0,0,0,,,0,0.0,periferico
ES_15033,15033,Dodro,73.74857609,2664.0,0,0,0.0,0.0,0,0.0,0,0,0,0,,,0,0.0,periferico
ES_15034,15034,Dumbría,23.14757599,2888.0,0,0,0.0,0.0,0,0.0,0,0,0,0,,,0,0.0,periferico
ES_15035,15035,Fene,477.24036102,12561.0,0,0,0.0,0.0,0,0.0,0,0,0,0,,,0,0.0,periferico
ES_15036,15036,Ferrol,774.70262309,64005.0,0,0,0.0,0.0,0,0.0,0,0,0,0,,,0,0.0,periferico
ES_15040,15040,Laxe,80.87037977,2944.0,0,0,0.0,0.0,0,0.0,0,0,0,0,,,0,0.0,periferico
ES_15041,15041,"Laracha, A",91.74725151,11525.0,0,0,0.0,0.0,0,0.0,0,0,0,0,,,0,0.0,periferico
ES_15042,15042,Lousame,33.77566864,3163.0,0,0,0.0,0.0,0,0.0,0,0,0,0,,,0,0.0,periferico
ES_17206,17206,Urús,12.04236853,212.0,0,0,0.0,0.0,0,0.0,0,0,0,0,,,0,0.0,periferico
ES_17207,17207,"Vall d'en Bas, La",35.05685493,3177.0,0,0,0.0,0.0,0,0.0,0,0,0,0,,,0,0.0,periferico
ES_17208,17208,"Vall de Bianya, La",14.50458156,1359.0,0,0,0.0,0.0,0,0.0,0,0,0,0,,,0,0.0,periferico
ES_17209,17209,Vall-llobrega,167.31887219,923.0,0,0,0.0,0.0,0,0.0,0,0,0,0,,,0,0.0,periferico
ES_17211,17211,Verges,125.07259726,1165.0,0,0,0.0,0.0,0,0.0,0,0,0,0,,,0,0.0,periferico
ES_17212,17212,Vidrà,5.18800735,179.0,0,0,0.0,0.0,0,0.0,0,0,0,0,,,0,0.0,periferico
ES_12109,12109,Tales,58.69608137,854.0,0,0,0.0,0.0,0,0.0,0,0,0,0,,,0,0.0,periferico
ES_12110,12110,Teresa,12.46364532,248.0,0,0,0.0,0.0,0,0.0,0,0,0,0,,,0,0.0,periferico
ES_12111,12111,Tírig,10.13036497,429.0,0,0,0.0,0.0,0,0.0,0,0,0,0,,,0,0.0,periferico
ES_12112,12112,Todolella,4.31840599,147.0,0,0,0.0,0.0,0,0.0,0,0,0,0,,,0,0.0,periferico
ES_12113,12113,Toga,8.27849291,112.0,0,0,0.0,0.0,0,0.0,0,0,0,0,,,0,0.0,periferico
ES_12114,12114,Torás,15.37428989,258.0,0,0,0.0,0.0,0,0.0,0,0,0,0,,,0,0.0,periferico
ES_12115,12115,"Toro, El",2.27175533,250.0,0,0,0.0,0.0,0,0.0,0,0,0,0,,,0,0.0,periferico
ES_12116,12116,Torralba del Pinar,3.30365839,70.0,0,0,0.0,0.0,0,0.0,0,0,0,0,,,0,0.0,periferico
ES_12117,12117,Torreblanca,189.50928871,5644.0,0,0,0.0,0.0,0,0.0,0,0,0,0,,,0,0.0,periferico
ES_12118,12118,Torrechiva,9.62355843,114.0,0,0,0.0,0.0,0,0.0,0,0,0,0,,,0,0.0,periferico
ES_12119,12119,"Torre d'en Besora, la",13.31934781,164.0,0,0,0.0,0.0,0,0.0,0,0,0,0,,,0,0.0,periferico
ES_12120,12120,"Torre d'en Doménec, la",54.90043873,175.0,0,0,0.0,0.0,0,0.0,0,0,0,0,,,0,0.0,periferico
ES_12121,12121,Traiguera,22.53840463,1347.0,0,0,0.0,0.0,0,0.0,0,0,0,0,,,0,0.0,periferico
ES_14067,14067,Villafranca de Córdoba,83.4759528,4865.0,0,0,0.0,0.0,0,0.0,0,0,0,0,,,0,0.0,periferico
ES_14068,14068,Villaharta,52.33435615,626.0,0,0,0.0,0.0,0,0.0,0,0,0,0,,,0,0.0,periferico
ES_14070,14070,Villanueva del Duque,10.24791177,1407.0,0,0,0.0,0.0,0,0.0,0,0,0,0,,,0,0.0,periferico
ES_14071,14071,Villanueva del Rey,4.6383132,1001.0,0,0,0.0,0.0,0,0.0,0,0,0,0,,,0,0.0,periferico
ES_14072,14072,Villaralto,45.16917115,1092.0,0,0,0.0,0.0,0,0.0,0,0,0,0,,,0,0.0,periferico
ES_14073,14073,Villaviciosa de Córdoba,6.58702107,3088.0,0,0,0.0,0.0,0,0.0,0,0,0,0,,,0,0.0,periferico
ES_14074,14074,"Viso, El",9.84875511,2506.0,0,0,0.0,0.0,0,0.0,0,0,0,0,,,0,0.0,periferico
ES_14075,14075,Zuheros,14.71615343,621.0,0,0,0.0,0.0,0,0.0,0,0,0,0,,,0,0.0,periferico
ES_14901,14901,Fuente Carreteros,116.607189,1088.0,0,0,0.0,0.0,0,0.0,0,0,0,0,,,0,0.0,periferico
ES_15043,15043,Malpica de Bergantiños,85.76770556,5263.0,0,0,0.0,0.0,0,0.0,0,0,0,0,,,0,0.0,periferico
ES_15044,15044,Mañón,15.11880165,1242.0,0,0,0.0,0.0,0,0.0,0,0,0,0,,,0,0.0,periferico
ES_15046,15046,Melide,74.6812679,7563.0,0,0,0.0,0.0,0,0.0,0,0,0,0,,,0,0.0,periferico
ES_15047,15047,Mesía,22.58366917,2417.0,0,0,0.0,0.0,0,0.0,0,0,0,0,,,0,0.0,periferico
ES_15048,15048,Miño,208.02971795,6763.0,0,0,0.0,0.0,0,0.0,0,0,0,0,,,0,0.0,periferico
ES_15049,15049,Moeche,24.88878469,1208.0,0,0,0.0,0.0,0,0.0,0,0,0,0,,,0,0.0,periferico
ES_15050,15050,Monfero,10.67552546,1842.0,0,0,0.0,0.0,0,0.0,0,0,0,0,,,0,0.0,periferico
ES_15051,15051,Mugardos,410.53382574,5237.0,0,0,0.0,0.0,0,0.0,0,0,0,0,,,0,0.0,periferico
ES_15052,15052,Muxía,36.67851607,4447.0,0,0,0.0,0.0,0,0.0,0,0,0,0,,,0,0.0,periferico
ES_15053,15053,Muros,113.14005786,8246.0,0,0,0.0,0.0,0,0.0,0,0,0,0,,,0,0.0,periferico
ES_15054,15054,Narón,584.43469634,39070.0,0,0,0.0,0.0,0,0.0,0,0,0,0,,,0,0.0,periferico
ES_15055,15055,Neda,200.04697793,4918.0,0,0,0.0,0.0,0,0.0,0,0,0,0,,,0,0.0,periferico
ES_17216,17216,Viladasens,14.30020591,222.0,0,0,0.0,0.0,0,0.0,0,0,0,0,,,0,0.0,periferico
ES_17218,17218,Vilademuls,13.47140236,838.0,0,0,0.0,0.0,0,0.0,0,0,0,0,,,0,0.0,periferico
ES_17220,17220,Viladrau,22.34594502,1134.0,0,0,0.0,0.0,0,0.0,0,0,0,0,,,0,0.0,periferico
ES_17221,17221,Vilafant,675.16704133,5624.0,0,0,0.0,0.0,0,0.0,0,0,0,0,,,0,0.0,periferico
ES_17222,17222,Vilaür,29.62212875,168.0,0,0,0.0,0.0,0,0.0,0,0,0,0,,,0,0.0,periferico
ES_17223,17223,Vilajuïga,87.91105499,1161.0,0,0,0.0,0.0,0,0.0,0,0,0,0,,,0,0.0,periferico
ES_17224,17224,Vilallonga de Ter,6.23406598,401.0,0,0,0.0,0.0,0,0.0,0,0,0,0,,,0,0.0,periferico
ES_17225,17225,Vilamacolum,67.65164728,379.0,0,0,0.0,0.0,0,0.0,0,0,0,0,,,0,0.0,periferico
ES_17226,17226,Vilamalla,135.18743492,1188.0,0,0,0.0,0.0,0,0.0,0,0,0,0,,,0,0.0,periferico
ES_17227,17227,Vilamaniscle,37.48417353,200.0,0,0,0.0,0.0,0,0.0,0,0,0,0,,,0,0.0,periferico
ES_17228,17228,Vilanant,24.37418311,411.0,0,0,0.0,0.0,0,0.0,0,0,0,0,,,0,0.0,periferico
ES_17230,17230,Vila-sacra,131.87120744,799.0,0,0,0.0,0.0,0,0.0,0,0,0,0,,,0,0.0,periferico
ES_12122,12122,"Useres, les",12.18774766,983.0,0,0,0.0,0.0,0,0.0,0,0,0,0,,,0,0.0,periferico
ES_12123,12123,Vallat,13.53972386,68.0,0,0,0.0,0.0,0,0.0,0,0,0,0,,,0,0.0,periferico
ES_12124,12124,Vall d'Alba,57.61543662,3050.0,0,0,0.0,0.0,0,0.0,0,0,0,0,,,0,0.0,periferico
ES_12125,12125,Vall de Almonacid,13.46720685,285.0,0,0,0.0,0.0,0,0.0,0,0,0,0,,,0,0.0,periferico
ES_12126,12126,"Vall d'Uixó, la",471.94442433,31664.0,0,0,0.0,0.0,0,0.0,0,0,0,0,,,0,0.0,periferico
ES_12129,12129,Vilafranca,22.96734214,2150.0,0,0,0.0,0.0,0,0.0,0,0,0,0,,,0,0.0,periferico
ES_12130,12130,Villahermosa del Río,4.51243693,491.0,0,0,0.0,0.0,0,0.0,0,0,0,0,,,0,0.0,periferico
ES_12131,12131,Villamalur,4.87773836,95.0,0,0,0.0,0.0,0,0.0,0,0,0,0,,,0,0.0,periferico
ES_12133,12133,Villanueva de Viver,17.87669933,105.0,0,0,0.0,0.0,0,0.0,0,0,0,0,,,0,0.0,periferico
ES_15002,15002,Ames,405.68743024,32478.0,0,0,0.0,0.0,0,0.0,0,0,0,0,,,0,0.0,periferico
ES_15004,15004,Ares,335.2175074,6127.0,0,0,0.0,0.0,0,0.0,0,0,0,0,,,0,0.0,periferico
ES_15005,15005,Arteixo,357.40232522,33510.0,0,0,0.0,0.0,0,0.0,0,0,0,0,,,0,0.0,periferico
ES_15006,15006,Arzúa,37.99745311,5905.0,0,0,0.0,0.0,0,0.0,0,0,0,0,,,0,0.0,periferico
ES_15007,15007,"Baña, A",34.06137578,3337.0,0,0,0.0,0.0,0,0.0,0,0,0,0,,,0,0.0,periferico
ES_15008,15008,Bergondo,212.30269108,6945.0,0,0,0.0,0.0,0,0.0,0,0,0,0,,,0,0.0,periferico
ES_15009,15009,Betanzos,539.85468955,13056.0,0,0,0.0,0.0,0,0.0,0,0,0,0,,,0,0.0,periferico
ES_15010,15010,Boimorto,22.39488925,1847.0,0,0,0.0,0.0,0,0.0,0,0,0,0,,,0,0.0,periferico
ES_15011,15011,Boiro,218.93529773,18950.0,0,0,0.0,0.0,0,0.0,0,0,0,0,,,0,0.0,periferico
ES_15012,15012,Boqueixón,56.79048558,4156.0,0,0,0.0,0.0,0,0.0,0,0,0,0,,,0,0.0,periferico
ES_15013,15013,Brión,109.07030916,8143.0,0,0,0.0,0.0,0,0.0,0,0,0,0,,,0,0.0,periferico
ES_15056,15056,Negreira,59.96323231,6903.0,0,0,0.0,0.0,0,0.0,0,0,0,0,,,0,0.0,periferico
ES_15057,15057,Noia,379.4539575,14107.0,0,0,0.0,0.0,0,0.0,0,0,0,0,,,0,0.0,periferico
ES_15058,15058,Oleiros,868.06386784,37831.0,0,0,0.0,0.0,0,0.0,0,0,0,0,,,0,0.0,periferico
ES_15060,15060,Oroso,104.92476739,7620.0,0,0,0.0,0.0,0,0.0,0,0,0,0,,,0,0.0,periferico
ES_15061,15061,Ortigueira,26.62684588,5579.0,0,0,0.0,0.0,0,0.0,0,0,0,0,,,0,0.0,periferico
ES_15062,15062,Outes,61.03060204,6087.0,0,0,0.0,0.0,0,0.0,0,0,0,0,,,0,0.0,periferico
ES_15064,15064,Paderne,60.98452852,2437.0,0,0,0.0,0.0,0,0.0,0,0,0,0,,,0,0.0,periferico
ES_15065,15065,Padrón,172.91315619,8368.0,0,0,0.0,0.0,0,0.0,0,0,0,0,,,0,0.0,periferico
ES_15066,15066,"Pino, O",34.47378008,4546.0,0,0,0.0,0.0,0,0.0,0,0,0,0,,,0,0.0,periferico
ES_15067,15067,"Pobra do Caramiñal, A",283.53809253,9216.0,0,0,0.0,0.0,0,0.0,0,0,0,0,,,0,0.0,periferico
ES_15068,15068,Ponteceso,58.59954213,5391.0,0,0,0.0,0.0,0,0.0,0,0,0,0,,,0,0.0,periferico
ES_18010,18010,Aldeire,8.46256574,593.0,0,0,0.0,0.0,0,0.0,0,0,0,0,,,0,0.0,periferico
ES_18011,18011,Alfacar,340.54846207,5704.0,0,0,0.0,0.0,0,0.0,0,0,0,0,,,0,0.0,periferico
ES_18012,18012,Algarinejo,26.00939515,2396.0,0,0,0.0,0.0,0,0.0,0,0,0,0,,,0,0.0,periferico
ES_18014,18014,Alhendín,202.43644744,10231.0,0,0,0.0,0.0,0,0.0,0,0,0,0,,,0,0.0,periferico
ES_18016,18016,Almegíjar,11.45499519,337.0,0,0,0.0,0.0,0,0.0,0,0,0,0,,,0,0.0,periferico
ES_18017,18017,Almuñécar,333.21180951,27759.0,0,0,0.0,0.0,0,0.0,0,0,0,0,,,0,0.0,periferico
ES_18018,18018,Alquife,47.62029892,581.0,0,0,0.0,0.0,0,0.0,0,0,0,0,,,0,0.0,periferico
ES_18020,18020,Arenas del Rey,6.75664583,627.0,0,0,0.0,0.0,0,0.0,0,0,0,0,,,0,0.0,periferico
ES_18021,18021,Armilla,5795.21597691,25008.0,0,0,0.0,0.0,0,0.0,0,0,0,0,,,0,0.0,periferico
ES_18022,18022,Atarfe,426.14772073,20128.0,0,0,0.0,0.0,0,0.0,0,0,0,0,,,0,0.0,periferico
ES_18023,18023,Baza,37.76664381,20601.0,0,0,0.0,0.0,0,0.0,0,0,0,0,,,0,0.0,periferico
ES_12134,12134,Vilar de Canes,9.98828101,159.0,0,0,0.0,0.0,0,0.0,0,0,0,0,,,0,0.0,periferico
ES_12137,12137,Villores,10.20307708,54.0,0,0,0.0,0.0,0,0.0,0,0,0,0,,,0,0.0,periferico
ES_12138,12138,Vinaròs,310.59699708,29660.0,0,0,0.0,0.0,0,0.0,0,0,0,0,,,0,0.0,periferico
ES_12139,12139,Vistabella del Maestrat,2.44898261,369.0,0,0,0.0,0.0,0,0.0,0,0,0,0,,,0,0.0,periferico
ES_12140,12140,Viver,33.54462828,1675.0,0,0,0.0,0.0,0,0.0,0,0,0,0,,,0,0.0,periferico
ES_12141,12141,Zorita del Maestrazgo,1.71405879,118.0,0,0,0.0,0.0,0,0.0,0,0,0,0,,,0,0.0,periferico
ES_12142,12142,Zucaina,3.37502173,174.0,0,0,0.0,0.0,0,0.0,0,0,0,0,,,0,0.0,periferico
ES_12901,12901,"Alqueries, les",358.46647564,4529.0,0,0,0.0,0.0,0,0.0,0,0,0,0,,,0,0.0,periferico
ES_12902,12902,Sant Joan de Moró,123.4247488,3533.0,0,0,0.0,0.0,0,0.0,0,0,0,0,,,0,0.0,periferico
ES_13001,13001,Abenójar,3.14322075,1331.0,0,0,0.0,0.0,0,0.0,0,0,0,0,,,0,0.0,periferico
ES_13002,13002,Agudo,6.99698382,1609.0,0,0,0.0,0.0,0,0.0,0,0,0,0,,,0,0.0,periferico
ES_15014,15014,Cabana de Bergantiños,41.27755261,4131.0,0,0,0.0,0.0,0,0.0,0,0,0,0,,,0,0.0,periferico
ES_15015,15015,Cabanas,111.1121016,3317.0,0,0,0.0,0.0,0,0.0,0,0,0,0,,,0,0.0,periferico
ES_15016,15016,Camariñas,99.51209035,5154.0,0,0,0.0,0.0,0,0.0,0,0,0,0,,,0,0.0,periferico
ES_15017,15017,Cambre,607.84570268,24751.0,0,0,0.0,0.0,0,0.0,0,0,0,0,,,0,0.0,periferico
ES_15020,15020,Carnota,54.16441118,3832.0,0,0,0.0,0.0,0,0.0,0,0,0,0,,,0,0.0,periferico
ES_15021,15021,Carral,139.89286109,6704.0,0,0,0.0,0.0,0,0.0,0,0,0,0,,,0,0.0,periferico
ES_15022,15022,Cedeira,76.6722134,6548.0,0,0,0.0,0.0,0,0.0,0,0,0,0,,,0,0.0,periferico
ES_15023,15023,Cee,133.04540026,7648.0,0,0,0.0,0.0,0,0.0,0,0,0,0,,,0,0.0,periferico
ES_15024,15024,Cerceda,45.54806098,5050.0,0,0,0.0,0.0,0,0.0,0,0,0,0,,,0,0.0,periferico
ES_15025,15025,Cerdido,19.56990452,1032.0,0,0,0.0,0.0,0,0.0,0,0,0,0,,,0,0.0,periferico
ES_15027,15027,Coirós,57.20448849,1923.0,0,0,0.0,0.0,0,0.0,0,0,0,0,,,0,0.0,periferico
ES_15070,15070,"Pontes de García Rodríguez, A",39.40234332,9868.0,0,0,0.0,0.0,0,0.0,0,0,0,0,,,0,0.0,periferico
ES_15072,15072,Rianxo,184.82335369,10864.0,0,0,0.0,0.0,0,0.0,0,0,0,0,,,0,0.0,periferico
ES_15073,15073,Ribeira,393.51653452,27009.0,0,0,0.0,0.0,0,0.0,0,0,0,0,,,0,0.0,periferico
ES_15077,15077,Santa Comba,45.74375912,9317.0,0,0,0.0,0.0,0,0.0,0,0,0,0,,,0,0.0,periferico
ES_15078,15078,Santiago de Compostela,448.72117534,98716.0,0,0,0.0,0.0,0,0.0,0,0,0,0,,,0,0.0,periferico
ES_15079,15079,Santiso,21.84009348,1472.0,0,0,0.0,0.0,0,0.0,0,0,0,0,,,0,0.0,periferico
ES_15080,15080,Sobrado,14.67526538,1771.0,0,0,0.0,0.0,0,0.0,0,0,0,0,,,0,0.0,periferico
ES_18039,18039,Caniles,18.15120308,3934.0,0,0,0.0,0.0,0,0.0,0,0,0,0,,,0,0.0,periferico
ES_18040,18040,Cáñar,15.52015268,409.0,0,0,0.0,0.0,0,0.0,0,0,0,0,,,0,0.0,periferico
ES_18042,18042,Capileira,10.22406929,582.0,0,0,0.0,0.0,0,0.0,0,0,0,0,,,0,0.0,periferico
ES_18043,18043,Carataunas,50.39226778,235.0,0,0,0.0,0.0,0,0.0,0,0,0,0,,,0,0.0,periferico
ES_18044,18044,Cástaras,8.04079286,228.0,0,0,0.0,0.0,0,0.0,0,0,0,0,,,0,0.0,periferico
ES_18045,18045,Castilléjar,9.84201285,1293.0,0,0,0.0,0.0,0,0.0,0,0,0,0,,,0,0.0,periferico
ES_18046,18046,Castril,8.19657859,1994.0,0,0,0.0,0.0,0,0.0,0,0,0,0,,,0,0.0,periferico
ES_18047,18047,Cenes de la Vega,1272.56870814,8266.0,0,0,0.0,0.0,0,0.0,0,0,0,0,,,0,0.0,periferico
ES_18048,18048,Cijuela,203.71112968,3651.0,0,0,0.0,0.0,0,0.0,0,0,0,0,,,0,0.0,periferico
ES_18049,18049,Cogollos de Guadix,21.71351329,657.0,0,0,0.0,0.0,0,0.0,0,0,0,0,,,0,0.0,periferico
ES_18050,18050,Cogollos de la Vega,41.68761564,2081.0,0,0,0.0,0.0,0,0.0,0,0,0,0,,,0,0.0,periferico
ES_18051,18051,Colomera,11.58935893,1298.0,0,0,0.0,0.0,0,0.0,0,0,0,0,,,0,0.0,periferico
ES_13005,13005,Alcázar de San Juan,46.43774765,30943.0,0,0,0.0,0.0,0,0.0,0,0,0,0,,,0,0.0,periferico
ES_13006,13006,Alcoba,1.85302438,569.0,0,0,0.0,0.0,0,0.0,0,0,0,0,,,0,0.0,periferico
ES_13007,13007,Alcolea de Calatrava,19.55532624,1383.0,0,0,0.0,0.0,0,0.0,0,0,0,0,,,0,0.0,periferico
ES_13009,13009,Aldea del Rey,10.25067147,1582.0,0,0,0.0,0.0,0,0.0,0,0,0,0,,,0,0.0,periferico
ES_13010,13010,Alhambra,1.66806218,967.0,0,0,0.0,0.0,0,0.0,0,0,0,0,,,0,0.0,periferico
ES_13011,13011,Almadén,20.72033307,4966.0,0,0,0.0,0.0,0,0.0,0,0,0,0,,,0,0.0,periferico
ES_13012,13012,Almadenejos,3.87883706,399.0,0,0,0.0,0.0,0,0.0,0,0,0,0,,,0,0.0,periferico
ES_13013,13013,Almagro,36.00473589,9003.0,0,0,0.0,0.0,0,0.0,0,0,0,0,,,0,0.0,periferico
ES_13014,13014,Almedina,8.67447787,485.0,0,0,0.0,0.0,0,0.0,0,0,0,0,,,0,0.0,periferico
ES_13015,13015,Almodóvar del Campo,4.79051129,5787.0,0,0,0.0,0.0,0,0.0,0,0,0,0,,,0,0.0,periferico
ES_16278,16278,Zafrilla,0.49985584,53.0,0,0,0.0,0.0,0,0.0,0,0,0,0,,,0,0.0,periferico
ES_16279,16279,Zarza de Tajo,6.08449689,279.0,0,0,0.0,0.0,0,0.0,0,0,0,0,,,0,0.0,periferico
ES_16280,16280,Zarzuela,3.8948371,157.0,0,0,0.0,0.0,0,0.0,0,0,0,0,,,0,0.0,periferico
ES_16901,16901,Campos del Paraíso,3.13983779,681.0,0,0,0.0,0.0,0,0.0,0,0,0,0,,,0,0.0,periferico
ES_16902,16902,Valdetórtola,1.22077,126.0,0,0,0.0,0.0,0,0.0,0,0,0,0,,,0,0.0,periferico
ES_16903,16903,"Valeras, Las",14.05602148,1589.0,0,0,0.0,0.0,0,0.0,0,0,0,0,,,0,0.0,periferico
ES_16904,16904,Fuentenava de Jábaga,4.45659946,593.0,0,0,0.0,0.0,0,0.0,0,0,0,0,,,0,0.0,periferico
ES_16905,16905,Arcas,26.45123446,2155.0,0,0,0.0,0.0,0,0.0,0,0,0,0,,,0,0.0,periferico
ES_16906,16906,"Valdecolmenas, Los",2.26946806,71.0,0,0,0.0,0.0,0,0.0,0,0,0,0,,,0,0.0,periferico
ES_16908,16908,Pozorrubielos de la Mancha,2.48596637,183.0,0,0,0.0,0.0,0,0.0,0,0,0,0,,,0,0.0,periferico
ES_16910,16910,Villar y Velasco,1.27845204,79.0,0,0,0.0,0.0,0,0.0,0,0,0,0,,,0,0.0,periferico
ES_15082,15082,Teo,240.98029543,19104.0,0,0,0.0,0.0,0,0.0,0,0,0,0,,,0,0.0,periferico
ES_15083,15083,Toques,13.79772636,1075.0,0,0,0.0,0.0,0,0.0,0,0,0,0,,,0,0.0,periferico
ES_15084,15084,Tordoia,25.63544595,3193.0,0,0,0.0,0.0,0,0.0,0,0,0,0,,,0,0.0,periferico
ES_15085,15085,Touro,29.38322788,3389.0,0,0,0.0,0.0,0,0.0,0,0,0,0,,,0,0.0,periferico
ES_15086,15086,Trazo,29.83823015,3025.0,0,0,0.0,0.0,0,0.0,0,0,0,0,,,0,0.0,periferico
ES_15087,15087,Valdoviño,78.15968111,6893.0,0,0,0.0,0.0,0,0.0,0,0,0,0,,,0,0.0,periferico
ES_15088,15088,Val do Dubra,34.69541388,3770.0,0,0,0.0,0.0,0,0.0,0,0,0,0,,,0,0.0,periferico
ES_15089,15089,Vedra,95.07909644,5019.0,0,0,0.0,0.0,0,0.0,0,0,0,0,,,0,0.0,periferico
ES_15090,15090,Vilasantar,20.90709205,1236.0,0,0,0.0,0.0,0,0.0,0,0,0,0,,,0,0.0,periferico
ES_15091,15091,Vilarmaior,40.63550988,1234.0,0,0,0.0,0.0,0,0.0,0,0,0,0,,,0,0.0,periferico
ES_15092,15092,Vimianzo,36.3915089,6824.0,0,0,0.0,0.0,0,0.0,0,0,0,0,,,0,0.0,periferico
ES_15093,15093,Zas,32.36892897,4307.0,0,0,0.0,0.0,0,0.0,0,0,0,0,,,0,0.0,periferico
ES_15901,15901,Cariño,79.75903929,3763.0,0,0,0.0,0.0,0,0.0,0,0,0,0,,,0,0.0,periferico
ES_17232,17232,Vilopriu,12.57043917,210.0,0,0,0.0,0.0,0,0.0,0,0,0,0,,,0,0.0,periferico
ES_17233,17233,Vilobí d'Onyar,100.23121935,3269.0,0,0,0.0,0.0,0,0.0,0,0,0,0,,,0,0.0,periferico
ES_17234,17234,Biure,23.99833557,240.0,0,0,0.0,0.0,0,0.0,0,0,0,0,,,0,0.0,periferico
ES_17901,17901,"Cruïlles, Monells i Sant Sadur",13.21749779,1319.0,0,0,0.0,0.0,0,0.0,0,0,0,0,,,0,0.0,periferico
ES_17902,17902,Forallac,34.89539236,1753.0,0,0,0.0,0.0,0,0.0,0,0,0,0,,,0,0.0,periferico
ES_17903,17903,Sant Julià del Llor i Bonmatí,140.84698757,1358.0,0,0,0.0,0.0,0,0.0,0,0,0,0,,,0,0.0,periferico
ES_18001,18001,Agrón,8.80953745,238.0,0,0,0.0,0.0,0,0.0,0,0,0,0,,,0,0.0,periferico
ES_18002,18002,Alamedilla,6.24871471,567.0,0,0,0.0,0.0,0,0.0,0,0,0,0,,,0,0.0,periferico
ES_18004,18004,Albondón,21.82096838,753.0,0,0,0.0,0.0,0,0.0,0,0,0,0,,,0,0.0,periferico
ES_18005,18005,Albuñán,48.9530647,418.0,0,0,0.0,0.0,0,0.0,0,0,0,0,,,0,0.0,periferico
ES_18006,18006,Albuñol,117.34759109,7387.0,0,0,0.0,0.0,0,0.0,0,0,0,0,,,0,0.0,periferico
ES_18007,18007,Albuñuelas,5.6362217,789.0,0,0,0.0,0.0,0,0.0,0,0,0,0,,,0,0.0,periferico
ES_13016,13016,Almuradiel,11.35068957,751.0,0,0,0.0,0.0,0,0.0,0,0,0,0,,,0,0.0,periferico
ES_13017,13017,Anchuras,1.15568161,267.0,0,0,0.0,0.0,0,0.0,0,0,0,0,,,0,0.0,periferico
ES_13018,13018,Arenas de San Juan,16.19360238,1022.0,0,0,0.0,0.0,0,0.0,0,0,0,0,,,0,0.0,periferico
ES_13019,13019,Argamasilla de Alba,17.22748473,6837.0,0,0,0.0,0.0,0,0.0,0,0,0,0,,,0,0.0,periferico
ES_13020,13020,Argamasilla de Calatrava,34.79251352,5818.0,0,0,0.0,0.0,0,0.0,0,0,0,0,,,0,0.0,periferico
ES_13021,13021,Arroba de los Montes,6.73918728,416.0,0,0,0.0,0.0,0,0.0,0,0,0,0,,,0,0.0,periferico
ES_13022,13022,Ballesteros de Calatrava,6.41228363,371.0,0,0,0.0,0.0,0,0.0,0,0,0,0,,,0,0.0,periferico
ES_13023,13023,Bolaños de Calatrava,136.39627674,11978.0,0,0,0.0,0.0,0,0.0,0,0,0,0,,,0,0.0,periferico
ES_13024,13024,Brazatortas,3.69895413,1005.0,0,0,0.0,0.0,0,0.0,0,0,0,0,,,0,0.0,periferico
ES_13026,13026,Cabezarrubias del Puerto,4.92812693,497.0,0,0,0.0,0.0,0,0.0,0,0,0,0,,,0,0.0,periferico
ES_13027,13027,Calzada de Calatrava,9.2702843,3809.0,0,0,0.0,0.0,0,0.0,0,0,0,0,,,0,0.0,periferico
ES_17001,17001,Agullana,33.33317018,921.0,0,0,0.0,0.0,0,0.0,0,0,0,0,,,0,0.0,periferico
ES_17002,17002,Aiguaviva,55.03369554,771.0,0,0,0.0,0.0,0,0.0,0,0,0,0,,,0,0.0,periferico
ES_17003,17003,Albanyà,1.79918843,170.0,0,0,0.0,0.0,0,0.0,0,0,0,0,,,0,0.0,periferico
ES_17004,17004,Albons,72.12637702,816.0,0,0,0.0,0.0,0,0.0,0,0,0,0,,,0,0.0,periferico
ES_17005,17005,"Far d'Empordà, El",66.64428437,611.0,0,0,0.0,0.0,0,0.0,0,0,0,0,,,0,0.0,periferico
ES_17007,17007,Amer,60.46691008,2415.0,0,0,0.0,0.0,0,0.0,0,0,0,0,,,0,0.0,periferico
ES_17008,17008,Anglès,359.60000943,5839.0,0,0,0.0,0.0,0,0.0,0,0,0,0,,,0,0.0,periferico
ES_17009,17009,Arbúcies,75.61064959,6527.0,0,0,0.0,0.0,0,0.0,0,0,0,0,,,0,0.0,periferico
ES_17011,17011,"Armentera, L'",181.46761736,1063.0,0,0,0.0,0.0,0,0.0,0,0,0,0,,,0,0.0,periferico
ES_17013,17013,Begur,201.21077454,4229.0,0,0,0.0,0.0,0,0.0,0,0,0,0,,,0,0.0,periferico
ES_15902,15902,Oza-Cesuras,34.26591554,5199.0,0,0,0.0,0.0,0,0.0,0,0,0,0,,,0,0.0,periferico
ES_16001,16001,Abia de la Obispalía,0.96698706,61.0,0,0,0.0,0.0,0,0.0,0,0,0,0,,,0,0.0,periferico
ES_16002,16002,"Acebrón, El",10.207347,226.0,0,0,0.0,0.0,0,0.0,0,0,0,0,,,0,0.0,periferico
ES_16003,16003,Alarcón,1.43478225,172.0,0,0,0.0,0.0,0,0.0,0,0,0,0,,,0,0.0,periferico
ES_16004,16004,Albaladejo del Cuende,4.12971691,228.0,0,0,0.0,0.0,0,0.0,0,0,0,0,,,0,0.0,periferico
ES_16005,16005,Albalate de las Nogueras,6.6784485,268.0,0,0,0.0,0.0,0,0.0,0,0,0,0,,,0,0.0,periferico
ES_16006,16006,Albendea,3.2970687,126.0,0,0,0.0,0.0,0,0.0,0,0,0,0,,,0,0.0,periferico
ES_16007,16007,"Alberca de Záncara, La",15.58765637,1569.0,0,0,0.0,0.0,0,0.0,0,0,0,0,,,0,0.0,periferico
ES_16009,16009,Alcantud,0.97158101,56.0,0,0,0.0,0.0,0,0.0,0,0,0,0,,,0,0.0,periferico
ES_16010,16010,Alcázar del Rey,3.44010458,160.0,0,0,0.0,0.0,0,0.0,0,0,0,0,,,0,0.0,periferico
ES_16011,16011,Alcohujate,0.69622283,19.0,0,0,0.0,0.0,0,0.0,0,0,0,0,,,0,0.0,periferico
ES_16012,16012,Alconchel de la Estrella,1.90907374,82.0,0,0,0.0,0.0,0,0.0,0,0,0,0,,,0,0.0,periferico
ES_18024,18024,Beas de Granada,42.88118909,996.0,0,0,0.0,0.0,0,0.0,0,0,0,0,,,0,0.0,periferico
ES_18025,18025,Beas de Guadix,19.4293354,315.0,0,0,0.0,0.0,0,0.0,0,0,0,0,,,0,0.0,periferico
ES_18028,18028,Benalúa de las Villas,47.49233048,1029.0,0,0,0.0,0.0,0,0.0,0,0,0,0,,,0,0.0,periferico
ES_18029,18029,Benamaurel,17.60384238,2251.0,0,0,0.0,0.0,0,0.0,0,0,0,0,,,0,0.0,periferico
ES_18032,18032,Bubión,21.01634629,312.0,0,0,0.0,0.0,0,0.0,0,0,0,0,,,0,0.0,periferico
ES_18033,18033,Busquístar,18.24899224,329.0,0,0,0.0,0.0,0,0.0,0,0,0,0,,,0,0.0,periferico
ES_18034,18034,Cacín,13.40023036,531.0,0,0,0.0,0.0,0,0.0,0,0,0,0,,,0,0.0,periferico
ES_18035,18035,Cádiar,33.43614947,1582.0,0,0,0.0,0.0,0,0.0,0,0,0,0,,,0,0.0,periferico
ES_18036,18036,Cájar,3325.35173595,5445.0,0,0,0.0,0.0,0,0.0,0,0,0,0,,,0,0.0,periferico
ES_18037,18037,Calicasas,57.89866759,651.0,0,0,0.0,0.0,0,0.0,0,0,0,0,,,0,0.0,periferico
ES_18038,18038,Campotéjar,34.93730834,1251.0,0,0,0.0,0.0,0,0.0,0,0,0,0,,,0,0.0,periferico
ES_13028,13028,Campo de Criptana,42.71844014,12972.0,0,0,0.0,0.0,0,0.0,0,0,0,0,,,0,0.0,periferico
ES_13029,13029,Cañada de Calatrava,3.3198013,100.0,0,0,0.0,0.0,0,0.0,0,0,0,0,,,0,0.0,periferico
ES_13030,13030,Caracuel de Calatrava,14.4893621,144.0,0,0,0.0,0.0,0,0.0,0,0,0,0,,,0,0.0,periferico
ES_13031,13031,Carrión de Calatrava,33.75537053,3183.0,0,0,0.0,0.0,0,0.0,0,0,0,0,,,0,0.0,periferico
ES_13032,13032,Carrizosa,43.72628335,1137.0,0,0,0.0,0.0,0,0.0,0,0,0,0,,,0,0.0,periferico
ES_13033,13033,Castellar de Santiago,18.87468407,1802.0,0,0,0.0,0.0,0,0.0,0,0,0,0,,,0,0.0,periferico
ES_13034,13034,Ciudad Real,263.99323436,75254.0,0,0,0.0,0.0,0,0.0,0,0,0,0,,,0,0.0,periferico
ES_13035,13035,Corral de Calatrava,7.5540128,1124.0,0,0,0.0,0.0,0,0.0,0,0,0,0,,,0,0.0,periferico
ES_13036,13036,"Cortijos, Los",9.05273563,859.0,0,0,0.0,0.0,0,0.0,0,0,0,0,,,0,0.0,periferico
ES_13037,13037,Cózar,14.37867116,934.0,0,0,0.0,0.0,0,0.0,0,0,0,0,,,0,0.0,periferico
ES_13038,13038,Chillón,8.54090848,1775.0,0,0,0.0,0.0,0,0.0,0,0,0,0,,,0,0.0,periferico
ES_13039,13039,Daimiel,40.34426378,17673.0,0,0,0.0,0.0,0,0.0,0,0,0,0,,,0,0.0,periferico
ES_13040,13040,Fernán Caballero,9.53713404,992.0,0,0,0.0,0.0,0,0.0,0,0,0,0,,,0,0.0,periferico
ES_17014,17014,"Vajol, La",20.52854228,97.0,0,0,0.0,0.0,0,0.0,0,0,0,0,,,0,0.0,periferico
ES_17015,17015,Banyoles,1859.40844686,20492.0,0,0,0.0,0.0,0,0.0,0,0,0,0,,,0,0.0,periferico
ES_17016,17016,Bàscara,61.68680971,1053.0,0,0,0.0,0.0,0,0.0,0,0,0,0,,,0,0.0,periferico
ES_17018,17018,Bellcaire d'Empordà,57.58960491,727.0,0,0,0.0,0.0,0,0.0,0,0,0,0,,,0,0.0,periferico
ES_17019,17019,Besalú,534.76623207,2512.0,0,0,0.0,0.0,0,0.0,0,0,0,0,,,0,0.0,periferico
ES_17020,17020,Bescanó,143.36229015,5171.0,0,0,0.0,0.0,0,0.0,0,0,0,0,,,0,0.0,periferico
ES_17021,17021,Beuda,5.85774217,212.0,0,0,0.0,0.0,0,0.0,0,0,0,0,,,0,0.0,periferico
ES_17022,17022,"Bisbal d'Empordà, La",549.06263994,11364.0,0,0,0.0,0.0,0,0.0,0,0,0,0,,,0,0.0,periferico
ES_17023,17023,Blanes,2317.53152603,41517.0,0,0,0.0,0.0,0,0.0,0,0,0,0,,,0,0.0,periferico
ES_17024,17024,Bolvir,47.93257767,508.0,0,0,0.0,0.0,0,0.0,0,0,0,0,,,0,0.0,periferico
ES_17025,17025,Bordils,256.33426143,1794.0,0,0,0.0,0.0,0,0.0,0,0,0,0,,,0,0.0,periferico
ES_17026,17026,Borrassà,83.79894116,795.0,0,0,0.0,0.0,0,0.0,0,0,0,0,,,0,0.0,periferico
ES_17027,17027,Breda,769.84814953,3892.0,0,0,0.0,0.0,0,0.0,0,0,0,0,,,0,0.0,periferico
ES_16013,16013,Algarra,0.6679301,28.0,0,0,0.0,0.0,0,0.0,0,0,0,0,,,0,0.0,periferico
ES_16014,16014,Aliaguilla,5.95363851,618.0,0,0,0.0,0.0,0,0.0,0,0,0,0,,,0,0.0,periferico
ES_16015,16015,"Almarcha, La",6.7604511,435.0,0,0,0.0,0.0,0,0.0,0,0,0,0,,,0,0.0,periferico
ES_16018,16018,Almonacid del Marquesado,9.26414935,437.0,0,0,0.0,0.0,0,0.0,0,0,0,0,,,0,0.0,periferico
ES_16019,16019,Altarejos,2.32173502,212.0,0,0,0.0,0.0,0,0.0,0,0,0,0,,,0,0.0,periferico
ES_16020,16020,Arandilla del Arroyo,0.56571027,11.0,0,0,0.0,0.0,0,0.0,0,0,0,0,,,0,0.0,periferico
ES_16022,16022,Arcos de la Sierra,1.90163156,77.0,0,0,0.0,0.0,0,0.0,0,0,0,0,,,0,0.0,periferico
ES_16023,16023,Chillarón de Cuenca,20.62941066,808.0,0,0,0.0,0.0,0,0.0,0,0,0,0,,,0,0.0,periferico
ES_16025,16025,Arrancacepas,0.86342972,16.0,0,0,0.0,0.0,0,0.0,0,0,0,0,,,0,0.0,periferico
ES_16026,16026,Atalaya del Cañavate,2.26539937,105.0,0,0,0.0,0.0,0,0.0,0,0,0,0,,,0,0.0,periferico
ES_18053,18053,Cortes de Baza,12.87862046,1810.0,0,0,0.0,0.0,0,0.0,0,0,0,0,,,0,0.0,periferico
ES_18054,18054,Cortes y Graena,43.58564898,977.0,0,0,0.0,0.0,0,0.0,0,0,0,0,,,0,0.0,periferico
ES_18056,18056,Cúllar,9.26641076,3962.0,0,0,0.0,0.0,0,0.0,0,0,0,0,,,0,0.0,periferico
ES_18057,18057,Cúllar Vega,1792.84230689,7794.0,0,0,0.0,0.0,0,0.0,0,0,0,0,,,0,0.0,periferico
ES_18059,18059,Chauchina,268.99471265,5700.0,0,0,0.0,0.0,0,0.0,0,0,0,0,,,0,0.0,periferico
ES_18061,18061,Chimeneas,13.66903483,1235.0,0,0,0.0,0.0,0,0.0,0,0,0,0,,,0,0.0,periferico
ES_18062,18062,Churriana de la Vega,2489.61367838,16461.0,0,0,0.0,0.0,0,0.0,0,0,0,0,,,0,0.0,periferico
ES_18063,18063,Darro,32.96986942,1661.0,0,0,0.0,0.0,0,0.0,0,0,0,0,,,0,0.0,periferico
ES_18064,18064,Dehesas de Guadix,6.89934687,393.0,0,0,0.0,0.0,0,0.0,0,0,0,0,,,0,0.0,periferico
ES_18066,18066,Deifontes,64.72949463,2620.0,0,0,0.0,0.0,0,0.0,0,0,0,0,,,0,0.0,periferico
ES_18067,18067,Diezma,19.20337362,808.0,0,0,0.0,0.0,0,0.0,0,0,0,0,,,0,0.0,periferico
ES_13041,13041,Fontanarejo,3.08027956,237.0,0,0,0.0,0.0,0,0.0,0,0,0,0,,,0,0.0,periferico
ES_13042,13042,Fuencaliente,3.73813156,1010.0,0,0,0.0,0.0,0,0.0,0,0,0,0,,,0,0.0,periferico
ES_13043,13043,Fuenllana,3.43792404,206.0,0,0,0.0,0.0,0,0.0,0,0,0,0,,,0,0.0,periferico
ES_13045,13045,Granátula de Calatrava,4.57832406,699.0,0,0,0.0,0.0,0,0.0,0,0,0,0,,,0,0.0,periferico
ES_13046,13046,Guadalmez,9.97612116,718.0,0,0,0.0,0.0,0,0.0,0,0,0,0,,,0,0.0,periferico
ES_13047,13047,Herencia,36.9642196,8405.0,0,0,0.0,0.0,0,0.0,0,0,0,0,,,0,0.0,periferico
ES_13048,13048,Hinojosas de Calatrava,4.94183539,506.0,0,0,0.0,0.0,0,0.0,0,0,0,0,,,0,0.0,periferico
ES_13049,13049,Horcajo de los Montes,3.86299923,801.0,0,0,0.0,0.0,0,0.0,0,0,0,0,,,0,0.0,periferico
ES_13051,13051,Luciana,3.25868545,371.0,0,0,0.0,0.0,0,0.0,0,0,0,0,,,0,0.0,periferico
ES_13052,13052,Malagón,21.26089866,7755.0,0,0,0.0,0.0,0,0.0,0,0,0,0,,,0,0.0,periferico
ES_17028,17028,Brunyola i Sant Martí Sapresa,10.785605,398.0,0,0,0.0,0.0,0,0.0,0,0,0,0,,,0,0.0,periferico
ES_17030,17030,Cabanes,62.46332327,938.0,0,0,0.0,0.0,0,0.0,0,0,0,0,,,0,0.0,periferico
ES_17031,17031,Cabanelles,4.92531308,276.0,0,0,0.0,0.0,0,0.0,0,0,0,0,,,0,0.0,periferico
ES_17032,17032,Cadaqués,110.41688435,2916.0,0,0,0.0,0.0,0,0.0,0,0,0,0,,,0,0.0,periferico
ES_17033,17033,Caldes de Malavella,147.36204045,8391.0,0,0,0.0,0.0,0,0.0,0,0,0,0,,,0,0.0,periferico
ES_17035,17035,Camós,46.0888581,718.0,0,0,0.0,0.0,0,0.0,0,0,0,0,,,0,0.0,periferico
ES_17036,17036,Campdevànol,98.45801012,3215.0,0,0,0.0,0.0,0,0.0,0,0,0,0,,,0,0.0,periferico
ES_17037,17037,Campelles,8.81896843,165.0,0,0,0.0,0.0,0,0.0,0,0,0,0,,,0,0.0,periferico
ES_17038,17038,Campllong,62.89158825,534.0,0,0,0.0,0.0,0,0.0,0,0,0,0,,,0,0.0,periferico
ES_17039,17039,Camprodon,24.02205841,2487.0,0,0,0.0,0.0,0,0.0,0,0,0,0,,,0,0.0,periferico
ES_16027,16027,Barajas de Melo,7.45335304,1020.0,0,0,0.0,0.0,0,0.0,0,0,0,0,,,0,0.0,periferico
ES_16029,16029,Barchín del Hoyo,1.45552372,95.0,0,0,0.0,0.0,0,0.0,0,0,0,0,,,0,0.0,periferico
ES_16030,16030,Bascuñana de San Pedro,1.32474682,26.0,0,0,0.0,0.0,0,0.0,0,0,0,0,,,0,0.0,periferico
ES_16031,16031,Beamud,2.35063239,55.0,0,0,0.0,0.0,0,0.0,0,0,0,0,,,0,0.0,periferico
ES_16032,16032,Belinchón,5.01944157,403.0,0,0,0.0,0.0,0,0.0,0,0,0,0,,,0,0.0,periferico
ES_16033,16033,Belmonte,19.36448754,1795.0,0,0,0.0,0.0,0,0.0,0,0,0,0,,,0,0.0,periferico
ES_16034,16034,Belmontejo,2.58472624,135.0,0,0,0.0,0.0,0,0.0,0,0,0,0,,,0,0.0,periferico
ES_16035,16035,Beteta,2.07852189,239.0,0,0,0.0,0.0,0,0.0,0,0,0,0,,,0,0.0,periferico
ES_16036,16036,Boniches,2.75313032,146.0,0,0,0.0,0.0,0,0.0,0,0,0,0,,,0,0.0,periferico
ES_16038,16038,Buciegas,4.33867017,39.0,0,0,0.0,0.0,0,0.0,0,0,0,0,,,0,0.0,periferico
ES_16039,16039,Buenache de Alarcón,7.11996347,457.0,0,0,0.0,0.0,0,0.0,0,0,0,0,,,0,0.0,periferico
ES_16040,16040,Buenache de la Sierra,1.96162337,113.0,0,0,0.0,0.0,0,0.0,0,0,0,0,,,0,0.0,periferico
ES_16041,16041,Buendía,4.73309473,419.0,0,0,0.0,0.0,0,0.0,0,0,0,0,,,0,0.0,periferico
ES_13053,13053,Manzanares,37.39166402,17716.0,0,0,0.0,0.0,0,0.0,0,0,0,0,,,0,0.0,periferico
ES_13055,13055,Mestanza,1.78453377,662.0,0,0,0.0,0.0,0,0.0,0,0,0,0,,,0,0.0,periferico
ES_13056,13056,Miguelturra,132.19475394,15766.0,0,0,0.0,0.0,0,0.0,0,0,0,0,,,0,0.0,periferico
ES_13057,13057,Montiel,4.49851483,1219.0,0,0,0.0,0.0,0,0.0,0,0,0,0,,,0,0.0,periferico
ES_13058,13058,Moral de Calatrava,27.16533506,5121.0,0,0,0.0,0.0,0,0.0,0,0,0,0,,,0,0.0,periferico
ES_13059,13059,Navalpino,1.07474528,211.0,0,0,0.0,0.0,0,0.0,0,0,0,0,,,0,0.0,periferico
ES_13060,13060,Navas de Estena,1.95181294,286.0,0,0,0.0,0.0,0,0.0,0,0,0,0,,,0,0.0,periferico
ES_13061,13061,Pedro Muñoz,75.13144559,7637.0,0,0,0.0,0.0,0,0.0,0,0,0,0,,,0,0.0,periferico
ES_13062,13062,Picón,11.44301274,682.0,0,0,0.0,0.0,0,0.0,0,0,0,0,,,0,0.0,periferico
ES_13064,13064,Poblete,102.37044279,2862.0,0,0,0.0,0.0,0,0.0,0,0,0,0,,,0,0.0,periferico
ES_13065,13065,Porzuna,16.62879205,3524.0,0,0,0.0,0.0,0,0.0,0,0,0,0,,,0,0.0,periferico
ES_17040,17040,Canet d'Adri,16.57031435,740.0,0,0,0.0,0.0,0,0.0,0,0,0,0,,,0,0.0,periferico
ES_17041,17041,Cantallops,16.6820219,326.0,0,0,0.0,0.0,0,0.0,0,0,0,0,,,0,0.0,periferico
ES_17042,17042,Capmany,25.23384472,665.0,0,0,0.0,0.0,0,0.0,0,0,0,0,,,0,0.0,periferico
ES_17043,17043,Queralbs,2.10264508,197.0,0,0,0.0,0.0,0,0.0,0,0,0,0,,,0,0.0,periferico
ES_17044,17044,Cassà de la Selva,238.50331305,10833.0,0,0,0.0,0.0,0,0.0,0,0,0,0,,,0,0.0,periferico
ES_17046,17046,Castellfollit de la Roca,1299.82918748,938.0,0,0,0.0,0.0,0,0.0,0,0,0,0,,,0,0.0,periferico
ES_17047,17047,Castelló d'Empúries,278.45207458,11787.0,0,0,0.0,0.0,0,0.0,0,0,0,0,,,0,0.0,periferico
ES_17048,17048,Castell-Platja d'Aro,573.15535404,12533.0,0,0,0.0,0.0,0,0.0,0,0,0,0,,,0,0.0,periferico
ES_17049,17049,Celrà,277.32489882,5462.0,0,0,0.0,0.0,0,0.0,0,0,0,0,,,0,0.0,periferico
ES_17050,17050,Cervià de Ter,99.81528938,1007.0,0,0,0.0,0.0,0,0.0,0,0,0,0,,,0,0.0,periferico
ES_17051,17051,Cistella,11.76200295,301.0,0,0,0.0,0.0,0,0.0,0,0,0,0,,,0,0.0,periferico
ES_17052,17052,Siurana,17.79546779,186.0,0,0,0.0,0.0,0,0.0,0,0,0,0,,,0,0.0,periferico
ES_16042,16042,Campillo de Altobuey,7.48022417,1290.0,0,0,0.0,0.0,0,0.0,0,0,0,0,,,0,0.0,periferico
ES_16043,16043,Campillos-Paravientos,1.96839596,107.0,0,0,0.0,0.0,0,0.0,0,0,0,0,,,0,0.0,periferico
ES_16044,16044,Campillos-Sierra,0.76280196,29.0,0,0,0.0,0.0,0,0.0,0,0,0,0,,,0,0.0,periferico
ES_16045,16045,Canalejas del Arroyo,2.82236027,172.0,0,0,0.0,0.0,0,0.0,0,0,0,0,,,0,0.0,periferico
ES_16046,16046,Cañada del Hoyo,2.71906801,244.0,0,0,0.0,0.0,0,0.0,0,0,0,0,,,0,0.0,periferico
ES_16047,16047,Cañada Juncosa,5.15006018,220.0,0,0,0.0,0.0,0,0.0,0,0,0,0,,,0,0.0,periferico
ES_16048,16048,Cañamares,11.18606667,453.0,0,0,0.0,0.0,0,0.0,0,0,0,0,,,0,0.0,periferico
ES_16049,16049,"Cañavate, El",3.85089177,139.0,0,0,0.0,0.0,0,0.0,0,0,0,0,,,0,0.0,periferico
ES_16050,16050,Cañaveras,3.27097326,241.0,0,0,0.0,0.0,0,0.0,0,0,0,0,,,0,0.0,periferico
ES_16052,16052,Cañete,9.31168341,810.0,0,0,0.0,0.0,0,0.0,0,0,0,0,,,0,0.0,periferico
ES_16053,16053,Cañizares,5.80383309,443.0,0,0,0.0,0.0,0,0.0,0,0,0,0,,,0,0.0,periferico
ES_16055,16055,Carboneras de Guadazaón,7.69926674,775.0,0,0,0.0,0.0,0,0.0,0,0,0,0,,,0,0.0,periferico
ES_13066,13066,Pozuelo de Calatrava,37.47271432,3743.0,0,0,0.0,0.0,0,0.0,0,0,0,0,,,0,0.0,periferico
ES_13067,13067,"Pozuelos de Calatrava, Los",4.37997456,368.0,0,0,0.0,0.0,0,0.0,0,0,0,0,,,0,0.0,periferico
ES_13069,13069,Puebla del Príncipe,19.54684324,664.0,0,0,0.0,0.0,0,0.0,0,0,0,0,,,0,0.0,periferico
ES_13070,13070,Puerto Lápice,16.0662923,881.0,0,0,0.0,0.0,0,0.0,0,0,0,0,,,0,0.0,periferico
ES_13071,13071,Puertollano,200.93973537,45243.0,0,0,0.0,0.0,0,0.0,0,0,0,0,,,0,0.0,periferico
ES_13072,13072,Retuerta del Bullaque,1.37302953,898.0,0,0,0.0,0.0,0,0.0,0,0,0,0,,,0,0.0,periferico
ES_13073,13073,Saceruela,2.13911341,529.0,0,0,0.0,0.0,0,0.0,0,0,0,0,,,0,0.0,periferico
ES_13074,13074,San Carlos del Valle,18.77145945,1082.0,0,0,0.0,0.0,0,0.0,0,0,0,0,,,0,0.0,periferico
ES_13075,13075,San Lorenzo de Calatrava,1.88002437,199.0,0,0,0.0,0.0,0,0.0,0,0,0,0,,,0,0.0,periferico
ES_13076,13076,Santa Cruz de los Cáñamos,27.6859069,490.0,0,0,0.0,0.0,0,0.0,0,0,0,0,,,0,0.0,periferico
ES_13077,13077,Santa Cruz de Mudela,29.03111297,3876.0,0,0,0.0,0.0,0,0.0,0,0,0,0,,,0,0.0,periferico
ES_13078,13078,Socuéllamos,32.65656783,12162.0,0,0,0.0,0.0,0,0.0,0,0,0,0,,,0,0.0,periferico
ES_17057,17057,Corçà,80.57784588,1293.0,0,0,0.0,0.0,0,0.0,0,0,0,0,,,0,0.0,periferico
ES_17060,17060,Darnius,15.50034962,541.0,0,0,0.0,0.0,0,0.0,0,0,0,0,,,0,0.0,periferico
ES_17061,17061,Das,17.3431038,258.0,0,0,0.0,0.0,0,0.0,0,0,0,0,,,0,0.0,periferico
ES_17062,17062,"Escala, L'",652.99947572,10676.0,0,0,0.0,0.0,0,0.0,0,0,0,0,,,0,0.0,periferico
ES_17065,17065,Esponellà,29.64813132,468.0,0,0,0.0,0.0,0,0.0,0,0,0,0,,,0,0.0,periferico
ES_17066,17066,Figueres,2501.02312527,47841.0,0,0,0.0,0.0,0,0.0,0,0,0,0,,,0,0.0,periferico
ES_17067,17067,Flaçà,167.89097406,1148.0,0,0,0.0,0.0,0,0.0,0,0,0,0,,,0,0.0,periferico
ES_16056,16056,Cardenete,4.91333304,479.0,0,0,0.0,0.0,0,0.0,0,0,0,0,,,0,0.0,periferico
ES_16057,16057,Carrascosa,0.90975827,65.0,0,0,0.0,0.0,0,0.0,0,0,0,0,,,0,0.0,periferico
ES_16058,16058,Carrascosa de Haro,3.30275488,96.0,0,0,0.0,0.0,0,0.0,0,0,0,0,,,0,0.0,periferico
ES_16061,16061,Casas de Fernando Alonso,38.00015998,1151.0,0,0,0.0,0.0,0,0.0,0,0,0,0,,,0,0.0,periferico
ES_16062,16062,Casas de Garcimolina,0.87843442,34.0,0,0,0.0,0.0,0,0.0,0,0,0,0,,,0,0.0,periferico
ES_16063,16063,Casas de Guijarro,13.6560217,112.0,0,0,0.0,0.0,0,0.0,0,0,0,0,,,0,0.0,periferico
ES_16064,16064,Casas de Haro,7.63204652,846.0,0,0,0.0,0.0,0,0.0,0,0,0,0,,,0,0.0,periferico
ES_16065,16065,Casas de los Pinos,6.16858746,421.0,0,0,0.0,0.0,0,0.0,0,0,0,0,,,0,0.0,periferico
ES_16066,16066,Casasimarro,63.87874294,3169.0,0,0,0.0,0.0,0,0.0,0,0,0,0,,,0,0.0,periferico
ES_16067,16067,Castejón,3.20986299,140.0,0,0,0.0,0.0,0,0.0,0,0,0,0,,,0,0.0,periferico
ES_13080,13080,Solana del Pino,1.84368367,332.0,0,0,0.0,0.0,0,0.0,0,0,0,0,,,0,0.0,periferico
ES_13081,13081,Terrinches,10.89910038,605.0,0,0,0.0,0.0,0,0.0,0,0,0,0,,,0,0.0,periferico
ES_13083,13083,Torralba de Calatrava,30.15539888,3063.0,0,0,0.0,0.0,0,0.0,0,0,0,0,,,0,0.0,periferico
ES_13084,13084,Torre de Juan Abad,2.43009331,970.0,0,0,0.0,0.0,0,0.0,0,0,0,0,,,0,0.0,periferico
ES_13085,13085,Torrenueva,18.6187275,2644.0,0,0,0.0,0.0,0,0.0,0,0,0,0,,,0,0.0,periferico
ES_13086,13086,Valdemanco del Esteras,1.13767107,162.0,0,0,0.0,0.0,0,0.0,0,0,0,0,,,0,0.0,periferico
ES_13087,13087,Valdepeñas,62.08041841,30380.0,0,0,0.0,0.0,0,0.0,0,0,0,0,,,0,0.0,periferico
ES_13089,13089,Villahermosa,4.73922053,1720.0,0,0,0.0,0.0,0,0.0,0,0,0,0,,,0,0.0,periferico
ES_13090,13090,Villamanrique,2.92067633,1082.0,0,0,0.0,0.0,0,0.0,0,0,0,0,,,0,0.0,periferico
ES_17069,17069,Fontanals de Cerdanya,18.58287584,532.0,0,0,0.0,0.0,0,0.0,0,0,0,0,,,0,0.0,periferico
ES_17070,17070,Fontanilles,18.10436369,170.0,0,0,0.0,0.0,0,0.0,0,0,0,0,,,0,0.0,periferico
ES_17071,17071,Fontcoberta,84.28556397,1441.0,0,0,0.0,0.0,0,0.0,0,0,0,0,,,0,0.0,periferico
ES_17073,17073,Fornells de la Selva,232.72996579,2732.0,0,0,0.0,0.0,0,0.0,0,0,0,0,,,0,0.0,periferico
ES_17074,17074,Fortià,72.32178127,787.0,0,0,0.0,0.0,0,0.0,0,0,0,0,,,0,0.0,periferico
ES_17075,17075,Garrigàs,23.80507566,469.0,0,0,0.0,0.0,0,0.0,0,0,0,0,,,0,0.0,periferico
ES_17077,17077,Garriguella,45.80136567,970.0,0,0,0.0,0.0,0,0.0,0,0,0,0,,,0,0.0,periferico
ES_17079,17079,Girona,2681.1984202,104038.0,0,0,0.0,0.0,0,0.0,0,0,0,0,,,0,0.0,periferico
ES_17081,17081,Gualta,48.37327556,439.0,0,0,0.0,0.0,0,0.0,0,0,0,0,,,0,0.0,periferico
ES_17082,17082,Guils de Cerdanya,27.12284529,601.0,0,0,0.0,0.0,0,0.0,0,0,0,0,,,0,0.0,periferico
ES_16070,16070,Castillejo-Sierra,1.15172181,35.0,0,0,0.0,0.0,0,0.0,0,0,0,0,,,0,0.0,periferico
ES_16071,16071,Castillo-Albaráñez,1.85253338,23.0,0,0,0.0,0.0,0,0.0,0,0,0,0,,,0,0.0,periferico
ES_16073,16073,Cervera del Llano,3.7855048,210.0,0,0,0.0,0.0,0,0.0,0,0,0,0,,,0,0.0,periferico
ES_16074,16074,"Cierva, La",0.52974697,38.0,0,0,0.0,0.0,0,0.0,0,0,0,0,,,0,0.0,periferico
ES_16078,16078,Cuenca,58.85808077,53630.0,0,0,0.0,0.0,0,0.0,0,0,0,0,,,0,0.0,periferico
ES_16079,16079,Cueva del Hierro,1.02805387,29.0,0,0,0.0,0.0,0,0.0,0,0,0,0,,,0,0.0,periferico
ES_16081,16081,Chumillas,1.67921166,66.0,0,0,0.0,0.0,0,0.0,0,0,0,0,,,0,0.0,periferico
ES_16083,16083,Fresneda de Altarejos,0.66770028,40.0,0,0,0.0,0.0,0,0.0,0,0,0,0,,,0,0.0,periferico
ES_16084,16084,Fresneda de la Sierra,1.25365353,40.0,0,0,0.0,0.0,0,0.0,0,0,0,0,,,0,0.0,periferico
ES_16085,16085,"Frontera, La",4.42302261,153.0,0,0,0.0,0.0,0,0.0,0,0,0,0,,,0,0.0,periferico
ES_16086,16086,Fuente de Pedro Naharro,19.48833458,1238.0,0,0,0.0,0.0,0,0.0,0,0,0,0,,,0,0.0,periferico
ES_13091,13091,Villamayor de Calatrava,4.41964815,640.0,0,0,0.0,0.0,0,0.0,0,0,0,0,,,0,0.0,periferico
ES_13093,13093,Villanueva de los Infantes,35.08229351,4739.0,0,0,0.0,0.0,0,0.0,0,0,0,0,,,0,0.0,periferico
ES_13094,13094,Villanueva de San Carlos,2.56759003,280.0,0,0,0.0,0.0,0,0.0,0,0,0,0,,,0,0.0,periferico
ES_13096,13096,Villarrubia de los Ojos,34.5973424,9751.0,0,0,0.0,0.0,0,0.0,0,0,0,0,,,0,0.0,periferico
ES_13097,13097,Villarta de San Juan,41.04531544,2710.0,0,0,0.0,0.0,0,0.0,0,0,0,0,,,0,0.0,periferico
ES_13098,13098,Viso del Marqués,4.01895686,2143.0,0,0,0.0,0.0,0,0.0,0,0,0,0,,,0,0.0,periferico
ES_13901,13901,"Robledo, El",10.12186565,1068.0,0,0,0.0,0.0,0,0.0,0,0,0,0,,,0,0.0,periferico
ES_13904,13904,Llanos del Caudillo,34.09918346,697.0,0,0,0.0,0.0,0,0.0,0,0,0,0,,,0,0.0,periferico
ES_14001,14001,Adamuz,12.19407919,4085.0,0,0,0.0,0.0,0,0.0,0,0,0,0,,,0,0.0,periferico
ES_17083,17083,Hostalric,1302.93426071,4396.0,0,0,0.0,0.0,0,0.0,0,0,0,0,,,0,0.0,periferico
ES_17084,17084,Isòvol,31.73391581,338.0,0,0,0.0,0.0,0,0.0,0,0,0,0,,,0,0.0,periferico
ES_17085,17085,Jafre,58.16466407,388.0,0,0,0.0,0.0,0,0.0,0,0,0,0,,,0,0.0,periferico
ES_17086,17086,"Jonquera, La",58.41691774,3351.0,0,0,0.0,0.0,0,0.0,0,0,0,0,,,0,0.0,periferico
ES_17087,17087,Juià,40.41992265,337.0,0,0,0.0,0.0,0,0.0,0,0,0,0,,,0,0.0,periferico
ES_17088,17088,Lladó,62.30582876,848.0,0,0,0.0,0.0,0,0.0,0,0,0,0,,,0,0.0,periferico
ES_17089,17089,Llagostera,119.34537868,9197.0,0,0,0.0,0.0,0,0.0,0,0,0,0,,,0,0.0,periferico
ES_17090,17090,Llambilles,47.99992385,714.0,0,0,0.0,0.0,0,0.0,0,0,0,0,,,0,0.0,periferico
ES_17093,17093,Llers,57.61225752,1225.0,0,0,0.0,0.0,0,0.0,0,0,0,0,,,0,0.0,periferico
ES_16088,16088,Fuentelespino de Moya,1.62765557,107.0,0,0,0.0,0.0,0,0.0,0,0,0,0,,,0,0.0,periferico
ES_16095,16095,Graja de Campalbo,3.99415939,89.0,0,0,0.0,0.0,0,0.0,0,0,0,0,,,0,0.0,periferico
ES_16096,16096,Graja de Iniesta,12.82247264,362.0,0,0,0.0,0.0,0,0.0,0,0,0,0,,,0,0.0,periferico
ES_16097,16097,Henarejos,0.91854441,134.0,0,0,0.0,0.0,0,0.0,0,0,0,0,,,0,0.0,periferico
ES_16098,16098,"Herrumblar, El",16.17701852,746.0,0,0,0.0,0.0,0,0.0,0,0,0,0,,,0,0.0,periferico
ES_16099,16099,"Hinojosa, La",4.53313597,191.0,0,0,0.0,0.0,0,0.0,0,0,0,0,,,0,0.0,periferico
ES_14002,14002,Aguilar de la Frontera,79.84237768,13263.0,0,0,0.0,0.0,0,0.0,0,0,0,0,,,0,0.0,periferico
ES_14003,14003,Alcaracejos,8.50594748,1496.0,0,0,0.0,0.0,0,0.0,0,0,0,0,,,0,0.0,periferico
ES_14004,14004,Almedinilla,41.98157595,2331.0,0,0,0.0,0.0,0,0.0,0,0,0,0,,,0,0.0,periferico
ES_14006,14006,Añora,13.47237744,1515.0,0,0,0.0,0.0,0,0.0,0,0,0,0,,,0,0.0,periferico
ES_14007,14007,Baena,50.93382005,18459.0,0,0,0.0,0.0,0,0.0,0,0,0,0,,,0,0.0,periferico
ES_14008,14008,Belalcázar,8.78986673,3129.0,0,0,0.0,0.0,0,0.0,0,0,0,0,,,0,0.0,periferico
ES_14009,14009,Belmez,13.6373865,2829.0,0,0,0.0,0.0,0,0.0,0,0,0,0,,,0,0.0,periferico
ES_14010,14010,Benamejí,93.14411741,4973.0,0,0,0.0,0.0,0,0.0,0,0,0,0,,,0,0.0,periferico
ES_14011,14011,"Blázquez, Los",6.28982345,645.0,0,0,0.0,0.0,0,0.0,0,0,0,0,,,0,0.0,periferico
ES_14012,14012,Bujalance,57.59833172,7190.0,0,0,0.0,0.0,0,0.0,0,0,0,0,,,0,0.0,periferico
ES_14013,14013,Cabra,87.58797148,20065.0,0,0,0.0,0.0,0,0.0,0,0,0,0,,,0,0.0,periferico
ES_14014,14014,Cañete de las Torres,27.31442587,2827.0,0,0,0.0,0.0,0,0.0,0,0,0,0,,,0,0.0,periferico
ES_17096,17096,"Llosses, Les",1.76389039,202.0,0,0,0.0,0.0,0,0.0,0,0,0,0,,,0,0.0,periferico
ES_17097,17097,Madremanya,21.68763262,295.0,0,0,0.0,0.0,0,0.0,0,0,0,0,,,0,0.0,periferico
ES_17098,17098,Maià de Montcal,26.92013504,464.0,0,0,0.0,0.0,0,0.0,0,0,0,0,,,0,0.0,periferico
ES_17099,17099,Meranges,3.07625517,116.0,0,0,0.0,0.0,0,0.0,0,0,0,0,,,0,0.0,periferico
ES_17100,17100,Masarac,23.95942002,301.0,0,0,0.0,0.0,0,0.0,0,0,0,0,,,0,0.0,periferico
ES_17101,17101,Massanes,32.01397188,830.0,0,0,0.0,0.0,0,0.0,0,0,0,0,,,0,0.0,periferico
ES_17102,17102,Maçanet de Cabrenys,11.14387363,755.0,0,0,0.0,0.0,0,0.0,0,0,0,0,,,0,0.0,periferico
ES_17103,17103,Maçanet de la Selva,171.12992797,7822.0,0,0,0.0,0.0,0,0.0,0,0,0,0,,,0,0.0,periferico
ES_17105,17105,Mieres,13.43084181,351.0,0,0,0.0,0.0,0,0.0,0,0,0,0,,,0,0.0,periferico
ES_17107,17107,Molló,8.71374777,376.0,0,0,0.0,0.0,0,0.0,0,0,0,0,,,0,0.0,periferico
ES_17109,17109,Montagut i Oix,10.49520104,981.0,0,0,0.0,0.0,0,0.0,0,0,0,0,,,0,0.0,periferico
ES_17110,17110,Mont-ras,134.81890375,1670.0,0,0,0.0,0.0,0,0.0,0,0,0,0,,,0,0.0,periferico
ES_17151,17151,Riumors,36.84293158,235.0,0,0,0.0,0.0,0,0.0,0,0,0,0,,,0,0.0,periferico
ES_17152,17152,Roses,434.80938138,19984.0,0,0,0.0,0.0,0,0.0,0,0,0,0,,,0,0.0,periferico
ES_17153,17153,Rupià,58.68872484,316.0,0,0,0.0,0.0,0,0.0,0,0,0,0,,,0,0.0,periferico
ES_17154,17154,Sales de Llierca,4.66195035,167.0,0,0,0.0,0.0,0,0.0,0,0,0,0,,,0,0.0,periferico
ES_17155,17155,Salt,5046.27855371,33337.0,0,0,0.0,0.0,0,0.0,0,0,0,0,,,0,0.0,periferico
ES_17157,17157,Sant Andreu Salou,29.38760192,171.0,0,0,0.0,0.0,0,0.0,0,0,0,0,,,0,0.0,periferico
ES_17158,17158,Sant Climent Sescebes,27.54524666,674.0,0,0,0.0,0.0,0,0.0,0,0,0,0,,,0,0.0,periferico
ES_17159,17159,Sant Feliu de Buixalleu,13.88674406,862.0,0,0,0.0,0.0,0,0.0,0,0,0,0,,,0,0.0,periferico
ES_17160,17160,Sant Feliu de Guíxols,1430.33807446,22643.0,0,0,0.0,0.0,0,0.0,0,0,0,0,,,0,0.0,periferico
ES_17161,17161,Sant Feliu de Pallerols,47.16095288,1596.0,0,0,0.0,0.0,0,0.0,0,0,0,0,,,0,0.0,periferico
ES_17162,17162,Sant Ferriol,5.93374565,251.0,0,0,0.0,0.0,0,0.0,0,0,0,0,,,0,0.0,periferico
ES_17163,17163,Sant Gregori,85.8043671,4198.0,0,0,0.0,0.0,0,0.0,0,0,0,0,,,0,0.0,periferico
ES_17164,17164,Sant Hilari Sacalm,70.71601607,5894.0,0,0,0.0,0.0,0,0.0,0,0,0,0,,,0,0.0,periferico
ES_14015,14015,Carcabuey,29.18471827,2330.0,0,0,0.0,0.0,0,0.0,0,0,0,0,,,0,0.0,periferico
ES_14016,14016,Cardeña,2.79836603,1438.0,0,0,0.0,0.0,0,0.0,0,0,0,0,,,0,0.0,periferico
ES_14017,14017,"Carlota, La",180.79220992,14290.0,0,0,0.0,0.0,0,0.0,0,0,0,0,,,0,0.0,periferico
ES_14018,14018,"Carpio, El",92.70874673,4326.0,0,0,0.0,0.0,0,0.0,0,0,0,0,,,0,0.0,periferico
ES_14019,14019,Castro del Río,34.86579352,7662.0,0,0,0.0,0.0,0,0.0,0,0,0,0,,,0,0.0,periferico
ES_14021,14021,Córdoba,258.58055651,324418.0,0,0,0.0,0.0,0,0.0,0,0,0,0,,,0,0.0,periferico
ES_14022,14022,Doña Mencía,294.5424447,4516.0,0,0,0.0,0.0,0,0.0,0,0,0,0,,,0,0.0,periferico
ES_14023,14023,Dos Torres,18.51335787,2391.0,0,0,0.0,0.0,0,0.0,0,0,0,0,,,0,0.0,periferico
ES_14024,14024,Encinas Reales,67.59706299,2255.0,0,0,0.0,0.0,0,0.0,0,0,0,0,,,0,0.0,periferico
ES_14025,14025,Espejo,56.88387899,3212.0,0,0,0.0,0.0,0,0.0,0,0,0,0,,,0,0.0,periferico
ES_14026,14026,Espiel,5.4574959,2386.0,0,0,0.0,0.0,0,0.0,0,0,0,0,,,0,0.0,periferico
ES_17111,17111,Navata,79.26198876,1460.0,0,0,0.0,0.0,0,0.0,0,0,0,0,,,0,0.0,periferico
ES_17112,17112,Ogassa,5.0142569,228.0,0,0,0.0,0.0,0,0.0,0,0,0,0,,,0,0.0,periferico
ES_17114,17114,Olot,1307.65213278,38003.0,0,0,0.0,0.0,0,0.0,0,0,0,0,,,0,0.0,periferico
ES_17117,17117,Palafrugell,884.00777282,23864.0,0,0,0.0,0.0,0,0.0,0,0,0,0,,,0,0.0,periferico
ES_17118,17118,Palamós,1312.37121418,18333.0,0,0,0.0,0.0,0,0.0,0,0,0,0,,,0,0.0,periferico
ES_17121,17121,Palau-sator,25.41016635,318.0,0,0,0.0,0.0,0,0.0,0,0,0,0,,,0,0.0,periferico
ES_17123,17123,Palol de Revardit,25.99178854,470.0,0,0,0.0,0.0,0,0.0,0,0,0,0,,,0,0.0,periferico
ES_17124,17124,Pals,99.68027552,2566.0,0,0,0.0,0.0,0,0.0,0,0,0,0,,,0,0.0,periferico
ES_17165,17165,Sant Jaume de Llierca,125.59546666,868.0,0,0,0.0,0.0,0,0.0,0,0,0,0,,,0,0.0,periferico
ES_17166,17166,Sant Jordi Desvalls,71.11402387,847.0,0,0,0.0,0.0,0,0.0,0,0,0,0,,,0,0.0,periferico
ES_17167,17167,Sant Joan de les Abadesses,61.36079519,3295.0,0,0,0.0,0.0,0,0.0,0,0,0,0,,,0,0.0,periferico
ES_17169,17169,Sant Julià de Ramis,197.60096984,3699.0,0,0,0.0,0.0,0,0.0,0,0,0,0,,,0,0.0,periferico
ES_17170,17170,Vallfogona de Ripollès,5.69380159,222.0,0,0,0.0,0.0,0,0.0,0,0,0,0,,,0,0.0,periferico
ES_17172,17172,Sant Martí de Llémena,16.4898048,709.0,0,0,0.0,0.0,0,0.0,0,0,0,0,,,0,0.0,periferico
ES_17173,17173,Sant Martí Vell,15.57692386,269.0,0,0,0.0,0.0,0,0.0,0,0,0,0,,,0,0.0,periferico
ES_17175,17175,Sant Miquel de Fluvià,234.74259342,834.0,0,0,0.0,0.0,0,0.0,0,0,0,0,,,0,0.0,periferico
ES_17176,17176,Sant Mori,24.09170982,178.0,0,0,0.0,0.0,0,0.0,0,0,0,0,,,0,0.0,periferico
ES_10178,10178,Talaván,7.89834663,778.0,0,0,0.0,0.0,0,0.0,0,0,0,0,,,0,0.0,periferico
ES_10179,10179,Talaveruela de la Vera,14.2183045,303.0,0,0,0.0,0.0,0,0.0,0,0,0,0,,,0,0.0,periferico
ES_10180,10180,Talayuela,39.95931681,7239.0,0,0,0.0,0.0,0,0.0,0,0,0,0,,,0,0.0,periferico
ES_10181,10181,Tejeda de Tiétar,14.4431828,763.0,0,0,0.0,0.0,0,0.0,0,0,0,0,,,0,0.0,periferico
ES_10183,10183,Tornavacas,13.32175606,1020.0,0,0,0.0,0.0,0,0.0,0,0,0,0,,,0,0.0,periferico
ES_10184,10184,"Torno, El",38.08723057,833.0,0,0,0.0,0.0,0,0.0,0,0,0,0,,,0,0.0,periferico
ES_10185,10185,Torrecilla de los Ángeles,15.30910985,663.0,0,0,0.0,0.0,0,0.0,0,0,0,0,,,0,0.0,periferico
ES_36009,36009,"Cañiza, A",48.39624604,5084.0,0,0,0.0,0.0,0,0.0,0,0,0,0,,,0,0.0,periferico
ES_36022,36022,"Grove, O",499.07422099,10883.0,0,0,0.0,0.0,0,0.0,0,0,0,0,,,0,0.0,periferico
ES_36033,36033,Mos,282.51533268,15065.0,0,0,0.0,0.0,0,0.0,0,0,0,0,,,0,0.0,periferico
ES_36042,36042,Ponteareas,184.43199441,23152.0,0,0,0.0,0.0,0,0.0,0,0,0,0,,,0,0.0,periferico
ES_36054,36054,Tomiño,130.19980923,13873.0,0,0,0.0,0.0,0,0.0,0,0,0,0,,,0,0.0,periferico
ES_36902,36902,Cerdedo-Cotobade,26.72782902,5700.0,0,0,0.0,0.0,0,0.0,0,0,0,0,,,0,0.0,periferico
ES_20019,20019,Beasain,463.55601209,13908.0,0,0,0.0,0.0,0,0.0,0,0,0,0,,,0,0.0,periferico
ES_20030,20030,Eibar,1098.21032717,27179.0,0,0,0.0,0.0,0,0.0,0,0,0,0,,,0,0.0,periferico
ES_20040,20040,Hernani,512.80485486,20423.0,0,0,0.0,0.0,0,0.0,0,0,0,0,,,0,0.0,periferico
ES_37029,37029,Anaya de Alba,5.04698821,187.0,0,0,0.0,0.0,0,0.0,0,0,0,0,,,0,0.0,periferico
ES_37041,37041,Barbalos,1.89005954,71.0,0,0,0.0,0.0,0,0.0,0,0,0,0,,,0,0.0,periferico
ES_37055,37055,Bogajo,3.94989447,130.0,0,0,0.0,0.0,0,0.0,0,0,0,0,,,0,0.0,periferico
ES_37067,37067,Cabrerizos,363.26561745,4222.0,0,0,0.0,0.0,0,0.0,0,0,0,0,,,0,0.0,periferico
ES_33012,33012,Cangas de Onís,29.93346705,6380.0,0,0,0.0,0.0,0,0.0,0,0,0,0,,,0,0.0,periferico
ES_22167,22167,Osso de Cinca,23.3248524,644.0,0,0,0.0,0.0,0,0.0,0,0,0,0,,,0,0.0,periferico
ES_22199,22199,Sabiñánigo,16.00500141,9394.0,0,0,0.0,0.0,0,0.0,0,0,0,0,,,0,0.0,periferico
ES_22227,22227,Tella-Sin,2.53476923,227.0,0,0,0.0,0.0,0,0.0,0,0,0,0,,,0,0.0,periferico
ES_37334,37334,Valdelageve,4.2181879,69.0,0,0,0.0,0.0,0,0.0,0,0,0,0,,,0,0.0,periferico
ES_37345,37345,Vega de Tirados,5.65999988,159.0,0,0,0.0,0.0,0,0.0,0,0,0,0,,,0,0.0,periferico
ES_37358,37358,Villar de Gallimazo,4.42492616,196.0,0,0,0.0,0.0,0,0.0,0,0,0,0,,,0,0.0,periferico
ES_37005,37005,"Alameda de Gardón, La",2.44738084,79.0,0,0,0.0,0.0,0,0.0,0,0,0,0,,,0,0.0,periferico
ES_37018,37018,Aldeanueva de la Sierra,7.38291193,107.0,0,0,0.0,0.0,0,0.0,0,0,0,0,,,0,0.0,periferico
ES_49092,49092,Granucillo,3.44950149,112.0,0,0,0.0,0.0,0,0.0,0,0,0,0,,,0,0.0,periferico
ES_49103,49103,Madridanos,14.51790798,466.0,0,0,0.0,0.0,0,0.0,0,0,0,0,,,0,0.0,periferico
ES_23027,23027,Cazalilla,15.80633716,737.0,0,0,0.0,0.0,0,0.0,0,0,0,0,,,0,0.0,periferico
ES_23038,23038,"Guardia de Jaén, La",135.11063541,5189.0,0,0,0.0,0.0,0,0.0,0,0,0,0,,,0,0.0,periferico
ES_23051,23051,Jamilena,368.92220532,3322.0,0,0,0.0,0.0,0,0.0,0,0,0,0,,,0,0.0,periferico
ES_23061,23061,Mengíbar,161.51766596,10068.0,0,0,0.0,0.0,0,0.0,0,0,0,0,,,0,0.0,periferico
ES_23073,23073,Quesada,15.26942643,5014.0,0,0,0.0,0.0,0,0.0,0,0,0,0,,,0,0.0,periferico
ES_24031,24031,Calzada del Coto,3.98038016,223.0,0,0,0.0,0.0,0,0.0,0,0,0,0,,,0,0.0,periferico
ES_24044,24044,Castrillo de la Valduerna,6.08291755,143.0,0,0,0.0,0.0,0,0.0,0,0,0,0,,,0,0.0,periferico
ES_24060,24060,Crémenes,3.51373372,538.0,0,0,0.0,0.0,0,0.0,0,0,0,0,,,0,0.0,periferico
ES_33024,33024,Gijón,1479.06035083,268948.0,0,0,0.0,0.0,0,0.0,0,0,0,0,,,0,0.0,periferico
ES_33035,33035,Llanera,130.77948528,13949.0,0,0,0.0,0.0,0,0.0,0,0,0,0,,,0,0.0,periferico
ES_33046,33046,Peñamellera Alta,5.78146661,533.0,0,0,0.0,0.0,0,0.0,0,0,0,0,,,0,0.0,periferico
ES_33058,33058,Riosa,37.74572068,1756.0,0,0,0.0,0.0,0,0.0,0,0,0,0,,,0,0.0,periferico
ES_34009,34009,Amayuelas de Arriba,3.54395445,36.0,0,0,0.0,0.0,0,0.0,0,0,0,0,,,0,0.0,periferico
ES_34027,34027,Barruelo de Santullán,22.13415725,1180.0,0,0,0.0,0.0,0,0.0,0,0,0,0,,,0,0.0,periferico
ES_34041,34041,Calahorra de Boedo,4.83617781,87.0,0,0,0.0,0.0,0,0.0,0,0,0,0,,,0,0.0,periferico
ES_46263,46263,Zarra,7.42050479,369.0,0,0,0.0,0.0,0,0.0,0,0,0,0,,,0,0.0,periferico
ES_47007,47007,Aldeamayor de San Martín,112.71053524,6035.0,0,0,0.0,0.0,0,0.0,0,0,0,0,,,0,0.0,periferico
ES_22041,22041,Azara,11.72816204,170.0,0,0,0.0,0.0,0,0.0,0,0,0,0,,,0,0.0,periferico
ES_22050,22050,Barbuñales,5.12015469,96.0,0,0,0.0,0.0,0,0.0,0,0,0,0,,,0,0.0,periferico
ES_23087,23087,Torredonjimeno,84.25039132,13297.0,0,0,0.0,0.0,0,0.0,0,0,0,0,,,0,0.0,periferico
ES_24007,24007,Arganza,20.24087391,809.0,0,0,0.0,0.0,0,0.0,0,0,0,0,,,0,0.0,periferico
ES_24018,24018,Bercianos del Real Camino,5.46590647,187.0,0,0,0.0,0.0,0,0.0,0,0,0,0,,,0,0.0,periferico
ES_39044,39044,Miengo,213.68269085,5207.0,0,0,0.0,0.0,0,0.0,0,0,0,0,,,0,0.0,periferico
ES_39054,39054,Polanco,350.51850583,6172.0,0,0,0.0,0.0,0,0.0,0,0,0,0,,,0,0.0,periferico
ES_39063,39063,Rionansa,8.76661627,1037.0,0,0,0.0,0.0,0,0.0,0,0,0,0,,,0,0.0,periferico
ES_39074,39074,Santa María de Cayón,196.61147357,9393.0,0,0,0.0,0.0,0,0.0,0,0,0,0,,,0,0.0,periferico
ES_26059,26059,Entrena,77.59437099,1634.0,0,0,0.0,0.0,0,0.0,0,0,0,0,,,0,0.0,periferico
ES_26069,26069,Grañón,7.57586007,235.0,0,0,0.0,0.0,0,0.0,0,0,0,0,,,0,0.0,periferico
ES_26080,26080,Igea,12.02175188,652.0,0,0,0.0,0.0,0,0.0,0,0,0,0,,,0,0.0,periferico
ES_26167,26167,Villalobar de Rioja,6.59408561,72.0,0,0,0.0,0.0,0,0.0,0,0,0,0,,,0,0.0,periferico
ES_26180,26180,Zarratón,13.82494229,258.0,0,0,0.0,0.0,0,0.0,0,0,0,0,,,0,0.0,periferico
ES_27009,27009,Carballedo,14.9349328,2074.0,0,0,0.0,0.0,0,0.0,0,0,0,0,,,0,0.0,periferico
ES_27020,27020,Friol,12.36767322,3613.0,0,0,0.0,0.0,0,0.0,0,0,0,0,,,0,0.0,periferico
ES_47022,47022,Bocos de Duero,13.02581836,81.0,0,0,0.0,0.0,0,0.0,0,0,0,0,,,0,0.0,periferico
ES_21011,21011,Beas,30.23747529,4376.0,0,0,0.0,0.0,0,0.0,0,0,0,0,,,0,0.0,periferico
ES_21021,21021,Cartaya,94.18001261,21209.0,0,0,0.0,0.0,0,0.0,0,0,0,0,,,0,0.0,periferico
ES_21045,21045,Linares de la Sierra,9.65811659,282.0,0,0,0.0,0.0,0,0.0,0,0,0,0,,,0,0.0,periferico
ES_21070,21070,Trigueros,67.94407538,8014.0,0,0,0.0,0.0,0,0.0,0,0,0,0,,,0,0.0,periferico
ES_22001,22001,Abiego,6.8340684,261.0,0,0,0.0,0.0,0,0.0,0,0,0,0,,,0,0.0,periferico
ES_22027,22027,Angüés,6.65069445,376.0,0,0,0.0,0.0,0,0.0,0,0,0,0,,,0,0.0,periferico
ES_37193,37193,Miranda del Castañar,18.60514034,392.0,0,0,0.0,0.0,0,0.0,0,0,0,0,,,0,0.0,periferico
ES_47032,47032,Camporredondo,8.7665593,153.0,0,0,0.0,0.0,0,0.0,0,0,0,0,,,0,0.0,periferico
ES_47059,47059,Curiel de Duero,6.48021688,123.0,0,0,0.0,0.0,0,0.0,0,0,0,0,,,0,0.0,periferico
ES_47071,47071,Geria,27.31007547,496.0,0,0,0.0,0.0,0,0.0,0,0,0,0,,,0,0.0,periferico
ES_47082,47082,Matapozuelos,19.91205394,1005.0,0,0,0.0,0.0,0,0.0,0,0,0,0,,,0,0.0,periferico
ES_26102,26102,Nájera,215.04937053,8050.0,0,0,0.0,0.0,0,0.0,0,0,0,0,,,0,0.0,periferico
ES_26113,26113,Pazuengos,1.07349063,27.0,0,0,0.0,0.0,0,0.0,0,0,0,0,,,0,0.0,periferico
ES_26124,26124,Ribafrecha,30.04057263,1039.0,0,0,0.0,0.0,0,0.0,0,0,0,0,,,0,0.0,periferico
ES_26135,26135,Santa Engracia del Jubera,2.31179017,199.0,0,0,0.0,0.0,0,0.0,0,0,0,0,,,0,0.0,periferico
ES_26151,26151,Torrecilla en Cameros,14.2769236,435.0,0,0,0.0,0.0,0,0.0,0,0,0,0,,,0,0.0,periferico
ES_43008,43008,Alfara de Carles,5.68746938,364.0,0,0,0.0,0.0,0,0.0,0,0,0,0,,,0,0.0,periferico
ES_43020,43020,Banyeres del Penedès,274.03245906,3356.0,0,0,0.0,0.0,0,0.0,0,0,0,0,,,0,0.0,periferico
ES_43034,43034,Bràfim,108.23406413,687.0,0,0,0.0,0.0,0,0.0,0,0,0,0,,,0,0.0,periferico
ES_43044,43044,"Sénia, La",51.54020135,5602.0,0,0,0.0,0.0,0,0.0,0,0,0,0,,,0,0.0,periferico
ES_31074,31074,Cirauqui,11.30135586,468.0,0,0,0.0,0.0,0,0.0,0,0,0,0,,,0,0.0,periferico
ES_31183,31183,Obanos,46.21054803,919.0,0,0,0.0,0.0,0,0.0,0,0,0,0,,,0,0.0,periferico
ES_31193,31193,Cendea de Olza,44.52564534,1836.0,0,0,0.0,0.0,0,0.0,0,0,0,0,,,0,0.0,periferico
ES_31205,31205,Pitillas,12.48600888,529.0,0,0,0.0,0.0,0,0.0,0,0,0,0,,,0,0.0,periferico
ES_37211,37211,Narros de Matalayegua,2.80716607,208.0,0,0,0.0,0.0,0,0.0,0,0,0,0,,,0,0.0,periferico
ES_37225,37225,Pajares de la Laguna,11.33431279,109.0,0,0,0.0,0.0,0,0.0,0,0,0,0,,,0,0.0,periferico
ES_25127,25127,Lles de Cerdanya,2.87262899,295.0,0,0,0.0,0.0,0,0.0,0,0,0,0,,,0,0.0,periferico
ES_25140,25140,Montferrer i Castellbò,6.17684707,1093.0,0,0,0.0,0.0,0,0.0,0,0,0,0,,,0,0.0,periferico
ES_31091,31091,Ergoiena,9.15015341,382.0,0,0,0.0,0.0,0,0.0,0,0,0,0,,,0,0.0,periferico
ES_31099,31099,Etayo,5.11939142,69.0,0,0,0.0,0.0,0,0.0,0,0,0,0,,,0,0.0,periferico
ES_40041,40041,Cantimpalos,51.62879767,1359.0,0,0,0.0,0.0,0,0.0,0,0,0,0,,,0,0.0,periferico
ES_40054,40054,Cerezo de Arriba,2.76174738,135.0,0,0,0.0,0.0,0,0.0,0,0,0,0,,,0,0.0,periferico
ES_40069,40069,Donhierro,4.98279602,86.0,0,0,0.0,0.0,0,0.0,0,0,0,0,,,0,0.0,periferico
ES_40080,40080,Fresno de la Fuente,4.53732528,80.0,0,0,0.0,0.0,0,0.0,0,0,0,0,,,0,0.0,periferico
ES_24169,24169,Toreno,28.09998205,2909.0,0,0,0.0,0.0,0,0.0,0,0,0,0,,,0,0.0,periferico
ES_40092,40092,Fuentidueña,2.8889747,146.0,0,0,0.0,0.0,0,0.0,0,0,0,0,,,0,0.0,periferico
ES_40107,40107,Labajos,5.24410418,110.0,0,0,0.0,0.0,0,0.0,0,0,0,0,,,0,0.0,periferico
ES_27024,27024,"Incio, O",10.49872151,1534.0,0,0,0.0,0.0,0,0.0,0,0,0,0,,,0,0.0,periferico
ES_27034,27034,Navia de Suarna,4.04681013,987.0,0,0,0.0,0.0,0,0.0,0,0,0,0,,,0,0.0,periferico
ES_27048,27048,"Pontenova, A",15.72226768,2135.0,0,0,0.0,0.0,0,0.0,0,0,0,0,,,0,0.0,periferico
ES_27058,27058,"Saviñao, O",17.84963056,3508.0,0,0,0.0,0.0,0,0.0,0,0,0,0,,,0,0.0,periferico
ES_28012,28012,Anchuelo,63.70786682,1379.0,0,0,0.0,0.0,0,0.0,0,0,0,0,,,0,0.0,periferico
ES_28023,28023,"Boalo, El",213.59298602,8429.0,0,0,0.0,0.0,0,0.0,0,0,0,0,,,0,0.0,periferico
ES_37231,37231,Parada de Rubiales,7.91558826,250.0,0,0,0.0,0.0,0,0.0,0,0,0,0,,,0,0.0,periferico
ES_37256,37256,Poveda de las Cintas,8.42158767,200.0,0,0,0.0,0.0,0,0.0,0,0,0,0,,,0,0.0,periferico
ES_29018,29018,Ardales,23.61652982,2516.0,0,0,0.0,0.0,0,0.0,0,0,0,0,,,0,0.0,periferico
ES_29029,29029,Benarrabá,18.14443685,452.0,0,0,0.0,0.0,0,0.0,0,0,0,0,,,0,0.0,periferico
ES_29040,29040,Casarabonela,22.46348233,2555.0,0,0,0.0,0.0,0,0.0,0,0,0,0,,,0,0.0,periferico
ES_29051,29051,Estepona,560.3349621,77068.0,0,0,0.0,0.0,0,0.0,0,0,0,0,,,0,0.0,periferico
ES_43051,43051,Cunit,1579.71302649,15246.0,0,0,0.0,0.0,0,0.0,0,0,0,0,,,0,0.0,periferico
ES_43061,43061,Forès,2.84678982,47.0,0,0,0.0,0.0,0,0.0,0,0,0,0,,,0,0.0,periferico
ES_43071,43071,Horta de Sant Joan,9.86124759,1172.0,0,0,0.0,0.0,0,0.0,0,0,0,0,,,0,0.0,periferico
ES_43084,43084,Miravet,21.12226998,691.0,0,0,0.0,0.0,0,0.0,0,0,0,0,,,0,0.0,periferico
ES_43095,43095,"Morell, El",655.48619354,3881.0,0,0,0.0,0.0,0,0.0,0,0,0,0,,,0,0.0,periferico
ES_43106,43106,"Pinell de Brai, El",17.62357217,1009.0,0,0,0.0,0.0,0,0.0,0,0,0,0,,,0,0.0,periferico
ES_43119,43119,Puigpelat,127.57955548,1220.0,0,0,0.0,0.0,0,0.0,0,0,0,0,,,0,0.0,periferico
ES_28027,28027,Buitrago del Lozoya,75.2109472,1954.0,0,0,0.0,0.0,0,0.0,0,0,0,0,,,0,0.0,periferico
ES_28040,28040,Ciempozuelos,519.84213957,25672.0,0,0,0.0,0.0,0,0.0,0,0,0,0,,,0,0.0,periferico
ES_28052,28052,Chinchón,48.93864901,5670.0,0,0,0.0,0.0,0,0.0,0,0,0,0,,,0,0.0,periferico
ES_43166,43166,Vilallonga del Camp,267.11496599,2436.0,0,0,0.0,0.0,0,0.0,0,0,0,0,,,0,0.0,periferico
ES_43177,43177,Vinebre,15.40730039,410.0,0,0,0.0,0.0,0,0.0,0,0,0,0,,,0,0.0,periferico
ES_44003,44003,Aguatón,0.69210557,15.0,0,0,0.0,0.0,0,0.0,0,0,0,0,,,0,0.0,periferico
ES_47179,47179,Valbuena de Duero,8.76136197,408.0,0,0,0.0,0.0,0,0.0,0,0,0,0,,,0,0.0,periferico
ES_47192,47192,Ventosa de la Cuesta,6.71833246,109.0,0,0,0.0,0.0,0,0.0,0,0,0,0,,,0,0.0,periferico
ES_47207,47207,Villagarcía de Campos,7.56156512,283.0,0,0,0.0,0.0,0,0.0,0,0,0,0,,,0,0.0,periferico
ES_47220,47220,Villanueva de los Caballeros,4.64007459,162.0,0,0,0.0,0.0,0,0.0,0,0,0,0,,,0,0.0,periferico
ES_37263,37263,Puerto de Béjar,34.67332995,361.0,0,0,0.0,0.0,0,0.0,0,0,0,0,,,0,0.0,periferico
ES_37276,37276,Salmoral,4.91568307,113.0,0,0,0.0,0.0,0,0.0,0,0,0,0,,,0,0.0,periferico
ES_37286,37286,San Martín del Castañar,15.47132769,240.0,0,0,0.0,0.0,0,0.0,0,0,0,0,,,0,0.0,periferico
ES_37301,37301,Sardón de los Frailes,3.0187935,98.0,0,0,0.0,0.0,0,0.0,0,0,0,0,,,0,0.0,periferico
ES_37315,37315,"Tala, La",6.32876644,78.0,0,0,0.0,0.0,0,0.0,0,0,0,0,,,0,0.0,periferico
ES_25001,25001,Abella de la Conca,2.12869061,166.0,0,0,0.0,0.0,0,0.0,0,0,0,0,,,0,0.0,periferico
ES_43136,43136,"Ràpita, La",288.6748619,15329.0,0,0,0.0,0.0,0,0.0,0,0,0,0,,,0,0.0,periferico
ES_43147,43147,Solivella,29.42835043,632.0,0,0,0.0,0.0,0,0.0,0,0,0,0,,,0,0.0,periferico
ES_46011,46011,Alberic,403.25341649,10812.0,0,0,0.0,0.0,0,0.0,0,0,0,0,,,0,0.0,periferico
ES_46032,46032,Almàssera,2793.45470241,7546.0,0,0,0.0,0.0,0,0.0,0,0,0,0,,,0,0.0,periferico
ES_46043,46043,Aielo de Rugat,21.17764184,166.0,0,0,0.0,0.0,0,0.0,0,0,0,0,,,0,0.0,periferico
ES_47228,47228,Villaverde de Medina,9.46706066,551.0,0,0,0.0,0.0,0,0.0,0,0,0,0,,,0,0.0,periferico
ES_48009,48009,Arrankudiaga-Zollo,43.71068787,992.0,0,0,0.0,0.0,0,0.0,0,0,0,0,,,0,0.0,periferico
ES_48022,48022,Karrantza Harana,19.55270177,2694.0,0,0,0.0,0.0,0,0.0,0,0,0,0,,,0,0.0,periferico
ES_48034,48034,Ermua,2408.02549033,15594.0,0,0,0.0,0.0,0,0.0,0,0,0,0,,,0,0.0,periferico
ES_25007,25007,Albatàrrec,208.47496605,2228.0,0,0,0.0,0.0,0,0.0,0,0,0,0,,,0,0.0,periferico
ES_25019,25019,Almacelles,142.56647827,6976.0,0,0,0.0,0.0,0,0.0,0,0,0,0,,,0,0.0,periferico
ES_25032,25032,Arsèguel,7.53990129,79.0,0,0,0.0,0.0,0,0.0,0,0,0,0,,,0,0.0,periferico
ES_25042,25042,"Baronia de Rialb, La",1.554977,225.0,0,0,0.0,0.0,0,0.0,0,0,0,0,,,0,0.0,periferico
ES_25057,25057,"Bòrdes, Es",13.01183719,280.0,0,0,0.0,0.0,0,0.0,0,0,0,0,,,0,0.0,periferico
ES_25070,25070,Castellserà,62.12513091,986.0,0,0,0.0,0.0,0,0.0,0,0,0,0,,,0,0.0,periferico
ES_41012,41012,Aznalcázar,10.79215408,4853.0,0,0,0.0,0.0,0,0.0,0,0,0,0,,,0,0.0,periferico
ES_41024,41024,Carmona,32.21527646,29698.0,0,0,0.0,0.0,0,0.0,0,0,0,0,,,0,0.0,periferico
ES_41034,41034,Coria del Río,493.59317756,30916.0,0,0,0.0,0.0,0,0.0,0,0,0,0,,,0,0.0,periferico
ES_46060,46060,Benifaió,595.1624808,11978.0,0,0,0.0,0.0,0,0.0,0,0,0,0,,,0,0.0,periferico
ES_46081,46081,Canals,609.11500469,13340.0,0,0,0.0,0.0,0,0.0,0,0,0,0,,,0,0.0,periferico
ES_46091,46091,Castellonet de la Conquesta,27.74363453,151.0,0,0,0.0,0.0,0,0.0,0,0,0,0,,,0,0.0,periferico
ES_50181,50181,Muel,18.43547092,1459.0,0,0,0.0,0.0,0,0.0,0,0,0,0,,,0,0.0,periferico
ES_50190,50190,Novallas,74.47885794,850.0,0,0,0.0,0.0,0,0.0,0,0,0,0,,,0,0.0,periferico
ES_40135,40135,Muñopedro,3.50869715,306.0,0,0,0.0,0.0,0,0.0,0,0,0,0,,,0,0.0,periferico
ES_41046,41046,Gilena,72.38931452,3692.0,0,0,0.0,0.0,0,0.0,0,0,0,0,,,0,0.0,periferico
ES_28113,28113,Pinto,889.92650891,55178.0,0,0,0.0,0.0,0,0.0,0,0,0,0,,,0,0.0,periferico
ES_28123,28123,Rivas-Vaciamadrid,1486.00622136,100053.0,0,0,0.0,0.0,0,0.0,0,0,0,0,,,0,0.0,periferico
ES_28163,28163,Valdepiélagos,35.51678653,629.0,0,0,0.0,0.0,0,0.0,0,0,0,0,,,0,0.0,periferico
ES_28175,28175,Villamantilla,66.18828037,1584.0,0,0,0.0,0.0,0,0.0,0,0,0,0,,,0,0.0,periferico
ES_29001,29001,Alameda,83.31701403,5425.0,0,0,0.0,0.0,0,0.0,0,0,0,0,,,0,0.0,periferico
ES_29011,29011,Almogía,24.47949469,3986.0,0,0,0.0,0.0,0,0.0,0,0,0,0,,,0,0.0,periferico
ES_44132,44132,Lagueruela,2.73695707,72.0,0,0,0.0,0.0,0,0.0,0,0,0,0,,,0,0.0,periferico
ES_44145,44145,Mas de las Matas,41.15346417,1233.0,0,0,0.0,0.0,0,0.0,0,0,0,0,,,0,0.0,periferico
ES_50220,50220,Puendeluna,4.44777229,44.0,0,0,0.0,0.0,0,0.0,0,0,0,0,,,0,0.0,periferico
ES_50232,50232,Salvatierra de Esca,2.49869046,203.0,0,0,0.0,0.0,0,0.0,0,0,0,0,,,0,0.0,periferico
ES_50261,50261,Torrellas,94.61798133,238.0,0,0,0.0,0.0,0,0.0,0,0,0,0,,,0,0.0,periferico
ES_50271,50271,Used,3.17746975,271.0,0,0,0.0,0.0,0,0.0,0,0,0,0,,,0,0.0,periferico
ES_19232,19232,"Recuenco, El",0.93118911,70.0,0,0,0.0,0.0,0,0.0,0,0,0,0,,,0,0.0,periferico
ES_19244,19244,Sacecorbo,1.4350185,104.0,0,0,0.0,0.0,0,0.0,0,0,0,0,,,0,0.0,periferico
ES_19256,19256,Sienes,1.59332134,47.0,0,0,0.0,0.0,0,0.0,0,0,0,0,,,0,0.0,periferico
ES_31109,31109,Galar,57.01382618,2352.0,0,0,0.0,0.0,0,0.0,0,0,0,0,,,0,0.0,periferico
ES_31118,31118,Goñi,4.16292515,176.0,0,0,0.0,0.0,0,0.0,0,0,0,0,,,0,0.0,periferico
ES_31128,31128,Isaba,2.77063941,407.0,0,0,0.0,0.0,0,0.0,0,0,0,0,,,0,0.0,periferico
ES_31138,31138,Lakuntza,116.43784788,1293.0,0,0,0.0,0.0,0,0.0,0,0,0,0,,,0,0.0,periferico
ES_31149,31149,Leitza,51.76105873,3028.0,0,0,0.0,0.0,0,0.0,0,0,0,0,,,0,0.0,periferico
ES_31159,31159,Lumbier,23.14518667,1328.0,0,0,0.0,0.0,0,0.0,0,0,0,0,,,0,0.0,periferico
ES_31169,31169,Milagro,124.13260033,3529.0,0,0,0.0,0.0,0,0.0,0,0,0,0,,,0,0.0,periferico
ES_45168,45168,Toledo,369.6603081,85818.0,0,0,0.0,0.0,0,0.0,0,0,0,0,,,0,0.0,periferico
ES_45180,45180,Valmojado,178.69542643,4688.0,0,0,0.0,0.0,0,0.0,0,0,0,0,,,0,0.0,periferico
ES_45189,45189,Villamiel de Toledo,25.60098284,1068.0,0,0,0.0,0.0,0,0.0,0,0,0,0,,,0,0.0,periferico
ES_31211,31211,Orreaga,1.24493459,19.0,0,0,0.0,0.0,0,0.0,0,0,0,0,,,0,0.0,periferico
ES_31222,31222,Sarriés,2.74250979,63.0,0,0,0.0,0.0,0,0.0,0,0,0,0,,,0,0.0,periferico
ES_37089,37089,Casafranca,2.43361408,72.0,0,0,0.0,0.0,0,0.0,0,0,0,0,,,0,0.0,periferico
ES_37102,37102,"Cerro, El",14.23482446,368.0,0,0,0.0,0.0,0,0.0,0,0,0,0,,,0,0.0,periferico
ES_37127,37127,Espeja,2.14370403,211.0,0,0,0.0,0.0,0,0.0,0,0,0,0,,,0,0.0,periferico
ES_37137,37137,Fuenteliante,1.81460174,91.0,0,0,0.0,0.0,0,0.0,0,0,0,0,,,0,0.0,periferico
ES_37148,37148,Garcihernández,8.78663133,418.0,0,0,0.0,0.0,0,0.0,0,0,0,0,,,0,0.0,periferico
ES_37161,37161,Horcajo de Montemayor,3.66922149,110.0,0,0,0.0,0.0,0,0.0,0,0,0,0,,,0,0.0,periferico
ES_37175,37175,Machacón,23.69925085,443.0,0,0,0.0,0.0,0,0.0,0,0,0,0,,,0,0.0,periferico
ES_24180,24180,Valdepolo,8.40606062,1198.0,0,0,0.0,0.0,0,0.0,0,0,0,0,,,0,0.0,periferico
ES_24191,24191,Vallecillo,4.62101421,108.0,0,0,0.0,0.0,0,0.0,0,0,0,0,,,0,0.0,periferico
ES_24207,24207,Villademor de la Vega,17.80283458,296.0,0,0,0.0,0.0,0,0.0,0,0,0,0,,,0,0.0,periferico
ES_22068,22068,Borau,2.06033855,86.0,0,0,0.0,0.0,0,0.0,0,0,0,0,,,0,0.0,periferico
ES_22081,22081,Casbas de Huesca,2.19374662,291.0,0,0,0.0,0.0,0,0.0,0,0,0,0,,,0,0.0,periferico
ES_45901,45901,Santo Domingo-Caudilla,21.66310895,1166.0,0,0,0.0,0.0,0,0.0,0,0,0,0,,,0,0.0,periferico
ES_49148,49148,Peleas de Abajo,22.67071214,272.0,0,0,0.0,0.0,0,0.0,0,0,0,0,,,0,0.0,periferico
ES_49160,49160,Pobladura de Valderaduey,2.95088897,37.0,0,0,0.0,0.0,0,0.0,0,0,0,0,,,0,0.0,periferico
ES_49205,49205,Santibáñez de Tera,18.41061304,349.0,0,0,0.0,0.0,0,0.0,0,0,0,0,,,0,0.0,periferico
ES_50131,50131,Jaulín,6.31332835,291.0,0,0,0.0,0.0,0,0.0,0,0,0,0,,,0,0.0,periferico
ES_24069,24069,Escobar de Campos,1.98439838,34.0,0,0,0.0,0.0,0,0.0,0,0,0,0,,,0,0.0,periferico
ES_24084,24084,Izagre,3.27656596,145.0,0,0,0.0,0.0,0,0.0,0,0,0,0,,,0,0.0,periferico
ES_24095,24095,Mansilla Mayor,22.55962783,327.0,0,0,0.0,0.0,0,0.0,0,0,0,0,,,0,0.0,periferico
ES_24120,24120,Prioro,7.12047154,349.0,0,0,0.0,0.0,0,0.0,0,0,0,0,,,0,0.0,periferico
ES_24132,24132,Riello,2.57328957,607.0,0,0,0.0,0.0,0,0.0,0,0,0,0,,,0,0.0,periferico
ES_24145,24145,San Emiliano,2.87347288,607.0,0,0,0.0,0.0,0,0.0,0,0,0,0,,,0,0.0,periferico
ES_24157,24157,Santa María del Páramo,151.44571527,3045.0,0,0,0.0,0.0,0,0.0,0,0,0,0,,,0,0.0,periferico
ES_28057,28057,Fresno de Torote,78.89230384,2508.0,0,0,0.0,0.0,0,0.0,0,0,0,0,,,0,0.0,periferico
ES_28069,28069,"Hiruela, La",4.32976488,74.0,0,0,0.0,0.0,0,0.0,0,0,0,0,,,0,0.0,periferico
ES_28082,28082,Manzanares el Real,73.50008906,9396.0,0,0,0.0,0.0,0,0.0,0,0,0,0,,,0,0.0,periferico
ES_28095,28095,Navalagamella,39.71635996,3011.0,0,0,0.0,0.0,0,0.0,0,0,0,0,,,0,0.0,periferico
ES_47101,47101,Nava del Rey,15.28157833,1927.0,0,0,0.0,0.0,0,0.0,0,0,0,0,,,0,0.0,periferico
ES_47115,47115,Peñaflor de Hornija,5.15014885,341.0,0,0,0.0,0.0,0,0.0,0,0,0,0,,,0,0.0,periferico
ES_22099,22099,Esplús,9.19141034,671.0,0,0,0.0,0.0,0,0.0,0,0,0,0,,,0,0.0,periferico
ES_22113,22113,"Fueva, La",2.81167675,615.0,0,0,0.0,0.0,0,0.0,0,0,0,0,,,0,0.0,periferico
ES_22128,22128,Ilche,3.02847116,193.0,0,0,0.0,0.0,0,0.0,0,0,0,0,,,0,0.0,periferico
ES_22142,22142,Lascuarre,4.35964453,139.0,0,0,0.0,0.0,0,0.0,0,0,0,0,,,0,0.0,periferico
ES_22158,22158,Monzón,115.1576536,17856.0,0,0,0.0,0.0,0,0.0,0,0,0,0,,,0,0.0,periferico
ES_50156,50156,Maleján,3429.73305712,269.0,0,0,0.0,0.0,0,0.0,0,0,0,0,,,0,0.0,periferico
ES_50168,50168,Mianos,1.8214234,27.0,0,0,0.0,0.0,0,0.0,0,0,0,0,,,0,0.0,periferico
ES_39085,39085,Suances,372.01790299,9102.0,0,0,0.0,0.0,0,0.0,0,0,0,0,,,0,0.0,periferico
ES_39096,39096,Vega de Liébana,5.2879983,702.0,0,0,0.0,0.0,0,0.0,0,0,0,0,,,0,0.0,periferico
ES_40006,40006,Aldealcorvo,2.95885337,18.0,0,0,0.0,0.0,0,0.0,0,0,0,0,,,0,0.0,periferico
ES_40017,40017,Anaya,7.8781736,120.0,0,0,0.0,0.0,0,0.0,0,0,0,0,,,0,0.0,periferico
ES_02084,02084,Villaverde de Guadalimar,4.48879493,311.0,0,0,0.0,0.0,0,0.0,0,0,0,0,,,0,0.0,periferico
ES_03011,03011,"Alfàs del Pi, l'",1076.12040965,20710.0,0,0,0.0,0.0,0,0.0,0,0,0,0,,,0,0.0,periferico
ES_03024,03024,Benejúzar,605.81669932,5642.0,0,0,0.0,0.0,0,0.0,0,0,0,0,,,0,0.0,periferico
ES_05113,05113,"Llanos de Tormes, Los",3.72367818,65.0,0,0,0.0,0.0,0,0.0,0,0,0,0,,,0,0.0,periferico
ES_05168,05168,"Navas del Marqués, Las",54.63781248,5372.0,0,0,0.0,0.0,0,0.0,0,0,0,0,,,0,0.0,periferico
ES_05182,05182,Pedro Bernardo,11.47251067,792.0,0,0,0.0,0.0,0,0.0,0,0,0,0,,,0,0.0,periferico
ES_05199,05199,San Bartolomé de Béjar,3.27254152,54.0,0,0,0.0,0.0,0,0.0,0,0,0,0,,,0,0.0,periferico
ES_05214,05214,San Lorenzo de Tormes,2.20868241,32.0,0,0,0.0,0.0,0,0.0,0,0,0,0,,,0,0.0,periferico
ES_05226,05226,Santa María de los Caballeros,2.99144302,67.0,0,0,0.0,0.0,0,0.0,0,0,0,0,,,0,0.0,periferico
ES_05241,05241,"Tiemblo, El",59.21829604,4474.0,0,0,0.0,0.0,0,0.0,0,0,0,0,,,0,0.0,periferico
ES_05253,05253,Vega de Santa María,4.12414867,75.0,0,0,0.0,0.0,0,0.0,0,0,0,0,,,0,0.0,periferico
ES_03064,03064,Dolores,422.37755787,7886.0,0,0,0.0,0.0,0,0.0,0,0,0,0,,,0,0.0,periferico
ES_03073,03073,Gorga,31.65361561,288.0,0,0,0.0,0.0,0,0.0,0,0,0,0,,,0,0.0,periferico
ES_03083,03083,Xixona,42.93955575,7029.0,0,0,0.0,0.0,0,0.0,0,0,0,0,,,0,0.0,periferico
ES_03093,03093,Novelda,340.72033028,25792.0,0,0,0.0,0.0,0,0.0,0,0,0,0,,,0,0.0,periferico
ES_03103,03103,Penàguila,6.31049961,315.0,0,0,0.0,0.0,0,0.0,0,0,0,0,,,0,0.0,periferico
ES_03116,03116,Salinas,28.12376427,1737.0,0,0,0.0,0.0,0,0.0,0,0,0,0,,,0,0.0,periferico
ES_03127,03127,Tàrbena,19.84596515,628.0,0,0,0.0,0.0,0,0.0,0,0,0,0,,,0,0.0,periferico
ES_03137,03137,"Vall de Laguar, la",37.86650924,874.0,0,0,0.0,0.0,0,0.0,0,0,0,0,,,0,0.0,periferico
ES_04006,04006,Albox,73.77492284,12413.0,0,0,0.0,0.0,0,0.0,0,0,0,0,,,0,0.0,periferico
ES_04015,04015,Alsodux,7.31084193,147.0,0,0,0.0,0.0,0,0.0,0,0,0,0,,,0,0.0,periferico
ES_44033,44033,Báguena,10.84892793,273.0,0,0,0.0,0.0,0,0.0,0,0,0,0,,,0,0.0,periferico
ES_44043,44043,Blesa,0.96970418,78.0,0,0,0.0,0.0,0,0.0,0,0,0,0,,,0,0.0,periferico
ES_44053,44053,Camañas,1.68981913,133.0,0,0,0.0,0.0,0,0.0,0,0,0,0,,,0,0.0,periferico
ES_44064,44064,Cascante del Río,2.16186349,70.0,0,0,0.0,0.0,0,0.0,0,0,0,0,,,0,0.0,periferico
ES_44084,44084,Cortes de Aragón,2.49650645,61.0,0,0,0.0,0.0,0,0.0,0,0,0,0,,,0,0.0,periferico
ES_44099,44099,Escucha,18.56503797,772.0,0,0,0.0,0.0,0,0.0,0,0,0,0,,,0,0.0,periferico
ES_44110,44110,Fuenferrada,1.50816642,37.0,0,0,0.0,0.0,0,0.0,0,0,0,0,,,0,0.0,periferico
ES_44121,44121,Gúdar,1.15202942,70.0,0,0,0.0,0.0,0,0.0,0,0,0,0,,,0,0.0,periferico
ES_04026,04026,Benitagla,9.20435132,59.0,0,0,0.0,0.0,0,0.0,0,0,0,0,,,0,0.0,periferico
ES_04036,04036,Chercos,22.94407275,311.0,0,0,0.0,0.0,0,0.0,0,0,0,0,,,0,0.0,periferico
ES_04049,04049,Garrucha,1345.88981234,10320.0,0,0,0.0,0.0,0,0.0,0,0,0,0,,,0,0.0,periferico
ES_04059,04059,Lubrín,10.38506018,1435.0,0,0,0.0,0.0,0,0.0,0,0,0,0,,,0,0.0,periferico
ES_04069,04069,Olula del Río,270.25592789,6353.0,0,0,0.0,0.0,0,0.0,0,0,0,0,,,0,0.0,periferico
ES_04079,04079,Roquetas de Mar,1775.18133693,105886.0,0,0,0.0,0.0,0,0.0,0,0,0,0,,,0,0.0,periferico
ES_01001,01001,Alegría-Dulantzi,148.85591661,2969.0,0,0,0.0,0.0,0,0.0,0,0,0,0,,,0,0.0,periferico
ES_01041,01041,Navaridas,22.21154961,198.0,0,0,0.0,0.0,0,0.0,0,0,0,0,,,0,0.0,periferico
ES_01054,01054,Urkabustaiz,23.5872714,1434.0,0,0,0.0,0.0,0,0.0,0,0,0,0,,,0,0.0,periferico
ES_01902,01902,Lantarón,13.91261695,937.0,0,0,0.0,0.0,0,0.0,0,0,0,0,,,0,0.0,periferico
ES_02010,02010,Alpera,12.82747419,2288.0,0,0,0.0,0.0,0,0.0,0,0,0,0,,,0,0.0,periferico
ES_04096,04096,Urrácal,14.95475112,381.0,0,0,0.0,0.0,0,0.0,0,0,0,0,,,0,0.0,periferico
ES_04903,04903,"Mojonera, La",364.30792113,8696.0,0,0,0.0,0.0,0,0.0,0,0,0,0,,,0,0.0,periferico
ES_05015,05015,Arevalillo,4.07307502,61.0,0,0,0.0,0.0,0,0.0,0,0,0,0,,,0,0.0,periferico
ES_05026,05026,Bercial de Zapardiel,10.1770666,176.0,0,0,0.0,0.0,0,0.0,0,0,0,0,,,0,0.0,periferico
ES_05055,05055,Casillas,55.22891793,663.0,0,0,0.0,0.0,0,0.0,0,0,0,0,,,0,0.0,periferico
ES_05065,05065,Crespos,14.85121827,474.0,0,0,0.0,0.0,0,0.0,0,0,0,0,,,0,0.0,periferico
ES_05083,05083,Gemuño,8.96250626,154.0,0,0,0.0,0.0,0,0.0,0,0,0,0,,,0,0.0,periferico
ES_05094,05094,Herreros de Suso,7.01423905,151.0,0,0,0.0,0.0,0,0.0,0,0,0,0,,,0,0.0,periferico
ES_05107,05107,Hurtumpascual,2.47114306,46.0,0,0,0.0,0.0,0,0.0,0,0,0,0,,,0,0.0,periferico
ES_02033,02033,Fuente-Álamo,18.28401612,2438.0,0,0,0.0,0.0,0,0.0,0,0,0,0,,,0,0.0,periferico
ES_02054,02054,Navas de Jorquera,12.20764312,516.0,0,0,0.0,0.0,0,0.0,0,0,0,0,,,0,0.0,periferico
ES_02066,02066,"Recueja, La",7.4297052,221.0,0,0,0.0,0.0,0,0.0,0,0,0,0,,,0,0.0,periferico
ES_31231,31231,Torres del Río,9.44010684,117.0,0,0,0.0,0.0,0,0.0,0,0,0,0,,,0,0.0,periferico
ES_31243,31243,Urroz-Villa,37.59709691,421.0,0,0,0.0,0.0,0,0.0,0,0,0,0,,,0,0.0,periferico
ES_31254,31254,Villafranca,64.37578283,3010.0,0,0,0.0,0.0,0,0.0,0,0,0,0,,,0,0.0,periferico
ES_32005,32005,Baltar,9.42408358,886.0,0,0,0.0,0.0,0,0.0,0,0,0,0,,,0,0.0,periferico
ES_32035,32035,"Irixo, O",11.516391,1394.0,0,0,0.0,0.0,0,0.0,0,0,0,0,,,0,0.0,periferico
ES_32046,32046,Melón,21.08502734,1123.0,0,0,0.0,0.0,0,0.0,0,0,0,0,,,0,0.0,periferico
ES_50278,50278,Velilla de Ebro,3.37832486,202.0,0,0,0.0,0.0,0,0.0,0,0,0,0,,,0,0.0,periferico
ES_50291,50291,Villar de los Navarros,2.98840438,148.0,0,0,0.0,0.0,0,0.0,0,0,0,0,,,0,0.0,periferico
ES_41052,41052,Lantejuela,217.04145404,3855.0,0,0,0.0,0.0,0,0.0,0,0,0,0,,,0,0.0,periferico
ES_41063,41063,"Molares, Los",83.66183727,3573.0,0,0,0.0,0.0,0,0.0,0,0,0,0,,,0,0.0,periferico
ES_41075,41075,Pilas,307.46933821,14108.0,0,0,0.0,0.0,0,0.0,0,0,0,0,,,0,0.0,periferico
ES_41085,41085,Salteras,98.36359347,5646.0,0,0,0.0,0.0,0,0.0,0,0,0,0,,,0,0.0,periferico
ES_41902,41902,Isla Mayor,50.25214761,5751.0,0,0,0.0,0.0,0,0.0,0,0,0,0,,,0,0.0,periferico
ES_32051,32051,Muíños,13.06828602,1432.0,0,0,0.0,0.0,0,0.0,0,0,0,0,,,0,0.0,periferico
ES_46107,46107,Chella,56.5138482,2456.0,0,0,0.0,0.0,0,0.0,0,0,0,0,,,0,0.0,periferico
ES_46117,46117,Emperador,16887.13632263,727.0,0,0,0.0,0.0,0,0.0,0,0,0,0,,,0,0.0,periferico
ES_46127,46127,"Font d'en Carròs, la",394.33513291,3901.0,0,0,0.0,0.0,0,0.0,0,0,0,0,,,0,0.0,periferico
ES_46140,46140,Guardamar de la Safor,553.46019223,609.0,0,0,0.0,0.0,0,0.0,0,0,0,0,,,0,0.0,periferico
ES_42007,42007,Alcubilla de Avellaneda,1.86607175,113.0,0,0,0.0,0.0,0,0.0,0,0,0,0,,,0,0.0,periferico
ES_42021,42021,Almazul,0.88429356,60.0,0,0,0.0,0.0,0,0.0,0,0,0,0,,,0,0.0,periferico
ES_42031,42031,Barcones,0.46900321,26.0,0,0,0.0,0.0,0,0.0,0,0,0,0,,,0,0.0,periferico
ES_42042,42042,Buitrago,14.58320931,75.0,0,0,0.0,0.0,0,0.0,0,0,0,0,,,0,0.0,periferico
ES_44178,44178,"Parras de Castellote, Las",1.44777746,61.0,0,0,0.0,0.0,0,0.0,0,0,0,0,,,0,0.0,periferico
ES_44193,44193,Puertomingalvo,1.31195317,136.0,0,0,0.0,0.0,0,0.0,0,0,0,0,,,0,0.0,periferico
ES_26005,26005,Albelda de Iregua,162.93758368,3739.0,0,0,0.0,0.0,0,0.0,0,0,0,0,,,0,0.0,periferico
ES_26018,26018,Arnedo,177.51802391,15157.0,0,0,0.0,0.0,0,0.0,0,0,0,0,,,0,0.0,periferico
ES_20063,20063,Oiartzun,173.43965411,10310.0,0,0,0.0,0.0,0,0.0,0,0,0,0,,,0,0.0,periferico
ES_20074,20074,Bergara,190.99602228,14496.0,0,0,0.0,0.0,0,0.0,0,0,0,0,,,0,0.0,periferico
ES_20903,20903,Astigarraga,643.63730756,7661.0,0,0,0.0,0.0,0,0.0,0,0,0,0,,,0,0.0,periferico
ES_44235,44235,Tramacastilla,4.47656072,111.0,0,0,0.0,0.0,0,0.0,0,0,0,0,,,0,0.0,periferico
ES_44249,44249,"Vallecillo, El",1.71558967,37.0,0,0,0.0,0.0,0,0.0,0,0,0,0,,,0,0.0,periferico
ES_44265,44265,Vinaceite,3.99464405,200.0,0,0,0.0,0.0,0,0.0,0,0,0,0,,,0,0.0,periferico
ES_45007,45007,Alcolea de Tajo,13.00755472,839.0,0,0,0.0,0.0,0,0.0,0,0,0,0,,,0,0.0,periferico
ES_18140,18140,Motril,573.65009864,59199.0,0,0,0.0,0.0,0,0.0,0,0,0,0,,,0,0.0,periferico
ES_18152,18152,Pedro Martínez,8.47913237,1161.0,0,0,0.0,0.0,0,0.0,0,0,0,0,,,0,0.0,periferico
ES_26028,26028,Bergasa,6.15870211,167.0,0,0,0.0,0.0,0,0.0,0,0,0,0,,,0,0.0,periferico
ES_26038,26038,Canales de la Sierra,1.56185609,85.0,0,0,0.0,0.0,0,0.0,0,0,0,0,,,0,0.0,periferico
ES_19282,19282,Torremocha del Campo,1.36620801,193.0,0,0,0.0,0.0,0,0.0,0,0,0,0,,,0,0.0,periferico
ES_19297,19297,Valdarachas,4.73602327,46.0,0,0,0.0,0.0,0,0.0,0,0,0,0,,,0,0.0,periferico
ES_19308,19308,Valfermoso de Tajuña,2.88708489,85.0,0,0,0.0,0.0,0,0.0,0,0,0,0,,,0,0.0,periferico
ES_19326,19326,Yebes,297.45582101,5201.0,0,0,0.0,0.0,0,0.0,0,0,0,0,,,0,0.0,periferico
ES_20001,20001,Abaltzisketa,29.16671807,326.0,0,0,0.0,0.0,0,0.0,0,0,0,0,,,0,0.0,periferico
ES_20012,20012,Arama,143.21467836,189.0,0,0,0.0,0.0,0,0.0,0,0,0,0,,,0,0.0,periferico
ES_18168,18168,Quéntar,14.44181369,960.0,0,0,0.0,0.0,0,0.0,0,0,0,0,,,0,0.0,periferico
ES_18181,18181,Turón,3.9400622,219.0,0,0,0.0,0.0,0,0.0,0,0,0,0,,,0,0.0,periferico
ES_18194,18194,Zújar,25.0717073,2561.0,0,0,0.0,0.0,0,0.0,0,0,0,0,,,0,0.0,periferico
ES_18910,18910,"Pinar, El",22.99521947,874.0,0,0,0.0,0.0,0,0.0,0,0,0,0,,,0,0.0,periferico
ES_19033,19033,Anquela del Ducado,2.33581445,60.0,0,0,0.0,0.0,0,0.0,0,0,0,0,,,0,0.0,periferico
ES_19046,19046,Azuqueca de Henares,1789.76669815,35352.0,0,0,0.0,0.0,0,0.0,0,0,0,0,,,0,0.0,periferico
ES_34057,34057,Cevico de la Torre,9.15926683,466.0,0,0,0.0,0.0,0,0.0,0,0,0,0,,,0,0.0,periferico
ES_34072,34072,Frechilla,3.93462615,135.0,0,0,0.0,0.0,0,0.0,0,0,0,0,,,0,0.0,periferico
ES_34086,34086,Hontoria de Cerrato,3.72474182,110.0,0,0,0.0,0.0,0,0.0,0,0,0,0,,,0,0.0,periferico
ES_31025,31025,Arakil,18.35847212,987.0,0,0,0.0,0.0,0,0.0,0,0,0,0,,,0,0.0,periferico
ES_31034,31034,Aribe,8.40687659,34.0,0,0,0.0,0.0,0,0.0,0,0,0,0,,,0,0.0,periferico
ES_31044,31044,Bakaiku,29.10398934,342.0,0,0,0.0,0.0,0,0.0,0,0,0,0,,,0,0.0,periferico
ES_31054,31054,Bertizarana,16.47833319,652.0,0,0,0.0,0.0,0,0.0,0,0,0,0,,,0,0.0,periferico
ES_31065,31065,Caparroso,34.71481769,2806.0,0,0,0.0,0.0,0,0.0,0,0,0,0,,,0,0.0,periferico
ES_35032,35032,Valleseco,170.16810243,3766.0,0,0,0.0,0.0,0,0.0,0,0,0,0,,,0,0.0,periferico
ES_10194,10194,Torrequemada,18.43455104,568.0,0,0,0.0,0.0,0,0.0,0,0,0,0,,,0,0.0,periferico
ES_10195,10195,Trujillo,13.32659158,8655.0,0,0,0.0,0.0,0,0.0,0,0,0,0,,,0,0.0,periferico
ES_10196,10196,Valdastillas,38.76316326,314.0,0,0,0.0,0.0,0,0.0,0,0,0,0,,,0,0.0,periferico
ES_10197,10197,Valdecañas de Tajo,5.79592926,109.0,0,0,0.0,0.0,0,0.0,0,0,0,0,,,0,0.0,periferico
ES_10199,10199,Valdehúncar,7.60608022,195.0,0,0,0.0,0.0,0,0.0,0,0,0,0,,,0,0.0,periferico
ES_10200,10200,Valdelacasa de Tajo,4.62050683,337.0,0,0,0.0,0.0,0,0.0,0,0,0,0,,,0,0.0,periferico
ES_10201,10201,Valdemorales,21.54536266,215.0,0,0,0.0,0.0,0,0.0,0,0,0,0,,,0,0.0,periferico
ES_10202,10202,Valdeobispo,15.078487,635.0,0,0,0.0,0.0,0,0.0,0,0,0,0,,,0,0.0,periferico
ES_10204,10204,Valverde de la Vera,10.02382748,471.0,0,0,0.0,0.0,0,0.0,0,0,0,0,,,0,0.0,periferico
ES_06040,06040,Corte de Peleas,27.75623513,1174.0,0,0,0.0,0.0,0,0.0,0,0,0,0,,,0,0.0,periferico
ES_06041,06041,Cristina,34.89419364,552.0,0,0,0.0,0.0,0,0.0,0,0,0,0,,,0,0.0,periferico
ES_06044,06044,Don Benito,66.79210024,37524.0,0,0,0.0,0.0,0,0.0,0,0,0,0,,,0,0.0,periferico
ES_06049,06049,Feria,14.32851393,1056.0,0,0,0.0,0.0,0,0.0,0,0,0,0,,,0,0.0,periferico
ES_06050,06050,Fregenal de la Sierra,20.08098816,4753.0,0,0,0.0,0.0,0,0.0,0,0,0,0,,,0,0.0,periferico
ES_06051,06051,Fuenlabrada de los Montes,9.01005631,1729.0,0,0,0.0,0.0,0,0.0,0,0,0,0,,,0,0.0,periferico
ES_07063,07063,Valldemossa,47.81199298,2053.0,0,0,0.0,0.0,0,0.0,0,0,0,0,,,0,0.0,periferico
ES_07064,07064,"Castell, Es",669.56302513,7763.0,0,0,0.0,0.0,0,0.0,0,0,0,0,,,0,0.0,periferico
ES_07065,07065,Vilafranca de Bonany,154.25883976,3691.0,0,0,0.0,0.0,0,0.0,0,0,0,0,,,0,0.0,periferico
ES_07901,07901,Ariany,42.17378298,976.0,0,0,0.0,0.0,0,0.0,0,0,0,0,,,0,0.0,periferico
ES_07902,07902,"Migjorn Gran, Es",49.60709719,1558.0,0,0,0.0,0.0,0,0.0,0,0,0,0,,,0,0.0,periferico
ES_08003,08003,Alella,1042.52896582,10110.0,0,0,0.0,0.0,0,0.0,0,0,0,0,,,0,0.0,periferico
ES_08004,08004,Alpens,19.9331827,273.0,0,0,0.0,0.0,0,0.0,0,0,0,0,,,0,0.0,periferico
ES_08005,08005,"Ametlla del Vallès, L'",652.36741387,9283.0,0,0,0.0,0.0,0,0.0,0,0,0,0,,,0,0.0,periferico
ES_08007,08007,Arenys de Munt,436.90604575,9391.0,0,0,0.0,0.0,0,0.0,0,0,0,0,,,0,0.0,periferico
ES_10205,10205,Valverde del Fresno,10.78040444,2123.0,0,0,0.0,0.0,0,0.0,0,0,0,0,,,0,0.0,periferico
ES_10206,10206,Viandar de la Vera,7.92140253,222.0,0,0,0.0,0.0,0,0.0,0,0,0,0,,,0,0.0,periferico
ES_10207,10207,Villa del Campo,7.72577972,440.0,0,0,0.0,0.0,0,0.0,0,0,0,0,,,0,0.0,periferico
ES_10208,10208,Villa del Rey,2.04195631,117.0,0,0,0.0,0.0,0,0.0,0,0,0,0,,,0,0.0,periferico
ES_10209,10209,Villamesías,5.89395915,274.0,0,0,0.0,0.0,0,0.0,0,0,0,0,,,0,0.0,periferico
ES_10210,10210,Villamiel,5.98166046,437.0,0,0,0.0,0.0,0,0.0,0,0,0,0,,,0,0.0,periferico
ES_10211,10211,Villanueva de la Sierra,11.44432711,499.0,0,0,0.0,0.0,0,0.0,0,0,0,0,,,0,0.0,periferico
ES_10212,10212,Villanueva de la Vera,16.05867741,2082.0,0,0,0.0,0.0,0,0.0,0,0,0,0,,,0,0.0,periferico
ES_10213,10213,Villar del Pedroso,2.28089724,553.0,0,0,0.0,0.0,0,0.0,0,0,0,0,,,0,0.0,periferico
ES_10215,10215,Villasbuenas de Gata,8.62316117,404.0,0,0,0.0,0.0,0,0.0,0,0,0,0,,,0,0.0,periferico
ES_10216,10216,Zarza de Granadilla,13.46593739,1800.0,0,0,0.0,0.0,0,0.0,0,0,0,0,,,0,0.0,periferico
ES_06052,06052,Fuente de Cantos,18.42439908,4638.0,0,0,0.0,0.0,0,0.0,0,0,0,0,,,0,0.0,periferico
ES_06054,06054,Fuente del Maestre,36.96538607,6643.0,0,0,0.0,0.0,0,0.0,0,0,0,0,,,0,0.0,periferico
ES_06055,06055,Fuentes de León,20.00297274,2198.0,0,0,0.0,0.0,0,0.0,0,0,0,0,,,0,0.0,periferico
ES_06056,06056,Garbayuela,5.85911504,493.0,0,0,0.0,0.0,0,0.0,0,0,0,0,,,0,0.0,periferico
ES_06057,06057,Garlitos,4.16839805,539.0,0,0,0.0,0.0,0,0.0,0,0,0,0,,,0,0.0,periferico
ES_06058,06058,"Garrovilla, La",68.63250542,2297.0,0,0,0.0,0.0,0,0.0,0,0,0,0,,,0,0.0,periferico
ES_06059,06059,Granja de Torrehermosa,12.74132854,1933.0,0,0,0.0,0.0,0,0.0,0,0,0,0,,,0,0.0,periferico
ES_06060,06060,Guareña,27.92697489,6669.0,0,0,0.0,0.0,0,0.0,0,0,0,0,,,0,0.0,periferico
ES_06061,06061,"Haba, La",13.94840106,1208.0,0,0,0.0,0.0,0,0.0,0,0,0,0,,,0,0.0,periferico
ES_06062,06062,Helechosa de los Montes,1.90195302,589.0,0,0,0.0,0.0,0,0.0,0,0,0,0,,,0,0.0,periferico
ES_06063,06063,Herrera del Duque,12.32273067,3417.0,0,0,0.0,0.0,0,0.0,0,0,0,0,,,0,0.0,periferico
ES_08008,08008,Argençola,4.78820502,227.0,0,0,0.0,0.0,0,0.0,0,0,0,0,,,0,0.0,periferico
ES_08012,08012,Avinyó,36.11308471,2297.0,0,0,0.0,0.0,0,0.0,0,0,0,0,,,0,0.0,periferico
ES_08013,08013,Avinyonet del Penedès,59.43680163,1738.0,0,0,0.0,0.0,0,0.0,0,0,0,0,,,0,0.0,periferico
ES_08014,08014,Aiguafreda,321.84405008,2572.0,0,0,0.0,0.0,0,0.0,0,0,0,0,,,0,0.0,periferico
ES_08015,08015,Badalona,10677.80237954,224301.0,0,0,0.0,0.0,0,0.0,0,0,0,0,,,0,0.0,periferico
ES_08016,08016,Bagà,49.79278705,2147.0,0,0,0.0,0.0,0,0.0,0,0,0,0,,,0,0.0,periferico
ES_08017,08017,Balenyà,229.88977276,3965.0,0,0,0.0,0.0,0,0.0,0,0,0,0,,,0,0.0,periferico
ES_08018,08018,Balsareny,90.00609367,3306.0,0,0,0.0,0.0,0,0.0,0,0,0,0,,,0,0.0,periferico
ES_08019,08019,Barcelona,16843.28486233,1655956.0,0,0,0.0,0.0,0,0.0,0,0,0,0,,,0,0.0,periferico
ES_08020,08020,Begues,147.38140127,7429.0,0,0,0.0,0.0,0,0.0,0,0,0,0,,,0,0.0,periferico
ES_10217,10217,Zarza de Montánchez,14.01103438,516.0,0,0,0.0,0.0,0,0.0,0,0,0,0,,,0,0.0,periferico
ES_10218,10218,Zarza la Mayor,6.74725395,1149.0,0,0,0.0,0.0,0,0.0,0,0,0,0,,,0,0.0,periferico
ES_10219,10219,Zorita,6.77803739,1267.0,0,0,0.0,0.0,0,0.0,0,0,0,0,,,0,0.0,periferico
ES_10901,10901,Rosalejo,33.33407537,1348.0,0,0,0.0,0.0,0,0.0,0,0,0,0,,,0,0.0,periferico
ES_10902,10902,Vegaviana,38.00824099,851.0,0,0,0.0,0.0,0,0.0,0,0,0,0,,,0,0.0,periferico
ES_10903,10903,Alagón del Río,63.69366783,912.0,0,0,0.0,0.0,0,0.0,0,0,0,0,,,0,0.0,periferico
ES_10904,10904,Tiétar,35.4368366,848.0,0,0,0.0,0.0,0,0.0,0,0,0,0,,,0,0.0,periferico
ES_10905,10905,Pueblonuevo de Miramontes,33.64796034,782.0,0,0,0.0,0.0,0,0.0,0,0,0,0,,,0,0.0,periferico
ES_11001,11001,Alcalá de los Gazules,10.88936459,5216.0,0,0,0.0,0.0,0,0.0,0,0,0,0,,,0,0.0,periferico
ES_11002,11002,Alcalá del Valle,106.64122397,5000.0,0,0,0.0,0.0,0,0.0,0,0,0,0,,,0,0.0,periferico
ES_11003,11003,Algar,53.4149902,1447.0,0,0,0.0,0.0,0,0.0,0,0,0,0,,,0,0.0,periferico
ES_11004,11004,Algeciras,1444.64300234,123943.0,0,0,0.0,0.0,0,0.0,0,0,0,0,,,0,0.0,periferico
ES_06064,06064,Higuera de la Serena,15.46507965,903.0,0,0,0.0,0.0,0,0.0,0,0,0,0,,,0,0.0,periferico
ES_06065,06065,Higuera de Llerena,3.10462228,352.0,0,0,0.0,0.0,0,0.0,0,0,0,0,,,0,0.0,periferico
ES_06066,06066,Higuera de Vargas,27.86779768,1881.0,0,0,0.0,0.0,0,0.0,0,0,0,0,,,0,0.0,periferico
ES_06067,06067,Higuera la Real,17.54241882,2203.0,0,0,0.0,0.0,0,0.0,0,0,0,0,,,0,0.0,periferico
ES_06069,06069,Hornachos,11.56021072,3421.0,0,0,0.0,0.0,0,0.0,0,0,0,0,,,0,0.0,periferico
ES_06070,06070,Jerez de los Caballeros,12.39351978,9167.0,0,0,0.0,0.0,0,0.0,0,0,0,0,,,0,0.0,periferico
ES_06071,06071,"Lapa, La",36.53652121,296.0,0,0,0.0,0.0,0,0.0,0,0,0,0,,,0,0.0,periferico
ES_06072,06072,Lobón,47.63020941,2746.0,0,0,0.0,0.0,0,0.0,0,0,0,0,,,0,0.0,periferico
ES_06073,06073,Llera,11.30089244,808.0,0,0,0.0,0.0,0,0.0,0,0,0,0,,,0,0.0,periferico
ES_08021,08021,Bellprat,2.31405781,72.0,0,0,0.0,0.0,0,0.0,0,0,0,0,,,0,0.0,periferico
ES_08022,08022,Berga,753.29960576,16994.0,0,0,0.0,0.0,0,0.0,0,0,0,0,,,0,0.0,periferico
ES_08023,08023,Bigues i Riells del Fai,348.05658895,9944.0,0,0,0.0,0.0,0,0.0,0,0,0,0,,,0,0.0,periferico
ES_08024,08024,Borredà,10.12024061,439.0,0,0,0.0,0.0,0,0.0,0,0,0,0,,,0,0.0,periferico
ES_08025,08025,"Bruc, El",48.04702487,2275.0,0,0,0.0,0.0,0,0.0,0,0,0,0,,,0,0.0,periferico
ES_08026,08026,"Brull, El",6.95013605,286.0,0,0,0.0,0.0,0,0.0,0,0,0,0,,,0,0.0,periferico
ES_08027,08027,"Cabanyes, Les",829.12205985,993.0,0,0,0.0,0.0,0,0.0,0,0,0,0,,,0,0.0,periferico
ES_08029,08029,Cabrera de Mar,547.14858233,4948.0,0,0,0.0,0.0,0,0.0,0,0,0,0,,,0,0.0,periferico
ES_08030,08030,Cabrils,1114.59246394,7803.0,0,0,0.0,0.0,0,0.0,0,0,0,0,,,0,0.0,periferico
ES_08031,08031,Calaf,384.01264906,3549.0,0,0,0.0,0.0,0,0.0,0,0,0,0,,,0,0.0,periferico
ES_08032,08032,Caldes d'Estrac,4329.00613712,3213.0,0,0,0.0,0.0,0,0.0,0,0,0,0,,,0,0.0,periferico
ES_08033,08033,Caldes de Montbui,481.91893173,18102.0,0,0,0.0,0.0,0,0.0,0,0,0,0,,,0,0.0,periferico
ES_11005,11005,Algodonales,40.99948465,5497.0,0,0,0.0,0.0,0,0.0,0,0,0,0,,,0,0.0,periferico
ES_11006,11006,Arcos de la Frontera,58.81465416,30964.0,0,0,0.0,0.0,0,0.0,0,0,0,0,,,0,0.0,periferico
ES_11007,11007,Barbate,160.32242432,22806.0,0,0,0.0,0.0,0,0.0,0,0,0,0,,,0,0.0,periferico
ES_11008,11008,"Barrios, Los",73.67724578,24372.0,0,0,0.0,0.0,0,0.0,0,0,0,0,,,0,0.0,periferico
ES_11009,11009,Benaocaz,10.31490168,716.0,0,0,0.0,0.0,0,0.0,0,0,0,0,,,0,0.0,periferico
ES_11010,11010,Bornos,136.98025371,7559.0,0,0,0.0,0.0,0,0.0,0,0,0,0,,,0,0.0,periferico
ES_11011,11011,"Bosque, El",72.48068171,2227.0,0,0,0.0,0.0,0,0.0,0,0,0,0,,,0,0.0,periferico
ES_11012,11012,Cádiz,9134.84128252,112077.0,0,0,0.0,0.0,0,0.0,0,0,0,0,,,0,0.0,periferico
ES_11013,11013,Castellar de la Frontera,16.80546576,3033.0,0,0,0.0,0.0,0,0.0,0,0,0,0,,,0,0.0,periferico
ES_11015,11015,Chiclana de la Frontera,429.34467634,88770.0,0,0,0.0,0.0,0,0.0,0,0,0,0,,,0,0.0,periferico
ES_11016,11016,Chipiona,594.11597133,19662.0,0,0,0.0,0.0,0,0.0,0,0,0,0,,,0,0.0,periferico
ES_06075,06075,Magacela,6.45629052,489.0,0,0,0.0,0.0,0,0.0,0,0,0,0,,,0,0.0,periferico
ES_06076,06076,Maguilla,9.61746413,941.0,0,0,0.0,0.0,0,0.0,0,0,0,0,,,0,0.0,periferico
ES_06077,06077,Malcocinado,13.56563545,356.0,0,0,0.0,0.0,0,0.0,0,0,0,0,,,0,0.0,periferico
ES_06078,06078,Malpartida de la Serena,20.15854599,531.0,0,0,0.0,0.0,0,0.0,0,0,0,0,,,0,0.0,periferico
ES_06079,06079,Manchita,19.64994962,751.0,0,0,0.0,0.0,0,0.0,0,0,0,0,,,0,0.0,periferico
ES_06080,06080,Medellín,34.4732234,2235.0,0,0,0.0,0.0,0,0.0,0,0,0,0,,,0,0.0,periferico
ES_06081,06081,Medina de las Torres,13.21893638,1155.0,0,0,0.0,0.0,0,0.0,0,0,0,0,,,0,0.0,periferico
ES_06082,06082,Mengabril,11.15700985,489.0,0,0,0.0,0.0,0,0.0,0,0,0,0,,,0,0.0,periferico
ES_06085,06085,Monesterio,13.19428252,4254.0,0,0,0.0,0.0,0,0.0,0,0,0,0,,,0,0.0,periferico
ES_08034,08034,Calders,33.23697807,1098.0,0,0,0.0,0.0,0,0.0,0,0,0,0,,,0,0.0,periferico
ES_08035,08035,Calella,2509.66056447,19762.0,0,0,0.0,0.0,0,0.0,0,0,0,0,,,0,0.0,periferico
ES_08036,08036,Calonge de Segarra,5.06294868,188.0,0,0,0.0,0.0,0,0.0,0,0,0,0,,,0,0.0,periferico
ES_08037,08037,Calldetenes,452.78017238,2596.0,0,0,0.0,0.0,0,0.0,0,0,0,0,,,0,0.0,periferico
ES_08040,08040,Canet de Mar,2738.86871373,15014.0,0,0,0.0,0.0,0,0.0,0,0,0,0,,,0,0.0,periferico
ES_08042,08042,Cànoves i Samalús,115.71035649,3320.0,0,0,0.0,0.0,0,0.0,0,0,0,0,,,0,0.0,periferico
ES_08043,08043,Canyelles,368.35137768,5201.0,0,0,0.0,0.0,0,0.0,0,0,0,0,,,0,0.0,periferico
ES_08044,08044,Capellades,1855.53813558,5415.0,0,0,0.0,0.0,0,0.0,0,0,0,0,,,0,0.0,periferico
ES_11021,11021,Jimena de la Frontera,22.54689607,6730.0,0,0,0.0,0.0,0,0.0,0,0,0,0,,,0,0.0,periferico
ES_11022,11022,"Línea de la Concepción, La",2450.15326138,64739.0,0,0,0.0,0.0,0,0.0,0,0,0,0,,,0,0.0,periferico
ES_11023,11023,Medina Sidonia,24.14374527,11771.0,0,0,0.0,0.0,0,0.0,0,0,0,0,,,0,0.0,periferico
ES_11024,11024,Olvera,40.72363479,7887.0,0,0,0.0,0.0,0,0.0,0,0,0,0,,,0,0.0,periferico
ES_11025,11025,Paterna de Rivera,395.01636767,5449.0,0,0,0.0,0.0,0,0.0,0,0,0,0,,,0,0.0,periferico
ES_11026,11026,Prado del Rey,116.77568095,5672.0,0,0,0.0,0.0,0,0.0,0,0,0,0,,,0,0.0,periferico
ES_11027,11027,"Puerto de Santa María, El",566.60993739,90197.0,0,0,0.0,0.0,0,0.0,0,0,0,0,,,0,0.0,periferico
ES_11028,11028,Puerto Real,214.46875248,42042.0,0,0,0.0,0.0,0,0.0,0,0,0,0,,,0,0.0,periferico
ES_11029,11029,Puerto Serrano,86.65944919,6921.0,0,0,0.0,0.0,0,0.0,0,0,0,0,,,0,0.0,periferico
ES_06086,06086,Montemolín,6.31245537,1279.0,0,0,0.0,0.0,0,0.0,0,0,0,0,,,0,0.0,periferico
ES_06087,06087,Monterrubio de la Serena,7.10216535,2238.0,0,0,0.0,0.0,0,0.0,0,0,0,0,,,0,0.0,periferico
ES_06088,06088,Montijo,127.91880852,15312.0,0,0,0.0,0.0,0,0.0,0,0,0,0,,,0,0.0,periferico
ES_06089,06089,"Morera, La",16.28117675,707.0,0,0,0.0,0.0,0,0.0,0,0,0,0,,,0,0.0,periferico
ES_06090,06090,"Nava de Santiago, La",20.28447702,913.0,0,0,0.0,0.0,0,0.0,0,0,0,0,,,0,0.0,periferico
ES_06091,06091,Navalvillar de Pela,17.35855415,4359.0,0,0,0.0,0.0,0,0.0,0,0,0,0,,,0,0.0,periferico
ES_06093,06093,Oliva de la Frontera,33.2941436,4969.0,0,0,0.0,0.0,0,0.0,0,0,0,0,,,0,0.0,periferico
ES_06094,06094,Oliva de Mérida,6.56199243,1670.0,0,0,0.0,0.0,0,0.0,0,0,0,0,,,0,0.0,periferico
ES_06095,06095,Olivenza,27.34127766,11765.0,0,0,0.0,0.0,0,0.0,0,0,0,0,,,0,0.0,periferico
ES_06097,06097,Orellana la Vieja,70.14709812,2597.0,0,0,0.0,0.0,0,0.0,0,0,0,0,,,0,0.0,periferico
ES_06098,06098,Palomas,16.23157995,657.0,0,0,0.0,0.0,0,0.0,0,0,0,0,,,0,0.0,periferico
ES_08045,08045,Capolat,2.57089997,88.0,0,0,0.0,0.0,0,0.0,0,0,0,0,,,0,0.0,periferico
ES_08046,08046,Cardedeu,1553.60830811,19047.0,0,0,0.0,0.0,0,0.0,0,0,0,0,,,0,0.0,periferico
ES_08047,08047,Cardona,68.65072474,4561.0,0,0,0.0,0.0,0,0.0,0,0,0,0,,,0,0.0,periferico
ES_08048,08048,Carme,70.34425061,797.0,0,0,0.0,0.0,0,0.0,0,0,0,0,,,0,0.0,periferico
ES_08049,08049,Casserres,55.85588279,1638.0,0,0,0.0,0.0,0,0.0,0,0,0,0,,,0,0.0,periferico
ES_08050,08050,Castellar del Riu,5.15910172,169.0,0,0,0.0,0.0,0,0.0,0,0,0,0,,,0,0.0,periferico
ES_08051,08051,Castellar del Vallès,555.85338374,25122.0,0,0,0.0,0.0,0,0.0,0,0,0,0,,,0,0.0,periferico
ES_08052,08052,Castellar de n'Hug,3.6400927,171.0,0,0,0.0,0.0,0,0.0,0,0,0,0,,,0,0.0,periferico
ES_08053,08053,Castellbell i el Vilar,142.73294572,4062.0,0,0,0.0,0.0,0,0.0,0,0,0,0,,,0,0.0,periferico
ES_08054,08054,Castellbisbal,413.48646043,12811.0,0,0,0.0,0.0,0,0.0,0,0,0,0,,,0,0.0,periferico
ES_08056,08056,Castelldefels,5340.47197081,68327.0,0,0,0.0,0.0,0,0.0,0,0,0,0,,,0,0.0,periferico
ES_11030,11030,Rota,353.95892347,29813.0,0,0,0.0,0.0,0,0.0,0,0,0,0,,,0,0.0,periferico
ES_11031,11031,San Fernando,3136.65670756,94072.0,0,0,0.0,0.0,0,0.0,0,0,0,0,,,0,0.0,periferico
ES_11032,11032,Sanlúcar de Barrameda,410.35698848,69819.0,0,0,0.0,0.0,0,0.0,0,0,0,0,,,0,0.0,periferico
ES_11033,11033,San Roque,243.94448613,34070.0,0,0,0.0,0.0,0,0.0,0,0,0,0,,,0,0.0,periferico
ES_11034,11034,Setenil de las Bodegas,32.27004551,2651.0,0,0,0.0,0.0,0,0.0,0,0,0,0,,,0,0.0,periferico
ES_11035,11035,Tarifa,44.44303993,18629.0,0,0,0.0,0.0,0,0.0,0,0,0,0,,,0,0.0,periferico
ES_11036,11036,Torre Alháquime,45.96135063,798.0,0,0,0.0,0.0,0,0.0,0,0,0,0,,,0,0.0,periferico
ES_11037,11037,Trebujena,99.13898329,7014.0,0,0,0.0,0.0,0,0.0,0,0,0,0,,,0,0.0,periferico
ES_11038,11038,Ubrique,234.43430265,16352.0,0,0,0.0,0.0,0,0.0,0,0,0,0,,,0,0.0,periferico
ES_11040,11040,Villaluenga del Rosario,8.07476184,480.0,0,0,0.0,0.0,0,0.0,0,0,0,0,,,0,0.0,periferico
ES_06099,06099,"Parra, La",16.41896705,1284.0,0,0,0.0,0.0,0,0.0,0,0,0,0,,,0,0.0,periferico
ES_06100,06100,Peñalsordo,17.57964942,832.0,0,0,0.0,0.0,0,0.0,0,0,0,0,,,0,0.0,periferico
ES_06101,06101,Peraleda del Zaucejo,2.90751698,476.0,0,0,0.0,0.0,0,0.0,0,0,0,0,,,0,0.0,periferico
ES_06102,06102,Puebla de Alcocer,3.8105339,1129.0,0,0,0.0,0.0,0,0.0,0,0,0,0,,,0,0.0,periferico
ES_06104,06104,Puebla de la Reina,5.37526942,708.0,0,0,0.0,0.0,0,0.0,0,0,0,0,,,0,0.0,periferico
ES_06105,06105,Puebla del Maestre,8.10705016,642.0,0,0,0.0,0.0,0,0.0,0,0,0,0,,,0,0.0,periferico
ES_06106,06106,Puebla del Prior,12.48527753,448.0,0,0,0.0,0.0,0,0.0,0,0,0,0,,,0,0.0,periferico
ES_06107,06107,Puebla de Obando,77.07422608,1821.0,0,0,0.0,0.0,0,0.0,0,0,0,0,,,0,0.0,periferico
ES_06108,06108,Puebla de Sancho Pérez,46.51651944,2638.0,0,0,0.0,0.0,0,0.0,0,0,0,0,,,0,0.0,periferico
ES_06109,06109,Quintana de la Serena,31.59516716,4472.0,0,0,0.0,0.0,0,0.0,0,0,0,0,,,0,0.0,periferico
ES_06110,06110,Reina,1.95937654,142.0,0,0,0.0,0.0,0,0.0,0,0,0,0,,,0,0.0,periferico
ES_08057,08057,Castell de l'Areny,2.76934457,69.0,0,0,0.0,0.0,0,0.0,0,0,0,0,,,0,0.0,periferico
ES_08058,08058,Castellet i la Gornal,54.48710212,2569.0,0,0,0.0,0.0,0,0.0,0,0,0,0,,,0,0.0,periferico
ES_08059,08059,Castellfollit del Boix,7.77973698,462.0,0,0,0.0,0.0,0,0.0,0,0,0,0,,,0,0.0,periferico
ES_08060,08060,Castellfollit de Riubregós,6.16434602,162.0,0,0,0.0,0.0,0,0.0,0,0,0,0,,,0,0.0,periferico
ES_08061,08061,Castellgalí,134.17548027,2308.0,0,0,0.0,0.0,0,0.0,0,0,0,0,,,0,0.0,periferico
ES_08062,08062,Castellnou de Bages,48.56671707,1415.0,0,0,0.0,0.0,0,0.0,0,0,0,0,,,0,0.0,periferico
ES_08063,08063,Castellolí,25.75534873,653.0,0,0,0.0,0.0,0,0.0,0,0,0,0,,,0,0.0,periferico
ES_08064,08064,Castellterçol,85.6585051,2729.0,0,0,0.0,0.0,0,0.0,0,0,0,0,,,0,0.0,periferico
ES_08065,08065,Castellví de la Marca,58.3117765,1671.0,0,0,0.0,0.0,0,0.0,0,0,0,0,,,0,0.0,periferico
ES_08066,08066,Castellví de Rosanes,127.18071604,2085.0,0,0,0.0,0.0,0,0.0,0,0,0,0,,,0,0.0,periferico
ES_08067,08067,Centelles,504.09329719,7737.0,0,0,0.0,0.0,0,0.0,0,0,0,0,,,0,0.0,periferico
ES_08068,08068,Cervelló,392.47332178,9461.0,0,0,0.0,0.0,0,0.0,0,0,0,0,,,0,0.0,periferico
ES_08069,08069,Collbató,266.96262887,4823.0,0,0,0.0,0.0,0,0.0,0,0,0,0,,,0,0.0,periferico
ES_11042,11042,Zahara,18.80454839,1363.0,0,0,0.0,0.0,0,0.0,0,0,0,0,,,0,0.0,periferico
ES_11901,11901,Benalup-Casas Viejas,119.29175833,7201.0,0,0,0.0,0.0,0,0.0,0,0,0,0,,,0,0.0,periferico
ES_11902,11902,San José del Valle,20.05444857,4486.0,0,0,0.0,0.0,0,0.0,0,0,0,0,,,0,0.0,periferico
ES_11903,11903,San Martín del Tesorillo,56.62560039,2742.0,0,0,0.0,0.0,0,0.0,0,0,0,0,,,0,0.0,periferico
ES_12001,12001,Atzeneta del Maestrat,18.52525337,1319.0,0,0,0.0,0.0,0,0.0,0,0,0,0,,,0,0.0,periferico
ES_12002,12002,Aín,10.56921429,130.0,0,0,0.0,0.0,0,0.0,0,0,0,0,,,0,0.0,periferico
ES_12003,12003,Albocàsser,15.83539224,1304.0,0,0,0.0,0.0,0,0.0,0,0,0,0,,,0,0.0,periferico
ES_12004,12004,Alcalà de Xivert,43.82096974,7342.0,0,0,0.0,0.0,0,0.0,0,0,0,0,,,0,0.0,periferico
ES_12006,12006,Alcudia de Veo,6.71268014,206.0,0,0,0.0,0.0,0,0.0,0,0,0,0,,,0,0.0,periferico
ES_12007,12007,Alfondeguilla,30.8133672,873.0,0,0,0.0,0.0,0,0.0,0,0,0,0,,,0,0.0,periferico
ES_06111,06111,Rena,57.85275247,623.0,0,0,0.0,0.0,0,0.0,0,0,0,0,,,0,0.0,periferico
ES_06112,06112,Retamal de Llerena,4.53561457,436.0,0,0,0.0,0.0,0,0.0,0,0,0,0,,,0,0.0,periferico
ES_06113,06113,Ribera del Fresno,17.24517784,3201.0,0,0,0.0,0.0,0,0.0,0,0,0,0,,,0,0.0,periferico
ES_06114,06114,Risco,3.08808156,122.0,0,0,0.0,0.0,0,0.0,0,0,0,0,,,0,0.0,periferico
ES_06115,06115,"Roca de la Sierra, La",13.07615263,1434.0,0,0,0.0,0.0,0,0.0,0,0,0,0,,,0,0.0,periferico
ES_06116,06116,Salvaleón,23.261383,1671.0,0,0,0.0,0.0,0,0.0,0,0,0,0,,,0,0.0,periferico
ES_06118,06118,Sancti-Spíritus,4.58834169,154.0,0,0,0.0,0.0,0,0.0,0,0,0,0,,,0,0.0,periferico
ES_06119,06119,San Pedro de Mérida,38.84335753,883.0,0,0,0.0,0.0,0,0.0,0,0,0,0,,,0,0.0,periferico
ES_06120,06120,Santa Amalia,53.61007487,3925.0,0,0,0.0,0.0,0,0.0,0,0,0,0,,,0,0.0,periferico
ES_06121,06121,Santa Marta,34.46940998,4127.0,0,0,0.0,0.0,0,0.0,0,0,0,0,,,0,0.0,periferico
ES_08070,08070,Collsuspina,25.57053528,387.0,0,0,0.0,0.0,0,0.0,0,0,0,0,,,0,0.0,periferico
ES_08071,08071,Copons,18.288965,342.0,0,0,0.0,0.0,0,0.0,0,0,0,0,,,0,0.0,periferico
ES_08072,08072,Corbera de Llobregat,849.22654793,15529.0,0,0,0.0,0.0,0,0.0,0,0,0,0,,,0,0.0,periferico
ES_08073,08073,Cornellà de Llobregat,13069.23358006,90076.0,0,0,0.0,0.0,0,0.0,0,0,0,0,,,0,0.0,periferico
ES_08074,08074,Cubelles,1271.92158159,16950.0,0,0,0.0,0.0,0,0.0,0,0,0,0,,,0,0.0,periferico
ES_08075,08075,Dosrius,145.31017002,5920.0,0,0,0.0,0.0,0,0.0,0,0,0,0,,,0,0.0,periferico
ES_08076,08076,Esparreguera,820.80383296,22392.0,0,0,0.0,0.0,0,0.0,0,0,0,0,,,0,0.0,periferico
ES_08078,08078,"Espunyola, L'",7.60377286,269.0,0,0,0.0,0.0,0,0.0,0,0,0,0,,,0,0.0,periferico
ES_08079,08079,"Estany, L'",39.26074989,403.0,0,0,0.0,0.0,0,0.0,0,0,0,0,,,0,0.0,periferico
ES_08080,08080,Fígols,1.54779699,46.0,0,0,0.0,0.0,0,0.0,0,0,0,0,,,0,0.0,periferico
ES_08081,08081,Fogars de Montclús,12.04088045,481.0,0,0,0.0,0.0,0,0.0,0,0,0,0,,,0,0.0,periferico
ES_08082,08082,Fogars de la Selva,50.69692365,1631.0,0,0,0.0,0.0,0,0.0,0,0,0,0,,,0,0.0,periferico
ES_12008,12008,Algimia de Almonacid,12.26538776,249.0,0,0,0.0,0.0,0,0.0,0,0,0,0,,,0,0.0,periferico
ES_12009,12009,Almassora,851.4291015,27960.0,0,0,0.0,0.0,0,0.0,0,0,0,0,,,0,0.0,periferico
ES_12011,12011,Almenara,238.38807625,6584.0,0,0,0.0,0.0,0,0.0,0,0,0,0,,,0,0.0,periferico
ES_12012,12012,Altura,28.99060063,3753.0,0,0,0.0,0.0,0,0.0,0,0,0,0,,,0,0.0,periferico
ES_12014,12014,Ares del Maestrat,1.46626695,174.0,0,0,0.0,0.0,0,0.0,0,0,0,0,,,0,0.0,periferico
ES_12016,12016,Artana,54.46137955,1979.0,0,0,0.0,0.0,0,0.0,0,0,0,0,,,0,0.0,periferico
ES_12017,12017,Ayódar,7.3005274,178.0,0,0,0.0,0.0,0,0.0,0,0,0,0,,,0,0.0,periferico
ES_12018,12018,Azuébar,14.37172301,336.0,0,0,0.0,0.0,0,0.0,0,0,0,0,,,0,0.0,periferico
ES_12020,12020,Barracas,4.671254,197.0,0,0,0.0,0.0,0,0.0,0,0,0,0,,,0,0.0,periferico
ES_06122,06122,"Santos de Maimona, Los",74.47418594,8089.0,0,0,0.0,0.0,0,0.0,0,0,0,0,,,0,0.0,periferico
ES_06123,06123,San Vicente de Alcántara,19.12278795,5263.0,0,0,0.0,0.0,0,0.0,0,0,0,0,,,0,0.0,periferico
ES_06124,06124,Segura de León,17.10357251,1785.0,0,0,0.0,0.0,0,0.0,0,0,0,0,,,0,0.0,periferico
ES_06125,06125,Siruela,8.90029791,1802.0,0,0,0.0,0.0,0,0.0,0,0,0,0,,,0,0.0,periferico
ES_06126,06126,Solana de los Barros,39.18819047,2550.0,0,0,0.0,0.0,0,0.0,0,0,0,0,,,0,0.0,periferico
ES_06127,06127,Talarrubias,9.68730175,3273.0,0,0,0.0,0.0,0,0.0,0,0,0,0,,,0,0.0,periferico
ES_06128,06128,Talavera la Real,88.47038865,5442.0,0,0,0.0,0.0,0,0.0,0,0,0,0,,,0,0.0,periferico
ES_06129,06129,Táliga,21.1573495,663.0,0,0,0.0,0.0,0,0.0,0,0,0,0,,,0,0.0,periferico
ES_06131,06131,Torre de Miguel Sesmero,21.16483826,1228.0,0,0,0.0,0.0,0,0.0,0,0,0,0,,,0,0.0,periferico
ES_06133,06133,Torremejía,95.89128777,2248.0,0,0,0.0,0.0,0,0.0,0,0,0,0,,,0,0.0,periferico
ES_08083,08083,Folgueroles,207.63819156,2261.0,0,0,0.0,0.0,0,0.0,0,0,0,0,,,0,0.0,periferico
ES_08084,08084,Fonollosa,29.80935188,1555.0,0,0,0.0,0.0,0,0.0,0,0,0,0,,,0,0.0,periferico
ES_08085,08085,Font-rubí,38.8895535,1441.0,0,0,0.0,0.0,0,0.0,0,0,0,0,,,0,0.0,periferico
ES_08087,08087,Gallifa,11.4130248,187.0,0,0,0.0,0.0,0,0.0,0,0,0,0,,,0,0.0,periferico
ES_08089,08089,Gavà,1537.30122228,47498.0,0,0,0.0,0.0,0,0.0,0,0,0,0,,,0,0.0,periferico
ES_08090,08090,Gaià,4.49973994,177.0,0,0,0.0,0.0,0,0.0,0,0,0,0,,,0,0.0,periferico
ES_08091,08091,Gelida,299.4565682,7944.0,0,0,0.0,0.0,0,0.0,0,0,0,0,,,0,0.0,periferico
ES_08092,08092,Gironella,730.60292103,4982.0,0,0,0.0,0.0,0,0.0,0,0,0,0,,,0,0.0,periferico
ES_12021,12021,Betxí,262.32603722,5630.0,0,0,0.0,0.0,0,0.0,0,0,0,0,,,0,0.0,periferico
ES_12022,12022,Bejís,9.65309815,409.0,0,0,0.0,0.0,0,0.0,0,0,0,0,,,0,0.0,periferico
ES_12024,12024,Benafer,9.74188689,166.0,0,0,0.0,0.0,0,0.0,0,0,0,0,,,0,0.0,periferico
ES_12029,12029,Benlloc,25.65843037,1116.0,0,0,0.0,0.0,0,0.0,0,0,0,0,,,0,0.0,periferico
ES_12031,12031,Borriol,95.27714106,5862.0,0,0,0.0,0.0,0,0.0,0,0,0,0,,,0,0.0,periferico
ES_12032,12032,Borriana,759.839517,35702.0,0,0,0.0,0.0,0,0.0,0,0,0,0,,,0,0.0,periferico
ES_12033,12033,Cabanes,24.41706462,3215.0,0,0,0.0,0.0,0,0.0,0,0,0,0,,,0,0.0,periferico
ES_12034,12034,Càlig,73.82512946,2027.0,0,0,0.0,0.0,0,0.0,0,0,0,0,,,0,0.0,periferico
ES_12036,12036,Canet lo Roig,9.95633868,684.0,0,0,0.0,0.0,0,0.0,0,0,0,0,,,0,0.0,periferico
ES_06134,06134,Trasierra,10.44129898,607.0,0,0,0.0,0.0,0,0.0,0,0,0,0,,,0,0.0,periferico
ES_06135,06135,Trujillanos,69.36015721,1406.0,0,0,0.0,0.0,0,0.0,0,0,0,0,,,0,0.0,periferico
ES_06136,06136,Usagre,7.26254914,1748.0,0,0,0.0,0.0,0,0.0,0,0,0,0,,,0,0.0,periferico
ES_06137,06137,Valdecaballeros,11.81646601,1065.0,0,0,0.0,0.0,0,0.0,0,0,0,0,,,0,0.0,periferico
ES_06139,06139,Valencia de las Torres,2.37824802,500.0,0,0,0.0,0.0,0,0.0,0,0,0,0,,,0,0.0,periferico
ES_06140,06140,Valencia del Mombuey,9.66988716,725.0,0,0,0.0,0.0,0,0.0,0,0,0,0,,,0,0.0,periferico
ES_06141,06141,Valencia del Ventoso,19.23416516,1908.0,0,0,0.0,0.0,0,0.0,0,0,0,0,,,0,0.0,periferico
ES_06142,06142,Valverde de Burguillos,14.37887158,279.0,0,0,0.0,0.0,0,0.0,0,0,0,0,,,0,0.0,periferico
ES_06143,06143,Valverde de Leganés,57.83160182,4217.0,0,0,0.0,0.0,0,0.0,0,0,0,0,,,0,0.0,periferico
ES_06144,06144,Valverde de Llerena,13.48779549,556.0,0,0,0.0,0.0,0,0.0,0,0,0,0,,,0,0.0,periferico
ES_06145,06145,Valverde de Mérida,19.69016338,1017.0,0,0,0.0,0.0,0,0.0,0,0,0,0,,,0,0.0,periferico
ES_08096,08096,Granollers,4206.77722383,62950.0,0,0,0.0,0.0,0,0.0,0,0,0,0,,,0,0.0,periferico
ES_08097,08097,Gualba,72.08464583,1662.0,0,0,0.0,0.0,0,0.0,0,0,0,0,,,0,0.0,periferico
ES_08098,08098,Sant Salvador de Guardiola,92.25896526,3422.0,0,0,0.0,0.0,0,0.0,0,0,0,0,,,0,0.0,periferico
ES_08099,08099,Guardiola de Berguedà,15.23547591,935.0,0,0,0.0,0.0,0,0.0,0,0,0,0,,,0,0.0,periferico
ES_08100,08100,Gurb,52.63894,2697.0,0,0,0.0,0.0,0,0.0,0,0,0,0,,,0,0.0,periferico
ES_08101,08101,"Hospitalet de Llobregat, L'",20312.27767028,276617.0,0,0,0.0,0.0,0,0.0,0,0,0,0,,,0,0.0,periferico
ES_08102,08102,Igualada,5028.31543718,41287.0,0,0,0.0,0.0,0,0.0,0,0,0,0,,,0,0.0,periferico
ES_08103,08103,Jorba,26.68147429,829.0,0,0,0.0,0.0,0,0.0,0,0,0,0,,,0,0.0,periferico
ES_08104,08104,"Llacuna, La",18.06095685,946.0,0,0,0.0,0.0,0,0.0,0,0,0,0,,,0,0.0,periferico
ES_08105,08105,"Llagosta, La",4351.36884694,13114.0,0,0,0.0,0.0,0,0.0,0,0,0,0,,,0,0.0,periferico
ES_08106,08106,Llinars del Vallès,377.77363605,10476.0,0,0,0.0,0.0,0,0.0,0,0,0,0,,,0,0.0,periferico
ES_08107,08107,Lliçà d'Amunt,719.21283134,16083.0,0,0,0.0,0.0,0,0.0,0,0,0,0,,,0,0.0,periferico
ES_12037,12037,Castell de Cabres,0.61856316,19.0,0,0,0.0,0.0,0,0.0,0,0,0,0,,,0,0.0,periferico
ES_12039,12039,Castellnovo,46.34425025,890.0,0,0,0.0,0.0,0,0.0,0,0,0,0,,,0,0.0,periferico
ES_12040,12040,Castelló de la Plana,1616.39583906,175915.0,0,0,0.0,0.0,0,0.0,0,0,0,0,,,0,0.0,periferico
ES_12041,12041,Castillo de Villamalefa,2.96623723,112.0,0,0,0.0,0.0,0,0.0,0,0,0,0,,,0,0.0,periferico
ES_12042,12042,Catí,7.09426347,726.0,0,0,0.0,0.0,0,0.0,0,0,0,0,,,0,0.0,periferico
ES_12043,12043,Caudiel,11.46256543,714.0,0,0,0.0,0.0,0,0.0,0,0,0,0,,,0,0.0,periferico
ES_12044,12044,Cervera del Maestre,7.03552228,656.0,0,0,0.0,0.0,0,0.0,0,0,0,0,,,0,0.0,periferico
ES_12045,12045,Cinctorres,12.18900326,427.0,0,0,0.0,0.0,0,0.0,0,0,0,0,,,0,0.0,periferico
ES_12048,12048,Cortes de Arenoso,3.81354301,307.0,0,0,0.0,0.0,0,0.0,0,0,0,0,,,0,0.0,periferico
ES_12050,12050,"Coves de Vinromà, les",13.38609573,1827.0,0,0,0.0,0.0,0,0.0,0,0,0,0,,,0,0.0,periferico
ES_06146,06146,Valle de la Serena,8.85557194,1110.0,0,0,0.0,0.0,0,0.0,0,0,0,0,,,0,0.0,periferico
ES_06147,06147,Valle de Matamoros,70.60800107,346.0,0,0,0.0,0.0,0,0.0,0,0,0,0,,,0,0.0,periferico
ES_06148,06148,Valle de Santa Ana,297.68448433,1115.0,0,0,0.0,0.0,0,0.0,0,0,0,0,,,0,0.0,periferico
ES_06149,06149,Villafranca de los Barros,118.26347937,12347.0,0,0,0.0,0.0,0,0.0,0,0,0,0,,,0,0.0,periferico
ES_06150,06150,Villagarcía de la Torre,13.09746181,884.0,0,0,0.0,0.0,0,0.0,0,0,0,0,,,0,0.0,periferico
ES_06152,06152,Villalba de los Barros,16.03176223,1456.0,0,0,0.0,0.0,0,0.0,0,0,0,0,,,0,0.0,periferico
ES_06153,06153,Villanueva de la Serena,168.55039897,25746.0,0,0,0.0,0.0,0,0.0,0,0,0,0,,,0,0.0,periferico
ES_06154,06154,Villanueva del Fresno,9.11909336,3286.0,0,0,0.0,0.0,0,0.0,0,0,0,0,,,0,0.0,periferico
ES_06155,06155,Villar del Rey,21.24304568,2100.0,0,0,0.0,0.0,0,0.0,0,0,0,0,,,0,0.0,periferico
ES_06156,06156,Villar de Rena,16.04900241,1322.0,0,0,0.0,0.0,0,0.0,0,0,0,0,,,0,0.0,periferico
ES_08108,08108,Lliçà de Vall,628.36418227,6727.0,0,0,0.0,0.0,0,0.0,0,0,0,0,,,0,0.0,periferico
ES_08109,08109,Lluçà,5.46005864,291.0,0,0,0.0,0.0,0,0.0,0,0,0,0,,,0,0.0,periferico
ES_08110,08110,Malgrat de Mar,2178.31710164,19150.0,0,0,0.0,0.0,0,0.0,0,0,0,0,,,0,0.0,periferico
ES_08113,08113,Manresa,1886.93420048,78570.0,0,0,0.0,0.0,0,0.0,0,0,0,0,,,0,0.0,periferico
ES_08115,08115,Martorelles,1338.22935547,4895.0,0,0,0.0,0.0,0,0.0,0,0,0,0,,,0,0.0,periferico
ES_08117,08117,"Masies de Voltregà, Les",145.37610637,3224.0,0,0,0.0,0.0,0,0.0,0,0,0,0,,,0,0.0,periferico
ES_08118,08118,"Masnou, El",7463.43187732,24176.0,0,0,0.0,0.0,0,0.0,0,0,0,0,,,0,0.0,periferico
ES_12051,12051,Culla,4.14471185,480.0,0,0,0.0,0.0,0,0.0,0,0,0,0,,,0,0.0,periferico
ES_12052,12052,Xert,8.32748175,687.0,0,0,0.0,0.0,0,0.0,0,0,0,0,,,0,0.0,periferico
ES_12053,12053,Chilches,219.48233461,2977.0,0,0,0.0,0.0,0,0.0,0,0,0,0,,,0,0.0,periferico
ES_12059,12059,Fanzara,8.3823389,293.0,0,0,0.0,0.0,0,0.0,0,0,0,0,,,0,0.0,periferico
ES_12060,12060,Figueroles,43.14157321,520.0,0,0,0.0,0.0,0,0.0,0,0,0,0,,,0,0.0,periferico
ES_12061,12061,Forcall,12.03453076,472.0,0,0,0.0,0.0,0,0.0,0,0,0,0,,,0,0.0,periferico
ES_12063,12063,Fuente la Reina,7.80700726,58.0,0,0,0.0,0.0,0,0.0,0,0,0,0,,,0,0.0,periferico
ES_06157,06157,Villarta de los Montes,3.26674485,403.0,0,0,0.0,0.0,0,0.0,0,0,0,0,,,0,0.0,periferico
ES_06158,06158,Zafra,266.11091727,16655.0,0,0,0.0,0.0,0,0.0,0,0,0,0,,,0,0.0,periferico
ES_06160,06160,Zalamea de la Serena,13.99002227,3437.0,0,0,0.0,0.0,0,0.0,0,0,0,0,,,0,0.0,periferico
ES_06162,06162,"Zarza, La",53.40854493,3374.0,0,0,0.0,0.0,0,0.0,0,0,0,0,,,0,0.0,periferico
ES_06901,06901,Valdelacalzada,86.73385666,2756.0,0,0,0.0,0.0,0,0.0,0,0,0,0,,,0,0.0,periferico
ES_06902,06902,Pueblonuevo del Guadiana,68.2526618,1950.0,0,0,0.0,0.0,0,0.0,0,0,0,0,,,0,0.0,periferico
ES_06903,06903,Guadiana,80.85799022,2430.0,0,0,0.0,0.0,0,0.0,0,0,0,0,,,0,0.0,periferico
ES_07001,07001,Alaró,130.17612998,5948.0,0,0,0.0,0.0,0,0.0,0,0,0,0,,,0,0.0,periferico
ES_07002,07002,Alaior,89.82375362,9879.0,0,0,0.0,0.0,0,0.0,0,0,0,0,,,0,0.0,periferico
ES_08120,08120,Matadepera,390.07494155,9891.0,0,0,0.0,0.0,0,0.0,0,0,0,0,,,0,0.0,periferico
ES_08123,08123,Molins de Rei,1689.27735712,26568.0,0,0,0.0,0.0,0,0.0,0,0,0,0,,,0,0.0,periferico
ES_08124,08124,Mollet del Vallès,4786.57573481,51692.0,0,0,0.0,0.0,0,0.0,0,0,0,0,,,0,0.0,periferico
ES_08125,08125,Montcada i Reixac,1570.46270704,36823.0,0,0,0.0,0.0,0,0.0,0,0,0,0,,,0,0.0,periferico
ES_08126,08126,Montgat,4351.32697852,12458.0,0,0,0.0,0.0,0,0.0,0,0,0,0,,,0,0.0,periferico
ES_08127,08127,Monistrol de Montserrat,266.72395163,3176.0,0,0,0.0,0.0,0,0.0,0,0,0,0,,,0,0.0,periferico
ES_08128,08128,Monistrol de Calders,34.17135659,752.0,0,0,0.0,0.0,0,0.0,0,0,0,0,,,0,0.0,periferico
ES_08129,08129,Muntanyola,17.80962345,721.0,0,0,0.0,0.0,0,0.0,0,0,0,0,,,0,0.0,periferico
ES_08130,08130,Montclar,5.82795868,129.0,0,0,0.0,0.0,0,0.0,0,0,0,0,,,0,0.0,periferico
ES_08131,08131,Montesquiu,228.1301886,1106.0,0,0,0.0,0.0,0,0.0,0,0,0,0,,,0,0.0,periferico
ES_12064,12064,Fuentes de Ayódar,8.84297347,97.0,0,0,0.0,0.0,0,0.0,0,0,0,0,,,0,0.0,periferico
ES_12067,12067,Geldo,1143.34997879,649.0,0,0,0.0,0.0,0,0.0,0,0,0,0,,,0,0.0,periferico
ES_12068,12068,Herbers,2.32531436,63.0,0,0,0.0,0.0,0,0.0,0,0,0,0,,,0,0.0,periferico
ES_12069,12069,Higueras,4.21628482,50.0,0,0,0.0,0.0,0,0.0,0,0,0,0,,,0,0.0,periferico
ES_12070,12070,"Jana, la",34.99172512,682.0,0,0,0.0,0.0,0,0.0,0,0,0,0,,,0,0.0,periferico
ES_12071,12071,Jérica,22.89124163,1792.0,0,0,0.0,0.0,0,0.0,0,0,0,0,,,0,0.0,periferico
ES_05258,05258,Villanueva de Gómez,5.45107845,115.0,0,0,0.0,0.0,0,0.0,0,0,0,0,,,0,0.0,periferico
ES_05259,05259,Villanueva del Aceral,5.52196324,97.0,0,0,0.0,0.0,0,0.0,0,0,0,0,,,0,0.0,periferico
ES_05260,05260,Villanueva del Campillo,2.28222602,105.0,0,0,0.0,0.0,0,0.0,0,0,0,0,,,0,0.0,periferico
ES_05261,05261,Villar de Corneja,5.39348174,37.0,0,0,0.0,0.0,0,0.0,0,0,0,0,,,0,0.0,periferico
ES_05262,05262,Villarejo del Valle,7.91304487,329.0,0,0,0.0,0.0,0,0.0,0,0,0,0,,,0,0.0,periferico
ES_07007,07007,Banyalbufar,31.97531787,578.0,0,0,0.0,0.0,0,0.0,0,0,0,0,,,0,0.0,periferico
ES_07010,07010,Bunyola,86.65414749,7343.0,0,0,0.0,0.0,0,0.0,0,0,0,0,,,0,0.0,periferico
ES_07011,07011,Calvià,368.89181488,53496.0,0,0,0.0,0.0,0,0.0,0,0,0,0,,,0,0.0,periferico
ES_07012,07012,Campanet,80.38145101,2785.0,0,0,0.0,0.0,0,0.0,0,0,0,0,,,0,0.0,periferico
ES_07013,07013,Campos,78.92648662,11817.0,0,0,0.0,0.0,0,0.0,0,0,0,0,,,0,0.0,periferico
ES_07014,07014,Capdepera,229.12079448,12585.0,0,0,0.0,0.0,0,0.0,0,0,0,0,,,0,0.0,periferico
ES_07015,07015,Ciutadella de Menorca,169.96750653,31669.0,0,0,0.0,0.0,0,0.0,0,0,0,0,,,0,0.0,periferico
ES_08132,08132,Montmajor,6.3131496,483.0,0,0,0.0,0.0,0,0.0,0,0,0,0,,,0,0.0,periferico
ES_08133,08133,Montmaneu,14.65508274,197.0,0,0,0.0,0.0,0,0.0,0,0,0,0,,,0,0.0,periferico
ES_08134,08134,Figaró-Montmany,76.92470354,1157.0,0,0,0.0,0.0,0,0.0,0,0,0,0,,,0,0.0,periferico
ES_08135,08135,Montmeló,2271.47692699,8822.0,0,0,0.0,0.0,0,0.0,0,0,0,0,,,0,0.0,periferico
ES_08137,08137,Montseny,14.1527176,379.0,0,0,0.0,0.0,0,0.0,0,0,0,0,,,0,0.0,periferico
ES_08138,08138,Moià,87.84737851,6670.0,0,0,0.0,0.0,0,0.0,0,0,0,0,,,0,0.0,periferico
ES_08139,08139,Mura,4.73798397,227.0,0,0,0.0,0.0,0,0.0,0,0,0,0,,,0,0.0,periferico
ES_08141,08141,Navàs,76.34136969,6161.0,0,0,0.0,0.0,0,0.0,0,0,0,0,,,0,0.0,periferico
ES_08142,08142,"Nou de Berguedà, La",6.84605929,170.0,0,0,0.0,0.0,0,0.0,0,0,0,0,,,0,0.0,periferico
ES_05263,05263,Villatoro,2.73110058,153.0,0,0,0.0,0.0,0,0.0,0,0,0,0,,,0,0.0,periferico
ES_05264,05264,Viñegra de Moraña,4.77964325,49.0,0,0,0.0,0.0,0,0.0,0,0,0,0,,,0,0.0,periferico
ES_05265,05265,Vita,4.81648929,80.0,0,0,0.0,0.0,0,0.0,0,0,0,0,,,0,0.0,periferico
ES_05267,05267,Zapardiel de la Ribera,1.93796781,85.0,0,0,0.0,0.0,0,0.0,0,0,0,0,,,0,0.0,periferico
ES_05901,05901,San Juan de Gredos,2.57683288,247.0,0,0,0.0,0.0,0,0.0,0,0,0,0,,,0,0.0,periferico
ES_05902,05902,Santa María del Cubillo,4.81659769,317.0,0,0,0.0,0.0,0,0.0,0,0,0,0,,,0,0.0,periferico
ES_05903,05903,Diego del Carpio,3.19451892,108.0,0,0,0.0,0.0,0,0.0,0,0,0,0,,,0,0.0,periferico
ES_05904,05904,Santiago del Tormes,1.60673286,110.0,0,0,0.0,0.0,0,0.0,0,0,0,0,,,0,0.0,periferico
ES_05905,05905,Villanueva de Ávila,10.79762411,229.0,0,0,0.0,0.0,0,0.0,0,0,0,0,,,0,0.0,periferico
ES_06001,06001,Acedera,9.91941058,816.0,0,0,0.0,0.0,0,0.0,0,0,0,0,,,0,0.0,periferico
ES_07016,07016,Consell,313.47164934,4291.0,0,0,0.0,0.0,0,0.0,0,0,0,0,,,0,0.0,periferico
ES_07017,07017,Costitx,98.9653388,1520.0,0,0,0.0,0.0,0,0.0,0,0,0,0,,,0,0.0,periferico
ES_07018,07018,Deià,45.2509716,688.0,0,0,0.0,0.0,0,0.0,0,0,0,0,,,0,0.0,periferico
ES_07019,07019,Escorca,1.39904348,195.0,0,0,0.0,0.0,0,0.0,0,0,0,0,,,0,0.0,periferico
ES_07020,07020,Esporles,149.69548309,5283.0,0,0,0.0,0.0,0,0.0,0,0,0,0,,,0,0.0,periferico
ES_07021,07021,Estellencs,26.84343619,361.0,0,0,0.0,0.0,0,0.0,0,0,0,0,,,0,0.0,periferico
ES_07022,07022,Felanitx,109.75045485,18636.0,0,0,0.0,0.0,0,0.0,0,0,0,0,,,0,0.0,periferico
ES_07023,07023,Ferreries,76.46318286,5056.0,0,0,0.0,0.0,0,0.0,0,0,0,0,,,0,0.0,periferico
ES_07024,07024,Formentera,136.93274511,11389.0,0,0,0.0,0.0,0,0.0,0,0,0,0,,,0,0.0,periferico
ES_07025,07025,Fornalutx,36.68268889,715.0,0,0,0.0,0.0,0,0.0,0,0,0,0,,,0,0.0,periferico
ES_07026,07026,Eivissa,4665.65546584,51872.0,0,0,0.0,0.0,0,0.0,0,0,0,0,,,0,0.0,periferico
ES_07027,07027,Inca,590.85298344,34459.0,0,0,0.0,0.0,0,0.0,0,0,0,0,,,0,0.0,periferico
ES_08143,08143,Òdena,70.93961467,3697.0,0,0,0.0,0.0,0,0.0,0,0,0,0,,,0,0.0,periferico
ES_08144,08144,Olvan,25.25026835,894.0,0,0,0.0,0.0,0,0.0,0,0,0,0,,,0,0.0,periferico
ES_08145,08145,Olèrdola,131.68063992,3951.0,0,0,0.0,0.0,0,0.0,0,0,0,0,,,0,0.0,periferico
ES_08146,08146,Olesa de Bonesvalls,68.29718312,2108.0,0,0,0.0,0.0,0,0.0,0,0,0,0,,,0,0.0,periferico
ES_08147,08147,Olesa de Montserrat,1463.42413173,24458.0,0,0,0.0,0.0,0,0.0,0,0,0,0,,,0,0.0,periferico
ES_08148,08148,Olivella,113.66798843,4417.0,0,0,0.0,0.0,0,0.0,0,0,0,0,,,0,0.0,periferico
ES_08149,08149,Olost,42.05886218,1218.0,0,0,0.0,0.0,0,0.0,0,0,0,0,,,0,0.0,periferico
ES_08150,08150,Orís,13.08909225,354.0,0,0,0.0,0.0,0,0.0,0,0,0,0,,,0,0.0,periferico
ES_08151,08151,Oristà,8.50201389,585.0,0,0,0.0,0.0,0,0.0,0,0,0,0,,,0,0.0,periferico
ES_08153,08153,Òrrius,143.69041315,799.0,0,0,0.0,0.0,0,0.0,0,0,0,0,,,0,0.0,periferico
ES_08154,08154,Pacs del Penedès,149.7421067,911.0,0,0,0.0,0.0,0,0.0,0,0,0,0,,,0,0.0,periferico
ES_08155,08155,Palafolls,594.70562731,9823.0,0,0,0.0,0.0,0,0.0,0,0,0,0,,,0,0.0,periferico
ES_06003,06003,Ahillones,37.13808782,799.0,0,0,0.0,0.0,0,0.0,0,0,0,0,,,0,0.0,periferico
ES_06004,06004,Alange,11.43720774,1832.0,0,0,0.0,0.0,0,0.0,0,0,0,0,,,0,0.0,periferico
ES_06005,06005,"Albuera, La",76.19465506,2009.0,0,0,0.0,0.0,0,0.0,0,0,0,0,,,0,0.0,periferico
ES_06006,06006,Alburquerque,7.002133,5064.0,0,0,0.0,0.0,0,0.0,0,0,0,0,,,0,0.0,periferico
ES_06007,06007,Alconchel,5.53807716,1634.0,0,0,0.0,0.0,0,0.0,0,0,0,0,,,0,0.0,periferico
ES_06008,06008,Alconera,23.29320042,763.0,0,0,0.0,0.0,0,0.0,0,0,0,0,,,0,0.0,periferico
ES_06009,06009,Aljucén,13.79528415,263.0,0,0,0.0,0.0,0,0.0,0,0,0,0,,,0,0.0,periferico
ES_06010,06010,Almendral,17.70424106,1195.0,0,0,0.0,0.0,0,0.0,0,0,0,0,,,0,0.0,periferico
ES_06013,06013,Atalaya,12.24642889,278.0,0,0,0.0,0.0,0,0.0,0,0,0,0,,,0,0.0,periferico
ES_06014,06014,Azuaga,15.30720824,7622.0,0,0,0.0,0.0,0,0.0,0,0,0,0,,,0,0.0,periferico
ES_06015,06015,Badajoz,104.64482772,150716.0,0,0,0.0,0.0,0,0.0,0,0,0,0,,,0,0.0,periferico
ES_07029,07029,Lloseta,532.69463382,6453.0,0,0,0.0,0.0,0,0.0,0,0,0,0,,,0,0.0,periferico
ES_07030,07030,Llubí,70.47677754,2462.0,0,0,0.0,0.0,0,0.0,0,0,0,0,,,0,0.0,periferico
ES_07032,07032,Maó,256.47325984,30006.0,0,0,0.0,0.0,0,0.0,0,0,0,0,,,0,0.0,periferico
ES_07033,07033,Manacor,179.02033281,46614.0,0,0,0.0,0.0,0,0.0,0,0,0,0,,,0,0.0,periferico
ES_07034,07034,Mancor de la Vall,82.59433933,1643.0,0,0,0.0,0.0,0,0.0,0,0,0,0,,,0,0.0,periferico
ES_07035,07035,Maria de la Salut,76.44713928,2333.0,0,0,0.0,0.0,0,0.0,0,0,0,0,,,0,0.0,periferico
ES_07036,07036,Marratxí,727.27004331,39455.0,0,0,0.0,0.0,0,0.0,0,0,0,0,,,0,0.0,periferico
ES_07037,07037,"Mercadal, Es",42.86277795,5927.0,0,0,0.0,0.0,0,0.0,0,0,0,0,,,0,0.0,periferico
ES_07038,07038,Montuïri,76.39603834,3142.0,0,0,0.0,0.0,0,0.0,0,0,0,0,,,0,0.0,periferico
ES_08156,08156,Palau-solità i Plegamans,1002.45544851,15125.0,0,0,0.0,0.0,0,0.0,0,0,0,0,,,0,0.0,periferico
ES_08157,08157,Pallejà,1384.41503618,11715.0,0,0,0.0,0.0,0,0.0,0,0,0,0,,,0,0.0,periferico
ES_08159,08159,Parets del Vallès,2066.91568926,18893.0,0,0,0.0,0.0,0,0.0,0,0,0,0,,,0,0.0,periferico
ES_08160,08160,Perafita,21.51981564,423.0,0,0,0.0,0.0,0,0.0,0,0,0,0,,,0,0.0,periferico
ES_08162,08162,"Hostalets de Pierola, Els",95.22683137,3189.0,0,0,0.0,0.0,0,0.0,0,0,0,0,,,0,0.0,periferico
ES_08165,08165,"Pobla de Claramunt, La",124.56674725,2311.0,0,0,0.0,0.0,0,0.0,0,0,0,0,,,0,0.0,periferico
ES_08166,08166,"Pobla de Lillet, La",20.98287257,1087.0,0,0,0.0,0.0,0,0.0,0,0,0,0,,,0,0.0,periferico
ES_08167,08167,Polinyà,964.482265,8480.0,0,0,0.0,0.0,0,0.0,0,0,0,0,,,0,0.0,periferico
ES_06016,06016,Barcarrota,25.42056855,3458.0,0,0,0.0,0.0,0,0.0,0,0,0,0,,,0,0.0,periferico
ES_06018,06018,Benquerencia de la Serena,7.61558998,783.0,0,0,0.0,0.0,0,0.0,0,0,0,0,,,0,0.0,periferico
ES_06019,06019,Berlanga,17.40820873,2224.0,0,0,0.0,0.0,0,0.0,0,0,0,0,,,0,0.0,periferico
ES_06020,06020,Bienvenida,22.04020973,2031.0,0,0,0.0,0.0,0,0.0,0,0,0,0,,,0,0.0,periferico
ES_06022,06022,Burguillos del Cerro,16.09671625,3019.0,0,0,0.0,0.0,0,0.0,0,0,0,0,,,0,0.0,periferico
ES_06023,06023,Cabeza del Buey,9.63166408,4576.0,0,0,0.0,0.0,0,0.0,0,0,0,0,,,0,0.0,periferico
ES_06025,06025,Calamonte,777.04811704,6111.0,0,0,0.0,0.0,0,0.0,0,0,0,0,,,0,0.0,periferico
ES_06026,06026,Calera de León,13.42166433,918.0,0,0,0.0,0.0,0,0.0,0,0,0,0,,,0,0.0,periferico
ES_06027,06027,Calzadilla de los Barros,13.4386813,702.0,0,0,0.0,0.0,0,0.0,0,0,0,0,,,0,0.0,periferico
ES_07039,07039,Muro,133.81625966000001,7842.0,0,0,0.0,0.0,0,0.0,0,0,0,0,,,0,0.0,periferico
ES_07040,07040,Palma,2065.48116429,430640.0,0,0,0.0,0.0,0,0.0,0,0,0,0,,,0,0.0,periferico
ES_07041,07041,Petra,45.00443038,3151.0,0,0,0.0,0.0,0,0.0,0,0,0,0,,,0,0.0,periferico
ES_07042,07042,Pollença,113.7969172,17260.0,0,0,0.0,0.0,0,0.0,0,0,0,0,,,0,0.0,periferico
ES_07043,07043,Porreres,66.13117261,5749.0,0,0,0.0,0.0,0,0.0,0,0,0,0,,,0,0.0,periferico
ES_07044,07044,"Pobla, Sa",294.19706557,14296.0,0,0,0.0,0.0,0,0.0,0,0,0,0,,,0,0.0,periferico
ES_07045,07045,Puigpunyent,49.41471252,2090.0,0,0,0.0,0.0,0,0.0,0,0,0,0,,,0,0.0,periferico
ES_07046,07046,Sant Antoni de Portmany,225.22149705,28551.0,0,0,0.0,0.0,0,0.0,0,0,0,0,,,0,0.0,periferico
ES_07049,07049,Sant Joan,57.17785106,2204.0,0,0,0.0,0.0,0,0.0,0,0,0,0,,,0,0.0,periferico
ES_07050,07050,Sant Joan de Labritja,56.01322056,6809.0,0,0,0.0,0.0,0,0.0,0,0,0,0,,,0,0.0,periferico
ES_08168,08168,Pontons,20.55933098,525.0,0,0,0.0,0.0,0,0.0,0,0,0,0,,,0,0.0,periferico
ES_08169,08169,"Prat de Llobregat, El",2070.1188594,65409.0,0,0,0.0,0.0,0,0.0,0,0,0,0,,,0,0.0,periferico
ES_08170,08170,"Prats de Rei, Els",21.50078508,560.0,0,0,0.0,0.0,0,0.0,0,0,0,0,,,0,0.0,periferico
ES_08171,08171,Prats de Lluçanès,200.24726849,2682.0,0,0,0.0,0.0,0,0.0,0,0,0,0,,,0,0.0,periferico
ES_08172,08172,Premià de Mar,14468.72507091,28702.0,0,0,0.0,0.0,0,0.0,0,0,0,0,,,0,0.0,periferico
ES_08174,08174,Puigdàlber,892.93650694,572.0,0,0,0.0,0.0,0,0.0,0,0,0,0,,,0,0.0,periferico
ES_08175,08175,Puig-reig,94.98662785,4390.0,0,0,0.0,0.0,0,0.0,0,0,0,0,,,0,0.0,periferico
ES_08176,08176,Pujalt,6.98067866,220.0,0,0,0.0,0.0,0,0.0,0,0,0,0,,,0,0.0,periferico
ES_08177,08177,"Quar, La",1.10644498,42.0,0,0,0.0,0.0,0,0.0,0,0,0,0,,,0,0.0,periferico
ES_08178,08178,Rajadell,12.55311434,573.0,0,0,0.0,0.0,0,0.0,0,0,0,0,,,0,0.0,periferico
ES_08179,08179,Rellinars,51.57991417,922.0,0,0,0.0,0.0,0,0.0,0,0,0,0,,,0,0.0,periferico
ES_08180,08180,Ripollet,8929.05370921,39189.0,0,0,0.0,0.0,0,0.0,0,0,0,0,,,0,0.0,periferico
ES_06029,06029,Campillo de Llerena,5.70291329,1335.0,0,0,0.0,0.0,0,0.0,0,0,0,0,,,0,0.0,periferico
ES_06030,06030,Capilla,1.04762518,154.0,0,0,0.0,0.0,0,0.0,0,0,0,0,,,0,0.0,periferico
ES_06033,06033,Casas de Don Pedro,9.56759375,1383.0,0,0,0.0,0.0,0,0.0,0,0,0,0,,,0,0.0,periferico
ES_06035,06035,Castilblanco,6.44960007,853.0,0,0,0.0,0.0,0,0.0,0,0,0,0,,,0,0.0,periferico
ES_06036,06036,Castuera,12.89178354,5570.0,0,0,0.0,0.0,0,0.0,0,0,0,0,,,0,0.0,periferico
ES_06037,06037,"Codosera, La",28.68382625,1999.0,0,0,0.0,0.0,0,0.0,0,0,0,0,,,0,0.0,periferico
ES_07051,07051,Sant Llorenç des Cardassar,114.22579251,9378.0,0,0,0.0,0.0,0,0.0,0,0,0,0,,,0,0.0,periferico
ES_07052,07052,Sant Lluís,205.88227845,7147.0,0,0,0.0,0.0,0,0.0,0,0,0,0,,,0,0.0,periferico
ES_07053,07053,Santa Eugènia,92.45441865,1870.0,0,0,0.0,0.0,0,0.0,0,0,0,0,,,0,0.0,periferico
ES_07054,07054,Santa Eulària des Riu,270.95303315,41608.0,0,0,0.0,0.0,0,0.0,0,0,0,0,,,0,0.0,periferico
ES_07055,07055,Santa Margalida,152.93585866,13231.0,0,0,0.0,0.0,0,0.0,0,0,0,0,,,0,0.0,periferico
ES_07056,07056,Santa María del Camí,201.50826418,7579.0,0,0,0.0,0.0,0,0.0,0,0,0,0,,,0,0.0,periferico
ES_07057,07057,Santanyí,100.56459566,12561.0,0,0,0.0,0.0,0,0.0,0,0,0,0,,,0,0.0,periferico
ES_07058,07058,Selva,87.94564999,4289.0,0,0,0.0,0.0,0,0.0,0,0,0,0,,,0,0.0,periferico
ES_07059,07059,"Salines, Ses",129.0244983,5032.0,0,0,0.0,0.0,0,0.0,0,0,0,0,,,0,0.0,periferico
ES_07060,07060,Sineu,91.87121466,4387.0,0,0,0.0,0.0,0,0.0,0,0,0,0,,,0,0.0,periferico
ES_07062,07062,Son Servera,284.8847228,12129.0,0,0,0.0,0.0,0,0.0,0,0,0,0,,,0,0.0,periferico
ES_08181,08181,"Roca del Vallès, La",296.4468666,10899.0,0,0,0.0,0.0,0,0.0,0,0,0,0,,,0,0.0,periferico
ES_08182,08182,"Pont de Vilomara i Rocafort, El",149.1335019,4087.0,0,0,0.0,0.0,0,0.0,0,0,0,0,,,0,0.0,periferico
ES_08183,08183,Roda de Ter,3004.64563716,6696.0,0,0,0.0,0.0,0,0.0,0,0,0,0,,,0,0.0,periferico
ES_08184,08184,Rubí,2485.69520904,80034.0,0,0,0.0,0.0,0,0.0,0,0,0,0,,,0,0.0,periferico
ES_08187,08187,Sabadell,5807.05983282,217968.0,0,0,0.0,0.0,0,0.0,0,0,0,0,,,0,0.0,periferico
ES_08188,08188,Sagàs,3.3883636,152.0,0,0,0.0,0.0,0,0.0,0,0,0,0,,,0,0.0,periferico
ES_08189,08189,Sant Pere Sallavinera,7.35533954,162.0,0,0,0.0,0.0,0,0.0,0,0,0,0,,,0,0.0,periferico
ES_08193,08193,Sant Iscle de Vallalta,80.76553462,1445.0,0,0,0.0,0.0,0,0.0,0,0,0,0,,,0,0.0,periferico
ES_10190,10190,Torrejón el Rubio,2.35244698,522.0,0,0,0.0,0.0,0,0.0,0,0,0,0,,,0,0.0,periferico
ES_10191,10191,Torremenga,50.3001273,610.0,0,0,0.0,0.0,0,0.0,0,0,0,0,,,0,0.0,periferico
ES_12102,12102,Santa Magdalena de Pulpis,11.71420345,779.0,0,0,0.0,0.0,0,0.0,0,0,0,0,,,0,0.0,periferico
ES_14058,14058,Rute,73.83546304,9734.0,0,0,0.0,0.0,0,0.0,0,0,0,0,,,0,0.0,periferico
ES_14059,14059,San Sebastián de los Ballester,79.21242816,833.0,0,0,0.0,0.0,0,0.0,0,0,0,0,,,0,0.0,periferico
ES_14063,14063,Valenzuela,54.98610407,1047.0,0,0,0.0,0.0,0,0.0,0,0,0,0,,,0,0.0,periferico
ES_15037,15037,Fisterra,160.32819846,4717.0,0,0,0.0,0.0,0,0.0,0,0,0,0,,,0,0.0,periferico
ES_17204,17204,Ullà,163.50758194,1203.0,0,0,0.0,0.0,0,0.0,0,0,0,0,,,0,0.0,periferico
ES_17205,17205,Ullastret,24.09442342,265.0,0,0,0.0,0.0,0,0.0,0,0,0,0,,,0,0.0,periferico
ES_14066,14066,Villa del Río,312.89237163,6895.0,0,0,0.0,0.0,0,0.0,0,0,0,0,,,0,0.0,periferico
ES_17217,17217,Viladamat,42.67379893,485.0,0,0,0.0,0.0,0,0.0,0,0,0,0,,,0,0.0,periferico
ES_32077,32077,Sandiás,21.48892869,1135.0,0,0,0.0,0.0,0,0.0,0,0,0,0,,,0,0.0,periferico
ES_32087,32087,Vilamarín,33.55246217,1881.0,0,0,0.0,0.0,0,0.0,0,0,0,0,,,0,0.0,periferico
ES_33006,33006,Bimenes,51.07291061,1665.0,0,0,0.0,0.0,0,0.0,0,0,0,0,,,0,0.0,periferico
ES_12127,12127,Vallibona,0.67868246,62.0,0,0,0.0,0.0,0,0.0,0,0,0,0,,,0,0.0,periferico
ES_12128,12128,Vilafamés,27.02901738,1907.0,0,0,0.0,0.0,0,0.0,0,0,0,0,,,0,0.0,periferico
ES_15001,15001,Abegondo,66.49997761,5581.0,0,0,0.0,0.0,0,0.0,0,0,0,0,,,0,0.0,periferico
ES_15003,15003,Aranga,15.20564506,1819.0,0,0,0.0,0.0,0,0.0,0,0,0,0,,,0,0.0,periferico
ES_15069,15069,Pontedeume,255.76082899,7526.0,0,0,0.0,0.0,0,0.0,0,0,0,0,,,0,0.0,periferico
ES_12135,12135,Vila-real,940.81079456,51839.0,0,0,0.0,0.0,0,0.0,0,0,0,0,,,0,0.0,periferico
ES_12136,12136,"Vilavella, la",501.09974984,3084.0,0,0,0.0,0.0,0,0.0,0,0,0,0,,,0,0.0,periferico
ES_15019,15019,Carballo,167.88664178,31394.0,0,0,0.0,0.0,0,0.0,0,0,0,0,,,0,0.0,periferico
ES_15074,15074,Rois,47.26733847,4395.0,0,0,0.0,0.0,0,0.0,0,0,0,0,,,0,0.0,periferico
ES_15075,15075,Sada,614.37186113,16895.0,0,0,0.0,0.0,0,0.0,0,0,0,0,,,0,0.0,periferico
ES_37379,37379,Zamayón,6.18527915,191.0,0,0,0.0,0.0,0,0.0,0,0,0,0,,,0,0.0,periferico
ES_38008,38008,Breña Alta,237.37230511,7315.0,0,0,0.0,0.0,0,0.0,0,0,0,0,,,0,0.0,periferico
ES_38019,38019,Guía de Isora,156.06780033,22478.0,0,0,0.0,0.0,0,0.0,0,0,0,0,,,0,0.0,periferico
ES_38032,38032,"Rosario, El",456.58712832,17905.0,0,0,0.0,0.0,0,0.0,0,0,0,0,,,0,0.0,periferico
ES_38043,38043,Tacoronte,821.86777955,24701.0,0,0,0.0,0.0,0,0.0,0,0,0,0,,,0,0.0,periferico
ES_38053,38053,Villa de Mazo,69.36830464,4938.0,0,0,0.0,0.0,0,0.0,0,0,0,0,,,0,0.0,periferico
ES_39010,39010,Bárcena de Pie de Concha,22.10397535,675.0,0,0,0.0,0.0,0,0.0,0,0,0,0,,,0,0.0,periferico
ES_10193,10193,Torreorgaz,58.51389939,1685.0,0,0,0.0,0.0,0,0.0,0,0,0,0,,,0,0.0,periferico
ES_06046,06046,Esparragalejo,90.27167073,1509.0,0,0,0.0,0.0,0,0.0,0,0,0,0,,,0,0.0,periferico
ES_25203,25203,"Seu d'Urgell, La",824.5790889,12479.0,0,0,0.0,0.0,0,0.0,0,0,0,0,,,0,0.0,periferico
ES_25218,25218,Tarrés,9.01557488,118.0,0,0,0.0,0.0,0,0.0,0,0,0,0,,,0,0.0,periferico
ES_25228,25228,Torrefarrera,208.81987691,4879.0,0,0,0.0,0.0,0,0.0,0,0,0,0,,,0,0.0,periferico
ES_25249,25249,Vilanova de l'Aguda,3.67580206,197.0,0,0,0.0,0.0,0,0.0,0,0,0,0,,,0,0.0,periferico
ES_25908,25908,Fígols i Alinyà,2.50862015,256.0,0,0,0.0,0.0,0,0.0,0,0,0,0,,,0,0.0,periferico
ES_42046,42046,Calatañazor,0.69439346,45.0,0,0,0.0,0.0,0,0.0,0,0,0,0,,,0,0.0,periferico
ES_42070,42070,Cubilla,1.13814886,23.0,0,0,0.0,0.0,0,0.0,0,0,0,0,,,0,0.0,periferico
ES_42083,42083,Frechilla de Almazán,0.77917585,20.0,0,0,0.0,0.0,0,0.0,0,0,0,0,,,0,0.0,periferico
ES_29064,29064,Jubrique,14.49908736,570.0,0,0,0.0,0.0,0,0.0,0,0,0,0,,,0,0.0,periferico
ES_29075,29075,Nerja,256.62191901,21850.0,0,0,0.0,0.0,0,0.0,0,0,0,0,,,0,0.0,periferico
ES_29086,29086,Sayalonga,88.80955012,1626.0,0,0,0.0,0.0,0,0.0,0,0,0,0,,,0,0.0,periferico
ES_29097,29097,Villanueva del Trabuco,90.9870625,5380.0,0,0,0.0,0.0,0,0.0,0,0,0,0,,,0,0.0,periferico
ES_08006,08006,Arenys de Mar,2516.64303341,16280.0,0,0,0.0,0.0,0,0.0,0,0,0,0,,,0,0.0,periferico
ES_06053,06053,Fuente del Arco,5.81734024,671.0,0,0,0.0,0.0,0,0.0,0,0,0,0,,,0,0.0,periferico
ES_06074,06074,Llerena,34.79429668,5662.0,0,0,0.0,0.0,0,0.0,0,0,0,0,,,0,0.0,periferico
ES_30002,30002,Abarán,113.13754469,13006.0,0,0,0.0,0.0,0,0.0,0,0,0,0,,,0,0.0,periferico
ES_30013,30013,Calasparra,54.63071065,10129.0,0,0,0.0,0.0,0,0.0,0,0,0,0,,,0,0.0,periferico
ES_30024,30024,Lorca,58.44317771,97904.0,0,0,0.0,0.0,0,0.0,0,0,0,0,,,0,0.0,periferico
ES_30033,30033,Puerto Lumbreras,120.99850164,17507.0,0,0,0.0,0.0,0,0.0,0,0,0,0,,,0,0.0,periferico
ES_31001,31001,Abáigar,17.13498009,83.0,0,0,0.0,0.0,0,0.0,0,0,0,0,,,0,0.0,periferico
ES_45030,45030,Calzada de Oropesa,3.51140581,499.0,0,0,0.0,0.0,0,0.0,0,0,0,0,,,0,0.0,periferico
ES_45043,45043,Castillo de Bayuela,24.68406267,919.0,0,0,0.0,0.0,0,0.0,0,0,0,0,,,0,0.0,periferico
ES_45056,45056,Chozas de Canales,144.36546743,4719.0,0,0,0.0,0.0,0,0.0,0,0,0,0,,,0,0.0,periferico
ES_34101,34101,Marcilla de Campos,2.24054807,49.0,0,0,0.0,0.0,0,0.0,0,0,0,0,,,0,0.0,periferico
ES_34120,34120,Palencia,803.58015723,76266.0,0,0,0.0,0.0,0,0.0,0,0,0,0,,,0,0.0,periferico
ES_34157,34157,Saldaña,22.03541236,2908.0,0,0,0.0,0.0,0,0.0,0,0,0,0,,,0,0.0,periferico
ES_34171,34171,Santibáñez de la Peña,8.59943372,961.0,0,0,0.0,0.0,0,0.0,0,0,0,0,,,0,0.0,periferico
ES_34211,34211,Villaherreros,5.32348784,217.0,0,0,0.0,0.0,0,0.0,0,0,0,0,,,0,0.0,periferico
ES_47131,47131,Rábano,6.22502163,172.0,0,0,0.0,0.0,0,0.0,0,0,0,0,,,0,0.0,periferico
ES_47143,47143,San Llorente,4.01490564,100.0,0,0,0.0,0.0,0,0.0,0,0,0,0,,,0,0.0,periferico
ES_47154,47154,Santibáñez de Valcorba,7.5762303,183.0,0,0,0.0,0.0,0,0.0,0,0,0,0,,,0,0.0,periferico
ES_08055,08055,Castellcir,22.8044833,775.0,0,0,0.0,0.0,0,0.0,0,0,0,0,,,0,0.0,periferico
ES_11039,11039,Vejer de la Frontera,48.81409086,12914.0,0,0,0.0,0.0,0,0.0,0,0,0,0,,,0,0.0,periferico
ES_06103,06103,Puebla de la Calzada,407.47749643,5809.0,0,0,0.0,0.0,0,0.0,0,0,0,0,,,0,0.0,periferico
ES_06117,06117,Salvatierra de los Barros,20.99024117,1573.0,0,0,0.0,0.0,0,0.0,0,0,0,0,,,0,0.0,periferico
ES_08077,08077,Esplugues de Llobregat,10374.49419205,46968.0,0,0,0.0,0.0,0,0.0,0,0,0,0,,,0,0.0,periferico
ES_47170,47170,Torre de Peñafiel,1.75556274,53.0,0,0,0.0,0.0,0,0.0,0,0,0,0,,,0,0.0,periferico
ES_12015,12015,Argelita,10.27991903,159.0,0,0,0.0,0.0,0,0.0,0,0,0,0,,,0,0.0,periferico
ES_08088,08088,"Garriga, La",897.62148288,17028.0,0,0,0.0,0.0,0,0.0,0,0,0,0,,,0,0.0,periferico
ES_08093,08093,Gisclareny,0.73714788,27.0,0,0,0.0,0.0,0,0.0,0,0,0,0,,,0,0.0,periferico
ES_08094,08094,"Granada, La",344.60770632,2218.0,0,0,0.0,0.0,0,0.0,0,0,0,0,,,0,0.0,periferico
ES_12025,12025,Benafigos,3.84884464,137.0,0,0,0.0,0.0,0,0.0,0,0,0,0,,,0,0.0,periferico
ES_12027,12027,Benicarló,601.35848455,28773.0,0,0,0.0,0.0,0,0.0,0,0,0,0,,,0,0.0,periferico
ES_50013,50013,Alcalá de Ebro,24.26596156,240.0,0,0,0.0,0.0,0,0.0,0,0,0,0,,,0,0.0,periferico
ES_50036,50036,Asín,5.46693139,101.0,0,0,0.0,0.0,0,0.0,0,0,0,0,,,0,0.0,periferico
ES_50046,50046,Belmonte de Gracián,4.12214759,180.0,0,0,0.0,0.0,0,0.0,0,0,0,0,,,0,0.0,periferico
ES_50071,50071,Campillo de Aragón,3.33544362,123.0,0,0,0.0,0.0,0,0.0,0,0,0,0,,,0,0.0,periferico
ES_50084,50084,Clarés de Ribota,4.012185,75.0,0,0,0.0,0.0,0,0.0,0,0,0,0,,,0,0.0,periferico
ES_50096,50096,Embid de Ariza,0.7512242,31.0,0,0,0.0,0.0,0,0.0,0,0,0,0,,,0,0.0,periferico
ES_50109,50109,"Frago, El",3.72925677,126.0,0,0,0.0,0.0,0,0.0,0,0,0,0,,,0,0.0,periferico
ES_19050,19050,Barriopedro,1.8744373,20.0,0,0,0.0,0.0,0,0.0,0,0,0,0,,,0,0.0,periferico
ES_19061,19061,Campisábalos,1.66633625,90.0,0,0,0.0,0.0,0,0.0,0,0,0,0,,,0,0.0,periferico
ES_19079,19079,Castilnuevo,0.40989479,8.0,0,0,0.0,0.0,0,0.0,0,0,0,0,,,0,0.0,periferico
ES_19095,19095,Condemios de Abajo,0.99404593,12.0,0,0,0.0,0.0,0,0.0,0,0,0,0,,,0,0.0,periferico
ES_08039,08039,Campins,80.60867326,592.0,0,0,0.0,0.0,0,0.0,0,0,0,0,,,0,0.0,periferico
ES_11019,11019,Grazalema,16.41209247,2009.0,0,0,0.0,0.0,0,0.0,0,0,0,0,,,0,0.0,periferico
ES_09251,09251,Pancorbo,7.40663799,433.0,0,0,0.0,0.0,0,0.0,0,0,0,0,,,0,0.0,periferico
ES_16145,16145,Osa de la Vega,8.3083855,443.0,0,0,0.0,0.0,0,0.0,0,0,0,0,,,0,0.0,periferico
ES_10113,10113,Madroñera,17.85756913,2373.0,0,0,0.0,0.0,0,0.0,0,0,0,0,,,0,0.0,periferico
ES_10119,10119,Membrío,2.77852361,577.0,0,0,0.0,0.0,0,0.0,0,0,0,0,,,0,0.0,periferico
ES_10121,10121,Miajadas,77.51472307,9362.0,0,0,0.0,0.0,0,0.0,0,0,0,0,,,0,0.0,periferico
ES_09022,09022,Arauzo de Torre,4.70408317,64.0,0,0,0.0,0.0,0,0.0,0,0,0,0,,,0,0.0,periferico
ES_13008,13008,Alcubillas,9.37406842,445.0,0,0,0.0,0.0,0,0.0,0,0,0,0,,,0,0.0,periferico
ES_16909,16909,Sotorribas,4.6768322,698.0,0,0,0.0,0.0,0,0.0,0,0,0,0,,,0,0.0,periferico
ES_17006,17006,Alp,38.93366867,1721.0,0,0,0.0,0.0,0,0.0,0,0,0,0,,,0,0.0,periferico
ES_17010,17010,Argelaguer,33.8624602,428.0,0,0,0.0,0.0,0,0.0,0,0,0,0,,,0,0.0,periferico
ES_09386,09386,Torrecilla del Monte,5.568128,83.0,0,0,0.0,0.0,0,0.0,0,0,0,0,,,0,0.0,periferico
ES_09036,09036,Bañuelos de Bureba,2.19769584,34.0,0,0,0.0,0.0,0,0.0,0,0,0,0,,,0,0.0,periferico
ES_16169,16169,"Pozuelo, El",1.06586885,44.0,0,0,0.0,0.0,0,0.0,0,0,0,0,,,0,0.0,periferico
ES_18065,18065,Dehesas Viejas,47.01652047,650.0,0,0,0.0,0.0,0,0.0,0,0,0,0,,,0,0.0,periferico
ES_17029,17029,Boadella i les Escaules,24.18494774,262.0,0,0,0.0,0.0,0,0.0,0,0,0,0,,,0,0.0,periferico
ES_17034,17034,Calonge i Sant Antoni,356.9109226,12004.0,0,0,0.0,0.0,0,0.0,0,0,0,0,,,0,0.0,periferico
ES_09396,09396,Tubilla del Lago,7.24364864,168.0,0,0,0.0,0.0,0,0.0,0,0,0,0,,,0,0.0,periferico
ES_09410,09410,Valle de Mena,15.55882271,4089.0,0,0,0.0,0.0,0,0.0,0,0,0,0,,,0,0.0,periferico
ES_09416,09416,Valle de Zamanzas,2.54152818,49.0,0,0,0.0,0.0,0,0.0,0,0,0,0,,,0,0.0,periferico
ES_48051,48051,Lanestosa,216.81059291,248.0,0,0,0.0,0.0,0,0.0,0,0,0,0,,,0,0.0,periferico
ES_48062,48062,Mendata,17.13057709,385.0,0,0,0.0,0.0,0,0.0,0,0,0,0,,,0,0.0,periferico
ES_48072,48072,Otxandio,106.7546664,1324.0,0,0,0.0,0.0,0,0.0,0,0,0,0,,,0,0.0,periferico
ES_48090,48090,Balmaseda,341.50410337,7642.0,0,0,0.0,0.0,0,0.0,0,0,0,0,,,0,0.0,periferico
ES_09311,09311,Retuerta,7.26010661,62.0,0,0,0.0,0.0,0,0.0,0,0,0,0,,,0,0.0,periferico
ES_09312,09312,"Revilla y Ahedo, La",6.22028359,95.0,0,0,0.0,0.0,0,0.0,0,0,0,0,,,0,0.0,periferico
ES_09321,09321,Roa,46.32995818,2266.0,0,0,0.0,0.0,0,0.0,0,0,0,0,,,0,0.0,periferico
ES_16187,16187,Salinas del Manzano,2.25625435,76.0,0,0,0.0,0.0,0,0.0,0,0,0,0,,,0,0.0,periferico
ES_16195,16195,Santa María del Campo Rus,5.73390475,537.0,0,0,0.0,0.0,0,0.0,0,0,0,0,,,0,0.0,periferico
ES_10158,10158,Robledillo de Trujillo,7.94316972,356.0,0,0,0.0,0.0,0,0.0,0,0,0,0,,,0,0.0,periferico
ES_09338,09338,San Mamés de Burgos,64.36734989,329.0,0,0,0.0,0.0,0,0.0,0,0,0,0,,,0,0.0,periferico
ES_10161,10161,Ruanes,5.22692869,79.0,0,0,0.0,0.0,0,0.0,0,0,0,0,,,0,0.0,periferico
ES_10162,10162,Salorino,3.43693106,542.0,0,0,0.0,0.0,0,0.0,0,0,0,0,,,0,0.0,periferico
ES_10171,10171,Santibáñez el Alto,3.72435252,369.0,0,0,0.0,0.0,0,0.0,0,0,0,0,,,0,0.0,periferico
ES_09078,09078,Cascajares de la Sierra,4.10937447,28.0,0,0,0.0,0.0,0,0.0,0,0,0,0,,,0,0.0,periferico
ES_17054,17054,Colera,19.67092596,477.0,0,0,0.0,0.0,0,0.0,0,0,0,0,,,0,0.0,periferico
ES_16051,16051,Cañaveruelas,3.48434741,117.0,0,0,0.0,0.0,0,0.0,0,0,0,0,,,0,0.0,periferico
ES_17068,17068,Foixà,15.78469243,293.0,0,0,0.0,0.0,0,0.0,0,0,0,0,,,0,0.0,periferico
ES_16060,16060,Casas de Benítez,17.34606603,811.0,0,0,0.0,0.0,0,0.0,0,0,0,0,,,0,0.0,periferico
ES_16068,16068,Castillejo de Iniesta,4.44020888,123.0,0,0,0.0,0.0,0,0.0,0,0,0,0,,,0,0.0,periferico
ES_09450,09450,Villanueva de Carazo,3.63830189,27.0,0,0,0.0,0.0,0,0.0,0,0,0,0,,,0,0.0,periferico
ES_16215,16215,Tragacete,4.34145121,268.0,0,0,0.0,0.0,0,0.0,0,0,0,0,,,0,0.0,periferico
ES_16217,16217,Tribaldos,4.56066473,97.0,0,0,0.0,0.0,0,0.0,0,0,0,0,,,0,0.0,periferico
ES_09100,09100,Cerratón de Juarros,3.0847164,50.0,0,0,0.0,0.0,0,0.0,0,0,0,0,,,0,0.0,periferico
ES_16245,16245,Villalba de la Sierra,13.17550471,543.0,0,0,0.0,0.0,0,0.0,0,0,0,0,,,0,0.0,periferico
ES_08205,08205,Sant Cugat del Vallès,2022.96997983,97579.0,0,0,0.0,0.0,0,0.0,0,0,0,0,,,0,0.0,periferico
ES_17080,17080,Gombrèn,4.66524881,202.0,0,0,0.0,0.0,0,0.0,0,0,0,0,,,0,0.0,periferico
ES_16082,16082,Enguídanos,1.90526868,315.0,0,0,0.0,0.0,0,0.0,0,0,0,0,,,0,0.0,periferico
ES_13092,13092,Villanueva de la Fuente,14.92118725,1926.0,0,0,0.0,0.0,0,0.0,0,0,0,0,,,0,0.0,periferico
ES_13902,13902,Ruidera,13.7435737,539.0,0,0,0.0,0.0,0,0.0,0,0,0,0,,,0,0.0,periferico
ES_13903,13903,Arenales de San Gregorio,19.59818317,598.0,0,0,0.0,0.0,0,0.0,0,0,0,0,,,0,0.0,periferico
ES_17091,17091,Llanars,21.70406746,535.0,0,0,0.0,0.0,0,0.0,0,0,0,0,,,0,0.0,periferico
ES_17092,17092,Llançà,177.56715621,4960.0,0,0,0.0,0.0,0,0.0,0,0,0,0,,,0,0.0,periferico
ES_09478,09478,Vizcaínos,4.08317799,47.0,0,0,0.0,0.0,0,0.0,0,0,0,0,,,0,0.0,periferico
ES_09480,09480,Zael,6.18240391,116.0,0,0,0.0,0.0,0,0.0,0,0,0,0,,,0,0.0,periferico
ES_09482,09482,Zarzosa de Río Pisuerga,2.86797623,31.0,0,0,0.0,0.0,0,0.0,0,0,0,0,,,0,0.0,periferico
ES_48092,48092,Bedia,68.03385422,1113.0,0,0,0.0,0.0,0,0.0,0,0,0,0,,,0,0.0,periferico
ES_48905,48905,Zamudio,180.98485135,3290.0,0,0,0.0,0.0,0,0.0,0,0,0,0,,,0,0.0,periferico
ES_48915,48915,Ziortza-Bolibar,21.13384322,399.0,0,0,0.0,0.0,0,0.0,0,0,0,0,,,0,0.0,periferico
ES_49014,49014,Arquillinos,6.57367449,116.0,0,0,0.0,0.0,0,0.0,0,0,0,0,,,0,0.0,periferico
ES_49020,49020,Belver de los Montes,3.69041927,253.0,0,0,0.0,0.0,0,0.0,0,0,0,0,,,0,0.0,periferico
ES_49033,49033,Camarzana de Tera,15.58701287,742.0,0,0,0.0,0.0,0,0.0,0,0,0,0,,,0,0.0,periferico
ES_49047,49047,Cerecinos del Carrizal,6.66868123,115.0,0,0,0.0,0.0,0,0.0,0,0,0,0,,,0,0.0,periferico
ES_49083,49083,Fuentesecas,3.28595601,48.0,0,0,0.0,0.0,0,0.0,0,0,0,0,,,0,0.0,periferico
ES_49260,49260,Villanueva del Campo,19.50697803,782.0,0,0,0.0,0.0,0,0.0,0,0,0,0,,,0,0.0,periferico
ES_49273,49273,Viñas,3.99713586,160.0,0,0,0.0,0.0,0,0.0,0,0,0,0,,,0,0.0,periferico
ES_50009,50009,Alarba,5.05920137,96.0,0,0,0.0,0.0,0,0.0,0,0,0,0,,,0,0.0,periferico
ES_16253,16253,Villar de Cañas,5.53256488,389.0,0,0,0.0,0.0,0,0.0,0,0,0,0,,,0,0.0,periferico
ES_16269,16269,Villares del Saz,6.7539045,474.0,0,0,0.0,0.0,0,0.0,0,0,0,0,,,0,0.0,periferico
ES_08214,08214,Vilassar de Dalt,1036.46611477,9254.0,0,0,0.0,0.0,0,0.0,0,0,0,0,,,0,0.0,periferico
ES_09129,09129,Fresneda de la Sierra Tirón,1.65139101,101.0,0,0,0.0,0.0,0,0.0,0,0,0,0,,,0,0.0,periferico
ES_10032,10032,Brozas,4.3736629,1744.0,0,0,0.0,0.0,0,0.0,0,0,0,0,,,0,0.0,periferico
ES_17106,17106,Mollet de Peralada,35.34398293,215.0,0,0,0.0,0.0,0,0.0,0,0,0,0,,,0,0.0,periferico
ES_14020,14020,Conquista,9.59524269,372.0,0,0,0.0,0.0,0,0.0,0,0,0,0,,,0,0.0,periferico
ES_10177,10177,Sierra de Fuentes,80.27448317,2026.0,0,0,0.0,0.0,0,0.0,0,0,0,0,,,0,0.0,periferico
ES_10037,10037,Cáceres,54.96013614,96195.0,0,0,0.0,0.0,0,0.0,0,0,0,0,,,0,0.0,periferico
ES_10039,10039,Cadalso,57.0326545,419.0,0,0,0.0,0.0,0,0.0,0,0,0,0,,,0,0.0,periferico
ES_10040,10040,Calzadilla,6.02750174,460.0,0,0,0.0,0.0,0,0.0,0,0,0,0,,,0,0.0,periferico
ES_08240,08240,Sant Sadurní d'Anoia,682.49930499,12941.0,0,0,0.0,0.0,0,0.0,0,0,0,0,,,0,0.0,periferico
ES_09160,09160,Hontangas,7.60257298,93.0,0,0,0.0,0.0,0,0.0,0,0,0,0,,,0,0.0,periferico
ES_10053,10053,Casas de Don Gómez,9.85352209,307.0,0,0,0.0,0.0,0,0.0,0,0,0,0,,,0,0.0,periferico
ES_08255,08255,Santa Maria de Merlès,3.36239928,174.0,0,0,0.0,0.0,0,0.0,0,0,0,0,,,0,0.0,periferico
ES_10062,10062,Cedillo,7.02739941,433.0,0,0,0.0,0.0,0,0.0,0,0,0,0,,,0,0.0,periferico
ES_42107,42107,Magaña,1.12764211,66.0,0,0,0.0,0.0,0,0.0,0,0,0,0,,,0,0.0,periferico
ES_42120,42120,Montejo de Tiermes,0.88461283,148.0,0,0,0.0,0.0,0,0.0,0,0,0,0,,,0,0.0,periferico
ES_42153,42153,Rello,0.77921131,19.0,0,0,0.0,0.0,0,0.0,0,0,0,0,,,0,0.0,periferico
ES_42163,42163,San Felices,2.84287329,60.0,0,0,0.0,0.0,0,0.0,0,0,0,0,,,0,0.0,periferico
ES_42176,42176,Tajahuerce,1.10281606,23.0,0,0,0.0,0.0,0,0.0,0,0,0,0,,,0,0.0,periferico
ES_42190,42190,Vadillo,5.90089658,83.0,0,0,0.0,0.0,0,0.0,0,0,0,0,,,0,0.0,periferico
ES_42201,42201,Velilla de la Sierra,1.50719532,28.0,0,0,0.0,0.0,0,0.0,0,0,0,0,,,0,0.0,periferico
ES_42215,42215,Vinuesa,5.94862665,851.0,0,0,0.0,0.0,0,0.0,0,0,0,0,,,0,0.0,periferico
ES_45065,45065,"Estrella, La",3.72933385,288.0,0,0,0.0,0.0,0,0.0,0,0,0,0,,,0,0.0,periferico
ES_45076,45076,Hormigos,34.64701823,952.0,0,0,0.0,0.0,0,0.0,0,0,0,0,,,0,0.0,periferico
ES_10063,10063,Cerezo,8.20721199,149.0,0,0,0.0,0.0,0,0.0,0,0,0,0,,,0,0.0,periferico
ES_10064,10064,Cilleros,7.47198552,1560.0,0,0,0.0,0.0,0,0.0,0,0,0,0,,,0,0.0,periferico
ES_09191,09191,Jurisdicción de Lara,1.71707131,43.0,0,0,0.0,0.0,0,0.0,0,0,0,0,,,0,0.0,periferico
ES_08276,08276,Tagamanent,7.92633657,344.0,0,0,0.0,0.0,0,0.0,0,0,0,0,,,0,0.0,periferico
ES_09218,09218,Milagros,18.9863781,418.0,0,0,0.0,0.0,0,0.0,0,0,0,0,,,0,0.0,periferico
ES_40161,40161,Carabias,2.28257825,59.0,0,0,0.0,0.0,0,0.0,0,0,0,0,,,0,0.0,periferico
ES_40173,40173,Roda de Eresma,25.12838736,250.0,0,0,0.0,0.0,0,0.0,0,0,0,0,,,0,0.0,periferico
ES_40186,40186,Santa Marta del Cerro,3.77430447,56.0,0,0,0.0,0.0,0,0.0,0,0,0,0,,,0,0.0,periferico
ES_40201,40201,Tolocirio,4.45368341,42.0,0,0,0.0,0.0,0,0.0,0,0,0,0,,,0,0.0,periferico
ES_40213,40213,Valdevacas y Guijar,4.68028259,85.0,0,0,0.0,0.0,0,0.0,0,0,0,0,,,0,0.0,periferico
ES_40906,40906,San Cristóbal de Segovia,500.46731942,3181.0,0,0,0.0,0.0,0,0.0,0,0,0,0,,,0,0.0,periferico
ES_44164,44164,Nogueras,1.70131184,32.0,0,0,0.0,0.0,0,0.0,0,0,0,0,,,0,0.0,periferico
ES_44176,44176,Palomar de Arroyos,4.9710427,167.0,0,0,0.0,0.0,0,0.0,0,0,0,0,,,0,0.0,periferico
ES_46170,46170,Moixent,29.26850816,4380.0,0,0,0.0,0.0,0,0.0,0,0,0,0,,,0,0.0,periferico
ES_46180,46180,Novetlè,585.00789538,867.0,0,0,0.0,0.0,0,0.0,0,0,0,0,,,0,0.0,periferico
ES_46191,46191,Pedralba,52.1659819,3076.0,0,0,0.0,0.0,0,0.0,0,0,0,0,,,0,0.0,periferico
ES_46201,46201,Puebla de San Miguel,0.83362141,53.0,0,0,0.0,0.0,0,0.0,0,0,0,0,,,0,0.0,periferico
ES_46214,46214,Riba-roja de Túria,413.40017833,23722.0,0,0,0.0,0.0,0,0.0,0,0,0,0,,,0,0.0,periferico
ES_46227,46227,Senyera,556.06933408,1121.0,0,0,0.0,0.0,0,0.0,0,0,0,0,,,0,0.0,periferico
ES_46238,46238,Tavernes de la Valldigna,354.49437989,17432.0,0,0,0.0,0.0,0,0.0,0,0,0,0,,,0,0.0,periferico
ES_45087,45087,Madridejos,38.73148106,10151.0,0,0,0.0,0.0,0,0.0,0,0,0,0,,,0,0.0,periferico
ES_45098,45098,Menasalbas,13.87095978,2489.0,0,0,0.0,0.0,0,0.0,0,0,0,0,,,0,0.0,periferico
ES_45109,45109,Navahermosa,27.91958688,3625.0,0,0,0.0,0.0,0,0.0,0,0,0,0,,,0,0.0,periferico
ES_45120,45120,Nuño Gómez,9.45859559,159.0,0,0,0.0,0.0,0,0.0,0,0,0,0,,,0,0.0,periferico
ES_45132,45132,Pepino,71.36222522,3240.0,0,0,0.0,0.0,0,0.0,0,0,0,0,,,0,0.0,periferico
ES_45142,45142,Quintanar de la Orden,125.90976307,11062.0,0,0,0.0,0.0,0,0.0,0,0,0,0,,,0,0.0,periferico
ES_45155,45155,Santa Ana de Pusa,17.84543324,347.0,0,0,0.0,0.0,0,0.0,0,0,0,0,,,0,0.0,periferico
ES_19113,19113,Espinosa de Henares,16.77007163,661.0,0,0,0.0,0.0,0,0.0,0,0,0,0,,,0,0.0,periferico
ES_19126,19126,Galápagos,80.16022767,2730.0,0,0,0.0,0.0,0,0.0,0,0,0,0,,,0,0.0,periferico
ES_19142,19142,Hontoba,13.4231939,432.0,0,0,0.0,0.0,0,0.0,0,0,0,0,,,0,0.0,periferico
ES_19153,19153,Iniéstola,1.79200936,18.0,0,0,0.0,0.0,0,0.0,0,0,0,0,,,0,0.0,periferico
ES_19166,19166,Málaga del Fresno,7.23145868,174.0,0,0,0.0,0.0,0,0.0,0,0,0,0,,,0,0.0,periferico
ES_19179,19179,Membrillera,2.47764098,95.0,0,0,0.0,0.0,0,0.0,0,0,0,0,,,0,0.0,periferico
ES_19191,19191,Monasterio,0.69790616,15.0,0,0,0.0,0.0,0,0.0,0,0,0,0,,,0,0.0,periferico
ES_19202,19202,"Olmeda de Jadraque, La",1.62081872,19.0,0,0,0.0,0.0,0,0.0,0,0,0,0,,,0,0.0,periferico
ES_18078,18078,Freila,12.24226139,912.0,0,0,0.0,0.0,0,0.0,0,0,0,0,,,0,0.0,periferico
ES_18093,18093,Gualchos,171.71098439,5329.0,0,0,0.0,0.0,0,0.0,0,0,0,0,,,0,0.0,periferico
ES_18103,18103,Ítrabo,52.25294357,993.0,0,0,0.0,0.0,0,0.0,0,0,0,0,,,0,0.0,periferico
ES_18117,18117,Lanteira,10.51060935,555.0,0,0,0.0,0.0,0,0.0,0,0,0,0,,,0,0.0,periferico
ES_18128,18128,Marchal,52.72574802,412.0,0,0,0.0,0.0,0,0.0,0,0,0,0,,,0,0.0,periferico
ES_08291,08291,Vacarisses,184.11512089,7453.0,0,0,0.0,0.0,0,0.0,0,0,0,0,,,0,0.0,periferico
ES_16111,16111,Huerta del Marquesado,4.96239799,177.0,0,0,0.0,0.0,0,0.0,0,0,0,0,,,0,0.0,periferico
ES_10103,10103,Jaraicejo,2.5080806,444.0,0,0,0.0,0.0,0,0.0,0,0,0,0,,,0,0.0,periferico
ES_08301,08301,Viladecans,3318.30015261,66615.0,0,0,0.0,0.0,0,0.0,0,0,0,0,,,0,0.0,periferico
ES_08903,08903,Sant Julià de Cerdanyola,20.69228779,241.0,0,0,0.0,0.0,0,0.0,0,0,0,0,,,0,0.0,periferico
ES_16124,16124,"Mesas, Las",26.55392113,2294.0,0,0,0.0,0.0,0,0.0,0,0,0,0,,,0,0.0,periferico
ES_34233,34233,Villasarracino,6.72352598,138.0,0,0,0.0,0.0,0,0.0,0,0,0,0,,,0,0.0,periferico
ES_34902,34902,Valle del Retortillo,2.68508967,169.0,0,0,0.0,0.0,0,0.0,0,0,0,0,,,0,0.0,periferico
ES_35012,35012,Mogán,122.43546907,20938.0,0,0,0.0,0.0,0,0.0,0,0,0,0,,,0,0.0,periferico
ES_35021,35021,Santa Brígida,780.4302372,18598.0,0,0,0.0,0.0,0,0.0,0,0,0,0,,,0,0.0,periferico
ES_22251,22251,Villanueva de Sigena,2.32293458,340.0,0,0,0.0,0.0,0,0.0,0,0,0,0,,,0,0.0,periferico
ES_23001,23001,Albanchez de Mágina,24.70907116,960.0,0,0,0.0,0.0,0,0.0,0,0,0,0,,,0,0.0,periferico
ES_23015,23015,Bélmez de la Moraleda,30.81233263,1523.0,0,0,0.0,0.0,0,0.0,0,0,0,0,,,0,0.0,periferico
ES_12080,12080,Morella,6.05290915,2503.0,0,0,0.0,0.0,0,0.0,0,0,0,0,,,0,0.0,periferico
ES_17139,17139,"Preses, Les",202.5139574,1903.0,0,0,0.0,0.0,0,0.0,0,0,0,0,,,0,0.0,periferico
ES_12091,12091,Portell de Morella,3.35770787,167.0,0,0,0.0,0.0,0,0.0,0,0,0,0,,,0,0.0,periferico
ES_14043,14043,Montoro,15.5826395,9122.0,0,0,0.0,0.0,0,0.0,0,0,0,0,,,0,0.0,periferico
ES_14048,14048,Palenciana,89.21477689,1439.0,0,0,0.0,0.0,0,0.0,0,0,0,0,,,0,0.0,periferico
ES_14049,14049,Palma del Río,103.63537639,20746.0,0,0,0.0,0.0,0,0.0,0,0,0,0,,,0,0.0,periferico
ES_17141,17141,Puigcerdà,527.88402982,9775.0,0,0,0.0,0.0,0,0.0,0,0,0,0,,,0,0.0,periferico
ES_17201,17201,Toses,3.27330677,189.0,0,0,0.0,0.0,0,0.0,0,0,0,0,,,0,0.0,periferico
ES_17202,17202,Tossa de Mar,161.72700747,6185.0,0,0,0.0,0.0,0,0.0,0,0,0,0,,,0,0.0,periferico
ES_44008,44008,Albalate del Arzobispo,9.4933631,1952.0,0,0,0.0,0.0,0,0.0,0,0,0,0,,,0,0.0,periferico
ES_44021,44021,Allepuz,1.79838117,121.0,0,0,0.0,0.0,0,0.0,0,0,0,0,,,0,0.0,periferico
ES_44032,44032,Bádenas,0.67085327,21.0,0,0,0.0,0.0,0,0.0,0,0,0,0,,,0,0.0,periferico
ES_44042,44042,Blancas,1.82935929,135.0,0,0,0.0,0.0,0,0.0,0,0,0,0,,,0,0.0,periferico
ES_44052,44052,Calomarde,2.59267026,73.0,0,0,0.0,0.0,0,0.0,0,0,0,0,,,0,0.0,periferico
ES_44063,44063,Cañizar del Olivar,4.62325247,103.0,0,0,0.0,0.0,0,0.0,0,0,0,0,,,0,0.0,periferico
ES_44080,44080,"Codoñera, La",15.25716219,320.0,0,0,0.0,0.0,0,0.0,0,0,0,0,,,0,0.0,periferico
ES_44094,44094,Cuevas Labradas,3.30252519,135.0,0,0,0.0,0.0,0,0.0,0,0,0,0,,,0,0.0,periferico
ES_44108,44108,"Fresneda, La",11.70659915,462.0,0,0,0.0,0.0,0,0.0,0,0,0,0,,,0,0.0,periferico
ES_44119,44119,Griegos,4.4082686,140.0,0,0,0.0,0.0,0,0.0,0,0,0,0,,,0,0.0,periferico
ES_25169,25169,"Pobla de Cérvoles, La",3.27500307,203.0,0,0,0.0,0.0,0,0.0,0,0,0,0,,,0,0.0,periferico
ES_25182,25182,Puigverd de Lleida,110.94013182,1395.0,0,0,0.0,0.0,0,0.0,0,0,0,0,,,0,0.0,periferico
ES_25197,25197,Sant Guim de la Plana,16.64707068,205.0,0,0,0.0,0.0,0,0.0,0,0,0,0,,,0,0.0,periferico
ES_25211,25211,Sudanell,108.60508767,886.0,0,0,0.0,0.0,0,0.0,0,0,0,0,,,0,0.0,periferico
ES_25223,25223,Torà,13.22638003,1236.0,0,0,0.0,0.0,0,0.0,0,0,0,0,,,0,0.0,periferico
ES_25234,25234,Tremp,19.79729415,5991.0,0,0,0.0,0.0,0,0.0,0,0,0,0,,,0,0.0,periferico
ES_25244,25244,Vilagrassa,31.66105869,624.0,0,0,0.0,0.0,0,0.0,0,0,0,0,,,0,0.0,periferico
ES_25901,25901,Vall de Cardós,6.79229492,383.0,0,0,0.0,0.0,0,0.0,0,0,0,0,,,0,0.0,periferico
ES_25912,25912,Gimenells i el Pla de la Font,19.79964281,1113.0,0,0,0.0,0.0,0,0.0,0,0,0,0,,,0,0.0,periferico
ES_42054,42054,Carrascosa de la Sierra,1.56917138,20.0,0,0,0.0,0.0,0,0.0,0,0,0,0,,,0,0.0,periferico
ES_42068,42068,Coscurita,1.20024463,66.0,0,0,0.0,0.0,0,0.0,0,0,0,0,,,0,0.0,periferico
ES_29065,29065,Júzcar,7.30656146,246.0,0,0,0.0,0.0,0,0.0,0,0,0,0,,,0,0.0,periferico
ES_29073,29073,Monda,51.51947675,2971.0,0,0,0.0,0.0,0,0.0,0,0,0,0,,,0,0.0,periferico
ES_29083,29083,Riogordo,70.46046817,2816.0,0,0,0.0,0.0,0,0.0,0,0,0,0,,,0,0.0,periferico
ES_29093,29093,Valle de Abdalajís,116.18779703,2456.0,0,0,0.0,0.0,0,0.0,0,0,0,0,,,0,0.0,periferico
ES_08161,08161,Piera,300.4998835,17196.0,0,0,0.0,0.0,0,0.0,0,0,0,0,,,0,0.0,periferico
ES_31226,31226,Sunbilla,14.57117195,682.0,0,0,0.0,0.0,0,0.0,0,0,0,0,,,0,0.0,periferico
ES_31235,31235,Ujué,1.5342925,172.0,0,0,0.0,0.0,0,0.0,0,0,0,0,,,0,0.0,periferico
ES_31245,31245,Urzainqui,3.82825973,80.0,0,0,0.0,0.0,0,0.0,0,0,0,0,,,0,0.0,periferico
ES_31255,31255,Villamayor de Monjardín,10.54152226,117.0,0,0,0.0,0.0,0,0.0,0,0,0,0,,,0,0.0,periferico
ES_31903,31903,Berriozar,4033.31656279,10909.0,0,0,0.0,0.0,0,0.0,0,0,0,0,,,0,0.0,periferico
ES_32003,32003,"Arnoia, A",48.05261708,995.0,0,0,0.0,0.0,0,0.0,0,0,0,0,,,0,0.0,periferico
ES_32013,32013,Boborás,25.3469598,2225.0,0,0,0.0,0.0,0,0.0,0,0,0,0,,,0,0.0,periferico
ES_32024,32024,Celanova,84.63686654,5696.0,0,0,0.0,0.0,0,0.0,0,0,0,0,,,0,0.0,periferico
ES_32034,32034,"Gudiña, A",6.90740293,1184.0,0,0,0.0,0.0,0,0.0,0,0,0,0,,,0,0.0,periferico
ES_32044,32044,Manzaneda,7.25997088,832.0,0,0,0.0,0.0,0,0.0,0,0,0,0,,,0,0.0,periferico
ES_50279,50279,Velilla de Jiloca,6.35113189,66.0,0,0,0.0,0.0,0,0.0,0,0,0,0,,,0,0.0,periferico
ES_50289,50289,Villanueva de Jiloca,9.12268709,67.0,0,0,0.0,0.0,0,0.0,0,0,0,0,,,0,0.0,periferico
ES_51001,51001,Ceuta,4199.42292945,83052.0,0,0,0.0,0.0,0,0.0,0,0,0,0,,,0,0.0,periferico
ES_41055,41055,Lora del Río,62.44512527,18379.0,0,0,0.0,0.0,0,0.0,0,0,0,0,,,0,0.0,periferico
ES_41065,41065,Morón de la Frontera,63.01762111,27211.0,0,0,0.0,0.0,0,0.0,0,0,0,0,,,0,0.0,periferico
ES_41078,41078,"Puebla de los Infantes, La",19.15205737,2953.0,0,0,0.0,0.0,0,0.0,0,0,0,0,,,0,0.0,periferico
ES_41090,41090,"Saucejo, El",45.94797973,4242.0,0,0,0.0,0.0,0,0.0,0,0,0,0,,,0,0.0,periferico
ES_41100,41100,Villanueva de San Juan,28.58419358,993.0,0,0,0.0,0.0,0,0.0,0,0,0,0,,,0,0.0,periferico
ES_32050,32050,Monterrei,20.37681138,2427.0,0,0,0.0,0.0,0,0.0,0,0,0,0,,,0,0.0,periferico
ES_46105,46105,Cullera,441.04735003,23737.0,0,0,0.0,0.0,0,0.0,0,0,0,0,,,0,0.0,periferico
ES_46116,46116,"Eliana, l'",2183.62719728,19136.0,0,0,0.0,0.0,0,0.0,0,0,0,0,,,0,0.0,periferico
ES_46126,46126,Foios,1182.99628042,7629.0,0,0,0.0,0.0,0,0.0,0,0,0,0,,,0,0.0,periferico
ES_46134,46134,Gilet,339.56755249,3826.0,0,0,0.0,0.0,0,0.0,0,0,0,0,,,0,0.0,periferico
ES_46143,46143,Xeraco,291.88084806,5906.0,0,0,0.0,0.0,0,0.0,0,0,0,0,,,0,0.0,periferico
ES_42009,42009,Aldealafuente,1.83687678,84.0,0,0,0.0,0.0,0,0.0,0,0,0,0,,,0,0.0,periferico
ES_42019,42019,Almarza,6.17089062,624.0,0,0,0.0,0.0,0,0.0,0,0,0,0,,,0,0.0,periferico
ES_42030,42030,Barca,2.37472493,107.0,0,0,0.0,0.0,0,0.0,0,0,0,0,,,0,0.0,periferico
ES_42039,42039,Borobia,3.69449678,231.0,0,0,0.0,0.0,0,0.0,0,0,0,0,,,0,0.0,periferico
ES_44184,44184,Plou,2.9066274,50.0,0,0,0.0,0.0,0,0.0,0,0,0,0,,,0,0.0,periferico
ES_44194,44194,Ráfales,4.32671682,154.0,0,0,0.0,0.0,0,0.0,0,0,0,0,,,0,0.0,periferico
ES_44205,44205,Samper de Calanda,5.09631058,728.0,0,0,0.0,0.0,0,0.0,0,0,0,0,,,0,0.0,periferico
ES_44218,44218,Tormón,1.12454069,33.0,0,0,0.0,0.0,0,0.0,0,0,0,0,,,0,0.0,periferico
ES_26007,26007,Alcanadre,21.4838727,668.0,0,0,0.0,0.0,0,0.0,0,0,0,0,,,0,0.0,periferico
ES_26017,26017,Arnedillo,9.01501679,436.0,0,0,0.0,0.0,0,0.0,0,0,0,0,,,0,0.0,periferico
ES_50020,50020,Alhama de Aragón,29.78797676,929.0,0,0,0.0,0.0,0,0.0,0,0,0,0,,,0,0.0,periferico
ES_50031,50031,Aranda de Moncayo,1.39250918,127.0,0,0,0.0,0.0,0,0.0,0,0,0,0,,,0,0.0,periferico
ES_50043,50043,Bárboles,18.70385962,291.0,0,0,0.0,0.0,0,0.0,0,0,0,0,,,0,0.0,periferico
ES_50055,50055,Borja,47.3370576,5074.0,0,0,0.0,0.0,0,0.0,0,0,0,0,,,0,0.0,periferico
ES_50064,50064,Cabañas de Ebro,56.75781473,486.0,0,0,0.0,0.0,0,0.0,0,0,0,0,,,0,0.0,periferico
ES_50075,50075,Castejón de Alarba,5.00664764,88.0,0,0,0.0,0.0,0,0.0,0,0,0,0,,,0,0.0,periferico
ES_10029,10029,Berzocana,2.96392622,396.0,0,0,0.0,0.0,0,0.0,0,0,0,0,,,0,0.0,periferico
ES_10030,10030,Bohonal de Ibor,7.63126127,493.0,0,0,0.0,0.0,0,0.0,0,0,0,0,,,0,0.0,periferico
ES_20056,20056,Mutriku,191.91902683,5302.0,0,0,0.0,0.0,0,0.0,0,0,0,0,,,0,0.0,periferico
ES_20065,20065,Soraluze-Placencia de las Armas,263.17940998,3742.0,0,0,0.0,0.0,0,0.0,0,0,0,0,,,0,0.0,periferico
ES_20079,20079,Zarautz,1613.97865778,23127.0,0,0,0.0,0.0,0,0.0,0,0,0,0,,,0,0.0,periferico
ES_20907,20907,Gaztelu,24.3419928,170.0,0,0,0.0,0.0,0,0.0,0,0,0,0,,,0,0.0,periferico
ES_44232,44232,Torrijo del Campo,11.42612864,503.0,0,0,0.0,0.0,0,0.0,0,0,0,0,,,0,0.0,periferico
ES_44263,44263,Villastar,13.84387237,540.0,0,0,0.0,0.0,0,0.0,0,0,0,0,,,0,0.0,periferico
ES_45005,45005,Alcañizo,20.88545973,282.0,0,0,0.0,0.0,0,0.0,0,0,0,0,,,0,0.0,periferico
ES_45015,45015,Arcicóllar,35.0998449,1072.0,0,0,0.0,0.0,0,0.0,0,0,0,0,,,0,0.0,periferico
ES_18144,18144,Nívar,98.19567606,1095.0,0,0,0.0,0.0,0,0.0,0,0,0,0,,,0,0.0,periferico
ES_26021,26021,Autol,56.38741319,4811.0,0,0,0.0,0.0,0,0.0,0,0,0,0,,,0,0.0,periferico
ES_26030,26030,Bezares,5.63484001,26.0,0,0,0.0,0.0,0,0.0,0,0,0,0,,,0,0.0,periferico
ES_26040,26040,Cañas,9.36077041,91.0,0,0,0.0,0.0,0,0.0,0,0,0,0,,,0,0.0,periferico
ES_19271,19271,Tordellego,1.28462114,43.0,0,0,0.0,0.0,0,0.0,0,0,0,0,,,0,0.0,periferico
ES_19284,19284,Torremochuela,0.3367148,6.0,0,0,0.0,0.0,0,0.0,0,0,0,0,,,0,0.0,periferico
ES_19296,19296,Utande,1.73387723,33.0,0,0,0.0,0.0,0,0.0,0,0,0,0,,,0,0.0,periferico
ES_19305,19305,Valdepeñas de la Sierra,2.06202377,145.0,0,0,0.0,0.0,0,0.0,0,0,0,0,,,0,0.0,periferico
ES_20009,20009,Andoain,534.41577769,14526.0,0,0,0.0,0.0,0,0.0,0,0,0,0,,,0,0.0,periferico
ES_18180,18180,Trevélez,7.72695016,703.0,0,0,0.0,0.0,0,0.0,0,0,0,0,,,0,0.0,periferico
ES_18193,18193,"Zubia, La",990.3739435,19900.0,0,0,0.0,0.0,0,0.0,0,0,0,0,,,0,0.0,periferico
ES_18911,18911,Vegas del Genil,869.98182163,12168.0,0,0,0.0,0.0,0,0.0,0,0,0,0,,,0,0.0,periferico
ES_19018,19018,Alhóndiga,8.77812138,169.0,0,0,0.0,0.0,0,0.0,0,0,0,0,,,0,0.0,periferico
ES_34052,34052,Castrillo de Villavega,5.15409719,175.0,0,0,0.0,0.0,0,0.0,0,0,0,0,,,0,0.0,periferico
ES_50086,50086,Codos,3.66991771,230.0,0,0,0.0,0.0,0,0.0,0,0,0,0,,,0,0.0,periferico
ES_50095,50095,Ejea de los Caballeros,27.95380248,17149.0,0,0,0.0,0.0,0,0.0,0,0,0,0,,,0,0.0,periferico
ES_50110,50110,"Frasno, El",7.58265635,369.0,0,0,0.0,0.0,0,0.0,0,0,0,0,,,0,0.0,periferico
ES_19051,19051,Berninches,1.41450771,50.0,0,0,0.0,0.0,0,0.0,0,0,0,0,,,0,0.0,periferico
ES_19064,19064,Canredondo,1.3704145,87.0,0,0,0.0,0.0,0,0.0,0,0,0,0,,,0,0.0,periferico
ES_19076,19076,Castellar de la Muela,1.12299641,24.0,0,0,0.0,0.0,0,0.0,0,0,0,0,,,0,0.0,periferico
ES_19096,19096,Condemios de Arriba,2.6885145,116.0,0,0,0.0,0.0,0,0.0,0,0,0,0,,,0,0.0,periferico
ES_34068,34068,Dehesa de Romanos,2.67627345,56.0,0,0,0.0,0.0,0,0.0,0,0,0,0,,,0,0.0,periferico
ES_31022,31022,Arantza,19.23734757,610.0,0,0,0.0,0.0,0,0.0,0,0,0,0,,,0,0.0,periferico
ES_31031,31031,Areso,21.80804722,267.0,0,0,0.0,0.0,0,0.0,0,0,0,0,,,0,0.0,periferico
ES_31040,31040,Atez,8.279451,218.0,0,0,0.0,0.0,0,0.0,0,0,0,0,,,0,0.0,periferico
ES_31059,31059,Burgui,3.09438981,199.0,0,0,0.0,0.0,0,0.0,0,0,0,0,,,0,0.0,periferico
ES_35024,35024,Teguise,90.58271686,23788.0,0,0,0.0,0.0,0,0.0,0,0,0,0,,,0,0.0,periferico
ES_35033,35033,Vega de San Mateo,203.78727987,7785.0,0,0,0.0,0.0,0,0.0,0,0,0,0,,,0,0.0,periferico
ES_36010,36010,Catoira,111.6004519,3285.0,0,0,0.0,0.0,0,0.0,0,0,0,0,,,0,0.0,periferico
ES_36021,36021,Gondomar,202.69233616,15099.0,0,0,0.0,0.0,0,0.0,0,0,0,0,,,0,0.0,periferico
ES_36031,36031,Mondariz-Balneario,308.05017114,711.0,0,0,0.0,0.0,0,0.0,0,0,0,0,,,0,0.0,periferico
ES_36043,36043,Ponte Caldelas,63.75355909,5547.0,0,0,0.0,0.0,0,0.0,0,0,0,0,,,0,0.0,periferico
ES_36052,36052,Silleda,52.95635841,8894.0,0,0,0.0,0.0,0,0.0,0,0,0,0,,,0,0.0,periferico
ES_36060,36060,Vilagarcía de Arousa,853.08277244,37721.0,0,0,0.0,0.0,0,0.0,0,0,0,0,,,0,0.0,periferico
ES_20014,20014,Asteasu,91.438987,1544.0,0,0,0.0,0.0,0,0.0,0,0,0,0,,,0,0.0,periferico
ES_20023,20023,Berrobi,209.07997547,582.0,0,0,0.0,0.0,0,0.0,0,0,0,0,,,0,0.0,periferico
ES_20032,20032,Elgoibar,293.62633187,11479.0,0,0,0.0,0.0,0,0.0,0,0,0,0,,,0,0.0,periferico
ES_20042,20042,Ibarra,816.67374804,4126.0,0,0,0.0,0.0,0,0.0,0,0,0,0,,,0,0.0,periferico
ES_37030,37030,Añover de Tormes,4.39624243,89.0,0,0,0.0,0.0,0,0.0,0,0,0,0,,,0,0.0,periferico
ES_37042,37042,Barceo,2.27232302,48.0,0,0,0.0,0.0,0,0.0,0,0,0,0,,,0,0.0,periferico
ES_37054,37054,"Bodón, El",4.0325367,245.0,0,0,0.0,0.0,0,0.0,0,0,0,0,,,0,0.0,periferico
ES_37065,37065,Cabeza del Caballo,5.49262435,247.0,0,0,0.0,0.0,0,0.0,0,0,0,0,,,0,0.0,periferico
ES_33014,33014,Carreño,152.53271692,10171.0,0,0,0.0,0.0,0,0.0,0,0,0,0,,,0,0.0,periferico
ES_22170,22170,Panticosa,9.38412978,901.0,0,0,0.0,0.0,0,0.0,0,0,0,0,,,0,0.0,periferico
ES_22186,22186,Pozán de Vero,15.79222949,233.0,0,0,0.0,0.0,0,0.0,0,0,0,0,,,0,0.0,periferico
ES_22202,22202,Salas Bajas,14.7707923,191.0,0,0,0.0,0.0,0,0.0,0,0,0,0,,,0,0.0,periferico
ES_22215,22215,Seira,2.31353757,160.0,0,0,0.0,0.0,0,0.0,0,0,0,0,,,0,0.0,periferico
ES_22226,22226,Tardienta,10.29009478,933.0,0,0,0.0,0.0,0,0.0,0,0,0,0,,,0,0.0,periferico
ES_37335,37335,Valdelosa,6.61913298,420.0,0,0,0.0,0.0,0,0.0,0,0,0,0,,,0,0.0,periferico
ES_37344,37344,Vecinos,5.03619824,227.0,0,0,0.0,0.0,0,0.0,0,0,0,0,,,0,0.0,periferico
ES_37354,37354,Villamayor,373.15613938,7541.0,0,0,0.0,0.0,0,0.0,0,0,0,0,,,0,0.0,periferico
ES_37365,37365,Villarmayor,4.2240519,165.0,0,0,0.0,0.0,0,0.0,0,0,0,0,,,0,0.0,periferico
ES_37013,37013,Aldeacipreste,2.50334959,93.0,0,0,0.0,0.0,0,0.0,0,0,0,0,,,0,0.0,periferico
ES_37024,37024,Aldeavieja de Tormes,7.78933747,100.0,0,0,0.0,0.0,0,0.0,0,0,0,0,,,0,0.0,periferico
ES_49094,49094,Hermisende,2.13378342,232.0,0,0,0.0,0.0,0,0.0,0,0,0,0,,,0,0.0,periferico
ES_49105,49105,Maire de Castroponce,9.70110003,140.0,0,0,0.0,0.0,0,0.0,0,0,0,0,,,0,0.0,periferico
ES_49118,49118,Milles de la Polvorosa,10.9347789,198.0,0,0,0.0,0.0,0,0.0,0,0,0,0,,,0,0.0,periferico
ES_49131,49131,Moralina,10.57834914,221.0,0,0,0.0,0.0,0,0.0,0,0,0,0,,,0,0.0,periferico
ES_23029,23029,Chiclana de Segura,3.81087108,899.0,0,0,0.0,0.0,0,0.0,0,0,0,0,,,0,0.0,periferico
ES_23042,23042,Hinojares,8.80705834,353.0,0,0,0.0,0.0,0,0.0,0,0,0,0,,,0,0.0,periferico
ES_23050,23050,Jaén,263.4097082,111767.0,0,0,0.0,0.0,0,0.0,0,0,0,0,,,0,0.0,periferico
ES_23060,23060,Martos,93.31565009,24369.0,0,0,0.0,0.0,0,0.0,0,0,0,0,,,0,0.0,periferico
ES_23071,23071,Puente de Génave,55.73472183,2163.0,0,0,0.0,0.0,0,0.0,0,0,0,0,,,0,0.0,periferico
ES_24028,24028,Cabreros del Río,16.13943623,400.0,0,0,0.0,0.0,0,0.0,0,0,0,0,,,0,0.0,periferico
ES_24041,24041,Carucedo,14.16254526,496.0,0,0,0.0,0.0,0,0.0,0,0,0,0,,,0,0.0,periferico
ES_24053,24053,Cebrones del Río,20.48524257,435.0,0,0,0.0,0.0,0,0.0,0,0,0,0,,,0,0.0,periferico
ES_24065,24065,Chozas de Abajo,26.81911686,2693.0,0,0,0.0,0.0,0,0.0,0,0,0,0,,,0,0.0,periferico
ES_33022,33022,Degaña,9.24556747,806.0,0,0,0.0,0.0,0,0.0,0,0,0,0,,,0,0.0,periferico
ES_33031,33031,Langreo,454.59633423,37988.0,0,0,0.0,0.0,0,0.0,0,0,0,0,,,0,0.0,periferico
ES_33041,33041,Navia,128.98110933,8137.0,0,0,0.0,0.0,0,0.0,0,0,0,0,,,0,0.0,periferico
ES_33051,33051,Pravia,76.1576369,7839.0,0,0,0.0,0.0,0,0.0,0,0,0,0,,,0,0.0,periferico
ES_33060,33060,San Martín del Rey Aurelio,279.96700266,15408.0,0,0,0.0,0.0,0,0.0,0,0,0,0,,,0,0.0,periferico
ES_33074,33074,Vegadeo,46.69481968,3889.0,0,0,0.0,0.0,0,0.0,0,0,0,0,,,0,0.0,periferico
ES_34010,34010,Ampudia,4.44650466,592.0,0,0,0.0,0.0,0,0.0,0,0,0,0,,,0,0.0,periferico
ES_34022,34022,Baltanás,7.65442445,1216.0,0,0,0.0,0.0,0,0.0,0,0,0,0,,,0,0.0,periferico
ES_34034,34034,Boadilla del Camino,4.18719715,120.0,0,0,0.0,0.0,0,0.0,0,0,0,0,,,0,0.0,periferico
ES_46256,46256,Vilamarxant,152.2310758,10873.0,0,0,0.0,0.0,0,0.0,0,0,0,0,,,0,0.0,periferico
ES_47001,47001,Adalia,3.13676129,51.0,0,0,0.0,0.0,0,0.0,0,0,0,0,,,0,0.0,periferico
ES_47010,47010,Arroyo de la Encomienda,1847.16627841,21950.0,0,0,0.0,0.0,0,0.0,0,0,0,0,,,0,0.0,periferico
ES_22032,22032,Aragüés del Puerto,1.86271554,120.0,0,0,0.0,0.0,0,0.0,0,0,0,0,,,0,0.0,periferico
ES_22047,22047,Banastás,72.11298671,335.0,0,0,0.0,0.0,0,0.0,0,0,0,0,,,0,0.0,periferico
ES_22058,22058,Bierge,1.74357927,253.0,0,0,0.0,0.0,0,0.0,0,0,0,0,,,0,0.0,periferico
ES_23081,23081,Segura de la Sierra,7.61444592,1712.0,0,0,0.0,0.0,0,0.0,0,0,0,0,,,0,0.0,periferico
ES_23095,23095,Villacarrillo,43.15592469,10335.0,0,0,0.0,0.0,0,0.0,0,0,0,0,,,0,0.0,periferico
ES_24002,24002,Algadefe,18.93117025,290.0,0,0,0.0,0.0,0,0.0,0,0,0,0,,,0,0.0,periferico
ES_24012,24012,"Barrios de Luna, Los",3.2034657,302.0,0,0,0.0,0.0,0,0.0,0,0,0,0,,,0,0.0,periferico
ES_39035,39035,Laredo,690.32408055,10838.0,0,0,0.0,0.0,0,0.0,0,0,0,0,,,0,0.0,periferico
ES_39055,39055,Potes,172.81039343,1329.0,0,0,0.0,0.0,0,0.0,0,0,0,0,,,0,0.0,periferico
ES_39075,39075,Santander,4966.49599586,172655.0,0,0,0.0,0.0,0,0.0,0,0,0,0,,,0,0.0,periferico
ES_26057,26057,Daroca de Rioja,5.84000718,66.0,0,0,0.0,0.0,0,0.0,0,0,0,0,,,0,0.0,periferico
ES_26070,26070,Grávalos,5.45318629,169.0,0,0,0.0,0.0,0,0.0,0,0,0,0,,,0,0.0,periferico
ES_26079,26079,Huércanos,40.20445127,864.0,0,0,0.0,0.0,0,0.0,0,0,0,0,,,0,0.0,periferico
ES_26163,26163,Ventosa,20.24833293,195.0,0,0,0.0,0.0,0,0.0,0,0,0,0,,,0,0.0,periferico
ES_26171,26171,Villar de Torre,12.90529984,155.0,0,0,0.0,0.0,0,0.0,0,0,0,0,,,0,0.0,periferico
ES_27001,27001,Abadín,11.26294349,2203.0,0,0,0.0,0.0,0,0.0,0,0,0,0,,,0,0.0,periferico
ES_27011,27011,Castroverde,14.62453995,2546.0,0,0,0.0,0.0,0,0.0,0,0,0,0,,,0,0.0,periferico
ES_27022,27022,Guitiriz,17.70428347,5205.0,0,0,0.0,0.0,0,0.0,0,0,0,0,,,0,0.0,periferico
ES_47028,47028,Cabezón de Valderaduey,3.49556557,36.0,0,0,0.0,0.0,0,0.0,0,0,0,0,,,0,0.0,periferico
ES_21018,21018,"Campillo, El",22.22774797,2017.0,0,0,0.0,0.0,0,0.0,0,0,0,0,,,0,0.0,periferico
ES_21029,21029,Cumbres Mayores,14.24515758,1732.0,0,0,0.0,0.0,0,0.0,0,0,0,0,,,0,0.0,periferico
ES_21041,21041,Huelva,946.47033046,142968.0,0,0,0.0,0.0,0,0.0,0,0,0,0,,,0,0.0,periferico
ES_21050,21050,Moguer,112.52419871,22933.0,0,0,0.0,0.0,0,0.0,0,0,0,0,,,0,0.0,periferico
ES_21060,21060,Punta Umbría,410.64432029,16073.0,0,0,0.0,0.0,0,0.0,0,0,0,0,,,0,0.0,periferico
ES_21069,21069,Santa Olalla del Cala,10.04800297,2039.0,0,0,0.0,0.0,0,0.0,0,0,0,0,,,0,0.0,periferico
ES_22015,22015,Alcalá del Obispo,7.73443462,372.0,0,0,0.0,0.0,0,0.0,0,0,0,0,,,0,0.0,periferico
ES_37183,37183,Martín de Yeltes,6.29590929,398.0,0,0,0.0,0.0,0,0.0,0,0,0,0,,,0,0.0,periferico
ES_37195,37195,Molinillo,7.07337381,48.0,0,0,0.0,0.0,0,0.0,0,0,0,0,,,0,0.0,periferico
ES_47031,47031,"Campillo, El",6.1633596,202.0,0,0,0.0,0.0,0,0.0,0,0,0,0,,,0,0.0,periferico
ES_47042,47042,Castromembibre,3.0295245,51.0,0,0,0.0,0.0,0,0.0,0,0,0,0,,,0,0.0,periferico
ES_47053,47053,Cogeces de Íscar,10.61175258,144.0,0,0,0.0,0.0,0,0.0,0,0,0,0,,,0,0.0,periferico
ES_47064,47064,Fontihoyuelo,2.12366192,36.0,0,0,0.0,0.0,0,0.0,0,0,0,0,,,0,0.0,periferico
ES_47075,47075,Íscar,105.17530433,6367.0,0,0,0.0,0.0,0,0.0,0,0,0,0,,,0,0.0,periferico
ES_47085,47085,Medina del Campo,131.50507233,20151.0,0,0,0.0,0.0,0,0.0,0,0,0,0,,,0,0.0,periferico
ES_26098,26098,Munilla,1.8460706,100.0,0,0,0.0,0.0,0,0.0,0,0,0,0,,,0,0.0,periferico
ES_26107,26107,Nieva de Cameros,2.06979071,87.0,0,0,0.0,0.0,0,0.0,0,0,0,0,,,0,0.0,periferico
ES_26120,26120,Quel,39.24549236,2149.0,0,0,0.0,0.0,0,0.0,0,0,0,0,,,0,0.0,periferico
ES_26129,26129,San Asensio,34.29669716,1108.0,0,0,0.0,0.0,0,0.0,0,0,0,0,,,0,0.0,periferico
ES_26140,26140,Santurde de Rioja,18.52085209,286.0,0,0,0.0,0.0,0,0.0,0,0,0,0,,,0,0.0,periferico
ES_26152,26152,Torrecilla sobre Alesanco,12.37330798,54.0,0,0,0.0,0.0,0,0.0,0,0,0,0,,,0,0.0,periferico
ES_43007,43007,"Aleixar, L'",36.24244533,947.0,0,0,0.0,0.0,0,0.0,0,0,0,0,,,0,0.0,periferico
ES_43018,43018,Arnes,10.62759026,456.0,0,0,0.0,0.0,0,0.0,0,0,0,0,,,0,0.0,periferico
ES_43027,43027,"Bisbal de Falset, La",14.64019079,206.0,0,0,0.0,0.0,0,0.0,0,0,0,0,,,0,0.0,periferico
ES_43039,43039,Capafonts,8.30638323,111.0,0,0,0.0,0.0,0,0.0,0,0,0,0,,,0,0.0,periferico
ES_31068,31068,Cascante,64.17724341,4038.0,0,0,0.0,0.0,0,0.0,0,0,0,0,,,0,0.0,periferico
ES_31077,31077,Corella,105.67361836,8596.0,0,0,0.0,0.0,0,0.0,0,0,0,0,,,0,0.0,periferico
ES_31177,31177,Murieta,80.6267501,361.0,0,0,0.0,0.0,0,0.0,0,0,0,0,,,0,0.0,periferico
ES_31187,31187,Oiz,16.46418146,134.0,0,0,0.0,0.0,0,0.0,0,0,0,0,,,0,0.0,periferico
ES_31196,31196,Orbara,3.33267387,30.0,0,0,0.0,0.0,0,0.0,0,0,0,0,,,0,0.0,periferico
ES_31204,31204,Piedramillera,3.09174531,41.0,0,0,0.0,0.0,0,0.0,0,0,0,0,,,0,0.0,periferico
ES_48044,48044,Getxo,6410.33950753,76297.0,0,0,0.0,0.0,0,0.0,0,0,0,0,,,0,0.0,periferico
ES_48053,48053,Laukiz,150.97572691,1225.0,0,0,0.0,0.0,0,0.0,0,0,0,0,,,0,0.0,periferico
ES_48063,48063,Mendexa,59.7324131,424.0,0,0,0.0,0.0,0,0.0,0,0,0,0,,,0,0.0,periferico
ES_48071,48071,Muskiz,349.71893001,7342.0,0,0,0.0,0.0,0,0.0,0,0,0,0,,,0,0.0,periferico
ES_02085,02085,Viveros,4.71349759,308.0,0,0,0.0,0.0,0,0.0,0,0,0,0,,,0,0.0,periferico
ES_03028,03028,Beniarrés,53.87625538,1089.0,0,0,0.0,0.0,0,0.0,0,0,0,0,,,0,0.0,periferico
ES_03038,03038,Benimarfull,76.68860803,427.0,0,0,0.0,0.0,0,0.0,0,0,0,0,,,0,0.0,periferico
ES_05115,05115,Maello,10.85176254,709.0,0,0,0.0,0.0,0,0.0,0,0,0,0,,,0,0.0,periferico
ES_05124,05124,Medinilla,3.40843161,78.0,0,0,0.0,0.0,0,0.0,0,0,0,0,,,0,0.0,periferico
ES_05134,05134,Moraleja de Matacabras,3.62247816,54.0,0,0,0.0,0.0,0,0.0,0,0,0,0,,,0,0.0,periferico
ES_05148,05148,Narros del Puerto,2.88964977,30.0,0,0,0.0,0.0,0,0.0,0,0,0,0,,,0,0.0,periferico
ES_05161,05161,Navalperal de Pinares,15.73577754,785.0,0,0,0.0,0.0,0,0.0,0,0,0,0,,,0,0.0,periferico
ES_05173,05173,Ojos-Albos,2.27205399,98.0,0,0,0.0,0.0,0,0.0,0,0,0,0,,,0,0.0,periferico
ES_05183,05183,Pedro-Rodríguez,9.66343624,136.0,0,0,0.0,0.0,0,0.0,0,0,0,0,,,0,0.0,periferico
ES_05197,05197,Salobral,15.23822697,115.0,0,0,0.0,0.0,0,0.0,0,0,0,0,,,0,0.0,periferico
ES_05209,05209,San García de Ingelmos,1.8125185,69.0,0,0,0.0,0.0,0,0.0,0,0,0,0,,,0,0.0,periferico
ES_05232,05232,"Serrada, La",19.04896339,138.0,0,0,0.0,0.0,0,0.0,0,0,0,0,,,0,0.0,periferico
ES_05242,05242,Tiñosillos,27.92941649,761.0,0,0,0.0,0.0,0,0.0,0,0,0,0,,,0,0.0,periferico
ES_03088,03088,Monforte del Cid,111.00099443,8831.0,0,0,0.0,0.0,0,0.0,0,0,0,0,,,0,0.0,periferico
ES_03115,03115,Sagra,78.56929299,442.0,0,0,0.0,0.0,0,0.0,0,0,0,0,,,0,0.0,periferico
ES_03123,03123,Sax,159.15297752,10107.0,0,0,0.0,0.0,0,0.0,0,0,0,0,,,0,0.0,periferico
ES_03133,03133,Torrevieja,1249.69222017,89729.0,0,0,0.0,0.0,0,0.0,0,0,0,0,,,0,0.0,periferico
ES_03903,03903,"Montesinos, Los",365.010949,5466.0,0,0,0.0,0.0,0,0.0,0,0,0,0,,,0,0.0,periferico
ES_04010,04010,Alhabia,43.57489096,714.0,0,0,0.0,0.0,0,0.0,0,0,0,0,,,0,0.0,periferico
ES_04019,04019,Bacares,2.50834519,237.0,0,0,0.0,0.0,0,0.0,0,0,0,0,,,0,0.0,periferico
ES_04029,04029,Berja,69.35517991,12884.0,0,0,0.0,0.0,0,0.0,0,0,0,0,,,0,0.0,periferico
ES_04038,04038,Dalías,29.74639854,4186.0,0,0,0.0,0.0,0,0.0,0,0,0,0,,,0,0.0,periferico
ES_04051,04051,Huécija,27.96289082,532.0,0,0,0.0,0.0,0,0.0,0,0,0,0,,,0,0.0,periferico
ES_04080,04080,Santa Cruz de Marchena,12.15311039,242.0,0,0,0.0,0.0,0,0.0,0,0,0,0,,,0,0.0,periferico
ES_04092,04092,Tíjola,52.02379214,3504.0,0,0,0.0,0.0,0,0.0,0,0,0,0,,,0,0.0,periferico
ES_37201,37201,Montemayor del Río,17.38769923,266.0,0,0,0.0,0.0,0,0.0,0,0,0,0,,,0,0.0,periferico
ES_37214,37214,Nava de Francia,7.33124713,121.0,0,0,0.0,0.0,0,0.0,0,0,0,0,,,0,0.0,periferico
ES_37228,37228,Palaciosrubios,8.38623444,306.0,0,0,0.0,0.0,0,0.0,0,0,0,0,,,0,0.0,periferico
ES_25104,25104,Granyena de Segarra,9.27759652,154.0,0,0,0.0,0.0,0,0.0,0,0,0,0,,,0,0.0,periferico
ES_25121,25121,Les,43.03579788,1008.0,0,0,0.0,0.0,0,0.0,0,0,0,0,,,0,0.0,periferico
ES_25130,25130,Maldà,7.67041206,242.0,0,0,0.0,0.0,0,0.0,0,0,0,0,,,0,0.0,periferico
ES_25139,25139,Montellà i Martinet,11.56992673,639.0,0,0,0.0,0.0,0,0.0,0,0,0,0,,,0,0.0,periferico
ES_25154,25154,"Omells de na Gaia, Els",9.21196871,120.0,0,0,0.0,0.0,0,0.0,0,0,0,0,,,0,0.0,periferico
ES_31095,31095,Esparza de Salazar,2.87215953,76.0,0,0,0.0,0.0,0,0.0,0,0,0,0,,,0,0.0,periferico
ES_31104,31104,Falces,20.43322744,2357.0,0,0,0.0,0.0,0,0.0,0,0,0,0,,,0,0.0,periferico
ES_31114,31114,Garínoain,49.702381,524.0,0,0,0.0,0.0,0,0.0,0,0,0,0,,,0,0.0,periferico
ES_31124,31124,Ibargoiti,5.20759798,283.0,0,0,0.0,0.0,0,0.0,0,0,0,0,,,0,0.0,periferico
ES_31134,31134,Jaurrieta,5.70176576,176.0,0,0,0.0,0.0,0,0.0,0,0,0,0,,,0,0.0,periferico
ES_31144,31144,Larraun,8.51872508,912.0,0,0,0.0,0.0,0,0.0,0,0,0,0,,,0,0.0,periferico
ES_31154,31154,Lezaun,12.8221046,244.0,0,0,0.0,0.0,0,0.0,0,0,0,0,,,0,0.0,periferico
ES_31164,31164,Mélida,27.46547433,717.0,0,0,0.0,0.0,0,0.0,0,0,0,0,,,0,0.0,periferico
ES_45163,45163,Sonseca,187.90031815,11195.0,0,0,0.0,0.0,0,0.0,0,0,0,0,,,0,0.0,periferico
ES_45173,45173,Torrijos,803.6495387,13945.0,0,0,0.0,0.0,0,0.0,0,0,0,0,,,0,0.0,periferico
ES_45184,45184,"Ventas de San Julián, Las",35.48741189,232.0,0,0,0.0,0.0,0,0.0,0,0,0,0,,,0,0.0,periferico
ES_37080,37080,Cantagallo,36.85000088,276.0,0,0,0.0,0.0,0,0.0,0,0,0,0,,,0,0.0,periferico
ES_37090,37090,"Casas del Conde, Las",48.31846705,61.0,0,0,0.0,0.0,0,0.0,0,0,0,0,,,0,0.0,periferico
ES_37107,37107,Ciudad Rodrigo,49.14676896,11797.0,0,0,0.0,0.0,0,0.0,0,0,0,0,,,0,0.0,periferico
ES_37119,37119,"Encina, La",3.25354599,100.0,0,0,0.0,0.0,0,0.0,0,0,0,0,,,0,0.0,periferico
ES_37129,37129,Florida de Liébana,12.12884741,252.0,0,0,0.0,0.0,0,0.0,0,0,0,0,,,0,0.0,periferico
ES_37142,37142,Galindo y Perahuy,15.30295186,675.0,0,0,0.0,0.0,0,0.0,0,0,0,0,,,0,0.0,periferico
ES_37155,37155,Guijo de Ávila,5.71648325,77.0,0,0,0.0,0.0,0,0.0,0,0,0,0,,,0,0.0,periferico
ES_37178,37178,Malpartida,8.83403503,91.0,0,0,0.0,0.0,0,0.0,0,0,0,0,,,0,0.0,periferico
ES_24183,24183,Valderrueda,5.1697134,831.0,0,0,0.0,0.0,0,0.0,0,0,0,0,,,0,0.0,periferico
ES_24197,24197,Vega de Infanzones,40.93165802,852.0,0,0,0.0,0.0,0,0.0,0,0,0,0,,,0,0.0,periferico
ES_24212,24212,Villamañán,18.43222381,1065.0,0,0,0.0,0.0,0,0.0,0,0,0,0,,,0,0.0,periferico
ES_22066,22066,Boltaña,7.91856345,1104.0,0,0,0.0,0.0,0,0.0,0,0,0,0,,,0,0.0,periferico
ES_22080,22080,Capella,5.91308784,359.0,0,0,0.0,0.0,0,0.0,0,0,0,0,,,0,0.0,periferico
ES_45200,45200,"Yébenes, Los",8.43601991,5715.0,0,0,0.0,0.0,0,0.0,0,0,0,0,,,0,0.0,periferico
ES_49136,49136,Muga de Sayago,9.01290275,328.0,0,0,0.0,0.0,0,0.0,0,0,0,0,,,0,0.0,periferico
ES_49150,49150,Peque,3.3144178,129.0,0,0,0.0,0.0,0,0.0,0,0,0,0,,,0,0.0,periferico
ES_49158,49158,"Piñero, El",11.51444724,227.0,0,0,0.0,0.0,0,0.0,0,0,0,0,,,0,0.0,periferico
ES_49170,49170,Quintanilla de Urz,10.19856316,103.0,0,0,0.0,0.0,0,0.0,0,0,0,0,,,0,0.0,periferico
ES_49183,49183,Salce,2.46698624,86.0,0,0,0.0,0.0,0,0.0,0,0,0,0,,,0,0.0,periferico
ES_49192,49192,San Miguel del Valle,10.93975657,117.0,0,0,0.0,0.0,0,0.0,0,0,0,0,,,0,0.0,periferico
ES_49208,49208,San Vicente de la Cabeza,6.08867161,323.0,0,0,0.0,0.0,0,0.0,0,0,0,0,,,0,0.0,periferico
ES_49225,49225,Uña de Quintana,4.22876781,126.0,0,0,0.0,0.0,0,0.0,0,0,0,0,,,0,0.0,periferico
ES_49237,49237,Videmala,5.68494149,147.0,0,0,0.0,0.0,0,0.0,0,0,0,0,,,0,0.0,periferico
ES_50124,50124,Herrera de los Navarros,4.76282973,500.0,0,0,0.0,0.0,0,0.0,0,0,0,0,,,0,0.0,periferico
ES_48082,48082,Santurtzi,6490.32612026,46089.0,0,0,0.0,0.0,0,0.0,0,0,0,0,,,0,0.0,periferico
ES_01010,01010,Ayala,20.6971038,2918.0,0,0,0.0,0.0,0,0.0,0,0,0,0,,,0,0.0,periferico
ES_01017,01017,Campezo,12.6354451,1079.0,0,0,0.0,0.0,0,0.0,0,0,0,0,,,0,0.0,periferico
ES_01030,01030,Lagrán,3.77108467,172.0,0,0,0.0,0.0,0,0.0,0,0,0,0,,,0,0.0,periferico
ES_01042,01042,Okondo,40.00877387,1196.0,0,0,0.0,0.0,0,0.0,0,0,0,0,,,0,0.0,periferico
ES_01053,01053,San Millán,8.5484881,730.0,0,0,0.0,0.0,0,0.0,0,0,0,0,,,0,0.0,periferico
ES_01063,01063,Zuia,19.21872451,2357.0,0,0,0.0,0.0,0,0.0,0,0,0,0,,,0,0.0,periferico
ES_05038,05038,Bonilla de la Sierra,3.28886586,181.0,0,0,0.0,0.0,0,0.0,0,0,0,0,,,0,0.0,periferico
ES_05049,05049,Cardeñosa,10.52133219,426.0,0,0,0.0,0.0,0,0.0,0,0,0,0,,,0,0.0,periferico
ES_05060,05060,Cisla,4.92339325,100.0,0,0,0.0,0.0,0,0.0,0,0,0,0,,,0,0.0,periferico
ES_05070,05070,Donvidas,2.70315801,31.0,0,0,0.0,0.0,0,0.0,0,0,0,0,,,0,0.0,periferico
ES_05092,05092,Hernansancho,7.58677321,147.0,0,0,0.0,0.0,0,0.0,0,0,0,0,,,0,0.0,periferico
ES_05103,05103,Hoyorredondo,3.59862043,62.0,0,0,0.0,0.0,0,0.0,0,0,0,0,,,0,0.0,periferico
ES_02025,02025,Caudete,72.06457625,10171.0,0,0,0.0,0.0,0,0.0,0,0,0,0,,,0,0.0,periferico
ES_02034,02034,Fuentealbilla,16.87763594,1828.0,0,0,0.0,0.0,0,0.0,0,0,0,0,,,0,0.0,periferico
ES_02045,02045,Madrigueras,63.77932654,4680.0,0,0,0.0,0.0,0,0.0,0,0,0,0,,,0,0.0,periferico
ES_02055,02055,Nerpio,2.69023111,1175.0,0,0,0.0,0.0,0,0.0,0,0,0,0,,,0,0.0,periferico
ES_02074,02074,Tobarra,24.00333185,7819.0,0,0,0.0,0.0,0,0.0,0,0,0,0,,,0,0.0,periferico
ES_50138,50138,Lechón,2.63532384,46.0,0,0,0.0,0.0,0,0.0,0,0,0,0,,,0,0.0,periferico
ES_24073,24073,Fresno de la Vega,30.9571246,469.0,0,0,0.0,0.0,0,0.0,0,0,0,0,,,0,0.0,periferico
ES_24098,24098,Matallana de Torío,17.1575187,1260.0,0,0,0.0,0.0,0,0.0,0,0,0,0,,,0,0.0,periferico
ES_24112,24112,Peranzanes,2.28859542,269.0,0,0,0.0,0.0,0,0.0,0,0,0,0,,,0,0.0,periferico
ES_24122,24122,Puente de Domingo Flórez,23.81292573,1409.0,0,0,0.0,0.0,0,0.0,0,0,0,0,,,0,0.0,periferico
ES_24141,24141,San Adrián del Valle,5.80173856,92.0,0,0,0.0,0.0,0,0.0,0,0,0,0,,,0,0.0,periferico
ES_24153,24153,Santa Cristina de Valmadrigal,7.02177516,281.0,0,0,0.0,0.0,0,0.0,0,0,0,0,,,0,0.0,periferico
ES_28060,28060,Fuentidueña de Tajo,37.54606441,2260.0,0,0,0.0,0.0,0,0.0,0,0,0,0,,,0,0.0,periferico
ES_28072,28072,Hoyo de Manzanares,198.18005868,8971.0,0,0,0.0,0.0,0,0.0,0,0,0,0,,,0,0.0,periferico
ES_28085,28085,Miraflores de la Sierra,123.87639717,6990.0,0,0,0.0,0.0,0,0.0,0,0,0,0,,,0,0.0,periferico
ES_47106,47106,Olmos de Peñafiel,2.54613077,41.0,0,0,0.0,0.0,0,0.0,0,0,0,0,,,0,0.0,periferico
ES_47118,47118,Piñel de Abajo,7.48000103,159.0,0,0,0.0,0.0,0,0.0,0,0,0,0,,,0,0.0,periferico
ES_22103,22103,Estadilla,16.6418405,840.0,0,0,0.0,0.0,0,0.0,0,0,0,0,,,0,0.0,periferico
ES_22116,22116,Grañén,14.00070205,1736.0,0,0,0.0,0.0,0,0.0,0,0,0,0,,,0,0.0,periferico
ES_22130,22130,Jaca,33.44936513,13594.0,0,0,0.0,0.0,0,0.0,0,0,0,0,,,0,0.0,periferico
ES_22144,22144,Laspuña,6.19547562,279.0,0,0,0.0,0.0,0,0.0,0,0,0,0,,,0,0.0,periferico
ES_22157,22157,Montanuy,1.38168102,241.0,0,0,0.0,0.0,0,0.0,0,0,0,0,,,0,0.0,periferico
ES_50149,50149,Luesma,1.36169308,40.0,0,0,0.0,0.0,0,0.0,0,0,0,0,,,0,0.0,periferico
ES_50169,50169,Miedes de Aragón,7.77913169,431.0,0,0,0.0,0.0,0,0.0,0,0,0,0,,,0,0.0,periferico
ES_39089,39089,Tudanca,2.9510899,155.0,0,0,0.0,0.0,0,0.0,0,0,0,0,,,0,0.0,periferico
ES_39098,39098,Villacarriedo,32.88271163,1676.0,0,0,0.0,0.0,0,0.0,0,0,0,0,,,0,0.0,periferico
ES_40007,40007,Aldealengua de Pedraza,2.35706017,83.0,0,0,0.0,0.0,0,0.0,0,0,0,0,,,0,0.0,periferico
ES_40020,40020,Arcones,6.05624293,193.0,0,0,0.0,0.0,0,0.0,0,0,0,0,,,0,0.0,periferico
ES_40031,40031,Bernuy de Porreros,114.26225539,1062.0,0,0,0.0,0.0,0,0.0,0,0,0,0,,,0,0.0,periferico
ES_40046,40046,Castillejo de Mesleón,4.40593514,120.0,0,0,0.0,0.0,0,0.0,0,0,0,0,,,0,0.0,periferico
ES_40074,40074,Escarabajosa de Cabezas,17.74634973,284.0,0,0,0.0,0.0,0,0.0,0,0,0,0,,,0,0.0,periferico
ES_24167,24167,Soto y Amío,10.4928357,726.0,0,0,0.0,0.0,0,0.0,0,0,0,0,,,0,0.0,periferico
ES_40091,40091,Fuentesoto,3.22362669,96.0,0,0,0.0,0.0,0,0.0,0,0,0,0,,,0,0.0,periferico
ES_40104,40104,Ituero y Lama,32.9789137,435.0,0,0,0.0,0.0,0,0.0,0,0,0,0,,,0,0.0,periferico
ES_40118,40118,Marazuela,3.39318404,52.0,0,0,0.0,0.0,0,0.0,0,0,0,0,,,0,0.0,periferico
ES_40128,40128,Migueláñez,7.03266429,135.0,0,0,0.0,0.0,0,0.0,0,0,0,0,,,0,0.0,periferico
ES_27028,27028,Lugo,297.76368093,98189.0,0,0,0.0,0.0,0,0.0,0,0,0,0,,,0,0.0,periferico
ES_27038,27038,Ourol,6.91810294,982.0,0,0,0.0,0.0,0,0.0,0,0,0,0,,,0,0.0,periferico
ES_27047,27047,"Pobra do Brollón, A",8.90420785,1573.0,0,0,0.0,0.0,0,0.0,0,0,0,0,,,0,0.0,periferico
ES_27059,27059,Sober,16.34111207,2179.0,0,0,0.0,0.0,0,0.0,0,0,0,0,,,0,0.0,periferico
ES_27901,27901,Baralla,17.71062686,2500.0,0,0,0.0,0.0,0,0.0,0,0,0,0,,,0,0.0,periferico
ES_28008,28008,Aldea del Fresno,65.98275601,3408.0,0,0,0.0,0.0,0,0.0,0,0,0,0,,,0,0.0,periferico
ES_37247,37247,Peñarandilla,14.69474425,187.0,0,0,0.0,0.0,0,0.0,0,0,0,0,,,0,0.0,periferico
ES_37259,37259,Puebla de San Medel,3.55088165,33.0,0,0,0.0,0.0,0,0.0,0,0,0,0,,,0,0.0,periferico
ES_29024,29024,Benalauría,23.35611884,462.0,0,0,0.0,0.0,0,0.0,0,0,0,0,,,0,0.0,periferico
ES_29034,29034,Canillas de Albaida,24.87002814,826.0,0,0,0.0,0.0,0,0.0,0,0,0,0,,,0,0.0,periferico
ES_29046,29046,Cortes de la Frontera,17.32052139,3037.0,0,0,0.0,0.0,0,0.0,0,0,0,0,,,0,0.0,periferico
ES_48901,48901,Derio,696.34495365,7064.0,0,0,0.0,0.0,0,0.0,0,0,0,0,,,0,0.0,periferico
ES_48910,48910,Iurreta,198.18883101,3733.0,0,0,0.0,0.0,0,0.0,0,0,0,0,,,0,0.0,periferico
ES_49016,49016,Aspariegos,5.40705385,228.0,0,0,0.0,0.0,0,0.0,0,0,0,0,,,0,0.0,periferico
ES_09374,09374,Susinos del Páramo,10.23153468,117.0,0,0,0.0,0.0,0,0.0,0,0,0,0,,,0,0.0,periferico
ES_09375,09375,Tamarón,3.77088369,59.0,0,0,0.0,0.0,0,0.0,0,0,0,0,,,0,0.0,periferico
ES_09381,09381,Tinieblas de la Sierra,0.91921553,27.0,0,0,0.0,0.0,0,0.0,0,0,0,0,,,0,0.0,periferico
ES_09387,09387,Torregalindo,7.74932907,119.0,0,0,0.0,0.0,0,0.0,0,0,0,0,,,0,0.0,periferico
ES_09388,09388,Torrelara,2.63946241,33.0,0,0,0.0,0.0,0,0.0,0,0,0,0,,,0,0.0,periferico
ES_09389,09389,Torrepadre,2.41551229,69.0,0,0,0.0,0.0,0,0.0,0,0,0,0,,,0,0.0,periferico
ES_43052,43052,Xerta,35.599175,1161.0,0,0,0.0,0.0,0,0.0,0,0,0,0,,,0,0.0,periferico
ES_43060,43060,Flix,28.80446143,3348.0,0,0,0.0,0.0,0,0.0,0,0,0,0,,,0,0.0,periferico
ES_43070,43070,"Guiamets, Els",22.32400954,265.0,0,0,0.0,0.0,0,0.0,0,0,0,0,,,0,0.0,periferico
ES_43081,43081,Maspujols,241.21522508,857.0,0,0,0.0,0.0,0,0.0,0,0,0,0,,,0,0.0,periferico
ES_43092,43092,Mont-roig del Camp,215.37892898,13682.0,0,0,0.0,0.0,0,0.0,0,0,0,0,,,0,0.0,periferico
ES_43114,43114,Porrera,15.19630197,435.0,0,0,0.0,0.0,0,0.0,0,0,0,0,,,0,0.0,periferico
ES_43124,43124,"Riba, La",71.09875171,570.0,0,0,0.0,0.0,0,0.0,0,0,0,0,,,0,0.0,periferico
ES_28032,28032,Camarma de Esteruelas,221.01172932,7782.0,0,0,0.0,0.0,0,0.0,0,0,0,0,,,0,0.0,periferico
ES_28044,28044,Colmenarejo,306.4647207,9655.0,0,0,0.0,0.0,0,0.0,0,0,0,0,,,0,0.0,periferico
ES_28054,28054,"Escorial, El",246.75846745,16978.0,0,0,0.0,0.0,0,0.0,0,0,0,0,,,0,0.0,periferico
ES_43168,43168,Vilanova de Prades,5.26750065,114.0,0,0,0.0,0.0,0,0.0,0,0,0,0,,,0,0.0,periferico
ES_43178,43178,Vinyols i els Arcs,215.19172027,2351.0,0,0,0.0,0.0,0,0.0,0,0,0,0,,,0,0.0,periferico
ES_44005,44005,Aguilar del Alfambra,2.07509473,81.0,0,0,0.0,0.0,0,0.0,0,0,0,0,,,0,0.0,periferico
ES_47183,47183,Valdunquillo,4.25034621,131.0,0,0,0.0,0.0,0,0.0,0,0,0,0,,,0,0.0,periferico
ES_47193,47193,Viana de Cega,125.3497892,2253.0,0,0,0.0,0.0,0,0.0,0,0,0,0,,,0,0.0,periferico
ES_47206,47206,Villafuerte,3.3609503,88.0,0,0,0.0,0.0,0,0.0,0,0,0,0,,,0,0.0,periferico
ES_47216,47216,Villán de Tordesillas,10.21227895,125.0,0,0,0.0,0.0,0,0.0,0,0,0,0,,,0,0.0,periferico
ES_37269,37269,Robleda,5.86063444,462.0,0,0,0.0,0.0,0,0.0,0,0,0,0,,,0,0.0,periferico
ES_37278,37278,San Cristóbal de la Cuesta,112.01452073,1114.0,0,0,0.0,0.0,0,0.0,0,0,0,0,,,0,0.0,periferico
ES_37293,37293,Santa María de Sando,7.05238816,98.0,0,0,0.0,0.0,0,0.0,0,0,0,0,,,0,0.0,periferico
ES_37306,37306,Serradilla del Arroyo,3.06624146,247.0,0,0,0.0,0.0,0,0.0,0,0,0,0,,,0,0.0,periferico
ES_25002,25002,Àger,3.61614387,582.0,0,0,0.0,0.0,0,0.0,0,0,0,0,,,0,0.0,periferico
ES_43128,43128,Riudecols,62.56414459,1223.0,0,0,0.0,0.0,0,0.0,0,0,0,0,,,0,0.0,periferico
ES_43139,43139,Santa Coloma de Queralt,82.69645156,2811.0,0,0,0.0,0.0,0,0.0,0,0,0,0,,,0,0.0,periferico
ES_46009,46009,Albalat dels Sorells,900.26402235,4167.0,0,0,0.0,0.0,0,0.0,0,0,0,0,,,0,0.0,periferico
ES_46020,46020,"Alcúdia de Crespins, l'",1032.92831213,5342.0,0,0,0.0,0.0,0,0.0,0,0,0,0,,,0,0.0,periferico
ES_46047,46047,Bèlgida,36.58306616,631.0,0,0,0.0,0.0,0,0.0,0,0,0,0,,,0,0.0,periferico
ES_47227,47227,Villavellid,2.52337794,55.0,0,0,0.0,0.0,0,0.0,0,0,0,0,,,0,0.0,periferico
ES_48004,48004,Amoroto,30.01742322,392.0,0,0,0.0,0.0,0,0.0,0,0,0,0,,,0,0.0,periferico
ES_48013,48013,Barakaldo,4042.54116417,100987.0,0,0,0.0,0.0,0,0.0,0,0,0,0,,,0,0.0,periferico
ES_48023,48023,Artea,61.17619629,755.0,0,0,0.0,0.0,0,0.0,0,0,0,0,,,0,0.0,periferico
ES_48031,48031,Elantxobe,190.0586351,349.0,0,0,0.0,0.0,0,0.0,0,0,0,0,,,0,0.0,periferico
ES_25014,25014,Alfés,8.90268207,285.0,0,0,0.0,0.0,0,0.0,0,0,0,0,,,0,0.0,periferico
ES_25025,25025,Naut Aran,7.5236109,1920.0,0,0,0.0,0.0,0,0.0,0,0,0,0,,,0,0.0,periferico
ES_25036,25036,Aspa,21.67719336,217.0,0,0,0.0,0.0,0,0.0,0,0,0,0,,,0,0.0,periferico
ES_25045,25045,Bausen,3.96860129,70.0,0,0,0.0,0.0,0,0.0,0,0,0,0,,,0,0.0,periferico
ES_25053,25053,Benavent de Segrià,209.21618134,1581.0,0,0,0.0,0.0,0,0.0,0,0,0,0,,,0,0.0,periferico
ES_25068,25068,Castellnou de Seana,43.47835656,709.0,0,0,0.0,0.0,0,0.0,0,0,0,0,,,0,0.0,periferico
ES_25082,25082,Espot,3.95367997,385.0,0,0,0.0,0.0,0,0.0,0,0,0,0,,,0,0.0,periferico
ES_25096,25096,"Fuliola, La",111.16923162,1234.0,0,0,0.0,0.0,0,0.0,0,0,0,0,,,0,0.0,periferico
ES_41007,41007,"Algaba, La",919.14651153,16688.0,0,0,0.0,0.0,0,0.0,0,0,0,0,,,0,0.0,periferico
ES_41017,41017,Bormujos,1850.62009444,22809.0,0,0,0.0,0.0,0,0.0,0,0,0,0,,,0,0.0,periferico
ES_41028,41028,Castilleja de Guzmán,1420.16963263,2881.0,0,0,0.0,0.0,0,0.0,0,0,0,0,,,0,0.0,periferico
ES_41039,41039,Écija,40.51012414,39636.0,0,0,0.0,0.0,0,0.0,0,0,0,0,,,0,0.0,periferico
ES_49022,49022,Benegiles,11.89004847,279.0,0,0,0.0,0.0,0,0.0,0,0,0,0,,,0,0.0,periferico
ES_49031,49031,Cabañas de Sayago,2.85302456,142.0,0,0,0.0,0.0,0,0.0,0,0,0,0,,,0,0.0,periferico
ES_49043,49043,Castroverde de Campos,4.05187112,261.0,0,0,0.0,0.0,0,0.0,0,0,0,0,,,0,0.0,periferico
ES_49059,49059,Cuelgamures,5.45768379,80.0,0,0,0.0,0.0,0,0.0,0,0,0,0,,,0,0.0,periferico
ES_49075,49075,Fresno de la Polvorosa,28.42775087,116.0,0,0,0.0,0.0,0,0.0,0,0,0,0,,,0,0.0,periferico
ES_49239,49239,Villabuena del Puente,23.187616,604.0,0,0,0.0,0.0,0,0.0,0,0,0,0,,,0,0.0,periferico
ES_49268,49268,Villarrín de Campos,7.95837596,399.0,0,0,0.0,0.0,0,0.0,0,0,0,0,,,0,0.0,periferico
ES_50006,50006,Ainzón,26.08811378,1056.0,0,0,0.0,0.0,0,0.0,0,0,0,0,,,0,0.0,periferico
ES_09411,09411,Valle de Oca,4.28923793,165.0,0,0,0.0,0.0,0,0.0,0,0,0,0,,,0,0.0,periferico
ES_09417,09417,Vallejera,2.23513688,41.0,0,0,0.0,0.0,0,0.0,0,0,0,0,,,0,0.0,periferico
ES_09418,09418,Valles de Palenzuela,3.82992069,80.0,0,0,0.0,0.0,0,0.0,0,0,0,0,,,0,0.0,periferico
ES_46058,46058,Benifairó de les Valls,533.06395129,2315.0,0,0,0.0,0.0,0,0.0,0,0,0,0,,,0,0.0,periferico
ES_46072,46072,Bocairent,42.77602386,4147.0,0,0,0.0,0.0,0,0.0,0,0,0,0,,,0,0.0,periferico
ES_46082,46082,Canet d'En Berenguer,1888.15770193,7252.0,0,0,0.0,0.0,0,0.0,0,0,0,0,,,0,0.0,periferico
ES_50175,50175,Morata de Jalón,23.18553696,1062.0,0,0,0.0,0.0,0,0.0,0,0,0,0,,,0,0.0,periferico
ES_50187,50187,Nigüella,1.97129599,60.0,0,0,0.0,0.0,0,0.0,0,0,0,0,,,0,0.0,periferico
ES_50197,50197,Orés,1.78719402,91.0,0,0,0.0,0.0,0,0.0,0,0,0,0,,,0,0.0,periferico
ES_40138,40138,Nava de la Asunción,33.079387,2751.0,0,0,0.0,0.0,0,0.0,0,0,0,0,,,0,0.0,periferico
ES_28106,28106,Parla,5322.0762288,132842.0,0,0,0.0,0.0,0,0.0,0,0,0,0,,,0,0.0,periferico
ES_28135,28135,Santa María de la Alameda,20.00871274,1515.0,0,0,0.0,0.0,0,0.0,0,0,0,0,,,0,0.0,periferico
ES_28148,28148,Torrejón de Ardoz,4269.47298063,138197.0,0,0,0.0,0.0,0,0.0,0,0,0,0,,,0,0.0,periferico
ES_28160,28160,Valdemorillo,145.23172161,13638.0,0,0,0.0,0.0,0,0.0,0,0,0,0,,,0,0.0,periferico
ES_28172,28172,Villalbilla,487.68985829,16800.0,0,0,0.0,0.0,0,0.0,0,0,0,0,,,0,0.0,periferico
ES_28182,28182,Villavieja del Lozoya,13.65115967,317.0,0,0,0.0,0.0,0,0.0,0,0,0,0,,,0,0.0,periferico
ES_29008,29008,Alhaurín el Grande,367.99337284,26902.0,0,0,0.0,0.0,0,0.0,0,0,0,0,,,0,0.0,periferico
ES_44130,44130,Jorcas,1.64202191,43.0,0,0,0.0,0.0,0,0.0,0,0,0,0,,,0,0.0,periferico
ES_44143,44143,Manzanera,3.19615925,539.0,0,0,0.0,0.0,0,0.0,0,0,0,0,,,0,0.0,periferico
ES_50203,50203,Pastriz,79.96287159,1320.0,0,0,0.0,0.0,0,0.0,0,0,0,0,,,0,0.0,periferico
ES_50213,50213,Plenas,2.79227008,106.0,0,0,0.0,0.0,0,0.0,0,0,0,0,,,0,0.0,periferico
ES_50223,50223,Remolinos,54.51412149,1009.0,0,0,0.0,0.0,0,0.0,0,0,0,0,,,0,0.0,periferico
ES_50249,50249,Tabuenca,3.67478908,315.0,0,0,0.0,0.0,0,0.0,0,0,0,0,,,0,0.0,periferico
ES_50259,50259,Torrehermosa,3.50746879,74.0,0,0,0.0,0.0,0,0.0,0,0,0,0,,,0,0.0,periferico
ES_50268,50268,Undués de Lerda,1.21028441,52.0,0,0,0.0,0.0,0,0.0,0,0,0,0,,,0,0.0,periferico
ES_19231,19231,Rebollosa de Jadraque,1.30714704,10.0,0,0,0.0,0.0,0,0.0,0,0,0,0,,,0,0.0,periferico
ES_19246,19246,Saelices de la Sal,2.48301179,48.0,0,0,0.0,0.0,0,0.0,0,0,0,0,,,0,0.0,periferico
ES_19259,19259,Somolinos,1.89701076,28.0,0,0,0.0,0.0,0,0.0,0,0,0,0,,,0,0.0,periferico
ES_19269,19269,"Toba, La",2.02130437,74.0,0,0,0.0,0.0,0,0.0,0,0,0,0,,,0,0.0,periferico
ES_40150,40150,Orejana,2.96338245,62.0,0,0,0.0,0.0,0,0.0,0,0,0,0,,,0,0.0,periferico
ES_40160,40160,Pinarnegrillo,5.07181109,99.0,0,0,0.0,0.0,0,0.0,0,0,0,0,,,0,0.0,periferico
ES_40174,40174,Sacramenia,8.0530576,358.0,0,0,0.0,0.0,0,0.0,0,0,0,0,,,0,0.0,periferico
ES_40184,40184,San Pedro de Gaíllos,11.88989375,310.0,0,0,0.0,0.0,0,0.0,0,0,0,0,,,0,0.0,periferico
ES_40199,40199,Sotosalbos,5.71313355,137.0,0,0,0.0,0.0,0,0.0,0,0,0,0,,,0,0.0,periferico
ES_40210,40210,Urueñas,3.04106794,100.0,0,0,0.0,0.0,0,0.0,0,0,0,0,,,0,0.0,periferico
ES_40221,40221,Valleruela de Sepúlveda,3.37329732,54.0,0,0,0.0,0.0,0,0.0,0,0,0,0,,,0,0.0,periferico
ES_40903,40903,Marazoleja,3.6414271,96.0,0,0,0.0,0.0,0,0.0,0,0,0,0,,,0,0.0,periferico
ES_44158,44158,Mora de Rubielos,9.42623477,1567.0,0,0,0.0,0.0,0,0.0,0,0,0,0,,,0,0.0,periferico
ES_44173,44173,"Olmos, Los",2.72947253,120.0,0,0,0.0,0.0,0,0.0,0,0,0,0,,,0,0.0,periferico
ES_46165,46165,Massanassa,1819.43679567,10140.0,0,0,0.0,0.0,0,0.0,0,0,0,0,,,0,0.0,periferico
ES_46174,46174,Montesa,23.57084205,1134.0,0,0,0.0,0.0,0,0.0,0,0,0,0,,,0,0.0,periferico
ES_46183,46183,"Olleria, l'",262.94652377,8477.0,0,0,0.0,0.0,0,0.0,0,0,0,0,,,0,0.0,periferico
ES_46193,46193,Picanya,1627.31307507,11759.0,0,0,0.0,0.0,0,0.0,0,0,0,0,,,0,0.0,periferico
ES_30008,30008,Alhama de Murcia,75.06807469,23388.0,0,0,0.0,0.0,0,0.0,0,0,0,0,,,0,0.0,periferico
ES_30019,30019,Cieza,96.00569066,35183.0,0,0,0.0,0.0,0,0.0,0,0,0,0,,,0,0.0,periferico
ES_30027,30027,Molina de Segura,447.86395672,75941.0,0,0,0.0,0.0,0,0.0,0,0,0,0,,,0,0.0,periferico
ES_30038,30038,"Torres de Cotillas, Las",575.02909585,22305.0,0,0,0.0,0.0,0,0.0,0,0,0,0,,,0,0.0,periferico
ES_31006,31006,Ablitas,33.5922345,2604.0,0,0,0.0,0.0,0,0.0,0,0,0,0,,,0,0.0,periferico
ES_31016,31016,Ansoáin,5482.28187464,10602.0,0,0,0.0,0.0,0,0.0,0,0,0,0,,,0,0.0,periferico
ES_45027,45027,Cabezamesada,6.2482598,374.0,0,0,0.0,0.0,0,0.0,0,0,0,0,,,0,0.0,periferico
ES_45038,45038,Carranque,213.35438184,5274.0,0,0,0.0,0.0,0,0.0,0,0,0,0,,,0,0.0,periferico
ES_45049,45049,Cervera de los Montes,15.8787305,503.0,0,0,0.0,0.0,0,0.0,0,0,0,0,,,0,0.0,periferico
ES_45061,45061,Escalona,50.19601537,3672.0,0,0,0.0,0.0,0,0.0,0,0,0,0,,,0,0.0,periferico
ES_34103,34103,Mazuecos de Valdeginate,4.62773306,86.0,0,0,0.0,0.0,0,0.0,0,0,0,0,,,0,0.0,periferico
ES_34131,34131,Población de Arroyo,1.9683219,45.0,0,0,0.0,0.0,0,0.0,0,0,0,0,,,0,0.0,periferico
ES_34168,34168,Santa Cruz de Boedo,1.91992433,49.0,0,0,0.0,0.0,0,0.0,0,0,0,0,,,0,0.0,periferico
ES_34182,34182,Torquemada,11.32021659,947.0,0,0,0.0,0.0,0,0.0,0,0,0,0,,,0,0.0,periferico
ES_34204,34204,Villacidaler,2.11206728,46.0,0,0,0.0,0.0,0,0.0,0,0,0,0,,,0,0.0,periferico
ES_34217,34217,Villalobón,98.4821503,1873.0,0,0,0.0,0.0,0,0.0,0,0,0,0,,,0,0.0,periferico
ES_47135,47135,Robladillo,10.39984741,92.0,0,0,0.0,0.0,0,0.0,0,0,0,0,,,0,0.0,periferico
ES_47146,47146,San Miguel del Pino,47.15230315,351.0,0,0,0.0,0.0,0,0.0,0,0,0,0,,,0,0.0,periferico
ES_47166,47166,Torrecilla de la Abadesa,9.24762137,253.0,0,0,0.0,0.0,0,0.0,0,0,0,0,,,0,0.0,periferico
ES_46202,46202,"Pobla de Vallbona, la",802.81226982,26685.0,0,0,0.0,0.0,0,0.0,0,0,0,0,,,0,0.0,periferico
ES_46212,46212,Real,131.57371095,2407.0,0,0,0.0,0.0,0,0.0,0,0,0,0,,,0,0.0,periferico
ES_46221,46221,Salem,46.95123809,404.0,0,0,0.0,0.0,0,0.0,0,0,0,0,,,0,0.0,periferico
ES_46230,46230,Silla,786.34839851,19690.0,0,0,0.0,0.0,0,0.0,0,0,0,0,,,0,0.0,periferico
ES_46249,46249,Utiel,48.99597282,11607.0,0,0,0.0,0.0,0,0.0,0,0,0,0,,,0,0.0,periferico
ES_42103,42103,Langa de Duero,3.67497675,698.0,0,0,0.0,0.0,0,0.0,0,0,0,0,,,0,0.0,periferico
ES_42119,42119,Monteagudo de las Vicarías,1.80251297,175.0,0,0,0.0,0.0,0,0.0,0,0,0,0,,,0,0.0,periferico
ES_42159,42159,Rollamienta,2.41679458,45.0,0,0,0.0,0.0,0,0.0,0,0,0,0,,,0,0.0,periferico
ES_42171,42171,Serón de Nágima,1.96044141,118.0,0,0,0.0,0.0,0,0.0,0,0,0,0,,,0,0.0,periferico
ES_42185,42185,Torreblacos,1.48749804,26.0,0,0,0.0,0.0,0,0.0,0,0,0,0,,,0,0.0,periferico
ES_42197,42197,Valderrodilla,1.95594744,63.0,0,0,0.0,0.0,0,0.0,0,0,0,0,,,0,0.0,periferico
ES_42211,42211,"Villares de Soria, Los",5.84287422,84.0,0,0,0.0,0.0,0,0.0,0,0,0,0,,,0,0.0,periferico
ES_19265,19265,Tartanedo,1.07213373,159.0,0,0,0.0,0.0,0,0.0,0,0,0,0,,,0,0.0,periferico
ES_12038,12038,Castellfort,2.80186866,187.0,0,0,0.0,0.0,0,0.0,0,0,0,0,,,0,0.0,periferico
ES_08119,08119,Masquefa,562.82965613,9819.0,0,0,0.0,0.0,0,0.0,0,0,0,0,,,0,0.0,periferico
ES_12057,12057,Eslida,41.76289743,757.0,0,0,0.0,0.0,0,0.0,0,0,0,0,,,0,0.0,periferico
ES_12058,12058,Espadilla,7.51321699,90.0,0,0,0.0,0.0,0,0.0,0,0,0,0,,,0,0.0,periferico
ES_07003,07003,Alcúdia,362.3482213,21725.0,0,0,0.0,0.0,0,0.0,0,0,0,0,,,0,0.0,periferico
ES_08121,08121,Mataró,5803.04808153,129613.0,0,0,0.0,0.0,0,0.0,0,0,0,0,,,0,0.0,periferico
ES_08122,08122,Mediona,54.76549871,2629.0,0,0,0.0,0.0,0,0.0,0,0,0,0,,,0,0.0,periferico
ES_42216,42216,Vizmanos,1.31695664,32.0,0,0,0.0,0.0,0,0.0,0,0,0,0,,,0,0.0,periferico
ES_45070,45070,Guadamur,47.61544091,1806.0,0,0,0.0,0.0,0,0.0,0,0,0,0,,,0,0.0,periferico
ES_45080,45080,Illán de Vacas,0.32782377,3.0,0,0,0.0,0.0,0,0.0,0,0,0,0,,,0,0.0,periferico
ES_45091,45091,Maqueda,6.73367241,496.0,0,0,0.0,0.0,0,0.0,0,0,0,0,,,0,0.0,periferico
ES_45101,45101,Miguel Esteban,51.07817889,4750.0,0,0,0.0,0.0,0,0.0,0,0,0,0,,,0,0.0,periferico
ES_45112,45112,"Navalmorales, Los",20.73098377,2175.0,0,0,0.0,0.0,0,0.0,0,0,0,0,,,0,0.0,periferico
ES_45123,45123,Ontígola,119.56798201,4926.0,0,0,0.0,0.0,0,0.0,0,0,0,0,,,0,0.0,periferico
ES_45134,45134,Portillo de Toledo,115.73890858,2308.0,0,0,0.0,0.0,0,0.0,0,0,0,0,,,0,0.0,periferico
ES_45141,45141,Quero,10.12577704,1057.0,0,0,0.0,0.0,0,0.0,0,0,0,0,,,0,0.0,periferico
ES_45149,45149,"Romeral, El",7.22417383,570.0,0,0,0.0,0.0,0,0.0,0,0,0,0,,,0,0.0,periferico
ES_45160,45160,Segurilla,61.74780322,1408.0,0,0,0.0,0.0,0,0.0,0,0,0,0,,,0,0.0,periferico
ES_19118,19118,Fuembellida,0.42251076,11.0,0,0,0.0,0.0,0,0.0,0,0,0,0,,,0,0.0,periferico
ES_19129,19129,Gascueña de Bornova,1.17025004,31.0,0,0,0.0,0.0,0,0.0,0,0,0,0,,,0,0.0,periferico
ES_19146,19146,"Huerce, La",1.36484941,56.0,0,0,0.0,0.0,0,0.0,0,0,0,0,,,0,0.0,periferico
ES_19157,19157,Jirueque,4.59878207,49.0,0,0,0.0,0.0,0,0.0,0,0,0,0,,,0,0.0,periferico
ES_19169,19169,Mantiel,1.95442955,30.0,0,0,0.0,0.0,0,0.0,0,0,0,0,,,0,0.0,periferico
ES_19178,19178,Megina,1.14782533,32.0,0,0,0.0,0.0,0,0.0,0,0,0,0,,,0,0.0,periferico
ES_19188,19188,Mochales,1.23827014,40.0,0,0,0.0,0.0,0,0.0,0,0,0,0,,,0,0.0,periferico
ES_19199,19199,Ocentejo,0.51747868,16.0,0,0,0.0,0.0,0,0.0,0,0,0,0,,,0,0.0,periferico
ES_19212,19212,Pastrana,9.64058927,923.0,0,0,0.0,0.0,0,0.0,0,0,0,0,,,0,0.0,periferico
ES_19222,19222,"Pobo de Dueñas, El",1.80870741,100.0,0,0,0.0,0.0,0,0.0,0,0,0,0,,,0,0.0,periferico
ES_08136,08136,Montornès del Vallès,1635.98179932,16752.0,0,0,0.0,0.0,0,0.0,0,0,0,0,,,0,0.0,periferico
ES_08140,08140,Navarcles,1107.84265907,6112.0,0,0,0.0,0.0,0,0.0,0,0,0,0,,,0,0.0,periferico
ES_05266,05266,Zapardiel de la Cañada,2.05862209,83.0,0,0,0.0,0.0,0,0.0,0,0,0,0,,,0,0.0,periferico
ES_06002,06002,Aceuchal,86.28211968,5442.0,0,0,0.0,0.0,0,0.0,0,0,0,0,,,0,0.0,periferico
ES_06011,06011,Almendralejo,206.15804036,33865.0,0,0,0.0,0.0,0,0.0,0,0,0,0,,,0,0.0,periferico
ES_18074,18074,Ferreira,7.27982963,317.0,0,0,0.0,0.0,0,0.0,0,0,0,0,,,0,0.0,periferico
ES_18087,18087,Granada,2634.4863952,232246.0,0,0,0.0,0.0,0,0.0,0,0,0,0,,,0,0.0,periferico
ES_18100,18100,Huétor Tájar,267.72880624,10689.0,0,0,0.0,0.0,0,0.0,0,0,0,0,,,0,0.0,periferico
ES_18114,18114,"Calahorra, La",17.25412981,681.0,0,0,0.0,0.0,0,0.0,0,0,0,0,,,0,0.0,periferico
ES_34231,34231,Villarrabé,2.27929889,183.0,0,0,0.0,0.0,0,0.0,0,0,0,0,,,0,0.0,periferico
ES_34245,34245,Villota del Páramo,3.92522162,306.0,0,0,0.0,0.0,0,0.0,0,0,0,0,,,0,0.0,periferico
ES_35007,35007,Betancuria,7.80764813,811.0,0,0,0.0,0.0,0,0.0,0,0,0,0,,,0,0.0,periferico
ES_35015,35015,Pájara,55.09645949,21130.0,0,0,0.0,0.0,0,0.0,0,0,0,0,,,0,0.0,periferico
ES_22252,22252,Yebra de Basa,1.7726625,161.0,0,0,0.0,0.0,0,0.0,0,0,0,0,,,0,0.0,periferico
ES_22908,22908,Hoz y Costean,4.12151303,237.0,0,0,0.0,0.0,0,0.0,0,0,0,0,,,0,0.0,periferico
ES_23010,23010,Bailén,147.0269081,17219.0,0,0,0.0,0.0,0,0.0,0,0,0,0,,,0,0.0,periferico
ES_07028,07028,Lloret de Vistalegre,91.24180092,1591.0,0,0,0.0,0.0,0,0.0,0,0,0,0,,,0,0.0,periferico
ES_08158,08158,"Papiol, El",487.95000899,4318.0,0,0,0.0,0.0,0,0.0,0,0,0,0,,,0,0.0,periferico
ES_08163,08163,Pineda de Mar,2785.42642987,28840.0,0,0,0.0,0.0,0,0.0,0,0,0,0,,,0,0.0,periferico
ES_06028,06028,Campanario,18.39833958,4735.0,0,0,0.0,0.0,0,0.0,0,0,0,0,,,0,0.0,periferico
ES_06034,06034,Casas de Reina,4.056382,202.0,0,0,0.0,0.0,0,0.0,0,0,0,0,,,0,0.0,periferico
ES_06039,06039,"Coronada, La",26.53217416,2153.0,0,0,0.0,0.0,0,0.0,0,0,0,0,,,0,0.0,periferico
ES_08190,08190,Saldes,4.50387983,301.0,0,0,0.0,0.0,0,0.0,0,0,0,0,,,0,0.0,periferico
ES_08192,08192,Santpedor,457.20851145,7668.0,0,0,0.0,0.0,0,0.0,0,0,0,0,,,0,0.0,periferico
ES_03017,03017,"Alqueria d'Asnar, l'",670.06535046,509.0,0,0,0.0,0.0,0,0.0,0,0,0,0,,,0,0.0,periferico
ES_03049,03049,Callosa de Segura,781.41492774,19431.0,0,0,0.0,0.0,0,0.0,0,0,0,0,,,0,0.0,periferico
ES_32057,32057,Parada de Sil,8.30131489,518.0,0,0,0.0,0.0,0,0.0,0,0,0,0,,,0,0.0,periferico
ES_32068,32068,Ramirás,37.32757854,1518.0,0,0,0.0,0.0,0,0.0,0,0,0,0,,,0,0.0,periferico
ES_32076,32076,San Cristovo de Cea,21.21090402,2003.0,0,0,0.0,0.0,0,0.0,0,0,0,0,,,0,0.0,periferico
ES_32089,32089,Vilar de Barrio,11.27796453,1204.0,0,0,0.0,0.0,0,0.0,0,0,0,0,,,0,0.0,periferico
ES_46109,46109,Cheste,125.29917666,8973.0,0,0,0.0,0.0,0,0.0,0,0,0,0,,,0,0.0,periferico
ES_18145,18145,Ogíjares,2131.03997255,14805.0,0,0,0.0,0.0,0,0.0,0,0,0,0,,,0,0.0,periferico
ES_36058,36058,Vilaboa,161.39488374,5955.0,0,0,0.0,0.0,0,0.0,0,0,0,0,,,0,0.0,periferico
ES_43050,43050,Creixell,390.32089219,4067.0,0,0,0.0,0.0,0,0.0,0,0,0,0,,,0,0.0,periferico
ES_43138,43138,Santa Bàrbara,132.63242572,3749.0,0,0,0.0,0.0,0,0.0,0,0,0,0,,,0,0.0,periferico
ES_48027,48027,Durango,2761.8274125,29715.0,0,0,0.0,0.0,0,0.0,0,0,0,0,,,0,0.0,periferico
ES_41018,41018,Brenes,590.39197645,12815.0,0,0,0.0,0.0,0,0.0,0,0,0,0,,,0,0.0,periferico
ES_46066,46066,Benirredrà,4047.33123003,1569.0,0,0,0.0,0.0,0,0.0,0,0,0,0,,,0,0.0,periferico
ES_28161,28161,Valdemoro,1270.69735244,81619.0,0,0,0.0,0.0,0,0.0,0,0,0,0,,,0,0.0,periferico
ES_38034,38034,San Juan de la Rambla,239.20902596,4939.0,0,0,0.0,0.0,0,0.0,0,0,0,0,,,0,0.0,periferico
ES_37372,37372,Villaverde de Guareña,8.94503922,142.0,0,0,0.0,0.0,0,0.0,0,0,0,0,,,0,0.0,periferico
ES_38004,38004,Arafo,167.79129652,5760.0,0,0,0.0,0.0,0,0.0,0,0,0,0,,,0,0.0,periferico
ES_38013,38013,Frontera,54.75339555,4483.0,0,0,0.0,0.0,0,0.0,0,0,0,0,,,0,0.0,periferico
ES_38023,38023,San Cristóbal de La Laguna,1555.08914569,159576.0,0,0,0.0,0.0,0,0.0,0,0,0,0,,,0,0.0,periferico
ES_38036,38036,San Sebastián de la Gomera,84.3452269,9584.0,0,0,0.0,0.0,0,0.0,0,0,0,0,,,0,0.0,periferico
ES_38047,38047,Tijarafe,48.93853102,2632.0,0,0,0.0,0.0,0,0.0,0,0,0,0,,,0,0.0,periferico
ES_39002,39002,Ampuero,137.4761316,4451.0,0,0,0.0,0.0,0,0.0,0,0,0,0,,,0,0.0,periferico
ES_39012,39012,Cabezón de la Sal,249.60178156,8294.0,0,0,0.0,0.0,0,0.0,0,0,0,0,,,0,0.0,periferico
ES_14045,14045,Moriles,187.0814602,3659.0,0,0,0.0,0.0,0,0.0,0,0,0,0,,,0,0.0,periferico
ES_46022,46022,Alfafar,2166.12463361,21831.0,0,0,0.0,0.0,0,0.0,0,0,0,0,,,0,0.0,periferico
ES_10096,10096,Hervás,65.40646037,3911.0,0,0,0.0,0.0,0,0.0,0,0,0,0,,,0,0.0,periferico
ES_09226,09226,Monterrubio de la Demanda,3.83680565,58.0,0,0,0.0,0.0,0,0.0,0,0,0,0,,,0,0.0,periferico
ES_09231,09231,Nebreda,2.00445868,57.0,0,0,0.0,0.0,0,0.0,0,0,0,0,,,0,0.0,periferico
ES_16119,16119,Leganiel,4.94662265,223.0,0,0,0.0,0.0,0,0.0,0,0,0,0,,,0,0.0,periferico
ES_16121,16121,"Majadas, Las",2.53466833,224.0,0,0,0.0,0.0,0,0.0,0,0,0,0,,,0,0.0,periferico
ES_10109,10109,Logrosán,5.25537566,1920.0,0,0,0.0,0.0,0,0.0,0,0,0,0,,,0,0.0,periferico
ES_09242,09242,Padilla de Abajo,2.45012025,68.0,0,0,0.0,0.0,0,0.0,0,0,0,0,,,0,0.0,periferico
ES_09250,09250,Pampliega,11.79613749,288.0,0,0,0.0,0.0,0,0.0,0,0,0,0,,,0,0.0,periferico
ES_17138,17138,Portbou,114.56233691,1068.0,0,0,0.0,0.0,0,0.0,0,0,0,0,,,0,0.0,periferico
ES_14042,14042,Montilla,131.97333135,22300.0,0,0,0.0,0.0,0,0.0,0,0,0,0,,,0,0.0,periferico
ES_12056,12056,Chóvar,16.91549109,310.0,0,0,0.0,0.0,0,0.0,0,0,0,0,,,0,0.0,periferico
ES_06024,06024,Cabeza la Vaca,19.90096844,1274.0,0,0,0.0,0.0,0,0.0,0,0,0,0,,,0,0.0,periferico
ES_08191,08191,Sallent,104.56821405,6828.0,0,0,0.0,0.0,0,0.0,0,0,0,0,,,0,0.0,periferico
ES_43012,43012,Altafulla,823.75958108,5684.0,0,0,0.0,0.0,0,0.0,0,0,0,0,,,0,0.0,periferico
ES_16130,16130,Montalbo,9.63146708,712.0,0,0,0.0,0.0,0,0.0,0,0,0,0,,,0,0.0,periferico
ES_10188,10188,Torre de Santa María,27.86684888,531.0,0,0,0.0,0.0,0,0.0,0,0,0,0,,,0,0.0,periferico
ES_14036,14036,Hornachuelos,4.86181223,4421.0,0,0,0.0,0.0,0,0.0,0,0,0,0,,,0,0.0,periferico
ES_17125,17125,Pardines,5.37761953,169.0,0,0,0.0,0.0,0,0.0,0,0,0,0,,,0,0.0,periferico
ES_17126,17126,Parlavà,66.42814844,413.0,0,0,0.0,0.0,0,0.0,0,0,0,0,,,0,0.0,periferico
ES_17187,17187,"Saus, Camallera i Llampaies",77.73752939,890.0,0,0,0.0,0.0,0,0.0,0,0,0,0,,,0,0.0,periferico
ES_12081,12081,Navajas,107.88697637,851.0,0,0,0.0,0.0,0,0.0,0,0,0,0,,,0,0.0,periferico
ES_12082,12082,Nules,274.92217764,13889.0,0,0,0.0,0.0,0,0.0,0,0,0,0,,,0,0.0,periferico
ES_12084,12084,Onda,236.60038201,25573.0,0,0,0.0,0.0,0,0.0,0,0,0,0,,,0,0.0,periferico
ES_12087,12087,Palanques,2.50985328,36.0,0,0,0.0,0.0,0,0.0,0,0,0,0,,,0,0.0,periferico
ES_12088,12088,Pavías,5.13520705,74.0,0,0,0.0,0.0,0,0.0,0,0,0,0,,,0,0.0,periferico
ES_12089,12089,Peníscola,106.84085927,8442.0,0,0,0.0,0.0,0,0.0,0,0,0,0,,,0,0.0,periferico
ES_12090,12090,Pina de Montalgrao,3.77869628,120.0,0,0,0.0,0.0,0,0.0,0,0,0,0,,,0,0.0,periferico
ES_17142,17142,Quart,105.43736575,4026.0,0,0,0.0,0.0,0,0.0,0,0,0,0,,,0,0.0,periferico
ES_03034,03034,Benijófar,812.05835318,3538.0,0,0,0.0,0.0,0,0.0,0,0,0,0,,,0,0.0,periferico
ES_03051,03051,"Camp de Mirra, el",20.25486919,442.0,0,0,0.0,0.0,0,0.0,0,0,0,0,,,0,0.0,periferico
ES_44022,44022,Alloza,6.61595936,540.0,0,0,0.0,0.0,0,0.0,0,0,0,0,,,0,0.0,periferico
ES_05042,05042,Cabezas de Alambre,13.40336702,158.0,0,0,0.0,0.0,0,0.0,0,0,0,0,,,0,0.0,periferico
ES_32015,32015,"Bolo, O",8.83247925,805.0,0,0,0.0,0.0,0,0.0,0,0,0,0,,,0,0.0,periferico
ES_41095,41095,Utrera,79.60320659,51857.0,0,0,0.0,0.0,0,0.0,0,0,0,0,,,0,0.0,periferico
ES_44206,44206,San Agustín,2.36771661,134.0,0,0,0.0,0.0,0,0.0,0,0,0,0,,,0,0.0,periferico
ES_17148,17148,Riudarenes,48.9511011,2328.0,0,0,0.0,0.0,0,0.0,0,0,0,0,,,0,0.0,periferico
ES_17149,17149,Riudaura,22.24761105,524.0,0,0,0.0,0.0,0,0.0,0,0,0,0,,,0,0.0,periferico
ES_17150,17150,Riudellots de la Selva,157.04800452,2087.0,0,0,0.0,0.0,0,0.0,0,0,0,0,,,0,0.0,periferico
ES_12101,12101,San Rafael del Río,23.38079421,495.0,0,0,0.0,0.0,0,0.0,0,0,0,0,,,0,0.0,periferico
ES_15038,15038,Frades,27.58758746,2255.0,0,0,0.0,0.0,0,0.0,0,0,0,0,,,0,0.0,periferico
ES_15039,15039,Irixoa,19.33876454,1316.0,0,0,0.0,0.0,0,0.0,0,0,0,0,,,0,0.0,periferico
ES_17213,17213,Vidreres,174.92076847,8452.0,0,0,0.0,0.0,0,0.0,0,0,0,0,,,0,0.0,periferico
ES_17214,17214,Vilabertran,434.88724262,994.0,0,0,0.0,0.0,0,0.0,0,0,0,0,,,0,0.0,periferico
ES_17215,17215,Vilablareix,571.31423599,3508.0,0,0,0.0,0.0,0,0.0,0,0,0,0,,,0,0.0,periferico
ES_14065,14065,"Victoria, La",118.82443561,2313.0,0,0,0.0,0.0,0,0.0,0,0,0,0,,,0,0.0,periferico
ES_19016,19016,Algar de Mesa,1.9317539,46.0,0,0,0.0,0.0,0,0.0,0,0,0,0,,,0,0.0,periferico
ES_14902,14902,"Guijarrosa, La",29.36784359,1344.0,0,0,0.0,0.0,0,0.0,0,0,0,0,,,0,0.0,periferico
ES_15045,15045,Mazaricos,20.03753001,3752.0,0,0,0.0,0.0,0,0.0,0,0,0,0,,,0,0.0,periferico
ES_18013,18013,Alhama de Granada,13.49583448,5663.0,0,0,0.0,0.0,0,0.0,0,0,0,0,,,0,0.0,periferico
ES_10198,10198,Valdefuentes,40.74668042,1105.0,0,0,0.0,0.0,0,0.0,0,0,0,0,,,0,0.0,periferico
ES_06042,06042,Cheles,24.24116997,1162.0,0,0,0.0,0.0,0,0.0,0,0,0,0,,,0,0.0,periferico
ES_06043,06043,Don Álvaro,25.47197105,817.0,0,0,0.0,0.0,0,0.0,0,0,0,0,,,0,0.0,periferico
ES_06047,06047,Esparragosa de la Serena,44.21768807,959.0,0,0,0.0,0.0,0,0.0,0,0,0,0,,,0,0.0,periferico
ES_08001,08001,Abrera,640.80573286,12821.0,0,0,0.0,0.0,0,0.0,0,0,0,0,,,0,0.0,periferico
ES_15071,15071,Porto do Son,96.77377366,9149.0,0,0,0.0,0.0,0,0.0,0,0,0,0,,,0,0.0,periferico
ES_13003,13003,Alamillo,6.97388677,469.0,0,0,0.0,0.0,0,0.0,0,0,0,0,,,0,0.0,periferico
ES_13004,13004,Albaladejo,21.53960102,1054.0,0,0,0.0,0.0,0,0.0,0,0,0,0,,,0,0.0,periferico
ES_18003,18003,Albolote,247.90425209,19472.0,0,0,0.0,0.0,0,0.0,0,0,0,0,,,0,0.0,periferico
ES_10214,10214,Villar de Plasencia,9.24346837,231.0,0,0,0.0,0.0,0,0.0,0,0,0,0,,,0,0.0,periferico
ES_08009,08009,Argentona,506.01743824,12845.0,0,0,0.0,0.0,0,0.0,0,0,0,0,,,0,0.0,periferico
ES_08010,08010,Artés,334.9645836,5981.0,0,0,0.0,0.0,0,0.0,0,0,0,0,,,0,0.0,periferico
ES_08011,08011,Avià,82.81417103,2249.0,0,0,0.0,0.0,0,0.0,0,0,0,0,,,0,0.0,periferico
ES_06068,06068,Hinojosa del Valle,10.55791787,487.0,0,0,0.0,0.0,0,0.0,0,0,0,0,,,0,0.0,periferico
ES_16016,16016,Almendros,3.94532287,249.0,0,0,0.0,0.0,0,0.0,0,0,0,0,,,0,0.0,periferico
ES_16017,16017,Almodóvar del Pinar,4.15368177,394.0,0,0,0.0,0.0,0,0.0,0,0,0,0,,,0,0.0,periferico
ES_16024,16024,Arguisuelas,2.70149538,134.0,0,0,0.0,0.0,0,0.0,0,0,0,0,,,0,0.0,periferico
ES_11014,11014,Conil de la Frontera,271.31884544,23708.0,0,0,0.0,0.0,0,0.0,0,0,0,0,,,0,0.0,periferico
ES_06083,06083,Mérida,68.83267245,59563.0,0,0,0.0,0.0,0,0.0,0,0,0,0,,,0,0.0,periferico
ES_06084,06084,Mirandilla,29.46352112,1226.0,0,0,0.0,0.0,0,0.0,0,0,0,0,,,0,0.0,periferico
ES_11017,11017,Espera,30.77965413,3799.0,0,0,0.0,0.0,0,0.0,0,0,0,0,,,0,0.0,periferico
ES_11018,11018,"Gastor, El",61.9642274,1705.0,0,0,0.0,0.0,0,0.0,0,0,0,0,,,0,0.0,periferico
ES_11020,11020,Jerez de la Frontera,180.38883669,214294.0,0,0,0.0,0.0,0,0.0,0,0,0,0,,,0,0.0,periferico
ES_06096,06096,Orellana de la Sierra,16.70143996,279.0,0,0,0.0,0.0,0,0.0,0,0,0,0,,,0,0.0,periferico
ES_11041,11041,Villamartín,57.80830464,12250.0,0,0,0.0,0.0,0,0.0,0,0,0,0,,,0,0.0,periferico
ES_13068,13068,Puebla de Don Rodrigo,2.66195542,1131.0,0,0,0.0,0.0,0,0.0,0,0,0,0,,,0,0.0,periferico
ES_17055,17055,Colomers,48.48488244,207.0,0,0,0.0,0.0,0,0.0,0,0,0,0,,,0,0.0,periferico
ES_17056,17056,Cornellà del Terri,86.08894351000001,2398.0,0,0,0.0,0.0,0,0.0,0,0,0,0,,,0,0.0,periferico
ES_17063,17063,Espinelves,14.05667037,247.0,0,0,0.0,0.0,0,0.0,0,0,0,0,,,0,0.0,periferico
ES_17064,17064,Espolla,9.40480901,410.0,0,0,0.0,0.0,0,0.0,0,0,0,0,,,0,0.0,periferico
ES_13079,13079,"Solana, La",112.65402299,15220.0,0,0,0.0,0.0,0,0.0,0,0,0,0,,,0,0.0,periferico
ES_13082,13082,Tomelloso,150.60769624,36462.0,0,0,0.0,0.0,0,0.0,0,0,0,0,,,0,0.0,periferico
ES_13088,13088,Valenzuela de Calatrava,14.84361955,654.0,0,0,0.0,0.0,0,0.0,0,0,0,0,,,0,0.0,periferico
ES_17078,17078,Ger,15.58149701,510.0,0,0,0.0,0.0,0,0.0,0,0,0,0,,,0,0.0,periferico
ES_12013,12013,Arañuel,8.55421449,164.0,0,0,0.0,0.0,0,0.0,0,0,0,0,,,0,0.0,periferico
ES_06132,06132,Torremayor,48.12370485,1011.0,0,0,0.0,0.0,0,0.0,0,0,0,0,,,0,0.0,periferico
ES_06138,06138,Valdetorres,29.14177224,1156.0,0,0,0.0,0.0,0,0.0,0,0,0,0,,,0,0.0,periferico
ES_08095,08095,Granera,3.94243375,93.0,0,0,0.0,0.0,0,0.0,0,0,0,0,,,0,0.0,periferico
ES_17094,17094,Llívia,116.44871115,1511.0,0,0,0.0,0.0,0,0.0,0,0,0,0,,,0,0.0,periferico
ES_17095,17095,Lloret de Mar,849.84313611,41159.0,0,0,0.0,0.0,0,0.0,0,0,0,0,,,0,0.0,periferico
ES_16087,16087,Fuentelespino de Haro,7.0885168,237.0,0,0,0.0,0.0,0,0.0,0,0,0,0,,,0,0.0,periferico
ES_16089,16089,Fuentes,4.3109667,464.0,0,0,0.0,0.0,0,0.0,0,0,0,0,,,0,0.0,periferico
ES_16091,16091,Fuertescusa,1.07903353,69.0,0,0,0.0,0.0,0,0.0,0,0,0,0,,,0,0.0,periferico
ES_16092,16092,Gabaldón,1.87820088,158.0,0,0,0.0,0.0,0,0.0,0,0,0,0,,,0,0.0,periferico
ES_16093,16093,Garaballa,0.91805863,66.0,0,0,0.0,0.0,0,0.0,0,0,0,0,,,0,0.0,periferico
ES_16094,16094,Gascueña,2.74069629,142.0,0,0,0.0,0.0,0,0.0,0,0,0,0,,,0,0.0,periferico
ES_14005,14005,Almodóvar del Río,46.27314153,7982.0,0,0,0.0,0.0,0,0.0,0,0,0,0,,,0,0.0,periferico
ES_12046,12046,Cirat,5.42619186,223.0,0,0,0.0,0.0,0,0.0,0,0,0,0,,,0,0.0,periferico
ES_06151,06151,Villagonzalo,29.69191195,1212.0,0,0,0.0,0.0,0,0.0,0,0,0,0,,,0,0.0,periferico
ES_08111,08111,Malla,24.13315582,266.0,0,0,0.0,0.0,0,0.0,0,0,0,0,,,0,0.0,periferico
ES_08112,08112,Manlleu,1225.89937788,21182.0,0,0,0.0,0.0,0,0.0,0,0,0,0,,,0,0.0,periferico
ES_08114,08114,Martorell,2231.86151564,28643.0,0,0,0.0,0.0,0,0.0,0,0,0,0,,,0,0.0,periferico
ES_08116,08116,"Masies de Roda, Les",46.04326162,745.0,0,0,0.0,0.0,0,0.0,0,0,0,0,,,0,0.0,periferico
ES_12055,12055,Xodos,2.64301575,117.0,0,0,0.0,0.0,0,0.0,0,0,0,0,,,0,0.0,periferico
ES_06159,06159,Zahínos,60.10354223,2767.0,0,0,0.0,0.0,0,0.0,0,0,0,0,,,0,0.0,periferico
ES_14027,14027,Fernán-Núñez,315.30424275,9612.0,0,0,0.0,0.0,0,0.0,0,0,0,0,,,0,0.0,periferico
ES_17115,17115,Ordis,46.38778616,393.0,0,0,0.0,0.0,0,0.0,0,0,0,0,,,0,0.0,periferico
ES_17116,17116,Osor,8.15187145,422.0,0,0,0.0,0.0,0,0.0,0,0,0,0,,,0,0.0,periferico
ES_17119,17119,Palau de Santa Eulàlia,14.75422595,128.0,0,0,0.0,0.0,0,0.0,0,0,0,0,,,0,0.0,periferico
ES_17168,17168,Sant Joan de Mollet,161.13487347,521.0,0,0,0.0,0.0,0,0.0,0,0,0,0,,,0,0.0,periferico
ES_17174,17174,Sant Miquel de Campmajor,7.3418913,247.0,0,0,0.0,0.0,0,0.0,0,0,0,0,,,0,0.0,periferico
ES_10182,10182,Toril,1.10850505,166.0,0,0,0.0,0.0,0,0.0,0,0,0,0,,,0,0.0,periferico
ES_10186,10186,Torrecillas de la Tiesa,7.56607167,1056.0,0,0,0.0,0.0,0,0.0,0,0,0,0,,,0,0.0,periferico
ES_12065,12065,Gaibiel,10.91336242,197.0,0,0,0.0,0.0,0,0.0,0,0,0,0,,,0,0.0,periferico
ES_07004,07004,Algaida,69.39248656,6230.0,0,0,0.0,0.0,0,0.0,0,0,0,0,,,0,0.0,periferico
ES_07005,07005,Andratx,148.57874492,12096.0,0,0,0.0,0.0,0,0.0,0,0,0,0,,,0,0.0,periferico
ES_07006,07006,Artà,59.55365061,8324.0,0,0,0.0,0.0,0,0.0,0,0,0,0,,,0,0.0,periferico
ES_07008,07008,Binissalem,309.66816259,9225.0,0,0,0.0,0.0,0,0.0,0,0,0,0,,,0,0.0,periferico
ES_22213,22213,Sariñena,14.85087023,4093.0,0,0,0.0,0.0,0,0.0,0,0,0,0,,,0,0.0,periferico
ES_49126,49126,Moraleja de Sayago,8.87614523,299.0,0,0,0.0,0.0,0,0.0,0,0,0,0,,,0,0.0,periferico
ES_22062,22062,Bisaurri,2.90893217,183.0,0,0,0.0,0.0,0,0.0,0,0,0,0,,,0,0.0,periferico
ES_09009,09009,Albillos,17.9361147,222.0,0,0,0.0,0.0,0,0.0,0,0,0,0,,,0,0.0,periferico
ES_09258,09258,Pedrosa del Príncipe,5.9469924,169.0,0,0,0.0,0.0,0,0.0,0,0,0,0,,,0,0.0,periferico
ES_09268,09268,Pinilla de los Barruecos,3.07390682,100.0,0,0,0.0,0.0,0,0.0,0,0,0,0,,,0,0.0,periferico
ES_10114,10114,Majadas,24.87862276,1293.0,0,0,0.0,0.0,0,0.0,0,0,0,0,,,0,0.0,periferico
ES_10115,10115,Malpartida de Cáceres,126.9625911,4086.0,0,0,0.0,0.0,0,0.0,0,0,0,0,,,0,0.0,periferico
ES_09272,09272,Poza de la Sal,3.49128798,286.0,0,0,0.0,0.0,0,0.0,0,0,0,0,,,0,0.0,periferico
ES_09273,09273,Prádanos de Bureba,5.55908988,60.0,0,0,0.0,0.0,0,0.0,0,0,0,0,,,0,0.0,periferico
ES_09274,09274,Pradoluengo,35.28684807,1078.0,0,0,0.0,0.0,0,0.0,0,0,0,0,,,0,0.0,periferico
ES_16161,16161,Piqueras del Castillo,1.04647379,48.0,0,0,0.0,0.0,0,0.0,0,0,0,0,,,0,0.0,periferico
ES_10127,10127,Montehermoso,58.35804938,5629.0,0,0,0.0,0.0,0,0.0,0,0,0,0,,,0,0.0,periferico
ES_10133,10133,Navas del Madroño,11.0909576,1245.0,0,0,0.0,0.0,0,0.0,0,0,0,0,,,0,0.0,periferico
ES_08152,08152,Orpí,10.72694248,164.0,0,0,0.0,0.0,0,0.0,0,0,0,0,,,0,0.0,periferico
ES_06012,06012,Arroyo de San Serván,80.66627803,4041.0,0,0,0.0,0.0,0,0.0,0,0,0,0,,,0,0.0,periferico
ES_07031,07031,Llucmajor,119.61548023,39156.0,0,0,0.0,0.0,0,0.0,0,0,0,0,,,0,0.0,periferico
ES_08164,08164,"Pla del Penedès, El",138.50279729,1316.0,0,0,0.0,0.0,0,0.0,0,0,0,0,,,0,0.0,periferico
ES_06021,06021,Bodonal de la Sierra,14.61664389,999.0,0,0,0.0,0.0,0,0.0,0,0,0,0,,,0,0.0,periferico
ES_23901,23901,Cárcheles,32.0695476,1299.0,0,0,0.0,0.0,0,0.0,0,0,0,0,,,0,0.0,periferico
ES_21058,21058,Puebla de Guzmán,9.34494969,3142.0,0,0,0.0,0.0,0,0.0,0,0,0,0,,,0,0.0,periferico
ES_47094,47094,Moral de la Reina,3.43843721,146.0,0,0,0.0,0.0,0,0.0,0,0,0,0,,,0,0.0,periferico
ES_25112,25112,Ivars de Noguera,12.18140996,333.0,0,0,0.0,0.0,0,0.0,0,0,0,0,,,0,0.0,periferico
ES_40029,40029,Bercimuel,2.79181304,34.0,0,0,0.0,0.0,0,0.0,0,0,0,0,,,0,0.0,periferico
ES_28002,28002,Ajalvir,245.96563334,4875.0,0,0,0.0,0.0,0,0.0,0,0,0,0,,,0,0.0,periferico
ES_37244,37244,Peñacaballera,24.77439727,155.0,0,0,0.0,0.0,0,0.0,0,0,0,0,,,0,0.0,periferico
ES_43155,43155,Tortosa,159.05498488,34864.0,0,0,0.0,0.0,0,0.0,0,0,0,0,,,0,0.0,periferico
ES_37325,37325,"Tornadizo, El",7.60487196,87.0,0,0,0.0,0.0,0,0.0,0,0,0,0,,,0,0.0,periferico
ES_09047,09047,Belbimbre,5.47208364,56.0,0,0,0.0,0.0,0,0.0,0,0,0,0,,,0,0.0,periferico
ES_09052,09052,Berzosa de Bureba,3.31132921,26.0,0,0,0.0,0.0,0,0.0,0,0,0,0,,,0,0.0,periferico
ES_09058,09058,Buniel,46.95392775,624.0,0,0,0.0,0.0,0,0.0,0,0,0,0,,,0,0.0,periferico
ES_16189,16189,Salvacañete,2.47753846,298.0,0,0,0.0,0.0,0,0.0,0,0,0,0,,,0,0.0,periferico
ES_16194,16194,Santa Cruz de Moya,2.03167262,225.0,0,0,0.0,0.0,0,0.0,0,0,0,0,,,0,0.0,periferico
ES_10154,10154,Rebollar,17.40137118,200.0,0,0,0.0,0.0,0,0.0,0,0,0,0,,,0,0.0,periferico
ES_09067,09067,Canicosa de la Sierra,14.28313685,422.0,0,0,0.0,0.0,0,0.0,0,0,0,0,,,0,0.0,periferico
ES_07047,07047,Sencelles,73.31307942,3876.0,0,0,0.0,0.0,0,0.0,0,0,0,0,,,0,0.0,periferico
ES_07048,07048,Sant Josep de sa Talaia,190.50316678,30340.0,0,0,0.0,0.0,0,0.0,0,0,0,0,,,0,0.0,periferico
ES_06031,06031,Carmonita,13.24074338,519.0,0,0,0.0,0.0,0,0.0,0,0,0,0,,,0,0.0,periferico
ES_06032,06032,"Carrascalejo, El",6.33983279,81.0,0,0,0.0,0.0,0,0.0,0,0,0,0,,,0,0.0,periferico
ES_07061,07061,Sóller,321.10610021,13747.0,0,0,0.0,0.0,0,0.0,0,0,0,0,,,0,0.0,periferico
ES_10192,10192,Torremocha,11.68579297,746.0,0,0,0.0,0.0,0,0.0,0,0,0,0,,,0,0.0,periferico
ES_25098,25098,Gavet de la Conca,2.86685502,261.0,0,0,0.0,0.0,0,0.0,0,0,0,0,,,0,0.0,periferico
ES_46071,46071,Bicorp,4.01438127,548.0,0,0,0.0,0.0,0,0.0,0,0,0,0,,,0,0.0,periferico
ES_28149,28149,Torrejón de la Calzada,1135.88925707,10200.0,0,0,0.0,0.0,0,0.0,0,0,0,0,,,0,0.0,periferico
ES_49187,49187,San Cristóbal de Entreviñas,31.65674449,1346.0,0,0,0.0,0.0,0,0.0,0,0,0,0,,,0,0.0,periferico
ES_09332,09332,Saldaña de Burgos,25.06833256,204.0,0,0,0.0,0.0,0,0.0,0,0,0,0,,,0,0.0,periferico
ES_16203,16203,Tarancón,153.30657114,16331.0,0,0,0.0,0.0,0,0.0,0,0,0,0,,,0,0.0,periferico
ES_09082,09082,Castildelgado,7.07088773,35.0,0,0,0.0,0.0,0,0.0,0,0,0,0,,,0,0.0,periferico
ES_15018,15018,"Capela, A",20.74549202,1187.0,0,0,0.0,0.0,0,0.0,0,0,0,0,,,0,0.0,periferico
ES_15076,15076,San Sadurniño,27.94821915,2761.0,0,0,0.0,0.0,0,0.0,0,0,0,0,,,0,0.0,periferico
ES_42057,42057,Castilruiz,4.09428707,159.0,0,0,0.0,0.0,0,0.0,0,0,0,0,,,0,0.0,periferico
ES_34190,34190,Valderrábano,1.7011194,49.0,0,0,0.0,0.0,0,0.0,0,0,0,0,,,0,0.0,periferico
ES_09339,09339,San Martín de Rubiales,7.47543507,145.0,0,0,0.0,0.0,0,0.0,0,0,0,0,,,0,0.0,periferico
ES_09346,09346,Santa Cruz del Valle Urbión,2.97752674,101.0,0,0,0.0,0.0,0,0.0,0,0,0,0,,,0,0.0,periferico
ES_16242,16242,Villaconejos de Trabaque,10.45258114,333.0,0,0,0.0,0.0,0,0.0,0,0,0,0,,,0,0.0,periferico
ES_16246,16246,Villalba del Rey,5.14209555,489.0,0,0,0.0,0.0,0,0.0,0,0,0,0,,,0,0.0,periferico
ES_16250,16250,Villanueva de Guadamejud,2.02728759,62.0,0,0,0.0,0.0,0,0.0,0,0,0,0,,,0,0.0,periferico
ES_08210,08210,Sant Feliu de Codines,432.1542841,6496.0,0,0,0.0,0.0,0,0.0,0,0,0,0,,,0,0.0,periferico
ES_16265,16265,Villarejo de la Peñuela,1.76693709,23.0,0,0,0.0,0.0,0,0.0,0,0,0,0,,,0,0.0,periferico
ES_09124,09124,Espinosa de los Monteros,11.88711576,1632.0,0,0,0.0,0.0,0,0.0,0,0,0,0,,,0,0.0,periferico
ES_12026,12026,Benassal,12.90122826,1027.0,0,0,0.0,0.0,0,0.0,0,0,0,0,,,0,0.0,periferico
ES_08232,08232,Sant Pere de Riudebitlles,462.08686256,2466.0,0,0,0.0,0.0,0,0.0,0,0,0,0,,,0,0.0,periferico
ES_08236,08236,Sant Quintí de Mediona,174.39722052,2415.0,0,0,0.0,0.0,0,0.0,0,0,0,0,,,0,0.0,periferico
ES_10041,10041,Caminomorisco,7.73999586,1140.0,0,0,0.0,0.0,0,0.0,0,0,0,0,,,0,0.0,periferico
ES_08242,08242,Marganell,22.23858173,297.0,0,0,0.0,0.0,0,0.0,0,0,0,0,,,0,0.0,periferico
ES_08249,08249,Santa Fe del Penedès,109.37467832,362.0,0,0,0.0,0.0,0,0.0,0,0,0,0,,,0,0.0,periferico
ES_09169,09169,Hortigüela,5.18231579,107.0,0,0,0.0,0.0,0,0.0,0,0,0,0,,,0,0.0,periferico
ES_10052,10052,Casas de Don Antonio,6.05305066,190.0,0,0,0.0,0.0,0,0.0,0,0,0,0,,,0,0.0,periferico
ES_17076,17076,Garrigoles,21.02700133,190.0,0,0,0.0,0.0,0,0.0,0,0,0,0,,,0,0.0,periferico
ES_10001,10001,Abadía,7.51440451,339.0,0,0,0.0,0.0,0,0.0,0,0,0,0,,,0,0.0,periferico
ES_10004,10004,Acehúche,8.78030729,800.0,0,0,0.0,0.0,0,0.0,0,0,0,0,,,0,0.0,periferico
ES_08256,08256,Santa Maria de Martorelles,198.43726603,882.0,0,0,0.0,0.0,0,0.0,0,0,0,0,,,0,0.0,periferico
ES_08261,08261,Santa Susanna,303.67006166,3854.0,0,0,0.0,0.0,0,0.0,0,0,0,0,,,0,0.0,periferico
ES_09174,09174,Huerta de Rey,8.98809898,879.0,0,0,0.0,0.0,0,0.0,0,0,0,0,,,0,0.0,periferico
ES_09198,09198,Mahamud,3.01160323,101.0,0,0,0.0,0.0,0,0.0,0,0,0,0,,,0,0.0,periferico
ES_08282,08282,Tiana,1161.47696106,9220.0,0,0,0.0,0.0,0,0.0,0,0,0,0,,,0,0.0,periferico
ES_09466,09466,Villaverde del Monte,3.05578031,114.0,0,0,0.0,0.0,0,0.0,0,0,0,0,,,0,0.0,periferico
ES_49247,49247,Villalcampo,6.06857873,393.0,0,0,0.0,0.0,0,0.0,0,0,0,0,,,0,0.0,periferico
ES_10031,10031,Botija,9.7502613,184.0,0,0,0.0,0.0,0,0.0,0,0,0,0,,,0,0.0,periferico
ES_09360,09360,San Vicente del Valle,2.23379999,30.0,0,0,0.0,0.0,0,0.0,0,0,0,0,,,0,0.0,periferico
ES_18068,18068,Dílar,28.55670886,2264.0,0,0,0.0,0.0,0,0.0,0,0,0,0,,,0,0.0,periferico
ES_16108,16108,Huelves,2.28713612,90.0,0,0,0.0,0.0,0,0.0,0,0,0,0,,,0,0.0,periferico
ES_06161,06161,Zarza-Capilla,3.23910277,298.0,0,0,0.0,0.0,0,0.0,0,0,0,0,,,0,0.0,periferico
ES_07009,07009,Búger,138.97991098,1152.0,0,0,0.0,0.0,0,0.0,0,0,0,0,,,0,0.0,periferico
ES_08038,08038,Callús,169.32778887,2100.0,0,0,0.0,0.0,0,0.0,0,0,0,0,,,0,0.0,periferico
ES_08086,08086,"Franqueses del Vallès, Les",690.62321863,20493.0,0,0,0.0,0.0,0,0.0,0,0,0,0,,,0,0.0,periferico
ES_08185,08185,Rubió,5.33330069,256.0,0,0,0.0,0.0,0,0.0,0,0,0,0,,,0,0.0,periferico
ES_05254,05254,Velayos,10.32475962,211.0,0,0,0.0,0.0,0,0.0,0,0,0,0,,,0,0.0,periferico
ES_31049,31049,Basaburua,10.1291415,841.0,0,0,0.0,0.0,0,0.0,0,0,0,0,,,0,0.0,periferico
ES_31085,31085,Etxauri,46.20226997,651.0,0,0,0.0,0.0,0,0.0,0,0,0,0,,,0,0.0,periferico
ES_50159,50159,Maluenda,22.48083418,901.0,0,0,0.0,0.0,0,0.0,0,0,0,0,,,0,0.0,periferico
ES_43104,43104,"Perelló, El",28.94534472,2913.0,0,0,0.0,0.0,0,0.0,0,0,0,0,,,0,0.0,periferico
ES_28018,28018,Becerril de la Sierra,211.18357865,6267.0,0,0,0.0,0.0,0,0.0,0,0,0,0,,,0,0.0,periferico
ES_46154,46154,Llanera de Ranes,111.59818946,1053.0,0,0,0.0,0.0,0,0.0,0,0,0,0,,,0,0.0,periferico
ES_18171,18171,Salar,31.01176101,2616.0,0,0,0.0,0.0,0,0.0,0,0,0,0,,,0,0.0,periferico
ES_34082,34082,Hérmedes de Cerrato,2.28873242,74.0,0,0,0.0,0.0,0,0.0,0,0,0,0,,,0,0.0,periferico
ES_47097,47097,Mota del Marqués,10.6543613,334.0,0,0,0.0,0.0,0,0.0,0,0,0,0,,,0,0.0,periferico
ES_26006,26006,Alberite,129.72677748,2627.0,0,0,0.0,0.0,0,0.0,0,0,0,0,,,0,0.0,periferico
ES_26035,26035,Cabezón de Cameros,1.91524577,23.0,0,0,0.0,0.0,0,0.0,0,0,0,0,,,0,0.0,periferico
ES_31029,31029,"Arcos, Los",19.91107101,1148.0,0,0,0.0,0.0,0,0.0,0,0,0,0,,,0,0.0,periferico
ES_31058,31058,Auritz,12.15190507,233.0,0,0,0.0,0.0,0,0.0,0,0,0,0,,,0,0.0,periferico
ES_36008,36008,Cangas,703.92296489,26808.0,0,0,0.0,0.0,0,0.0,0,0,0,0,,,0,0.0,periferico
ES_36040,36040,Portas,124.41326419,2824.0,0,0,0.0,0.0,0,0.0,0,0,0,0,,,0,0.0,periferico
ES_49116,49116,Melgar de Tera,8.65283549,354.0,0,0,0.0,0.0,0,0.0,0,0,0,0,,,0,0.0,periferico
ES_23035,23035,Fuerte del Rey,38.56849595,1354.0,0,0,0.0,0.0,0,0.0,0,0,0,0,,,0,0.0,periferico
ES_39027,39027,Campoo de Enmedio,41.20366537,3759.0,0,0,0.0,0.0,0,0.0,0,0,0,0,,,0,0.0,periferico
ES_22239,22239,Tramaced,7.20120003,111.0,0,0,0.0,0.0,0,0.0,0,0,0,0,,,0,0.0,periferico
ES_49006,49006,Algodre,7.80498319,142.0,0,0,0.0,0.0,0,0.0,0,0,0,0,,,0,0.0,periferico
ES_23069,23069,Porcuna,34.05939084,5979.0,0,0,0.0,0.0,0,0.0,0,0,0,0,,,0,0.0,periferico
ES_23086,23086,Torredelcampo,76.18323838,13871.0,0,0,0.0,0.0,0,0.0,0,0,0,0,,,0,0.0,periferico
ES_24015,24015,Benavides,31.93730767,2365.0,0,0,0.0,0.0,0,0.0,0,0,0,0,,,0,0.0,periferico
ES_26101,26101,Muro en Cameros,2.50088897,40.0,0,0,0.0,0.0,0,0.0,0,0,0,0,,,0,0.0,periferico
ES_26134,26134,Santa Coloma,4.89157564,99.0,0,0,0.0,0.0,0,0.0,0,0,0,0,,,0,0.0,periferico
ES_43010,43010,Alió,70.36237975,512.0,0,0,0.0,0.0,0,0.0,0,0,0,0,,,0,0.0,periferico
ES_43037,43037,Calafell,1505.40961403,30482.0,0,0,0.0,0.0,0,0.0,0,0,0,0,,,0,0.0,periferico
ES_31102,31102,Ezkurra,6.03560848,143.0,0,0,0.0,0.0,0,0.0,0,0,0,0,,,0,0.0,periferico
ES_31131,31131,Iza,25.81771803,1330.0,0,0,0.0,0.0,0,0.0,0,0,0,0,,,0,0.0,periferico
ES_31157,31157,Lodosa,107.67255197,4881.0,0,0,0.0,0.0,0,0.0,0,0,0,0,,,0,0.0,periferico
ES_45176,45176,Ugena,370.61182977,5750.0,0,0,0.0,0.0,0,0.0,0,0,0,0,,,0,0.0,periferico
ES_49151,49151,"Perdigón, El",13.15616673,674.0,0,0,0.0,0.0,0,0.0,0,0,0,0,,,0,0.0,periferico
ES_49184,49184,Samir de los Caños,4.50909328,165.0,0,0,0.0,0.0,0,0.0,0,0,0,0,,,0,0.0,periferico
ES_49226,49226,Vadillo de la Guareña,5.74995647,254.0,0,0,0.0,0.0,0,0.0,0,0,0,0,,,0,0.0,periferico
ES_50157,50157,Malón,75.56800581,428.0,0,0,0.0,0.0,0,0.0,0,0,0,0,,,0,0.0,periferico
ES_39094,39094,Valderredible,3.2325643,965.0,0,0,0.0,0.0,0,0.0,0,0,0,0,,,0,0.0,periferico
ES_43055,43055,Falset,88.40890691,2829.0,0,0,0.0,0.0,0,0.0,0,0,0,0,,,0,0.0,periferico
ES_43083,43083,"Milà, El",43.15737267,180.0,0,0,0.0,0.0,0,0.0,0,0,0,0,,,0,0.0,periferico
ES_43113,43113,"Pont d'Armentera, El",22.87355244,494.0,0,0,0.0,0.0,0,0.0,0,0,0,0,,,0,0.0,periferico
ES_43134,43134,"Rourell, El",167.33631243,387.0,0,0,0.0,0.0,0,0.0,0,0,0,0,,,0,0.0,periferico
ES_46028,46028,Algar de Palancia,40.17241312,528.0,0,0,0.0,0.0,0,0.0,0,0,0,0,,,0,0.0,periferico
ES_46076,46076,Bugarra,19.50440969,786.0,0,0,0.0,0.0,0,0.0,0,0,0,0,,,0,0.0,periferico
ES_19298,19298,Valdearenas,5.56627782,86.0,0,0,0.0,0.0,0,0.0,0,0,0,0,,,0,0.0,periferico
ES_19333,19333,Zaorejas,0.61345616,116.0,0,0,0.0,0.0,0,0.0,0,0,0,0,,,0,0.0,periferico
ES_20041,20041,Hernialde,74.36967003,312.0,0,0,0.0,0.0,0,0.0,0,0,0,0,,,0,0.0,periferico
ES_37051,37051,Berrocal de Salvatierra,2.35565298,72.0,0,0,0.0,0.0,0,0.0,0,0,0,0,,,0,0.0,periferico
ES_24025,24025,Burón,1.86449327,294.0,0,0,0.0,0.0,0,0.0,0,0,0,0,,,0,0.0,periferico
ES_26176,26176,Villaverde de Rioja,12.98969481,76.0,0,0,0.0,0.0,0,0.0,0,0,0,0,,,0,0.0,periferico
ES_31216,31216,Sangüesa,71.69227502,4877.0,0,0,0.0,0.0,0,0.0,0,0,0,0,,,0,0.0,periferico
ES_37106,37106,Cipérez,2.31228755,242.0,0,0,0.0,0.0,0,0.0,0,0,0,0,,,0,0.0,periferico
ES_37135,37135,"Fuente de San Esteban, La",16.68606577,1286.0,0,0,0.0,0.0,0,0.0,0,0,0,0,,,0,0.0,periferico
ES_37174,37174,Macotera,30.50597396,1004.0,0,0,0.0,0.0,0,0.0,0,0,0,0,,,0,0.0,periferico
ES_24080,24080,Grajal de Campos,8.74863044,222.0,0,0,0.0,0.0,0,0.0,0,0,0,0,,,0,0.0,periferico
ES_24116,24116,Posada de Valdeón,2.57125407,422.0,0,0,0.0,0.0,0,0.0,0,0,0,0,,,0,0.0,periferico
ES_24154,24154,Santa Elena de Jamuz,16.73718025,1044.0,0,0,0.0,0.0,0,0.0,0,0,0,0,,,0,0.0,periferico
ES_40087,40087,Fuentepiñel,5.90513181,71.0,0,0,0.0,0.0,0,0.0,0,0,0,0,,,0,0.0,periferico
ES_40125,40125,"Matilla, La",9.79363168,73.0,0,0,0.0,0.0,0,0.0,0,0,0,0,,,0,0.0,periferico
ES_27044,27044,"Pastoriza, A",16.08026393,2814.0,0,0,0.0,0.0,0,0.0,0,0,0,0,,,0,0.0,periferico
ES_28007,28007,Alcorcón,5142.04788661,172845.0,0,0,0.0,0.0,0,0.0,0,0,0,0,,,0,0.0,periferico
ES_28046,28046,Collado Mediano,336.12849497,7463.0,0,0,0.0,0.0,0,0.0,0,0,0,0,,,0,0.0,periferico
ES_43172,43172,Vilaverd,38.13158776,477.0,0,0,0.0,0.0,0,0.0,0,0,0,0,,,0,0.0,periferico
ES_47181,47181,Valdenebro de los Valles,4.60934239,194.0,0,0,0.0,0.0,0,0.0,0,0,0,0,,,0,0.0,periferico
ES_16129,16129,Montalbanejo,1.49966814,89.0,0,0,0.0,0.0,0,0.0,0,0,0,0,,,0,0.0,periferico
ES_08281,08281,Teià,994.12263747,6682.0,0,0,0.0,0.0,0,0.0,0,0,0,0,,,0,0.0,periferico
ES_08002,08002,Aguilar de Segarra,6.77085294,293.0,0,0,0.0,0.0,0,0.0,0,0,0,0,,,0,0.0,periferico
ES_47223,47223,Villardefrades,3.94876578,143.0,0,0,0.0,0.0,0,0.0,0,0,0,0,,,0,0.0,periferico
ES_48025,48025,Zeberio,22.71702983,1083.0,0,0,0.0,0.0,0,0.0,0,0,0,0,,,0,0.0,periferico
ES_44034,44034,Bañón,2.76395372,150.0,0,0,0.0,0.0,0,0.0,0,0,0,0,,,0,0.0,periferico
ES_44062,44062,Cañada Vellida,1.71603011,40.0,0,0,0.0,0.0,0,0.0,0,0,0,0,,,0,0.0,periferico
ES_44105,44105,Fórnoles,2.60604849,85.0,0,0,0.0,0.0,0,0.0,0,0,0,0,,,0,0.0,periferico
ES_31250,31250,Bera,107.65161034,3811.0,0,0,0.0,0.0,0,0.0,0,0,0,0,,,0,0.0,periferico
ES_32006,32006,Bande,14.93730559,1478.0,0,0,0.0,0.0,0,0.0,0,0,0,0,,,0,0.0,periferico
ES_32032,32032,Xinzo de Limia,71.80244456,9525.0,0,0,0.0,0.0,0,0.0,0,0,0,0,,,0,0.0,periferico
ES_32047,32047,"Merca, A",38.54887345,1967.0,0,0,0.0,0.0,0,0.0,0,0,0,0,,,0,0.0,periferico
ES_46123,46123,Favara,281.21010272,2664.0,0,0,0.0,0.0,0,0.0,0,0,0,0,,,0,0.0,periferico
ES_20050,20050,Leaburu,69.29317975,392.0,0,0,0.0,0.0,0,0.0,0,0,0,0,,,0,0.0,periferico
ES_20078,20078,Zaldibia,105.48867517,1734.0,0,0,0.0,0.0,0,0.0,0,0,0,0,,,0,0.0,periferico
ES_33027,33027,Grandas de Salime,6.69493422,766.0,0,0,0.0,0.0,0,0.0,0,0,0,0,,,0,0.0,periferico
ES_33061,33061,San Martín de Oscos,5.06687552,343.0,0,0,0.0,0.0,0,0.0,0,0,0,0,,,0,0.0,periferico
ES_34024,34024,Baquerín de Campos,1.13133713,25.0,0,0,0.0,0.0,0,0.0,0,0,0,0,,,0,0.0,periferico
ES_47004,47004,Alaejos,13.46639408,1380.0,0,0,0.0,0.0,0,0.0,0,0,0,0,,,0,0.0,periferico
ES_21013,21013,Bollullos Par del Condado,291.92612878,14389.0,0,0,0.0,0.0,0,0.0,0,0,0,0,,,0,0.0,periferico
ES_21053,21053,Niebla,19.04895542,4257.0,0,0,0.0,0.0,0,0.0,0,0,0,0,,,0,0.0,periferico
ES_21079,21079,Zufre,2.21266887,754.0,0,0,0.0,0.0,0,0.0,0,0,0,0,,,0,0.0,periferico
ES_37185,37185,Castellanos de Villiquera,23.74321665,686.0,0,0,0.0,0.0,0,0.0,0,0,0,0,,,0,0.0,periferico
ES_24182,24182,Valderrey,7.12065001,429.0,0,0,0.0,0.0,0,0.0,0,0,0,0,,,0,0.0,periferico
ES_24216,24216,Villamontán de la Valduerna,12.11396678,690.0,0,0,0.0,0.0,0,0.0,0,0,0,0,,,0,0.0,periferico
ES_28075,28075,Loeches,206.68111161,9153.0,0,0,0.0,0.0,0,0.0,0,0,0,0,,,0,0.0,periferico
ES_37249,37249,Peralejos de Arriba,1.07022592,35.0,0,0,0.0,0.0,0,0.0,0,0,0,0,,,0,0.0,periferico
ES_37279,37279,Sancti-Spíritus,5.23637539,743.0,0,0,0.0,0.0,0,0.0,0,0,0,0,,,0,0.0,periferico
ES_37312,37312,Sorihuela,12.54173592,257.0,0,0,0.0,0.0,0,0.0,0,0,0,0,,,0,0.0,periferico
ES_24226,24226,Villaselán,3.21886213,182.0,0,0,0.0,0.0,0,0.0,0,0,0,0,,,0,0.0,periferico
ES_25022,25022,Alòs de Balaguer,1.64996042,114.0,0,0,0.0,0.0,0,0.0,0,0,0,0,,,0,0.0,periferico
ES_25059,25059,Bossòst,40.79979269,1138.0,0,0,0.0,0.0,0,0.0,0,0,0,0,,,0,0.0,periferico
ES_25094,25094,Foradada,6.40012916,185.0,0,0,0.0,0.0,0,0.0,0,0,0,0,,,0,0.0,periferico
ES_41026,41026,Casariche,100.26172526,5306.0,0,0,0.0,0.0,0,0.0,0,0,0,0,,,0,0.0,periferico
ES_41047,41047,Gines,4626.74884671,13516.0,0,0,0.0,0.0,0,0.0,0,0,0,0,,,0,0.0,periferico
ES_50293,50293,Villarroya de la Sierra,4.70318585,431.0,0,0,0.0,0.0,0,0.0,0,0,0,0,,,0,0.0,periferico
ES_41057,41057,"Madroño, El",2.8848693,297.0,0,0,0.0,0.0,0,0.0,0,0,0,0,,,0,0.0,periferico
ES_41088,41088,San Nicolás del Puerto,13.46275065,605.0,0,0,0.0,0.0,0,0.0,0,0,0,0,,,0,0.0,periferico
ES_42016,42016,Aliud,1.18893344,21.0,0,0,0.0,0.0,0,0.0,0,0,0,0,,,0,0.0,periferico
ES_44197,44197,Ródenas,1.37838655,61.0,0,0,0.0,0.0,0,0.0,0,0,0,0,,,0,0.0,periferico
ES_44226,44226,Torrelacárcel,3.80326227,135.0,0,0,0.0,0.0,0,0.0,0,0,0,0,,,0,0.0,periferico
ES_44266,44266,Visiedo,2.26902652,126.0,0,0,0.0,0.0,0,0.0,0,0,0,0,,,0,0.0,periferico
ES_16205,16205,Tejadillos,1.6910734,107.0,0,0,0.0,0.0,0,0.0,0,0,0,0,,,0,0.0,periferico
ES_18163,18163,Pórtugos,18.74373899,387.0,0,0,0.0,0.0,0,0.0,0,0,0,0,,,0,0.0,periferico
ES_18901,18901,"Taha, La",30.53178526,787.0,0,0,0.0,0.0,0,0.0,0,0,0,0,,,0,0.0,periferico
ES_19013,19013,Alcoroches,4.12647002,133.0,0,0,0.0,0.0,0,0.0,0,0,0,0,,,0,0.0,periferico
ES_34047,34047,Carrión de los Condes,31.78980106,2013.0,0,0,0.0,0.0,0,0.0,0,0,0,0,,,0,0.0,periferico
ES_34089,34089,Itero de la Vega,6.93050435,145.0,0,0,0.0,0.0,0,0.0,0,0,0,0,,,0,0.0,periferico
ES_47037,47037,Castrejón de Trabancos,5.99577422,181.0,0,0,0.0,0.0,0,0.0,0,0,0,0,,,0,0.0,periferico
ES_22089,22089,Castillonroy,8.83768116,332.0,0,0,0.0,0.0,0,0.0,0,0,0,0,,,0,0.0,periferico
ES_22135,22135,Laluenga,5.51216199,201.0,0,0,0.0,0.0,0,0.0,0,0,0,0,,,0,0.0,periferico
ES_22187,22187,"Puebla de Castro, La",14.2375837,419.0,0,0,0.0,0.0,0,0.0,0,0,0,0,,,0,0.0,periferico
ES_37329,37329,Tremedal de Tormes,1.10604325,37.0,0,0,0.0,0.0,0,0.0,0,0,0,0,,,0,0.0,periferico
ES_37362,37362,Villares de la Reina,303.75162569,6568.0,0,0,0.0,0.0,0,0.0,0,0,0,0,,,0,0.0,periferico
ES_25125,25125,Llardecans,6.31235395,418.0,0,0,0.0,0.0,0,0.0,0,0,0,0,,,0,0.0,periferico
ES_29032,29032,Campillos,44.87440908,8435.0,0,0,0.0,0.0,0,0.0,0,0,0,0,,,0,0.0,periferico
ES_10112,10112,Madrigalejo,16.92811809,1711.0,0,0,0.0,0.0,0,0.0,0,0,0,0,,,0,0.0,periferico
ES_10131,10131,Navalmoral de la Mata,108.29240985,16891.0,0,0,0.0,0.0,0,0.0,0,0,0,0,,,0,0.0,periferico
ES_08203,08203,Sant Cebrià de Vallalta,241.08800632,3791.0,0,0,0.0,0.0,0,0.0,0,0,0,0,,,0,0.0,periferico
ES_08223,08223,Sant Llorenç Savall,61.47726982,2533.0,0,0,0.0,0.0,0,0.0,0,0,0,0,,,0,0.0,periferico
ES_09026,09026,Arlanzón,5.56961743,433.0,0,0,0.0,0.0,0,0.0,0,0,0,0,,,0,0.0,periferico
ES_09056,09056,Briviesca,78.84217876,6401.0,0,0,0.0,0.0,0,0.0,0,0,0,0,,,0,0.0,periferico
ES_09109,09109,Condado de Treviño,5.67850802,1479.0,0,0,0.0,0.0,0,0.0,0,0,0,0,,,0,0.0,periferico
ES_09133,09133,Fresno de Rodilla,3.87132081,47.0,0,0,0.0,0.0,0,0.0,0,0,0,0,,,0,0.0,periferico
ES_09294,09294,Quintanilla de la Mata,8.20647015,112.0,0,0,0.0,0.0,0,0.0,0,0,0,0,,,0,0.0,periferico
ES_09347,09347,Santa Gadea del Cid,5.64281407,164.0,0,0,0.0,0.0,0,0.0,0,0,0,0,,,0,0.0,periferico
ES_12132,12132,Vilanova d'Alcolea,8.59796466,588.0,0,0,0.0,0.0,0,0.0,0,0,0,0,,,0,0.0,periferico
ES_13025,13025,Cabezarados,3.83276314,308.0,0,0,0.0,0.0,0,0.0,0,0,0,0,,,0,0.0,periferico
ES_13044,13044,Fuente el Fresno,25.7166358,3072.0,0,0,0.0,0.0,0,0.0,0,0,0,0,,,0,0.0,periferico
ES_13050,13050,"Labores, Las",16.06868111,548.0,0,0,0.0,0.0,0,0.0,0,0,0,0,,,0,0.0,periferico
ES_13054,13054,Membrilla,40.44493268,5827.0,0,0,0.0,0.0,0,0.0,0,0,0,0,,,0,0.0,periferico
ES_13063,13063,Piedrabuena,7.71311512,4360.0,0,0,0.0,0.0,0,0.0,0,0,0,0,,,0,0.0,periferico
ES_13095,13095,Villar del Pozo,4.19299221,55.0,0,0,0.0,0.0,0,0.0,0,0,0,0,,,0,0.0,periferico
ES_14028,14028,Fuente la Lancha,45.31750034,354.0,0,0,0.0,0.0,0,0.0,0,0,0,0,,,0,0.0,periferico
ES_14069,14069,Villanueva de Córdoba,19.69329734,8459.0,0,0,0.0,0.0,0,0.0,0,0,0,0,,,0,0.0,periferico
ES_17012,17012,Avinyonet de Puigventós,134.93677182,1684.0,0,0,0.0,0.0,0,0.0,0,0,0,0,,,0,0.0,periferico
ES_17058,17058,Crespià,21.37790115,242.0,0,0,0.0,0.0,0,0.0,0,0,0,0,,,0,0.0,periferico
ES_50210,50210,"Pintanos, Los",0.50221853,40.0,0,0,0.0,0.0,0,0.0,0,0,0,0,,,0,0.0,periferico
ES_50241,50241,Sabiñán,43.30162278,673.0,0,0,0.0,0.0,0,0.0,0,0,0,0,,,0,0.0,periferico
ES_50269,50269,Urrea de Jalón,17.10974882,439.0,0,0,0.0,0.0,0,0.0,0,0,0,0,,,0,0.0,periferico
ES_19254,19254,Selas,0.8257998,37.0,0,0,0.0,0.0,0,0.0,0,0,0,0,,,0,0.0,periferico
ES_40162,40162,Prádena,10.53084314,486.0,0,0,0.0,0.0,0,0.0,0,0,0,0,,,0,0.0,periferico
ES_40194,40194,Segovia,311.28828663,50926.0,0,0,0.0,0.0,0,0.0,0,0,0,0,,,0,0.0,periferico
ES_40229,40229,Villaverde de Montejo,0.96691331,24.0,0,0,0.0,0.0,0,0.0,0,0,0,0,,,0,0.0,periferico
ES_28133,28133,San Martín de Valdeiglesias,76.97573123,8969.0,0,0,0.0,0.0,0,0.0,0,0,0,0,,,0,0.0,periferico
ES_28176,28176,Villanueva de la Cañada,674.47083951,23475.0,0,0,0.0,0.0,0,0.0,0,0,0,0,,,0,0.0,periferico
ES_44141,44141,Lledó,11.06520871,173.0,0,0,0.0,0.0,0,0.0,0,0,0,0,,,0,0.0,periferico
ES_44163,44163,Noguera de Albarracín,2.76187197,131.0,0,0,0.0,0.0,0,0.0,0,0,0,0,,,0,0.0,periferico
ES_46173,46173,Montaverner,219.89274296,1630.0,0,0,0.0,0.0,0,0.0,0,0,0,0,,,0,0.0,periferico
ES_46206,46206,Quesa,9.03683343,661.0,0,0,0.0,0.0,0,0.0,0,0,0,0,,,0,0.0,periferico
ES_46233,46233,Sollana,126.69088469,4967.0,0,0,0.0,0.0,0,0.0,0,0,0,0,,,0,0.0,periferico
ES_50030,50030,Añón de Moncayo,3.3867676,218.0,0,0,0.0,0.0,0,0.0,0,0,0,0,,,0,0.0,periferico
ES_50082,50082,Cimballa,2.81884653,90.0,0,0,0.0,0.0,0,0.0,0,0,0,0,,,0,0.0,periferico
ES_50114,50114,Fuendetodos,2.41200365,150.0,0,0,0.0,0.0,0,0.0,0,0,0,0,,,0,0.0,periferico
ES_19080,19080,Cendejas de Enmedio,3.66842419,70.0,0,0,0.0,0.0,0,0.0,0,0,0,0,,,0,0.0,periferico
ES_17140,17140,"Port de la Selva, El",24.99579142,1044.0,0,0,0.0,0.0,0,0.0,0,0,0,0,,,0,0.0,periferico
ES_15059,15059,Ordes,80.48057529,12663.0,0,0,0.0,0.0,0,0.0,0,0,0,0,,,0,0.0,periferico
ES_15081,15081,"Somozas, As",14.95513402,1061.0,0,0,0.0,0.0,0,0.0,0,0,0,0,,,0,0.0,periferico
ES_16008,16008,Alcalá de la Vega,1.19926253,83.0,0,0,0.0,0.0,0,0.0,0,0,0,0,,,0,0.0,periferico
ES_17195,17195,"Tallada d'Empordà, La",28.33744867,475.0,0,0,0.0,0.0,0,0.0,0,0,0,0,,,0,0.0,periferico
ES_17210,17210,Ventalló,35.71461553,909.0,0,0,0.0,0.0,0,0.0,0,0,0,0,,,0,0.0,periferico
ES_29058,29058,Guaro,104.19542634,2333.0,0,0,0.0,0.0,0,0.0,0,0,0,0,,,0,0.0,periferico
ES_38018,38018,"Guancha, La",233.01750083,5562.0,0,0,0.0,0.0,0,0.0,0,0,0,0,,,0,0.0,periferico
ES_38050,38050,Vallehermoso,26.87137135,2940.0,0,0,0.0,0.0,0,0.0,0,0,0,0,,,0,0.0,periferico
ES_25183,25183,Rialp,10.6118745,667.0,0,0,0.0,0.0,0,0.0,0,0,0,0,,,0,0.0,periferico
ES_25217,25217,Tàrrega,206.80364048,18189.0,0,0,0.0,0.0,0,0.0,0,0,0,0,,,0,0.0,periferico
ES_42124,42124,Muriel de la Fuente,15.0605498,55.0,0,0,0.0,0.0,0,0.0,0,0,0,0,,,0,0.0,periferico
ES_42165,42165,San Pedro Manrique,3.52451434,621.0,0,0,0.0,0.0,0,0.0,0,0,0,0,,,0,0.0,periferico
ES_42207,42207,Villar del Ala,4.43904781,52.0,0,0,0.0,0.0,0,0.0,0,0,0,0,,,0,0.0,periferico
ES_45078,45078,Huerta de Valdecarábanos,21.26640863,1765.0,0,0,0.0,0.0,0,0.0,0,0,0,0,,,0,0.0,periferico
ES_45116,45116,Noez,27.47956436,941.0,0,0,0.0,0.0,0,0.0,0,0,0,0,,,0,0.0,periferico
ES_45151,45151,San Martín de Montalbán,5.51848479,734.0,0,0,0.0,0.0,0,0.0,0,0,0,0,,,0,0.0,periferico
ES_18107,18107,Jayena,12.59771025,1002.0,0,0,0.0,0.0,0,0.0,0,0,0,0,,,0,0.0,periferico
ES_23003,23003,Alcaudete,43.53054025,10310.0,0,0,0.0,0.0,0,0.0,0,0,0,0,,,0,0.0,periferico
ES_18015,18015,Alicún de Ortega,19.89956375,454.0,0,0,0.0,0.0,0,0.0,0,0,0,0,,,0,0.0,periferico
ES_18027,18027,Benalúa,384.13701532,3328.0,0,0,0.0,0.0,0,0.0,0,0,0,0,,,0,0.0,periferico
ES_18030,18030,Bérchules,9.97344962,694.0,0,0,0.0,0.0,0,0.0,0,0,0,0,,,0,0.0,periferico
ES_10054,10054,Casas del Castañar,23.66704457,582.0,0,0,0.0,0.0,0,0.0,0,0,0,0,,,0,0.0,periferico
ES_10065,10065,Collado de la Vera,6.38242172,287.0,0,0,0.0,0.0,0,0.0,0,0,0,0,,,0,0.0,periferico
ES_10072,10072,Eljas,26.59785504,866.0,0,0,0.0,0.0,0,0.0,0,0,0,0,,,0,0.0,periferico
ES_10084,10084,Gata,14.6016611,1375.0,0,0,0.0,0.0,0,0.0,0,0,0,0,,,0,0.0,periferico
ES_08260,08260,Santa Perpètua de Mogoda,1651.08472455,25863.0,0,0,0.0,0.0,0,0.0,0,0,0,0,,,0,0.0,periferico
ES_08264,08264,Sant Vicenç de Montalt,851.66878212,6707.0,0,0,0.0,0.0,0,0.0,0,0,0,0,,,0,0.0,periferico
ES_08271,08271,Sobremunt,6.23083194,86.0,0,0,0.0,0.0,0,0.0,0,0,0,0,,,0,0.0,periferico
ES_32073,32073,Rubiá,13.74356798,1385.0,0,0,0.0,0.0,0,0.0,0,0,0,0,,,0,0.0,periferico
ES_33008,33008,Cabrales,8.05935549,1924.0,0,0,0.0,0.0,0,0.0,0,0,0,0,,,0,0.0,periferico
ES_19134,19134,Herrería,1.04522143,20.0,0,0,0.0,0.0,0,0.0,0,0,0,0,,,0,0.0,periferico
ES_19170,19170,Maranchón,1.3895669,213.0,0,0,0.0,0.0,0,0.0,0,0,0,0,,,0,0.0,periferico
ES_19200,19200,"Olivar, El",5.09524651,88.0,0,0,0.0,0.0,0,0.0,0,0,0,0,,,0,0.0,periferico
ES_34901,34901,Osorno la Mayor,13.15643859,1173.0,0,0,0.0,0.0,0,0.0,0,0,0,0,,,0,0.0,periferico
ES_08295,08295,Vallirana,661.73792557,15795.0,0,0,0.0,0.0,0,0.0,0,0,0,0,,,0,0.0,periferico
ES_08307,08307,Vilanova i la Geltrú,2027.58793378,68768.0,0,0,0.0,0.0,0,0.0,0,0,0,0,,,0,0.0,periferico
ES_09194,09194,Lerma,15.75918269,2595.0,0,0,0.0,0.0,0,0.0,0,0,0,0,,,0,0.0,periferico
ES_09208,09208,Mecerreyes,3.21731587,192.0,0,0,0.0,0.0,0,0.0,0,0,0,0,,,0,0.0,periferico
ES_40120,40120,Martín Muñoz de la Dehesa,17.79950131,314.0,0,0,0.0,0.0,0,0.0,0,0,0,0,,,0,0.0,periferico
ES_32025,32025,Cenlle,37.35363602,1086.0,0,0,0.0,0.0,0,0.0,0,0,0,0,,,0,0.0,periferico
ES_20052,20052,Legorreta,169.23912356,1460.0,0,0,0.0,0.0,0,0.0,0,0,0,0,,,0,0.0,periferico
ES_24221,24221,Villaquejida,15.25359831,815.0,0,0,0.0,0.0,0,0.0,0,0,0,0,,,0,0.0,periferico
ES_44219,44219,Tornos,3.86386067,189.0,0,0,0.0,0.0,0,0.0,0,0,0,0,,,0,0.0,periferico
ES_19005,19005,Alarilla,6.36133311,141.0,0,0,0.0,0.0,0,0.0,0,0,0,0,,,0,0.0,periferico
ES_22182,22182,Plan,3.02941499,284.0,0,0,0.0,0.0,0,0.0,0,0,0,0,,,0,0.0,periferico
ES_17120,17120,Palau-saverdera,90.40354667,1494.0,0,0,0.0,0.0,0,0.0,0,0,0,0,,,0,0.0,periferico
ES_17171,17171,Sant Llorenç de la Muga,8.52613799,274.0,0,0,0.0,0.0,0,0.0,0,0,0,0,,,0,0.0,periferico
ES_10203,10203,Valencia de Alcántara,8.79843073,5232.0,0,0,0.0,0.0,0,0.0,0,0,0,0,,,0,0.0,periferico
ES_12005,12005,"Alcora, l'",110.46213574,10517.0,0,0,0.0,0.0,0,0.0,0,0,0,0,,,0,0.0,periferico
ES_06045,06045,Entrín Bajo,57.9775877,565.0,0,0,0.0,0.0,0,0.0,0,0,0,0,,,0,0.0,periferico
ES_06048,06048,Esparragosa de Lares,4.19944765,876.0,0,0,0.0,0.0,0,0.0,0,0,0,0,,,0,0.0,periferico
ES_48057,48057,Lekeitio,3767.22944974,7141.0,0,0,0.0,0.0,0,0.0,0,0,0,0,,,0,0.0,periferico
ES_48079,48079,Errigoiti,30.8514546,510.0,0,0,0.0,0.0,0,0.0,0,0,0,0,,,0,0.0,periferico
ES_48091,48091,Atxondo,58.5027489,1368.0,0,0,0.0,0.0,0,0.0,0,0,0,0,,,0,0.0,periferico
ES_49023,49023,Bermillo de Sayago,5.27020662,999.0,0,0,0.0,0.0,0,0.0,0,0,0,0,,,0,0.0,periferico
ES_49061,49061,Entrala,13.71958746,137.0,0,0,0.0,0.0,0,0.0,0,0,0,0,,,0,0.0,periferico
ES_49243,49243,Villaferrueña,5.26155041,108.0,0,0,0.0,0.0,0,0.0,0,0,0,0,,,0,0.0,periferico
ES_50002,50002,Acered,4.57361403,139.0,0,0,0.0,0.0,0,0.0,0,0,0,0,,,0,0.0,periferico
ES_06092,06092,Nogales,7.78567249,628.0,0,0,0.0,0.0,0,0.0,0,0,0,0,,,0,0.0,periferico
ES_08028,08028,Cabrera d'Anoia,97.50153504,1667.0,0,0,0.0,0.0,0,0.0,0,0,0,0,,,0,0.0,periferico
ES_08041,08041,Canovelles,2517.30259995,17025.0,0,0,0.0,0.0,0,0.0,0,0,0,0,,,0,0.0,periferico
ES_25238,25238,Vallbona de les Monges,6.46857226,222.0,0,0,0.0,0.0,0,0.0,0,0,0,0,,,0,0.0,periferico
ES_42048,42048,Caltojar,0.66381896,56.0,0,0,0.0,0.0,0,0.0,0,0,0,0,,,0,0.0,periferico
ES_42079,42079,Escobosa de Almazán,0.97685278,19.0,0,0,0.0,0.0,0,0.0,0,0,0,0,,,0,0.0,periferico
ES_29081,29081,Pujerra,11.22333128,274.0,0,0,0.0,0.0,0,0.0,0,0,0,0,,,0,0.0,periferico
ES_30004,30004,Albudeite,81.81711909,1392.0,0,0,0.0,0.0,0,0.0,0,0,0,0,,,0,0.0,periferico
ES_30032,30032,Pliego,136.02715315,4007.0,0,0,0.0,0.0,0,0.0,0,0,0,0,,,0,0.0,periferico
ES_45019,45019,Bargas,122.69578023,11018.0,0,0,0.0,0.0,0,0.0,0,0,0,0,,,0,0.0,periferico
ES_45048,45048,"Cerralbos, Los",10.85628995,436.0,0,0,0.0,0.0,0,0.0,0,0,0,0,,,0,0.0,periferico
ES_34113,34113,Olea de Boedo,4.41576341,36.0,0,0,0.0,0.0,0,0.0,0,0,0,0,,,0,0.0,periferico
ES_01044,01044,Peñacerrada-Urizaharra,4.87925937,303.0,0,0,0.0,0.0,0,0.0,0,0,0,0,,,0,0.0,periferico
ES_02018,02018,Bonete,7.81294887,980.0,0,0,0.0,0.0,0,0.0,0,0,0,0,,,0,0.0,periferico
ES_05019,05019,Ávila,253.80505357,58548.0,0,0,0.0,0.0,0,0.0,0,0,0,0,,,0,0.0,periferico
ES_05051,05051,"Carrera, La",11.43323391,162.0,0,0,0.0,0.0,0,0.0,0,0,0,0,,,0,0.0,periferico
ES_05090,05090,Gutierre-Muñoz,2.79559625,62.0,0,0,0.0,0.0,0,0.0,0,0,0,0,,,0,0.0,periferico
ES_02047,02047,Masegoso,1.33803787,139.0,0,0,0.0,0.0,0,0.0,0,0,0,0,,,0,0.0,periferico
ES_02075,02075,Valdeganga,27.8045754,1968.0,0,0,0.0,0.0,0,0.0,0,0,0,0,,,0,0.0,periferico
ES_02078,02078,Villalgordo del Júcar,23.78870998,1110.0,0,0,0.0,0.0,0,0.0,0,0,0,0,,,0,0.0,periferico
ES_05126,05126,Mesegar de Corneja,7.56684802,78.0,0,0,0.0,0.0,0,0.0,0,0,0,0,,,0,0.0,periferico
ES_05162,05162,Navalperal de Tormes,1.36200909,83.0,0,0,0.0,0.0,0,0.0,0,0,0,0,,,0,0.0,periferico
ES_05212,05212,San Juan del Molinillo,6.78576678,243.0,0,0,0.0,0.0,0,0.0,0,0,0,0,,,0,0.0,periferico
ES_05246,05246,Tórtoles,1.78134071,37.0,0,0,0.0,0.0,0,0.0,0,0,0,0,,,0,0.0,periferico
ES_03062,03062,Daya Vieja,213.72178795,672.0,0,0,0.0,0.0,0,0.0,0,0,0,0,,,0,0.0,periferico
ES_03094,03094,"Nucia, la",893.41694353,19104.0,0,0,0.0,0.0,0,0.0,0,0,0,0,,,0,0.0,periferico
ES_04002,04002,Abrucena,15.2261866,1274.0,0,0,0.0,0.0,0,0.0,0,0,0,0,,,0,0.0,periferico
ES_04032,04032,Carboneras,87.71028987,8373.0,0,0,0.0,0.0,0,0.0,0,0,0,0,,,0,0.0,periferico
ES_04064,04064,Mojácar,102.75078027,7355.0,0,0,0.0,0.0,0,0.0,0,0,0,0,,,0,0.0,periferico
ES_04093,04093,Turre,39.12725152,4224.0,0,0,0.0,0.0,0,0.0,0,0,0,0,,,0,0.0,periferico
ES_34154,34154,Revilla de Collazos,3.79439261,78.0,0,0,0.0,0.0,0,0.0,0,0,0,0,,,0,0.0,periferico
ES_34205,34205,Villaconancio,1.61449752,55.0,0,0,0.0,0.0,0,0.0,0,0,0,0,,,0,0.0,periferico
ES_47147,47147,San Pablo de la Moraleja,4.33980205,108.0,0,0,0.0,0.0,0,0.0,0,0,0,0,,,0,0.0,periferico
ES_47169,47169,Torre de Esgueva,2.62591206,62.0,0,0,0.0,0.0,0,0.0,0,0,0,0,,,0,0.0,periferico
ES_40149,40149,Olombrada,7.39740555,492.0,0,0,0.0,0.0,0,0.0,0,0,0,0,,,0,0.0,periferico
ES_18154,18154,"Peza, La",11.20320369,1135.0,0,0,0.0,0.0,0,0.0,0,0,0,0,,,0,0.0,periferico
ES_50060,50060,Bulbuente,9.51620437,242.0,0,0,0.0,0.0,0,0.0,0,0,0,0,,,0,0.0,periferico
ES_16072,16072,Castillo de Garcimuñoz,1.62999064,134.0,0,0,0.0,0.0,0,0.0,0,0,0,0,,,0,0.0,periferico
ES_10139,10139,Pedroso de Acim,3.12905323,104.0,0,0,0.0,0.0,0,0.0,0,0,0,0,,,0,0.0,periferico
ES_09380,09380,Terradillos de Esgueva,4.64592949,67.0,0,0,0.0,0.0,0,0.0,0,0,0,0,,,0,0.0,periferico
ES_09390,09390,Torresandino,6.19026738,577.0,0,0,0.0,0.0,0,0.0,0,0,0,0,,,0,0.0,periferico
ES_09394,09394,Trespaderne,19.89627554,732.0,0,0,0.0,0.0,0,0.0,0,0,0,0,,,0,0.0,periferico
ES_09408,09408,Vallarta de Bureba,2.19629078,42.0,0,0,0.0,0.0,0,0.0,0,0,0,0,,,0,0.0,periferico
ES_09431,09431,Villafranca Montes de Oca,2.24929951,118.0,0,0,0.0,0.0,0,0.0,0,0,0,0,,,0,0.0,periferico
ES_09904,09904,Valle de las Navas,4.89900279,548.0,0,0,0.0,0.0,0,0.0,0,0,0,0,,,0,0.0,periferico
ES_12010,12010,Almedíjar,13.40609933,280.0,0,0,0.0,0.0,0,0.0,0,0,0,0,,,0,0.0,periferico
ES_12028,12028,Benicàssim,552.40054254,19901.0,0,0,0.0,0.0,0,0.0,0,0,0,0,,,0,0.0,periferico
ES_12049,12049,Costur,24.3453415,534.0,0,0,0.0,0.0,0,0.0,0,0,0,0,,,0,0.0,periferico
ES_06017,06017,Baterno,3.91389452,243.0,0,0,0.0,0.0,0,0.0,0,0,0,0,,,0,0.0,periferico
ES_06038,06038,Cordobilla de Lácara,22.75425535,840.0,0,0,0.0,0.0,0,0.0,0,0,0,0,,,0,0.0,periferico
ES_06130,06130,Tamurejo,6.93208834,206.0,0,0,0.0,0.0,0,0.0,0,0,0,0,,,0,0.0,periferico
