nombre_provincia,Nombre,Codigo,Mediana consumo anual,Viviendas con bajo consumo,Viviendas con consumo entre 1.001 y 2.000 kwh,Viviendas con consumo entre 2.001 y 3.000 kwh,Viviendas con consumo entre 3.001 y 4.000 kwh,Viviendas con consumo entre 4.001 y 5.000 kwh,Viviendas con consumo entre 5.001 y 6.000 kwh,Viviendas con consumo entre 6.001 y 7.000 kwh,Viviendas con consumo entre 7.001 y 8.000 kwh,Viviendas con consumo entre 751 y 1.000 kwh,Viviendas con consumo entre 8.001 y 9.000 kwh,Viviendas con consumo entre 9.001 y 10.000 kwh,Viviendas con consumo mayor de 10.000 kwh,Viviendas de uso esporádico,Viviendas de uso esporádico (entre 251 y 500 kwh),Viviendas de uso esporádico (entre 501 y 750 kwh),Viviendas totales,Viviendas vacías,prov_mediana_consumo_anual,prov_viviendas_con_bajo_consumo,prov_viviendas_con_consumo_entre_1.001_y_2.000_kwh,prov_viviendas_con_consumo_entre_2.001_y_3.000_kwh,prov_viviendas_con_consumo_entre_3.001_y_4.000_kwh,prov_viviendas_con_consumo_entre_4.001_y_5.000_kwh,prov_viviendas_con_consumo_entre_5.001_y_6.000_kwh,prov_viviendas_con_consumo_entre_6.001_y_7.000_kwh,prov_viviendas_con_consumo_entre_7.001_y_8.000_kwh,prov_viviendas_con_consumo_entre_751_y_1.000_kwh,prov_viviendas_con_consumo_entre_8.001_y_9.000_kwh,prov_viviendas_con_consumo_entre_9.001_y_10.000_kwh,prov_viviendas_con_consumo_mayor_de_10.000_kwh,prov_viviendas_de_uso_esporádico,prov_viviendas_de_uso_esporádico_(entre_251_y_500_kwh),prov_viviendas_de_uso_esporádico_(entre_501_y_750_kwh),prov_viviendas_totales,prov_viviendas_vacías
Albacete,Albacete *,2003,1997,3050,25348,20250,9847,4122,1836,1007,604,5284,414,312,739,8663,4233,4430,86881,5405,2051,12575,52187,42799,24692,12319,6028,3455,2173,12568,1503,1098,3016,27130,14402,12728,241313,39770
Albacete,Alcalá del Júcar,2007,1576,160,243,155,82,53,32,24,8,87,7,8,22,251,156,95,1504,372,2051,12575,52187,42799,24692,12319,6028,3455,2173,12568,1503,1098,3016,27130,14402,12728,241313,39770
Albacete,Alcaraz,2008,1729,151,200,137,83,58,32,17,15,69,10,10,19,214,116,98,1562,547,2051,12575,52187,42799,24692,12319,6028,3455,2173,12568,1503,1098,3016,27130,14402,12728,241313,39770
Albacete,Almansa,2009,2247,511,3085,2736,1603,843,441,234,183,669,125,88,228,1236,642,594,13292,1310,2051,12575,52187,42799,24692,12319,6028,3455,2173,12568,1503,1098,3016,27130,14402,12728,241313,39770
Albacete,Alpera,2010,2109,81,266,245,162,90,47,22,13,76,7,6,26,213,108,105,1607,353,2051,12575,52187,42799,24692,12319,6028,3455,2173,12568,1503,1098,3016,27130,14402,12728,241313,39770
Albacete,Balazote *,2012,2375,68,250,229,177,95,56,33,16,64,8,7,24,154,79,75,1359,178,2051,12575,52187,42799,24692,12319,6028,3455,2173,12568,1503,1098,3016,27130,14402,12728,241313,39770
Albacete,Barrax,2015,2443,62,178,158,134,98,53,28,21,45,7,9,30,140,70,70,1215,252,2051,12575,52187,42799,24692,12319,6028,3455,2173,12568,1503,1098,3016,27130,14402,12728,241313,39770
Albacete,Bonete,2018,2160,21,120,111,74,40,16,9,8,30,3,6,16,82,40,42,689,153,2051,12575,52187,42799,24692,12319,6028,3455,2173,12568,1503,1098,3016,27130,14402,12728,241313,39770
Albacete,Bonillo (El),2019,1974,199,339,305,184,90,51,18,17,91,14,6,37,303,173,130,2218,564,2051,12575,52187,42799,24692,12319,6028,3455,2173,12568,1503,1098,3016,27130,14402,12728,241313,39770
Albacete,Casas de Juan Núñez,2021,2293,54,136,113,102,49,28,14,14,41,9,6,16,98,48,50,863,183,2051,12575,52187,42799,24692,12319,6028,3455,2173,12568,1503,1098,3016,27130,14402,12728,241313,39770
Albacete,Casas-Ibáñez *,2024,2404,147,500,474,337,197,78,50,35,128,33,33,85,297,162,135,2756,362,2051,12575,52187,42799,24692,12319,6028,3455,2173,12568,1503,1098,3016,27130,14402,12728,241313,39770
Albacete,Caudete,2025,2130,347,1313,1039,640,361,193,145,71,315,52,36,77,668,333,335,6365,1108,2051,12575,52187,42799,24692,12319,6028,3455,2173,12568,1503,1098,3016,27130,14402,12728,241313,39770
Albacete,Cenizate *,2026,2472,33,111,103,68,52,23,17,14,27,7,9,17,84,49,35,670,105,2051,12575,52187,42799,24692,12319,6028,3455,2173,12568,1503,1098,3016,27130,14402,12728,241313,39770
Albacete,Chinchilla de Monte-Aragón,2029,1857,215,720,524,288,148,71,43,31,213,18,20,36,429,241,188,3369,613,2051,12575,52187,42799,24692,12319,6028,3455,2173,12568,1503,1098,3016,27130,14402,12728,241313,39770
Albacete,Elche de la Sierra,2030,1962,343,487,423,285,172,92,49,27,165,13,16,32,492,284,208,3823,1227,2051,12575,52187,42799,24692,12319,6028,3455,2173,12568,1503,1098,3016,27130,14402,12728,241313,39770
Albacete,Fuente-Álamo,2033,2400,77,254,257,164,115,74,28,21,70,9,3,19,185,90,95,1598,322,2051,12575,52187,42799,24692,12319,6028,3455,2173,12568,1503,1098,3016,27130,14402,12728,241313,39770
Albacete,Fuentealbilla,2034,2360,85,202,181,124,77,53,28,17,67,21,18,41,162,95,67,1448,372,2051,12575,52187,42799,24692,12319,6028,3455,2173,12568,1503,1098,3016,27130,14402,12728,241313,39770
Albacete,Gineta (La),2035,2290,67,281,275,200,107,42,32,24,64,13,8,22,192,96,96,1555,228,2051,12575,52187,42799,24692,12319,6028,3455,2173,12568,1503,1098,3016,27130,14402,12728,241313,39770
Albacete,Hellín,2037,2252,665,3387,3046,2115,1057,524,297,184,788,94,52,181,1628,846,782,16661,2643,2051,12575,52187,42799,24692,12319,6028,3455,2173,12568,1503,1098,3016,27130,14402,12728,241313,39770
Albacete,Higueruela,2039,2121,67,126,105,91,55,23,20,11,51,5,12,14,139,77,62,1001,282,2051,12575,52187,42799,24692,12319,6028,3455,2173,12568,1503,1098,3016,27130,14402,12728,241313,39770
Albacete,Lezuza,2043,1686,133,199,162,89,56,23,12,5,71,3,6,9,196,117,79,1394,430,2051,12575,52187,42799,24692,12319,6028,3455,2173,12568,1503,1098,3016,27130,14402,12728,241313,39770
Albacete,Liétor,2044,1547,134,171,141,80,43,24,9,4,67,1,3,12,225,124,101,1369,455,2051,12575,52187,42799,24692,12319,6028,3455,2173,12568,1503,1098,3016,27130,14402,12728,241313,39770
Albacete,Madrigueras *,2045,2635,123,392,402,341,216,126,66,37,98,31,21,64,258,145,113,2627,452,2051,12575,52187,42799,24692,12319,6028,3455,2173,12568,1503,1098,3016,27130,14402,12728,241313,39770
Albacete,Mahora,2046,2370,58,160,123,121,68,37,24,12,37,9,6,25,121,68,53,1089,288,2051,12575,52187,42799,24692,12319,6028,3455,2173,12568,1503,1098,3016,27130,14402,12728,241313,39770
Albacete,Minaya,2048,2161,87,174,146,93,70,41,34,15,66,17,12,40,162,99,63,1192,235,2051,12575,52187,42799,24692,12319,6028,3455,2173,12568,1503,1098,3016,27130,14402,12728,241313,39770
Albacete,Montealegre del Castillo,2051,2299,87,206,177,148,85,49,35,16,57,19,12,17,168,93,75,1385,309,2051,12575,52187,42799,24692,12319,6028,3455,2173,12568,1503,1098,3016,27130,14402,12728,241313,39770
Albacete,Munera,2053,2223,167,411,352,244,135,70,42,39,106,21,10,50,250,143,107,2618,721,2051,12575,52187,42799,24692,12319,6028,3455,2173,12568,1503,1098,3016,27130,14402,12728,241313,39770
Albacete,Nerpio,2055,1428,146,234,121,84,31,23,10,2,67,4,5,15,236,145,91,1435,457,2051,12575,52187,42799,24692,12319,6028,3455,2173,12568,1503,1098,3016,27130,14402,12728,241313,39770
Albacete,Ontur,2056,2394,70,211,190,149,82,53,25,16,67,12,5,24,142,73,69,1404,358,2051,12575,52187,42799,24692,12319,6028,3455,2173,12568,1503,1098,3016,27130,14402,12728,241313,39770
Albacete,Ossa de Montiel,2057,1847,170,349,257,174,101,45,20,13,102,6,5,30,285,166,119,2046,489,2051,12575,52187,42799,24692,12319,6028,3455,2173,12568,1503,1098,3016,27130,14402,12728,241313,39770
Albacete,Peñas de San Pedro,2060,1563,80,176,121,62,42,17,8,5,53,4,2,8,165,88,77,1072,329,2051,12575,52187,42799,24692,12319,6028,3455,2173,12568,1503,1098,3016,27130,14402,12728,241313,39770
Albacete,Pozo Cañada,2901,2597,52,251,267,219,98,70,40,23,48,8,5,19,165,81,84,1561,296,2051,12575,52187,42799,24692,12319,6028,3455,2173,12568,1503,1098,3016,27130,14402,12728,241313,39770
Albacete,Pozohondo,2063,1808,140,238,192,140,51,28,14,14,94,5,5,13,197,108,89,1535,404,2051,12575,52187,42799,24692,12319,6028,3455,2173,12568,1503,1098,3016,27130,14402,12728,241313,39770
Albacete,Resto de Albacete,2999,1491,2243,3170,2016,1314,713,379,235,141,1192,96,68,255,3666,2142,1524,24429,8941,2051,12575,52187,42799,24692,12319,6028,3455,2173,12568,1503,1098,3016,27130,14402,12728,241313,39770
Albacete,Riópar,2067,1272,186,272,175,90,29,20,9,13,96,4,5,11,326,188,138,1654,418,2051,12575,52187,42799,24692,12319,6028,3455,2173,12568,1503,1098,3016,27130,14402,12728,241313,39770
Albacete,Roda (La),2069,2291,323,1760,1713,1068,554,283,138,71,413,77,60,154,870,466,404,8901,1417,2051,12575,52187,42799,24692,12319,6028,3455,2173,12568,1503,1098,3016,27130,14402,12728,241313,39770
Albacete,San Pedro,2071,2157,57,142,137,88,52,31,16,8,39,3,2,8,127,69,58,861,151,2051,12575,52187,42799,24692,12319,6028,3455,2173,12568,1503,1098,3016,27130,14402,12728,241313,39770
Albacete,Socovos,2072,1969,109,232,197,125,82,20,21,6,68,5,5,14,193,98,95,1445,368,2051,12575,52187,42799,24692,12319,6028,3455,2173,12568,1503,1098,3016,27130,14402,12728,241313,39770
Albacete,Tarazona de la Mancha *,2073,2295,237,662,586,409,246,138,69,51,180,45,28,99,489,285,204,3854,615,2051,12575,52187,42799,24692,12319,6028,3455,2173,12568,1503,1098,3016,27130,14402,12728,241313,39770
Albacete,Tobarra,2074,2169,309,947,789,564,362,157,125,69,262,46,20,55,638,344,294,5791,1448,2051,12575,52187,42799,24692,12319,6028,3455,2173,12568,1503,1098,3016,27130,14402,12728,241313,39770
Albacete,Valdeganga,2075,2178,75,201,187,130,92,37,21,20,70,17,5,17,172,90,82,1271,227,2051,12575,52187,42799,24692,12319,6028,3455,2173,12568,1503,1098,3016,27130,14402,12728,241313,39770
Albacete,Villalgordo del Júcar *,2078,1997,82,152,116,83,44,31,15,7,41,11,2,16,133,72,61,888,155,2051,12575,52187,42799,24692,12319,6028,3455,2173,12568,1503,1098,3016,27130,14402,12728,241313,39770
Albacete,Villamalea *,2079,2642,116,402,363,310,213,100,52,44,97,34,21,54,238,132,106,2360,316,2051,12575,52187,42799,24692,12319,6028,3455,2173,12568,1503,1098,3016,27130,14402,12728,241313,39770
Albacete,Villarrobledo,2081,2262,616,2995,2699,1657,885,413,270,193,641,145,117,312,1424,765,659,15102,2735,2051,12575,52187,42799,24692,12319,6028,3455,2173,12568,1503,1098,3016,27130,14402,12728,241313,39770
Albacete,Yeste,2086,1331,372,534,304,150,90,48,30,15,192,11,3,14,654,363,291,3594,1177,2051,12575,52187,42799,24692,12319,6028,3455,2173,12568,1503,1098,3016,27130,14402,12728,241313,39770
Alicante/Alacant,Agost,3002,2350,103,576,519,358,202,126,51,26,134,21,10,39,255,129,126,2936,516,2170,70281,260773,221826,150061,87339,47560,25484,14571,69773,8898,5608,15117,163228,87690,75538,1350006,209487
Alicante/Alacant,Aigües,3004,2044,45,177,115,87,58,34,26,12,57,6,5,17,109,63,46,931,183,2170,70281,260773,221826,150061,87339,47560,25484,14571,69773,8898,5608,15117,163228,87690,75538,1350006,209487
Alicante/Alacant,Albatera *,3005,2672,188,1295,1207,936,622,402,232,133,262,75,44,116,512,263,249,6689,665,2170,70281,260773,221826,150061,87339,47560,25484,14571,69773,8898,5608,15117,163228,87690,75538,1350006,209487
Alicante/Alacant,Alcalalí,3006,2726,26,170,175,141,78,56,37,28,41,6,4,10,88,47,41,1094,234,2170,70281,260773,221826,150061,87339,47560,25484,14571,69773,8898,5608,15117,163228,87690,75538,1350006,209487
Alicante/Alacant,Alcoy/Alcoi,3009,2075,1139,8997,7733,3882,1612,681,347,205,1702,106,74,187,2805,1332,1473,33876,4406,2170,70281,260773,221826,150061,87339,47560,25484,14571,69773,8898,5608,15117,163228,87690,75538,1350006,209487
Alicante/Alacant,Alfàs del Pi (l'),3011,2555,318,2321,1974,1470,877,634,386,267,577,201,165,404,1184,602,582,12727,1949,2170,70281,260773,221826,150061,87339,47560,25484,14571,69773,8898,5608,15117,163228,87690,75538,1350006,209487
Alicante/Alacant,Algorfa,3012,2139,244,603,490,348,254,149,76,44,180,12,14,49,528,271,257,4240,1249,2170,70281,260773,221826,150061,87339,47560,25484,14571,69773,8898,5608,15117,163228,87690,75538,1350006,209487
Alicante/Alacant,Algueña,3013,2119,41,166,159,100,62,28,13,8,43,2,4,8,132,72,60,944,178,2170,70281,260773,221826,150061,87339,47560,25484,14571,69773,8898,5608,15117,163228,87690,75538,1350006,209487
Alicante/Alacant,Alicante/Alacant,3014,2137,7516,46531,39641,24002,12318,5815,2751,1390,10386,817,443,1301,19364,9765,9599,187658,15383,2170,70281,260773,221826,150061,87339,47560,25484,14571,69773,8898,5608,15117,163228,87690,75538,1350006,209487
Alicante/Alacant,Almoradí,3015,2526,307,2140,2024,1489,959,532,270,123,489,71,47,120,826,413,413,10977,1580,2170,70281,260773,221826,150061,87339,47560,25484,14571,69773,8898,5608,15117,163228,87690,75538,1350006,209487
Alicante/Alacant,Altea,3018,2190,652,3914,2940,2052,1134,733,434,301,1069,173,128,422,2080,1026,1054,18309,2277,2170,70281,260773,221826,150061,87339,47560,25484,14571,69773,8898,5608,15117,163228,87690,75538,1350006,209487
Alicante/Alacant,Aspe,3019,2513,294,2293,2360,1614,949,496,287,161,466,78,66,149,848,419,429,11541,1480,2170,70281,260773,221826,150061,87339,47560,25484,14571,69773,8898,5608,15117,163228,87690,75538,1350006,209487
Alicante/Alacant,Banyeres de Mariola,3021,2077,220,965,801,442,200,131,67,42,214,33,23,56,447,238,209,4448,807,2170,70281,260773,221826,150061,87339,47560,25484,14571,69773,8898,5608,15117,163228,87690,75538,1350006,209487
Alicante/Alacant,Beneixama,3023,2427,69,220,176,144,81,61,34,27,66,19,10,44,142,80,62,1356,263,2170,70281,260773,221826,150061,87339,47560,25484,14571,69773,8898,5608,15117,163228,87690,75538,1350006,209487
Alicante/Alacant,Benejúzar,3024,2730,75,456,495,418,259,140,89,44,109,22,9,41,214,113,101,2657,286,2170,70281,260773,221826,150061,87339,47560,25484,14571,69773,8898,5608,15117,163228,87690,75538,1350006,209487
Alicante/Alacant,Benferri,3025,3349,18,132,154,154,133,70,57,32,31,21,15,16,67,32,35,1113,213,2170,70281,260773,221826,150061,87339,47560,25484,14571,69773,8898,5608,15117,163228,87690,75538,1350006,209487
Alicante/Alacant,Beniarbeig,3026,3030,32,194,207,178,145,92,54,27,36,17,13,24,104,45,59,1372,249,2170,70281,260773,221826,150061,87339,47560,25484,14571,69773,8898,5608,15117,163228,87690,75538,1350006,209487
Alicante/Alacant,Beniarrés,3028,1996,48,176,138,109,37,20,14,5,57,0,1,5,97,54,43,898,191,2170,70281,260773,221826,150061,87339,47560,25484,14571,69773,8898,5608,15117,163228,87690,75538,1350006,209487
Alicante/Alacant,Benidoleig,3030,3017,23,111,115,107,84,49,40,23,33,9,14,19,79,38,41,941,235,2170,70281,260773,221826,150061,87339,47560,25484,14571,69773,8898,5608,15117,163228,87690,75538,1350006,209487
Alicante/Alacant,Benidorm,3031,1661,5283,12995,8768,4905,2458,1168,673,323,3914,243,157,534,10292,5710,4582,60479,8766,2170,70281,260773,221826,150061,87339,47560,25484,14571,69773,8898,5608,15117,163228,87690,75538,1350006,209487
Alicante/Alacant,Benijófar,3034,2840,54,361,403,337,219,125,90,47,91,33,20,37,182,103,79,2378,379,2170,70281,260773,221826,150061,87339,47560,25484,14571,69773,8898,5608,15117,163228,87690,75538,1350006,209487
Alicante/Alacant,Benissa,3041,3068,205,1321,1515,1229,914,646,380,213,301,162,105,280,611,306,305,10660,2778,2170,70281,260773,221826,150061,87339,47560,25484,14571,69773,8898,5608,15117,163228,87690,75538,1350006,209487
Alicante/Alacant,Benitachell/Poble Nou de Benitatxel,3042,2647,222,759,761,605,406,291,174,130,235,69,53,114,601,338,263,5830,1410,2170,70281,260773,221826,150061,87339,47560,25484,14571,69773,8898,5608,15117,163228,87690,75538,1350006,209487
Alicante/Alacant,Biar,3043,2571,94,435,355,326,203,122,90,48,121,34,8,3,247,141,106,2879,793,2170,70281,260773,221826,150061,87339,47560,25484,14571,69773,8898,5608,15117,163228,87690,75538,1350006,209487
Alicante/Alacant,Bigastro,3044,2870,80,526,581,480,338,210,130,55,124,21,14,42,246,119,127,3294,447,2170,70281,260773,221826,150061,87339,47560,25484,14571,69773,8898,5608,15117,163228,87690,75538,1350006,209487
Alicante/Alacant,Busot,3046,3073,48,311,373,345,222,172,80,63,77,35,21,49,157,73,84,2344,391,2170,70281,260773,221826,150061,87339,47560,25484,14571,69773,8898,5608,15117,163228,87690,75538,1350006,209487
Alicante/Alacant,Callosa d'en Sarrià,3048,2097,190,1054,833,506,236,153,71,44,252,33,19,60,500,250,250,4801,850,2170,70281,260773,221826,150061,87339,47560,25484,14571,69773,8898,5608,15117,163228,87690,75538,1350006,209487
Alicante/Alacant,Callosa de Segura,3049,2624,206,1866,1607,1317,872,487,272,166,387,84,39,142,637,331,306,9142,1060,2170,70281,260773,221826,150061,87339,47560,25484,14571,69773,8898,5608,15117,163228,87690,75538,1350006,209487
Alicante/Alacant,Calp,3047,1856,1838,4443,3297,2139,1397,849,486,330,1485,188,115,420,4392,2440,1952,26156,4777,2170,70281,260773,221826,150061,87339,47560,25484,14571,69773,8898,5608,15117,163228,87690,75538,1350006,209487
Alicante/Alacant,Campello (el),3050,1863,1739,5370,4045,2652,1490,852,422,254,1783,162,112,287,4407,2306,2101,26801,3226,2170,70281,260773,221826,150061,87339,47560,25484,14571,69773,8898,5608,15117,163228,87690,75538,1350006,209487
Alicante/Alacant,Castalla,3053,2033,330,1788,1397,824,395,232,129,68,443,47,30,84,848,455,393,8029,1414,2170,70281,260773,221826,150061,87339,47560,25484,14571,69773,8898,5608,15117,163228,87690,75538,1350006,209487
Alicante/Alacant,Catral,3055,3314,62,629,758,653,545,379,236,139,125,98,50,120,263,130,133,4644,587,2170,70281,260773,221826,150061,87339,47560,25484,14571,69773,8898,5608,15117,163228,87690,75538,1350006,209487
Alicante/Alacant,Cañada,3052,3212,26,86,95,101,58,46,39,24,20,15,4,34,80,42,38,757,129,2170,70281,260773,221826,150061,87339,47560,25484,14571,69773,8898,5608,15117,163228,87690,75538,1350006,209487
Alicante/Alacant,Cocentaina,3056,2282,243,1521,1404,876,496,246,120,80,324,44,43,94,699,347,352,7071,881,2170,70281,260773,221826,150061,87339,47560,25484,14571,69773,8898,5608,15117,163228,87690,75538,1350006,209487
Alicante/Alacant,Cox,3058,2963,84,626,565,497,375,237,153,93,128,66,41,112,272,135,137,3531,282,2170,70281,260773,221826,150061,87339,47560,25484,14571,69773,8898,5608,15117,163228,87690,75538,1350006,209487
Alicante/Alacant,Crevillent,3059,2626,326,3031,3071,2321,1494,796,398,233,566,132,34,71,1014,507,507,15357,1870,2170,70281,260773,221826,150061,87339,47560,25484,14571,69773,8898,5608,15117,163228,87690,75538,1350006,209487
Alicante/Alacant,Daya Nueva,3061,2463,72,209,198,163,97,53,37,20,55,13,5,10,144,71,73,1468,392,2170,70281,260773,221826,150061,87339,47560,25484,14571,69773,8898,5608,15117,163228,87690,75538,1350006,209487
Alicante/Alacant,Dolores,3064,2675,130,765,706,590,370,246,132,72,174,44,24,67,337,172,165,4421,764,2170,70281,260773,221826,150061,87339,47560,25484,14571,69773,8898,5608,15117,163228,87690,75538,1350006,209487
Alicante/Alacant,Dénia,3063,1987,2198,8590,5991,4549,2947,1878,1080,680,3056,468,328,771,7210,3668,3542,45237,5491,2170,70281,260773,221826,150061,87339,47560,25484,14571,69773,8898,5608,15117,163228,87690,75538,1350006,209487
Alicante/Alacant,Elche/Elx,3065,2347,3127,26587,25241,16729,9163,4292,2096,1198,5821,683,432,1247,9775,4726,5049,116080,9689,2170,70281,260773,221826,150061,87339,47560,25484,14571,69773,8898,5608,15117,163228,87690,75538,1350006,209487
Alicante/Alacant,Elda,3066,2590,734,5491,5973,4366,2506,1293,680,323,1042,198,110,284,2008,1013,995,27488,2480,2170,70281,260773,221826,150061,87339,47560,25484,14571,69773,8898,5608,15117,163228,87690,75538,1350006,209487
Alicante/Alacant,Finestrat,3069,2248,361,1100,928,628,430,234,152,92,328,74,44,119,778,433,345,6560,1292,2170,70281,260773,221826,150061,87339,47560,25484,14571,69773,8898,5608,15117,163228,87690,75538,1350006,209487
Alicante/Alacant,Fondó de les Neus (el)/Hondón de la,3077,2384,90,436,338,245,186,104,70,43,117,25,13,37,228,118,110,2401,469,2170,70281,260773,221826,150061,87339,47560,25484,14571,69773,8898,5608,15117,163228,87690,75538,1350006,209487
Alicante/Alacant,Formentera del Segura,3070,2231,211,491,453,353,194,110,53,27,123,16,14,31,427,244,183,3658,1155,2170,70281,260773,221826,150061,87339,47560,25484,14571,69773,8898,5608,15117,163228,87690,75538,1350006,209487
Alicante/Alacant,Gata de Gorgos,3071,2465,144,760,670,477,294,191,125,52,168,28,22,70,380,199,181,3916,535,2170,70281,260773,221826,150061,87339,47560,25484,14571,69773,8898,5608,15117,163228,87690,75538,1350006,209487
Alicante/Alacant,Granja de Rocamora,3074,2819,33,192,214,176,110,87,35,22,49,10,5,23,79,39,40,1182,147,2170,70281,260773,221826,150061,87339,47560,25484,14571,69773,8898,5608,15117,163228,87690,75538,1350006,209487
Alicante/Alacant,Guardamar del Segura,3076,1185,3508,3393,2198,1465,875,502,260,140,1550,80,37,130,5922,3620,2302,25514,5454,2170,70281,260773,221826,150061,87339,47560,25484,14571,69773,8898,5608,15117,163228,87690,75538,1350006,209487
Alicante/Alacant,Hondón de los Frailes,3078,2502,32,159,145,118,75,44,32,21,34,5,6,10,106,58,48,1131,344,2170,70281,260773,221826,150061,87339,47560,25484,14571,69773,8898,5608,15117,163228,87690,75538,1350006,209487
Alicante/Alacant,Ibi,3079,2075,373,3392,2802,1436,605,272,152,80,607,50,44,140,1112,554,558,12057,992,2170,70281,260773,221826,150061,87339,47560,25484,14571,69773,8898,5608,15117,163228,87690,75538,1350006,209487
Alicante/Alacant,Jacarilla,3080,2732,59,199,224,155,116,67,39,17,44,18,12,22,113,55,58,1327,242,2170,70281,260773,221826,150061,87339,47560,25484,14571,69773,8898,5608,15117,163228,87690,75538,1350006,209487
Alicante/Alacant,Jijona/Xixona,3083,2074,229,1076,897,493,264,134,53,33,234,14,18,29,496,246,250,5418,1448,2170,70281,260773,221826,150061,87339,47560,25484,14571,69773,8898,5608,15117,163228,87690,75538,1350006,209487
Alicante/Alacant,Jávea/Xàbia,3082,2550,832,4566,3775,2837,2044,1419,904,614,1403,413,304,834,2888,1457,1431,26819,3986,2170,70281,260773,221826,150061,87339,47560,25484,14571,69773,8898,5608,15117,163228,87690,75538,1350006,209487
Alicante/Alacant,Monforte del Cid,3088,2518,149,978,895,684,448,238,111,64,201,47,25,61,417,217,200,5007,689,2170,70281,260773,221826,150061,87339,47560,25484,14571,69773,8898,5608,15117,163228,87690,75538,1350006,209487
Alicante/Alacant,Montesinos (Los),3903,2416,162,625,590,402,287,141,77,38,133,27,18,44,364,202,162,3430,522,2170,70281,260773,221826,150061,87339,47560,25484,14571,69773,8898,5608,15117,163228,87690,75538,1350006,209487
Alicante/Alacant,Monóvar/Monòver,3089,2527,221,1340,1371,1034,625,322,176,86,311,43,41,88,672,355,317,8110,1780,2170,70281,260773,221826,150061,87339,47560,25484,14571,69773,8898,5608,15117,163228,87690,75538,1350006,209487
Alicante/Alacant,Muro de Alcoy,3092,2158,168,1302,1076,673,281,162,91,53,251,33,16,58,500,252,248,5093,429,2170,70281,260773,221826,150061,87339,47560,25484,14571,69773,8898,5608,15117,163228,87690,75538,1350006,209487
Alicante/Alacant,Mutxamel,3090,2764,264,2443,2751,2215,1349,796,402,243,489,145,92,193,978,494,484,13355,995,2170,70281,260773,221826,150061,87339,47560,25484,14571,69773,8898,5608,15117,163228,87690,75538,1350006,209487
Alicante/Alacant,Novelda,3093,2530,405,2793,2731,2030,1346,584,301,163,574,109,48,162,1144,577,567,13780,1390,2170,70281,260773,221826,150061,87339,47560,25484,14571,69773,8898,5608,15117,163228,87690,75538,1350006,209487
Alicante/Alacant,Nucia (la),3094,2987,190,1485,1620,1340,987,599,373,217,285,136,99,225,623,325,298,9562,1383,2170,70281,260773,221826,150061,87339,47560,25484,14571,69773,8898,5608,15117,163228,87690,75538,1350006,209487
Alicante/Alacant,Ondara,3095,2827,72,610,720,551,372,261,143,72,138,45,24,61,293,157,136,3936,574,2170,70281,260773,221826,150061,87339,47560,25484,14571,69773,8898,5608,15117,163228,87690,75538,1350006,209487
Alicante/Alacant,Onil,3096,2102,195,1182,969,589,301,142,84,47,276,22,19,41,467,239,228,4914,580,2170,70281,260773,221826,150061,87339,47560,25484,14571,69773,8898,5608,15117,163228,87690,75538,1350006,209487
Alicante/Alacant,Orba,3097,2903,43,265,255,215,160,108,70,40,69,26,16,32,122,63,59,1837,416,2170,70281,260773,221826,150061,87339,47560,25484,14571,69773,8898,5608,15117,163228,87690,75538,1350006,209487
Alicante/Alacant,Orihuela,3099,1919,5302,13292,9814,7344,4611,2635,1497,864,4730,568,310,898,12360,6771,5589,88508,24283,2170,70281,260773,221826,150061,87339,47560,25484,14571,69773,8898,5608,15117,163228,87690,75538,1350006,209487
Alicante/Alacant,Parcent,3100,2320,38,148,123,87,57,28,23,15,40,3,7,15,91,51,40,844,169,2170,70281,260773,221826,150061,87339,47560,25484,14571,69773,8898,5608,15117,163228,87690,75538,1350006,209487
Alicante/Alacant,Pedreguer,3101,2694,166,1020,943,733,484,350,185,128,221,90,52,152,540,296,244,6741,1677,2170,70281,260773,221826,150061,87339,47560,25484,14571,69773,8898,5608,15117,163228,87690,75538,1350006,209487
Alicante/Alacant,Pego,3102,2513,229,1234,1223,915,557,312,167,91,265,59,33,91,620,328,292,7321,1525,2170,70281,260773,221826,150061,87339,47560,25484,14571,69773,8898,5608,15117,163228,87690,75538,1350006,209487
Alicante/Alacant,Petrer *,3104,2787,370,2954,3770,2951,1800,869,423,240,616,141,75,186,1043,497,546,16474,1036,2170,70281,260773,221826,150061,87339,47560,25484,14571,69773,8898,5608,15117,163228,87690,75538,1350006,209487
Alicante/Alacant,Pilar de la Horadada,3902,1482,1497,4629,2814,1890,1267,770,421,227,2136,141,97,222,4959,2567,2392,24534,3464,2170,70281,260773,221826,150061,87339,47560,25484,14571,69773,8898,5608,15117,163228,87690,75538,1350006,209487
Alicante/Alacant,Pinós (el)/Pinoso,3105,2529,198,867,849,676,409,221,137,75,214,51,28,90,528,261,267,5040,697,2170,70281,260773,221826,150061,87339,47560,25484,14571,69773,8898,5608,15117,163228,87690,75538,1350006,209487
Alicante/Alacant,Poblets (els),3901,2766,73,407,378,322,248,139,112,72,106,28,25,64,294,169,125,2930,662,2170,70281,260773,221826,150061,87339,47560,25484,14571,69773,8898,5608,15117,163228,87690,75538,1350006,209487
Alicante/Alacant,Polop,3107,2478,94,642,586,449,258,176,77,56,161,34,21,40,307,147,160,3406,505,2170,70281,260773,221826,150061,87339,47560,25484,14571,69773,8898,5608,15117,163228,87690,75538,1350006,209487
Alicante/Alacant,Rafal,3109,2610,53,410,381,292,206,127,69,29,90,18,10,23,199,107,92,2137,230,2170,70281,260773,221826,150061,87339,47560,25484,14571,69773,8898,5608,15117,163228,87690,75538,1350006,209487
Alicante/Alacant,Redován *,3111,2743,71,656,722,600,363,198,95,55,139,26,16,38,248,117,131,3481,254,2170,70281,260773,221826,150061,87339,47560,25484,14571,69773,8898,5608,15117,163228,87690,75538,1350006,209487
Alicante/Alacant,Relleu,3112,1734,66,160,114,79,56,25,16,6,55,5,2,6,162,91,71,1377,625,2170,70281,260773,221826,150061,87339,47560,25484,14571,69773,8898,5608,15117,163228,87690,75538,1350006,209487
Alicante/Alacant,Resto de Alicante/Alacant,3999,2025,1008,3036,2366,1559,946,559,323,205,908,125,93,244,2346,1254,1092,20303,6585,2170,70281,260773,221826,150061,87339,47560,25484,14571,69773,8898,5608,15117,163228,87690,75538,1350006,209487
Alicante/Alacant,Rojales,3113,2582,535,1944,1996,1512,1028,707,389,251,570,150,120,258,1530,762,768,15790,4800,2170,70281,260773,221826,150061,87339,47560,25484,14571,69773,8898,5608,15117,163228,87690,75538,1350006,209487
Alicante/Alacant,Romana (la),3114,2469,70,335,291,233,147,94,43,24,85,18,8,27,196,109,87,1875,304,2170,70281,260773,221826,150061,87339,47560,25484,14571,69773,8898,5608,15117,163228,87690,75538,1350006,209487
Alicante/Alacant,Salinas,3116,2531,36,201,179,133,94,64,33,13,30,11,10,16,99,53,46,1124,205,2170,70281,260773,221826,150061,87339,47560,25484,14571,69773,8898,5608,15117,163228,87690,75538,1350006,209487
Alicante/Alacant,San Fulgencio,3118,2234,632,1286,1183,937,548,315,175,123,395,70,46,112,1230,707,523,10133,3081,2170,70281,260773,221826,150061,87339,47560,25484,14571,69773,8898,5608,15117,163228,87690,75538,1350006,209487
Alicante/Alacant,San Isidro,3904,2897,24,176,206,170,122,72,44,26,42,20,8,15,92,45,47,1195,178,2170,70281,260773,221826,150061,87339,47560,25484,14571,69773,8898,5608,15117,163228,87690,75538,1350006,209487
Alicante/Alacant,San Miguel de Salinas,3120,2431,290,841,772,595,366,243,154,100,239,65,39,95,628,355,273,6101,1674,2170,70281,260773,221826,150061,87339,47560,25484,14571,69773,8898,5608,15117,163228,87690,75538,1350006,209487
Alicante/Alacant,San Vicente del Raspeig/Sant Vicent,3122,2671,423,5671,6231,4807,2802,1417,718,353,1037,184,112,252,1523,686,837,27151,1621,2170,70281,260773,221826,150061,87339,47560,25484,14571,69773,8898,5608,15117,163228,87690,75538,1350006,209487
Alicante/Alacant,Sant Joan d'Alacant,3119,2537,287,2571,2594,1833,1118,572,289,147,478,80,51,149,783,406,377,11659,707,2170,70281,260773,221826,150061,87339,47560,25484,14571,69773,8898,5608,15117,163228,87690,75538,1350006,209487
Alicante/Alacant,Santa Pola,3121,1400,4450,7967,5077,3186,1840,981,495,251,3297,152,85,239,9501,5374,4127,45155,7634,2170,70281,260773,221826,150061,87339,47560,25484,14571,69773,8898,5608,15117,163228,87690,75538,1350006,209487
Alicante/Alacant,Sax,3123,2669,221,1142,1123,858,576,345,195,100,223,47,32,75,537,268,269,6296,822,2170,70281,260773,221826,150061,87339,47560,25484,14571,69773,8898,5608,15117,163228,87690,75538,1350006,209487
Alicante/Alacant,Teulada,3128,3005,312,1716,1714,1518,1134,712,465,307,448,204,150,385,980,522,458,12771,2726,2170,70281,260773,221826,150061,87339,47560,25484,14571,69773,8898,5608,15117,163228,87690,75538,1350006,209487
Alicante/Alacant,Tibi,3129,2146,69,310,255,176,109,56,36,26,93,14,13,17,216,110,106,1817,427,2170,70281,260773,221826,150061,87339,47560,25484,14571,69773,8898,5608,15117,163228,87690,75538,1350006,209487
Alicante/Alacant,Torrevieja,3133,1425,14988,17552,11742,7653,4422,2428,1246,719,6596,393,242,696,23513,14320,9193,122736,30546,2170,70281,260773,221826,150061,87339,47560,25484,14571,69773,8898,5608,15117,163228,87690,75538,1350006,209487
Alicante/Alacant,Verger (el),3138,2042,161,704,533,414,242,158,67,37,258,28,15,29,517,236,281,3914,751,2170,70281,260773,221826,150061,87339,47560,25484,14571,69773,8898,5608,15117,163228,87690,75538,1350006,209487
Alicante/Alacant,Villajoyosa/Vila Joiosa (la),3139,2009,1582,5385,4531,2758,1557,771,346,165,1456,105,55,165,3532,1920,1612,25780,3372,2170,70281,260773,221826,150061,87339,47560,25484,14571,69773,8898,5608,15117,163228,87690,75538,1350006,209487
Alicante/Alacant,Villena,3140,2272,589,4189,4015,2470,1189,573,243,161,894,114,70,174,1577,782,795,18609,2351,2170,70281,260773,221826,150061,87339,47560,25484,14571,69773,8898,5608,15117,163228,87690,75538,1350006,209487
Alicante/Alacant,Xaló,3081,2607,57,340,319,254,169,104,65,40,91,27,13,45,165,90,75,2243,554,2170,70281,260773,221826,150061,87339,47560,25484,14571,69773,8898,5608,15117,163228,87690,75538,1350006,209487
Almería,Abla,4001,1536,79,209,123,80,47,21,13,5,87,3,3,8,173,100,73,1076,225,2333,16069,80169,71340,52852,32573,17615,9267,4861,21060,2715,1708,4659,45653,23229,22424,433763,73222
Almería,Abrucena *,4002,1646,67,182,110,91,36,29,10,7,66,7,3,13,161,89,72,921,139,2333,16069,80169,71340,52852,32573,17615,9267,4861,21060,2715,1708,4659,45653,23229,22424,433763,73222
Almería,Adra,4003,2133,419,2994,2415,1610,835,405,197,91,736,46,32,94,1252,576,676,12315,1189,2333,16069,80169,71340,52852,32573,17615,9267,4861,21060,2715,1708,4659,45653,23229,22424,433763,73222
Almería,Albox,4006,2406,220,1281,1102,840,465,252,141,77,268,50,33,101,569,279,290,6919,1520,2333,16069,80169,71340,52852,32573,17615,9267,4861,21060,2715,1708,4659,45653,23229,22424,433763,73222
Almería,Alhama de Almería,4011,2322,83,389,393,278,161,80,48,20,112,12,5,16,251,125,126,2336,488,2333,16069,80169,71340,52852,32573,17615,9267,4861,21060,2715,1708,4659,45653,23229,22424,433763,73222
Almería,Almería,4013,2490,2516,21160,20902,15415,8777,4610,2228,1093,4446,592,362,928,7963,3858,4105,100957,9965,2333,16069,80169,71340,52852,32573,17615,9267,4861,21060,2715,1708,4659,45653,23229,22424,433763,73222
Almería,Antas,4016,2542,68,339,296,237,166,107,63,26,96,24,18,41,201,101,100,1958,276,2333,16069,80169,71340,52852,32573,17615,9267,4861,21060,2715,1708,4659,45653,23229,22424,433763,73222
Almería,Arboleas,4017,3033,53,377,396,395,261,179,79,53,89,32,18,38,160,89,71,2775,645,2333,16069,80169,71340,52852,32573,17615,9267,4861,21060,2715,1708,4659,45653,23229,22424,433763,73222
Almería,Balanegra,4904,2132,58,354,289,215,115,63,24,27,106,10,4,8,203,99,104,1712,236,2333,16069,80169,71340,52852,32573,17615,9267,4861,21060,2715,1708,4659,45653,23229,22424,433763,73222
Almería,Benahadux,4024,2953,38,328,392,366,267,130,70,34,91,17,7,23,133,60,73,2125,229,2333,16069,80169,71340,52852,32573,17615,9267,4861,21060,2715,1708,4659,45653,23229,22424,433763,73222
Almería,Berja,4029,2421,204,1333,1233,841,604,334,171,75,334,56,37,104,675,324,351,6748,747,2333,16069,80169,71340,52852,32573,17615,9267,4861,21060,2715,1708,4659,45653,23229,22424,433763,73222
Almería,Canjáyar,4030,1743,64,184,130,65,35,19,11,5,62,8,0,7,116,60,56,1124,418,2333,16069,80169,71340,52852,32573,17615,9267,4861,21060,2715,1708,4659,45653,23229,22424,433763,73222
Almería,Cantoria,4031,2306,102,356,380,222,140,81,34,21,92,8,6,19,232,113,119,2499,806,2333,16069,80169,71340,52852,32573,17615,9267,4861,21060,2715,1708,4659,45653,23229,22424,433763,73222
Almería,Carboneras,4032,1815,404,1189,856,593,340,218,100,56,433,27,26,47,1021,512,509,6292,982,2333,16069,80169,71340,52852,32573,17615,9267,4861,21060,2715,1708,4659,45653,23229,22424,433763,73222
Almería,Chirivel,4037,2142,85,170,146,107,76,33,19,13,55,9,8,26,148,89,59,1477,582,2333,16069,80169,71340,52852,32573,17615,9267,4861,21060,2715,1708,4659,45653,23229,22424,433763,73222
Almería,Cuevas del Almanzora,4035,2129,452,1730,1439,1014,657,271,192,97,500,51,42,110,1207,620,587,10472,2710,2333,16069,80169,71340,52852,32573,17615,9267,4861,21060,2715,1708,4659,45653,23229,22424,433763,73222
Almería,Dalías,4038,2284,70,446,417,282,158,88,43,17,112,12,5,21,257,131,126,2190,262,2333,16069,80169,71340,52852,32573,17615,9267,4861,21060,2715,1708,4659,45653,23229,22424,433763,73222
Almería,Ejido (El) *,4902,2462,915,9004,8137,6027,3803,2032,1093,597,2097,338,196,526,3530,1602,1928,40014,1719,2333,16069,80169,71340,52852,32573,17615,9267,4861,21060,2715,1708,4659,45653,23229,22424,433763,73222
Almería,Fines,4044,2454,47,214,226,145,91,52,23,17,42,7,3,27,115,52,63,1217,208,2333,16069,80169,71340,52852,32573,17615,9267,4861,21060,2715,1708,4659,45653,23229,22424,433763,73222
Almería,Fiñana,4045,1905,99,267,183,138,84,44,13,8,69,13,7,13,220,99,121,1580,422,2333,16069,80169,71340,52852,32573,17615,9267,4861,21060,2715,1708,4659,45653,23229,22424,433763,73222
Almería,Fondón,4046,1126,118,183,113,75,38,17,15,2,86,1,6,5,294,165,129,1452,499,2333,16069,80169,71340,52852,32573,17615,9267,4861,21060,2715,1708,4659,45653,23229,22424,433763,73222
Almería,Gallardos (Los),4048,2656,60,235,246,223,145,77,47,27,74,15,15,27,173,95,78,1814,450,2333,16069,80169,71340,52852,32573,17615,9267,4861,21060,2715,1708,4659,45653,23229,22424,433763,73222
Almería,Garrucha,4049,1812,554,1337,931,726,391,211,85,50,399,23,13,51,1149,644,505,7060,1140,2333,16069,80169,71340,52852,32573,17615,9267,4861,21060,2715,1708,4659,45653,23229,22424,433763,73222
Almería,Gádor,4047,2594,53,238,220,189,163,64,36,14,70,8,4,17,154,70,84,1701,471,2333,16069,80169,71340,52852,32573,17615,9267,4861,21060,2715,1708,4659,45653,23229,22424,433763,73222
Almería,Gérgal,4050,1506,74,180,92,62,36,18,10,4,57,5,6,11,152,97,55,1153,446,2333,16069,80169,71340,52852,32573,17615,9267,4861,21060,2715,1708,4659,45653,23229,22424,433763,73222
Almería,Huércal de Almería,4052,3359,92,943,1307,1411,1069,654,347,168,166,88,44,89,354,178,176,7221,489,2333,16069,80169,71340,52852,32573,17615,9267,4861,21060,2715,1708,4659,45653,23229,22424,433763,73222
Almería,Huércal-Overa,4053,2438,254,1994,1807,1330,790,459,214,99,448,59,39,114,853,421,432,11071,2611,2333,16069,80169,71340,52852,32573,17615,9267,4861,21060,2715,1708,4659,45653,23229,22424,433763,73222
Almería,Lubrín,4059,1935,110,219,179,110,76,35,17,6,82,6,6,11,176,95,81,1878,845,2333,16069,80169,71340,52852,32573,17615,9267,4861,21060,2715,1708,4659,45653,23229,22424,433763,73222
Almería,Láujar de Andarax,4057,1880,120,212,180,85,69,28,20,10,69,13,4,12,200,112,88,1469,447,2333,16069,80169,71340,52852,32573,17615,9267,4861,21060,2715,1708,4659,45653,23229,22424,433763,73222
Almería,Macael,4062,2464,89,524,551,409,209,118,71,32,121,12,12,21,256,115,141,3006,581,2333,16069,80169,71340,52852,32573,17615,9267,4861,21060,2715,1708,4659,45653,23229,22424,433763,73222
Almería,María,4063,2160,91,118,128,86,40,22,14,15,36,2,3,11,118,72,46,1128,444,2333,16069,80169,71340,52852,32573,17615,9267,4861,21060,2715,1708,4659,45653,23229,22424,433763,73222
Almería,Mojonera (La) *,4903,2786,51,597,476,413,333,206,118,52,129,33,21,46,213,95,118,2818,130,2333,16069,80169,71340,52852,32573,17615,9267,4861,21060,2715,1708,4659,45653,23229,22424,433763,73222
Almería,Mojácar,4064,1723,625,1550,1036,722,444,244,147,107,597,71,45,138,1513,774,739,9663,2424,2333,16069,80169,71340,52852,32573,17615,9267,4861,21060,2715,1708,4659,45653,23229,22424,433763,73222
Almería,Níjar,4066,2594,443,2756,2362,1784,1391,931,635,357,845,233,163,478,1765,829,936,15503,1360,2333,16069,80169,71340,52852,32573,17615,9267,4861,21060,2715,1708,4659,45653,23229,22424,433763,73222
Almería,Olula del Río,4069,2505,97,694,702,494,269,151,72,35,147,23,15,48,250,132,118,3658,661,2333,16069,80169,71340,52852,32573,17615,9267,4861,21060,2715,1708,4659,45653,23229,22424,433763,73222
Almería,Oria,4070,2237,94,270,240,164,98,66,35,18,74,5,3,23,175,93,82,1946,681,2333,16069,80169,71340,52852,32573,17615,9267,4861,21060,2715,1708,4659,45653,23229,22424,433763,73222
Almería,Partaloa,4072,2740,8,95,65,59,50,36,23,17,18,4,2,10,54,30,24,641,200,2333,16069,80169,71340,52852,32573,17615,9267,4861,21060,2715,1708,4659,45653,23229,22424,433763,73222
Almería,Pechina,4074,2918,57,340,306,286,235,136,86,45,67,21,16,30,186,96,90,2689,878,2333,16069,80169,71340,52852,32573,17615,9267,4861,21060,2715,1708,4659,45653,23229,22424,433763,73222
Almería,Pulpí,4075,1814,498,1454,1042,770,451,261,143,63,531,35,23,82,1324,687,637,8663,1986,2333,16069,80169,71340,52852,32573,17615,9267,4861,21060,2715,1708,4659,45653,23229,22424,433763,73222
Almería,Purchena,4076,2094,52,191,175,100,68,24,10,8,52,11,1,14,133,83,50,1161,322,2333,16069,80169,71340,52852,32573,17615,9267,4861,21060,2715,1708,4659,45653,23229,22424,433763,73222
Almería,Resto de Almería,4999,1624,1421,2800,1909,1157,714,357,193,104,956,73,45,163,2777,1565,1212,21017,8348,2333,16069,80169,71340,52852,32573,17615,9267,4861,21060,2715,1708,4659,45653,23229,22424,433763,73222
Almería,Rioja,4078,2761,24,120,113,104,83,40,23,14,37,7,2,10,74,27,47,800,149,2333,16069,80169,71340,52852,32573,17615,9267,4861,21060,2715,1708,4659,45653,23229,22424,433763,73222
Almería,Roquetas de Mar,4079,2286,2271,11366,10223,7530,4745,2415,1290,683,3058,320,199,524,7159,3634,3525,62150,10367,2333,16069,80169,71340,52852,32573,17615,9267,4861,21060,2715,1708,4659,45653,23229,22424,433763,73222
Almería,Serón,4083,1715,150,308,219,132,74,28,19,9,94,7,4,17,240,148,92,1851,550,2333,16069,80169,71340,52852,32573,17615,9267,4861,21060,2715,1708,4659,45653,23229,22424,433763,73222
Almería,Sorbas,4086,2227,103,284,227,186,121,69,38,19,105,15,5,25,225,126,99,2275,853,2333,16069,80169,71340,52852,32573,17615,9267,4861,21060,2715,1708,4659,45653,23229,22424,433763,73222
Almería,Tabernas,4088,2374,104,384,351,276,179,105,51,36,130,17,10,30,266,137,129,2642,703,2333,16069,80169,71340,52852,32573,17615,9267,4861,21060,2715,1708,4659,45653,23229,22424,433763,73222
Almería,Turre,4093,2529,147,401,424,306,211,119,75,40,115,34,14,44,291,163,128,3216,995,2333,16069,80169,71340,52852,32573,17615,9267,4861,21060,2715,1708,4659,45653,23229,22424,433763,73222
Almería,Tíjola,4092,2324,80,352,318,246,141,71,34,23,103,13,10,38,227,135,92,2235,579,2333,16069,80169,71340,52852,32573,17615,9267,4861,21060,2715,1708,4659,45653,23229,22424,433763,73222
Almería,Vera,4100,1384,1380,3280,2023,1421,878,497,269,142,1476,63,56,133,4158,2322,1836,20964,5188,2333,16069,80169,71340,52852,32573,17615,9267,4861,21060,2715,1708,4659,45653,23229,22424,433763,73222
Almería,Viator,4101,2959,64,472,492,479,306,185,89,55,97,28,8,39,189,94,95,2723,220,2333,16069,80169,71340,52852,32573,17615,9267,4861,21060,2715,1708,4659,45653,23229,22424,433763,73222
Almería,Vélez-Blanco,4098,1727,171,284,203,130,57,36,20,14,96,8,3,22,269,147,122,2414,1101,2333,16069,80169,71340,52852,32573,17615,9267,4861,21060,2715,1708,4659,45653,23229,22424,433763,73222
Almería,Vélez-Rubio,4099,2246,222,834,698,464,323,161,71,57,212,36,29,66,527,281,246,4837,1137,2333,16069,80169,71340,52852,32573,17615,9267,4861,21060,2715,1708,4659,45653,23229,22424,433763,73222
Almería,Vícar,4102,2530,307,2371,2180,1736,1108,644,325,169,564,86,58,126,1049,513,536,12123,1400,2333,16069,80169,71340,52852,32573,17615,9267,4861,21060,2715,1708,4659,45653,23229,22424,433763,73222
Almería,Zurgena,4103,2750,42,277,237,226,150,82,53,28,56,18,9,14,123,76,47,2114,799,2333,16069,80169,71340,52852,32573,17615,9267,4861,21060,2715,1708,4659,45653,23229,22424,433763,73222
Araba/Álava,Agurain/Salvatierra *,1051,1712,144,823,544,194,56,32,7,6,184,10,3,7,299,153,146,2557,248,1693,5972,61538,36058,12536,4406,1912,926,604,13532,399,285,1079,17874,7925,9949,168086,10965
Araba/Álava,Alegría-Dulantzi *,1001,1973,52,378,320,160,48,20,5,5,65,4,5,4,148,79,69,1290,76,1693,5972,61538,36058,12536,4406,1912,926,604,13532,399,285,1079,17874,7925,9949,168086,10965
Araba/Álava,Amurrio *,1002,1846,193,1614,1137,451,160,79,42,23,370,14,12,37,465,211,254,4953,356,1693,5972,61538,36058,12536,4406,1912,926,604,13532,399,285,1079,17874,7925,9949,168086,10965
Araba/Álava,Aramaio,1003,2281,12,162,169,90,40,25,13,4,33,3,2,6,51,18,33,728,118,1693,5972,61538,36058,12536,4406,1912,926,604,13532,399,285,1079,17874,7925,9949,168086,10965
Araba/Álava,Arratzua-Ubarrundia,1008,2540,18,96,105,80,52,28,10,9,23,4,3,7,58,31,27,542,49,1693,5972,61538,36058,12536,4406,1912,926,604,13532,399,285,1079,17874,7925,9949,168086,10965
Araba/Álava,Artziniega,1004,1933,58,270,211,117,52,20,15,5,56,7,5,11,148,77,71,1134,159,1693,5972,61538,36058,12536,4406,1912,926,604,13532,399,285,1079,17874,7925,9949,168086,10965
Araba/Álava,Asparrena,1009,1768,60,295,206,100,37,14,3,4,76,3,2,10,145,74,71,1126,171,1693,5972,61538,36058,12536,4406,1912,926,604,13532,399,285,1079,17874,7925,9949,168086,10965
Araba/Álava,Ayala/Aiara,1010,2338,50,301,350,224,92,50,26,9,69,7,4,15,131,65,66,1547,219,1693,5972,61538,36058,12536,4406,1912,926,604,13532,399,285,1079,17874,7925,9949,168086,10965
Araba/Álava,Campezo/Kanpezu,1017,1751,52,188,167,66,32,12,7,5,71,7,1,2,130,65,65,964,224,1693,5972,61538,36058,12536,4406,1912,926,604,13532,399,285,1079,17874,7925,9949,168086,10965
Araba/Álava,Erriberabeitia,1047,2209,35,147,115,105,45,14,8,1,50,2,3,8,57,30,27,718,128,1693,5972,61538,36058,12536,4406,1912,926,604,13532,399,285,1079,17874,7925,9949,168086,10965
Araba/Álava,Iruña Oka/Iruña de Oca,1901,2157,59,410,395,230,84,35,21,4,84,3,3,14,154,69,85,1609,113,1693,5972,61538,36058,12536,4406,1912,926,604,13532,399,285,1079,17874,7925,9949,168086,10965
Araba/Álava,Labastida/Bastida *,1028,1044,244,366,187,83,37,22,2,8,161,4,4,4,506,305,201,1943,315,1693,5972,61538,36058,12536,4406,1912,926,604,13532,399,285,1079,17874,7925,9949,168086,10965
Araba/Álava,Laguardia *,1031,1647,116,269,188,102,44,25,20,14,93,7,7,22,248,134,114,1375,220,1693,5972,61538,36058,12536,4406,1912,926,604,13532,399,285,1079,17874,7925,9949,168086,10965
Araba/Álava,Laudio/Llodio *,1036,1777,303,3159,2079,729,281,129,48,30,680,29,17,46,863,392,471,9002,609,1693,5972,61538,36058,12536,4406,1912,926,604,13532,399,285,1079,17874,7925,9949,168086,10965
Araba/Álava,Legutio,1058,1908,40,302,221,92,52,28,9,9,71,4,4,11,114,65,49,1033,76,1693,5972,61538,36058,12536,4406,1912,926,604,13532,399,285,1079,17874,7925,9949,168086,10965
Araba/Álava,Okondo *,1042,2093,23,151,129,67,31,18,9,5,38,3,1,5,59,31,28,597,58,1693,5972,61538,36058,12536,4406,1912,926,604,13532,399,285,1079,17874,7925,9949,168086,10965
Araba/Álava,Oyón-Oion *,1043,1865,113,452,373,169,74,39,14,10,117,4,2,5,263,128,135,1890,255,1693,5972,61538,36058,12536,4406,1912,926,604,13532,399,285,1079,17874,7925,9949,168086,10965
Araba/Álava,Resto de Araba/Álava,1999,1782,740,2162,1567,1002,479,221,115,73,704,36,20,96,1559,842,717,10788,2014,1693,5972,61538,36058,12536,4406,1912,926,604,13532,399,285,1079,17874,7925,9949,168086,10965
Araba/Álava,Urkabustaiz,1054,1732,50,213,150,91,39,12,4,5,66,3,2,13,131,64,67,903,124,1693,5972,61538,36058,12536,4406,1912,926,604,13532,399,285,1079,17874,7925,9949,168086,10965
Araba/Álava,Valdegovía/Gaubea,1055,1432,74,274,150,65,40,16,6,4,88,6,1,9,218,104,114,1242,291,1693,5972,61538,36058,12536,4406,1912,926,604,13532,399,285,1079,17874,7925,9949,168086,10965
Araba/Álava,Vitoria-Gasteiz *,1059,1653,3471,49072,26802,7989,2440,976,498,340,10316,218,168,711,11951,4916,7035,119853,4901,1693,5972,61538,36058,12536,4406,1912,926,604,13532,399,285,1079,17874,7925,9949,168086,10965
Araba/Álava,Zigoitia,1018,2648,34,181,213,158,97,40,17,15,45,11,10,16,69,29,40,976,70,1693,5972,61538,36058,12536,4406,1912,926,604,13532,399,285,1079,17874,7925,9949,168086,10965
Araba/Álava,Zuia,1063,2395,31,253,280,172,94,57,27,16,72,10,6,20,107,43,64,1316,171,1693,5972,61538,36058,12536,4406,1912,926,604,13532,399,285,1079,17874,7925,9949,168086,10965
Asturias,Allande,33001,1896,96,244,185,91,61,33,21,17,88,5,6,24,149,86,63,1718,698,1792,27416,187008,116901,53061,26588,14551,8793,5410,43964,3441,2369,6531,77595,37934,39661,674342,100714
Asturias,Aller,33002,1664,581,1987,1246,579,259,109,70,43,548,25,26,68,1179,625,554,11034,4314,1792,27416,187008,116901,53061,26588,14551,8793,5410,43964,3441,2369,6531,77595,37934,39661,674342,100714
Asturias,Avilés,33004,2018,1102,12663,9053,4214,2384,1388,789,482,2419,263,179,369,3572,1647,1925,42296,3419,1792,27416,187008,116901,53061,26588,14551,8793,5410,43964,3441,2369,6531,77595,37934,39661,674342,100714
Asturias,Belmonte de Miranda,33005,1649,157,298,148,120,74,30,17,14,90,6,10,19,251,129,122,2747,1513,1792,27416,187008,116901,53061,26588,14551,8793,5410,43964,3441,2369,6531,77595,37934,39661,674342,100714
Asturias,Bimenes,33006,1852,70,253,190,122,57,28,14,10,68,8,4,8,192,95,97,2356,1332,1792,27416,187008,116901,53061,26588,14551,8793,5410,43964,3441,2369,6531,77595,37934,39661,674342,100714
Asturias,Boal,33007,1691,90,220,158,87,38,36,16,11,93,5,3,26,186,103,83,1817,848,1792,27416,187008,116901,53061,26588,14551,8793,5410,43964,3441,2369,6531,77595,37934,39661,674342,100714
Asturias,Cabrales,33008,1440,182,366,225,110,55,23,20,15,132,8,4,45,377,207,170,3111,1549,1792,27416,187008,116901,53061,26588,14551,8793,5410,43964,3441,2369,6531,77595,37934,39661,674342,100714
Asturias,Cabranes,33009,1639,83,192,136,72,40,23,10,3,59,8,3,10,164,103,61,1231,428,1792,27416,187008,116901,53061,26588,14551,8793,5410,43964,3441,2369,6531,77595,37934,39661,674342,100714
Asturias,Candamo,33010,2246,59,271,223,152,100,53,28,19,64,10,6,16,160,96,64,1501,340,1792,27416,187008,116901,53061,26588,14551,8793,5410,43964,3441,2369,6531,77595,37934,39661,674342,100714
Asturias,Cangas de Onís,33012,1663,331,1246,743,344,196,99,55,42,372,27,18,70,777,403,374,5259,939,1792,27416,187008,116901,53061,26588,14551,8793,5410,43964,3441,2369,6531,77595,37934,39661,674342,100714
Asturias,Cangas del Narcea,33011,2254,349,1523,1179,702,496,322,211,129,353,98,63,148,822,429,393,7823,1428,1792,27416,187008,116901,53061,26588,14551,8793,5410,43964,3441,2369,6531,77595,37934,39661,674342,100714
Asturias,Carreño,33014,2269,325,1390,1111,740,485,348,224,153,384,95,73,118,920,499,421,7239,873,1792,27416,187008,116901,53061,26588,14551,8793,5410,43964,3441,2369,6531,77595,37934,39661,674342,100714
Asturias,Caso,33015,1109,141,297,146,50,22,10,13,3,147,2,3,13,320,165,155,1864,697,1792,27416,187008,116901,53061,26588,14551,8793,5410,43964,3441,2369,6531,77595,37934,39661,674342,100714
Asturias,Castrillón,33016,1933,485,3836,2731,1340,650,371,201,113,851,78,41,140,1520,733,787,13184,827,1792,27416,187008,116901,53061,26588,14551,8793,5410,43964,3441,2369,6531,77595,37934,39661,674342,100714
Asturias,Castropol,33017,1951,153,439,313,232,142,66,37,27,120,18,9,36,361,193,168,2576,623,1792,27416,187008,116901,53061,26588,14551,8793,5410,43964,3441,2369,6531,77595,37934,39661,674342,100714
Asturias,Coaña,33018,2401,75,353,286,241,143,77,29,24,70,23,10,32,193,104,89,2149,593,1792,27416,187008,116901,53061,26588,14551,8793,5410,43964,3441,2369,6531,77595,37934,39661,674342,100714
Asturias,Colunga,33019,1447,354,888,462,289,130,108,50,26,282,26,16,61,887,484,403,4322,743,1792,27416,187008,116901,53061,26588,14551,8793,5410,43964,3441,2369,6531,77595,37934,39661,674342,100714
Asturias,Corvera de Asturias,33020,2129,223,2247,1781,986,502,259,144,93,396,52,27,67,675,298,377,8456,1004,1792,27416,187008,116901,53061,26588,14551,8793,5410,43964,3441,2369,6531,77595,37934,39661,674342,100714
Asturias,Cudillero,33021,1893,291,942,714,428,250,138,107,40,300,40,21,49,685,348,337,5184,1179,1792,27416,187008,116901,53061,26588,14551,8793,5410,43964,3441,2369,6531,77595,37934,39661,674342,100714
Asturias,Franco (El),33023,2174,110,489,397,267,168,89,57,31,125,23,12,45,312,154,158,2609,484,1792,27416,187008,116901,53061,26588,14551,8793,5410,43964,3441,2369,6531,77595,37934,39661,674342,100714
Asturias,Gijón *,33024,1835,4998,49232,30688,13343,6646,3684,2173,1237,10508,787,520,1299,15533,7120,8413,148955,8307,1792,27416,187008,116901,53061,26588,14551,8793,5410,43964,3441,2369,6531,77595,37934,39661,674342,100714
Asturias,Gozón,33025,1659,584,1914,1269,746,426,249,157,89,655,64,46,98,1737,961,776,8860,826,1792,27416,187008,116901,53061,26588,14551,8793,5410,43964,3441,2369,6531,77595,37934,39661,674342,100714
Asturias,Grado,33026,1993,352,1561,1099,652,346,227,153,98,367,58,40,114,877,482,395,7818,1874,1792,27416,187008,116901,53061,26588,14551,8793,5410,43964,3441,2369,6531,77595,37934,39661,674342,100714
Asturias,Ibias,33028,1347,129,243,141,48,29,9,4,4,71,0,0,7,204,122,82,1555,666,1792,27416,187008,116901,53061,26588,14551,8793,5410,43964,3441,2369,6531,77595,37934,39661,674342,100714
Asturias,Illas,33030,2490,24,104,116,90,52,23,13,6,25,9,4,11,64,36,28,662,121,1792,27416,187008,116901,53061,26588,14551,8793,5410,43964,3441,2369,6531,77595,37934,39661,674342,100714
Asturias,Langreo,33031,1877,963,6938,4374,2087,1016,586,411,294,1457,183,133,306,2469,1178,1291,25962,4745,1792,27416,187008,116901,53061,26588,14551,8793,5410,43964,3441,2369,6531,77595,37934,39661,674342,100714
Asturias,Laviana,33032,1768,543,2533,1608,740,310,152,99,85,594,48,38,85,1161,556,605,9681,1685,1792,27416,187008,116901,53061,26588,14551,8793,5410,43964,3441,2369,6531,77595,37934,39661,674342,100714
Asturias,Lena,33033,1657,468,2130,1333,531,223,108,75,42,552,31,16,62,1077,545,532,8156,1508,1792,27416,187008,116901,53061,26588,14551,8793,5410,43964,3441,2369,6531,77595,37934,39661,674342,100714
Asturias,Llanera,33035,2363,180,1734,1479,940,537,317,185,127,308,85,52,116,587,305,282,7371,724,1792,27416,187008,116901,53061,26588,14551,8793,5410,43964,3441,2369,6531,77595,37934,39661,674342,100714
Asturias,Llanes,33036,1356,1280,3105,1802,954,577,281,163,89,1215,76,50,153,3380,1874,1506,16223,3098,1792,27416,187008,116901,53061,26588,14551,8793,5410,43964,3441,2369,6531,77595,37934,39661,674342,100714
Asturias,Mieres,33037,1891,876,6525,4170,1869,936,647,459,293,1402,197,115,268,2374,1171,1203,25878,5747,1792,27416,187008,116901,53061,26588,14551,8793,5410,43964,3441,2369,6531,77595,37934,39661,674342,100714
Asturias,Morcín,33038,1909,92,396,336,162,80,38,16,5,130,8,7,14,215,112,103,1973,474,1792,27416,187008,116901,53061,26588,14551,8793,5410,43964,3441,2369,6531,77595,37934,39661,674342,100714
Asturias,Muros de Nalón,33039,1653,138,394,262,169,93,46,29,27,139,11,9,23,377,208,169,2070,353,1792,27416,187008,116901,53061,26588,14551,8793,5410,43964,3441,2369,6531,77595,37934,39661,674342,100714
Asturias,Nava,33040,2011,159,808,594,379,190,88,62,40,205,20,14,55,415,225,190,4240,1211,1792,27416,187008,116901,53061,26588,14551,8793,5410,43964,3441,2369,6531,77595,37934,39661,674342,100714
Asturias,Navia,33041,2014,287,1138,863,484,300,192,123,79,326,38,28,90,694,365,329,5447,805,1792,27416,187008,116901,53061,26588,14551,8793,5410,43964,3441,2369,6531,77595,37934,39661,674342,100714
Asturias,Noreña,33042,2016,86,789,559,283,150,72,59,22,172,19,10,50,234,117,117,2976,471,1792,27416,187008,116901,53061,26588,14551,8793,5410,43964,3441,2369,6531,77595,37934,39661,674342,100714
Asturias,Oviedo,33044,1613,3814,47932,25053,7862,2956,1329,743,516,11053,323,254,831,15170,6611,8559,127210,9374,1792,27416,187008,116901,53061,26588,14551,8793,5410,43964,3441,2369,6531,77595,37934,39661,674342,100714
Asturias,Parres,33045,1657,255,1064,604,316,179,74,45,31,298,19,9,30,566,292,274,4467,977,1792,27416,187008,116901,53061,26588,14551,8793,5410,43964,3441,2369,6531,77595,37934,39661,674342,100714
Asturias,Peñamellera Baja,33047,1497,113,261,157,81,45,22,11,8,99,5,3,15,233,129,104,1976,923,1792,27416,187008,116901,53061,26588,14551,8793,5410,43964,3441,2369,6531,77595,37934,39661,674342,100714
Asturias,Piloña,33049,1695,400,1391,911,496,227,119,79,35,367,25,19,62,922,446,476,8470,3417,1792,27416,187008,116901,53061,26588,14551,8793,5410,43964,3441,2369,6531,77595,37934,39661,674342,100714
Asturias,Pravia,33051,1889,284,1399,1033,512,243,131,69,44,324,24,14,52,706,369,337,6149,1314,1792,27416,187008,116901,53061,26588,14551,8793,5410,43964,3441,2369,6531,77595,37934,39661,674342,100714
Asturias,Quirós,33053,1279,134,279,133,65,29,8,2,5,92,2,1,4,258,146,112,2126,1114,1792,27416,187008,116901,53061,26588,14551,8793,5410,43964,3441,2369,6531,77595,37934,39661,674342,100714
Asturias,Regueras (Las),33054,2527,55,209,191,155,93,42,33,22,52,14,4,20,101,44,57,1307,316,1792,27416,187008,116901,53061,26588,14551,8793,5410,43964,3441,2369,6531,77595,37934,39661,674342,100714
Asturias,Resto de Asturias,33999,1499,685,1707,1040,525,250,134,79,38,547,28,29,99,1411,799,612,13653,7081,1792,27416,187008,116901,53061,26588,14551,8793,5410,43964,3441,2369,6531,77595,37934,39661,674342,100714
Asturias,Ribadedeva,33055,1227,216,394,220,118,63,36,15,12,150,5,3,15,485,271,214,2188,456,1792,27416,187008,116901,53061,26588,14551,8793,5410,43964,3441,2369,6531,77595,37934,39661,674342,100714
Asturias,Ribadesella,33056,1447,551,1307,801,433,223,136,85,48,471,30,15,66,1329,693,636,6220,725,1792,27416,187008,116901,53061,26588,14551,8793,5410,43964,3441,2369,6531,77595,37934,39661,674342,100714
Asturias,Ribera de Arriba,33057,2365,40,233,192,132,68,31,30,17,52,12,9,35,110,59,51,1167,206,1792,27416,187008,116901,53061,26588,14551,8793,5410,43964,3441,2369,6531,77595,37934,39661,674342,100714
Asturias,Riosa,33058,1817,99,300,200,106,49,32,22,9,81,4,10,10,170,93,77,1475,383,1792,27416,187008,116901,53061,26588,14551,8793,5410,43964,3441,2369,6531,77595,37934,39661,674342,100714
Asturias,Salas,33059,1843,278,830,561,354,195,90,55,30,226,14,22,80,577,300,277,4686,1374,1792,27416,187008,116901,53061,26588,14551,8793,5410,43964,3441,2369,6531,77595,37934,39661,674342,100714
Asturias,San Martín del Rey Aurelio,33060,1785,545,3075,1908,880,367,215,146,98,701,58,38,100,1276,692,584,11797,2390,1792,27416,187008,116901,53061,26588,14551,8793,5410,43964,3441,2369,6531,77595,37934,39661,674342,100714
Asturias,Sariego,33065,2543,22,143,153,122,55,28,18,9,33,7,5,8,66,43,23,860,191,1792,27416,187008,116901,53061,26588,14551,8793,5410,43964,3441,2369,6531,77595,37934,39661,674342,100714
Asturias,Siero,33066,1935,947,8347,5837,2865,1472,677,447,252,1871,153,127,327,2990,1379,1611,29569,3257,1792,27416,187008,116901,53061,26588,14551,8793,5410,43964,3441,2369,6531,77595,37934,39661,674342,100714
Asturias,Somiedo,33068,1242,163,237,126,70,27,16,8,7,97,5,5,19,293,167,126,2347,1274,1792,27416,187008,116901,53061,26588,14551,8793,5410,43964,3441,2369,6531,77595,37934,39661,674342,100714
Asturias,Soto del Barco,33069,1612,246,690,482,278,154,98,38,35,245,14,13,22,689,366,323,3627,623,1792,27416,187008,116901,53061,26588,14551,8793,5410,43964,3441,2369,6531,77595,37934,39661,674342,100714
Asturias,Tapia de Casariego,33070,1667,228,624,399,282,159,103,53,36,216,22,19,37,617,333,284,3407,612,1792,27416,187008,116901,53061,26588,14551,8793,5410,43964,3441,2369,6531,77595,37934,39661,674342,100714
Asturias,Teverga,33072,1339,120,338,185,92,39,18,9,6,113,1,3,17,334,189,145,1894,619,1792,27416,187008,116901,53061,26588,14551,8793,5410,43964,3441,2369,6531,77595,37934,39661,674342,100714
Asturias,Tineo,33073,2064,367,1128,846,513,272,179,95,51,298,50,39,191,679,346,333,6960,2252,1792,27416,187008,116901,53061,26588,14551,8793,5410,43964,3441,2369,6531,77595,37934,39661,674342,100714
Asturias,Valdés,33034,1906,519,1667,1232,702,445,246,145,100,472,63,38,132,1233,697,536,9163,2169,1792,27416,187008,116901,53061,26588,14551,8793,5410,43964,3441,2369,6531,77595,37934,39661,674342,100714
Asturias,Vegadeo,33074,1750,180,618,379,224,100,67,43,29,161,17,11,39,393,204,189,2970,709,1792,27416,187008,116901,53061,26588,14551,8793,5410,43964,3441,2369,6531,77595,37934,39661,674342,100714
Asturias,Villaviciosa,33076,1868,696,3021,2051,1169,678,362,211,134,826,85,61,187,1797,933,864,13246,1968,1792,27416,187008,116901,53061,26588,14551,8793,5410,43964,3441,2369,6531,77595,37934,39661,674342,100714
Asturias,Villayón,33077,2135,43,126,87,66,37,29,18,6,32,7,2,18,90,55,35,1105,544,1792,27416,187008,116901,53061,26588,14551,8793,5410,43964,3441,2369,6531,77595,37934,39661,674342,100714
Badajoz,Aceuchal *,6002,2816,101,399,373,351,255,180,92,51,114,29,15,37,259,130,129,2663,407,2401,17570,73527,72455,51586,30216,15635,7955,4187,17402,2381,1489,4019,38008,20103,17905,398348,61918
Badajoz,Alange,6004,2487,46,178,186,153,89,47,16,15,45,8,5,12,117,59,58,1205,288,2401,17570,73527,72455,51586,30216,15635,7955,4187,17402,2381,1489,4019,38008,20103,17905,398348,61918
Badajoz,Albuera (La),6005,2429,37,202,166,156,88,47,30,12,59,12,4,10,118,58,60,1072,131,2401,17570,73527,72455,51586,30216,15635,7955,4187,17402,2381,1489,4019,38008,20103,17905,398348,61918
Badajoz,Alburquerque,6006,2056,199,671,548,356,184,88,54,30,201,14,5,37,376,209,167,3608,845,2401,17570,73527,72455,51586,30216,15635,7955,4187,17402,2381,1489,4019,38008,20103,17905,398348,61918
Badajoz,Alconchel,6007,1951,57,234,196,108,52,24,11,4,57,3,2,6,132,74,58,1272,386,2401,17570,73527,72455,51586,30216,15635,7955,4187,17402,2381,1489,4019,38008,20103,17905,398348,61918
Badajoz,Almendral,6010,2133,43,143,136,86,46,22,17,5,48,6,9,8,116,61,55,922,237,2401,17570,73527,72455,51586,30216,15635,7955,4187,17402,2381,1489,4019,38008,20103,17905,398348,61918
Badajoz,Almendralejo *,6011,2553,482,3398,3714,2737,1614,810,369,184,718,106,59,172,1442,705,737,17292,1487,2401,17570,73527,72455,51586,30216,15635,7955,4187,17402,2381,1489,4019,38008,20103,17905,398348,61918
Badajoz,Arroyo de San Serván *,6012,2901,69,268,337,291,215,109,49,50,61,12,9,13,145,81,64,1867,239,2401,17570,73527,72455,51586,30216,15635,7955,4187,17402,2381,1489,4019,38008,20103,17905,398348,61918
Badajoz,Azuaga,6014,2168,279,1013,894,523,340,172,80,66,254,35,27,65,575,286,289,5309,986,2401,17570,73527,72455,51586,30216,15635,7955,4187,17402,2381,1489,4019,38008,20103,17905,398348,61918
Badajoz,Badajoz,6015,2586,1462,16016,17478,12392,6825,3543,1811,923,2868,535,338,836,4660,2161,2499,74594,4907,2401,17570,73527,72455,51586,30216,15635,7955,4187,17402,2381,1489,4019,38008,20103,17905,398348,61918
Badajoz,Barcarrota,6016,2049,142,435,366,217,144,48,30,19,124,10,4,19,272,164,108,2458,628,2401,17570,73527,72455,51586,30216,15635,7955,4187,17402,2381,1489,4019,38008,20103,17905,398348,61918
Badajoz,Berlanga,6019,1909,124,329,237,169,79,37,25,18,98,7,10,23,215,124,91,1733,362,2401,17570,73527,72455,51586,30216,15635,7955,4187,17402,2381,1489,4019,38008,20103,17905,398348,61918
Badajoz,Bienvenida,6020,2264,59,216,197,129,88,56,30,22,56,9,6,18,163,79,84,1300,251,2401,17570,73527,72455,51586,30216,15635,7955,4187,17402,2381,1489,4019,38008,20103,17905,398348,61918
Badajoz,Bodonal de la Sierra,6021,1618,60,166,103,46,20,7,6,1,37,2,1,5,98,55,43,760,208,2401,17570,73527,72455,51586,30216,15635,7955,4187,17402,2381,1489,4019,38008,20103,17905,398348,61918
Badajoz,Burguillos del Cerro,6022,1944,144,399,331,189,110,60,26,11,114,7,4,15,287,154,133,2255,558,2401,17570,73527,72455,51586,30216,15635,7955,4187,17402,2381,1489,4019,38008,20103,17905,398348,61918
Badajoz,Cabeza del Buey,6023,2059,252,579,529,312,164,98,56,34,175,17,9,30,419,216,203,3480,806,2401,17570,73527,72455,51586,30216,15635,7955,4187,17402,2381,1489,4019,38008,20103,17905,398348,61918
Badajoz,Cabeza la Vaca,6024,1528,107,219,141,56,29,12,6,4,64,3,0,12,174,95,79,1127,300,2401,17570,73527,72455,51586,30216,15635,7955,4187,17402,2381,1489,4019,38008,20103,17905,398348,61918
Badajoz,Calamonte *,6025,2831,74,482,531,449,318,179,90,35,96,22,13,27,199,99,100,2757,242,2401,17570,73527,72455,51586,30216,15635,7955,4187,17402,2381,1489,4019,38008,20103,17905,398348,61918
Badajoz,Campanario,6028,1943,329,629,529,310,181,90,45,22,179,15,8,27,489,279,210,3757,904,2401,17570,73527,72455,51586,30216,15635,7955,4187,17402,2381,1489,4019,38008,20103,17905,398348,61918
Badajoz,Campillo de Llerena,6029,2152,76,159,137,116,44,31,12,5,46,5,2,8,108,55,53,1043,294,2401,17570,73527,72455,51586,30216,15635,7955,4187,17402,2381,1489,4019,38008,20103,17905,398348,61918
Badajoz,Casas de Don Pedro,6033,1772,133,238,198,112,71,39,20,6,87,1,4,11,234,136,98,1488,334,2401,17570,73527,72455,51586,30216,15635,7955,4187,17402,2381,1489,4019,38008,20103,17905,398348,61918
Badajoz,Castuera,6036,2304,252,731,613,500,301,190,97,49,208,33,20,47,523,280,243,4620,1056,2401,17570,73527,72455,51586,30216,15635,7955,4187,17402,2381,1489,4019,38008,20103,17905,398348,61918
Badajoz,Cheles,6042,2366,43,127,126,86,35,20,13,7,29,4,3,12,66,34,32,751,180,2401,17570,73527,72455,51586,30216,15635,7955,4187,17402,2381,1489,4019,38008,20103,17905,398348,61918
Badajoz,Codosera (La),6037,1687,100,320,215,112,61,20,9,12,98,6,2,14,207,125,82,1444,268,2401,17570,73527,72455,51586,30216,15635,7955,4187,17402,2381,1489,4019,38008,20103,17905,398348,61918
Badajoz,Coronada (La),6039,2525,71,200,214,187,120,63,24,24,59,5,9,12,169,94,75,1468,311,2401,17570,73527,72455,51586,30216,15635,7955,4187,17402,2381,1489,4019,38008,20103,17905,398348,61918
Badajoz,Corte de Peleas,6040,2659,18,94,125,76,55,36,12,12,29,6,1,12,59,29,30,613,78,2401,17570,73527,72455,51586,30216,15635,7955,4187,17402,2381,1489,4019,38008,20103,17905,398348,61918
Badajoz,Don Benito,6044,2489,683,4066,4341,3146,1789,867,458,248,935,128,83,195,1826,955,871,21262,2497,2401,17570,73527,72455,51586,30216,15635,7955,4187,17402,2381,1489,4019,38008,20103,17905,398348,61918
Badajoz,Esparragalejo,6046,2636,23,133,162,125,72,26,16,4,33,1,1,4,54,27,27,857,203,2401,17570,73527,72455,51586,30216,15635,7955,4187,17402,2381,1489,4019,38008,20103,17905,398348,61918
Badajoz,Feria,6049,2001,82,145,122,85,42,24,20,9,47,3,1,4,118,68,50,1018,316,2401,17570,73527,72455,51586,30216,15635,7955,4187,17402,2381,1489,4019,38008,20103,17905,398348,61918
Badajoz,Fregenal de la Sierra,6050,2007,212,670,595,314,164,96,33,17,205,17,9,35,396,192,204,3305,542,2401,17570,73527,72455,51586,30216,15635,7955,4187,17402,2381,1489,4019,38008,20103,17905,398348,61918
Badajoz,Fuenlabrada de los Montes *,6051,1861,124,236,185,137,79,39,16,16,79,4,1,14,244,131,113,1516,342,2401,17570,73527,72455,51586,30216,15635,7955,4187,17402,2381,1489,4019,38008,20103,17905,398348,61918
Badajoz,Fuente de Cantos,6052,2431,133,476,442,355,223,102,40,40,124,28,11,31,260,132,128,2738,473,2401,17570,73527,72455,51586,30216,15635,7955,4187,17402,2381,1489,4019,38008,20103,17905,398348,61918
Badajoz,Fuente del Maestre *,6054,2407,185,566,565,430,291,139,63,43,160,24,18,32,406,215,191,3560,638,2401,17570,73527,72455,51586,30216,15635,7955,4187,17402,2381,1489,4019,38008,20103,17905,398348,61918
Badajoz,Fuentes de León,6055,1439,129,454,214,73,34,16,10,2,124,1,2,9,268,149,119,1686,350,2401,17570,73527,72455,51586,30216,15635,7955,4187,17402,2381,1489,4019,38008,20103,17905,398348,61918
Badajoz,Garrovilla (La),6058,2810,56,198,219,192,143,78,37,18,44,3,2,9,104,64,40,1310,207,2401,17570,73527,72455,51586,30216,15635,7955,4187,17402,2381,1489,4019,38008,20103,17905,398348,61918
Badajoz,Granja de Torrehermosa,6059,1777,159,313,236,142,56,28,18,11,95,8,4,13,235,140,95,1696,378,2401,17570,73527,72455,51586,30216,15635,7955,4187,17402,2381,1489,4019,38008,20103,17905,398348,61918
Badajoz,Guadiana del Caudillo,6903,2892,29,177,233,180,130,72,48,18,33,10,6,21,98,49,49,1171,116,2401,17570,73527,72455,51586,30216,15635,7955,4187,17402,2381,1489,4019,38008,20103,17905,398348,61918
Badajoz,Guareña *,6060,2751,120,545,654,555,392,228,117,56,169,29,20,52,368,218,150,3898,593,2401,17570,73527,72455,51586,30216,15635,7955,4187,17402,2381,1489,4019,38008,20103,17905,398348,61918
Badajoz,Haba (La),6061,2056,78,153,128,93,59,26,18,7,41,6,6,7,135,83,52,1074,317,2401,17570,73527,72455,51586,30216,15635,7955,4187,17402,2381,1489,4019,38008,20103,17905,398348,61918
Badajoz,Herrera del Duque *,6063,1937,258,493,386,254,153,76,27,22,140,13,6,25,398,215,183,2775,524,2401,17570,73527,72455,51586,30216,15635,7955,4187,17402,2381,1489,4019,38008,20103,17905,398348,61918
Badajoz,Higuera de Vargas,6066,1665,87,243,181,86,43,15,3,5,77,1,1,12,165,94,71,1236,317,2401,17570,73527,72455,51586,30216,15635,7955,4187,17402,2381,1489,4019,38008,20103,17905,398348,61918
Badajoz,Higuera la Real,6067,2013,114,258,213,151,90,38,35,15,93,9,6,15,215,122,93,1671,419,2401,17570,73527,72455,51586,30216,15635,7955,4187,17402,2381,1489,4019,38008,20103,17905,398348,61918
Badajoz,Hornachos,6069,1930,136,461,380,248,106,52,14,14,133,5,7,17,327,181,146,2566,666,2401,17570,73527,72455,51586,30216,15635,7955,4187,17402,2381,1489,4019,38008,20103,17905,398348,61918
Badajoz,Jerez de los Caballeros,6070,2273,231,1138,1096,689,387,171,83,41,256,30,20,51,509,282,227,5772,1070,2401,17570,73527,72455,51586,30216,15635,7955,4187,17402,2381,1489,4019,38008,20103,17905,398348,61918
Badajoz,Llerena,6074,2347,152,687,623,403,284,137,64,43,173,31,16,52,323,142,181,3401,413,2401,17570,73527,72455,51586,30216,15635,7955,4187,17402,2381,1489,4019,38008,20103,17905,398348,61918
Badajoz,Lobón,6072,2923,44,203,253,204,181,103,46,27,47,13,9,14,130,69,61,1482,208,2401,17570,73527,72455,51586,30216,15635,7955,4187,17402,2381,1489,4019,38008,20103,17905,398348,61918
Badajoz,Medellín *,6080,2449,82,257,229,188,126,68,39,21,63,5,6,24,175,89,86,1522,239,2401,17570,73527,72455,51586,30216,15635,7955,4187,17402,2381,1489,4019,38008,20103,17905,398348,61918
Badajoz,Medina de las Torres,6081,1734,102,168,130,67,39,18,7,4,49,3,2,6,131,71,60,1011,285,2401,17570,73527,72455,51586,30216,15635,7955,4187,17402,2381,1489,4019,38008,20103,17905,398348,61918
Badajoz,Mirandilla *,6084,2174,25,167,124,88,72,33,16,9,41,2,1,9,94,37,57,772,91,2401,17570,73527,72455,51586,30216,15635,7955,4187,17402,2381,1489,4019,38008,20103,17905,398348,61918
Badajoz,Monesterio,6085,1989,160,583,510,284,139,57,34,10,155,8,10,33,358,198,160,2802,461,2401,17570,73527,72455,51586,30216,15635,7955,4187,17402,2381,1489,4019,38008,20103,17905,398348,61918
Badajoz,Montemolín,6086,1710,70,238,147,82,22,19,9,8,51,2,0,15,145,76,69,1145,337,2401,17570,73527,72455,51586,30216,15635,7955,4187,17402,2381,1489,4019,38008,20103,17905,398348,61918
Badajoz,Monterrubio de la Serena,6087,2244,142,333,256,208,153,66,45,27,85,14,15,19,259,151,108,2097,475,2401,17570,73527,72455,51586,30216,15635,7955,4187,17402,2381,1489,4019,38008,20103,17905,398348,61918
Badajoz,Montijo,6088,2688,234,1472,1573,1287,799,427,253,95,328,60,38,89,654,351,303,8561,1252,2401,17570,73527,72455,51586,30216,15635,7955,4187,17402,2381,1489,4019,38008,20103,17905,398348,61918
Badajoz,Mérida,6083,2656,668,5819,6637,4965,2951,1536,724,365,1059,187,95,298,1909,928,981,31358,4145,2401,17570,73527,72455,51586,30216,15635,7955,4187,17402,2381,1489,4019,38008,20103,17905,398348,61918
Badajoz,Navalvillar de Pela,6091,2267,168,536,449,355,235,120,55,32,145,19,9,21,379,206,173,3067,544,2401,17570,73527,72455,51586,30216,15635,7955,4187,17402,2381,1489,4019,38008,20103,17905,398348,61918
Badajoz,Oliva de Mérida *,6094,2187,72,170,150,133,59,29,15,3,57,6,1,9,123,61,62,1024,197,2401,17570,73527,72455,51586,30216,15635,7955,4187,17402,2381,1489,4019,38008,20103,17905,398348,61918
Badajoz,Oliva de la Frontera,6093,1764,267,791,533,269,123,66,28,20,201,12,10,34,453,252,201,3451,644,2401,17570,73527,72455,51586,30216,15635,7955,4187,17402,2381,1489,4019,38008,20103,17905,398348,61918
Badajoz,Olivenza,6095,2488,211,1113,1141,803,491,261,117,77,268,36,22,63,494,256,238,6165,1068,2401,17570,73527,72455,51586,30216,15635,7955,4187,17402,2381,1489,4019,38008,20103,17905,398348,61918
Badajoz,Orellana la Vieja,6097,2026,179,371,300,203,117,76,39,23,109,7,6,26,300,160,140,2163,407,2401,17570,73527,72455,51586,30216,15635,7955,4187,17402,2381,1489,4019,38008,20103,17905,398348,61918
Badajoz,Parra (La),6099,2198,44,150,130,95,65,26,12,6,36,3,0,10,110,63,47,805,118,2401,17570,73527,72455,51586,30216,15635,7955,4187,17402,2381,1489,4019,38008,20103,17905,398348,61918
Badajoz,Puebla de Alcocer,6102,1730,105,179,123,66,43,21,17,5,65,3,3,7,162,95,67,1258,459,2401,17570,73527,72455,51586,30216,15635,7955,4187,17402,2381,1489,4019,38008,20103,17905,398348,61918
Badajoz,Puebla de Obando,6107,2058,59,219,213,128,66,30,8,5,71,3,1,7,146,82,64,1157,201,2401,17570,73527,72455,51586,30216,15635,7955,4187,17402,2381,1489,4019,38008,20103,17905,398348,61918
Badajoz,Puebla de Sancho Pérez,6108,2299,78,343,310,205,140,67,30,21,88,12,6,22,188,90,98,1816,306,2401,17570,73527,72455,51586,30216,15635,7955,4187,17402,2381,1489,4019,38008,20103,17905,398348,61918
Badajoz,Puebla de la Calzada,6103,3016,62,416,521,466,322,184,111,53,92,31,18,37,176,87,89,2850,361,2401,17570,73527,72455,51586,30216,15635,7955,4187,17402,2381,1489,4019,38008,20103,17905,398348,61918
Badajoz,Pueblonuevo del Guadiana,6902,2971,27,155,170,165,109,59,45,15,42,10,5,11,58,30,28,973,102,2401,17570,73527,72455,51586,30216,15635,7955,4187,17402,2381,1489,4019,38008,20103,17905,398348,61918
Badajoz,Quintana de la Serena,6109,2215,238,542,479,349,219,110,52,30,162,18,10,21,377,213,164,3287,680,2401,17570,73527,72455,51586,30216,15635,7955,4187,17402,2381,1489,4019,38008,20103,17905,398348,61918
Badajoz,Resto de Badajoz,6999,1924,2671,5062,4074,2623,1465,796,430,194,1556,147,89,284,4257,2455,1802,32402,8754,2401,17570,73527,72455,51586,30216,15635,7955,4187,17402,2381,1489,4019,38008,20103,17905,398348,61918
Badajoz,Ribera del Fresno *,6113,2013,167,376,319,197,113,49,28,9,106,4,7,20,250,154,96,2010,365,2401,17570,73527,72455,51586,30216,15635,7955,4187,17402,2381,1489,4019,38008,20103,17905,398348,61918
Badajoz,Roca de la Sierra (La),6115,2135,63,173,154,106,67,24,16,5,48,3,2,8,134,71,63,953,150,2401,17570,73527,72455,51586,30216,15635,7955,4187,17402,2381,1489,4019,38008,20103,17905,398348,61918
Badajoz,Salvaleón,6116,1709,87,251,164,99,45,16,6,9,55,1,2,10,188,106,82,1284,351,2401,17570,73527,72455,51586,30216,15635,7955,4187,17402,2381,1489,4019,38008,20103,17905,398348,61918
Badajoz,Salvatierra de los Barros,6117,2002,89,219,175,92,58,21,14,18,48,6,7,8,130,75,55,1163,278,2401,17570,73527,72455,51586,30216,15635,7955,4187,17402,2381,1489,4019,38008,20103,17905,398348,61918
Badajoz,San Vicente de Alcántara,6123,2031,236,717,614,350,209,88,40,22,177,10,7,28,428,226,202,3591,665,2401,17570,73527,72455,51586,30216,15635,7955,4187,17402,2381,1489,4019,38008,20103,17905,398348,61918
Badajoz,Santa Amalia *,6120,2605,127,355,373,283,184,139,69,26,94,23,11,21,257,149,108,2287,325,2401,17570,73527,72455,51586,30216,15635,7955,4187,17402,2381,1489,4019,38008,20103,17905,398348,61918
Badajoz,Santa Marta *,6121,2450,110,364,378,274,180,81,56,26,91,13,9,27,247,133,114,2221,365,2401,17570,73527,72455,51586,30216,15635,7955,4187,17402,2381,1489,4019,38008,20103,17905,398348,61918
Badajoz,Santos de Maimona (Los) *,6122,2439,209,782,832,614,362,181,104,49,217,32,11,42,486,254,232,4530,609,2401,17570,73527,72455,51586,30216,15635,7955,4187,17402,2381,1489,4019,38008,20103,17905,398348,61918
Badajoz,Segura de León,6124,1442,125,373,201,88,39,16,9,6,119,2,3,12,262,140,122,1596,341,2401,17570,73527,72455,51586,30216,15635,7955,4187,17402,2381,1489,4019,38008,20103,17905,398348,61918
Badajoz,Siruela,6125,1922,183,298,211,169,94,48,28,15,88,6,9,15,258,155,103,1946,524,2401,17570,73527,72455,51586,30216,15635,7955,4187,17402,2381,1489,4019,38008,20103,17905,398348,61918
Badajoz,Solana de los Barros *,6126,2898,54,220,207,203,141,95,36,30,42,12,15,23,121,54,67,1416,217,2401,17570,73527,72455,51586,30216,15635,7955,4187,17402,2381,1489,4019,38008,20103,17905,398348,61918
Badajoz,Talarrubias,6127,2157,197,412,361,260,152,85,53,26,120,22,16,25,342,198,144,2720,649,2401,17570,73527,72455,51586,30216,15635,7955,4187,17402,2381,1489,4019,38008,20103,17905,398348,61918
Badajoz,Talavera la Real *,6128,3045,44,400,463,435,290,195,109,58,86,32,19,38,193,104,89,2573,211,2401,17570,73527,72455,51586,30216,15635,7955,4187,17402,2381,1489,4019,38008,20103,17905,398348,61918
Badajoz,Torre de Miguel Sesmero *,6131,2259,44,118,120,109,52,29,12,4,43,2,1,4,101,52,49,764,125,2401,17570,73527,72455,51586,30216,15635,7955,4187,17402,2381,1489,4019,38008,20103,17905,398348,61918
Badajoz,Torremejía *,6133,3158,28,123,167,174,136,70,32,24,25,11,0,11,95,52,43,1064,168,2401,17570,73527,72455,51586,30216,15635,7955,4187,17402,2381,1489,4019,38008,20103,17905,398348,61918
Badajoz,Trujillanos *,6135,2592,28,115,127,109,68,37,20,12,40,5,1,7,67,29,38,704,68,2401,17570,73527,72455,51586,30216,15635,7955,4187,17402,2381,1489,4019,38008,20103,17905,398348,61918
Badajoz,Usagre,6136,2111,71,225,195,133,63,25,14,4,47,3,3,12,135,73,62,1250,320,2401,17570,73527,72455,51586,30216,15635,7955,4187,17402,2381,1489,4019,38008,20103,17905,398348,61918
Badajoz,Valdecaballeros *,6137,1657,93,232,163,83,35,21,12,11,76,4,1,15,173,104,69,1127,208,2401,17570,73527,72455,51586,30216,15635,7955,4187,17402,2381,1489,4019,38008,20103,17905,398348,61918
Badajoz,Valdelacalzada *,6901,3111,26,212,254,252,161,112,68,31,46,25,10,32,106,52,54,1436,101,2401,17570,73527,72455,51586,30216,15635,7955,4187,17402,2381,1489,4019,38008,20103,17905,398348,61918
Badajoz,Valdetorres,6138,2508,26,114,110,113,67,29,20,10,31,5,2,11,95,59,36,808,175,2401,17570,73527,72455,51586,30216,15635,7955,4187,17402,2381,1489,4019,38008,20103,17905,398348,61918
Badajoz,Valencia del Ventoso,6141,1875,114,305,241,123,53,21,17,5,79,4,3,16,183,106,77,1560,396,2401,17570,73527,72455,51586,30216,15635,7955,4187,17402,2381,1489,4019,38008,20103,17905,398348,61918
Badajoz,Valle de Santa Ana,6148,1843,36,161,115,56,43,12,7,1,27,1,1,4,91,47,44,730,175,2401,17570,73527,72455,51586,30216,15635,7955,4187,17402,2381,1489,4019,38008,20103,17905,398348,61918
Badajoz,Valle de la Serena,6146,1561,163,175,120,83,33,25,10,9,66,1,2,7,204,126,78,1385,487,2401,17570,73527,72455,51586,30216,15635,7955,4187,17402,2381,1489,4019,38008,20103,17905,398348,61918
Badajoz,Valverde de Leganés,6143,2635,65,357,375,317,182,94,49,24,97,15,11,20,182,97,85,2025,237,2401,17570,73527,72455,51586,30216,15635,7955,4187,17402,2381,1489,4019,38008,20103,17905,398348,61918
Badajoz,Valverde de Mérida,6145,2490,34,97,134,91,56,41,18,5,33,2,6,5,81,43,38,724,121,2401,17570,73527,72455,51586,30216,15635,7955,4187,17402,2381,1489,4019,38008,20103,17905,398348,61918
Badajoz,Villafranca de los Barros *,6149,2495,243,1149,1245,943,561,254,118,53,295,34,33,65,615,339,276,6300,692,2401,17570,73527,72455,51586,30216,15635,7955,4187,17402,2381,1489,4019,38008,20103,17905,398348,61918
Badajoz,Villagonzalo,6151,2318,38,151,118,106,50,26,13,7,37,2,3,7,79,45,34,826,189,2401,17570,73527,72455,51586,30216,15635,7955,4187,17402,2381,1489,4019,38008,20103,17905,398348,61918
Badajoz,Villalba de los Barros *,6152,2630,49,115,117,100,75,37,25,7,23,5,4,7,92,56,36,836,180,2401,17570,73527,72455,51586,30216,15635,7955,4187,17402,2381,1489,4019,38008,20103,17905,398348,61918
Badajoz,Villanueva de la Serena *,6153,2565,462,2591,2670,2068,1243,629,351,200,579,108,72,182,1223,626,597,14092,1714,2401,17570,73527,72455,51586,30216,15635,7955,4187,17402,2381,1489,4019,38008,20103,17905,398348,61918
Badajoz,Villanueva del Fresno,6154,2054,99,370,320,203,93,32,25,11,94,5,7,14,210,112,98,1864,381,2401,17570,73527,72455,51586,30216,15635,7955,4187,17402,2381,1489,4019,38008,20103,17905,398348,61918
Badajoz,Villar de Rena,6156,2918,27,100,116,111,69,49,28,16,31,13,5,15,74,40,34,896,242,2401,17570,73527,72455,51586,30216,15635,7955,4187,17402,2381,1489,4019,38008,20103,17905,398348,61918
Badajoz,Villar del Rey,6155,1874,75,295,224,136,84,23,10,10,89,5,4,12,208,112,96,1415,240,2401,17570,73527,72455,51586,30216,15635,7955,4187,17402,2381,1489,4019,38008,20103,17905,398348,61918
Badajoz,Zafra,6158,2510,252,1841,1976,1340,762,400,158,80,376,67,34,103,680,315,365,8911,842,2401,17570,73527,72455,51586,30216,15635,7955,4187,17402,2381,1489,4019,38008,20103,17905,398348,61918
Badajoz,Zahínos,6159,2060,70,332,323,176,78,30,11,7,83,7,3,15,179,87,92,1579,265,2401,17570,73527,72455,51586,30216,15635,7955,4187,17402,2381,1489,4019,38008,20103,17905,398348,61918
Badajoz,Zalamea de la Serena,6160,1783,256,566,417,234,130,80,29,23,161,9,7,17,429,242,187,3117,759,2401,17570,73527,72455,51586,30216,15635,7955,4187,17402,2381,1489,4019,38008,20103,17905,398348,61918
Badajoz,Zarza (La) *,6162,2533,122,299,309,246,187,91,58,34,78,18,13,16,261,149,112,2107,375,2401,17570,73527,72455,51586,30216,15635,7955,4187,17402,2381,1489,4019,38008,20103,17905,398348,61918
"Balears, Illes",Alaior,7002,2902,211,816,939,834,569,378,243,138,217,77,55,114,615,377,238,6968,1762,2869,13466,104470,108254,86147,58820,37433,23126,14630,22400,9315,6194,17434,44802,22966,21836,652123,105632
"Balears, Illes",Alaró,7001,3502,45,372,468,435,337,264,156,114,85,69,43,122,180,109,71,3246,556,2869,13466,104470,108254,86147,58820,37433,23126,14630,22400,9315,6194,17434,44802,22966,21836,652123,105632
"Balears, Illes",Alcúdia,7003,2840,316,2019,1857,1647,1197,854,499,298,571,198,107,319,1249,570,679,12711,1580,2869,13466,104470,108254,86147,58820,37433,23126,14630,22400,9315,6194,17434,44802,22966,21836,652123,105632
"Balears, Illes",Algaida,7004,3500,52,406,436,458,319,243,152,125,85,88,65,110,195,97,98,4306,1572,2869,13466,104470,108254,86147,58820,37433,23126,14630,22400,9315,6194,17434,44802,22966,21836,652123,105632
"Balears, Illes",Andratx,7005,2923,215,1457,1296,1065,802,552,375,258,351,157,96,424,799,401,398,11753,3906,2869,13466,104470,108254,86147,58820,37433,23126,14630,22400,9315,6194,17434,44802,22966,21836,652123,105632
"Balears, Illes",Artà,7006,3095,129,777,775,687,528,346,263,199,218,109,87,206,483,231,252,6092,1285,2869,13466,104470,108254,86147,58820,37433,23126,14630,22400,9315,6194,17434,44802,22966,21836,652123,105632
"Balears, Illes",Binissalem,7008,3665,53,467,600,621,546,364,247,160,93,103,62,142,208,104,104,4561,895,2869,13466,104470,108254,86147,58820,37433,23126,14630,22400,9315,6194,17434,44802,22966,21836,652123,105632
"Balears, Illes",Bunyola,7010,3950,27,376,436,444,360,312,205,168,66,92,76,181,133,73,60,3671,795,2869,13466,104470,108254,86147,58820,37433,23126,14630,22400,9315,6194,17434,44802,22966,21836,652123,105632
"Balears, Illes",Búger,7009,3515,16,75,100,91,70,56,31,28,21,13,11,27,36,15,21,888,313,2869,13466,104470,108254,86147,58820,37433,23126,14630,22400,9315,6194,17434,44802,22966,21836,652123,105632
"Balears, Illes",Calvià,7011,2838,846,5328,4974,3931,2768,1768,1238,763,1369,570,451,1399,2728,1426,1302,36492,8359,2869,13466,104470,108254,86147,58820,37433,23126,14630,22400,9315,6194,17434,44802,22966,21836,652123,105632
"Balears, Illes",Campanet,7012,3506,24,207,233,234,173,150,86,70,50,46,17,65,110,63,47,1911,446,2869,13466,104470,108254,86147,58820,37433,23126,14630,22400,9315,6194,17434,44802,22966,21836,652123,105632
"Balears, Illes",Campos,7013,3069,197,1177,1275,1049,853,597,415,242,324,141,101,282,730,373,357,9148,1765,2869,13466,104470,108254,86147,58820,37433,23126,14630,22400,9315,6194,17434,44802,22966,21836,652123,105632
"Balears, Illes",Capdepera,7014,2579,287,1380,1120,923,665,403,260,191,341,120,75,214,936,522,414,9119,2204,2869,13466,104470,108254,86147,58820,37433,23126,14630,22400,9315,6194,17434,44802,22966,21836,652123,105632
"Balears, Illes",Castell (Es),7064,2864,155,659,689,594,403,247,171,81,171,60,30,83,358,199,159,4426,725,2869,13466,104470,108254,86147,58820,37433,23126,14630,22400,9315,6194,17434,44802,22966,21836,652123,105632
"Balears, Illes",Ciutadella de Menorca,7015,2730,652,2848,2762,2475,1702,1067,623,343,771,242,135,321,2019,1101,918,17887,1927,2869,13466,104470,108254,86147,58820,37433,23126,14630,22400,9315,6194,17434,44802,22966,21836,652123,105632
"Balears, Illes",Consell,7016,3425,19,230,301,345,253,177,104,62,52,34,20,49,127,69,58,2117,344,2869,13466,104470,108254,86147,58820,37433,23126,14630,22400,9315,6194,17434,44802,22966,21836,652123,105632
"Balears, Illes",Costitx,7017,3132,17,104,107,99,57,45,28,26,17,17,5,23,47,23,24,1306,714,2869,13466,104470,108254,86147,58820,37433,23126,14630,22400,9315,6194,17434,44802,22966,21836,652123,105632
"Balears, Illes",Eivissa,7026,2904,357,4210,4782,3791,2563,1566,854,529,778,255,177,419,1246,610,636,23938,2411,2869,13466,104470,108254,86147,58820,37433,23126,14630,22400,9315,6194,17434,44802,22966,21836,652123,105632
"Balears, Illes",Esporles,7020,3716,24,253,340,353,295,197,128,90,69,67,34,118,117,58,59,2553,468,2869,13466,104470,108254,86147,58820,37433,23126,14630,22400,9315,6194,17434,44802,22966,21836,652123,105632
"Balears, Illes",Felanitx,7022,3014,288,1668,1683,1481,1049,759,492,321,432,208,124,394,1000,509,491,13611,3712,2869,13466,104470,108254,86147,58820,37433,23126,14630,22400,9315,6194,17434,44802,22966,21836,652123,105632
"Balears, Illes",Ferreries,7023,3209,53,329,392,372,281,176,112,61,68,34,18,42,161,92,69,2369,270,2869,13466,104470,108254,86147,58820,37433,23126,14630,22400,9315,6194,17434,44802,22966,21836,652123,105632
"Balears, Illes",Formentera,7024,2919,159,735,540,433,373,296,222,161,242,121,111,332,608,319,289,6969,2636,2869,13466,104470,108254,86147,58820,37433,23126,14630,22400,9315,6194,17434,44802,22966,21836,652123,105632
"Balears, Illes",Inca,7027,3362,214,1985,2587,2579,1943,1266,737,429,372,227,135,316,744,402,342,15863,2329,2869,13466,104470,108254,86147,58820,37433,23126,14630,22400,9315,6194,17434,44802,22966,21836,652123,105632
"Balears, Illes",Lloret de Vistalegre,7028,3304,21,109,124,136,65,64,40,31,27,15,12,19,48,25,23,1093,382,2869,13466,104470,108254,86147,58820,37433,23126,14630,22400,9315,6194,17434,44802,22966,21836,652123,105632
"Balears, Illes",Lloseta,7029,3303,55,393,520,463,349,256,157,93,73,42,37,61,176,88,88,3035,360,2869,13466,104470,108254,86147,58820,37433,23126,14630,22400,9315,6194,17434,44802,22966,21836,652123,105632
"Balears, Illes",Llubí,7030,3421,21,148,159,175,134,83,57,55,43,28,14,46,82,46,36,1685,640,2869,13466,104470,108254,86147,58820,37433,23126,14630,22400,9315,6194,17434,44802,22966,21836,652123,105632
"Balears, Illes",Llucmajor,7031,3065,358,3176,3652,3054,2183,1438,909,608,673,376,244,571,1432,710,722,23312,4638,2869,13466,104470,108254,86147,58820,37433,23126,14630,22400,9315,6194,17434,44802,22966,21836,652123,105632
"Balears, Illes",Manacor,7033,2714,898,4296,4196,3385,2315,1517,912,572,1118,335,261,610,2496,1344,1152,28571,5660,2869,13466,104470,108254,86147,58820,37433,23126,14630,22400,9315,6194,17434,44802,22966,21836,652123,105632
"Balears, Illes",Mancor de la Vall,7034,3331,17,113,131,112,92,72,49,25,25,13,10,20,44,24,20,919,196,2869,13466,104470,108254,86147,58820,37433,23126,14630,22400,9315,6194,17434,44802,22966,21836,652123,105632
"Balears, Illes",Maria de la Salut,7035,3078,32,186,200,187,129,92,67,40,48,28,9,27,112,62,50,1473,316,2869,13466,104470,108254,86147,58820,37433,23126,14630,22400,9315,6194,17434,44802,22966,21836,652123,105632
"Balears, Illes",Marratxí,7036,3762,99,1567,2514,2586,2039,1482,936,590,261,366,252,516,450,228,222,15048,1390,2869,13466,104470,108254,86147,58820,37433,23126,14630,22400,9315,6194,17434,44802,22966,21836,652123,105632
"Balears, Illes",Maó-Mahón,7032,2873,394,2679,2871,2301,1598,948,573,319,558,196,115,333,1028,544,484,15173,1260,2869,13466,104470,108254,86147,58820,37433,23126,14630,22400,9315,6194,17434,44802,22966,21836,652123,105632
"Balears, Illes",Mercadal (Es),7037,1689,432,890,641,514,350,195,142,83,380,53,35,85,1281,765,516,7208,2127,2869,13466,104470,108254,86147,58820,37433,23126,14630,22400,9315,6194,17434,44802,22966,21836,652123,105632
"Balears, Illes",Migjorn Gran (Es),7902,2806,45,142,127,124,110,60,45,28,50,11,10,19,138,78,60,1180,271,2869,13466,104470,108254,86147,58820,37433,23126,14630,22400,9315,6194,17434,44802,22966,21836,652123,105632
"Balears, Illes",Montuïri,7038,3165,41,214,223,221,139,107,67,57,48,38,18,53,138,77,61,2197,833,2869,13466,104470,108254,86147,58820,37433,23126,14630,22400,9315,6194,17434,44802,22966,21836,652123,105632
"Balears, Illes",Muro,7039,2943,128,716,686,585,415,324,206,128,180,77,43,108,388,206,182,5092,1108,2869,13466,104470,108254,86147,58820,37433,23126,14630,22400,9315,6194,17434,44802,22966,21836,652123,105632
"Balears, Illes",Palma,7040,2573,3324,42804,43890,30003,17113,9177,4871,2703,7130,1690,1033,3017,10540,4919,5621,186482,9187,2869,13466,104470,108254,86147,58820,37433,23126,14630,22400,9315,6194,17434,44802,22966,21836,652123,105632
"Balears, Illes",Petra,7041,3079,42,248,227,215,145,107,66,54,51,35,16,51,113,54,59,2118,748,2869,13466,104470,108254,86147,58820,37433,23126,14630,22400,9315,6194,17434,44802,22966,21836,652123,105632
"Balears, Illes",Pobla (Sa),7044,3424,110,849,992,911,794,557,386,224,204,134,74,192,417,217,200,6504,660,2869,13466,104470,108254,86147,58820,37433,23126,14630,22400,9315,6194,17434,44802,22966,21836,652123,105632
"Balears, Illes",Pollença,7042,3191,259,1719,1655,1548,1201,879,610,388,497,283,186,453,1103,578,525,13772,2991,2869,13466,104470,108254,86147,58820,37433,23126,14630,22400,9315,6194,17434,44802,22966,21836,652123,105632
"Balears, Illes",Porreres,7043,3385,53,345,411,384,329,212,144,113,86,45,42,84,192,117,75,3319,879,2869,13466,104470,108254,86147,58820,37433,23126,14630,22400,9315,6194,17434,44802,22966,21836,652123,105632
"Balears, Illes",Puigpunyent,7045,3605,15,130,147,162,126,87,52,42,29,30,15,56,53,25,28,1275,331,2869,13466,104470,108254,86147,58820,37433,23126,14630,22400,9315,6194,17434,44802,22966,21836,652123,105632
"Balears, Illes","Resto de Balears, Illes",7999,2752,75,414,352,298,195,155,91,65,102,51,39,121,312,164,148,3624,1354,2869,13466,104470,108254,86147,58820,37433,23126,14630,22400,9315,6194,17434,44802,22966,21836,652123,105632
"Balears, Illes",Salines (Ses),7059,1726,278,989,538,423,257,226,137,102,408,67,54,112,917,428,489,4922,414,2869,13466,104470,108254,86147,58820,37433,23126,14630,22400,9315,6194,17434,44802,22966,21836,652123,105632
"Balears, Illes",Sant Antoni de Portmany,7046,3493,161,1389,1768,1581,1306,804,570,403,280,253,178,554,562,300,262,12116,2307,2869,13466,104470,108254,86147,58820,37433,23126,14630,22400,9315,6194,17434,44802,22966,21836,652123,105632
"Balears, Illes",Sant Joan,7049,3003,25,176,188,167,117,87,52,34,55,27,11,43,119,59,60,1724,623,2869,13466,104470,108254,86147,58820,37433,23126,14630,22400,9315,6194,17434,44802,22966,21836,652123,105632
"Balears, Illes",Sant Joan de Labritja,7050,3790,65,388,342,319,247,185,165,130,95,104,98,378,300,166,134,4366,1550,2869,13466,104470,108254,86147,58820,37433,23126,14630,22400,9315,6194,17434,44802,22966,21836,652123,105632
"Balears, Illes",Sant Josep de sa Talaia,7048,3710,181,1669,1907,1776,1419,1098,733,597,376,415,280,1043,840,452,388,15683,3349,2869,13466,104470,108254,86147,58820,37433,23126,14630,22400,9315,6194,17434,44802,22966,21836,652123,105632
"Balears, Illes",Sant Llorenç des Cardassar,7051,2814,220,781,706,634,483,319,228,151,223,95,67,145,694,381,313,6529,1783,2869,13466,104470,108254,86147,58820,37433,23126,14630,22400,9315,6194,17434,44802,22966,21836,652123,105632
"Balears, Illes",Sant Lluís,7052,3083,129,720,738,613,504,348,234,162,206,129,80,174,459,244,215,5312,816,2869,13466,104470,108254,86147,58820,37433,23126,14630,22400,9315,6194,17434,44802,22966,21836,652123,105632
"Balears, Illes",Santa Eugènia,7053,3484,17,114,137,105,90,69,60,30,25,32,13,28,51,22,29,1098,327,2869,13466,104470,108254,86147,58820,37433,23126,14630,22400,9315,6194,17434,44802,22966,21836,652123,105632
"Balears, Illes",Santa Eulària des Riu,7054,3372,370,2479,2704,2453,1883,1323,882,600,601,437,348,1222,1393,746,647,22810,6115,2869,13466,104470,108254,86147,58820,37433,23126,14630,22400,9315,6194,17434,44802,22966,21836,652123,105632
"Balears, Illes",Santa Margalida,7055,2564,282,1406,1154,960,706,474,283,204,416,117,62,183,972,483,489,8414,1195,2869,13466,104470,108254,86147,58820,37433,23126,14630,22400,9315,6194,17434,44802,22966,21836,652123,105632
"Balears, Illes",Santa María del Camí,7056,3628,39,402,554,562,461,308,197,128,90,76,63,135,180,103,77,3644,449,2869,13466,104470,108254,86147,58820,37433,23126,14630,22400,9315,6194,17434,44802,22966,21836,652123,105632
"Balears, Illes",Santanyí,7057,2981,301,1308,1249,1077,841,590,433,283,459,210,135,428,1021,535,486,12307,3972,2869,13466,104470,108254,86147,58820,37433,23126,14630,22400,9315,6194,17434,44802,22966,21836,652123,105632
"Balears, Illes",Selva,7058,3708,38,273,334,331,331,200,134,99,53,53,42,93,170,91,79,2990,839,2869,13466,104470,108254,86147,58820,37433,23126,14630,22400,9315,6194,17434,44802,22966,21836,652123,105632
"Balears, Illes",Sencelles,7047,3362,36,307,343,267,227,186,137,65,59,55,31,95,162,81,81,3352,1382,2869,13466,104470,108254,86147,58820,37433,23126,14630,22400,9315,6194,17434,44802,22966,21836,652123,105632
"Balears, Illes",Sineu,7060,3154,49,334,341,335,218,165,111,73,69,40,28,69,142,79,63,2727,753,2869,13466,104470,108254,86147,58820,37433,23126,14630,22400,9315,6194,17434,44802,22966,21836,652123,105632
"Balears, Illes",Son Servera,7062,2712,237,1194,1208,855,660,377,230,147,283,78,66,181,612,324,288,7830,1702,2869,13466,104470,108254,86147,58820,37433,23126,14630,22400,9315,6194,17434,44802,22966,21836,652123,105632
"Balears, Illes",Sóller,7061,3121,202,1147,1230,1004,819,553,369,248,270,168,95,289,640,364,276,8124,1090,2869,13466,104470,108254,86147,58820,37433,23126,14630,22400,9315,6194,17434,44802,22966,21836,652123,105632
"Balears, Illes",Valldemossa,7063,3435,24,159,165,156,130,93,56,47,39,28,19,72,93,46,47,1483,402,2869,13466,104470,108254,86147,58820,37433,23126,14630,22400,9315,6194,17434,44802,22966,21836,652123,105632
"Balears, Illes",Vilafranca de Bonany,7065,3485,37,219,238,224,194,133,94,52,47,37,24,46,103,48,55,1707,259,2869,13466,104470,108254,86147,58820,37433,23126,14630,22400,9315,6194,17434,44802,22966,21836,652123,105632
Barcelona,Abrera,8001,2724,74,1131,1181,866,484,277,168,103,173,93,56,123,280,118,162,5266,257,2229,50219,713236,598823,336168,166971,85070,47468,28283,127119,17732,12064,34801,166090,72913,93177,2597046,213002
Barcelona,Aiguafreda,8014,2284,26,340,297,166,69,52,34,20,68,11,13,21,109,52,57,1298,72,2229,50219,713236,598823,336168,166971,85070,47468,28283,127119,17732,12064,34801,166090,72913,93177,2597046,213002
Barcelona,Alella,8003,3213,29,678,720,597,416,249,205,140,118,84,69,234,180,83,97,3958,239,2229,50219,713236,598823,336168,166971,85070,47468,28283,127119,17732,12064,34801,166090,72913,93177,2597046,213002
Barcelona,Ametlla del Vallès (L'),8005,3569,32,438,608,578,436,284,213,133,86,92,70,183,144,71,73,3608,311,2229,50219,713236,598823,336168,166971,85070,47468,28283,127119,17732,12064,34801,166090,72913,93177,2597046,213002
Barcelona,Arenys de Mar,8006,2124,247,2178,1710,997,544,258,170,90,479,61,28,119,793,388,405,8413,739,2229,50219,713236,598823,336168,166971,85070,47468,28283,127119,17732,12064,34801,166090,72913,93177,2597046,213002
Barcelona,Arenys de Munt,8007,2459,116,1051,978,633,344,234,133,70,183,52,34,77,315,172,143,4439,219,2229,50219,713236,598823,336168,166971,85070,47468,28283,127119,17732,12064,34801,166090,72913,93177,2597046,213002
Barcelona,Argentona,8009,2846,85,1003,1139,822,498,341,201,147,189,82,63,146,259,118,141,5223,248,2229,50219,713236,598823,336168,166971,85070,47468,28283,127119,17732,12064,34801,166090,72913,93177,2597046,213002
Barcelona,Artés,8010,2664,63,568,575,407,214,112,87,46,95,37,26,77,149,74,75,2655,199,2229,50219,713236,598823,336168,166971,85070,47468,28283,127119,17732,12064,34801,166090,72913,93177,2597046,213002
Barcelona,Avinyonet del Penedès,8013,3270,12,126,128,137,90,66,32,22,24,17,11,27,49,25,24,898,157,2229,50219,713236,598823,336168,166971,85070,47468,28283,127119,17732,12064,34801,166090,72913,93177,2597046,213002
Barcelona,Avinyó,8012,2801,21,184,209,168,105,69,31,14,37,16,6,25,75,37,38,1113,153,2229,50219,713236,598823,336168,166971,85070,47468,28283,127119,17732,12064,34801,166090,72913,93177,2597046,213002
Barcelona,Avià,8011,2425,39,212,223,148,86,40,28,23,50,13,9,19,118,64,54,1107,99,2229,50219,713236,598823,336168,166971,85070,47468,28283,127119,17732,12064,34801,166090,72913,93177,2597046,213002
Barcelona,Badalona,8015,2151,1693,27018,23298,11921,5105,2237,1111,569,4520,334,227,738,5430,2328,3102,91915,7714,2229,50219,713236,598823,336168,166971,85070,47468,28283,127119,17732,12064,34801,166090,72913,93177,2597046,213002
Barcelona,Badia del Vallès *,8904,2122,57,1787,1464,753,286,111,39,25,257,10,10,26,249,106,143,5447,373,2229,50219,713236,598823,336168,166971,85070,47468,28283,127119,17732,12064,34801,166090,72913,93177,2597046,213002
Barcelona,Bagà *,8016,1760,118,376,232,165,65,40,30,21,125,9,10,37,295,142,153,1696,173,2229,50219,713236,598823,336168,166971,85070,47468,28283,127119,17732,12064,34801,166090,72913,93177,2597046,213002
Barcelona,Balenyà,8017,2366,55,413,415,246,126,49,24,23,77,11,9,22,125,53,72,1730,135,2229,50219,713236,598823,336168,166971,85070,47468,28283,127119,17732,12064,34801,166090,72913,93177,2597046,213002
Barcelona,Balsareny,8018,2339,45,367,346,208,111,61,25,22,54,8,4,21,143,73,70,1710,295,2229,50219,713236,598823,336168,166971,85070,47468,28283,127119,17732,12064,34801,166090,72913,93177,2597046,213002
Barcelona,Barberà del Vallès,8252,2401,199,3636,3680,2228,995,439,224,109,493,65,41,138,543,243,300,13768,978,2229,50219,713236,598823,336168,166971,85070,47468,28283,127119,17732,12064,34801,166090,72913,93177,2597046,213002
Barcelona,Barcelona,8019,2011,16123,253787,182555,89361,40805,19330,10085,5649,46523,3451,2376,7446,55772,23258,32514,808751,75488,2229,50219,713236,598823,336168,166971,85070,47468,28283,127119,17732,12064,34801,166090,72913,93177,2597046,213002
Barcelona,Begues,8020,3367,31,407,569,489,347,250,140,97,70,74,43,129,136,59,77,2935,153,2229,50219,713236,598823,336168,166971,85070,47468,28283,127119,17732,12064,34801,166090,72913,93177,2597046,213002
Barcelona,Berga,8022,2079,367,2336,1887,995,488,221,149,91,522,78,51,159,911,444,467,9010,755,2229,50219,713236,598823,336168,166971,85070,47468,28283,127119,17732,12064,34801,166090,72913,93177,2597046,213002
Barcelona,Bigues i Riells,8023,3386,55,648,723,666,535,360,222,153,127,97,64,154,238,110,128,4417,375,2229,50219,713236,598823,336168,166971,85070,47468,28283,127119,17732,12064,34801,166090,72913,93177,2597046,213002
Barcelona,Bruc (El),8025,2603,31,243,227,166,110,65,46,21,56,11,13,26,100,51,49,1206,91,2229,50219,713236,598823,336168,166971,85070,47468,28283,127119,17732,12064,34801,166090,72913,93177,2597046,213002
Barcelona,Cabanyes (Les),8027,3695,0,41,70,61,57,34,25,13,10,11,10,7,12,5,7,375,24,2229,50219,713236,598823,336168,166971,85070,47468,28283,127119,17732,12064,34801,166090,72913,93177,2597046,213002
Barcelona,Cabrera d'Anoia,8028,2213,34,237,197,115,89,38,25,20,62,4,9,16,103,48,55,1160,211,2229,50219,713236,598823,336168,166971,85070,47468,28283,127119,17732,12064,34801,166090,72913,93177,2597046,213002
Barcelona,Cabrera de Mar,8029,2734,36,406,427,287,166,126,77,64,95,33,27,101,154,73,81,2276,277,2229,50219,713236,598823,336168,166971,85070,47468,28283,127119,17732,12064,34801,166090,72913,93177,2597046,213002
Barcelona,Cabrils,8030,3523,22,458,485,485,343,238,164,136,69,106,69,148,127,55,72,3470,620,2229,50219,713236,598823,336168,166971,85070,47468,28283,127119,17732,12064,34801,166090,72913,93177,2597046,213002
Barcelona,Calaf,8031,2225,54,464,358,225,125,54,42,31,92,13,11,32,148,73,75,1907,258,2229,50219,713236,598823,336168,166971,85070,47468,28283,127119,17732,12064,34801,166090,72913,93177,2597046,213002
Barcelona,Calders,8034,2719,23,111,103,71,41,44,17,7,30,8,12,26,47,18,29,583,43,2229,50219,713236,598823,336168,166971,85070,47468,28283,127119,17732,12064,34801,166090,72913,93177,2597046,213002
Barcelona,Caldes d'Estrac,8032,1997,63,453,335,192,90,64,36,23,117,21,13,32,245,122,123,1879,195,2229,50219,713236,598823,336168,166971,85070,47468,28283,127119,17732,12064,34801,166090,72913,93177,2597046,213002
Barcelona,Caldes de Montbui,8033,2969,105,1459,1635,1222,809,530,357,209,243,146,90,240,343,149,194,7708,320,2229,50219,713236,598823,336168,166971,85070,47468,28283,127119,17732,12064,34801,166090,72913,93177,2597046,213002
Barcelona,Calella,8035,2079,388,2594,2079,1245,660,325,212,108,628,72,51,166,1301,653,648,10657,828,2229,50219,713236,598823,336168,166971,85070,47468,28283,127119,17732,12064,34801,166090,72913,93177,2597046,213002
Barcelona,Calldetenes,8037,2676,21,211,254,175,103,45,21,19,46,11,6,21,45,18,27,1025,47,2229,50219,713236,598823,336168,166971,85070,47468,28283,127119,17732,12064,34801,166090,72913,93177,2597046,213002
Barcelona,Callús,8038,2514,30,212,210,116,81,46,31,19,45,13,9,44,75,37,38,1011,80,2229,50219,713236,598823,336168,166971,85070,47468,28283,127119,17732,12064,34801,166090,72913,93177,2597046,213002
Barcelona,Canet de Mar,8040,2196,267,1808,1634,938,491,272,137,78,398,60,36,88,780,372,408,7568,581,2229,50219,713236,598823,336168,166971,85070,47468,28283,127119,17732,12064,34801,166090,72913,93177,2597046,213002
Barcelona,Canovelles,8041,2363,90,1603,1523,828,380,225,112,74,249,60,38,125,311,128,183,6183,565,2229,50219,713236,598823,336168,166971,85070,47468,28283,127119,17732,12064,34801,166090,72913,93177,2597046,213002
Barcelona,Canyelles,8043,3193,44,371,411,356,299,198,130,76,89,64,34,60,201,97,104,2819,486,2229,50219,713236,598823,336168,166971,85070,47468,28283,127119,17732,12064,34801,166090,72913,93177,2597046,213002
Barcelona,Capellades,8044,2372,73,642,619,348,181,99,60,34,120,26,16,46,184,89,95,2773,325,2229,50219,713236,598823,336168,166971,85070,47468,28283,127119,17732,12064,34801,166090,72913,93177,2597046,213002
Barcelona,Cardedeu,8046,2603,104,1807,1797,1082,695,375,256,162,288,106,70,194,340,147,193,7654,378,2229,50219,713236,598823,336168,166971,85070,47468,28283,127119,17732,12064,34801,166090,72913,93177,2597046,213002
Barcelona,Cardona,8047,2491,76,531,480,313,203,110,61,41,106,37,28,59,213,121,92,2908,650,2229,50219,713236,598823,336168,166971,85070,47468,28283,127119,17732,12064,34801,166090,72913,93177,2597046,213002
Barcelona,Casserres,8049,2741,31,141,170,139,64,45,25,15,43,15,12,27,90,49,41,996,179,2229,50219,713236,598823,336168,166971,85070,47468,28283,127119,17732,12064,34801,166090,72913,93177,2597046,213002
Barcelona,Castellar del Vallès,8051,2646,132,2294,2554,1745,924,491,286,161,346,103,63,160,453,187,266,10052,340,2229,50219,713236,598823,336168,166971,85070,47468,28283,127119,17732,12064,34801,166090,72913,93177,2597046,213002
Barcelona,Castellbell i el Vilar,8053,2633,46,371,358,260,168,113,64,44,72,28,26,43,157,76,81,2121,371,2229,50219,713236,598823,336168,166971,85070,47468,28283,127119,17732,12064,34801,166090,72913,93177,2597046,213002
Barcelona,Castellbisbal,8054,2747,72,1024,1263,884,490,314,147,87,155,59,32,67,254,136,118,5121,273,2229,50219,713236,598823,336168,166971,85070,47468,28283,127119,17732,12064,34801,166090,72913,93177,2597046,213002
Barcelona,Castelldefels,8056,2491,399,6785,6640,4158,2296,1265,786,454,1142,295,194,582,1592,747,845,28708,2120,2229,50219,713236,598823,336168,166971,85070,47468,28283,127119,17732,12064,34801,166090,72913,93177,2597046,213002
Barcelona,Castellet i la Gornal,8058,2427,37,312,267,216,114,63,61,33,79,17,10,24,154,86,68,1693,306,2229,50219,713236,598823,336168,166971,85070,47468,28283,127119,17732,12064,34801,166090,72913,93177,2597046,213002
Barcelona,Castellgalí,8061,2836,21,196,174,140,100,63,38,26,39,27,21,24,82,44,38,1139,188,2229,50219,713236,598823,336168,166971,85070,47468,28283,127119,17732,12064,34801,166090,72913,93177,2597046,213002
Barcelona,Castellnou de Bages,8062,3462,11,92,101,87,70,52,32,26,17,22,9,25,40,15,25,682,98,2229,50219,713236,598823,336168,166971,85070,47468,28283,127119,17732,12064,34801,166090,72913,93177,2597046,213002
Barcelona,Castellterçol,8064,1947,73,399,284,181,81,51,21,19,94,10,9,21,218,92,126,1607,146,2229,50219,713236,598823,336168,166971,85070,47468,28283,127119,17732,12064,34801,166090,72913,93177,2597046,213002
Barcelona,Castellví de Rosanes,8066,3512,8,108,115,125,103,70,47,37,27,13,11,28,42,18,24,877,143,2229,50219,713236,598823,336168,166971,85070,47468,28283,127119,17732,12064,34801,166090,72913,93177,2597046,213002
Barcelona,Castellví de la Marca,8065,3568,5,85,105,114,73,53,44,30,14,18,15,29,40,26,14,826,201,2229,50219,713236,598823,336168,166971,85070,47468,28283,127119,17732,12064,34801,166090,72913,93177,2597046,213002
Barcelona,Centelles *,8067,2391,105,952,895,560,260,143,67,34,176,27,17,65,216,99,117,3701,184,2229,50219,713236,598823,336168,166971,85070,47468,28283,127119,17732,12064,34801,166090,72913,93177,2597046,213002
Barcelona,Cercs,8268,1590,69,190,124,73,36,23,15,11,64,5,2,23,188,108,80,1095,272,2229,50219,713236,598823,336168,166971,85070,47468,28283,127119,17732,12064,34801,166090,72913,93177,2597046,213002
Barcelona,Cerdanyola del Vallès,8266,2338,266,6855,6299,3496,1630,891,475,324,1044,208,129,435,1105,427,678,23858,701,2229,50219,713236,598823,336168,166971,85070,47468,28283,127119,17732,12064,34801,166090,72913,93177,2597046,213002
Barcelona,Cervelló,8068,3040,43,751,790,665,471,254,183,96,132,74,49,106,179,99,80,4048,255,2229,50219,713236,598823,336168,166971,85070,47468,28283,127119,17732,12064,34801,166090,72913,93177,2597046,213002
Barcelona,Collbató,8069,3276,23,283,377,337,237,147,101,61,53,41,34,56,96,54,42,1971,125,2229,50219,713236,598823,336168,166971,85070,47468,28283,127119,17732,12064,34801,166090,72913,93177,2597046,213002
Barcelona,Corbera de Llobregat,8072,3132,98,1094,1235,1065,732,505,322,196,203,117,92,194,388,188,200,6784,543,2229,50219,713236,598823,336168,166971,85070,47468,28283,127119,17732,12064,34801,166090,72913,93177,2597046,213002
Barcelona,Cornellà de Llobregat,8073,2060,707,12051,9180,4873,1906,834,444,280,2104,124,70,276,2438,1016,1422,37034,1747,2229,50219,713236,598823,336168,166971,85070,47468,28283,127119,17732,12064,34801,166090,72913,93177,2597046,213002
Barcelona,Cubelles,8074,2028,347,2541,1968,1228,710,423,209,126,793,72,39,102,1424,655,769,10859,877,2229,50219,713236,598823,336168,166971,85070,47468,28283,127119,17732,12064,34801,166090,72913,93177,2597046,213002
Barcelona,Cànoves i Samalús,8042,3185,19,221,236,208,190,101,62,40,57,27,21,46,90,52,38,1462,144,2229,50219,713236,598823,336168,166971,85070,47468,28283,127119,17732,12064,34801,166090,72913,93177,2597046,213002
Barcelona,Dosrius,8075,3151,43,406,458,416,283,176,126,97,105,40,32,81,153,68,85,2722,306,2229,50219,713236,598823,336168,166971,85070,47468,28283,127119,17732,12064,34801,166090,72913,93177,2597046,213002
Barcelona,Esparreguera,8076,2579,191,2264,2285,1533,884,469,260,198,362,114,65,150,544,261,283,9824,505,2229,50219,713236,598823,336168,166971,85070,47468,28283,127119,17732,12064,34801,166090,72913,93177,2597046,213002
Barcelona,Esplugues de Llobregat,8077,2102,319,6188,4844,2351,1069,489,245,147,1002,88,65,258,1185,473,712,19420,1170,2229,50219,713236,598823,336168,166971,85070,47468,28283,127119,17732,12064,34801,166090,72913,93177,2597046,213002
Barcelona,"Esquirol, L'",8254,2654,33,234,225,150,120,75,30,18,39,13,8,38,108,58,50,1220,129,2229,50219,713236,598823,336168,166971,85070,47468,28283,127119,17732,12064,34801,166090,72913,93177,2597046,213002
Barcelona,Figaró-Montmany,8134,2144,7,134,116,74,34,20,9,6,42,3,1,6,42,20,22,596,102,2229,50219,713236,598823,336168,166971,85070,47468,28283,127119,17732,12064,34801,166090,72913,93177,2597046,213002
Barcelona,Fogars de la Selva *,8082,2620,22,174,183,130,109,57,21,16,52,14,9,20,101,38,63,944,36,2229,50219,713236,598823,336168,166971,85070,47468,28283,127119,17732,12064,34801,166090,72913,93177,2597046,213002
Barcelona,Folgueroles,8083,2831,15,153,206,141,96,51,24,18,24,15,9,23,48,25,23,941,118,2229,50219,713236,598823,336168,166971,85070,47468,28283,127119,17732,12064,34801,166090,72913,93177,2597046,213002
Barcelona,Fonollosa,8084,3019,7,116,123,88,75,56,27,21,19,14,9,26,56,33,23,802,165,2229,50219,713236,598823,336168,166971,85070,47468,28283,127119,17732,12064,34801,166090,72913,93177,2597046,213002
Barcelona,Font-rubí,8085,3086,20,87,117,86,54,64,28,26,30,13,4,28,48,27,21,788,183,2229,50219,713236,598823,336168,166971,85070,47468,28283,127119,17732,12064,34801,166090,72913,93177,2597046,213002
Barcelona,Franqueses del Vallès (Les),8086,2487,149,1987,2034,1226,669,304,202,117,326,72,45,116,394,170,224,7985,344,2229,50219,713236,598823,336168,166971,85070,47468,28283,127119,17732,12064,34801,166090,72913,93177,2597046,213002
Barcelona,Garriga (La) *,8088,2402,106,1974,1783,1059,517,264,162,104,300,74,50,162,339,152,187,7138,244,2229,50219,713236,598823,336168,166971,85070,47468,28283,127119,17732,12064,34801,166090,72913,93177,2597046,213002
Barcelona,Gavà,8089,2366,317,5337,5136,3009,1420,719,378,218,861,159,111,365,1046,487,559,20359,1283,2229,50219,713236,598823,336168,166971,85070,47468,28283,127119,17732,12064,34801,166090,72913,93177,2597046,213002
Barcelona,Gelida,8091,3186,62,549,642,597,432,266,198,101,116,76,50,62,186,91,95,3863,526,2229,50219,713236,598823,336168,166971,85070,47468,28283,127119,17732,12064,34801,166090,72913,93177,2597046,213002
Barcelona,Gironella,8092,2346,81,582,547,338,169,96,54,45,125,27,16,49,224,108,116,2628,275,2229,50219,713236,598823,336168,166971,85070,47468,28283,127119,17732,12064,34801,166090,72913,93177,2597046,213002
Barcelona,Granada (La),8094,3115,15,159,158,150,91,86,46,23,27,19,10,18,50,25,25,1013,161,2229,50219,713236,598823,336168,166971,85070,47468,28283,127119,17732,12064,34801,166090,72913,93177,2597046,213002
Barcelona,Granollers,8096,2262,414,7659,6664,3707,1673,858,464,273,1197,149,121,335,1300,534,766,26298,1484,2229,50219,713236,598823,336168,166971,85070,47468,28283,127119,17732,12064,34801,166090,72913,93177,2597046,213002
Barcelona,Gualba,8097,2748,14,166,132,130,69,51,31,19,38,9,10,20,78,35,43,811,44,2229,50219,713236,598823,336168,166971,85070,47468,28283,127119,17732,12064,34801,166090,72913,93177,2597046,213002
Barcelona,Gurb,8100,4043,7,88,108,127,91,74,61,42,21,26,22,70,34,22,12,907,136,2229,50219,713236,598823,336168,166971,85070,47468,28283,127119,17732,12064,34801,166090,72913,93177,2597046,213002
Barcelona,Hospitalet de Llobregat (L'),8101,1901,2514,37158,25520,11446,4781,2058,933,529,7375,326,189,781,8681,3578,5103,110488,8197,2229,50219,713236,598823,336168,166971,85070,47468,28283,127119,17732,12064,34801,166090,72913,93177,2597046,213002
Barcelona,Hostalets de Pierola (Els),8162,2880,41,268,275,248,165,107,57,39,68,16,16,36,132,67,65,1669,201,2229,50219,713236,598823,336168,166971,85070,47468,28283,127119,17732,12064,34801,166090,72913,93177,2597046,213002
Barcelona,Igualada,8102,2314,365,4847,4407,2588,1217,608,361,211,852,125,83,296,1086,480,606,18257,1211,2229,50219,713236,598823,336168,166971,85070,47468,28283,127119,17732,12064,34801,166090,72913,93177,2597046,213002
Barcelona,Llagosta (La),8105,2181,72,1677,1480,739,309,123,80,29,263,18,9,52,287,107,180,5309,171,2229,50219,713236,598823,336168,166971,85070,47468,28283,127119,17732,12064,34801,166090,72913,93177,2597046,213002
Barcelona,Llinars del Vallès *,8106,2673,89,959,927,661,394,252,135,102,160,76,31,111,233,120,113,4321,191,2229,50219,713236,598823,336168,166971,85070,47468,28283,127119,17732,12064,34801,166090,72913,93177,2597046,213002
Barcelona,Lliçà d'Amunt,8107,3306,78,1005,1206,1106,848,533,381,192,175,127,85,198,366,181,185,6644,344,2229,50219,713236,598823,336168,166971,85070,47468,28283,127119,17732,12064,34801,166090,72913,93177,2597046,213002
Barcelona,Lliçà de Vall,8108,3314,32,407,456,434,357,192,148,81,65,48,41,88,139,70,69,2680,192,2229,50219,713236,598823,336168,166971,85070,47468,28283,127119,17732,12064,34801,166090,72913,93177,2597046,213002
Barcelona,Malgrat de Mar,8110,2066,491,2514,2109,1187,599,270,190,88,583,56,24,128,1221,641,580,10160,700,2229,50219,713236,598823,336168,166971,85070,47468,28283,127119,17732,12064,34801,166090,72913,93177,2597046,213002
Barcelona,Manlleu,8112,2452,181,2005,1896,1254,600,314,152,118,295,86,57,175,422,199,223,8887,1332,2229,50219,713236,598823,336168,166971,85070,47468,28283,127119,17732,12064,34801,166090,72913,93177,2597046,213002
Barcelona,Manresa,8113,2227,983,10132,8261,4398,2256,1218,791,536,1913,373,309,891,2558,1136,1422,40136,5517,2229,50219,713236,598823,336168,166971,85070,47468,28283,127119,17732,12064,34801,166090,72913,93177,2597046,213002
Barcelona,Martorell,8114,2275,191,3129,2792,1521,735,331,178,91,512,66,38,97,527,225,302,10685,477,2229,50219,713236,598823,336168,166971,85070,47468,28283,127119,17732,12064,34801,166090,72913,93177,2597046,213002
Barcelona,Martorelles,8115,2397,40,540,524,279,151,87,48,34,75,18,15,33,115,48,67,2057,98,2229,50219,713236,598823,336168,166971,85070,47468,28283,127119,17732,12064,34801,166090,72913,93177,2597046,213002
Barcelona,Masies de Voltregà (Les),8117,2738,23,250,305,207,95,69,37,13,28,14,4,24,56,27,29,1398,273,2229,50219,713236,598823,336168,166971,85070,47468,28283,127119,17732,12064,34801,166090,72913,93177,2597046,213002
Barcelona,Masnou (El),8118,2355,198,2836,2491,1526,820,414,197,125,435,69,56,125,582,259,323,10410,536,2229,50219,713236,598823,336168,166971,85070,47468,28283,127119,17732,12064,34801,166090,72913,93177,2597046,213002
Barcelona,Masquefa,8119,2787,78,806,882,715,432,274,134,76,152,58,36,64,284,135,149,4452,461,2229,50219,713236,598823,336168,166971,85070,47468,28283,127119,17732,12064,34801,166090,72913,93177,2597046,213002
Barcelona,Matadepera,8120,4129,15,404,492,451,360,311,256,180,81,130,99,304,118,63,55,3433,232,2229,50219,713236,598823,336168,166971,85070,47468,28283,127119,17732,12064,34801,166090,72913,93177,2597046,213002
Barcelona,Mataró *,8121,2332,1097,14337,13716,8005,4019,1911,951,517,2406,286,174,541,3135,1390,1745,52996,1901,2229,50219,713236,598823,336168,166971,85070,47468,28283,127119,17732,12064,34801,166090,72913,93177,2597046,213002
Barcelona,Mediona,8122,1930,81,421,268,210,105,70,33,24,101,11,3,16,268,147,121,1917,306,2229,50219,713236,598823,336168,166971,85070,47468,28283,127119,17732,12064,34801,166090,72913,93177,2597046,213002
Barcelona,Moià,8138,2591,90,605,687,476,297,173,83,50,180,42,29,62,268,128,140,3307,265,2229,50219,713236,598823,336168,166971,85070,47468,28283,127119,17732,12064,34801,166090,72913,93177,2597046,213002
Barcelona,Molins de Rei,8123,2477,186,2877,2944,1755,855,462,260,147,415,106,66,193,535,242,293,11400,599,2229,50219,713236,598823,336168,166971,85070,47468,28283,127119,17732,12064,34801,166090,72913,93177,2597046,213002
Barcelona,Mollet del Vallès,8124,2275,284,6135,5658,3146,1326,650,323,206,864,112,79,162,1010,440,570,20857,902,2229,50219,713236,598823,336168,166971,85070,47468,28283,127119,17732,12064,34801,166090,72913,93177,2597046,213002
Barcelona,Monistrol de Montserrat,8127,3232,26,247,227,214,146,105,79,52,46,43,29,60,103,50,53,1605,228,2229,50219,713236,598823,336168,166971,85070,47468,28283,127119,17732,12064,34801,166090,72913,93177,2597046,213002
Barcelona,Montcada i Reixac,8125,2269,269,4211,3765,2098,998,470,239,165,628,83,39,159,905,393,512,15304,1275,2229,50219,713236,598823,336168,166971,85070,47468,28283,127119,17732,12064,34801,166090,72913,93177,2597046,213002
Barcelona,Montesquiu,8131,1876,26,133,94,65,24,17,12,1,44,1,1,2,68,28,40,659,171,2229,50219,713236,598823,336168,166971,85070,47468,28283,127119,17732,12064,34801,166090,72913,93177,2597046,213002
Barcelona,Montgat,8126,2362,71,1430,1337,736,386,157,109,72,220,28,26,59,253,120,133,5276,392,2229,50219,713236,598823,336168,166971,85070,47468,28283,127119,17732,12064,34801,166090,72913,93177,2597046,213002
Barcelona,Montmeló,8135,2351,50,1032,944,552,251,118,46,32,134,18,10,33,169,78,91,3549,160,2229,50219,713236,598823,336168,166971,85070,47468,28283,127119,17732,12064,34801,166090,72913,93177,2597046,213002
Barcelona,Montornès del Vallès,8136,2273,95,1862,1763,921,413,214,108,70,322,48,29,77,368,163,205,6687,397,2229,50219,713236,598823,336168,166971,85070,47468,28283,127119,17732,12064,34801,166090,72913,93177,2597046,213002
Barcelona,Navarcles,8140,2780,55,529,605,452,261,138,82,55,87,47,29,64,159,79,80,2791,228,2229,50219,713236,598823,336168,166971,85070,47468,28283,127119,17732,12064,34801,166090,72913,93177,2597046,213002
Barcelona,Navàs *,8141,2403,72,742,678,457,236,103,59,30,153,23,20,61,198,111,87,3092,260,2229,50219,713236,598823,336168,166971,85070,47468,28283,127119,17732,12064,34801,166090,72913,93177,2597046,213002
Barcelona,Olesa de Bonesvalls,8146,2749,25,191,205,147,109,72,34,31,50,10,14,30,107,44,63,1137,112,2229,50219,713236,598823,336168,166971,85070,47468,28283,127119,17732,12064,34801,166090,72913,93177,2597046,213002
Barcelona,Olesa de Montserrat,8147,2439,172,2573,2567,1614,794,435,234,130,411,81,42,101,595,278,317,10178,429,2229,50219,713236,598823,336168,166971,85070,47468,28283,127119,17732,12064,34801,166090,72913,93177,2597046,213002
Barcelona,Olivella,8148,3432,29,274,308,288,225,176,126,86,75,42,38,87,137,69,68,2262,371,2229,50219,713236,598823,336168,166971,85070,47468,28283,127119,17732,12064,34801,166090,72913,93177,2597046,213002
Barcelona,Olost,8149,2859,8,96,129,87,64,30,20,11,21,4,8,18,42,18,24,631,93,2229,50219,713236,598823,336168,166971,85070,47468,28283,127119,17732,12064,34801,166090,72913,93177,2597046,213002
Barcelona,Olèrdola,8145,3164,24,253,309,260,176,123,83,50,45,36,18,66,100,49,51,1791,248,2229,50219,713236,598823,336168,166971,85070,47468,28283,127119,17732,12064,34801,166090,72913,93177,2597046,213002
Barcelona,Palafolls,8155,2481,110,1040,989,677,354,183,109,59,166,52,23,75,290,144,146,4433,306,2229,50219,713236,598823,336168,166971,85070,47468,28283,127119,17732,12064,34801,166090,72913,93177,2597046,213002
Barcelona,Palau-solità i Plegamans,8156,3046,68,1044,1251,1020,711,385,232,131,160,82,53,143,208,102,106,5727,239,2229,50219,713236,598823,336168,166971,85070,47468,28283,127119,17732,12064,34801,166090,72913,93177,2597046,213002
Barcelona,Pallejà,8157,2746,35,1048,1150,821,430,246,164,89,137,58,51,115,200,94,106,4650,106,2229,50219,713236,598823,336168,166971,85070,47468,28283,127119,17732,12064,34801,166090,72913,93177,2597046,213002
Barcelona,Palma de Cervelló (La),8905,2970,17,260,259,189,121,97,49,39,35,25,17,59,56,23,33,1288,65,2229,50219,713236,598823,336168,166971,85070,47468,28283,127119,17732,12064,34801,166090,72913,93177,2597046,213002
Barcelona,Papiol (El),8158,2569,35,410,413,305,133,70,42,26,52,22,15,35,93,38,55,1771,120,2229,50219,713236,598823,336168,166971,85070,47468,28283,127119,17732,12064,34801,166090,72913,93177,2597046,213002
Barcelona,Parets del Vallès,8159,2486,106,1896,2023,1290,598,305,177,81,260,58,25,78,302,122,180,7560,361,2229,50219,713236,598823,336168,166971,85070,47468,28283,127119,17732,12064,34801,166090,72913,93177,2597046,213002
Barcelona,Piera,8161,2619,181,1628,1559,1208,774,455,272,171,383,105,65,137,704,331,373,8667,1025,2229,50219,713236,598823,336168,166971,85070,47468,28283,127119,17732,12064,34801,166090,72913,93177,2597046,213002
Barcelona,Pineda de Mar,8163,1958,780,3925,3049,1760,878,445,278,143,1022,96,62,181,2218,1133,1085,16297,1460,2229,50219,713236,598823,336168,166971,85070,47468,28283,127119,17732,12064,34801,166090,72913,93177,2597046,213002
Barcelona,Pla del Penedès (El),8164,3451,14,94,92,106,86,52,32,28,15,14,11,15,38,22,16,730,133,2229,50219,713236,598823,336168,166971,85070,47468,28283,127119,17732,12064,34801,166090,72913,93177,2597046,213002
Barcelona,Pobla de Claramunt (La),8165,2761,31,192,217,160,98,68,39,25,48,10,2,18,72,43,29,1059,79,2229,50219,713236,598823,336168,166971,85070,47468,28283,127119,17732,12064,34801,166090,72913,93177,2597046,213002
Barcelona,Pobla de Lillet (La),8166,1537,71,170,117,52,22,13,8,12,58,6,3,8,161,95,66,989,288,2229,50219,713236,598823,336168,166971,85070,47468,28283,127119,17732,12064,34801,166090,72913,93177,2597046,213002
Barcelona,Polinyà,8167,2538,39,785,881,580,262,125,58,36,103,20,11,37,139,54,85,3191,115,2229,50219,713236,598823,336168,166971,85070,47468,28283,127119,17732,12064,34801,166090,72913,93177,2597046,213002
Barcelona,Pont de Vilomara i Rocafort (El),8182,2410,57,459,382,280,143,97,43,21,80,12,13,27,121,57,64,1951,216,2229,50219,713236,598823,336168,166971,85070,47468,28283,127119,17732,12064,34801,166090,72913,93177,2597046,213002
Barcelona,Prat de Llobregat (El),8169,2264,355,7632,7347,3898,1682,718,323,172,1195,75,49,223,1315,546,769,26518,1534,2229,50219,713236,598823,336168,166971,85070,47468,28283,127119,17732,12064,34801,166090,72913,93177,2597046,213002
Barcelona,Prats de Lluçanès,8171,3032,27,211,203,206,122,67,48,23,41,24,10,58,93,53,40,1389,256,2229,50219,713236,598823,336168,166971,85070,47468,28283,127119,17732,12064,34801,166090,72913,93177,2597046,213002
Barcelona,Premià de Dalt,8230,2776,56,873,890,610,412,227,142,117,156,85,43,140,211,90,121,4240,278,2229,50219,713236,598823,336168,166971,85070,47468,28283,127119,17732,12064,34801,166090,72913,93177,2597046,213002
Barcelona,Premià de Mar,8172,2166,235,3780,3149,1701,763,352,170,78,572,56,33,128,762,321,441,12313,534,2229,50219,713236,598823,336168,166971,85070,47468,28283,127119,17732,12064,34801,166090,72913,93177,2597046,213002
Barcelona,Puig-reig,8175,2031,106,599,473,246,101,48,29,19,128,14,8,30,205,99,106,2376,370,2229,50219,713236,598823,336168,166971,85070,47468,28283,127119,17732,12064,34801,166090,72913,93177,2597046,213002
Barcelona,Resto de Barcelona,8999,2504,750,3282,2911,2191,1432,915,573,387,942,277,205,633,2207,1149,1058,21760,5055,2229,50219,713236,598823,336168,166971,85070,47468,28283,127119,17732,12064,34801,166090,72913,93177,2597046,213002
Barcelona,Ripollet,8180,2309,213,4408,4126,2369,1073,457,219,127,638,70,49,122,745,303,442,15427,811,2229,50219,713236,598823,336168,166971,85070,47468,28283,127119,17732,12064,34801,166090,72913,93177,2597046,213002
Barcelona,Roca del Vallès (La),8181,2845,75,915,986,741,378,287,153,111,164,86,57,137,186,85,101,4515,239,2229,50219,713236,598823,336168,166971,85070,47468,28283,127119,17732,12064,34801,166090,72913,93177,2597046,213002
Barcelona,Roda de Ter,8183,2525,56,588,619,448,210,104,61,30,103,15,12,39,166,82,84,2819,368,2229,50219,713236,598823,336168,166971,85070,47468,28283,127119,17732,12064,34801,166090,72913,93177,2597046,213002
Barcelona,Rubí,8184,2463,472,7992,7938,4827,2609,1364,804,516,1256,305,195,497,1597,733,864,32476,2104,2229,50219,713236,598823,336168,166971,85070,47468,28283,127119,17732,12064,34801,166090,72913,93177,2597046,213002
Barcelona,Sabadell,8187,2275,1604,26078,24063,13202,6075,2805,1497,838,4192,486,322,914,5082,2225,2857,92772,5614,2229,50219,713236,598823,336168,166971,85070,47468,28283,127119,17732,12064,34801,166090,72913,93177,2597046,213002
Barcelona,Sallent,8191,2308,92,829,735,471,219,102,65,40,159,34,20,68,237,101,136,3473,402,2229,50219,713236,598823,336168,166971,85070,47468,28283,127119,17732,12064,34801,166090,72913,93177,2597046,213002
Barcelona,Sant Adrià de Besòs *,8194,2088,301,4525,3529,1780,778,346,198,117,775,64,51,148,1003,404,599,14877,1262,2229,50219,713236,598823,336168,166971,85070,47468,28283,127119,17732,12064,34801,166090,72913,93177,2597046,213002
Barcelona,Sant Andreu de Llavaneres,8197,2557,107,1142,1089,732,403,260,162,118,268,83,60,198,411,178,233,5561,528,2229,50219,713236,598823,336168,166971,85070,47468,28283,127119,17732,12064,34801,166090,72913,93177,2597046,213002
Barcelona,Sant Andreu de la Barca,8196,2424,100,2829,3009,1777,790,365,163,104,415,37,35,92,402,172,230,10536,418,2229,50219,713236,598823,336168,166971,85070,47468,28283,127119,17732,12064,34801,166090,72913,93177,2597046,213002
Barcelona,Sant Antoni de Vilamajor,8198,3153,40,493,550,430,309,219,156,99,87,66,34,109,150,71,79,2996,254,2229,50219,713236,598823,336168,166971,85070,47468,28283,127119,17732,12064,34801,166090,72913,93177,2597046,213002
Barcelona,Sant Boi de Llobregat,8200,2280,484,9873,9048,5089,2274,1042,529,266,1519,148,111,307,1717,687,1030,33904,1497,2229,50219,713236,598823,336168,166971,85070,47468,28283,127119,17732,12064,34801,166090,72913,93177,2597046,213002
Barcelona,Sant Cebrià de Vallalta,8203,2462,52,422,395,248,164,109,61,56,101,18,16,62,201,90,111,2166,261,2229,50219,713236,598823,336168,166971,85070,47468,28283,127119,17732,12064,34801,166090,72913,93177,2597046,213002
Barcelona,Sant Celoni,8202,2419,162,1999,1853,1165,638,326,169,107,342,89,53,129,468,208,260,7946,446,2229,50219,713236,598823,336168,166971,85070,47468,28283,127119,17732,12064,34801,166090,72913,93177,2597046,213002
Barcelona,Sant Climent de Llobregat,8204,3243,24,229,316,305,218,136,62,39,59,25,11,33,72,49,23,1626,97,2229,50219,713236,598823,336168,166971,85070,47468,28283,127119,17732,12064,34801,166090,72913,93177,2597046,213002
Barcelona,Sant Cugat Sesgarrigues,8206,3444,2,52,73,52,38,36,25,15,8,10,3,11,19,11,8,421,77,2229,50219,713236,598823,336168,166971,85070,47468,28283,127119,17732,12064,34801,166090,72913,93177,2597046,213002
Barcelona,Sant Cugat del Vallès,8205,2776,377,7520,8121,5549,3137,1910,1173,856,1135,536,438,1237,1377,616,761,35770,2404,2229,50219,713236,598823,336168,166971,85070,47468,28283,127119,17732,12064,34801,166090,72913,93177,2597046,213002
Barcelona,Sant Esteve Sesrovires,8208,2948,60,616,687,577,363,209,125,80,114,61,35,65,175,82,93,3435,268,2229,50219,713236,598823,336168,166971,85070,47468,28283,127119,17732,12064,34801,166090,72913,93177,2597046,213002
Barcelona,Sant Esteve de Palautordera *,8207,2795,21,235,270,180,126,97,62,28,62,17,11,34,84,38,46,1276,49,2229,50219,713236,598823,336168,166971,85070,47468,28283,127119,17732,12064,34801,166090,72913,93177,2597046,213002
Barcelona,Sant Feliu de Codines,8210,3013,70,531,641,491,362,194,141,98,101,58,34,66,160,88,72,3272,325,2229,50219,713236,598823,336168,166971,85070,47468,28283,127119,17732,12064,34801,166090,72913,93177,2597046,213002
Barcelona,Sant Feliu de Llobregat,8211,2272,213,5475,5060,2751,1319,567,255,138,826,72,40,131,946,372,574,18719,926,2229,50219,713236,598823,336168,166971,85070,47468,28283,127119,17732,12064,34801,166090,72913,93177,2597046,213002
Barcelona,Sant Fost de Campsentelles,8209,3234,37,536,633,588,385,276,167,114,100,62,54,104,158,79,79,3427,213,2229,50219,713236,598823,336168,166971,85070,47468,28283,127119,17732,12064,34801,166090,72913,93177,2597046,213002
Barcelona,Sant Fruitós de Bages,8213,2633,58,898,830,518,303,184,127,91,133,56,50,143,202,107,95,3876,283,2229,50219,713236,598823,336168,166971,85070,47468,28283,127119,17732,12064,34801,166090,72913,93177,2597046,213002
Barcelona,Sant Hipòlit de Voltregà,8215,2604,28,313,370,235,144,66,31,15,63,17,9,23,91,45,46,1739,334,2229,50219,713236,598823,336168,166971,85070,47468,28283,127119,17732,12064,34801,166090,72913,93177,2597046,213002
Barcelona,Sant Iscle de Vallalta,8193,2752,17,118,129,99,63,41,40,19,41,19,12,19,59,28,31,763,87,2229,50219,713236,598823,336168,166971,85070,47468,28283,127119,17732,12064,34801,166090,72913,93177,2597046,213002
Barcelona,Sant Joan Despí,8217,2401,141,3657,3724,2240,1053,441,210,122,589,58,42,127,625,268,357,13577,548,2229,50219,713236,598823,336168,166971,85070,47468,28283,127119,17732,12064,34801,166090,72913,93177,2597046,213002
Barcelona,Sant Joan de Vilatorrada *,8218,2460,97,1125,1170,732,317,192,70,63,181,36,23,62,242,122,120,4505,195,2229,50219,713236,598823,336168,166971,85070,47468,28283,127119,17732,12064,34801,166090,72913,93177,2597046,213002
Barcelona,Sant Julià de Vilatorta,8220,3035,25,213,253,182,136,97,49,38,47,29,15,50,72,36,36,1392,186,2229,50219,713236,598823,336168,166971,85070,47468,28283,127119,17732,12064,34801,166090,72913,93177,2597046,213002
Barcelona,Sant Just Desvern,8221,2571,107,1842,1873,1173,657,370,223,142,280,103,68,206,398,170,228,7958,516,2229,50219,713236,598823,336168,166971,85070,47468,28283,127119,17732,12064,34801,166090,72913,93177,2597046,213002
Barcelona,Sant Llorenç Savall,8223,2614,34,256,243,179,126,69,56,28,48,13,14,32,152,78,74,1366,116,2229,50219,713236,598823,336168,166971,85070,47468,28283,127119,17732,12064,34801,166090,72913,93177,2597046,213002
Barcelona,Sant Llorenç d'Hortons,8222,3418,19,156,210,211,152,92,73,45,47,19,25,38,70,36,34,1228,71,2229,50219,713236,598823,336168,166971,85070,47468,28283,127119,17732,12064,34801,166090,72913,93177,2597046,213002
Barcelona,Sant Martí Sarroca,8227,3336,21,198,251,241,155,139,75,53,49,32,14,57,91,47,44,1673,297,2229,50219,713236,598823,336168,166971,85070,47468,28283,127119,17732,12064,34801,166090,72913,93177,2597046,213002
Barcelona,Sant Martí de Centelles,8224,1874,25,182,119,49,22,20,9,6,48,5,6,11,51,30,21,618,65,2229,50219,713236,598823,336168,166971,85070,47468,28283,127119,17732,12064,34801,166090,72913,93177,2597046,213002
Barcelona,Sant Martí de Tous,8226,2857,13,96,93,89,70,30,25,8,18,5,0,7,48,25,23,595,93,2229,50219,713236,598823,336168,166971,85070,47468,28283,127119,17732,12064,34801,166090,72913,93177,2597046,213002
Barcelona,Sant Pere de Ribes,8231,2536,275,3105,3141,2068,1172,636,408,226,576,148,93,237,837,373,464,14150,1228,2229,50219,713236,598823,336168,166971,85070,47468,28283,127119,17732,12064,34801,166090,72913,93177,2597046,213002
Barcelona,Sant Pere de Riudebitlles,8232,2629,29,220,272,180,95,49,31,13,37,13,8,20,75,33,42,1185,143,2229,50219,713236,598823,336168,166971,85070,47468,28283,127119,17732,12064,34801,166090,72913,93177,2597046,213002
Barcelona,Sant Pere de Torelló,8233,2587,24,247,266,207,97,42,17,8,36,9,3,23,66,39,27,1172,127,2229,50219,713236,598823,336168,166971,85070,47468,28283,127119,17732,12064,34801,166090,72913,93177,2597046,213002
Barcelona,Sant Pere de Vilamajor,8234,3050,42,349,396,323,243,150,110,71,92,47,24,62,164,76,88,2402,329,2229,50219,713236,598823,336168,166971,85070,47468,28283,127119,17732,12064,34801,166090,72913,93177,2597046,213002
Barcelona,Sant Pol de Mar,8235,1969,164,874,638,396,238,139,87,56,274,43,38,79,624,309,315,3884,234,2229,50219,713236,598823,336168,166971,85070,47468,28283,127119,17732,12064,34801,166090,72913,93177,2597046,213002
Barcelona,Sant Quintí de Mediona,8236,2419,38,236,232,135,96,46,30,15,51,12,9,17,109,60,49,1233,207,2229,50219,713236,598823,336168,166971,85070,47468,28283,127119,17732,12064,34801,166090,72913,93177,2597046,213002
Barcelona,Sant Quirze de Besora,8237,2391,34,228,217,149,72,34,20,17,43,5,1,21,77,34,43,1103,185,2229,50219,713236,598823,336168,166971,85070,47468,28283,127119,17732,12064,34801,166090,72913,93177,2597046,213002
Barcelona,Sant Quirze del Vallès,8238,3033,60,1323,1658,1270,792,464,284,196,152,111,114,247,252,109,143,7609,686,2229,50219,713236,598823,336168,166971,85070,47468,28283,127119,17732,12064,34801,166090,72913,93177,2597046,213002
Barcelona,Sant Sadurní d'Anoia *,8240,2765,117,1161,1296,890,549,321,180,146,174,75,60,118,320,163,157,5636,229,2229,50219,713236,598823,336168,166971,85070,47468,28283,127119,17732,12064,34801,166090,72913,93177,2597046,213002
Barcelona,Sant Salvador de Guardiola,8098,3069,21,232,251,201,155,106,69,47,54,22,18,42,108,53,55,1607,281,2229,50219,713236,598823,336168,166971,85070,47468,28283,127119,17732,12064,34801,166090,72913,93177,2597046,213002
Barcelona,Sant Vicenç de Castellet,8262,2241,125,1136,994,591,281,156,90,55,206,39,13,66,312,142,170,4424,360,2229,50219,713236,598823,336168,166971,85070,47468,28283,127119,17732,12064,34801,166090,72913,93177,2597046,213002
Barcelona,Sant Vicenç de Montalt,8264,2821,65,630,502,414,283,223,145,93,192,84,50,163,336,153,183,3612,432,2229,50219,713236,598823,336168,166971,85070,47468,28283,127119,17732,12064,34801,166090,72913,93177,2597046,213002
Barcelona,Sant Vicenç de Torelló,8265,2623,16,175,203,132,78,43,15,12,44,10,11,25,52,22,30,939,123,2229,50219,713236,598823,336168,166971,85070,47468,28283,127119,17732,12064,34801,166090,72913,93177,2597046,213002
Barcelona,Sant Vicenç dels Horts,8263,2530,180,2709,2764,1828,942,468,273,164,406,89,68,152,588,263,325,11530,899,2229,50219,713236,598823,336168,166971,85070,47468,28283,127119,17732,12064,34801,166090,72913,93177,2597046,213002
Barcelona,Santa Coloma de Cervelló,8244,2644,40,695,837,528,271,137,100,60,93,28,22,44,127,67,60,3071,89,2229,50219,713236,598823,336168,166971,85070,47468,28283,127119,17732,12064,34801,166090,72913,93177,2597046,213002
Barcelona,Santa Coloma de Gramenet,8245,1956,1066,15769,11352,5110,2096,865,432,213,2918,116,95,356,3344,1388,1956,48100,4368,2229,50219,713236,598823,336168,166971,85070,47468,28283,127119,17732,12064,34801,166090,72913,93177,2597046,213002
Barcelona,Santa Eugènia de Berga,8246,2759,14,199,243,164,94,50,18,11,34,14,6,22,46,21,25,964,49,2229,50219,713236,598823,336168,166971,85070,47468,28283,127119,17732,12064,34801,166090,72913,93177,2597046,213002
Barcelona,Santa Eulàlia de Riuprimer *,8247,2662,10,107,134,88,64,25,16,11,18,5,7,7,57,26,31,565,16,2229,50219,713236,598823,336168,166971,85070,47468,28283,127119,17732,12064,34801,166090,72913,93177,2597046,213002
Barcelona,Santa Eulàlia de Ronçana,8248,3243,38,511,572,565,361,259,169,111,78,57,39,83,150,75,75,3218,225,2229,50219,713236,598823,336168,166971,85070,47468,28283,127119,17732,12064,34801,166090,72913,93177,2597046,213002
Barcelona,Santa Margarida de Montbui,8250,2383,95,1065,1077,619,302,160,83,44,202,30,17,55,256,120,136,4473,468,2229,50219,713236,598823,336168,166971,85070,47468,28283,127119,17732,12064,34801,166090,72913,93177,2597046,213002
Barcelona,Santa Margarida i els Monjos,8251,2521,55,758,709,524,270,138,94,50,143,28,9,36,161,77,84,3231,256,2229,50219,713236,598823,336168,166971,85070,47468,28283,127119,17732,12064,34801,166090,72913,93177,2597046,213002
Barcelona,Santa Maria d'Oló,8258,2700,14,91,120,87,50,18,11,7,19,3,5,21,31,19,12,693,216,2229,50219,713236,598823,336168,166971,85070,47468,28283,127119,17732,12064,34801,166090,72913,93177,2597046,213002
Barcelona,Santa Maria de Palautordera,8259,2698,74,942,919,661,409,234,150,81,158,53,47,99,229,104,125,4216,160,2229,50219,713236,598823,336168,166971,85070,47468,28283,127119,17732,12064,34801,166090,72913,93177,2597046,213002
Barcelona,Santa Perpètua de Mogoda,8260,2567,126,2385,2635,1752,888,417,211,103,360,81,27,116,418,173,245,10045,526,2229,50219,713236,598823,336168,166971,85070,47468,28283,127119,17732,12064,34801,166090,72913,93177,2597046,213002
Barcelona,Santa Susanna,8261,2172,95,381,297,230,127,102,60,47,146,31,21,61,333,171,162,2225,294,2229,50219,713236,598823,336168,166971,85070,47468,28283,127119,17732,12064,34801,166090,72913,93177,2597046,213002
Barcelona,Santpedor,8192,2749,44,678,773,572,283,149,78,68,97,34,27,75,146,63,83,3282,258,2229,50219,713236,598823,336168,166971,85070,47468,28283,127119,17732,12064,34801,166090,72913,93177,2597046,213002
Barcelona,Sentmenat,8267,2731,65,797,934,666,380,197,115,73,144,47,33,87,202,100,102,3990,250,2229,50219,713236,598823,336168,166971,85070,47468,28283,127119,17732,12064,34801,166090,72913,93177,2597046,213002
Barcelona,Seva,8269,2812,30,344,374,297,180,112,66,41,81,18,15,54,117,59,58,1912,183,2229,50219,713236,598823,336168,166971,85070,47468,28283,127119,17732,12064,34801,166090,72913,93177,2597046,213002
Barcelona,Sitges,8270,2145,606,4565,3425,2041,1181,708,462,292,1188,207,131,462,1939,901,1038,19230,2023,2229,50219,713236,598823,336168,166971,85070,47468,28283,127119,17732,12064,34801,166090,72913,93177,2597046,213002
Barcelona,Subirats,8273,3132,32,259,248,242,168,114,63,46,56,26,22,63,113,48,65,1680,228,2229,50219,713236,598823,336168,166971,85070,47468,28283,127119,17732,12064,34801,166090,72913,93177,2597046,213002
Barcelona,Súria,8274,2385,64,672,696,411,200,97,63,41,124,24,13,40,163,86,77,2905,297,2229,50219,713236,598823,336168,166971,85070,47468,28283,127119,17732,12064,34801,166090,72913,93177,2597046,213002
Barcelona,Taradell,8278,2622,60,635,647,458,241,129,95,65,117,42,28,99,172,78,94,2948,160,2229,50219,713236,598823,336168,166971,85070,47468,28283,127119,17732,12064,34801,166090,72913,93177,2597046,213002
Barcelona,Teià,8281,2886,32,525,532,391,282,176,113,68,98,45,30,85,139,70,69,2693,177,2229,50219,713236,598823,336168,166971,85070,47468,28283,127119,17732,12064,34801,166090,72913,93177,2597046,213002
Barcelona,Terrassa,8279,2250,1714,27897,25066,13546,6303,2976,1570,863,4395,525,374,1017,5265,2273,2992,101134,9623,2229,50219,713236,598823,336168,166971,85070,47468,28283,127119,17732,12064,34801,166090,72913,93177,2597046,213002
Barcelona,Tiana,8282,2749,35,695,876,603,330,193,102,61,104,40,32,77,138,58,80,3436,150,2229,50219,713236,598823,336168,166971,85070,47468,28283,127119,17732,12064,34801,166090,72913,93177,2597046,213002
Barcelona,Tona,8283,2504,71,887,901,568,279,133,89,49,142,41,23,84,186,91,95,3605,152,2229,50219,713236,598823,336168,166971,85070,47468,28283,127119,17732,12064,34801,166090,72913,93177,2597046,213002
Barcelona,Tordera,8284,2432,209,1947,1815,1150,708,398,227,154,417,89,65,154,694,335,359,9628,1601,2229,50219,713236,598823,336168,166971,85070,47468,28283,127119,17732,12064,34801,166090,72913,93177,2597046,213002
Barcelona,Torelló,8285,2361,109,1686,1560,998,457,206,122,67,275,54,32,74,383,160,223,6587,564,2229,50219,713236,598823,336168,166971,85070,47468,28283,127119,17732,12064,34801,166090,72913,93177,2597046,213002
Barcelona,Torre de Claramunt (La),8286,2586,72,373,343,291,192,112,63,35,123,22,15,30,203,104,99,2277,403,2229,50219,713236,598823,336168,166971,85070,47468,28283,127119,17732,12064,34801,166090,72913,93177,2597046,213002
Barcelona,Torrelavit,8287,2591,22,122,125,101,57,35,23,10,39,4,7,11,57,29,28,739,126,2229,50219,713236,598823,336168,166971,85070,47468,28283,127119,17732,12064,34801,166090,72913,93177,2597046,213002
Barcelona,Torrelles de Foix,8288,1972,93,352,257,183,97,46,24,20,124,7,9,25,212,104,108,1838,389,2229,50219,713236,598823,336168,166971,85070,47468,28283,127119,17732,12064,34801,166090,72913,93177,2597046,213002
Barcelona,Torrelles de Llobregat,8289,3013,42,442,536,413,299,175,112,67,80,45,22,59,115,59,56,2593,186,2229,50219,713236,598823,336168,166971,85070,47468,28283,127119,17732,12064,34801,166090,72913,93177,2597046,213002
Barcelona,Ullastrell,8290,3274,11,116,176,127,102,52,38,29,18,13,16,28,22,12,10,820,72,2229,50219,713236,598823,336168,166971,85070,47468,28283,127119,17732,12064,34801,166090,72913,93177,2597046,213002
Barcelona,Vacarisses,8291,3074,61,528,503,466,354,216,155,99,129,57,49,100,263,125,138,3707,727,2229,50219,713236,598823,336168,166971,85070,47468,28283,127119,17732,12064,34801,166090,72913,93177,2597046,213002
Barcelona,Vallbona d'Anoia,8292,2456,22,131,129,93,65,23,13,10,27,1,1,8,53,24,29,670,94,2229,50219,713236,598823,336168,166971,85070,47468,28283,127119,17732,12064,34801,166090,72913,93177,2597046,213002
Barcelona,Vallgorguina,8294,2656,30,295,282,190,142,94,55,48,62,22,20,27,129,57,72,1640,244,2229,50219,713236,598823,336168,166971,85070,47468,28283,127119,17732,12064,34801,166090,72913,93177,2597046,213002
Barcelona,Vallirana,8295,2982,103,1195,1333,1055,725,472,285,164,176,102,54,156,365,165,200,6949,764,2229,50219,713236,598823,336168,166971,85070,47468,28283,127119,17732,12064,34801,166090,72913,93177,2597046,213002
Barcelona,Vallromanes,8296,3440,10,180,164,129,119,92,67,44,30,33,24,71,65,31,34,1157,129,2229,50219,713236,598823,336168,166971,85070,47468,28283,127119,17732,12064,34801,166090,72913,93177,2597046,213002
Barcelona,Vic,8298,2179,375,6020,4746,2605,1263,632,321,202,1049,160,114,291,1220,505,715,19836,838,2229,50219,713236,598823,336168,166971,85070,47468,28283,127119,17732,12064,34801,166090,72913,93177,2597046,213002
Barcelona,Viladecans,8301,2343,340,7322,7400,4187,1893,758,366,196,1021,122,76,225,1149,496,653,26586,1531,2229,50219,713236,598823,336168,166971,85070,47468,28283,127119,17732,12064,34801,166090,72913,93177,2597046,213002
Barcelona,Viladecavalls,8300,3158,42,429,617,474,347,219,133,81,69,64,44,105,139,70,69,2966,203,2229,50219,713236,598823,336168,166971,85070,47468,28283,127119,17732,12064,34801,166090,72913,93177,2597046,213002
Barcelona,Vilafranca del Penedès,8305,2326,326,4942,4552,2629,1277,608,320,183,800,121,80,221,1023,472,551,18264,1182,2229,50219,713236,598823,336168,166971,85070,47468,28283,127119,17732,12064,34801,166090,72913,93177,2597046,213002
Barcelona,Vilanova del Camí,8302,2444,139,1259,1394,843,413,197,108,61,202,26,22,60,331,160,171,5339,284,2229,50219,713236,598823,336168,166971,85070,47468,28283,127119,17732,12064,34801,166090,72913,93177,2597046,213002
Barcelona,Vilanova del Vallès,8902,3276,19,368,402,409,255,173,108,67,61,49,30,79,101,37,64,2277,156,2229,50219,713236,598823,336168,166971,85070,47468,28283,127119,17732,12064,34801,166090,72913,93177,2597046,213002
Barcelona,Vilanova i la Geltrú,8307,2297,775,8344,7396,4696,2478,1158,685,345,1599,213,139,366,2630,1178,1452,33155,2331,2229,50219,713236,598823,336168,166971,85070,47468,28283,127119,17732,12064,34801,166090,72913,93177,2597046,213002
Barcelona,Vilassar de Dalt,8214,2759,61,868,811,616,400,210,125,98,124,56,41,85,200,98,102,4058,363,2229,50219,713236,598823,336168,166971,85070,47468,28283,127119,17732,12064,34801,166090,72913,93177,2597046,213002
Barcelona,Vilassar de Mar,8219,2283,190,2603,2432,1376,669,356,177,83,469,52,30,116,643,300,343,10186,990,2229,50219,713236,598823,336168,166971,85070,47468,28283,127119,17732,12064,34801,166090,72913,93177,2597046,213002
Barcelona,Vilobí del Penedès,8304,3591,2,65,64,73,48,25,27,23,12,16,3,21,17,11,6,492,96,2229,50219,713236,598823,336168,166971,85070,47468,28283,127119,17732,12064,34801,166090,72913,93177,2597046,213002
Barcelona,Òdena,8143,2903,43,276,324,252,185,98,58,25,53,26,20,50,121,64,57,1730,199,2229,50219,713236,598823,336168,166971,85070,47468,28283,127119,17732,12064,34801,166090,72913,93177,2597046,213002
Bizkaia,Abadiño *,48001,1758,69,1397,905,271,80,35,19,11,253,11,5,19,372,164,208,3592,145,1809,13469,197706,134545,51005,14507,6722,3468,1979,38338,1304,936,3421,55287,24896,30391,556704,34017
Bizkaia,Abanto y Ciérvana-Abanto Zierbena,48002,1969,106,1413,1201,496,135,60,25,17,250,10,4,30,429,222,207,4582,406,1809,13469,197706,134545,51005,14507,6722,3468,1979,38338,1304,936,3421,55287,24896,30391,556704,34017
Bizkaia,Alonsotegi,48912,1837,45,497,336,147,39,24,9,10,97,4,4,7,153,85,68,1496,124,1809,13469,197706,134545,51005,14507,6722,3468,1979,38338,1304,936,3421,55287,24896,30391,556704,34017
Bizkaia,Amorebieta-Etxano *,48003,1796,225,3359,2268,768,221,91,53,29,627,24,14,57,874,409,465,9038,428,1809,13469,197706,134545,51005,14507,6722,3468,1979,38338,1304,936,3421,55287,24896,30391,556704,34017
Bizkaia,Areatza,48093,2001,28,187,155,61,28,25,7,7,33,5,4,8,80,40,40,726,98,1809,13469,197706,134545,51005,14507,6722,3468,1979,38338,1304,936,3421,55287,24896,30391,556704,34017
Bizkaia,Arrigorriaga,48011,1811,112,2043,1458,449,94,32,24,12,385,7,10,31,474,209,265,5359,228,1809,13469,197706,134545,51005,14507,6722,3468,1979,38338,1304,936,3421,55287,24896,30391,556704,34017
Bizkaia,Atxondo,48091,2103,13,178,154,79,37,19,5,3,32,1,3,15,64,31,33,667,64,1809,13469,197706,134545,51005,14507,6722,3468,1979,38338,1304,936,3421,55287,24896,30391,556704,34017
Bizkaia,Bakio,48012,1072,193,816,402,162,36,29,8,9,363,8,5,13,958,475,483,3276,274,1809,13469,197706,134545,51005,14507,6722,3468,1979,38338,1304,936,3421,55287,24896,30391,556704,34017
Bizkaia,Balmaseda,48090,1756,222,1303,927,287,74,27,18,9,282,4,4,23,437,214,223,3932,315,1809,13469,197706,134545,51005,14507,6722,3468,1979,38338,1304,936,3421,55287,24896,30391,556704,34017
Bizkaia,Barakaldo,48013,1829,866,17443,12018,4274,1018,429,186,118,3094,76,53,218,3788,1518,2270,46654,3073,1809,13469,197706,134545,51005,14507,6722,3468,1979,38338,1304,936,3421,55287,24896,30391,556704,34017
Bizkaia,Barrika,48014,2527,16,146,144,112,49,43,23,21,57,15,4,15,77,43,34,782,60,1809,13469,197706,134545,51005,14507,6722,3468,1979,38338,1304,936,3421,55287,24896,30391,556704,34017
Bizkaia,Basauri,48015,1692,334,7742,4649,1261,321,137,75,38,1494,18,18,96,1845,783,1062,19257,1229,1809,13469,197706,134545,51005,14507,6722,3468,1979,38338,1304,936,3421,55287,24896,30391,556704,34017
Bizkaia,Bedia,48092,2024,27,151,130,68,26,12,5,5,37,4,3,2,63,36,27,589,56,1809,13469,197706,134545,51005,14507,6722,3468,1979,38338,1304,936,3421,55287,24896,30391,556704,34017
Bizkaia,Berango,48016,2180,42,886,829,392,169,61,37,11,139,15,6,34,178,68,110,2957,158,1809,13469,197706,134545,51005,14507,6722,3468,1979,38338,1304,936,3421,55287,24896,30391,556704,34017
Bizkaia,Bermeo *,48017,1908,466,2683,2210,986,276,146,73,29,573,20,12,49,1097,579,518,9247,627,1809,13469,197706,134545,51005,14507,6722,3468,1979,38338,1304,936,3421,55287,24896,30391,556704,34017
Bizkaia,Berriatua *,48018,2315,22,110,136,68,55,18,11,7,22,4,2,7,57,31,26,572,53,1809,13469,197706,134545,51005,14507,6722,3468,1979,38338,1304,936,3421,55287,24896,30391,556704,34017
Bizkaia,Berriz *,48019,1950,93,699,572,233,76,40,19,8,122,6,3,19,231,115,116,2232,111,1809,13469,197706,134545,51005,14507,6722,3468,1979,38338,1304,936,3421,55287,24896,30391,556704,34017
Bizkaia,Bilbao,48020,1723,3209,64617,39205,13096,3264,1583,785,456,12680,279,228,916,16188,6849,9339,165685,9179,1809,13469,197706,134545,51005,14507,6722,3468,1979,38338,1304,936,3421,55287,24896,30391,556704,34017
Bizkaia,Busturia,48021,1639,102,295,204,123,60,30,18,10,106,4,5,7,248,125,123,1388,176,1809,13469,197706,134545,51005,14507,6722,3468,1979,38338,1304,936,3421,55287,24896,30391,556704,34017
Bizkaia,Derio *,48901,1797,66,1139,739,275,80,35,16,11,214,5,4,18,284,117,167,2978,92,1809,13469,197706,134545,51005,14507,6722,3468,1979,38338,1304,936,3421,55287,24896,30391,556704,34017
Bizkaia,Dima,48026,2342,33,192,138,108,64,40,17,8,33,9,9,8,79,41,38,855,117,1809,13469,197706,134545,51005,14507,6722,3468,1979,38338,1304,936,3421,55287,24896,30391,556704,34017
Bizkaia,Durango,48027,1790,242,5172,3523,1126,246,113,68,29,977,22,17,60,1142,452,690,13360,623,1809,13469,197706,134545,51005,14507,6722,3468,1979,38338,1304,936,3421,55287,24896,30391,556704,34017
Bizkaia,Elorrio *,48032,1854,106,1157,787,336,109,63,27,18,250,9,13,33,352,173,179,3383,123,1809,13469,197706,134545,51005,14507,6722,3468,1979,38338,1304,936,3421,55287,24896,30391,556704,34017
Bizkaia,Erandio,48902,1869,226,4087,2853,1126,308,129,69,44,710,15,30,61,959,401,558,11025,408,1809,13469,197706,134545,51005,14507,6722,3468,1979,38338,1304,936,3421,55287,24896,30391,556704,34017
Bizkaia,Ermua,48034,1937,153,2502,1814,879,280,98,49,37,451,25,13,63,596,258,338,7297,337,1809,13469,197706,134545,51005,14507,6722,3468,1979,38338,1304,936,3421,55287,24896,30391,556704,34017
Bizkaia,Etxebarri,48029,1863,76,1955,1482,315,81,26,13,10,278,3,7,25,325,122,203,4761,165,1809,13469,197706,134545,51005,14507,6722,3468,1979,38338,1304,936,3421,55287,24896,30391,556704,34017
Bizkaia,Galdakao *,48036,1803,339,5277,3533,1158,286,136,79,37,908,19,18,78,1279,596,683,13683,536,1809,13469,197706,134545,51005,14507,6722,3468,1979,38338,1304,936,3421,55287,24896,30391,556704,34017
Bizkaia,Gamiz-Fika,48038,3088,11,89,111,113,75,43,16,9,15,8,5,15,43,18,25,605,52,1809,13469,197706,134545,51005,14507,6722,3468,1979,38338,1304,936,3421,55287,24896,30391,556704,34017
Bizkaia,Gatika,48040,2504,17,152,172,122,65,34,22,12,24,3,2,8,49,28,21,732,50,1809,13469,197706,134545,51005,14507,6722,3468,1979,38338,1304,936,3421,55287,24896,30391,556704,34017
Bizkaia,Gernika-Lumo,48046,1782,207,3006,2115,711,132,74,46,20,594,14,16,38,926,464,462,8237,338,1809,13469,197706,134545,51005,14507,6722,3468,1979,38338,1304,936,3421,55287,24896,30391,556704,34017
Bizkaia,Getxo,48044,1912,634,12220,9293,3838,817,353,223,105,2053,79,54,199,2840,1214,1626,34366,1658,1809,13469,197706,134545,51005,14507,6722,3468,1979,38338,1304,936,3421,55287,24896,30391,556704,34017
Bizkaia,Gordexola,48042,2389,27,194,184,121,69,41,14,7,33,6,4,11,63,33,30,933,159,1809,13469,197706,134545,51005,14507,6722,3468,1979,38338,1304,936,3421,55287,24896,30391,556704,34017
Bizkaia,Gorliz *,48043,1371,284,1241,684,294,128,57,35,18,413,14,13,29,1063,491,572,4567,294,1809,13469,197706,134545,51005,14507,6722,3468,1979,38338,1304,936,3421,55287,24896,30391,556704,34017
Bizkaia,Güeñes,48045,1919,60,1014,781,398,122,36,14,14,203,7,7,33,357,184,173,3344,298,1809,13469,197706,134545,51005,14507,6722,3468,1979,38338,1304,936,3421,55287,24896,30391,556704,34017
Bizkaia,Igorre *,48094,1950,56,664,503,251,75,39,26,10,115,3,2,11,222,110,112,2068,91,1809,13469,197706,134545,51005,14507,6722,3468,1979,38338,1304,936,3421,55287,24896,30391,556704,34017
Bizkaia,Iurreta *,48910,1866,53,563,388,178,46,29,13,10,113,8,4,9,167,72,95,1671,90,1809,13469,197706,134545,51005,14507,6722,3468,1979,38338,1304,936,3421,55287,24896,30391,556704,34017
Bizkaia,Karrantza Harana/Valle de Carranza,48022,2079,85,376,287,175,108,62,23,29,99,20,6,38,230,123,107,1807,269,1809,13469,197706,134545,51005,14507,6722,3468,1979,38338,1304,936,3421,55287,24896,30391,556704,34017
Bizkaia,Larrabetzu,48052,2094,20,292,251,121,62,20,13,5,60,1,3,13,99,53,46,1055,95,1809,13469,197706,134545,51005,14507,6722,3468,1979,38338,1304,936,3421,55287,24896,30391,556704,34017
Bizkaia,Laukiz,48053,3276,2,77,82,91,73,41,24,18,13,7,5,14,26,12,14,524,51,1809,13469,197706,134545,51005,14507,6722,3468,1979,38338,1304,936,3421,55287,24896,30391,556704,34017
Bizkaia,Leioa *,48054,1820,289,5578,3849,1115,269,118,53,39,937,31,14,52,1053,401,652,13804,407,1809,13469,197706,134545,51005,14507,6722,3468,1979,38338,1304,936,3421,55287,24896,30391,556704,34017
Bizkaia,Lekeitio *,48057,1319,456,1442,929,283,68,35,21,9,520,9,3,29,1311,685,626,5338,223,1809,13469,197706,134545,51005,14507,6722,3468,1979,38338,1304,936,3421,55287,24896,30391,556704,34017
Bizkaia,Lemoa,48055,1800,36,605,431,162,35,12,8,9,139,8,4,10,172,69,103,1866,235,1809,13469,197706,134545,51005,14507,6722,3468,1979,38338,1304,936,3421,55287,24896,30391,556704,34017
Bizkaia,Lemoiz,48056,1807,28,233,149,89,40,10,11,7,70,4,1,10,113,59,54,852,87,1809,13469,197706,134545,51005,14507,6722,3468,1979,38338,1304,936,3421,55287,24896,30391,556704,34017
Bizkaia,Lezama,48081,2331,14,285,254,168,68,51,17,7,54,11,3,13,61,25,36,1142,136,1809,13469,197706,134545,51005,14507,6722,3468,1979,38338,1304,936,3421,55287,24896,30391,556704,34017
Bizkaia,Loiu,48903,2444,26,236,209,140,81,57,31,16,61,10,5,15,84,40,44,1041,70,1809,13469,197706,134545,51005,14507,6722,3468,1979,38338,1304,936,3421,55287,24896,30391,556704,34017
Bizkaia,Mallabia *,48058,2307,14,131,114,72,47,17,10,8,34,2,4,11,61,33,28,547,22,1809,13469,197706,134545,51005,14507,6722,3468,1979,38338,1304,936,3421,55287,24896,30391,556704,34017
Bizkaia,Markina-Xemein *,48060,1901,134,726,552,267,90,47,33,16,165,16,6,18,281,137,144,2536,185,1809,13469,197706,134545,51005,14507,6722,3468,1979,38338,1304,936,3421,55287,24896,30391,556704,34017
Bizkaia,Mundaka,48068,1173,140,444,240,83,31,12,8,3,166,2,1,13,438,232,206,1700,119,1809,13469,197706,134545,51005,14507,6722,3468,1979,38338,1304,936,3421,55287,24896,30391,556704,34017
Bizkaia,Mungia *,48069,2002,168,2476,1895,942,432,146,97,69,523,53,32,75,720,349,371,7934,306,1809,13469,197706,134545,51005,14507,6722,3468,1979,38338,1304,936,3421,55287,24896,30391,556704,34017
Bizkaia,Muskiz *,48071,1909,75,1158,845,409,143,46,21,20,220,10,8,30,363,178,185,3512,164,1809,13469,197706,134545,51005,14507,6722,3468,1979,38338,1304,936,3421,55287,24896,30391,556704,34017
Bizkaia,Muxika,48067,2771,18,142,140,119,66,47,20,11,26,4,2,14,54,28,26,809,146,1809,13469,197706,134545,51005,14507,6722,3468,1979,38338,1304,936,3421,55287,24896,30391,556704,34017
Bizkaia,Ondarroa *,48073,2149,187,1059,957,571,278,116,62,37,241,13,10,24,435,228,207,4266,276,1809,13469,197706,134545,51005,14507,6722,3468,1979,38338,1304,936,3421,55287,24896,30391,556704,34017
Bizkaia,Orozko,48075,1898,85,416,340,126,70,30,13,12,103,3,7,8,165,86,79,1601,223,1809,13469,197706,134545,51005,14507,6722,3468,1979,38338,1304,936,3421,55287,24896,30391,556704,34017
Bizkaia,Ortuella,48083,1954,87,1270,975,494,173,65,21,14,226,13,8,24,387,195,192,4180,423,1809,13469,197706,134545,51005,14507,6722,3468,1979,38338,1304,936,3421,55287,24896,30391,556704,34017
Bizkaia,Otxandio,48072,1849,53,226,151,79,33,18,7,4,44,4,4,11,102,43,59,822,86,1809,13469,197706,134545,51005,14507,6722,3468,1979,38338,1304,936,3421,55287,24896,30391,556704,34017
Bizkaia,Plentzia,48077,1676,102,763,510,251,126,67,30,22,237,13,10,38,501,221,280,2916,246,1809,13469,197706,134545,51005,14507,6722,3468,1979,38338,1304,936,3421,55287,24896,30391,556704,34017
Bizkaia,Portugalete,48078,1833,372,7986,5570,2167,387,196,86,54,1386,37,24,113,1978,944,1034,21560,1204,1809,13469,197706,134545,51005,14507,6722,3468,1979,38338,1304,936,3421,55287,24896,30391,556704,34017
Bizkaia,Resto de Bizkaia,48999,2122,553,2596,2149,1397,854,464,218,131,693,109,62,143,1640,850,790,12820,1811,1809,13469,197706,134545,51005,14507,6722,3468,1979,38338,1304,936,3421,55287,24896,30391,556704,34017
Bizkaia,Santurtzi,48082,1849,363,7847,5708,1998,451,207,121,52,1419,27,28,120,1841,810,1031,21669,1487,1809,13469,197706,134545,51005,14507,6722,3468,1979,38338,1304,936,3421,55287,24896,30391,556704,34017
Bizkaia,Sestao,48084,1919,297,4274,3259,1590,385,164,72,37,810,25,20,67,1185,580,605,13547,1362,1809,13469,197706,134545,51005,14507,6722,3468,1979,38338,1304,936,3421,55287,24896,30391,556704,34017
Bizkaia,Sondika,48904,1934,49,690,515,243,84,30,19,9,144,9,4,22,212,90,122,2154,124,1809,13469,197706,134545,51005,14507,6722,3468,1979,38338,1304,936,3421,55287,24896,30391,556704,34017
Bizkaia,Sopela *,48085,1782,172,2365,1608,628,161,70,45,23,462,17,14,37,828,370,458,6745,315,1809,13469,197706,134545,51005,14507,6722,3468,1979,38338,1304,936,3421,55287,24896,30391,556704,34017
Bizkaia,Sopuerta,48086,2030,69,364,296,159,77,39,31,10,81,8,4,16,174,92,82,1511,183,1809,13469,197706,134545,51005,14507,6722,3468,1979,38338,1304,936,3421,55287,24896,30391,556704,34017
Bizkaia,Ugao-Miraballes,48065,1863,52,669,458,220,88,34,15,6,133,10,6,25,243,119,124,2061,102,1809,13469,197706,134545,51005,14507,6722,3468,1979,38338,1304,936,3421,55287,24896,30391,556704,34017
Bizkaia,Urduliz,48089,1809,96,783,577,192,51,21,26,6,148,3,4,11,278,142,136,2327,131,1809,13469,197706,134545,51005,14507,6722,3468,1979,38338,1304,936,3421,55287,24896,30391,556704,34017
Bizkaia,Urduña/Orduña,48074,1747,180,722,462,222,62,31,22,14,159,8,2,23,316,145,171,2479,256,1809,13469,197706,134545,51005,14507,6722,3468,1979,38338,1304,936,3421,55287,24896,30391,556704,34017
Bizkaia,Valle de Trápaga-Trapagaran *,48080,1905,173,1966,1481,627,142,73,41,28,348,19,8,41,570,290,280,5795,278,1809,13469,197706,134545,51005,14507,6722,3468,1979,38338,1304,936,3421,55287,24896,30391,556704,34017
Bizkaia,Zaldibar,48095,1793,40,513,349,138,41,18,8,3,102,2,2,12,166,82,84,1475,81,1809,13469,197706,134545,51005,14507,6722,3468,1979,38338,1304,936,3421,55287,24896,30391,556704,34017
Bizkaia,Zalla *,48096,1968,119,1213,993,472,178,63,33,14,215,15,5,27,448,236,212,3946,151,1809,13469,197706,134545,51005,14507,6722,3468,1979,38338,1304,936,3421,55287,24896,30391,556704,34017
Bizkaia,Zamudio,48905,1901,37,480,355,139,51,30,16,6,110,5,8,10,135,63,72,1502,120,1809,13469,197706,134545,51005,14507,6722,3468,1979,38338,1304,936,3421,55287,24896,30391,556704,34017
Bizkaia,Zaratamo,48097,2117,21,222,198,95,41,20,10,6,53,1,0,6,55,21,34,766,38,1809,13469,197706,134545,51005,14507,6722,3468,1979,38338,1304,936,3421,55287,24896,30391,556704,34017
Bizkaia,Zeanuri,48024,2109,35,165,142,105,36,22,14,2,50,3,3,7,71,39,32,819,164,1809,13469,197706,134545,51005,14507,6722,3468,1979,38338,1304,936,3421,55287,24896,30391,556704,34017
Bizkaia,Zeberio,48025,2352,23,125,113,68,53,23,12,8,18,5,1,12,57,27,30,667,149,1809,13469,197706,134545,51005,14507,6722,3468,1979,38338,1304,936,3421,55287,24896,30391,556704,34017
Bizkaia,Zierbena,48913,2004,19,202,149,106,31,13,9,6,39,3,0,4,75,29,46,713,57,1809,13469,197706,134545,51005,14507,6722,3468,1979,38338,1304,936,3421,55287,24896,30391,556704,34017
Burgos,Alfoz de Quintanadueñas,9907,2075,43,241,254,128,47,15,3,5,65,1,2,8,109,57,52,1088,167,1511,21448,72518,40524,14921,5588,2679,1665,1248,20210,873,639,1961,43554,23163,20391,275639,47811
Burgos,Aranda de Duero *,9018,1578,1051,6811,3649,1088,365,157,124,81,1646,53,55,144,2594,1286,1308,19708,1890,1511,21448,72518,40524,14921,5588,2679,1665,1248,20210,873,639,1961,43554,23163,20391,275639,47811
Burgos,Arcos,9023,2141,50,207,243,122,52,16,9,4,66,2,3,6,113,54,59,978,85,1511,21448,72518,40524,14921,5588,2679,1665,1248,20210,873,639,1961,43554,23163,20391,275639,47811
Burgos,Belorado,9048,1299,256,352,215,86,31,26,10,13,133,10,5,31,379,223,156,2080,533,1511,21448,72518,40524,14921,5588,2679,1665,1248,20210,873,639,1961,43554,23163,20391,275639,47811
Burgos,Briviesca,9056,1495,464,1316,832,277,91,48,19,11,377,21,12,45,895,485,410,5497,1089,1511,21448,72518,40524,14921,5588,2679,1665,1248,20210,873,639,1961,43554,23163,20391,275639,47811
Burgos,Burgos *,9059,1603,3892,35110,18707,5671,1748,744,442,340,7998,235,167,517,11466,5159,6307,93766,6729,1511,21448,72518,40524,14921,5588,2679,1665,1248,20210,873,639,1961,43554,23163,20391,275639,47811
Burgos,Cardeñadijo,9073,1964,34,210,193,91,36,14,6,4,56,2,1,5,102,62,40,873,119,1511,21448,72518,40524,14921,5588,2679,1665,1248,20210,873,639,1961,43554,23163,20391,275639,47811
Burgos,Cardeñajimeno,9074,1748,61,190,147,90,41,14,4,1,81,2,1,8,138,80,58,865,87,1511,21448,72518,40524,14921,5588,2679,1665,1248,20210,873,639,1961,43554,23163,20391,275639,47811
Burgos,Condado de Treviño,9109,1789,106,452,340,202,88,37,20,11,132,4,1,10,277,137,140,2437,757,1511,21448,72518,40524,14921,5588,2679,1665,1248,20210,873,639,1961,43554,23163,20391,275639,47811
Burgos,Espinosa de los Monteros,9124,1060,316,380,180,70,34,16,10,7,163,5,5,17,497,285,212,2481,781,1511,21448,72518,40524,14921,5588,2679,1665,1248,20210,873,639,1961,43554,23163,20391,275639,47811
Burgos,Ibeas de Juarros,9177,1578,113,272,173,95,33,26,4,3,88,6,3,8,212,126,86,1282,246,1511,21448,72518,40524,14921,5588,2679,1665,1248,20210,873,639,1961,43554,23163,20391,275639,47811
Burgos,Lerma,9194,1438,211,512,290,130,37,21,11,11,155,11,5,27,390,223,167,2665,854,1511,21448,72518,40524,14921,5588,2679,1665,1248,20210,873,639,1961,43554,23163,20391,275639,47811
Burgos,Medina de Pomar,9209,1158,1079,1701,863,379,140,70,40,23,663,6,11,80,1972,1151,821,9076,2049,1511,21448,72518,40524,14921,5588,2679,1665,1248,20210,873,639,1961,43554,23163,20391,275639,47811
Burgos,Melgar de Fernamental,9211,1417,151,273,150,88,27,20,8,8,85,4,3,9,255,151,104,1324,243,1511,21448,72518,40524,14921,5588,2679,1665,1248,20210,873,639,1961,43554,23163,20391,275639,47811
Burgos,Merindad de Río Ubierna,9906,1391,113,242,156,82,40,16,10,0,78,6,2,4,269,170,99,1229,211,1511,21448,72518,40524,14921,5588,2679,1665,1248,20210,873,639,1961,43554,23163,20391,275639,47811
Burgos,Miranda de Ebro *,9219,1896,837,6353,4218,1564,807,505,427,348,1348,253,182,323,2220,1066,1154,21007,1622,1511,21448,72518,40524,14921,5588,2679,1665,1248,20210,873,639,1961,43554,23163,20391,275639,47811
Burgos,Oña,9238,1059,185,260,121,50,17,12,5,3,97,5,3,14,335,191,144,1460,353,1511,21448,72518,40524,14921,5588,2679,1665,1248,20210,873,639,1961,43554,23163,20391,275639,47811
Burgos,Pradoluengo,9274,1388,162,209,132,47,17,10,10,5,70,10,5,23,215,138,77,1254,339,1511,21448,72518,40524,14921,5588,2679,1665,1248,20210,873,639,1961,43554,23163,20391,275639,47811
Burgos,Quintanar de la Sierra,9289,1234,215,293,158,62,39,14,4,4,114,1,2,9,293,168,125,1550,342,1511,21448,72518,40524,14921,5588,2679,1665,1248,20210,873,639,1961,43554,23163,20391,275639,47811
Burgos,Resto de Burgos,9999,1133,10504,13753,7321,3570,1472,681,367,273,5685,182,124,515,17773,10220,7553,88172,25952,1511,21448,72518,40524,14921,5588,2679,1665,1248,20210,873,639,1961,43554,23163,20391,275639,47811
Burgos,Roa *,9321,1864,143,325,264,116,65,32,20,17,97,15,12,30,245,144,101,1628,247,1511,21448,72518,40524,14921,5588,2679,1665,1248,20210,873,639,1961,43554,23163,20391,275639,47811
Burgos,Salas de los Infantes *,9330,1378,203,379,219,83,34,14,8,4,126,5,5,13,306,170,136,1777,378,1511,21448,72518,40524,14921,5588,2679,1665,1248,20210,873,639,1961,43554,23163,20391,275639,47811
Burgos,Valle de Mena,9410,1762,244,898,625,344,181,85,50,36,274,17,11,42,614,329,285,4020,599,1511,21448,72518,40524,14921,5588,2679,1665,1248,20210,873,639,1961,43554,23163,20391,275639,47811
Burgos,Villadiego,9427,1188,204,283,149,85,28,21,12,9,116,1,2,17,341,190,151,1814,546,1511,21448,72518,40524,14921,5588,2679,1665,1248,20210,873,639,1961,43554,23163,20391,275639,47811
Burgos,Villagonzalo Pedernales *,9434,2198,38,171,212,115,27,10,5,2,37,1,4,6,89,43,46,807,90,1511,21448,72518,40524,14921,5588,2679,1665,1248,20210,873,639,1961,43554,23163,20391,275639,47811
Burgos,Villalbilla de Burgos,9439,1609,45,225,136,59,12,7,7,3,64,1,1,7,124,63,61,803,112,1511,21448,72518,40524,14921,5588,2679,1665,1248,20210,873,639,1961,43554,23163,20391,275639,47811
Burgos,Villarcayo de Merindad de Castilla,9903,1132,728,1100,577,227,79,48,30,22,396,14,12,43,1331,792,539,5998,1391,1511,21448,72518,40524,14921,5588,2679,1665,1248,20210,873,639,1961,43554,23163,20391,275639,47811
Cantabria,Alfoz de Lloredo,39001,1573,157,360,252,158,86,46,26,13,154,12,6,16,413,228,185,2146,447,1685,22902,100931,67525,29698,12328,5716,3080,1740,25679,1132,790,3072,59677,31957,27720,383642,49372
Cantabria,Ampuero,39002,1746,184,750,522,264,112,45,24,12,184,11,7,25,497,254,243,3231,594,1685,22902,100931,67525,29698,12328,5716,3080,1740,25679,1132,790,3072,59677,31957,27720,383642,49372
Cantabria,Arenas de Iguña,39004,1839,70,249,186,99,41,23,16,7,67,3,6,7,148,73,75,1166,244,1685,22902,100931,67525,29698,12328,5716,3080,1740,25679,1132,790,3072,59677,31957,27720,383642,49372
Cantabria,Argoños,39005,1195,110,411,267,151,58,22,8,8,189,2,3,11,491,242,249,1894,163,1685,22902,100931,67525,29698,12328,5716,3080,1740,25679,1132,790,3072,59677,31957,27720,383642,49372
Cantabria,Arnuero,39006,939,326,522,273,176,92,48,24,11,237,12,9,25,1036,591,445,3333,542,1685,22902,100931,67525,29698,12328,5716,3080,1740,25679,1132,790,3072,59677,31957,27720,383642,49372
Cantabria,Astillero (El),39008,1844,219,3023,2159,743,256,87,52,22,561,18,11,68,763,336,427,8646,664,1685,22902,100931,67525,29698,12328,5716,3080,1740,25679,1132,790,3072,59677,31957,27720,383642,49372
Cantabria,Bareyo,39011,1125,286,507,294,173,77,37,15,13,246,10,2,25,734,396,338,2697,278,1685,22902,100931,67525,29698,12328,5716,3080,1740,25679,1132,790,3072,59677,31957,27720,383642,49372
Cantabria,Bárcena de Cicero,39009,1676,194,785,546,299,147,51,27,11,230,14,10,20,563,307,256,3508,611,1685,22902,100931,67525,29698,12328,5716,3080,1740,25679,1132,790,3072,59677,31957,27720,383642,49372
Cantabria,Cabezón de la Sal,39012,1995,168,1244,999,525,192,91,63,33,274,18,14,61,498,231,267,4563,383,1685,22902,100931,67525,29698,12328,5716,3080,1740,25679,1132,790,3072,59677,31957,27720,383642,49372
Cantabria,Camargo,39016,2107,351,4092,3446,1718,710,303,157,101,774,62,37,142,1005,446,559,13768,870,1685,22902,100931,67525,29698,12328,5716,3080,1740,25679,1132,790,3072,59677,31957,27720,383642,49372
Cantabria,Campoo de Enmedio,39027,1887,137,535,422,209,74,30,18,10,115,9,2,18,273,156,117,2401,549,1685,22902,100931,67525,29698,12328,5716,3080,1740,25679,1132,790,3072,59677,31957,27720,383642,49372
Cantabria,Cartes,39018,1928,86,917,750,260,94,49,23,9,169,8,6,17,275,124,151,2892,229,1685,22902,100931,67525,29698,12328,5716,3080,1740,25679,1132,790,3072,59677,31957,27720,383642,49372
Cantabria,Castañeda,39019,1744,82,522,334,156,61,29,15,8,138,2,4,9,219,113,106,1927,348,1685,22902,100931,67525,29698,12328,5716,3080,1740,25679,1132,790,3072,59677,31957,27720,383642,49372
Cantabria,Castro-Urdiales,39020,1531,1409,7187,4385,1732,706,319,182,79,2086,52,31,141,4754,2440,2314,24994,1931,1685,22902,100931,67525,29698,12328,5716,3080,1740,25679,1132,790,3072,59677,31957,27720,383642,49372
Cantabria,Cillorigo de Liébana,39022,1406,109,230,131,93,33,18,5,6,82,6,4,10,227,124,103,1202,248,1685,22902,100931,67525,29698,12328,5716,3080,1740,25679,1132,790,3072,59677,31957,27720,383642,49372
Cantabria,Colindres,39023,1806,191,1404,1051,385,91,31,24,9,291,1,13,36,527,283,244,4437,383,1685,22902,100931,67525,29698,12328,5716,3080,1740,25679,1132,790,3072,59677,31957,27720,383642,49372
Cantabria,Comillas,39024,922,449,556,298,120,72,44,28,13,285,11,3,27,1036,635,401,3509,567,1685,22902,100931,67525,29698,12328,5716,3080,1740,25679,1132,790,3072,59677,31957,27720,383642,49372
Cantabria,Corrales de Buelna (Los),39025,1977,196,1585,1299,567,226,107,75,31,334,15,12,44,558,272,286,5760,711,1685,22902,100931,67525,29698,12328,5716,3080,1740,25679,1132,790,3072,59677,31957,27720,383642,49372
Cantabria,Corvera de Toranzo,39026,1739,107,355,261,130,55,30,12,6,94,8,4,15,244,130,114,1714,393,1685,22902,100931,67525,29698,12328,5716,3080,1740,25679,1132,790,3072,59677,31957,27720,383642,49372
Cantabria,Entrambasaguas,39028,1869,116,869,638,294,121,50,31,20,194,12,8,36,339,167,172,3167,439,1685,22902,100931,67525,29698,12328,5716,3080,1740,25679,1132,790,3072,59677,31957,27720,383642,49372
Cantabria,Guriezo,39030,1967,98,410,310,185,92,38,18,17,96,7,1,15,215,115,100,1715,213,1685,22902,100931,67525,29698,12328,5716,3080,1740,25679,1132,790,3072,59677,31957,27720,383642,49372
Cantabria,Hazas de Cesto,39031,1666,82,297,208,100,48,20,9,6,87,3,5,8,203,102,101,1437,361,1685,22902,100931,67525,29698,12328,5716,3080,1740,25679,1132,790,3072,59677,31957,27720,383642,49372
Cantabria,Hermandad de Campoo de Suso,39032,1373,168,263,169,108,44,23,14,15,81,4,4,9,312,182,130,1655,441,1685,22902,100931,67525,29698,12328,5716,3080,1740,25679,1132,790,3072,59677,31957,27720,383642,49372
Cantabria,Laredo,39035,915,2054,2800,1499,599,264,114,62,43,1211,30,22,72,5031,2963,2068,15993,2192,1685,22902,100931,67525,29698,12328,5716,3080,1740,25679,1132,790,3072,59677,31957,27720,383642,49372
Cantabria,Liendo,39036,2005,45,234,151,127,65,41,18,10,75,5,1,7,114,57,57,999,106,1685,22902,100931,67525,29698,12328,5716,3080,1740,25679,1132,790,3072,59677,31957,27720,383642,49372
Cantabria,Limpias,39038,1389,138,392,228,96,45,22,8,7,118,1,4,4,337,185,152,1850,450,1685,22902,100931,67525,29698,12328,5716,3080,1740,25679,1132,790,3072,59677,31957,27720,383642,49372
Cantabria,Liérganes,39037,2082,94,292,264,148,76,40,25,11,77,11,2,26,183,91,92,1480,231,1685,22902,100931,67525,29698,12328,5716,3080,1740,25679,1132,790,3072,59677,31957,27720,383642,49372
Cantabria,Marina de Cudeyo,39040,2223,102,657,563,373,201,97,42,29,143,17,10,36,298,162,136,2950,382,1685,22902,100931,67525,29698,12328,5716,3080,1740,25679,1132,790,3072,59677,31957,27720,383642,49372
Cantabria,Mazcuerras,39041,2393,36,212,233,174,65,39,26,13,51,9,5,11,103,47,56,1145,168,1685,22902,100931,67525,29698,12328,5716,3080,1740,25679,1132,790,3072,59677,31957,27720,383642,49372
Cantabria,Medio Cudeyo,39042,2078,119,992,807,436,212,102,56,30,205,10,13,51,352,171,181,3742,357,1685,22902,100931,67525,29698,12328,5716,3080,1740,25679,1132,790,3072,59677,31957,27720,383642,49372
Cantabria,Meruelo,39043,1428,131,352,233,132,54,19,17,11,127,6,7,19,398,224,174,1772,266,1685,22902,100931,67525,29698,12328,5716,3080,1740,25679,1132,790,3072,59677,31957,27720,383642,49372
Cantabria,Miengo,39044,1661,249,954,598,338,162,91,40,27,251,8,13,29,715,390,325,4110,635,1685,22902,100931,67525,29698,12328,5716,3080,1740,25679,1132,790,3072,59677,31957,27720,383642,49372
Cantabria,Molledo,39046,1750,78,235,168,90,44,31,19,5,71,8,3,8,162,78,84,1173,251,1685,22902,100931,67525,29698,12328,5716,3080,1740,25679,1132,790,3072,59677,31957,27720,383642,49372
Cantabria,Noja,39047,525,2951,998,328,140,66,36,22,17,927,8,8,32,6488,4222,2266,13615,1594,1685,22902,100931,67525,29698,12328,5716,3080,1740,25679,1132,790,3072,59677,31957,27720,383642,49372
Cantabria,Penagos,39048,2309,47,205,198,138,72,28,15,11,49,3,6,18,110,54,56,1150,250,1685,22902,100931,67525,29698,12328,5716,3080,1740,25679,1132,790,3072,59677,31957,27720,383642,49372
Cantabria,Piélagos,39052,2165,347,3218,2877,1547,664,370,171,94,660,54,47,136,982,485,497,12919,1752,1685,22902,100931,67525,29698,12328,5716,3080,1740,25679,1132,790,3072,59677,31957,27720,383642,49372
Cantabria,Polanco,39054,2175,65,706,638,350,145,72,37,17,140,12,10,18,201,99,102,3008,597,1685,22902,100931,67525,29698,12328,5716,3080,1740,25679,1132,790,3072,59677,31957,27720,383642,49372
Cantabria,Potes,39055,1638,92,261,164,77,44,18,9,9,83,12,5,30,172,100,72,1137,161,1685,22902,100931,67525,29698,12328,5716,3080,1740,25679,1132,790,3072,59677,31957,27720,383642,49372
Cantabria,Puente Viesgo,39056,2021,64,378,322,153,64,34,27,9,75,9,4,18,177,104,73,1568,234,1685,22902,100931,67525,29698,12328,5716,3080,1740,25679,1132,790,3072,59677,31957,27720,383642,49372
Cantabria,Ramales de la Victoria,39057,1122,284,604,330,143,56,18,13,6,240,4,5,21,799,470,329,3179,656,1685,22902,100931,67525,29698,12328,5716,3080,1740,25679,1132,790,3072,59677,31957,27720,383642,49372
Cantabria,Reinosa,39059,1618,293,1827,1075,294,123,58,47,27,462,18,15,59,734,347,387,6258,1226,1685,22902,100931,67525,29698,12328,5716,3080,1740,25679,1132,790,3072,59677,31957,27720,383642,49372
Cantabria,Reocín,39060,2323,98,913,948,508,270,127,68,45,172,31,18,43,330,158,172,4104,533,1685,22902,100931,67525,29698,12328,5716,3080,1740,25679,1132,790,3072,59677,31957,27720,383642,49372
Cantabria,Resto de Cantabria,39999,1369,1874,3326,1973,1058,522,276,157,78,1176,47,35,164,3640,2027,1613,20591,6265,1685,22902,100931,67525,29698,12328,5716,3080,1740,25679,1132,790,3072,59677,31957,27720,383642,49372
Cantabria,Ribamontán al Mar,39061,1208,495,879,546,291,178,94,59,36,411,21,15,72,1311,746,565,5101,693,1685,22902,100931,67525,29698,12328,5716,3080,1740,25679,1132,790,3072,59677,31957,27720,383642,49372
Cantabria,Ribamontán al Monte,39062,2175,54,292,287,166,92,47,21,11,87,12,6,22,173,78,95,1601,331,1685,22902,100931,67525,29698,12328,5716,3080,1740,25679,1132,790,3072,59677,31957,27720,383642,49372
Cantabria,Rionansa,39063,1433,71,196,103,49,29,11,4,7,68,5,1,12,150,85,65,1006,300,1685,22902,100931,67525,29698,12328,5716,3080,1740,25679,1132,790,3072,59677,31957,27720,383642,49372
Cantabria,Riotuerto,39064,2127,43,213,194,106,63,30,15,6,45,8,3,15,119,54,65,1083,223,1685,22902,100931,67525,29698,12328,5716,3080,1740,25679,1132,790,3072,59677,31957,27720,383642,49372
Cantabria,Ruente,39066,1994,36,136,107,60,33,13,10,3,34,2,1,11,71,33,38,639,122,1685,22902,100931,67525,29698,12328,5716,3080,1740,25679,1132,790,3072,59677,31957,27720,383642,49372
Cantabria,San Felices de Buelna,39069,2102,41,280,272,130,66,35,16,5,55,7,4,10,128,66,62,1318,269,1685,22902,100931,67525,29698,12328,5716,3080,1740,25679,1132,790,3072,59677,31957,27720,383642,49372
Cantabria,San Vicente de la Barquera,39080,1263,453,817,472,238,98,66,31,17,299,21,12,29,1013,607,406,4199,633,1685,22902,100931,67525,29698,12328,5716,3080,1740,25679,1132,790,3072,59677,31957,27720,383642,49372
Cantabria,Santa Cruz de Bezana,39073,2278,117,1560,1407,846,387,205,124,60,270,40,30,67,430,200,230,6056,513,1685,22902,100931,67525,29698,12328,5716,3080,1740,25679,1132,790,3072,59677,31957,27720,383642,49372
Cantabria,Santa María de Cayón,39074,1878,187,1386,1038,495,196,102,55,32,328,17,11,53,559,271,288,5061,602,1685,22902,100931,67525,29698,12328,5716,3080,1740,25679,1132,790,3072,59677,31957,27720,383642,49372
Cantabria,Santander,39075,1698,3625,32614,19438,6983,2516,945,485,297,6996,182,159,633,10803,5097,5706,93407,7731,1685,22902,100931,67525,29698,12328,5716,3080,1740,25679,1132,790,3072,59677,31957,27720,383642,49372
Cantabria,Santillana del Mar,39076,2374,83,442,467,301,136,98,38,29,94,25,14,45,202,102,100,2182,208,1685,22902,100931,67525,29698,12328,5716,3080,1740,25679,1132,790,3072,59677,31957,27720,383642,49372
Cantabria,Santiurde de Toranzo,39078,1917,74,238,179,95,61,28,10,7,64,8,3,8,135,73,62,1172,262,1685,22902,100931,67525,29698,12328,5716,3080,1740,25679,1132,790,3072,59677,31957,27720,383642,49372
Cantabria,Santoña,39079,1515,606,2097,1351,534,162,72,30,20,571,18,7,53,1554,871,683,7821,746,1685,22902,100931,67525,29698,12328,5716,3080,1740,25679,1132,790,3072,59677,31957,27720,383642,49372
Cantabria,Selaya *,39082,1829,105,231,180,98,35,27,21,13,77,5,6,17,173,97,76,1276,288,1685,22902,100931,67525,29698,12328,5716,3080,1740,25679,1132,790,3072,59677,31957,27720,383642,49372
Cantabria,Soba,39083,1659,104,159,87,52,33,19,12,15,45,13,5,27,142,73,69,1057,344,1685,22902,100931,67525,29698,12328,5716,3080,1740,25679,1132,790,3072,59677,31957,27720,383642,49372
Cantabria,Solórzano,39084,1722,42,144,119,61,35,13,7,10,41,2,1,10,134,72,62,768,149,1685,22902,100931,67525,29698,12328,5716,3080,1740,25679,1132,790,3072,59677,31957,27720,383642,49372
Cantabria,Suances,39085,1556,642,1489,1057,531,242,122,69,51,446,23,9,55,1477,874,603,7127,914,1685,22902,100931,67525,29698,12328,5716,3080,1740,25679,1132,790,3072,59677,31957,27720,383642,49372
Cantabria,Torrelavega,39087,1792,833,9126,5926,2121,774,374,199,96,1828,78,47,237,2514,1112,1402,26596,2443,1685,22902,100931,67525,29698,12328,5716,3080,1740,25679,1132,790,3072,59677,31957,27720,383642,49372
Cantabria,Val de San Vicente,39095,1157,363,583,358,199,91,44,27,13,242,9,5,24,838,470,368,3430,634,1685,22902,100931,67525,29698,12328,5716,3080,1740,25679,1132,790,3072,59677,31957,27720,383642,49372
Cantabria,Valdáliga,39091,1864,89,322,231,152,75,41,17,8,85,5,3,12,216,117,99,1746,490,1685,22902,100931,67525,29698,12328,5716,3080,1740,25679,1132,790,3072,59677,31957,27720,383642,49372
Cantabria,Villacarriedo *,39098,2059,84,179,129,111,46,32,17,8,52,6,4,26,121,55,66,1161,346,1685,22902,100931,67525,29698,12328,5716,3080,1740,25679,1132,790,3072,59677,31957,27720,383642,49372
Cantabria,Villaescusa,39099,2574,43,330,352,268,151,61,37,19,62,10,5,16,119,67,52,1838,365,1685,22902,100931,67525,29698,12328,5716,3080,1740,25679,1132,790,3072,59677,31957,27720,383642,49372
Cantabria,Villafufre,39100,2036,46,128,97,66,32,17,15,6,41,3,0,14,72,38,34,738,201,1685,22902,100931,67525,29698,12328,5716,3080,1740,25679,1132,790,3072,59677,31957,27720,383642,49372
Cantabria,Voto,39102,1393,210,461,331,179,95,46,16,12,157,9,4,17,567,318,249,2754,650,1685,22902,100931,67525,29698,12328,5716,3080,1740,25679,1132,790,3072,59677,31957,27720,383642,49372
Castellón/Castelló,Albocàsser,12003,1702,100,205,153,87,41,31,16,10,68,4,2,12,173,94,79,1325,423,1932,27424,84797,68681,43968,24299,12176,6360,3437,25095,1937,1239,3322,66405,36397,30008,446872,77732
Castellón/Castelló,Alcalà de Xivert,12004,980,1372,1892,973,672,415,239,122,66,943,31,25,69,3684,2107,1577,13782,3279,1932,27424,84797,68681,43968,24299,12176,6360,3437,25095,1937,1239,3322,66405,36397,30008,446872,77732
Castellón/Castelló,Alcora (l'),12005,2129,262,1597,1316,817,433,244,110,57,359,25,20,57,702,356,346,7231,1232,1932,27424,84797,68681,43968,24299,12176,6360,3437,25095,1937,1239,3322,66405,36397,30008,446872,77732
Castellón/Castelló,Almassora,12009,2458,450,3163,3077,2219,1358,726,359,178,714,79,49,142,1364,692,672,15657,1779,1932,27424,84797,68681,43968,24299,12176,6360,3437,25095,1937,1239,3322,66405,36397,30008,446872,77732
Castellón/Castelló,Almenara,12011,1751,266,1162,836,574,330,193,83,41,432,15,12,27,968,472,496,5399,460,1932,27424,84797,68681,43968,24299,12176,6360,3437,25095,1937,1239,3322,66405,36397,30008,446872,77732
Castellón/Castelló,"Alqueries, les/Alquerías del Niño P",12901,2883,59,380,373,359,235,155,71,42,75,22,7,23,182,97,85,2303,320,1932,27424,84797,68681,43968,24299,12176,6360,3437,25095,1937,1239,3322,66405,36397,30008,446872,77732
Castellón/Castelló,Altura,12012,2006,163,488,430,268,145,76,43,24,171,13,7,25,367,187,180,2814,594,1932,27424,84797,68681,43968,24299,12176,6360,3437,25095,1937,1239,3322,66405,36397,30008,446872,77732
Castellón/Castelló,Artana,12016,2647,54,191,203,185,115,63,34,22,46,4,3,13,133,80,53,1369,303,1932,27424,84797,68681,43968,24299,12176,6360,3437,25095,1937,1239,3322,66405,36397,30008,446872,77732
Castellón/Castelló,Atzeneta del Maestrat,12001,1733,112,201,142,101,62,38,18,8,64,6,3,7,209,116,93,1324,353,1932,27424,84797,68681,43968,24299,12176,6360,3437,25095,1937,1239,3322,66405,36397,30008,446872,77732
Castellón/Castelló,Benassal,12026,1562,152,169,129,69,33,25,6,3,61,4,2,11,193,106,87,1316,459,1932,27424,84797,68681,43968,24299,12176,6360,3437,25095,1937,1239,3322,66405,36397,30008,446872,77732
Castellón/Castelló,Benicarló,12027,2252,999,3188,2960,2109,1289,675,383,204,877,109,72,161,2310,1340,970,17897,2561,1932,27424,84797,68681,43968,24299,12176,6360,3437,25095,1937,1239,3322,66405,36397,30008,446872,77732
Castellón/Castelló,Benicasim/Benicàssim,12028,1454,1221,4451,2611,1613,1030,637,397,213,1841,152,88,217,4727,2411,2316,21025,1827,1932,27424,84797,68681,43968,24299,12176,6360,3437,25095,1937,1239,3322,66405,36397,30008,446872,77732
Castellón/Castelló,Benlloc,12029,2120,51,132,139,80,50,24,16,8,46,3,2,6,100,61,39,905,248,1932,27424,84797,68681,43968,24299,12176,6360,3437,25095,1937,1239,3322,66405,36397,30008,446872,77732
Castellón/Castelló,Betxí *,12021,2410,98,578,634,424,253,111,61,31,156,13,16,36,260,113,147,3014,343,1932,27424,84797,68681,43968,24299,12176,6360,3437,25095,1937,1239,3322,66405,36397,30008,446872,77732
Castellón/Castelló,Borriana/Burriana,12032,2266,714,4005,3722,2448,1381,709,365,176,981,85,64,123,1956,1007,949,20301,3572,1932,27424,84797,68681,43968,24299,12176,6360,3437,25095,1937,1239,3322,66405,36397,30008,446872,77732
Castellón/Castelló,Borriol,12031,2338,128,761,716,423,292,150,64,53,172,25,23,46,344,189,155,3708,511,1932,27424,84797,68681,43968,24299,12176,6360,3437,25095,1937,1239,3322,66405,36397,30008,446872,77732
Castellón/Castelló,Cabanes,12033,1636,324,510,361,228,133,76,62,28,148,15,11,25,634,373,261,3438,883,1932,27424,84797,68681,43968,24299,12176,6360,3437,25095,1937,1239,3322,66405,36397,30008,446872,77732
Castellón/Castelló,Castelló de la Plana,12040,2135,2455,23858,20120,11398,5482,2425,1191,580,4649,356,237,586,7455,3543,3912,91229,10437,1932,27424,84797,68681,43968,24299,12176,6360,3437,25095,1937,1239,3322,66405,36397,30008,446872,77732
Castellón/Castelló,Chilches/Xilxes,12053,1199,257,812,421,258,132,72,30,17,363,10,7,16,953,484,469,3755,407,1932,27424,84797,68681,43968,24299,12176,6360,3437,25095,1937,1239,3322,66405,36397,30008,446872,77732
Castellón/Castelló,Coves de Vinromà (les),12050,2082,119,258,193,143,91,45,31,23,80,14,8,20,184,118,66,1654,445,1932,27424,84797,68681,43968,24299,12176,6360,3437,25095,1937,1239,3322,66405,36397,30008,446872,77732
Castellón/Castelló,Càlig,12034,2601,75,198,189,155,113,62,39,20,52,16,10,19,143,77,66,1658,567,1932,27424,84797,68681,43968,24299,12176,6360,3437,25095,1937,1239,3322,66405,36397,30008,446872,77732
Castellón/Castelló,Jérica,12071,1605,160,340,204,147,63,34,16,17,108,5,8,24,287,162,125,2084,671,1932,27424,84797,68681,43968,24299,12176,6360,3437,25095,1937,1239,3322,66405,36397,30008,446872,77732
Castellón/Castelló,Llucena/Lucena del Cid,12072,1621,151,236,171,107,53,31,19,13,102,7,1,15,239,134,105,1612,467,1932,27424,84797,68681,43968,24299,12176,6360,3437,25095,1937,1239,3322,66405,36397,30008,446872,77732
Castellón/Castelló,Moncofa,12077,1011,887,2170,1072,670,351,184,84,49,1251,26,21,39,3331,1623,1708,12203,2068,1932,27424,84797,68681,43968,24299,12176,6360,3437,25095,1937,1239,3322,66405,36397,30008,446872,77732
Castellón/Castelló,Morella *,12080,2207,197,278,282,172,109,70,54,47,113,27,23,53,310,167,143,2160,425,1932,27424,84797,68681,43968,24299,12176,6360,3437,25095,1937,1239,3322,66405,36397,30008,446872,77732
Castellón/Castelló,Nules,12082,2056,387,1745,1524,1014,562,283,138,74,549,38,14,49,1232,613,619,9193,1584,1932,27424,84797,68681,43968,24299,12176,6360,3437,25095,1937,1239,3322,66405,36397,30008,446872,77732
Castellón/Castelló,Onda,12084,2354,386,3006,2912,1991,1118,466,230,130,659,80,31,117,1199,605,594,14658,2333,1932,27424,84797,68681,43968,24299,12176,6360,3437,25095,1937,1239,3322,66405,36397,30008,446872,77732
Castellón/Castelló,Oropesa del Mar/Orpesa,12085,709,4946,2943,1495,887,555,262,142,88,1983,47,27,98,9405,5979,3426,29113,6235,1932,27424,84797,68681,43968,24299,12176,6360,3437,25095,1937,1239,3322,66405,36397,30008,446872,77732
Castellón/Castelló,Peníscola/Peñíscola,12089,795,2424,2095,1073,735,468,242,159,111,1209,63,53,120,5773,3561,2212,18226,3701,1932,27424,84797,68681,43968,24299,12176,6360,3437,25095,1937,1239,3322,66405,36397,30008,446872,77732
Castellón/Castelló,Pobla Tornesa (la),12094,2548,28,136,138,119,63,36,15,19,38,8,6,10,78,37,41,837,143,1932,27424,84797,68681,43968,24299,12176,6360,3437,25095,1937,1239,3322,66405,36397,30008,446872,77732
Castellón/Castelló,Resto de Castellón/Castelló,12999,1415,4122,5874,3708,2365,1339,697,383,233,2338,161,102,338,7261,4125,3136,42507,13586,1932,27424,84797,68681,43968,24299,12176,6360,3437,25095,1937,1239,3322,66405,36397,30008,446872,77732
Castellón/Castelló,Ribesalbes,12095,2362,38,138,127,106,56,38,13,6,31,4,3,3,85,49,36,844,196,1932,27424,84797,68681,43968,24299,12176,6360,3437,25095,1937,1239,3322,66405,36397,30008,446872,77732
Castellón/Castelló,Sant Joan de Moró,12902,2290,84,408,387,244,141,81,46,21,104,9,6,14,218,114,104,2211,448,1932,27424,84797,68681,43968,24299,12176,6360,3437,25095,1937,1239,3322,66405,36397,30008,446872,77732
Castellón/Castelló,Sant Jordi/San Jorge,12099,1260,167,343,167,142,88,57,39,22,165,11,6,18,478,247,231,2473,770,1932,27424,84797,68681,43968,24299,12176,6360,3437,25095,1937,1239,3322,66405,36397,30008,446872,77732
Castellón/Castelló,Sant Mateu,12100,2562,77,199,187,172,118,62,35,15,62,11,5,15,146,78,68,1589,485,1932,27424,84797,68681,43968,24299,12176,6360,3437,25095,1937,1239,3322,66405,36397,30008,446872,77732
Castellón/Castelló,Segorbe,12104,2039,245,1250,962,576,329,154,86,64,350,24,18,73,603,306,297,6024,1290,1932,27424,84797,68681,43968,24299,12176,6360,3437,25095,1937,1239,3322,66405,36397,30008,446872,77732
Castellón/Castelló,Soneja,12106,2038,68,200,168,124,89,44,21,9,73,7,3,9,185,91,94,1215,215,1932,27424,84797,68681,43968,24299,12176,6360,3437,25095,1937,1239,3322,66405,36397,30008,446872,77732
Castellón/Castelló,Torreblanca,12117,1456,532,967,650,445,229,132,74,42,386,23,12,32,1214,678,536,5848,1110,1932,27424,84797,68681,43968,24299,12176,6360,3437,25095,1937,1239,3322,66405,36397,30008,446872,77732
Castellón/Castelló,Traiguera *,12121,2488,66,150,140,130,63,32,21,8,37,4,0,18,95,45,50,990,226,1932,27424,84797,68681,43968,24299,12176,6360,3437,25095,1937,1239,3322,66405,36397,30008,446872,77732
Castellón/Castelló,Vall d'Alba,12124,2264,115,371,294,264,143,69,45,17,105,9,8,22,248,125,123,2260,550,1932,27424,84797,68681,43968,24299,12176,6360,3437,25095,1937,1239,3322,66405,36397,30008,446872,77732
Castellón/Castelló,Vall d'Uixó (la),12126,2499,378,3047,3506,2444,1284,556,271,129,582,67,40,112,1087,527,560,15906,2403,1932,27424,84797,68681,43968,24299,12176,6360,3437,25095,1937,1239,3322,66405,36397,30008,446872,77732
Castellón/Castelló,Vila-real,12135,2356,683,5416,5283,3491,1891,808,426,208,1044,124,70,189,1927,964,963,25363,3803,1932,27424,84797,68681,43968,24299,12176,6360,3437,25095,1937,1239,3322,66405,36397,30008,446872,77732
Castellón/Castelló,Vilafamés,12128,2015,107,287,222,150,115,41,28,15,106,3,10,16,202,95,107,1752,450,1932,27424,84797,68681,43968,24299,12176,6360,3437,25095,1937,1239,3322,66405,36397,30008,446872,77732
Castellón/Castelló,Vilafranca/Villafranca del Cid,12129,1618,227,371,259,139,60,36,11,11,124,4,4,17,315,180,135,2253,675,1932,27424,84797,68681,43968,24299,12176,6360,3437,25095,1937,1239,3322,66405,36397,30008,446872,77732
Castellón/Castelló,Vilavella (la) *,12136,2494,76,256,310,232,117,63,30,17,70,11,4,9,157,81,76,1618,266,1932,27424,84797,68681,43968,24299,12176,6360,3437,25095,1937,1239,3322,66405,36397,30008,446872,77732
Castellón/Castelló,Vinaròs,12138,2168,1259,4022,3524,2340,1419,885,457,256,1091,153,88,254,2945,1599,1346,20887,2194,1932,27424,84797,68681,43968,24299,12176,6360,3437,25095,1937,1239,3322,66405,36397,30008,446872,77732
Castellón/Castelló,Viver,12140,1499,183,350,218,132,63,37,16,12,117,10,8,17,344,189,155,1942,435,1932,27424,84797,68681,43968,24299,12176,6360,3437,25095,1937,1239,3322,66405,36397,30008,446872,77732
Ceuta,Ceuta *,51001,2150,431,7671,6571,3436,1460,664,323,176,1331,110,65,210,1778,720,1058,28315,4089,2150,431,7671,6571,3436,1460,664,323,176,1331,110,65,210,1778,720,1058,28315,4089
Ciudad Real,Abenójar,13001,2396,52,128,103,68,60,30,24,23,32,13,8,38,121,71,50,1307,607,2634,9256,43716,41391,31642,20100,12258,7502,5014,11077,3586,2587,9274,24664,13148,11516,313180,91113
Ciudad Real,Agudo,13002,1586,162,268,188,112,39,26,20,7,96,10,4,10,248,141,107,1670,480,2634,9256,43716,41391,31642,20100,12258,7502,5014,11077,3586,2587,9274,24664,13148,11516,313180,91113
Ciudad Real,Albaladejo,13004,2580,31,64,75,49,43,21,17,7,23,7,4,25,65,33,32,1067,636,2634,9256,43716,41391,31642,20100,12258,7502,5014,11077,3586,2587,9274,24664,13148,11516,313180,91113
Ciudad Real,Alcolea de Calatrava,13007,2784,31,98,100,82,62,46,30,17,33,9,6,38,97,52,45,1109,460,2634,9256,43716,41391,31642,20100,12258,7502,5014,11077,3586,2587,9274,24664,13148,11516,313180,91113
Ciudad Real,Alcázar de San Juan,13005,2796,375,2598,2649,2103,1265,762,425,287,582,221,173,689,1124,582,542,17129,3876,2634,9256,43716,41391,31642,20100,12258,7502,5014,11077,3586,2587,9274,24664,13148,11516,313180,91113
Ciudad Real,Aldea del Rey,13009,2270,102,157,130,87,81,59,33,31,71,15,17,43,186,105,81,1761,749,2634,9256,43716,41391,31642,20100,12258,7502,5014,11077,3586,2587,9274,24664,13148,11516,313180,91113
Ciudad Real,Almadén,13011,2872,99,468,394,377,240,151,113,80,116,57,38,108,283,139,144,3931,1407,2634,9256,43716,41391,31642,20100,12258,7502,5014,11077,3586,2587,9274,24664,13148,11516,313180,91113
Ciudad Real,Almagro,13013,3496,95,517,548,542,451,308,203,151,150,108,82,282,352,186,166,5072,1283,2634,9256,43716,41391,31642,20100,12258,7502,5014,11077,3586,2587,9274,24664,13148,11516,313180,91113
Ciudad Real,Almodóvar del Campo,13015,2589,211,603,571,452,312,212,136,91,178,55,50,101,498,288,210,4872,1402,2634,9256,43716,41391,31642,20100,12258,7502,5014,11077,3586,2587,9274,24664,13148,11516,313180,91113
Ciudad Real,Arenas de San Juan,13018,2352,34,98,65,58,49,25,12,14,28,4,2,16,66,38,28,734,263,2634,9256,43716,41391,31642,20100,12258,7502,5014,11077,3586,2587,9274,24664,13148,11516,313180,91113
Ciudad Real,Argamasilla de Alba,13019,2988,99,468,461,449,342,185,115,81,114,52,38,113,349,187,162,4147,1281,2634,9256,43716,41391,31642,20100,12258,7502,5014,11077,3586,2587,9274,24664,13148,11516,313180,91113
Ciudad Real,Argamasilla de Calatrava,13020,2750,126,581,508,415,281,200,129,80,164,67,41,167,365,205,160,4264,1140,2634,9256,43716,41391,31642,20100,12258,7502,5014,11077,3586,2587,9274,24664,13148,11516,313180,91113
Ciudad Real,Bolaños de Calatrava *,13023,3429,125,643,685,619,510,345,241,178,166,128,94,307,391,225,166,5589,1157,2634,9256,43716,41391,31642,20100,12258,7502,5014,11077,3586,2587,9274,24664,13148,11516,313180,91113
Ciudad Real,Calzada de Calatrava,13027,2843,114,353,307,265,190,150,88,68,104,60,31,98,299,170,129,3468,1341,2634,9256,43716,41391,31642,20100,12258,7502,5014,11077,3586,2587,9274,24664,13148,11516,313180,91113
Ciudad Real,Campo de Criptana,13028,3083,160,790,917,763,576,354,227,150,213,96,67,323,484,265,219,7014,1894,2634,9256,43716,41391,31642,20100,12258,7502,5014,11077,3586,2587,9274,24664,13148,11516,313180,91113
Ciudad Real,Carrizosa,13032,2304,46,105,86,71,39,36,26,19,38,11,12,37,114,68,46,1274,634,2634,9256,43716,41391,31642,20100,12258,7502,5014,11077,3586,2587,9274,24664,13148,11516,313180,91113
Ciudad Real,Carrión de Calatrava,13031,2803,55,220,269,238,143,81,62,24,68,24,16,49,164,81,83,1956,543,2634,9256,43716,41391,31642,20100,12258,7502,5014,11077,3586,2587,9274,24664,13148,11516,313180,91113
Ciudad Real,Castellar de Santiago,13033,1933,107,248,158,134,71,53,27,12,73,10,7,22,200,98,102,1837,715,2634,9256,43716,41391,31642,20100,12258,7502,5014,11077,3586,2587,9274,24664,13148,11516,313180,91113
Ciudad Real,Chillón,13038,2676,52,185,133,118,111,57,44,28,58,17,17,61,149,83,66,1908,878,2634,9256,43716,41391,31642,20100,12258,7502,5014,11077,3586,2587,9274,24664,13148,11516,313180,91113
Ciudad Real,Ciudad Real,13034,2314,870,9318,8028,4825,2537,1420,819,559,2020,370,289,1100,3053,1384,1669,41592,6384,2634,9256,43716,41391,31642,20100,12258,7502,5014,11077,3586,2587,9274,24664,13148,11516,313180,91113
Ciudad Real,Corral de Calatrava,13035,3497,13,49,43,36,31,15,21,17,12,11,12,36,37,21,16,811,478,2634,9256,43716,41391,31642,20100,12258,7502,5014,11077,3586,2587,9274,24664,13148,11516,313180,91113
Ciudad Real,Daimiel,13039,2827,252,1324,1417,1069,645,411,261,182,329,165,117,455,684,386,298,10967,3656,2634,9256,43716,41391,31642,20100,12258,7502,5014,11077,3586,2587,9274,24664,13148,11516,313180,91113
Ciudad Real,Fuencaliente,13042,1688,84,169,107,66,38,20,5,4,41,1,5,9,127,71,56,1272,596,2634,9256,43716,41391,31642,20100,12258,7502,5014,11077,3586,2587,9274,24664,13148,11516,313180,91113
Ciudad Real,Fuente el Fresno,13044,2743,78,247,209,182,136,85,48,33,71,22,18,68,175,87,88,2289,917,2634,9256,43716,41391,31642,20100,12258,7502,5014,11077,3586,2587,9274,24664,13148,11516,313180,91113
Ciudad Real,Herencia,13047,2984,117,479,531,470,322,210,107,96,148,68,41,159,345,188,157,4533,1440,2634,9256,43716,41391,31642,20100,12258,7502,5014,11077,3586,2587,9274,24664,13148,11516,313180,91113
Ciudad Real,Malagón,13052,2472,251,782,640,477,360,226,179,94,237,61,43,184,612,352,260,6110,1964,2634,9256,43716,41391,31642,20100,12258,7502,5014,11077,3586,2587,9274,24664,13148,11516,313180,91113
Ciudad Real,Manzanares,13053,2791,233,1392,1513,1235,732,394,223,168,281,126,77,330,704,376,328,10512,3104,2634,9256,43716,41391,31642,20100,12258,7502,5014,11077,3586,2587,9274,24664,13148,11516,313180,91113
Ciudad Real,Membrilla,13054,3324,61,294,397,412,264,184,109,51,80,61,29,116,176,94,82,3235,1001,2634,9256,43716,41391,31642,20100,12258,7502,5014,11077,3586,2587,9274,24664,13148,11516,313180,91113
Ciudad Real,Miguelturra,13056,2772,156,1217,1490,1150,656,344,190,119,246,71,63,214,551,278,273,7817,1350,2634,9256,43716,41391,31642,20100,12258,7502,5014,11077,3586,2587,9274,24664,13148,11516,313180,91113
Ciudad Real,Montiel,13057,2572,56,99,94,80,57,38,18,21,40,11,10,21,110,71,39,1363,708,2634,9256,43716,41391,31642,20100,12258,7502,5014,11077,3586,2587,9274,24664,13148,11516,313180,91113
Ciudad Real,Moral de Calatrava,13058,2952,130,379,313,287,224,154,118,70,117,49,41,123,296,163,133,3691,1390,2634,9256,43716,41391,31642,20100,12258,7502,5014,11077,3586,2587,9274,24664,13148,11516,313180,91113
Ciudad Real,Pedro Muñoz,13061,2891,147,461,459,445,282,190,103,66,128,53,32,111,314,178,136,4380,1589,2634,9256,43716,41391,31642,20100,12258,7502,5014,11077,3586,2587,9274,24664,13148,11516,313180,91113
Ciudad Real,Piedrabuena,13063,2720,119,379,336,283,186,137,104,53,102,60,32,115,306,166,140,3293,1081,2634,9256,43716,41391,31642,20100,12258,7502,5014,11077,3586,2587,9274,24664,13148,11516,313180,91113
Ciudad Real,Poblete,13064,2928,33,206,215,190,124,92,46,33,49,22,11,29,108,51,57,1466,308,2634,9256,43716,41391,31642,20100,12258,7502,5014,11077,3586,2587,9274,24664,13148,11516,313180,91113
Ciudad Real,Porzuna,13065,2256,140,338,261,210,145,98,61,37,123,38,17,89,348,196,152,2890,985,2634,9256,43716,41391,31642,20100,12258,7502,5014,11077,3586,2587,9274,24664,13148,11516,313180,91113
Ciudad Real,Pozuelo de Calatrava,13066,2913,70,265,262,183,158,116,71,55,83,42,30,99,186,100,86,2630,1010,2634,9256,43716,41391,31642,20100,12258,7502,5014,11077,3586,2587,9274,24664,13148,11516,313180,91113
Ciudad Real,Puebla de Don Rodrigo,13068,2810,42,101,73,75,52,42,22,15,30,19,12,27,82,50,32,980,388,2634,9256,43716,41391,31642,20100,12258,7502,5014,11077,3586,2587,9274,24664,13148,11516,313180,91113
Ciudad Real,Puertollano,13071,2489,684,4456,4556,3109,1673,904,577,365,1054,225,160,488,1958,1021,937,26589,6380,2634,9256,43716,41391,31642,20100,12258,7502,5014,11077,3586,2587,9274,24664,13148,11516,313180,91113
Ciudad Real,Resto de Ciudad Real,13999,2164,1436,2947,2197,1691,1166,756,509,344,1082,216,175,612,2862,1661,1201,28649,12656,2634,9256,43716,41391,31642,20100,12258,7502,5014,11077,3586,2587,9274,24664,13148,11516,313180,91113
Ciudad Real,Robledo (El),13901,2317,56,138,103,72,64,34,34,8,46,11,12,29,99,49,50,1003,297,2634,9256,43716,41391,31642,20100,12258,7502,5014,11077,3586,2587,9274,24664,13148,11516,313180,91113
Ciudad Real,San Carlos del Valle,13074,2939,27,84,83,61,62,37,30,21,28,12,10,32,85,50,35,795,223,2634,9256,43716,41391,31642,20100,12258,7502,5014,11077,3586,2587,9274,24664,13148,11516,313180,91113
Ciudad Real,Santa Cruz de Mudela,13077,3179,69,243,261,247,212,107,74,58,67,36,27,103,181,94,87,2697,1012,2634,9256,43716,41391,31642,20100,12258,7502,5014,11077,3586,2587,9274,24664,13148,11516,313180,91113
Ciudad Real,Socuéllamos,13078,2760,196,949,898,763,486,302,177,128,222,96,78,259,596,332,264,7070,1920,2634,9256,43716,41391,31642,20100,12258,7502,5014,11077,3586,2587,9274,24664,13148,11516,313180,91113
Ciudad Real,Solana (La),13079,3192,146,846,953,922,668,447,263,164,225,123,83,263,510,295,215,7377,1764,2634,9256,43716,41391,31642,20100,12258,7502,5014,11077,3586,2587,9274,24664,13148,11516,313180,91113
Ciudad Real,Tomelloso,13082,2688,448,2808,2910,2270,1412,764,400,236,614,170,114,464,1303,649,654,19217,5304,2634,9256,43716,41391,31642,20100,12258,7502,5014,11077,3586,2587,9274,24664,13148,11516,313180,91113
Ciudad Real,Torralba de Calatrava,13083,2628,91,262,250,200,134,75,45,36,72,22,21,66,208,113,95,2110,628,2634,9256,43716,41391,31642,20100,12258,7502,5014,11077,3586,2587,9274,24664,13148,11516,313180,91113
Ciudad Real,Torrenueva,13085,2790,63,194,175,152,133,64,56,25,66,26,16,67,192,104,88,2149,920,2634,9256,43716,41391,31642,20100,12258,7502,5014,11077,3586,2587,9274,24664,13148,11516,313180,91113
Ciudad Real,Valdepeñas,13087,2683,446,2641,2489,1873,1175,722,443,316,615,233,157,617,1287,668,619,17368,4354,2634,9256,43716,41391,31642,20100,12258,7502,5014,11077,3586,2587,9274,24664,13148,11516,313180,91113
Ciudad Real,Villahermosa,13089,2076,89,215,159,118,73,53,28,32,63,21,10,29,217,117,100,2220,1113,2634,9256,43716,41391,31642,20100,12258,7502,5014,11077,3586,2587,9274,24664,13148,11516,313180,91113
Ciudad Real,Villamanrique,13090,2544,51,96,92,82,51,34,17,11,34,9,8,15,94,59,35,1183,589,2634,9256,43716,41391,31642,20100,12258,7502,5014,11077,3586,2587,9274,24664,13148,11516,313180,91113
Ciudad Real,Villanueva de la Fuente,13092,2040,93,221,157,113,70,46,27,24,55,14,4,33,202,107,95,1983,924,2634,9256,43716,41391,31642,20100,12258,7502,5014,11077,3586,2587,9274,24664,13148,11516,313180,91113
Ciudad Real,Villanueva de los Infantes,13093,2744,140,412,362,312,237,155,105,67,131,47,32,140,334,180,154,3752,1278,2634,9256,43716,41391,31642,20100,12258,7502,5014,11077,3586,2587,9274,24664,13148,11516,313180,91113
Ciudad Real,Villarrubia de los Ojos,13096,2964,159,690,619,637,410,284,155,103,161,70,60,162,457,240,217,5456,1489,2634,9256,43716,41391,31642,20100,12258,7502,5014,11077,3586,2587,9274,24664,13148,11516,313180,91113
Ciudad Real,Villarta de San Juan *,13097,3132,43,193,198,204,155,110,44,30,37,13,13,34,127,72,55,1530,329,2634,9256,43716,41391,31642,20100,12258,7502,5014,11077,3586,2587,9274,24664,13148,11516,313180,91113
Ciudad Real,Viso del Marqués,13098,2487,91,230,194,139,105,87,41,25,61,28,21,49,183,108,75,2092,838,2634,9256,43716,41391,31642,20100,12258,7502,5014,11077,3586,2587,9274,24664,13148,11516,313180,91113
"Coruña, A",Abegondo,15001,3085,83,373,398,292,226,178,102,110,97,61,50,156,233,110,123,3377,1018,2580,19024,112198,95147,64637,41834,27681,18787,13683,27262,10216,7923,31039,54336,27895,26441,686961,163194
"Coruña, A",Ames,15002,2304,293,3801,3148,1901,1077,640,370,248,835,166,100,389,1286,561,725,16701,2447,2580,19024,112198,95147,64637,41834,27681,18787,13683,27262,10216,7923,31039,54336,27895,26441,686961,163194
"Coruña, A",Aranga,15003,2416,48,153,135,78,58,36,21,22,44,17,20,50,116,62,54,1328,530,2580,19024,112198,95147,64637,41834,27681,18787,13683,27262,10216,7923,31039,54336,27895,26441,686961,163194
"Coruña, A",Ares,15004,2523,256,660,513,396,307,210,158,111,226,74,59,228,620,371,249,5679,1861,2580,19024,112198,95147,64637,41834,27681,18787,13683,27262,10216,7923,31039,54336,27895,26441,686961,163194
"Coruña, A",Arteixo,15005,2952,373,2812,2427,1781,1258,836,664,513,594,369,304,1165,1237,627,610,17841,3508,2580,19024,112198,95147,64637,41834,27681,18787,13683,27262,10216,7923,31039,54336,27895,26441,686961,163194
"Coruña, A",Arzúa,15006,2580,160,511,431,299,189,146,88,82,154,72,48,215,360,199,161,4520,1765,2580,19024,112198,95147,64637,41834,27681,18787,13683,27262,10216,7923,31039,54336,27895,26441,686961,163194
"Coruña, A",Baña (A),15007,2755,54,245,230,197,120,63,37,27,45,30,11,61,128,75,53,2093,845,2580,19024,112198,95147,64637,41834,27681,18787,13683,27262,10216,7923,31039,54336,27895,26441,686961,163194
"Coruña, A",Bergondo,15008,3006,125,557,510,446,341,210,139,113,141,72,56,213,382,228,154,4428,1123,2580,19024,112198,95147,64637,41834,27681,18787,13683,27262,10216,7923,31039,54336,27895,26441,686961,163194
"Coruña, A",Betanzos,15009,3252,166,978,909,680,491,351,299,232,253,198,157,681,560,306,254,8863,2908,2580,19024,112198,95147,64637,41834,27681,18787,13683,27262,10216,7923,31039,54336,27895,26441,686961,163194
"Coruña, A",Boimorto,15010,2568,47,167,127,111,62,41,25,12,42,14,15,43,96,45,51,1431,629,2580,19024,112198,95147,64637,41834,27681,18787,13683,27262,10216,7923,31039,54336,27895,26441,686961,163194
"Coruña, A",Boiro,15011,2664,499,1660,1479,1137,839,523,329,266,432,166,108,463,1232,696,536,12275,3142,2580,19024,112198,95147,64637,41834,27681,18787,13683,27262,10216,7923,31039,54336,27895,26441,686961,163194
"Coruña, A",Boqueixón,15012,3270,33,287,232,233,175,122,70,54,60,41,25,87,119,65,54,2042,504,2580,19024,112198,95147,64637,41834,27681,18787,13683,27262,10216,7923,31039,54336,27895,26441,686961,163194
"Coruña, A",Brión,15013,2904,68,574,588,474,312,197,116,82,131,59,43,129,227,120,107,4070,1070,2580,19024,112198,95147,64637,41834,27681,18787,13683,27262,10216,7923,31039,54336,27895,26441,686961,163194
"Coruña, A",Cabana de Bergantiños,15014,2520,81,345,330,232,139,80,53,42,88,30,25,62,197,104,93,2593,889,2580,19024,112198,95147,64637,41834,27681,18787,13683,27262,10216,7923,31039,54336,27895,26441,686961,163194
"Coruña, A",Cabanas,15015,2206,131,406,319,228,146,93,68,43,131,24,20,67,329,177,152,2583,578,2580,19024,112198,95147,64637,41834,27681,18787,13683,27262,10216,7923,31039,54336,27895,26441,686961,163194
"Coruña, A",Camariñas,15016,2061,268,650,448,286,168,103,93,46,165,43,27,125,459,271,188,4299,1418,2580,19024,112198,95147,64637,41834,27681,18787,13683,27262,10216,7923,31039,54336,27895,26441,686961,163194
"Coruña, A",Cambre,15017,2652,256,2413,2168,1357,820,611,394,289,492,231,181,609,779,375,404,12736,2136,2580,19024,112198,95147,64637,41834,27681,18787,13683,27262,10216,7923,31039,54336,27895,26441,686961,163194
"Coruña, A",Capela (A),15018,3999,5,77,76,56,65,46,25,25,15,14,19,64,35,22,13,719,197,2580,19024,112198,95147,64637,41834,27681,18787,13683,27262,10216,7923,31039,54336,27895,26441,686961,163194
"Coruña, A",Carballo,15019,2794,631,2684,2407,1776,1141,761,587,436,636,330,256,1044,1535,799,736,19427,5203,2580,19024,112198,95147,64637,41834,27681,18787,13683,27262,10216,7923,31039,54336,27895,26441,686961,163194
"Coruña, A",Cariño,15901,2293,180,410,296,220,157,86,63,44,131,27,27,136,324,170,154,3541,1440,2580,19024,112198,95147,64637,41834,27681,18787,13683,27262,10216,7923,31039,54336,27895,26441,686961,163194
"Coruña, A",Carnota,15020,2329,156,413,361,239,154,112,62,49,136,36,34,126,386,211,175,3901,1637,2580,19024,112198,95147,64637,41834,27681,18787,13683,27262,10216,7923,31039,54336,27895,26441,686961,163194
"Coruña, A",Carral,15021,2736,100,609,521,390,249,209,135,92,154,56,50,175,309,171,138,4101,1052,2580,19024,112198,95147,64637,41834,27681,18787,13683,27262,10216,7923,31039,54336,27895,26441,686961,163194
"Coruña, A",Cedeira,15022,2541,274,655,496,398,277,212,151,97,259,82,63,312,605,363,242,6634,2753,2580,19024,112198,95147,64637,41834,27681,18787,13683,27262,10216,7923,31039,54336,27895,26441,686961,163194
"Coruña, A",Cee,15023,2860,156,646,587,424,295,232,153,134,173,77,64,274,400,222,178,5312,1697,2580,19024,112198,95147,64637,41834,27681,18787,13683,27262,10216,7923,31039,54336,27895,26441,686961,163194
"Coruña, A",Cerceda,15024,2737,89,439,378,300,210,121,91,45,95,49,26,113,258,126,132,3046,832,2580,19024,112198,95147,64637,41834,27681,18787,13683,27262,10216,7923,31039,54336,27895,26441,686961,163194
"Coruña, A",Cerdido,15025,2352,24,103,93,61,44,21,17,8,26,3,6,16,72,39,33,954,460,2580,19024,112198,95147,64637,41834,27681,18787,13683,27262,10216,7923,31039,54336,27895,26441,686961,163194
"Coruña, A",Coirós,15027,2664,28,156,132,105,74,48,38,25,51,17,6,30,82,45,37,1126,334,2580,19024,112198,95147,64637,41834,27681,18787,13683,27262,10216,7923,31039,54336,27895,26441,686961,163194
"Coruña, A",Corcubión,15028,2314,65,205,160,119,72,60,28,28,61,15,14,41,151,90,61,1546,527,2580,19024,112198,95147,64637,41834,27681,18787,13683,27262,10216,7923,31039,54336,27895,26441,686961,163194
"Coruña, A",Coristanco,15029,2748,84,427,448,365,217,130,84,49,107,37,24,102,216,114,102,3361,1071,2580,19024,112198,95147,64637,41834,27681,18787,13683,27262,10216,7923,31039,54336,27895,26441,686961,163194
"Coruña, A",Coruña (A),15030,2422,2994,29236,23800,14199,8293,5372,3688,2630,6299,1933,1583,6213,9873,4563,5310,136205,20092,2580,19024,112198,95147,64637,41834,27681,18787,13683,27262,10216,7923,31039,54336,27895,26441,686961,163194
"Coruña, A",Culleredo,15031,2436,316,3350,3059,1762,1015,613,424,254,662,196,154,606,1095,532,563,15752,2246,2580,19024,112198,95147,64637,41834,27681,18787,13683,27262,10216,7923,31039,54336,27895,26441,686961,163194
"Coruña, A",Curtis,15032,2612,107,403,311,203,155,105,67,61,98,43,37,147,236,132,104,3045,1072,2580,19024,112198,95147,64637,41834,27681,18787,13683,27262,10216,7923,31039,54336,27895,26441,686961,163194
"Coruña, A",Dodro,15033,3420,20,118,149,145,108,78,57,33,25,23,12,45,82,48,34,1338,443,2580,19024,112198,95147,64637,41834,27681,18787,13683,27262,10216,7923,31039,54336,27895,26441,686961,163194
"Coruña, A",Dumbría,15034,2892,31,167,159,147,91,63,34,28,43,17,13,56,108,61,47,1536,579,2580,19024,112198,95147,64637,41834,27681,18787,13683,27262,10216,7923,31039,54336,27895,26441,686961,163194
"Coruña, A",Fene,15035,2964,186,1037,1132,817,582,392,253,164,255,127,101,414,508,262,246,7547,1579,2580,19024,112198,95147,64637,41834,27681,18787,13683,27262,10216,7923,31039,54336,27895,26441,686961,163194
"Coruña, A",Ferrol,15036,2400,1215,7309,6022,3693,2258,1442,989,716,1702,562,384,1734,3416,1719,1697,42672,11230,2580,19024,112198,95147,64637,41834,27681,18787,13683,27262,10216,7923,31039,54336,27895,26441,686961,163194
"Coruña, A",Fisterra,15037,2436,148,441,383,279,176,113,75,59,117,38,30,98,351,208,143,3802,1494,2580,19024,112198,95147,64637,41834,27681,18787,13683,27262,10216,7923,31039,54336,27895,26441,686961,163194
"Coruña, A",Frades,15038,3330,26,139,119,128,78,59,35,30,27,17,21,66,61,36,25,1275,469,2580,19024,112198,95147,64637,41834,27681,18787,13683,27262,10216,7923,31039,54336,27895,26441,686961,163194
"Coruña, A",Irixoa,15039,2532,26,125,94,49,53,34,31,22,37,19,11,37,79,34,45,1027,410,2580,19024,112198,95147,64637,41834,27681,18787,13683,27262,10216,7923,31039,54336,27895,26441,686961,163194
"Coruña, A",Laracha (A),15041,2477,269,1265,1101,745,498,293,208,143,276,82,73,176,657,334,323,6901,1115,2580,19024,112198,95147,64637,41834,27681,18787,13683,27262,10216,7923,31039,54336,27895,26441,686961,163194
"Coruña, A",Laxe,15040,2106,153,331,239,158,100,79,35,42,113,25,23,83,283,173,110,2759,1095,2580,19024,112198,95147,64637,41834,27681,18787,13683,27262,10216,7923,31039,54336,27895,26441,686961,163194
"Coruña, A",Lousame,15042,2664,62,189,224,142,107,67,36,24,48,18,14,33,102,49,53,1738,672,2580,19024,112198,95147,64637,41834,27681,18787,13683,27262,10216,7923,31039,54336,27895,26441,686961,163194
"Coruña, A",Malpica de Bergantiños,15043,2328,244,628,502,349,215,127,95,59,192,48,41,154,449,255,194,5366,2263,2580,19024,112198,95147,64637,41834,27681,18787,13683,27262,10216,7923,31039,54336,27895,26441,686961,163194
"Coruña, A",Mazaricos,15045,3120,39,211,216,173,138,86,55,45,58,37,30,85,100,62,38,2120,847,2580,19024,112198,95147,64637,41834,27681,18787,13683,27262,10216,7923,31039,54336,27895,26441,686961,163194
"Coruña, A",Mañón,15044,2340,44,116,118,65,52,29,20,19,39,9,9,33,99,53,46,1364,712,2580,19024,112198,95147,64637,41834,27681,18787,13683,27262,10216,7923,31039,54336,27895,26441,686961,163194
"Coruña, A",Melide,15046,2023,453,984,705,442,279,165,122,90,326,64,57,159,721,414,307,6658,2091,2580,19024,112198,95147,64637,41834,27681,18787,13683,27262,10216,7923,31039,54336,27895,26441,686961,163194
"Coruña, A",Mesía,15047,2963,29,181,177,143,101,59,48,32,43,24,16,54,91,48,43,1565,567,2580,19024,112198,95147,64637,41834,27681,18787,13683,27262,10216,7923,31039,54336,27895,26441,686961,163194
"Coruña, A",Miño,15048,2430,277,708,531,394,270,197,147,100,227,75,66,296,652,384,268,5944,2004,2580,19024,112198,95147,64637,41834,27681,18787,13683,27262,10216,7923,31039,54336,27895,26441,686961,163194
"Coruña, A",Moeche,15049,2808,36,89,82,70,51,28,23,12,22,11,6,28,77,46,31,1066,531,2580,19024,112198,95147,64637,41834,27681,18787,13683,27262,10216,7923,31039,54336,27895,26441,686961,163194
"Coruña, A",Monfero,15050,2993,27,107,107,85,60,45,36,28,45,22,17,49,85,51,34,1293,580,2580,19024,112198,95147,64637,41834,27681,18787,13683,27262,10216,7923,31039,54336,27895,26441,686961,163194
"Coruña, A",Mugardos,15051,2892,129,441,417,330,254,154,90,88,117,51,43,178,301,168,133,4176,1583,2580,19024,112198,95147,64637,41834,27681,18787,13683,27262,10216,7923,31039,54336,27895,26441,686961,163194
"Coruña, A",Muros,15053,2592,248,762,659,457,313,213,149,110,221,99,78,298,557,337,220,6465,2301,2580,19024,112198,95147,64637,41834,27681,18787,13683,27262,10216,7923,31039,54336,27895,26441,686961,163194
"Coruña, A",Muxía,15052,2568,135,374,296,231,149,111,84,51,105,45,41,131,281,146,135,3338,1304,2580,19024,112198,95147,64637,41834,27681,18787,13683,27262,10216,7923,31039,54336,27895,26441,686961,163194
"Coruña, A",Narón,15054,2561,592,4014,3564,2268,1303,892,524,412,903,328,274,1114,1593,812,781,21735,3954,2580,19024,112198,95147,64637,41834,27681,18787,13683,27262,10216,7923,31039,54336,27895,26441,686961,163194
"Coruña, A",Neda,15055,2932,78,439,414,334,217,134,100,69,101,37,32,160,188,97,91,3133,830,2580,19024,112198,95147,64637,41834,27681,18787,13683,27262,10216,7923,31039,54336,27895,26441,686961,163194
"Coruña, A",Negreira,15056,2826,125,609,490,396,271,182,119,94,137,71,52,232,326,150,176,4494,1390,2580,19024,112198,95147,64637,41834,27681,18787,13683,27262,10216,7923,31039,54336,27895,26441,686961,163194
"Coruña, A",Noia,15057,3456,181,1006,959,747,590,450,346,244,280,201,173,787,625,365,260,8620,2031,2580,19024,112198,95147,64637,41834,27681,18787,13683,27262,10216,7923,31039,54336,27895,26441,686961,163194
"Coruña, A",Oleiros,15058,2952,403,2931,2813,2104,1509,1048,674,503,693,389,251,1080,1355,659,696,19268,3515,2580,19024,112198,95147,64637,41834,27681,18787,13683,27262,10216,7923,31039,54336,27895,26441,686961,163194
"Coruña, A",Ordes,15059,2868,195,1005,957,724,494,327,227,142,229,146,80,306,509,251,258,7261,1920,2580,19024,112198,95147,64637,41834,27681,18787,13683,27262,10216,7923,31039,54336,27895,26441,686961,163194
"Coruña, A",Oroso,15060,2488,93,716,606,422,252,157,106,61,162,51,41,123,319,153,166,3787,678,2580,19024,112198,95147,64637,41834,27681,18787,13683,27262,10216,7923,31039,54336,27895,26441,686961,163194
"Coruña, A",Ortigueira,15061,2280,301,640,487,342,211,151,120,82,211,54,38,218,557,300,257,6562,3150,2580,19024,112198,95147,64637,41834,27681,18787,13683,27262,10216,7923,31039,54336,27895,26441,686961,163194
"Coruña, A",Outes,15062,2829,98,510,464,357,249,186,91,89,117,58,42,150,259,144,115,4039,1369,2580,19024,112198,95147,64637,41834,27681,18787,13683,27262,10216,7923,31039,54336,27895,26441,686961,163194
"Coruña, A",Oza-Cesuras,15902,2676,119,500,398,339,217,145,107,65,114,55,43,143,321,183,138,3871,1305,2580,19024,112198,95147,64637,41834,27681,18787,13683,27262,10216,7923,31039,54336,27895,26441,686961,163194
"Coruña, A",Paderne,15064,2987,39,178,162,171,121,73,33,29,52,23,17,52,132,67,65,1562,480,2580,19024,112198,95147,64637,41834,27681,18787,13683,27262,10216,7923,31039,54336,27895,26441,686961,163194
"Coruña, A",Padrón,15065,3153,119,547,559,473,327,246,142,104,133,74,66,291,314,168,146,4961,1566,2580,19024,112198,95147,64637,41834,27681,18787,13683,27262,10216,7923,31039,54336,27895,26441,686961,163194
"Coruña, A",Pino (O),15066,2400,84,467,383,323,155,92,66,47,99,33,18,61,284,156,128,2878,766,2580,19024,112198,95147,64637,41834,27681,18787,13683,27262,10216,7923,31039,54336,27895,26441,686961,163194
"Coruña, A",Pobra do Caramiñal (A),15067,3168,165,683,584,510,402,284,214,159,204,119,77,351,477,265,212,5719,1490,2580,19024,112198,95147,64637,41834,27681,18787,13683,27262,10216,7923,31039,54336,27895,26441,686961,163194
"Coruña, A",Ponteceso,15068,2580,161,520,421,330,248,135,96,61,148,41,34,168,364,205,159,4399,1672,2580,19024,112198,95147,64637,41834,27681,18787,13683,27262,10216,7923,31039,54336,27895,26441,686961,163194
"Coruña, A",Pontedeume,15069,2966,190,611,580,413,334,230,168,123,144,100,85,262,424,228,196,5123,1459,2580,19024,112198,95147,64637,41834,27681,18787,13683,27262,10216,7923,31039,54336,27895,26441,686961,163194
"Coruña, A",Pontes de García Rodríguez (As),15070,3936,112,705,593,499,418,324,273,275,203,232,193,683,468,261,207,6204,1226,2580,19024,112198,95147,64637,41834,27681,18787,13683,27262,10216,7923,31039,54336,27895,26441,686961,163194
"Coruña, A",Porto do Son,15071,2747,333,816,609,510,446,308,196,173,256,124,91,368,844,498,346,7413,2339,2580,19024,112198,95147,64637,41834,27681,18787,13683,27262,10216,7923,31039,54336,27895,26441,686961,163194
"Coruña, A",Rianxo,15072,3236,130,655,661,533,438,316,193,153,160,109,96,301,418,240,178,6342,2179,2580,19024,112198,95147,64637,41834,27681,18787,13683,27262,10216,7923,31039,54336,27895,26441,686961,163194
"Coruña, A",Ribeira,15073,3171,517,1944,1647,1433,1152,891,623,448,623,358,277,1110,1560,866,694,17097,4514,2580,19024,112198,95147,64637,41834,27681,18787,13683,27262,10216,7923,31039,54336,27895,26441,686961,163194
"Coruña, A",Rois,15074,3324,37,223,241,238,181,108,63,46,44,33,18,88,104,55,49,2413,989,2580,19024,112198,95147,64637,41834,27681,18787,13683,27262,10216,7923,31039,54336,27895,26441,686961,163194
"Coruña, A",Sada,15075,2604,336,1758,1394,1084,717,490,335,238,473,173,136,522,1088,592,496,11150,2406,2580,19024,112198,95147,64637,41834,27681,18787,13683,27262,10216,7923,31039,54336,27895,26441,686961,163194
"Coruña, A",San Sadurniño,15076,2376,64,301,251,197,103,68,51,35,91,19,18,39,187,104,83,2026,602,2580,19024,112198,95147,64637,41834,27681,18787,13683,27262,10216,7923,31039,54336,27895,26441,686961,163194
"Coruña, A",Santa Comba,15077,2524,196,863,762,545,386,207,127,113,201,67,66,161,529,303,226,6018,1795,2580,19024,112198,95147,64637,41834,27681,18787,13683,27262,10216,7923,31039,54336,27895,26441,686961,163194
"Coruña, A",Santiago de Compostela,15078,2262,1481,12704,9735,5904,3468,2142,1413,1000,3420,767,587,2452,5475,2502,2973,56746,6198,2580,19024,112198,95147,64637,41834,27681,18787,13683,27262,10216,7923,31039,54336,27895,26441,686961,163194
"Coruña, A",Santiso,15079,2576,25,113,105,73,44,28,17,15,27,8,13,42,87,38,49,1225,628,2580,19024,112198,95147,64637,41834,27681,18787,13683,27262,10216,7923,31039,54336,27895,26441,686961,163194
"Coruña, A",Sobrado,15080,2031,57,167,102,80,46,32,21,13,52,9,5,37,118,74,44,1581,842,2580,19024,112198,95147,64637,41834,27681,18787,13683,27262,10216,7923,31039,54336,27895,26441,686961,163194
"Coruña, A",Somozas (As),15081,2266,32,116,76,70,41,18,11,13,30,7,5,27,62,35,27,961,453,2580,19024,112198,95147,64637,41834,27681,18787,13683,27262,10216,7923,31039,54336,27895,26441,686961,163194
"Coruña, A",Teo,15082,3192,91,1226,1308,1141,790,527,357,218,263,165,129,417,488,243,245,9112,1992,2580,19024,112198,95147,64637,41834,27681,18787,13683,27262,10216,7923,31039,54336,27895,26441,686961,163194
"Coruña, A",Toques,15083,2781,28,79,74,55,39,20,17,15,22,11,6,21,50,25,25,800,363,2580,19024,112198,95147,64637,41834,27681,18787,13683,27262,10216,7923,31039,54336,27895,26441,686961,163194
"Coruña, A",Tordoia,15084,3150,29,192,214,173,135,89,42,33,48,30,19,77,98,56,42,1784,605,2580,19024,112198,95147,64637,41834,27681,18787,13683,27262,10216,7923,31039,54336,27895,26441,686961,163194
"Coruña, A",Touro,15085,2618,56,278,283,214,112,84,42,29,71,12,14,59,150,79,71,2299,895,2580,19024,112198,95147,64637,41834,27681,18787,13683,27262,10216,7923,31039,54336,27895,26441,686961,163194
"Coruña, A",Trazo,15086,3680,27,120,155,152,141,88,36,36,30,26,12,67,52,24,28,1602,660,2580,19024,112198,95147,64637,41834,27681,18787,13683,27262,10216,7923,31039,54336,27895,26441,686961,163194
"Coruña, A",Val do Dubra,15088,2868,60,290,266,207,144,117,79,54,74,37,20,75,157,81,76,2397,817,2580,19024,112198,95147,64637,41834,27681,18787,13683,27262,10216,7923,31039,54336,27895,26441,686961,163194
"Coruña, A",Valdoviño,15087,2796,181,702,563,472,351,216,172,130,188,91,68,232,531,292,239,5385,1488,2580,19024,112198,95147,64637,41834,27681,18787,13683,27262,10216,7923,31039,54336,27895,26441,686961,163194
"Coruña, A",Vedra,15089,3840,27,203,241,267,201,169,116,59,58,60,49,149,123,70,53,2264,542,2580,19024,112198,95147,64637,41834,27681,18787,13683,27262,10216,7923,31039,54336,27895,26441,686961,163194
"Coruña, A",Vilarmaior,15091,2700,22,115,89,80,57,36,22,15,28,15,9,19,72,40,32,900,321,2580,19024,112198,95147,64637,41834,27681,18787,13683,27262,10216,7923,31039,54336,27895,26441,686961,163194
"Coruña, A",Vilasantar,15090,2208,41,131,100,64,42,28,15,9,50,12,5,31,78,41,37,1164,558,2580,19024,112198,95147,64637,41834,27681,18787,13683,27262,10216,7923,31039,54336,27895,26441,686961,163194
"Coruña, A",Vimianzo,15092,2414,185,649,570,384,231,133,107,71,170,47,33,112,382,202,180,4446,1372,2580,19024,112198,95147,64637,41834,27681,18787,13683,27262,10216,7923,31039,54336,27895,26441,686961,163194
"Coruña, A",Zas,15093,2747,67,345,318,222,172,108,65,44,82,29,33,103,171,92,79,2741,982,2580,19024,112198,95147,64637,41834,27681,18787,13683,27262,10216,7923,31039,54336,27895,26441,686961,163194
Cuenca,Alberca de Záncara (La) *,16007,2326,91,161,145,125,66,30,12,9,45,11,4,12,116,70,46,1018,191,1758,12438,30693,21391,11545,5941,3076,1788,1219,9099,902,713,2519,23284,12980,10304,165616,41008
Cuenca,Arcas,16905,2074,57,270,225,147,72,36,22,10,75,8,3,31,169,93,76,1523,398,1758,12438,30693,21391,11545,5941,3076,1788,1219,9099,902,713,2519,23284,12980,10304,165616,41008
Cuenca,Barajas de Melo,16027,1529,110,269,163,91,73,30,9,9,87,7,2,11,272,141,131,1433,300,1758,12438,30693,21391,11545,5941,3076,1788,1219,9099,902,713,2519,23284,12980,10304,165616,41008
Cuenca,Belmonte,16033,1627,145,299,209,126,66,21,16,9,107,4,5,32,265,159,106,1690,386,1758,12438,30693,21391,11545,5941,3076,1788,1219,9099,902,713,2519,23284,12980,10304,165616,41008
Cuenca,Campillo de Altobuey,16042,1600,132,241,162,69,44,24,21,9,81,9,9,25,246,138,108,1333,261,1758,12438,30693,21391,11545,5941,3076,1788,1219,9099,902,713,2519,23284,12980,10304,165616,41008
Cuenca,Casas de Fernando Alonso *,16061,2404,45,120,109,75,62,27,18,14,38,9,9,22,92,51,41,779,139,1758,12438,30693,21391,11545,5941,3076,1788,1219,9099,902,713,2519,23284,12980,10304,165616,41008
Cuenca,Casasimarro *,16066,2148,162,386,333,224,120,64,37,21,98,19,11,53,273,153,120,2126,325,1758,12438,30693,21391,11545,5941,3076,1788,1219,9099,902,713,2519,23284,12980,10304,165616,41008
Cuenca,Cuenca *,16078,1717,1441,9690,6304,2391,880,398,203,131,2383,100,83,345,3842,1854,1988,31611,3420,1758,12438,30693,21391,11545,5941,3076,1788,1219,9099,902,713,2519,23284,12980,10304,165616,41008
Cuenca,Fuente de Pedro Naharro *,16086,1788,110,181,133,91,38,24,7,10,56,3,2,10,148,70,78,1020,207,1758,12438,30693,21391,11545,5941,3076,1788,1219,9099,902,713,2519,23284,12980,10304,165616,41008
Cuenca,Honrubia *,16102,2110,67,203,158,113,50,21,18,12,51,11,4,17,119,63,56,986,142,1758,12438,30693,21391,11545,5941,3076,1788,1219,9099,902,713,2519,23284,12980,10304,165616,41008
Cuenca,Horcajo de Santiago,16106,1818,209,528,384,244,135,64,29,16,154,18,12,29,425,218,207,2760,513,1758,12438,30693,21391,11545,5941,3076,1788,1219,9099,902,713,2519,23284,12980,10304,165616,41008
Cuenca,Huete,16112,1524,164,230,141,109,57,29,23,8,118,7,7,24,232,139,93,2112,963,1758,12438,30693,21391,11545,5941,3076,1788,1219,9099,902,713,2519,23284,12980,10304,165616,41008
Cuenca,Iniesta *,16113,2495,148,393,340,240,144,86,64,50,95,44,31,102,235,135,100,2411,439,1758,12438,30693,21391,11545,5941,3076,1788,1219,9099,902,713,2519,23284,12980,10304,165616,41008
Cuenca,Landete,16117,1920,95,170,141,73,41,21,26,9,55,6,5,24,154,78,76,1323,503,1758,12438,30693,21391,11545,5941,3076,1788,1219,9099,902,713,2519,23284,12980,10304,165616,41008
Cuenca,Ledaña *,16118,2031,132,187,161,101,53,33,24,15,62,18,14,33,197,100,97,1325,295,1758,12438,30693,21391,11545,5941,3076,1788,1219,9099,902,713,2519,23284,12980,10304,165616,41008
Cuenca,Mesas (Las) *,16124,2341,93,233,217,128,89,57,35,16,55,7,15,57,192,109,83,1411,217,1758,12438,30693,21391,11545,5941,3076,1788,1219,9099,902,713,2519,23284,12980,10304,165616,41008
Cuenca,Minglanilla,16125,2223,109,256,208,167,110,56,30,16,93,18,4,36,190,114,76,1645,352,1758,12438,30693,21391,11545,5941,3076,1788,1219,9099,902,713,2519,23284,12980,10304,165616,41008
Cuenca,Mota del Cuervo *,16133,2197,212,622,503,388,210,87,61,35,158,17,25,60,407,217,190,3346,561,1758,12438,30693,21391,11545,5941,3076,1788,1219,9099,902,713,2519,23284,12980,10304,165616,41008
Cuenca,Motilla del Palancar *,16134,2338,183,661,576,404,225,130,71,43,156,35,27,107,369,204,165,3401,414,1758,12438,30693,21391,11545,5941,3076,1788,1219,9099,902,713,2519,23284,12980,10304,165616,41008
Cuenca,Pedernoso (El),16153,1830,84,162,124,66,33,23,10,8,48,4,5,8,124,72,52,830,131,1758,12438,30693,21391,11545,5941,3076,1788,1219,9099,902,713,2519,23284,12980,10304,165616,41008
Cuenca,Pedroñeras (Las) *,16154,2369,153,640,534,387,228,143,77,51,151,44,27,105,379,212,167,3360,441,1758,12438,30693,21391,11545,5941,3076,1788,1219,9099,902,713,2519,23284,12980,10304,165616,41008
Cuenca,Provencio (El),16171,1882,164,331,284,132,77,44,24,20,101,17,7,51,315,170,145,1983,416,1758,12438,30693,21391,11545,5941,3076,1788,1219,9099,902,713,2519,23284,12980,10304,165616,41008
Cuenca,Quintanar del Rey *,16175,2334,180,665,637,408,242,121,81,36,162,29,38,67,382,212,170,3547,499,1758,12438,30693,21391,11545,5941,3076,1788,1219,9099,902,713,2519,23284,12980,10304,165616,41008
Cuenca,Resto de Cuenca,16999,1378,6839,9242,5557,3216,1739,941,559,428,3428,280,230,816,11299,6729,4570,71033,26459,1758,12438,30693,21391,11545,5941,3076,1788,1219,9099,902,713,2519,23284,12980,10304,165616,41008
Cuenca,San Clemente *,16190,2360,227,684,648,484,281,145,61,51,202,48,30,108,483,253,230,3962,510,1758,12438,30693,21391,11545,5941,3076,1788,1219,9099,902,713,2519,23284,12980,10304,165616,41008
Cuenca,San Lorenzo de la Parrilla *,16191,1829,69,134,91,50,46,28,19,17,47,11,11,33,162,89,73,891,173,1758,12438,30693,21391,11545,5941,3076,1788,1219,9099,902,713,2519,23284,12980,10304,165616,41008
Cuenca,Sisante,16198,1835,110,234,189,109,64,23,26,9,89,4,7,24,212,115,97,1362,262,1758,12438,30693,21391,11545,5941,3076,1788,1219,9099,902,713,2519,23284,12980,10304,165616,41008
Cuenca,Tarancón,16203,1928,378,2372,1864,809,350,175,92,64,529,54,36,127,1029,494,535,8723,844,1758,12438,30693,21391,11545,5941,3076,1788,1219,9099,902,713,2519,23284,12980,10304,165616,41008
Cuenca,Valeras (Las) *,16903,1989,101,149,127,87,40,26,14,12,58,6,6,33,146,83,63,972,167,1758,12438,30693,21391,11545,5941,3076,1788,1219,9099,902,713,2519,23284,12980,10304,165616,41008
Cuenca,Valverde de Júcar,16236,1820,98,157,116,75,37,27,18,14,47,10,6,24,167,91,76,1013,217,1758,12438,30693,21391,11545,5941,3076,1788,1219,9099,902,713,2519,23284,12980,10304,165616,41008
Cuenca,Villamayor de Santiago,16249,1834,182,360,247,169,93,56,33,29,132,14,18,35,317,172,145,2095,410,1758,12438,30693,21391,11545,5941,3076,1788,1219,9099,902,713,2519,23284,12980,10304,165616,41008
Cuenca,Villanueva de la Jara *,16251,2527,89,273,197,171,123,63,43,32,65,25,17,53,160,93,67,1551,240,1758,12438,30693,21391,11545,5941,3076,1788,1219,9099,902,713,2519,23284,12980,10304,165616,41008
Cuenca,Villar de Olalla,16263,1747,59,190,164,76,53,23,5,6,73,5,3,5,166,89,77,1041,213,1758,12438,30693,21391,11545,5941,3076,1788,1219,9099,902,713,2519,23284,12980,10304,165616,41008
Cáceres,Ahigal *,10006,1551,120,231,159,81,38,8,5,10,77,4,2,7,186,108,78,1248,320,2052,20378,55749,46924,29248,15296,7763,4270,2584,14652,1585,1093,3294,36239,20138,16101,300157,61082
Cáceres,Alcuéscar,10010,1792,163,412,311,167,81,42,24,8,100,7,7,12,311,176,135,2114,469,2052,20378,55749,46924,29248,15296,7763,4270,2584,14652,1585,1093,3294,36239,20138,16101,300157,61082
Cáceres,Alcántara,10008,2152,132,161,162,99,68,27,19,13,49,7,8,39,183,113,70,1492,525,2052,20378,55749,46924,29248,15296,7763,4270,2584,14652,1585,1093,3294,36239,20138,16101,300157,61082
Cáceres,Aldeanueva de la Vera,10014,1832,200,310,230,141,85,41,24,18,103,11,8,25,266,156,110,2041,579,2052,20378,55749,46924,29248,15296,7763,4270,2584,14652,1585,1093,3294,36239,20138,16101,300157,61082
Cáceres,Aliseda,10018,2020,116,235,200,117,76,37,23,10,69,5,4,15,174,118,56,1548,467,2052,20378,55749,46924,29248,15296,7763,4270,2584,14652,1585,1093,3294,36239,20138,16101,300157,61082
Cáceres,Almaraz,10019,3117,22,111,87,77,74,50,28,16,34,9,9,46,64,38,26,792,165,2052,20378,55749,46924,29248,15296,7763,4270,2584,14652,1585,1093,3294,36239,20138,16101,300157,61082
Cáceres,Almoharín,10020,2193,60,216,202,148,89,39,13,10,57,0,3,9,164,96,68,1346,336,2052,20378,55749,46924,29248,15296,7763,4270,2584,14652,1585,1093,3294,36239,20138,16101,300157,61082
Cáceres,Arroyo de la Luz *,10021,2203,288,666,591,444,258,132,71,39,145,24,9,39,518,303,215,4083,859,2052,20378,55749,46924,29248,15296,7763,4270,2584,14652,1585,1093,3294,36239,20138,16101,300157,61082
Cáceres,Brozas *,10032,1985,196,254,219,145,80,42,28,14,72,8,3,17,240,147,93,1710,392,2052,20378,55749,46924,29248,15296,7763,4270,2584,14652,1585,1093,3294,36239,20138,16101,300157,61082
Cáceres,Cabezuela del Valle,10035,2041,143,291,318,196,96,33,16,17,102,8,6,16,281,163,118,1823,300,2052,20378,55749,46924,29248,15296,7763,4270,2584,14652,1585,1093,3294,36239,20138,16101,300157,61082
Cáceres,Caminomorisco,10041,1577,64,158,107,60,21,16,5,6,45,1,4,11,148,82,66,894,248,2052,20378,55749,46924,29248,15296,7763,4270,2584,14652,1585,1093,3294,36239,20138,16101,300157,61082
Cáceres,Carcaboso *,10047,2287,44,130,124,84,57,34,14,5,41,4,2,8,87,51,36,748,114,2052,20378,55749,46924,29248,15296,7763,4270,2584,14652,1585,1093,3294,36239,20138,16101,300157,61082
Cáceres,Casar de Cáceres *,10049,2694,109,454,511,392,269,142,68,41,108,19,14,44,260,134,126,2834,403,2052,20378,55749,46924,29248,15296,7763,4270,2584,14652,1585,1093,3294,36239,20138,16101,300157,61082
Cáceres,Casar de Palomero,10050,1698,89,165,111,65,28,20,15,3,46,3,1,11,136,79,57,997,304,2052,20378,55749,46924,29248,15296,7763,4270,2584,14652,1585,1093,3294,36239,20138,16101,300157,61082
Cáceres,Casatejada,10058,2145,77,157,116,87,58,28,15,20,46,14,11,25,138,78,60,1140,348,2052,20378,55749,46924,29248,15296,7763,4270,2584,14652,1585,1093,3294,36239,20138,16101,300157,61082
Cáceres,Castañar de Ibor,10060,1731,103,174,136,84,44,20,18,10,51,2,3,9,177,91,86,1150,319,2052,20378,55749,46924,29248,15296,7763,4270,2584,14652,1585,1093,3294,36239,20138,16101,300157,61082
Cáceres,Cañamero,10044,1704,174,273,208,121,64,22,16,6,77,2,2,13,259,147,112,1942,705,2052,20378,55749,46924,29248,15296,7763,4270,2584,14652,1585,1093,3294,36239,20138,16101,300157,61082
Cáceres,Cañaveral,10045,1921,79,185,127,114,56,31,12,7,65,6,4,8,152,91,61,1268,422,2052,20378,55749,46924,29248,15296,7763,4270,2584,14652,1585,1093,3294,36239,20138,16101,300157,61082
Cáceres,Ceclavín,10061,1847,141,289,207,149,74,31,16,9,72,4,3,7,214,128,86,1699,483,2052,20378,55749,46924,29248,15296,7763,4270,2584,14652,1585,1093,3294,36239,20138,16101,300157,61082
Cáceres,Cilleros,10064,1816,143,243,202,101,63,23,15,12,65,4,4,4,209,118,91,1485,397,2052,20378,55749,46924,29248,15296,7763,4270,2584,14652,1585,1093,3294,36239,20138,16101,300157,61082
Cáceres,Coria,10067,2013,381,1931,1563,894,406,192,82,34,446,32,21,51,850,443,407,8141,1258,2052,20378,55749,46924,29248,15296,7763,4270,2584,14652,1585,1093,3294,36239,20138,16101,300157,61082
Cáceres,Cáceres,10037,2223,1308,14221,13123,7563,3396,1460,741,409,2588,235,147,445,4193,2032,2161,53756,3927,2052,20378,55749,46924,29248,15296,7763,4270,2584,14652,1585,1093,3294,36239,20138,16101,300157,61082
Cáceres,Garrovillas de Alconétar *,10082,1765,201,297,253,125,73,29,13,13,82,1,5,8,290,181,109,1925,535,2052,20378,55749,46924,29248,15296,7763,4270,2584,14652,1585,1093,3294,36239,20138,16101,300157,61082
Cáceres,Gata,10084,1671,147,216,175,90,38,22,11,4,68,1,2,10,190,110,80,1263,289,2052,20378,55749,46924,29248,15296,7763,4270,2584,14652,1585,1093,3294,36239,20138,16101,300157,61082
Cáceres,Guadalupe *,10087,1676,172,297,198,146,72,30,17,7,102,7,3,13,265,139,126,1829,500,2052,20378,55749,46924,29248,15296,7763,4270,2584,14652,1585,1093,3294,36239,20138,16101,300157,61082
Cáceres,Guijo de Galisteo,10089,2363,41,152,175,111,71,45,19,8,40,4,2,12,104,58,46,941,157,2052,20378,55749,46924,29248,15296,7763,4270,2584,14652,1585,1093,3294,36239,20138,16101,300157,61082
Cáceres,Hervás,10096,1870,306,614,482,250,145,87,70,58,169,30,28,46,553,319,234,3413,575,2052,20378,55749,46924,29248,15296,7763,4270,2584,14652,1585,1093,3294,36239,20138,16101,300157,61082
Cáceres,Jarandilla de la Vera *,10105,1850,265,472,379,232,119,71,50,27,155,14,11,41,423,232,191,2688,429,2052,20378,55749,46924,29248,15296,7763,4270,2584,14652,1585,1093,3294,36239,20138,16101,300157,61082
Cáceres,Jaraíz de la Vera *,10104,2327,245,703,656,453,245,168,87,60,203,30,26,92,439,240,199,4059,652,2052,20378,55749,46924,29248,15296,7763,4270,2584,14652,1585,1093,3294,36239,20138,16101,300157,61082
Cáceres,Jerte *,10107,1693,100,189,131,86,38,23,18,11,78,9,3,11,183,100,83,1083,203,2052,20378,55749,46924,29248,15296,7763,4270,2584,14652,1585,1093,3294,36239,20138,16101,300157,61082
Cáceres,Logrosán,10109,1801,146,308,234,129,73,31,23,11,93,10,4,21,249,144,105,1920,588,2052,20378,55749,46924,29248,15296,7763,4270,2584,14652,1585,1093,3294,36239,20138,16101,300157,61082
Cáceres,Losar de la Vera,10110,2055,189,419,305,236,120,101,44,46,117,28,18,27,361,211,150,2533,522,2052,20378,55749,46924,29248,15296,7763,4270,2584,14652,1585,1093,3294,36239,20138,16101,300157,61082
Cáceres,Madrigal de la Vera *,10111,1454,224,370,251,162,85,50,28,12,159,5,6,13,407,214,193,2141,369,2052,20378,55749,46924,29248,15296,7763,4270,2584,14652,1585,1093,3294,36239,20138,16101,300157,61082
Cáceres,Madrigalejo *,10112,1874,122,233,182,149,75,33,17,10,74,5,2,14,226,129,97,1411,269,2052,20378,55749,46924,29248,15296,7763,4270,2584,14652,1585,1093,3294,36239,20138,16101,300157,61082
Cáceres,Madroñera,10113,1843,202,352,286,187,97,61,29,11,113,12,3,20,331,187,144,2365,661,2052,20378,55749,46924,29248,15296,7763,4270,2584,14652,1585,1093,3294,36239,20138,16101,300157,61082
Cáceres,Majadas,10114,2479,25,105,112,91,52,21,12,11,34,3,5,10,66,36,30,669,122,2052,20378,55749,46924,29248,15296,7763,4270,2584,14652,1585,1093,3294,36239,20138,16101,300157,61082
Cáceres,Malpartida de Cáceres,10115,2331,164,514,449,356,193,115,68,32,154,17,16,34,330,180,150,2930,488,2052,20378,55749,46924,29248,15296,7763,4270,2584,14652,1585,1093,3294,36239,20138,16101,300157,61082
Cáceres,Malpartida de Plasencia,10116,2493,154,485,508,399,250,126,76,54,131,23,18,57,345,183,162,3254,628,2052,20378,55749,46924,29248,15296,7763,4270,2584,14652,1585,1093,3294,36239,20138,16101,300157,61082
Cáceres,Miajadas *,10121,2511,206,971,954,745,439,266,145,89,225,60,35,51,554,295,259,5548,808,2052,20378,55749,46924,29248,15296,7763,4270,2584,14652,1585,1093,3294,36239,20138,16101,300157,61082
Cáceres,Montehermoso *,10127,2328,189,584,573,418,263,106,47,18,162,16,6,36,329,184,145,3313,566,2052,20378,55749,46924,29248,15296,7763,4270,2584,14652,1585,1093,3294,36239,20138,16101,300157,61082
Cáceres,Montánchez,10126,1741,191,268,242,115,53,31,18,15,97,2,3,11,249,146,103,1874,579,2052,20378,55749,46924,29248,15296,7763,4270,2584,14652,1585,1093,3294,36239,20138,16101,300157,61082
Cáceres,Moraleja *,10128,2194,303,860,751,557,297,136,73,44,223,36,17,54,546,277,269,4571,674,2052,20378,55749,46924,29248,15296,7763,4270,2584,14652,1585,1093,3294,36239,20138,16101,300157,61082
Cáceres,Navaconcejo *,10130,2018,146,252,209,146,68,38,22,15,68,6,8,17,196,108,88,1530,339,2052,20378,55749,46924,29248,15296,7763,4270,2584,14652,1585,1093,3294,36239,20138,16101,300157,61082
Cáceres,Navalmoral de la Mata,10131,2523,290,1870,1735,1173,762,447,223,179,432,126,82,297,763,368,395,9580,1201,2052,20378,55749,46924,29248,15296,7763,4270,2584,14652,1585,1093,3294,36239,20138,16101,300157,61082
Cáceres,Navas del Madroño *,10133,1617,112,213,142,90,41,18,3,5,71,2,5,4,182,102,80,1151,263,2052,20378,55749,46924,29248,15296,7763,4270,2584,14652,1585,1093,3294,36239,20138,16101,300157,61082
Cáceres,Nuñomoral,10135,1376,143,221,110,56,27,14,2,5,71,3,1,6,180,112,68,1158,319,2052,20378,55749,46924,29248,15296,7763,4270,2584,14652,1585,1093,3294,36239,20138,16101,300157,61082
Cáceres,Peraleda de la Mata,10140,2226,85,168,155,101,80,32,27,21,43,5,6,25,166,90,76,1327,413,2052,20378,55749,46924,29248,15296,7763,4270,2584,14652,1585,1093,3294,36239,20138,16101,300157,61082
Cáceres,Pesga (La),10144,1776,57,148,106,67,30,18,9,3,52,5,0,7,98,55,43,725,125,2052,20378,55749,46924,29248,15296,7763,4270,2584,14652,1585,1093,3294,36239,20138,16101,300157,61082
Cáceres,Pinofranqueado,10146,1603,156,273,201,101,54,23,18,13,84,7,2,9,244,139,105,1517,332,2052,20378,55749,46924,29248,15296,7763,4270,2584,14652,1585,1093,3294,36239,20138,16101,300157,61082
Cáceres,Piornal *,10147,1814,163,169,154,86,35,16,12,16,62,5,12,28,201,116,85,1306,347,2052,20378,55749,46924,29248,15296,7763,4270,2584,14652,1585,1093,3294,36239,20138,16101,300157,61082
Cáceres,Plasencia,10148,2239,801,5335,4796,2836,1377,690,384,203,1071,158,99,237,1874,949,925,22443,2582,2052,20378,55749,46924,29248,15296,7763,4270,2584,14652,1585,1093,3294,36239,20138,16101,300157,61082
Cáceres,Resto de Cáceres,10999,1616,8171,11648,8307,5094,2688,1419,817,491,4109,310,240,761,12309,7115,5194,80119,23755,2052,20378,55749,46924,29248,15296,7763,4270,2584,14652,1585,1093,3294,36239,20138,16101,300157,61082
Cáceres,Riolobos *,10155,2057,75,165,144,97,49,13,18,8,55,6,5,9,107,66,41,890,139,2052,20378,55749,46924,29248,15296,7763,4270,2584,14652,1585,1093,3294,36239,20138,16101,300157,61082
Cáceres,Rosalejo *,10901,2860,28,139,108,105,68,43,29,17,38,11,12,20,65,34,31,756,73,2052,20378,55749,46924,29248,15296,7763,4270,2584,14652,1585,1093,3294,36239,20138,16101,300157,61082
Cáceres,Serradilla,10175,1540,167,270,194,102,60,28,8,11,74,2,5,10,286,171,115,1795,578,2052,20378,55749,46924,29248,15296,7763,4270,2584,14652,1585,1093,3294,36239,20138,16101,300157,61082
Cáceres,Sierra de Fuentes *,10177,2305,91,251,218,185,93,64,28,11,67,4,6,12,159,89,70,1460,271,2052,20378,55749,46924,29248,15296,7763,4270,2584,14652,1585,1093,3294,36239,20138,16101,300157,61082
Cáceres,Talayuela,10180,2574,113,626,516,379,296,195,118,68,163,49,25,79,283,150,133,3556,646,2052,20378,55749,46924,29248,15296,7763,4270,2584,14652,1585,1093,3294,36239,20138,16101,300157,61082
Cáceres,Tornavacas,10183,1758,131,174,140,72,33,15,9,12,52,12,7,10,153,98,55,1078,258,2052,20378,55749,46924,29248,15296,7763,4270,2584,14652,1585,1093,3294,36239,20138,16101,300157,61082
Cáceres,Torrecillas de la Tiesa,10186,1832,123,142,98,89,52,18,15,7,46,7,8,8,159,91,68,1022,250,2052,20378,55749,46924,29248,15296,7763,4270,2584,14652,1585,1093,3294,36239,20138,16101,300157,61082
Cáceres,Torrejoncillo,10189,2138,141,362,327,237,121,76,32,22,100,8,8,25,284,147,137,2476,733,2052,20378,55749,46924,29248,15296,7763,4270,2584,14652,1585,1093,3294,36239,20138,16101,300157,61082
Cáceres,Torreorgaz *,10193,2275,94,180,176,125,63,26,20,10,56,7,2,5,116,66,50,1109,229,2052,20378,55749,46924,29248,15296,7763,4270,2584,14652,1585,1093,3294,36239,20138,16101,300157,61082
Cáceres,Trujillo,10195,2504,235,975,1001,706,484,262,172,107,265,55,28,107,623,353,270,6428,1408,2052,20378,55749,46924,29248,15296,7763,4270,2584,14652,1585,1093,3294,36239,20138,16101,300157,61082
Cáceres,Valdefuentes,10198,1826,90,169,139,77,45,25,13,4,50,6,1,6,147,90,57,995,223,2052,20378,55749,46924,29248,15296,7763,4270,2584,14652,1585,1093,3294,36239,20138,16101,300157,61082
Cáceres,Valencia de Alcántara,10203,1818,403,828,620,383,175,108,63,32,243,30,13,64,654,386,268,5037,1421,2052,20378,55749,46924,29248,15296,7763,4270,2584,14652,1585,1093,3294,36239,20138,16101,300157,61082
Cáceres,Valverde del Fresno,10205,1695,181,395,244,138,67,30,16,13,98,8,6,22,290,176,114,1954,446,2052,20378,55749,46924,29248,15296,7763,4270,2584,14652,1585,1093,3294,36239,20138,16101,300157,61082
Cáceres,Villanueva de la Vera,10212,1587,229,412,272,152,102,65,40,29,137,13,13,37,430,239,191,2574,643,2052,20378,55749,46924,29248,15296,7763,4270,2584,14652,1585,1093,3294,36239,20138,16101,300157,61082
Cáceres,Zarza de Granadilla *,10216,2218,113,218,200,146,77,31,25,17,58,10,5,24,179,104,75,1386,283,2052,20378,55749,46924,29248,15296,7763,4270,2584,14652,1585,1093,3294,36239,20138,16101,300157,61082
Cáceres,Zarza la Mayor,10218,1461,148,221,134,61,27,13,3,5,64,3,2,15,204,126,78,1276,376,2052,20378,55749,46924,29248,15296,7763,4270,2584,14652,1585,1093,3294,36239,20138,16101,300157,61082
Cáceres,Zorita,10219,1453,148,249,168,78,43,14,11,2,86,5,4,8,237,141,96,1528,475,2052,20378,55749,46924,29248,15296,7763,4270,2584,14652,1585,1093,3294,36239,20138,16101,300157,61082
Cádiz,Alcalá de los Gazules,11001,1818,160,732,568,304,107,53,23,10,207,5,4,30,394,181,213,3403,806,2232,18096,147254,136271,85015,42554,20873,10700,6012,34402,3509,2369,7036,64038,30672,33366,648306,70177
Cádiz,Alcalá del Valle,11002,2234,97,534,579,332,129,38,30,9,110,5,5,25,227,122,105,2436,316,2232,18096,147254,136271,85015,42554,20873,10700,6012,34402,3509,2369,7036,64038,30672,33366,648306,70177
Cádiz,Algar,11003,1885,43,221,161,106,45,20,8,9,60,3,0,8,129,69,60,931,118,2232,18096,147254,136271,85015,42554,20873,10700,6012,34402,3509,2369,7036,64038,30672,33366,648306,70177
Cádiz,Algeciras,11004,2261,1092,13471,12324,7378,3609,1728,844,434,2627,232,154,407,3904,1734,2170,55815,7611,2232,18096,147254,136271,85015,42554,20873,10700,6012,34402,3509,2369,7036,64038,30672,33366,648306,70177
Cádiz,Algodonales,11005,2091,123,665,550,355,182,73,36,22,161,11,13,28,341,177,164,3445,885,2232,18096,147254,136271,85015,42554,20873,10700,6012,34402,3509,2369,7036,64038,30672,33366,648306,70177
Cádiz,Arcos de la Frontera,11006,2328,392,3097,2954,1995,1004,459,257,129,728,90,54,153,1317,635,682,15460,2831,2232,18096,147254,136271,85015,42554,20873,10700,6012,34402,3509,2369,7036,64038,30672,33366,648306,70177
Cádiz,Barbate,11007,1852,683,3280,2458,1451,698,326,149,90,1029,61,42,170,2021,971,1050,14124,1666,2232,18096,147254,136271,85015,42554,20873,10700,6012,34402,3509,2369,7036,64038,30672,33366,648306,70177
Cádiz,Barrios (Los),11008,2529,176,2184,2345,1582,851,427,229,119,409,81,37,108,607,268,339,10707,1552,2232,18096,147254,136271,85015,42554,20873,10700,6012,34402,3509,2369,7036,64038,30672,33366,648306,70177
Cádiz,Benalup-Casas Viejas,11901,2242,83,813,761,473,226,99,42,31,167,19,17,42,287,152,135,3519,459,2232,18096,147254,136271,85015,42554,20873,10700,6012,34402,3509,2369,7036,64038,30672,33366,648306,70177
Cádiz,Bornos,11010,2397,97,706,687,502,289,152,75,36,185,16,13,38,362,176,186,3793,635,2232,18096,147254,136271,85015,42554,20873,10700,6012,34402,3509,2369,7036,64038,30672,33366,648306,70177
Cádiz,Bosque (El),11011,2121,82,285,256,195,98,39,25,18,99,8,5,16,212,111,101,1565,227,2232,18096,147254,136271,85015,42554,20873,10700,6012,34402,3509,2369,7036,64038,30672,33366,648306,70177
Cádiz,Castellar de la Frontera,11013,2491,26,273,283,211,77,50,21,16,38,4,5,18,73,40,33,1420,325,2232,18096,147254,136271,85015,42554,20873,10700,6012,34402,3509,2369,7036,64038,30672,33366,648306,70177
Cádiz,Chiclana de la Frontera,11015,2298,1365,10489,9478,6453,3820,2101,1127,718,2831,356,215,574,5508,2711,2797,49229,4194,2232,18096,147254,136271,85015,42554,20873,10700,6012,34402,3509,2369,7036,64038,30672,33366,648306,70177
Cádiz,Chipiona,11016,1140,1619,3749,2097,1417,781,446,252,146,1971,105,64,204,5698,2916,2782,19902,1353,2232,18096,147254,136271,85015,42554,20873,10700,6012,34402,3509,2369,7036,64038,30672,33366,648306,70177
Cádiz,Conil de la Frontera *,11014,2036,812,3609,2842,1844,1089,678,389,260,1133,163,122,284,2680,1353,1327,16919,1014,2232,18096,147254,136271,85015,42554,20873,10700,6012,34402,3509,2369,7036,64038,30672,33366,648306,70177
Cádiz,Cádiz,11012,1991,1357,18193,14898,6658,2346,913,400,188,3433,133,98,382,4732,2113,2619,56479,2748,2232,18096,147254,136271,85015,42554,20873,10700,6012,34402,3509,2369,7036,64038,30672,33366,648306,70177
Cádiz,Espera,11017,2556,50,309,306,271,157,67,39,13,88,8,4,13,149,77,72,1934,460,2232,18096,147254,136271,85015,42554,20873,10700,6012,34402,3509,2369,7036,64038,30672,33366,648306,70177
Cádiz,Gastor (El),11018,1941,61,230,177,98,56,24,14,6,67,7,4,14,125,65,60,1223,340,2232,18096,147254,136271,85015,42554,20873,10700,6012,34402,3509,2369,7036,64038,30672,33366,648306,70177
Cádiz,Grazalema,11019,1519,142,374,251,115,70,30,17,8,135,4,3,24,332,179,153,1857,352,2232,18096,147254,136271,85015,42554,20873,10700,6012,34402,3509,2369,7036,64038,30672,33366,648306,70177
Cádiz,Jerez de la Frontera,11020,2598,1566,19452,22308,16078,8453,4029,1960,978,3362,551,348,942,5385,2522,2863,92974,7562,2232,18096,147254,136271,85015,42554,20873,10700,6012,34402,3509,2369,7036,64038,30672,33366,648306,70177
Cádiz,Jimena de la Frontera,11021,2386,121,710,595,479,258,155,102,50,165,27,21,65,371,187,184,4238,1119,2232,18096,147254,136271,85015,42554,20873,10700,6012,34402,3509,2369,7036,64038,30672,33366,648306,70177
Cádiz,Línea de la Concepción (La),11022,2317,570,6787,6334,3841,2015,1010,519,247,1351,154,95,307,1938,882,1056,30028,4860,2232,18096,147254,136271,85015,42554,20873,10700,6012,34402,3509,2369,7036,64038,30672,33366,648306,70177
Cádiz,Medina-Sidonia,11023,2155,154,1368,1310,678,295,119,48,29,243,16,19,55,479,236,243,6035,1222,2232,18096,147254,136271,85015,42554,20873,10700,6012,34402,3509,2369,7036,64038,30672,33366,648306,70177
Cádiz,Olvera,11024,2022,240,1128,931,514,192,82,41,18,252,12,11,47,420,207,213,5410,1522,2232,18096,147254,136271,85015,42554,20873,10700,6012,34402,3509,2369,7036,64038,30672,33366,648306,70177
Cádiz,Paterna de Rivera,11025,2453,64,460,489,369,180,78,34,13,92,18,5,20,183,96,87,2657,652,2232,18096,147254,136271,85015,42554,20873,10700,6012,34402,3509,2369,7036,64038,30672,33366,648306,70177
Cádiz,Prado del Rey *,11026,2224,134,695,653,413,203,101,36,21,162,22,8,42,324,158,166,3163,349,2232,18096,147254,136271,85015,42554,20873,10700,6012,34402,3509,2369,7036,64038,30672,33366,648306,70177
Cádiz,Puerto Real,11028,2373,314,4685,5051,3090,1296,520,271,148,777,87,37,176,1165,548,617,18626,1009,2232,18096,147254,136271,85015,42554,20873,10700,6012,34402,3509,2369,7036,64038,30672,33366,648306,70177
Cádiz,Puerto Serrano,11029,2781,87,456,461,397,328,188,89,49,113,14,21,33,274,135,139,3253,743,2232,18096,147254,136271,85015,42554,20873,10700,6012,34402,3509,2369,7036,64038,30672,33366,648306,70177
Cádiz,Puerto de Santa María (El),11027,2307,1328,10191,9821,6305,3289,1918,985,646,2552,415,261,780,5186,2518,2668,49077,5400,2232,18096,147254,136271,85015,42554,20873,10700,6012,34402,3509,2369,7036,64038,30672,33366,648306,70177
Cádiz,Resto de Cádiz,11999,1726,120,311,234,142,66,31,12,14,101,7,2,11,286,142,144,1862,525,2232,18096,147254,136271,85015,42554,20873,10700,6012,34402,3509,2369,7036,64038,30672,33366,648306,70177
Cádiz,Rota,11030,1415,1220,6352,3987,2305,1137,557,268,181,2760,83,79,199,6033,2804,3229,26868,1707,2232,18096,147254,136271,85015,42554,20873,10700,6012,34402,3509,2369,7036,64038,30672,33366,648306,70177
Cádiz,San Fernando,11031,2291,769,10786,11452,6228,2521,933,432,198,1665,80,71,196,2299,1037,1262,39564,1934,2232,18096,147254,136271,85015,42554,20873,10700,6012,34402,3509,2369,7036,64038,30672,33366,648306,70177
Cádiz,San José del Valle,11902,2309,55,477,449,307,177,80,35,21,120,14,6,31,221,106,115,2360,367,2232,18096,147254,136271,85015,42554,20873,10700,6012,34402,3509,2369,7036,64038,30672,33366,648306,70177
Cádiz,San Martín del Tesorillo *,11903,2577,49,273,284,193,126,67,28,22,63,15,9,27,103,45,58,1346,87,2232,18096,147254,136271,85015,42554,20873,10700,6012,34402,3509,2369,7036,64038,30672,33366,648306,70177
Cádiz,San Roque,11033,2540,383,3446,3206,2073,1242,815,536,345,750,213,183,586,1326,613,713,19625,4521,2232,18096,147254,136271,85015,42554,20873,10700,6012,34402,3509,2369,7036,64038,30672,33366,648306,70177
Cádiz,Sanlúcar de Barrameda,11032,2281,1052,7531,7097,4844,2540,1264,670,386,1973,241,152,443,3995,1945,2050,34536,2348,2232,18096,147254,136271,85015,42554,20873,10700,6012,34402,3509,2369,7036,64038,30672,33366,648306,70177
Cádiz,Setenil de las Bodegas,11034,2250,81,329,291,193,136,49,34,18,94,14,6,37,186,103,83,1727,259,2232,18096,147254,136271,85015,42554,20873,10700,6012,34402,3509,2369,7036,64038,30672,33366,648306,70177
Cádiz,Tarifa,11035,1626,524,3222,2019,1092,520,263,173,91,1090,75,62,202,2336,1112,1224,13599,1930,2232,18096,147254,136271,85015,42554,20873,10700,6012,34402,3509,2369,7036,64038,30672,33366,648306,70177
Cádiz,Trebujena,11037,2779,56,551,646,549,377,148,88,48,113,14,13,37,238,119,119,3344,466,2232,18096,147254,136271,85015,42554,20873,10700,6012,34402,3509,2369,7036,64038,30672,33366,648306,70177
Cádiz,Ubrique,11038,2266,202,1965,1981,1284,501,222,105,62,391,30,26,65,755,382,373,8361,772,2232,18096,147254,136271,85015,42554,20873,10700,6012,34402,3509,2369,7036,64038,30672,33366,648306,70177
Cádiz,Vejer de la Frontera,11039,2179,344,1645,1353,901,515,267,148,104,422,60,51,113,887,442,445,8392,1582,2232,18096,147254,136271,85015,42554,20873,10700,6012,34402,3509,2369,7036,64038,30672,33366,648306,70177
Cádiz,Villamartín,11041,2609,145,1012,1188,937,523,241,99,60,260,29,20,74,412,211,201,6185,1185,2232,18096,147254,136271,85015,42554,20873,10700,6012,34402,3509,2369,7036,64038,30672,33366,648306,70177
Cádiz,Zahara,11042,1715,58,208,156,63,30,13,10,1,53,7,4,10,138,72,66,915,164,2232,18096,147254,136271,85015,42554,20873,10700,6012,34402,3509,2369,7036,64038,30672,33366,648306,70177
Córdoba,Adamuz,14001,3373,46,298,344,319,279,201,150,73,100,43,29,76,215,108,107,2733,560,2969,10739,62858,69823,61862,44109,27509,15744,9019,14366,4946,2982,6880,30237,15718,14519,414025,52951
Córdoba,Aguilar de la Frontera,14002,2843,239,1053,1141,1118,756,441,214,111,279,54,28,68,687,389,298,7205,1016,2969,10739,62858,69823,61862,44109,27509,15744,9019,14366,4946,2982,6880,30237,15718,14519,414025,52951
Córdoba,Alcaracejos,14003,2097,85,236,183,136,67,42,30,11,72,13,4,15,161,90,71,1374,319,2969,10739,62858,69823,61862,44109,27509,15744,9019,14366,4946,2982,6880,30237,15718,14519,414025,52951
Córdoba,Almedinilla,14004,2656,63,244,216,177,140,70,52,38,68,19,10,35,146,88,58,1534,256,2969,10739,62858,69823,61862,44109,27509,15744,9019,14366,4946,2982,6880,30237,15718,14519,414025,52951
Córdoba,Almodóvar del Río,14005,3063,93,612,605,565,434,294,178,103,149,66,37,70,293,147,146,4189,690,2969,10739,62858,69823,61862,44109,27509,15744,9019,14366,4946,2982,6880,30237,15718,14519,414025,52951
Córdoba,Añora *,14006,2268,88,220,192,151,81,41,22,13,60,8,5,18,159,79,80,1250,192,2969,10739,62858,69823,61862,44109,27509,15744,9019,14366,4946,2982,6880,30237,15718,14519,414025,52951
Córdoba,Baena,14007,2774,334,1495,1651,1292,929,536,313,169,367,95,67,131,807,446,361,9842,1656,2969,10739,62858,69823,61862,44109,27509,15744,9019,14366,4946,2982,6880,30237,15718,14519,414025,52951
Córdoba,Belalcázar,14008,2077,170,404,317,230,155,73,37,32,119,14,14,32,328,187,141,2617,692,2969,10739,62858,69823,61862,44109,27509,15744,9019,14366,4946,2982,6880,30237,15718,14519,414025,52951
Córdoba,Belmez,14009,2126,114,373,298,187,123,75,43,32,105,19,16,33,233,132,101,2156,505,2969,10739,62858,69823,61862,44109,27509,15744,9019,14366,4946,2982,6880,30237,15718,14519,414025,52951
Córdoba,Benamejí *,14010,2874,114,382,361,376,260,181,80,50,119,29,16,37,251,127,124,2691,435,2969,10739,62858,69823,61862,44109,27509,15744,9019,14366,4946,2982,6880,30237,15718,14519,414025,52951
Córdoba,Bujalance,14012,3111,104,487,495,461,370,268,170,107,129,36,35,71,300,165,135,3509,476,2969,10739,62858,69823,61862,44109,27509,15744,9019,14366,4946,2982,6880,30237,15718,14519,414025,52951
Córdoba,Cabra,14013,2852,332,1733,1924,1747,1125,661,344,205,422,111,72,144,903,462,441,10928,1205,2969,10739,62858,69823,61862,44109,27509,15744,9019,14366,4946,2982,6880,30237,15718,14519,414025,52951
Córdoba,Carcabuey,14015,2447,90,243,249,166,144,83,46,26,79,19,13,23,228,119,109,1716,307,2969,10739,62858,69823,61862,44109,27509,15744,9019,14366,4946,2982,6880,30237,15718,14519,414025,52951
Córdoba,Cardeña,14016,1882,87,216,157,113,58,32,13,6,67,4,1,11,157,83,74,1629,707,2969,10739,62858,69823,61862,44109,27509,15744,9019,14366,4946,2982,6880,30237,15718,14519,414025,52951
Córdoba,Carlota (La),14017,3186,131,1087,1145,1076,852,572,355,210,246,107,85,139,555,291,264,7327,767,2969,10739,62858,69823,61862,44109,27509,15744,9019,14366,4946,2982,6880,30237,15718,14519,414025,52951
Córdoba,Carpio (El),14018,3682,45,252,275,321,290,212,140,94,72,40,27,56,140,81,59,2334,370,2969,10739,62858,69823,61862,44109,27509,15744,9019,14366,4946,2982,6880,30237,15718,14519,414025,52951
Córdoba,Castro del Río *,14019,3230,110,534,477,505,436,271,177,111,134,70,35,71,305,161,144,3748,512,2969,10739,62858,69823,61862,44109,27509,15744,9019,14366,4946,2982,6880,30237,15718,14519,414025,52951
Córdoba,Cañete de las Torres,14014,3373,50,219,221,238,207,148,90,50,40,20,19,33,145,77,68,1734,254,2969,10739,62858,69823,61862,44109,27509,15744,9019,14366,4946,2982,6880,30237,15718,14519,414025,52951
Córdoba,Córdoba,14021,3156,2094,24214,30032,27198,19665,12205,6886,3938,4627,2129,1258,2880,8220,3973,4247,155400,10054,2969,10739,62858,69823,61862,44109,27509,15744,9019,14366,4946,2982,6880,30237,15718,14519,414025,52951
Córdoba,Dos Torres *,14023,1982,143,294,220,155,73,50,21,14,75,12,9,20,215,111,104,1616,315,2969,10739,62858,69823,61862,44109,27509,15744,9019,14366,4946,2982,6880,30237,15718,14519,414025,52951
Córdoba,Doña Mencía *,14022,2771,75,321,406,373,214,138,54,37,100,12,11,24,228,122,106,2302,309,2969,10739,62858,69823,61862,44109,27509,15744,9019,14366,4946,2982,6880,30237,15718,14519,414025,52951
Córdoba,Encinas Reales,14024,2901,51,189,176,180,138,72,40,23,45,17,6,18,133,74,59,1327,239,2969,10739,62858,69823,61862,44109,27509,15744,9019,14366,4946,2982,6880,30237,15718,14519,414025,52951
Córdoba,Espejo,14025,2834,54,271,281,274,172,107,48,34,75,24,9,26,151,81,70,1829,303,2969,10739,62858,69823,61862,44109,27509,15744,9019,14366,4946,2982,6880,30237,15718,14519,414025,52951
Córdoba,Espiel *,14026,2629,55,231,217,169,130,83,37,30,68,17,4,20,151,75,76,1393,181,2969,10739,62858,69823,61862,44109,27509,15744,9019,14366,4946,2982,6880,30237,15718,14519,414025,52951
Córdoba,Fernán-Núñez *,14027,3054,175,682,640,653,496,348,218,142,154,66,40,64,472,262,210,5132,982,2969,10739,62858,69823,61862,44109,27509,15744,9019,14366,4946,2982,6880,30237,15718,14519,414025,52951
Córdoba,Fuente Carreteros *,14901,3065,11,38,57,58,38,24,9,7,18,3,3,3,26,12,14,589,294,2969,10739,62858,69823,61862,44109,27509,15744,9019,14366,4946,2982,6880,30237,15718,14519,414025,52951
Córdoba,Fuente Obejuna,14029,1994,247,613,488,323,187,80,55,23,177,18,11,46,453,246,207,3804,1083,2969,10739,62858,69823,61862,44109,27509,15744,9019,14366,4946,2982,6880,30237,15718,14519,414025,52951
Córdoba,Fuente Palmera *,14030,3267,90,704,824,793,653,433,252,140,158,72,42,80,364,211,153,5012,407,2969,10739,62858,69823,61862,44109,27509,15744,9019,14366,4946,2982,6880,30237,15718,14519,414025,52951
Córdoba,Guadalcázar,14033,3398,14,100,106,131,95,75,40,20,26,14,2,17,54,22,32,833,139,2969,10739,62858,69823,61862,44109,27509,15744,9019,14366,4946,2982,6880,30237,15718,14519,414025,52951
Córdoba,"Guijarrosa, La *",14902,3115,11,77,69,77,50,29,33,16,19,4,4,7,42,20,22,669,231,2969,10739,62858,69823,61862,44109,27509,15744,9019,14366,4946,2982,6880,30237,15718,14519,414025,52951
Córdoba,Hinojosa del Duque,14035,2122,315,853,653,442,250,160,99,62,238,44,17,79,512,284,228,4973,1249,2969,10739,62858,69823,61862,44109,27509,15744,9019,14366,4946,2982,6880,30237,15718,14519,414025,52951
Córdoba,Hornachuelos,14036,2744,74,384,390,328,240,142,86,67,98,29,14,38,236,132,104,2836,710,2969,10739,62858,69823,61862,44109,27509,15744,9019,14366,4946,2982,6880,30237,15718,14519,414025,52951
Córdoba,Iznájar,14037,2576,119,422,411,307,206,120,75,32,112,19,19,33,233,124,109,3059,951,2969,10739,62858,69823,61862,44109,27509,15744,9019,14366,4946,2982,6880,30237,15718,14519,414025,52951
Córdoba,Lucena,14038,3141,442,3011,3565,3249,2455,1618,977,523,660,291,201,334,1409,724,685,21141,2406,2969,10739,62858,69823,61862,44109,27509,15744,9019,14366,4946,2982,6880,30237,15718,14519,414025,52951
Córdoba,Luque,14039,2317,107,325,304,235,142,69,44,18,90,5,6,13,230,122,108,2110,522,2969,10739,62858,69823,61862,44109,27509,15744,9019,14366,4946,2982,6880,30237,15718,14519,414025,52951
Córdoba,Montalbán de Córdoba *,14040,3077,74,297,293,309,249,133,88,39,73,23,9,35,161,94,67,2139,356,2969,10739,62858,69823,61862,44109,27509,15744,9019,14366,4946,2982,6880,30237,15718,14519,414025,52951
Córdoba,Montemayor *,14041,2794,71,343,277,255,196,127,81,43,97,30,21,38,194,102,92,2140,367,2969,10739,62858,69823,61862,44109,27509,15744,9019,14366,4946,2982,6880,30237,15718,14519,414025,52951
Córdoba,Montilla,14042,2743,301,2090,2359,1966,1199,607,328,147,455,92,61,146,842,443,399,12033,1440,2969,10739,62858,69823,61862,44109,27509,15744,9019,14366,4946,2982,6880,30237,15718,14519,414025,52951
Córdoba,Montoro,14043,3405,111,651,739,713,576,434,294,207,176,100,52,128,368,210,158,5828,1279,2969,10739,62858,69823,61862,44109,27509,15744,9019,14366,4946,2982,6880,30237,15718,14519,414025,52951
Córdoba,Monturque,14044,2979,19,135,180,126,125,89,32,21,28,8,7,14,84,42,42,1006,138,2969,10739,62858,69823,61862,44109,27509,15744,9019,14366,4946,2982,6880,30237,15718,14519,414025,52951
Córdoba,Moriles *,14045,2794,84,294,273,296,183,124,80,31,76,19,9,24,223,132,91,2058,342,2969,10739,62858,69823,61862,44109,27509,15744,9019,14366,4946,2982,6880,30237,15718,14519,414025,52951
Córdoba,Nueva Carteya *,14046,3107,79,327,428,342,325,201,133,68,96,29,11,40,227,125,102,2681,375,2969,10739,62858,69823,61862,44109,27509,15744,9019,14366,4946,2982,6880,30237,15718,14519,414025,52951
Córdoba,Obejo *,14047,3091,33,166,156,159,119,87,56,31,34,15,5,17,105,58,47,1373,390,2969,10739,62858,69823,61862,44109,27509,15744,9019,14366,4946,2982,6880,30237,15718,14519,414025,52951
Córdoba,Palenciana *,14048,2670,37,117,132,90,67,56,27,13,27,10,2,10,80,40,40,835,167,2969,10739,62858,69823,61862,44109,27509,15744,9019,14366,4946,2982,6880,30237,15718,14519,414025,52951
Córdoba,Palma del Río,14049,3199,221,1346,1614,1520,1214,779,429,246,294,112,79,145,609,317,292,10008,1400,2969,10739,62858,69823,61862,44109,27509,15744,9019,14366,4946,2982,6880,30237,15718,14519,414025,52951
Córdoba,Pedro Abad,14050,3212,38,218,219,202,204,133,83,42,48,15,12,17,137,71,66,1562,194,2969,10739,62858,69823,61862,44109,27509,15744,9019,14366,4946,2982,6880,30237,15718,14519,414025,52951
Córdoba,Pedroche *,14051,2061,96,200,160,103,63,44,20,11,64,7,5,17,146,89,57,1127,191,2969,10739,62858,69823,61862,44109,27509,15744,9019,14366,4946,2982,6880,30237,15718,14519,414025,52951
Córdoba,Peñarroya-Pueblonuevo,14052,2649,231,984,968,753,478,301,182,121,243,84,46,148,573,321,252,6199,1087,2969,10739,62858,69823,61862,44109,27509,15744,9019,14366,4946,2982,6880,30237,15718,14519,414025,52951
Córdoba,Posadas,14053,3245,84,514,608,598,434,322,182,115,126,67,32,84,285,150,135,4028,577,2969,10739,62858,69823,61862,44109,27509,15744,9019,14366,4946,2982,6880,30237,15718,14519,414025,52951
Córdoba,Pozoblanco,14054,2437,290,2014,1747,1267,754,407,269,163,459,103,59,187,777,389,388,9979,1483,2969,10739,62858,69823,61862,44109,27509,15744,9019,14366,4946,2982,6880,30237,15718,14519,414025,52951
Córdoba,Priego de Córdoba,14055,2591,516,2232,2263,1839,1144,642,373,210,527,136,73,205,1293,671,622,13476,2023,2969,10739,62858,69823,61862,44109,27509,15744,9019,14366,4946,2982,6880,30237,15718,14519,414025,52951
Córdoba,Puente Genil,14056,2985,346,2254,2691,2456,1669,1007,559,260,521,166,99,274,1102,569,533,14955,1551,2969,10739,62858,69823,61862,44109,27509,15744,9019,14366,4946,2982,6880,30237,15718,14519,414025,52951
Córdoba,Rambla (La) *,14057,2881,103,592,647,580,390,234,123,77,133,42,28,69,310,160,150,3741,413,2969,10739,62858,69823,61862,44109,27509,15744,9019,14366,4946,2982,6880,30237,15718,14519,414025,52951
Córdoba,Resto de Córdoba,14999,2332,252,668,570,468,302,182,99,54,237,42,41,97,555,295,260,5107,1540,2969,10739,62858,69823,61862,44109,27509,15744,9019,14366,4946,2982,6880,30237,15718,14519,414025,52951
Córdoba,Rute,14058,2792,224,855,888,826,547,324,169,107,233,60,39,83,526,284,242,5819,938,2969,10739,62858,69823,61862,44109,27509,15744,9019,14366,4946,2982,6880,30237,15718,14519,414025,52951
Córdoba,Santaella *,14060,3229,49,308,365,379,285,205,108,60,97,37,13,43,179,88,91,2354,226,2969,10739,62858,69823,61862,44109,27509,15744,9019,14366,4946,2982,6880,30237,15718,14519,414025,52951
Córdoba,Torrecampo,14062,1690,111,158,124,93,37,23,11,7,59,3,1,5,193,99,94,1123,298,2969,10739,62858,69823,61862,44109,27509,15744,9019,14366,4946,2982,6880,30237,15718,14519,414025,52951
Córdoba,Valenzuela,14063,2585,29,125,88,82,83,52,35,15,43,12,7,14,125,69,56,912,202,2969,10739,62858,69823,61862,44109,27509,15744,9019,14366,4946,2982,6880,30237,15718,14519,414025,52951
Córdoba,Victoria (La),14065,3105,39,168,169,179,104,113,43,38,43,24,5,19,97,52,45,1259,218,2969,10739,62858,69823,61862,44109,27509,15744,9019,14366,4946,2982,6880,30237,15718,14519,414025,52951
Córdoba,Villa del Río *,14066,3820,34,320,423,465,452,335,201,132,80,74,46,75,201,91,110,3179,341,2969,10739,62858,69823,61862,44109,27509,15744,9019,14366,4946,2982,6880,30237,15718,14519,414025,52951
Córdoba,Villafranca de Córdoba,14067,3320,47,314,360,349,294,219,135,84,81,44,25,54,203,110,93,2477,268,2969,10739,62858,69823,61862,44109,27509,15744,9019,14366,4946,2982,6880,30237,15718,14519,414025,52951
Córdoba,Villanueva de Córdoba,14069,2269,279,1035,964,667,369,184,99,58,254,19,16,58,587,313,274,5830,1241,2969,10739,62858,69823,61862,44109,27509,15744,9019,14366,4946,2982,6880,30237,15718,14519,414025,52951
Córdoba,Villanueva del Duque,14070,1887,87,205,149,95,49,26,16,11,60,5,2,16,152,81,71,1370,497,2969,10739,62858,69823,61862,44109,27509,15744,9019,14366,4946,2982,6880,30237,15718,14519,414025,52951
Córdoba,Villanueva del Rey,14071,1814,68,154,107,56,36,21,7,3,50,3,0,5,85,49,36,1092,497,2969,10739,62858,69823,61862,44109,27509,15744,9019,14366,4946,2982,6880,30237,15718,14519,414025,52951
Córdoba,Villaralto,14072,1802,104,154,128,84,40,17,1,6,48,2,0,6,137,79,58,1019,292,2969,10739,62858,69823,61862,44109,27509,15744,9019,14366,4946,2982,6880,30237,15718,14519,414025,52951
Córdoba,Villaviciosa de Córdoba,14073,1933,153,493,393,239,105,68,27,16,137,10,3,14,295,155,140,2854,901,2969,10739,62858,69823,61862,44109,27509,15744,9019,14366,4946,2982,6880,30237,15718,14519,414025,52951
Córdoba,Viso (El) *,14074,2045,157,310,251,183,107,59,26,16,100,10,5,28,244,143,101,1921,425,2969,10739,62858,69823,61862,44109,27509,15744,9019,14366,4946,2982,6880,30237,15718,14519,414025,52951
Gipuzkoa,Aia,20016,2521,32,198,189,124,74,54,26,22,49,18,10,34,103,55,48,1015,82,1972,10743,108318,80955,35930,15790,8080,4717,2841,20953,1723,1065,3144,31317,14533,16784,350286,24710
Gipuzkoa,Alegia *,20005,2242,26,212,188,104,53,22,11,9,36,6,2,23,75,35,40,833,66,1972,10743,108318,80955,35930,15790,8080,4717,2841,20953,1723,1065,3144,31317,14533,16784,350286,24710
Gipuzkoa,Andoain *,20009,2013,179,2124,1693,692,329,146,89,47,381,26,16,56,540,238,302,6769,451,1972,10743,108318,80955,35930,15790,8080,4717,2841,20953,1723,1065,3144,31317,14533,16784,350286,24710
Gipuzkoa,Anoeta *,20010,1879,43,266,180,63,39,22,15,9,57,5,5,9,98,52,46,902,91,1972,10743,108318,80955,35930,15790,8080,4717,2841,20953,1723,1065,3144,31317,14533,16784,350286,24710
Gipuzkoa,Antzuola *,20011,1950,32,340,246,133,36,18,2,6,65,4,3,10,91,50,41,1047,61,1972,10743,108318,80955,35930,15790,8080,4717,2841,20953,1723,1065,3144,31317,14533,16784,350286,24710
Gipuzkoa,Aretxabaleta *,20013,1767,114,1210,789,248,76,34,20,9,223,8,5,17,356,162,194,3290,181,1972,10743,108318,80955,35930,15790,8080,4717,2841,20953,1723,1065,3144,31317,14533,16784,350286,24710
Gipuzkoa,Arrasate/Mondragón *,20055,1721,329,4078,2433,758,230,122,45,25,854,16,13,76,961,395,566,10502,562,1972,10743,108318,80955,35930,15790,8080,4717,2841,20953,1723,1065,3144,31317,14533,16784,350286,24710
Gipuzkoa,Asteasu *,20014,2397,24,155,134,89,46,38,12,16,33,4,7,15,65,35,30,692,54,1972,10743,108318,80955,35930,15790,8080,4717,2841,20953,1723,1065,3144,31317,14533,16784,350286,24710
Gipuzkoa,Astigarraga *,20903,1815,100,1194,744,295,117,49,43,17,232,10,6,31,307,137,170,3343,198,1972,10743,108318,80955,35930,15790,8080,4717,2841,20953,1723,1065,3144,31317,14533,16784,350286,24710
Gipuzkoa,Ataun,20015,2688,24,152,162,106,70,37,31,24,27,16,12,23,66,34,32,886,136,1972,10743,108318,80955,35930,15790,8080,4717,2841,20953,1723,1065,3144,31317,14533,16784,350286,24710
Gipuzkoa,Azkoitia *,20017,2053,153,1532,1294,661,243,109,45,29,294,17,13,27,449,190,259,5239,373,1972,10743,108318,80955,35930,15790,8080,4717,2841,20953,1723,1065,3144,31317,14533,16784,350286,24710
Gipuzkoa,Azpeitia *,20018,2115,242,1829,1613,804,346,147,92,42,359,36,17,59,539,249,290,6739,614,1972,10743,108318,80955,35930,15790,8080,4717,2841,20953,1723,1065,3144,31317,14533,16784,350286,24710
Gipuzkoa,Beasain *,20019,1997,201,2045,1638,678,254,146,76,43,376,34,9,48,529,238,291,6607,530,1972,10743,108318,80955,35930,15790,8080,4717,2841,20953,1723,1065,3144,31317,14533,16784,350286,24710
Gipuzkoa,Berastegi,20022,2271,18,129,104,80,51,20,11,5,27,2,2,4,53,27,26,573,67,1972,10743,108318,80955,35930,15790,8080,4717,2841,20953,1723,1065,3144,31317,14533,16784,350286,24710
Gipuzkoa,Bergara,20074,1900,201,2445,1875,706,228,117,69,29,447,29,11,44,703,330,373,7332,428,1972,10743,108318,80955,35930,15790,8080,4717,2841,20953,1723,1065,3144,31317,14533,16784,350286,24710
Gipuzkoa,Deba,20029,2008,113,785,608,329,160,107,78,47,195,28,9,43,414,202,212,3121,205,1972,10743,108318,80955,35930,15790,8080,4717,2841,20953,1723,1065,3144,31317,14533,16784,350286,24710
Gipuzkoa,Donostia/San Sebastián *,20069,1894,2927,31136,21881,9380,3866,1814,1053,598,6161,366,232,761,9036,4128,4908,94733,5522,1972,10743,108318,80955,35930,15790,8080,4717,2841,20953,1723,1065,3144,31317,14533,16784,350286,24710
Gipuzkoa,Eibar *,20030,1811,421,4888,3160,1068,447,248,133,79,913,48,22,89,1227,564,663,13535,792,1972,10743,108318,80955,35930,15790,8080,4717,2841,20953,1723,1065,3144,31317,14533,16784,350286,24710
Gipuzkoa,Elgeta,20033,1955,21,174,144,74,21,10,11,3,48,0,1,8,63,34,29,631,53,1972,10743,108318,80955,35930,15790,8080,4717,2841,20953,1723,1065,3144,31317,14533,16784,350286,24710
Gipuzkoa,Elgoibar *,20032,1950,198,1766,1333,522,230,124,81,50,318,29,22,47,490,231,259,5642,432,1972,10743,108318,80955,35930,15790,8080,4717,2841,20953,1723,1065,3144,31317,14533,16784,350286,24710
Gipuzkoa,Errenteria *,20067,2114,390,5409,4323,2064,1058,572,341,173,951,96,73,152,1217,559,658,17999,1180,1972,10743,108318,80955,35930,15790,8080,4717,2841,20953,1723,1065,3144,31317,14533,16784,350286,24710
Gipuzkoa,Eskoriatza *,20034,1899,78,706,521,178,67,37,27,12,131,5,3,16,188,81,107,2076,107,1972,10743,108318,80955,35930,15790,8080,4717,2841,20953,1723,1065,3144,31317,14533,16784,350286,24710
Gipuzkoa,Getaria *,20039,2171,51,363,331,158,97,44,42,17,87,16,13,17,150,70,80,1476,90,1972,10743,108318,80955,35930,15790,8080,4717,2841,20953,1723,1065,3144,31317,14533,16784,350286,24710
Gipuzkoa,Hernani *,20040,1934,282,2949,2103,962,357,173,97,66,564,38,25,74,771,360,411,9342,881,1972,10743,108318,80955,35930,15790,8080,4717,2841,20953,1723,1065,3144,31317,14533,16784,350286,24710
Gipuzkoa,Hondarribia *,20036,2042,269,2341,1823,1010,467,243,142,108,559,75,44,154,970,493,477,8777,572,1972,10743,108318,80955,35930,15790,8080,4717,2841,20953,1723,1065,3144,31317,14533,16784,350286,24710
Gipuzkoa,Ibarra *,20042,1886,73,600,438,174,68,37,10,11,127,3,3,18,178,88,90,1921,181,1972,10743,108318,80955,35930,15790,8080,4717,2841,20953,1723,1065,3144,31317,14533,16784,350286,24710
Gipuzkoa,Idiazabal,20043,2270,30,252,293,131,61,32,22,11,58,2,1,12,96,46,50,1219,218,1972,10743,108318,80955,35930,15790,8080,4717,2841,20953,1723,1065,3144,31317,14533,16784,350286,24710
Gipuzkoa,Irun *,20045,2026,803,8597,6560,2886,1345,739,409,248,1523,160,102,272,2152,970,1182,28045,2249,1972,10743,108318,80955,35930,15790,8080,4717,2841,20953,1723,1065,3144,31317,14533,16784,350286,24710
Gipuzkoa,Irura *,20046,1940,27,259,176,90,33,19,6,5,45,4,7,10,69,34,35,812,62,1972,10743,108318,80955,35930,15790,8080,4717,2841,20953,1723,1065,3144,31317,14533,16784,350286,24710
Gipuzkoa,Lasarte-Oria *,20902,1841,214,3163,2051,729,320,129,72,39,553,26,10,50,702,299,403,8609,551,1972,10743,108318,80955,35930,15790,8080,4717,2841,20953,1723,1065,3144,31317,14533,16784,350286,24710
Gipuzkoa,Lazkao *,20049,1992,101,794,632,277,101,44,35,24,158,18,16,33,250,135,115,2711,228,1972,10743,108318,80955,35930,15790,8080,4717,2841,20953,1723,1065,3144,31317,14533,16784,350286,24710
Gipuzkoa,Legazpi *,20051,1874,158,1454,1023,369,128,47,35,19,242,12,10,29,375,166,209,4242,341,1972,10743,108318,80955,35930,15790,8080,4717,2841,20953,1723,1065,3144,31317,14533,16784,350286,24710
Gipuzkoa,Legorreta *,20052,2205,26,166,161,77,46,17,16,11,41,5,1,4,71,41,30,724,82,1972,10743,108318,80955,35930,15790,8080,4717,2841,20953,1723,1065,3144,31317,14533,16784,350286,24710
Gipuzkoa,Lezo *,20053,2187,96,744,645,334,154,92,69,26,123,19,9,28,208,101,107,2746,199,1972,10743,108318,80955,35930,15790,8080,4717,2841,20953,1723,1065,3144,31317,14533,16784,350286,24710
Gipuzkoa,Mendaro *,20901,2164,19,236,259,126,44,19,11,11,48,5,1,7,87,41,46,963,90,1972,10743,108318,80955,35930,15790,8080,4717,2841,20953,1723,1065,3144,31317,14533,16784,350286,24710
Gipuzkoa,Mutriku *,20056,2117,115,729,603,327,162,89,59,50,178,19,18,36,289,142,147,2870,196,1972,10743,108318,80955,35930,15790,8080,4717,2841,20953,1723,1065,3144,31317,14533,16784,350286,24710
Gipuzkoa,Oiartzun *,20063,2295,145,1061,914,566,316,165,108,75,221,35,32,64,357,160,197,4386,327,1972,10743,108318,80955,35930,15790,8080,4717,2841,20953,1723,1065,3144,31317,14533,16784,350286,24710
Gipuzkoa,Ordizia *,20076,1980,148,1518,1121,490,192,100,71,45,255,38,16,44,403,193,210,4768,327,1972,10743,108318,80955,35930,15790,8080,4717,2841,20953,1723,1065,3144,31317,14533,16784,350286,24710
Gipuzkoa,Orio *,20061,2180,86,796,647,347,184,113,60,51,155,29,18,32,292,130,162,3000,190,1972,10743,108318,80955,35930,15790,8080,4717,2841,20953,1723,1065,3144,31317,14533,16784,350286,24710
Gipuzkoa,Ormaiztegi *,20062,2085,28,158,133,64,28,18,10,3,34,3,3,10,62,31,31,613,59,1972,10743,108318,80955,35930,15790,8080,4717,2841,20953,1723,1065,3144,31317,14533,16784,350286,24710
Gipuzkoa,Oñati *,20059,1968,153,1694,1421,573,185,64,39,22,327,17,8,33,448,220,228,5510,526,1972,10743,108318,80955,35930,15790,8080,4717,2841,20953,1723,1065,3144,31317,14533,16784,350286,24710
Gipuzkoa,Pasaia *,20064,2095,203,2256,1791,827,445,275,137,77,415,43,28,56,607,276,331,7706,546,1972,10743,108318,80955,35930,15790,8080,4717,2841,20953,1723,1065,3144,31317,14533,16784,350286,24710
Gipuzkoa,Resto de Gipuzkoa,20999,2497,222,1207,1232,902,491,265,140,91,285,50,27,102,533,266,267,6483,936,1972,10743,108318,80955,35930,15790,8080,4717,2841,20953,1723,1065,3144,31317,14533,16784,350286,24710
Gipuzkoa,Segura,20070,2494,22,151,146,103,53,16,16,11,27,9,3,10,57,36,21,743,119,1972,10743,108318,80955,35930,15790,8080,4717,2841,20953,1723,1065,3144,31317,14533,16784,350286,24710
Gipuzkoa,Soraluze-Placencia de las Armas *,20065,1964,64,578,420,192,101,50,38,19,116,14,5,19,199,96,103,2068,253,1972,10743,108318,80955,35930,15790,8080,4717,2841,20953,1723,1065,3144,31317,14533,16784,350286,24710
Gipuzkoa,Tolosa *,20071,1933,277,3189,2304,968,376,178,86,70,555,36,19,66,815,373,442,9598,659,1972,10743,108318,80955,35930,15790,8080,4717,2841,20953,1723,1065,3144,31317,14533,16784,350286,24710
Gipuzkoa,Urnieta *,20072,2060,82,756,652,289,125,50,32,12,140,9,7,29,219,110,109,2622,220,1972,10743,108318,80955,35930,15790,8080,4717,2841,20953,1723,1065,3144,31317,14533,16784,350286,24710
Gipuzkoa,Urretxu *,20077,1972,98,1028,826,314,125,41,26,30,177,15,8,23,260,115,145,3163,192,1972,10743,108318,80955,35930,15790,8080,4717,2841,20953,1723,1065,3144,31317,14533,16784,350286,24710
Gipuzkoa,Usurbil *,20073,2163,91,780,635,333,143,103,45,32,144,21,12,29,199,103,96,2768,201,1972,10743,108318,80955,35930,15790,8080,4717,2841,20953,1723,1065,3144,31317,14533,16784,350286,24710
Gipuzkoa,Villabona *,20075,2026,90,827,669,305,111,76,25,21,159,13,9,29,230,92,138,2772,208,1972,10743,108318,80955,35930,15790,8080,4717,2841,20953,1723,1065,3144,31317,14533,16784,350286,24710
Gipuzkoa,Zaldibia,20078,2088,29,201,185,95,37,25,8,12,41,4,4,9,88,47,41,868,130,1972,10743,108318,80955,35930,15790,8080,4717,2841,20953,1723,1065,3144,31317,14533,16784,350286,24710
Gipuzkoa,Zarautz *,20079,2194,415,2762,2285,1291,859,498,325,224,639,103,65,125,1358,669,689,11622,673,1972,10743,108318,80955,35930,15790,8080,4717,2841,20953,1723,1065,3144,31317,14533,16784,350286,24710
Gipuzkoa,Zegama,20025,2108,38,194,187,98,41,22,9,6,38,3,2,11,107,56,51,870,114,1972,10743,108318,80955,35930,15790,8080,4717,2841,20953,1723,1065,3144,31317,14533,16784,350286,24710
Gipuzkoa,Zestoa,20027,2273,57,445,393,223,100,75,62,26,84,23,15,27,161,86,75,1882,191,1972,10743,108318,80955,35930,15790,8080,4717,2841,20953,1723,1065,3144,31317,14533,16784,350286,24710
Gipuzkoa,Zizurkil *,20028,2092,42,345,328,132,65,34,26,8,89,4,6,12,100,44,56,1307,116,1972,10743,108318,80955,35930,15790,8080,4717,2841,20953,1723,1065,3144,31317,14533,16784,350286,24710
Gipuzkoa,Zumaia *,20081,2084,162,1307,1209,543,219,110,63,41,270,25,11,44,469,232,237,4746,273,1972,10743,108318,80955,35930,15790,8080,4717,2841,20953,1723,1065,3144,31317,14533,16784,350286,24710
Gipuzkoa,Zumarraga *,20080,1874,161,1645,1107,469,170,85,55,25,299,24,14,34,415,186,229,4828,325,1972,10743,108318,80955,35930,15790,8080,4717,2841,20953,1723,1065,3144,31317,14533,16784,350286,24710
Girona,Alp,17006,1251,232,661,339,199,101,76,47,15,286,12,15,26,754,380,374,3418,655,2107,21233,105153,81862,51754,29631,17375,10811,6730,28224,4455,3128,9224,61619,31473,30146,507421,76222
Girona,Amer,17007,3203,30,158,213,186,120,88,58,29,38,20,22,40,72,32,40,1385,311,2107,21233,105153,81862,51754,29631,17375,10811,6730,28224,4455,3128,9224,61619,31473,30146,507421,76222
Girona,Anglès,17008,2647,41,529,460,373,205,102,74,63,115,34,23,48,144,66,78,2737,526,2107,21233,105153,81862,51754,29631,17375,10811,6730,28224,4455,3128,9224,61619,31473,30146,507421,76222
Girona,Arbúcies,17009,2271,123,752,634,416,237,132,75,46,171,30,20,52,344,165,179,3332,300,2107,21233,105153,81862,51754,29631,17375,10811,6730,28224,4455,3128,9224,61619,31473,30146,507421,76222
Girona,Avinyonet de Puigventós,17012,4280,5,38,92,97,89,74,41,33,6,18,16,27,22,11,11,625,67,2107,21233,105153,81862,51754,29631,17375,10811,6730,28224,4455,3128,9224,61619,31473,30146,507421,76222
Girona,Banyoles,17015,2434,176,2343,2074,1352,685,385,220,132,393,93,54,184,488,222,266,9064,485,2107,21233,105153,81862,51754,29631,17375,10811,6730,28224,4455,3128,9224,61619,31473,30146,507421,76222
Girona,Begur,17013,2442,159,790,552,428,317,260,179,126,278,97,69,208,648,305,343,5620,1509,2107,21233,105153,81862,51754,29631,17375,10811,6730,28224,4455,3128,9224,61619,31473,30146,507421,76222
Girona,Besalú *,17019,2363,28,295,258,181,98,33,24,12,55,15,10,30,105,46,59,1221,77,2107,21233,105153,81862,51754,29631,17375,10811,6730,28224,4455,3128,9224,61619,31473,30146,507421,76222
Girona,Bescanó,17020,2895,28,384,483,376,220,109,67,43,62,21,27,73,105,58,47,2150,152,2107,21233,105153,81862,51754,29631,17375,10811,6730,28224,4455,3128,9224,61619,31473,30146,507421,76222
Girona,Bisbal d'Empordà (La),17022,2267,125,1311,1184,642,368,176,104,73,265,35,30,72,371,153,218,5102,346,2107,21233,105153,81862,51754,29631,17375,10811,6730,28224,4455,3128,9224,61619,31473,30146,507421,76222
Girona,Blanes,17023,1891,1334,6226,4545,2605,1258,626,387,225,1542,122,118,311,3619,1861,1758,25589,2671,2107,21233,105153,81862,51754,29631,17375,10811,6730,28224,4455,3128,9224,61619,31473,30146,507421,76222
Girona,Bordils,17025,3013,8,134,141,112,69,47,41,13,25,15,8,29,30,8,22,742,70,2107,21233,105153,81862,51754,29631,17375,10811,6730,28224,4455,3128,9224,61619,31473,30146,507421,76222
Girona,Breda *,17027,2328,48,452,425,280,122,59,48,22,92,16,11,22,136,78,58,1827,94,2107,21233,105153,81862,51754,29631,17375,10811,6730,28224,4455,3128,9224,61619,31473,30146,507421,76222
Girona,Bàscara,17016,3015,13,69,84,84,34,32,13,12,14,7,7,16,33,17,16,549,131,2107,21233,105153,81862,51754,29631,17375,10811,6730,28224,4455,3128,9224,61619,31473,30146,507421,76222
Girona,Cadaqués,17032,2005,134,681,421,306,185,118,89,63,217,31,18,94,422,214,208,3598,819,2107,21233,105153,81862,51754,29631,17375,10811,6730,28224,4455,3128,9224,61619,31473,30146,507421,76222
Girona,Caldes de Malavella,17033,2914,55,735,734,569,400,266,156,104,150,65,47,136,256,124,132,4175,502,2107,21233,105153,81862,51754,29631,17375,10811,6730,28224,4455,3128,9224,61619,31473,30146,507421,76222
Girona,Calonge i Sant Antoni,17034,1446,734,2496,1374,925,602,379,260,188,1154,118,78,213,2766,1347,1419,14112,2825,2107,21233,105153,81862,51754,29631,17375,10811,6730,28224,4455,3128,9224,61619,31473,30146,507421,76222
Girona,Campdevànol *,17036,2125,48,421,384,203,86,38,17,12,96,5,4,17,154,69,85,1632,147,2107,21233,105153,81862,51754,29631,17375,10811,6730,28224,4455,3128,9224,61619,31473,30146,507421,76222
Girona,Camprodon *,17039,1197,249,557,311,171,74,36,22,8,270,12,6,43,674,360,314,2713,280,2107,21233,105153,81862,51754,29631,17375,10811,6730,28224,4455,3128,9224,61619,31473,30146,507421,76222
Girona,Cassà de la Selva,17044,2584,109,989,970,658,390,222,149,71,186,67,35,110,316,158,158,4709,437,2107,21233,105153,81862,51754,29631,17375,10811,6730,28224,4455,3128,9224,61619,31473,30146,507421,76222
Girona,Castell-Platja d'Aro,17048,1251,1055,2707,1380,828,557,350,224,154,1286,144,65,289,3518,1836,1682,15712,3155,2107,21233,105153,81862,51754,29631,17375,10811,6730,28224,4455,3128,9224,61619,31473,30146,507421,76222
Girona,Castelló d'Empúries,17047,1927,1238,1884,1493,1091,748,474,302,233,697,125,92,282,2500,1506,994,16363,5204,2107,21233,105153,81862,51754,29631,17375,10811,6730,28224,4455,3128,9224,61619,31473,30146,507421,76222
Girona,Cellera de Ter (La),17189,2870,18,162,181,145,79,54,31,19,32,17,5,22,61,23,38,940,114,2107,21233,105153,81862,51754,29631,17375,10811,6730,28224,4455,3128,9224,61619,31473,30146,507421,76222
Girona,Celrà,17049,2546,39,488,545,358,180,105,48,25,81,16,15,27,112,47,65,2161,122,2107,21233,105153,81862,51754,29631,17375,10811,6730,28224,4455,3128,9224,61619,31473,30146,507421,76222
Girona,Cornellà del Terri,17056,3166,15,182,168,143,135,64,39,21,29,14,17,55,40,23,17,1047,125,2107,21233,105153,81862,51754,29631,17375,10811,6730,28224,4455,3128,9224,61619,31473,30146,507421,76222
Girona,Corçà,17057,2648,15,127,116,83,48,26,18,13,27,14,7,21,41,20,21,709,153,2107,21233,105153,81862,51754,29631,17375,10811,6730,28224,4455,3128,9224,61619,31473,30146,507421,76222
Girona,"Cruïlles, Monells i Sant Sadurní de",17901,2770,15,120,113,90,53,41,22,17,30,17,7,28,57,30,27,782,172,2107,21233,105153,81862,51754,29631,17375,10811,6730,28224,4455,3128,9224,61619,31473,30146,507421,76222
Girona,Escala (L'),17062,1390,1268,2416,1505,991,582,396,260,151,1097,83,57,172,3261,1850,1411,15146,2907,2107,21233,105153,81862,51754,29631,17375,10811,6730,28224,4455,3128,9224,61619,31473,30146,507421,76222
Girona,Figueres,17066,2111,561,6263,4825,2537,1246,604,351,238,1147,107,95,271,1536,704,832,21062,1281,2107,21233,105153,81862,51754,29631,17375,10811,6730,28224,4455,3128,9224,61619,31473,30146,507421,76222
Girona,Flaçà,17067,2299,15,137,101,67,33,23,13,5,26,3,5,5,23,9,14,532,76,2107,21233,105153,81862,51754,29631,17375,10811,6730,28224,4455,3128,9224,61619,31473,30146,507421,76222
Girona,Fontcoberta,17071,3796,4,45,105,104,83,50,42,22,6,11,6,20,22,16,6,565,45,2107,21233,105153,81862,51754,29631,17375,10811,6730,28224,4455,3128,9224,61619,31473,30146,507421,76222
Girona,Forallac,17902,3108,23,149,133,119,84,51,49,33,36,36,16,58,93,46,47,1052,172,2107,21233,105153,81862,51754,29631,17375,10811,6730,28224,4455,3128,9224,61619,31473,30146,507421,76222
Girona,Fornells de la Selva,17073,3422,9,141,181,173,102,84,57,30,26,23,17,40,39,16,23,982,60,2107,21233,105153,81862,51754,29631,17375,10811,6730,28224,4455,3128,9224,61619,31473,30146,507421,76222
Girona,Girona,17079,2150,965,14345,11300,6042,2907,1521,824,511,2577,314,213,696,3293,1436,1857,50333,4825,2107,21233,105153,81862,51754,29631,17375,10811,6730,28224,4455,3128,9224,61619,31473,30146,507421,76222
Girona,Hostalric,17083,2358,50,498,438,286,146,75,40,24,87,12,8,28,143,64,79,1987,152,2107,21233,105153,81862,51754,29631,17375,10811,6730,28224,4455,3128,9224,61619,31473,30146,507421,76222
Girona,Jonquera (La),17086,2545,51,319,263,198,114,76,41,25,48,13,8,40,88,36,52,1469,185,2107,21233,105153,81862,51754,29631,17375,10811,6730,28224,4455,3128,9224,61619,31473,30146,507421,76222
Girona,Llagostera,17089,2611,85,830,786,611,350,203,134,62,180,35,45,95,288,144,144,4481,777,2107,21233,105153,81862,51754,29631,17375,10811,6730,28224,4455,3128,9224,61619,31473,30146,507421,76222
Girona,Llançà,17092,1194,686,1273,659,436,276,165,118,54,575,51,25,56,1841,1001,840,8246,2031,2107,21233,105153,81862,51754,29631,17375,10811,6730,28224,4455,3128,9224,61619,31473,30146,507421,76222
Girona,Llers,17093,3416,4,76,68,67,59,46,34,12,15,13,9,24,37,22,15,550,86,2107,21233,105153,81862,51754,29631,17375,10811,6730,28224,4455,3128,9224,61619,31473,30146,507421,76222
Girona,Lloret de Mar,17095,2031,1242,5208,3888,2459,1389,849,564,330,1557,224,147,446,3240,1648,1592,25496,3953,2107,21233,105153,81862,51754,29631,17375,10811,6730,28224,4455,3128,9224,61619,31473,30146,507421,76222
Girona,Llívia,17094,1049,205,472,232,119,77,28,33,9,264,13,3,28,678,337,341,2380,219,2107,21233,105153,81862,51754,29631,17375,10811,6730,28224,4455,3128,9224,61619,31473,30146,507421,76222
Girona,Maçanet de la Selva,17103,2308,136,988,810,535,322,204,124,79,269,42,39,94,483,255,228,4571,446,2107,21233,105153,81862,51754,29631,17375,10811,6730,28224,4455,3128,9224,61619,31473,30146,507421,76222
Girona,Mont-ras,17110,3378,9,108,107,132,70,60,39,25,15,22,16,35,38,24,14,807,131,2107,21233,105153,81862,51754,29631,17375,10811,6730,28224,4455,3128,9224,61619,31473,30146,507421,76222
Girona,Navata,17111,2832,16,158,139,109,67,73,28,22,40,16,18,26,65,32,33,858,81,2107,21233,105153,81862,51754,29631,17375,10811,6730,28224,4455,3128,9224,61619,31473,30146,507421,76222
Girona,Olot,17114,2257,422,4528,3954,2269,1096,508,252,171,840,130,72,279,1136,499,637,16713,1056,2107,21233,105153,81862,51754,29631,17375,10811,6730,28224,4455,3128,9224,61619,31473,30146,507421,76222
Girona,Palafrugell,17117,1821,758,3900,2574,1529,961,573,322,169,1246,150,74,298,2665,1298,1367,17675,2456,2107,21233,105153,81862,51754,29631,17375,10811,6730,28224,4455,3128,9224,61619,31473,30146,507421,76222
Girona,Palamós,17118,1735,703,3069,2079,1160,649,323,199,125,958,72,50,162,2211,1114,1097,13007,1247,2107,21233,105153,81862,51754,29631,17375,10811,6730,28224,4455,3128,9224,61619,31473,30146,507421,76222
Girona,Palau-saverdera,17120,2965,22,142,130,95,69,54,38,32,29,12,13,40,61,29,32,936,199,2107,21233,105153,81862,51754,29631,17375,10811,6730,28224,4455,3128,9224,61619,31473,30146,507421,76222
Girona,Pals,17124,1776,128,653,414,277,190,132,92,64,271,35,33,87,649,307,342,3989,964,2107,21233,105153,81862,51754,29631,17375,10811,6730,28224,4455,3128,9224,61619,31473,30146,507421,76222
Girona,Peralada,17132,3826,14,124,121,116,119,84,55,47,22,17,22,55,66,40,26,1125,263,2107,21233,105153,81862,51754,29631,17375,10811,6730,28224,4455,3128,9224,61619,31473,30146,507421,76222
Girona,Planes d'Hostoles (Les),17133,2842,16,140,153,114,69,44,34,16,32,18,10,28,61,40,21,963,228,2107,21233,105153,81862,51754,29631,17375,10811,6730,28224,4455,3128,9224,61619,31473,30146,507421,76222
Girona,Porqueres,17137,3248,16,285,383,345,236,147,86,45,31,30,16,60,75,36,39,1835,80,2107,21233,105153,81862,51754,29631,17375,10811,6730,28224,4455,3128,9224,61619,31473,30146,507421,76222
Girona,Port de la Selva (El),17140,1243,194,437,213,104,86,49,36,18,184,11,7,43,521,281,240,2497,594,2107,21233,105153,81862,51754,29631,17375,10811,6730,28224,4455,3128,9224,61619,31473,30146,507421,76222
Girona,Portbou,17138,1331,109,239,133,71,26,21,5,4,82,3,0,6,242,130,112,1091,150,2107,21233,105153,81862,51754,29631,17375,10811,6730,28224,4455,3128,9224,61619,31473,30146,507421,76222
Girona,Preses (Les) *,17139,2791,18,136,176,134,80,36,18,11,35,13,7,21,52,17,35,767,30,2107,21233,105153,81862,51754,29631,17375,10811,6730,28224,4455,3128,9224,61619,31473,30146,507421,76222
Girona,Puigcerdà,17141,1696,357,1538,1029,484,248,116,74,44,461,33,29,87,996,453,543,5989,493,2107,21233,105153,81862,51754,29631,17375,10811,6730,28224,4455,3128,9224,61619,31473,30146,507421,76222
Girona,Quart,17142,3007,19,255,339,268,152,87,69,37,30,23,14,56,79,40,39,1499,71,2107,21233,105153,81862,51754,29631,17375,10811,6730,28224,4455,3128,9224,61619,31473,30146,507421,76222
Girona,Resto de Girona,17999,2516,1274,6320,5284,4019,2751,1913,1268,852,1956,586,444,1286,4360,2227,2133,40423,8110,2107,21233,105153,81862,51754,29631,17375,10811,6730,28224,4455,3128,9224,61619,31473,30146,507421,76222
Girona,Ribes de Freser,17145,1419,151,355,208,104,48,20,14,13,130,11,3,20,367,193,174,1647,203,2107,21233,105153,81862,51754,29631,17375,10811,6730,28224,4455,3128,9224,61619,31473,30146,507421,76222
Girona,Riells i Viabrea,17146,3055,37,370,381,353,266,179,102,57,93,28,30,48,169,88,81,2383,270,2107,21233,105153,81862,51754,29631,17375,10811,6730,28224,4455,3128,9224,61619,31473,30146,507421,76222
Girona,Ripoll *,17147,1984,244,1660,1248,593,246,110,77,32,311,24,14,61,496,255,241,5665,549,2107,21233,105153,81862,51754,29631,17375,10811,6730,28224,4455,3128,9224,61619,31473,30146,507421,76222
Girona,Riudarenes,17148,2456,41,313,250,167,108,61,43,20,68,17,12,35,118,64,54,1443,190,2107,21233,105153,81862,51754,29631,17375,10811,6730,28224,4455,3128,9224,61619,31473,30146,507421,76222
Girona,Riudellots de la Selva,17150,3353,4,127,161,118,102,66,41,25,26,31,19,43,27,9,18,843,53,2107,21233,105153,81862,51754,29631,17375,10811,6730,28224,4455,3128,9224,61619,31473,30146,507421,76222
Girona,Roses,17152,1559,1957,3453,2360,1526,979,564,370,191,1350,138,89,267,4297,2489,1808,24743,7202,2107,21233,105153,81862,51754,29631,17375,10811,6730,28224,4455,3128,9224,61619,31473,30146,507421,76222
Girona,Salt,17155,2200,218,3134,2700,1521,671,313,182,97,533,64,37,128,742,320,422,11642,1302,2107,21233,105153,81862,51754,29631,17375,10811,6730,28224,4455,3128,9224,61619,31473,30146,507421,76222
Girona,Sant Feliu de Guíxols,17160,1780,856,3719,2555,1390,732,416,224,177,1157,82,79,197,2422,1193,1229,15908,1902,2107,21233,105153,81862,51754,29631,17375,10811,6730,28224,4455,3128,9224,61619,31473,30146,507421,76222
Girona,Sant Feliu de Pallerols,17161,2545,37,140,122,94,54,36,22,18,36,16,3,20,71,34,37,803,134,2107,21233,105153,81862,51754,29631,17375,10811,6730,28224,4455,3128,9224,61619,31473,30146,507421,76222
Girona,Sant Gregori,17163,3133,21,261,280,232,149,94,68,52,47,37,26,66,75,38,37,1506,98,2107,21233,105153,81862,51754,29631,17375,10811,6730,28224,4455,3128,9224,61619,31473,30146,507421,76222
Girona,Sant Hilari Sacalm,17164,2109,109,703,572,360,155,85,54,30,158,19,17,46,334,170,164,3048,406,2107,21233,105153,81862,51754,29631,17375,10811,6730,28224,4455,3128,9224,61619,31473,30146,507421,76222
Girona,Sant Joan de les Abadesses,17167,1913,116,462,405,197,79,33,23,13,122,10,8,16,277,146,131,2021,260,2107,21233,105153,81862,51754,29631,17375,10811,6730,28224,4455,3128,9224,61619,31473,30146,507421,76222
Girona,Sant Joan les Fonts,17185,2466,24,341,296,220,91,77,38,22,63,16,10,24,100,45,55,1426,104,2107,21233,105153,81862,51754,29631,17375,10811,6730,28224,4455,3128,9224,61619,31473,30146,507421,76222
Girona,Sant Julià de Ramis,17169,3383,11,249,261,196,170,127,90,41,26,35,32,50,46,24,22,1387,53,2107,21233,105153,81862,51754,29631,17375,10811,6730,28224,4455,3128,9224,61619,31473,30146,507421,76222
Girona,Sant Julià del Llor i Bonmatí,17903,2996,10,87,111,79,65,28,22,20,11,6,5,13,29,14,15,615,129,2107,21233,105153,81862,51754,29631,17375,10811,6730,28224,4455,3128,9224,61619,31473,30146,507421,76222
Girona,Sant Pere Pescador,17178,2333,73,245,206,149,111,69,50,34,89,15,9,34,202,100,102,1640,354,2107,21233,105153,81862,51754,29631,17375,10811,6730,28224,4455,3128,9224,61619,31473,30146,507421,76222
Girona,Santa Coloma de Farners,17180,2607,102,1274,1142,821,489,313,183,109,243,91,65,128,352,177,175,5995,683,2107,21233,105153,81862,51754,29631,17375,10811,6730,28224,4455,3128,9224,61619,31473,30146,507421,76222
Girona,Santa Cristina d'Aro,17181,2811,77,602,506,421,299,205,127,98,148,69,53,118,308,154,154,3914,883,2107,21233,105153,81862,51754,29631,17375,10811,6730,28224,4455,3128,9224,61619,31473,30146,507421,76222
Girona,Santa Pau,17184,2846,13,111,145,97,79,48,25,19,28,18,6,25,69,34,35,826,143,2107,21233,105153,81862,51754,29631,17375,10811,6730,28224,4455,3128,9224,61619,31473,30146,507421,76222
Girona,Sarrià de Ter,17186,2464,47,573,555,362,172,71,41,13,82,13,9,25,113,50,63,2178,102,2107,21233,105153,81862,51754,29631,17375,10811,6730,28224,4455,3128,9224,61619,31473,30146,507421,76222
Girona,Serinyà *,17190,2925,13,88,96,88,45,29,21,14,17,9,3,17,40,24,16,520,40,2107,21233,105153,81862,51754,29631,17375,10811,6730,28224,4455,3128,9224,61619,31473,30146,507421,76222
Girona,Sils,17193,2677,52,599,604,436,282,179,111,61,129,47,35,69,237,108,129,3099,258,2107,21233,105153,81862,51754,29631,17375,10811,6730,28224,4455,3128,9224,61619,31473,30146,507421,76222
Girona,Torroella de Montgrí,17199,1635,763,1773,1145,824,526,321,191,132,632,66,50,135,2138,1209,929,11730,3034,2107,21233,105153,81862,51754,29631,17375,10811,6730,28224,4455,3128,9224,61619,31473,30146,507421,76222
Girona,Tossa de Mar,17202,1371,533,1210,679,433,251,158,109,62,483,55,30,104,1470,772,698,7105,1528,2107,21233,105153,81862,51754,29631,17375,10811,6730,28224,4455,3128,9224,61619,31473,30146,507421,76222
Girona,Ullà,17204,2321,10,123,86,53,44,23,19,8,24,7,1,6,36,20,16,525,85,2107,21233,105153,81862,51754,29631,17375,10811,6730,28224,4455,3128,9224,61619,31473,30146,507421,76222
Girona,Vall d'en Bas (La),17207,2805,27,239,280,205,145,72,40,25,51,16,15,37,108,48,60,1585,325,2107,21233,105153,81862,51754,29631,17375,10811,6730,28224,4455,3128,9224,61619,31473,30146,507421,76222
Girona,Vall de Bianya (La),17208,2894,13,101,123,93,53,35,27,16,23,15,7,26,58,24,34,644,54,2107,21233,105153,81862,51754,29631,17375,10811,6730,28224,4455,3128,9224,61619,31473,30146,507421,76222
Girona,Verges,17211,2940,18,95,95,73,68,44,26,16,28,14,6,16,55,20,35,639,85,2107,21233,105153,81862,51754,29631,17375,10811,6730,28224,4455,3128,9224,61619,31473,30146,507421,76222
Girona,Vidreres,17213,2718,77,847,797,621,374,244,153,89,166,67,48,109,317,144,173,4348,439,2107,21233,105153,81862,51754,29631,17375,10811,6730,28224,4455,3128,9224,61619,31473,30146,507421,76222
Girona,Vilablareix,17215,2821,19,197,292,200,122,68,39,28,31,15,3,29,72,36,36,1180,65,2107,21233,105153,81862,51754,29631,17375,10811,6730,28224,4455,3128,9224,61619,31473,30146,507421,76222
Girona,Viladrau,17220,2379,36,180,152,91,68,43,27,30,56,13,15,40,116,51,65,987,120,2107,21233,105153,81862,51754,29631,17375,10811,6730,28224,4455,3128,9224,61619,31473,30146,507421,76222
Girona,Vilafant,17221,3110,24,278,457,404,250,128,73,56,44,16,14,44,99,57,42,2014,127,2107,21233,105153,81862,51754,29631,17375,10811,6730,28224,4455,3128,9224,61619,31473,30146,507421,76222
Girona,Vilajuïga,17223,2798,20,91,115,81,55,27,22,13,25,6,1,19,34,12,22,573,64,2107,21233,105153,81862,51754,29631,17375,10811,6730,28224,4455,3128,9224,61619,31473,30146,507421,76222
Girona,Vilamalla,17226,3403,7,66,60,69,53,33,28,13,14,7,9,14,29,13,16,453,51,2107,21233,105153,81862,51754,29631,17375,10811,6730,28224,4455,3128,9224,61619,31473,30146,507421,76222
Girona,Vilobí d'Onyar,17233,3305,20,204,221,212,131,89,75,47,41,31,21,78,66,28,38,1346,110,2107,21233,105153,81862,51754,29631,17375,10811,6730,28224,4455,3128,9224,61619,31473,30146,507421,76222
Granada,Albolote,18003,3174,159,1468,1599,1513,1132,761,436,245,310,135,89,171,549,258,291,9477,910,2356,22103,109442,96733,69683,42888,24260,12984,7235,26861,4270,2685,6826,57279,29583,27696,573692,90443
Granada,Albuñol,18006,1687,225,994,627,286,154,53,20,10,258,8,9,28,508,240,268,3706,526,2356,22103,109442,96733,69683,42888,24260,12984,7235,26861,4270,2685,6826,57279,29583,27696,573692,90443
Granada,Alfacar,18011,3036,61,460,476,455,345,180,100,70,102,37,25,48,205,119,86,3105,541,2356,22103,109442,96733,69683,42888,24260,12984,7235,26861,4270,2685,6826,57279,29583,27696,573692,90443
Granada,Algarinejo,18012,2177,113,317,245,175,121,66,42,25,92,14,8,23,216,105,111,2148,691,2356,22103,109442,96733,69683,42888,24260,12984,7235,26861,4270,2685,6826,57279,29583,27696,573692,90443
Granada,Alhama de Granada,18013,2298,189,627,532,388,236,140,80,58,173,31,23,85,417,234,183,3758,779,2356,22103,109442,96733,69683,42888,24260,12984,7235,26861,4270,2685,6826,57279,29583,27696,573692,90443
Granada,Alhendín,18014,3254,70,654,832,845,620,389,186,123,120,83,35,62,280,144,136,4948,649,2356,22103,109442,96733,69683,42888,24260,12984,7235,26861,4270,2685,6826,57279,29583,27696,573692,90443
Granada,Almuñécar,18017,1420,2254,5695,3562,2113,1198,648,380,210,2321,146,96,309,6330,3354,2976,29769,4507,2356,22103,109442,96733,69683,42888,24260,12984,7235,26861,4270,2685,6826,57279,29583,27696,573692,90443
Granada,Armilla,18021,2693,249,2249,2505,1918,1208,590,293,151,426,95,63,109,692,335,357,11389,841,2356,22103,109442,96733,69683,42888,24260,12984,7235,26861,4270,2685,6826,57279,29583,27696,573692,90443
Granada,Atarfe,18022,3025,173,1564,1737,1589,1128,679,391,180,331,106,69,117,538,249,289,10234,1632,2356,22103,109442,96733,69683,42888,24260,12984,7235,26861,4270,2685,6826,57279,29583,27696,573692,90443
Granada,Baza,18023,2432,491,2233,2102,1557,892,421,241,114,486,85,43,174,1136,570,566,11471,1496,2356,22103,109442,96733,69683,42888,24260,12984,7235,26861,4270,2685,6826,57279,29583,27696,573692,90443
Granada,Benalúa,18027,2380,89,278,247,227,145,63,43,18,76,12,7,18,211,112,99,1825,391,2356,22103,109442,96733,69683,42888,24260,12984,7235,26861,4270,2685,6826,57279,29583,27696,573692,90443
Granada,Benalúa de las Villas,18028,2431,35,112,97,82,44,27,10,12,36,6,6,15,78,42,36,734,174,2356,22103,109442,96733,69683,42888,24260,12984,7235,26861,4270,2685,6826,57279,29583,27696,573692,90443
Granada,Benamaurel,18029,2117,121,263,252,168,90,45,17,12,67,7,7,17,206,103,103,1615,343,2356,22103,109442,96733,69683,42888,24260,12984,7235,26861,4270,2685,6826,57279,29583,27696,573692,90443
Granada,Campotéjar,18038,2365,38,110,104,77,53,36,24,11,37,10,0,10,79,44,35,845,256,2356,22103,109442,96733,69683,42888,24260,12984,7235,26861,4270,2685,6826,57279,29583,27696,573692,90443
Granada,Caniles *,18039,2369,119,480,422,306,193,99,42,21,106,18,12,29,244,149,95,2448,357,2356,22103,109442,96733,69683,42888,24260,12984,7235,26861,4270,2685,6826,57279,29583,27696,573692,90443
Granada,Castilléjar,18045,1751,144,178,132,90,51,23,9,9,68,6,2,12,166,99,67,1390,500,2356,22103,109442,96733,69683,42888,24260,12984,7235,26861,4270,2685,6826,57279,29583,27696,573692,90443
Granada,Castril,18046,1942,130,256,213,148,66,39,20,10,70,5,4,13,220,130,90,1614,420,2356,22103,109442,96733,69683,42888,24260,12984,7235,26861,4270,2685,6826,57279,29583,27696,573692,90443
Granada,Cenes de la Vega,18047,2743,91,770,821,689,411,260,136,69,189,31,17,50,289,139,150,4176,353,2356,22103,109442,96733,69683,42888,24260,12984,7235,26861,4270,2685,6826,57279,29583,27696,573692,90443
Granada,Chauchina,18059,3231,51,341,409,410,279,221,104,73,75,42,17,31,145,70,75,2763,565,2356,22103,109442,96733,69683,42888,24260,12984,7235,26861,4270,2685,6826,57279,29583,27696,573692,90443
Granada,Chimeneas,18061,2713,25,105,98,77,59,41,22,11,31,8,1,10,55,36,19,863,320,2356,22103,109442,96733,69683,42888,24260,12984,7235,26861,4270,2685,6826,57279,29583,27696,573692,90443
Granada,Churriana de la Vega,18062,2887,128,1402,1665,1354,896,494,269,150,222,76,58,97,461,232,229,7748,476,2356,22103,109442,96733,69683,42888,24260,12984,7235,26861,4270,2685,6826,57279,29583,27696,573692,90443
Granada,Cijuela,18048,3207,31,212,261,300,190,112,74,36,55,17,10,23,113,58,55,1951,517,2356,22103,109442,96733,69683,42888,24260,12984,7235,26861,4270,2685,6826,57279,29583,27696,573692,90443
Granada,Cogollos de la Vega,18050,2333,37,208,183,128,89,53,25,22,56,11,4,16,141,73,68,1375,402,2356,22103,109442,96733,69683,42888,24260,12984,7235,26861,4270,2685,6826,57279,29583,27696,573692,90443
Granada,Colomera,18051,2197,28,131,106,78,60,32,21,7,41,6,3,7,95,43,52,981,366,2356,22103,109442,96733,69683,42888,24260,12984,7235,26861,4270,2685,6826,57279,29583,27696,573692,90443
Granada,Cortes de Baza,18053,1892,113,295,237,133,72,27,10,11,74,5,5,6,197,115,82,1561,376,2356,22103,109442,96733,69683,42888,24260,12984,7235,26861,4270,2685,6826,57279,29583,27696,573692,90443
Granada,Cuevas del Campo,18912,1923,113,240,209,130,60,38,14,2,68,4,2,7,188,101,87,1344,269,2356,22103,109442,96733,69683,42888,24260,12984,7235,26861,4270,2685,6826,57279,29583,27696,573692,90443
Granada,Cádiar,18035,1663,78,203,124,61,43,28,14,7,77,8,9,14,161,97,64,1260,433,2356,22103,109442,96733,69683,42888,24260,12984,7235,26861,4270,2685,6826,57279,29583,27696,573692,90443
Granada,Cájar,18036,3448,29,327,393,421,314,215,126,75,49,47,24,39,125,63,62,2431,247,2356,22103,109442,96733,69683,42888,24260,12984,7235,26861,4270,2685,6826,57279,29583,27696,573692,90443
Granada,Cúllar,18056,2195,159,503,482,260,165,96,53,23,125,15,8,43,317,172,145,2773,524,2356,22103,109442,96733,69683,42888,24260,12984,7235,26861,4270,2685,6826,57279,29583,27696,573692,90443
Granada,Cúllar Vega *,18057,3369,48,474,543,559,448,328,160,86,94,49,22,62,163,78,85,3199,163,2356,22103,109442,96733,69683,42888,24260,12984,7235,26861,4270,2685,6826,57279,29583,27696,573692,90443
Granada,Darro,18063,2332,46,105,105,76,43,26,16,12,44,7,3,8,89,50,39,907,327,2356,22103,109442,96733,69683,42888,24260,12984,7235,26861,4270,2685,6826,57279,29583,27696,573692,90443
Granada,Deifontes,18066,2965,24,195,222,175,148,98,50,27,48,16,12,22,100,53,47,1278,141,2356,22103,109442,96733,69683,42888,24260,12984,7235,26861,4270,2685,6826,57279,29583,27696,573692,90443
Granada,Dílar,18068,2987,25,166,165,104,101,80,58,22,33,28,16,32,81,46,35,1166,255,2356,22103,109442,96733,69683,42888,24260,12984,7235,26861,4270,2685,6826,57279,29583,27696,573692,90443
Granada,Dúrcal,18071,2424,148,782,753,533,388,203,102,45,199,32,21,46,450,225,225,4403,701,2356,22103,109442,96733,69683,42888,24260,12984,7235,26861,4270,2685,6826,57279,29583,27696,573692,90443
Granada,Fuente Vaqueros,18079,2749,66,359,305,261,212,136,68,42,101,28,13,31,189,108,81,2394,583,2356,22103,109442,96733,69683,42888,24260,12984,7235,26861,4270,2685,6826,57279,29583,27696,573692,90443
Granada,Gabias (Las),18905,2958,192,1960,2241,1946,1324,774,414,223,354,130,83,133,663,343,320,11502,1065,2356,22103,109442,96733,69683,42888,24260,12984,7235,26861,4270,2685,6826,57279,29583,27696,573692,90443
Granada,Galera,18082,1596,158,186,121,81,42,28,7,2,57,9,2,8,200,114,86,2371,1470,2356,22103,109442,96733,69683,42888,24260,12984,7235,26861,4270,2685,6826,57279,29583,27696,573692,90443
Granada,Granada,18087,2183,3608,37442,31285,18547,9244,4472,2202,1252,7471,686,489,1369,11270,5137,6133,141257,11920,2356,22103,109442,96733,69683,42888,24260,12984,7235,26861,4270,2685,6826,57279,29583,27696,573692,90443
Granada,Guadahortuna,18088,2248,57,172,124,92,66,41,26,11,43,7,4,19,120,69,51,1186,404,2356,22103,109442,96733,69683,42888,24260,12984,7235,26861,4270,2685,6826,57279,29583,27696,573692,90443
Granada,Guadix,18089,2245,495,2093,1946,1325,686,313,182,99,508,52,45,94,1087,555,532,11023,2098,2356,22103,109442,96733,69683,42888,24260,12984,7235,26861,4270,2685,6826,57279,29583,27696,573692,90443
Granada,Gualchos,18093,1387,303,816,510,311,173,87,41,17,363,19,9,29,898,464,434,4070,494,2356,22103,109442,96733,69683,42888,24260,12984,7235,26861,4270,2685,6826,57279,29583,27696,573692,90443
Granada,"Guájares, Los",18906,1533,63,172,113,56,30,23,7,4,54,1,0,6,147,81,66,1197,521,2356,22103,109442,96733,69683,42888,24260,12984,7235,26861,4270,2685,6826,57279,29583,27696,573692,90443
Granada,Gójar,18084,3371,43,399,459,444,382,235,153,103,88,56,27,64,182,96,86,3017,382,2356,22103,109442,96733,69683,42888,24260,12984,7235,26861,4270,2685,6826,57279,29583,27696,573692,90443
Granada,Güevéjar,18095,3218,24,152,195,228,136,91,43,28,36,14,3,20,71,35,36,1205,164,2356,22103,109442,96733,69683,42888,24260,12984,7235,26861,4270,2685,6826,57279,29583,27696,573692,90443
Granada,Güéjar Sierra,18094,1995,124,354,296,163,121,67,32,16,100,13,8,18,287,155,132,2185,586,2356,22103,109442,96733,69683,42888,24260,12984,7235,26861,4270,2685,6826,57279,29583,27696,573692,90443
Granada,Huéneja,18097,1609,105,147,92,72,44,17,14,5,51,2,2,7,134,70,64,1032,340,2356,22103,109442,96733,69683,42888,24260,12984,7235,26861,4270,2685,6826,57279,29583,27696,573692,90443
Granada,Huéscar,18098,2032,349,961,808,455,271,153,84,50,246,42,23,50,672,361,311,5799,1635,2356,22103,109442,96733,69683,42888,24260,12984,7235,26861,4270,2685,6826,57279,29583,27696,573692,90443
Granada,Huétor Tájar,18100,3000,141,837,832,799,563,360,206,116,178,73,33,99,402,221,181,5261,622,2356,22103,109442,96733,69683,42888,24260,12984,7235,26861,4270,2685,6826,57279,29583,27696,573692,90443
Granada,Huétor Vega,18101,3355,69,711,978,958,724,482,268,154,146,81,61,82,253,130,123,5304,337,2356,22103,109442,96733,69683,42888,24260,12984,7235,26861,4270,2685,6826,57279,29583,27696,573692,90443
Granada,Huétor de Santillán,18099,2681,40,197,171,153,122,68,35,27,61,17,8,34,154,86,68,1258,171,2356,22103,109442,96733,69683,42888,24260,12984,7235,26861,4270,2685,6826,57279,29583,27696,573692,90443
Granada,Iznalloz,18105,3071,63,358,367,352,266,161,99,51,84,16,19,67,181,97,84,2830,746,2356,22103,109442,96733,69683,42888,24260,12984,7235,26861,4270,2685,6826,57279,29583,27696,573692,90443
Granada,Jayena,18107,2281,19,122,129,74,38,26,11,6,30,1,0,6,66,37,29,712,184,2356,22103,109442,96733,69683,42888,24260,12984,7235,26861,4270,2685,6826,57279,29583,27696,573692,90443
Granada,Jun,18111,3281,21,229,286,309,229,130,67,40,38,20,13,19,79,37,42,1624,144,2356,22103,109442,96733,69683,42888,24260,12984,7235,26861,4270,2685,6826,57279,29583,27696,573692,90443
Granada,Lanjarón,18116,1979,167,440,342,232,110,60,30,22,130,10,8,29,284,152,132,2765,901,2356,22103,109442,96733,69683,42888,24260,12984,7235,26861,4270,2685,6826,57279,29583,27696,573692,90443
Granada,Lecrín,18119,1972,48,297,206,149,83,48,17,19,90,4,2,15,173,91,82,1755,604,2356,22103,109442,96733,69683,42888,24260,12984,7235,26861,4270,2685,6826,57279,29583,27696,573692,90443
Granada,Loja,18122,2840,327,1782,1843,1621,1066,714,358,215,436,115,67,180,913,483,430,11951,2314,2356,22103,109442,96733,69683,42888,24260,12984,7235,26861,4270,2685,6826,57279,29583,27696,573692,90443
Granada,Láchar,18115,3139,24,248,298,286,210,110,80,46,60,27,11,23,120,68,52,1945,402,2356,22103,109442,96733,69683,42888,24260,12984,7235,26861,4270,2685,6826,57279,29583,27696,573692,90443
Granada,Malahá (La),18126,3053,21,139,155,161,106,64,32,13,23,9,3,12,67,40,27,1045,240,2356,22103,109442,96733,69683,42888,24260,12984,7235,26861,4270,2685,6826,57279,29583,27696,573692,90443
Granada,Maracena,18127,2967,150,1756,2138,1853,1195,697,349,188,305,110,54,93,484,213,271,9972,600,2356,22103,109442,96733,69683,42888,24260,12984,7235,26861,4270,2685,6826,57279,29583,27696,573692,90443
Granada,Moclín,18132,2486,95,383,369,295,187,121,80,41,110,14,16,27,278,159,119,2745,729,2356,22103,109442,96733,69683,42888,24260,12984,7235,26861,4270,2685,6826,57279,29583,27696,573692,90443
Granada,Molvízar,18133,1872,85,346,262,147,70,41,15,7,104,6,6,10,192,104,88,1748,457,2356,22103,109442,96733,69683,42888,24260,12984,7235,26861,4270,2685,6826,57279,29583,27696,573692,90443
Granada,Monachil,18134,2278,419,1375,1184,807,528,374,207,124,404,71,43,125,955,551,404,7905,1289,2356,22103,109442,96733,69683,42888,24260,12984,7235,26861,4270,2685,6826,57279,29583,27696,573692,90443
Granada,Montefrío,18135,2355,165,606,485,381,252,142,84,41,177,39,23,58,367,200,167,4072,1252,2356,22103,109442,96733,69683,42888,24260,12984,7235,26861,4270,2685,6826,57279,29583,27696,573692,90443
Granada,Montejícar,18136,2308,66,214,189,150,94,49,21,9,56,4,7,21,158,89,69,1458,420,2356,22103,109442,96733,69683,42888,24260,12984,7235,26861,4270,2685,6826,57279,29583,27696,573692,90443
Granada,Montillana,18137,2525,44,116,107,80,46,38,18,8,40,6,10,21,75,41,34,871,262,2356,22103,109442,96733,69683,42888,24260,12984,7235,26861,4270,2685,6826,57279,29583,27696,573692,90443
Granada,Moraleda de Zafayona,18138,2630,57,332,301,265,179,83,55,38,81,14,5,37,174,105,69,1830,209,2356,22103,109442,96733,69683,42888,24260,12984,7235,26861,4270,2685,6826,57279,29583,27696,573692,90443
Granada,Motril,18140,2108,1296,7361,6060,3936,2254,1179,509,297,1958,167,90,301,4079,2009,2070,32841,3354,2356,22103,109442,96733,69683,42888,24260,12984,7235,26861,4270,2685,6826,57279,29583,27696,573692,90443
Granada,Nevada,18903,1462,91,137,105,56,27,13,9,5,52,2,1,5,169,96,73,1229,557,2356,22103,109442,96733,69683,42888,24260,12984,7235,26861,4270,2685,6826,57279,29583,27696,573692,90443
Granada,Nigüelas,18143,2131,47,158,98,101,64,28,19,11,33,6,4,12,123,74,49,883,179,2356,22103,109442,96733,69683,42888,24260,12984,7235,26861,4270,2685,6826,57279,29583,27696,573692,90443
Granada,Nívar,18144,2866,13,98,107,95,52,41,22,8,23,6,1,12,38,15,23,603,87,2356,22103,109442,96733,69683,42888,24260,12984,7235,26861,4270,2685,6826,57279,29583,27696,573692,90443
Granada,Ogíjares,18145,3391,70,903,1182,1195,914,594,334,189,186,123,68,154,329,157,172,6632,391,2356,22103,109442,96733,69683,42888,24260,12984,7235,26861,4270,2685,6826,57279,29583,27696,573692,90443
Granada,Orce,18146,1734,125,161,116,97,49,20,14,3,64,8,2,14,163,94,69,1226,390,2356,22103,109442,96733,69683,42888,24260,12984,7235,26861,4270,2685,6826,57279,29583,27696,573692,90443
Granada,Otívar,18148,1754,50,140,100,69,22,7,1,1,38,1,2,10,93,53,40,752,218,2356,22103,109442,96733,69683,42888,24260,12984,7235,26861,4270,2685,6826,57279,29583,27696,573692,90443
Granada,Padul,18150,2541,169,1029,916,768,491,292,157,81,258,50,27,73,516,265,251,5517,690,2356,22103,109442,96733,69683,42888,24260,12984,7235,26861,4270,2685,6826,57279,29583,27696,573692,90443
Granada,Pedro Martínez,18152,1828,72,108,73,63,44,22,4,9,29,3,0,6,119,64,55,944,392,2356,22103,109442,96733,69683,42888,24260,12984,7235,26861,4270,2685,6826,57279,29583,27696,573692,90443
Granada,Peligros,18153,3312,73,728,866,940,678,434,245,130,156,66,41,91,251,128,123,5013,314,2356,22103,109442,96733,69683,42888,24260,12984,7235,26861,4270,2685,6826,57279,29583,27696,573692,90443
Granada,Peza (La),18154,2013,45,128,107,51,43,15,13,5,32,4,2,8,86,46,40,1038,499,2356,22103,109442,96733,69683,42888,24260,12984,7235,26861,4270,2685,6826,57279,29583,27696,573692,90443
Granada,Pinos Genil,18157,2966,22,116,134,111,97,47,26,23,25,14,6,21,81,39,42,911,188,2356,22103,109442,96733,69683,42888,24260,12984,7235,26861,4270,2685,6826,57279,29583,27696,573692,90443
Granada,Pinos Puente,18158,2828,159,803,706,613,453,310,193,96,212,69,42,106,406,209,197,5769,1601,2356,22103,109442,96733,69683,42888,24260,12984,7235,26861,4270,2685,6826,57279,29583,27696,573692,90443
Granada,Polopos,18162,1209,114,286,145,80,40,19,8,4,114,3,5,15,324,187,137,1519,362,2356,22103,109442,96733,69683,42888,24260,12984,7235,26861,4270,2685,6826,57279,29583,27696,573692,90443
Granada,Puebla de Don Fadrique,18164,1530,192,300,226,120,59,21,13,7,110,6,1,14,298,156,142,1916,549,2356,22103,109442,96733,69683,42888,24260,12984,7235,26861,4270,2685,6826,57279,29583,27696,573692,90443
Granada,Pulianas,18165,3332,32,338,407,422,336,197,101,68,62,27,22,46,115,52,63,2381,208,2356,22103,109442,96733,69683,42888,24260,12984,7235,26861,4270,2685,6826,57279,29583,27696,573692,90443
Granada,Purullena,18167,2426,53,213,193,149,117,56,27,17,53,8,7,17,140,80,60,1368,318,2356,22103,109442,96733,69683,42888,24260,12984,7235,26861,4270,2685,6826,57279,29583,27696,573692,90443
Granada,Píñar,18159,2393,31,100,92,77,51,25,13,11,33,5,5,18,86,50,36,822,275,2356,22103,109442,96733,69683,42888,24260,12984,7235,26861,4270,2685,6826,57279,29583,27696,573692,90443
Granada,Resto de Granada,18999,1791,2920,5588,4043,2603,1520,786,470,235,1748,152,93,345,5041,2844,2197,39875,14331,2356,22103,109442,96733,69683,42888,24260,12984,7235,26861,4270,2685,6826,57279,29583,27696,573692,90443
Granada,Salar,18171,2996,54,202,194,162,134,105,61,36,49,19,9,35,117,66,51,1692,515,2356,22103,109442,96733,69683,42888,24260,12984,7235,26861,4270,2685,6826,57279,29583,27696,573692,90443
Granada,Salobreña,18173,1476,936,2211,1366,876,509,234,119,60,818,35,33,110,2372,1313,1059,11610,1931,2356,22103,109442,96733,69683,42888,24260,12984,7235,26861,4270,2685,6826,57279,29583,27696,573692,90443
Granada,Santa Fe,18175,2995,148,1149,1297,1126,805,576,296,144,243,98,69,130,559,293,266,7685,1045,2356,22103,109442,96733,69683,42888,24260,12984,7235,26861,4270,2685,6826,57279,29583,27696,573692,90443
Granada,Torrenueva Costa,18916,760,746,785,337,194,69,27,21,11,482,8,8,19,1919,1147,772,5613,987,2356,22103,109442,96733,69683,42888,24260,12984,7235,26861,4270,2685,6826,57279,29583,27696,573692,90443
Granada,Ugíjar,18182,1784,123,343,255,128,79,31,20,14,100,7,8,18,239,130,109,1854,489,2356,22103,109442,96733,69683,42888,24260,12984,7235,26861,4270,2685,6826,57279,29583,27696,573692,90443
Granada,Valderrubio,18914,3208,19,121,132,133,79,67,41,26,22,11,10,20,62,38,24,1102,359,2356,22103,109442,96733,69683,42888,24260,12984,7235,26861,4270,2685,6826,57279,29583,27696,573692,90443
Granada,Valle del Zalabí,18907,2295,83,244,222,140,79,47,27,9,54,9,8,21,158,86,72,1550,449,2356,22103,109442,96733,69683,42888,24260,12984,7235,26861,4270,2685,6826,57279,29583,27696,573692,90443
Granada,Vegas del Genil,18911,3545,59,602,796,890,741,473,267,140,105,73,41,80,234,108,126,4962,461,2356,22103,109442,96733,69683,42888,24260,12984,7235,26861,4270,2685,6826,57279,29583,27696,573692,90443
Granada,Villa de Otura,18149,3603,35,439,535,554,468,332,199,131,113,79,67,116,207,96,111,3536,261,2356,22103,109442,96733,69683,42888,24260,12984,7235,26861,4270,2685,6826,57279,29583,27696,573692,90443
Granada,Villanueva Mesía,18188,2995,33,180,153,169,116,73,53,29,55,8,11,21,94,57,37,1092,97,2356,22103,109442,96733,69683,42888,24260,12984,7235,26861,4270,2685,6826,57279,29583,27696,573692,90443
Granada,Vélez de Benaudalla,18184,1908,162,467,357,232,140,75,35,27,151,8,6,19,372,191,181,2469,418,2356,22103,109442,96733,69683,42888,24260,12984,7235,26861,4270,2685,6826,57279,29583,27696,573692,90443
Granada,Víznar,18189,2655,8,87,86,69,52,25,17,14,15,7,1,12,55,28,27,582,134,2356,22103,109442,96733,69683,42888,24260,12984,7235,26861,4270,2685,6826,57279,29583,27696,573692,90443
Granada,Zafarraya *,18192,2267,68,268,208,112,100,54,35,18,76,15,11,25,138,67,71,1282,154,2356,22103,109442,96733,69683,42888,24260,12984,7235,26861,4270,2685,6826,57279,29583,27696,573692,90443
Granada,Zubia (La),18193,3110,140,1488,1748,1550,1123,704,421,209,303,152,92,197,546,242,304,9556,883,2356,22103,109442,96733,69683,42888,24260,12984,7235,26861,4270,2685,6826,57279,29583,27696,573692,90443
Granada,Zújar,18194,2385,89,305,272,198,124,74,34,25,58,9,7,33,177,105,72,1762,357,2356,22103,109442,96733,69683,42888,24260,12984,7235,26861,4270,2685,6826,57279,29583,27696,573692,90443
Granada,Íllora,18102,2740,206,950,893,804,525,340,202,127,235,82,46,104,583,320,263,6424,1327,2356,22103,109442,96733,69683,42888,24260,12984,7235,26861,4270,2685,6826,57279,29583,27696,573692,90443
Granada,Órgiva,18147,1969,178,808,609,322,193,101,65,41,212,28,12,39,450,248,202,3738,680,2356,22103,109442,96733,69683,42888,24260,12984,7235,26861,4270,2685,6826,57279,29583,27696,573692,90443
Guadalajara,Albalate de Zorita,19006,1486,169,395,207,131,69,41,37,23,147,19,10,45,436,250,186,2369,640,2107,9160,35064,28809,18003,9718,5264,3036,1837,8936,1250,819,2768,20646,10889,9757,187779,42469
Guadalajara,Almoguera,19021,1968,54,122,99,82,49,34,15,10,37,3,6,10,154,85,69,999,324,2107,9160,35064,28809,18003,9718,5264,3036,1837,8936,1250,819,2768,20646,10889,9757,187779,42469
Guadalajara,Alovera *,19024,2721,104,1083,1208,993,542,272,124,66,185,41,22,44,322,154,168,5211,205,2107,9160,35064,28809,18003,9718,5264,3036,1837,8936,1250,819,2768,20646,10889,9757,187779,42469
Guadalajara,Azuqueca de Henares *,19046,2295,311,3918,3513,2043,1018,515,303,170,655,95,64,129,890,386,504,14220,596,2107,9160,35064,28809,18003,9718,5264,3036,1837,8936,1250,819,2768,20646,10889,9757,187779,42469
Guadalajara,Brihuega,19053,1678,224,440,288,184,104,66,35,21,138,25,12,72,457,257,200,3486,1420,2107,9160,35064,28809,18003,9718,5264,3036,1837,8936,1250,819,2768,20646,10889,9757,187779,42469
Guadalajara,Cabanillas del Campo *,19058,2916,101,763,901,773,525,289,166,70,144,41,28,61,311,150,161,4420,247,2107,9160,35064,28809,18003,9718,5264,3036,1837,8936,1250,819,2768,20646,10889,9757,187779,42469
Guadalajara,Casar (El),19071,3053,134,1137,1245,1130,838,517,299,172,274,111,62,164,507,236,271,6972,382,2107,9160,35064,28809,18003,9718,5264,3036,1837,8936,1250,819,2768,20646,10889,9757,187779,42469
Guadalajara,Chiloeches,19105,3252,32,242,311,293,184,113,105,64,66,52,36,84,124,69,55,2082,376,2107,9160,35064,28809,18003,9718,5264,3036,1837,8936,1250,819,2768,20646,10889,9757,187779,42469
Guadalajara,Cifuentes,19086,1823,175,288,194,131,92,41,29,16,99,20,9,82,320,174,146,2412,916,2107,9160,35064,28809,18003,9718,5264,3036,1837,8936,1250,819,2768,20646,10889,9757,187779,42469
Guadalajara,Fontanar,19117,2727,32,218,258,237,101,55,31,19,46,9,12,25,92,44,48,1223,88,2107,9160,35064,28809,18003,9718,5264,3036,1837,8936,1250,819,2768,20646,10889,9757,187779,42469
Guadalajara,Galápagos,19126,3000,26,237,257,245,169,85,51,27,46,21,9,24,91,47,44,1378,90,2107,9160,35064,28809,18003,9718,5264,3036,1837,8936,1250,819,2768,20646,10889,9757,187779,42469
Guadalajara,Guadalajara *,19130,2112,1021,11838,9822,4910,2119,1034,565,387,2272,279,195,853,3410,1599,1811,41937,3232,2107,9160,35064,28809,18003,9718,5264,3036,1837,8936,1250,819,2768,20646,10889,9757,187779,42469
Guadalajara,Horche,19143,2087,89,340,293,198,89,54,27,20,112,9,6,29,199,102,97,1894,429,2107,9160,35064,28809,18003,9718,5264,3036,1837,8936,1250,819,2768,20646,10889,9757,187779,42469
Guadalajara,Humanes,19151,1823,88,292,186,133,70,35,18,13,97,8,6,11,177,97,80,1399,265,2107,9160,35064,28809,18003,9718,5264,3036,1837,8936,1250,819,2768,20646,10889,9757,187779,42469
Guadalajara,Jadraque,19156,1875,129,238,162,104,65,36,31,16,81,10,9,22,197,108,89,1390,290,2107,9160,35064,28809,18003,9718,5264,3036,1837,8936,1250,819,2768,20646,10889,9757,187779,42469
Guadalajara,Loranca de Tajuña *,19160,2128,31,92,58,47,30,16,15,3,23,5,4,7,52,27,25,1372,989,2107,9160,35064,28809,18003,9718,5264,3036,1837,8936,1250,819,2768,20646,10889,9757,187779,42469
Guadalajara,Marchamalo,19171,2320,128,800,806,460,217,101,56,37,146,37,18,64,273,141,132,3528,385,2107,9160,35064,28809,18003,9718,5264,3036,1837,8936,1250,819,2768,20646,10889,9757,187779,42469
Guadalajara,Molina de Aragón,19190,1918,154,514,393,209,120,67,37,30,166,21,12,74,373,188,185,2981,811,2107,9160,35064,28809,18003,9718,5264,3036,1837,8936,1250,819,2768,20646,10889,9757,187779,42469
Guadalajara,Mondéjar,19192,2190,81,304,278,190,97,56,32,14,86,12,3,14,207,96,111,1748,374,2107,9160,35064,28809,18003,9718,5264,3036,1837,8936,1250,819,2768,20646,10889,9757,187779,42469
Guadalajara,Pioz,19220,2357,75,603,606,382,222,121,62,36,149,21,11,37,269,131,138,2849,255,2107,9160,35064,28809,18003,9718,5264,3036,1837,8936,1250,819,2768,20646,10889,9757,187779,42469
Guadalajara,Pozo de Guadalajara,19225,2790,16,107,173,140,81,49,13,8,29,8,1,9,61,33,28,852,157,2107,9160,35064,28809,18003,9718,5264,3036,1837,8936,1250,819,2768,20646,10889,9757,187779,42469
Guadalajara,Resto de Guadalajara,19999,1236,4757,6627,3544,2078,1155,683,419,263,2745,192,140,501,8732,4953,3779,56686,24850,2107,9160,35064,28809,18003,9718,5264,3036,1837,8936,1250,819,2768,20646,10889,9757,187779,42469
Guadalajara,Sacedón,19245,2286,106,183,164,106,79,46,41,31,68,18,17,68,215,122,93,1936,794,2107,9160,35064,28809,18003,9718,5264,3036,1837,8936,1250,819,2768,20646,10889,9757,187779,42469
Guadalajara,Sigüenza,19257,1313,509,935,538,258,130,55,37,22,318,15,19,55,1014,586,428,5647,1742,2107,9160,35064,28809,18003,9718,5264,3036,1837,8936,1250,819,2768,20646,10889,9757,187779,42469
Guadalajara,Torija,19274,2352,35,135,138,120,52,36,12,11,47,4,1,13,110,55,55,927,213,2107,9160,35064,28809,18003,9718,5264,3036,1837,8936,1250,819,2768,20646,10889,9757,187779,42469
Guadalajara,Torrejón del Rey,19280,2884,62,592,622,505,403,236,147,73,127,37,34,56,284,131,153,3337,159,2107,9160,35064,28809,18003,9718,5264,3036,1837,8936,1250,819,2768,20646,10889,9757,187779,42469
Guadalajara,Trijueque,19290,1628,107,249,137,103,63,24,25,12,76,14,7,32,242,116,126,1547,456,2107,9160,35064,28809,18003,9718,5264,3036,1837,8936,1250,819,2768,20646,10889,9757,187779,42469
Guadalajara,Trillo,19291,1566,116,189,110,71,55,31,15,11,63,8,8,41,230,127,103,1410,462,2107,9160,35064,28809,18003,9718,5264,3036,1837,8936,1250,819,2768,20646,10889,9757,187779,42469
Guadalajara,Tórtola de Henares,19286,2236,31,157,165,98,39,20,9,4,41,4,2,7,68,28,40,772,127,2107,9160,35064,28809,18003,9718,5264,3036,1837,8936,1250,819,2768,20646,10889,9757,187779,42469
Guadalajara,Uceda,19293,2435,95,589,515,395,210,150,81,55,145,29,15,35,297,146,151,2817,206,2107,9160,35064,28809,18003,9718,5264,3036,1837,8936,1250,819,2768,20646,10889,9757,187779,42469
Guadalajara,Valdeaveruelo,19300,2989,21,129,124,100,74,65,27,20,27,13,8,20,49,21,28,742,65,2107,9160,35064,28809,18003,9718,5264,3036,1837,8936,1250,819,2768,20646,10889,9757,187779,42469
Guadalajara,Villanueva de la Torre *,19319,3234,26,355,531,538,355,193,101,56,71,40,13,26,104,48,56,2467,58,2107,9160,35064,28809,18003,9718,5264,3036,1837,8936,1250,819,2768,20646,10889,9757,187779,42469
Guadalajara,Yebes,19326,2205,41,534,523,291,125,48,27,17,99,7,6,17,179,84,95,2589,675,2107,9160,35064,28809,18003,9718,5264,3036,1837,8936,1250,819,2768,20646,10889,9757,187779,42469
Guadalajara,Yunquera de Henares *,19331,2503,80,419,440,325,177,80,44,40,111,22,14,37,200,98,102,2180,191,2107,9160,35064,28809,18003,9718,5264,3036,1837,8936,1250,819,2768,20646,10889,9757,187779,42469
Huelva,Aljaraque,21002,3051,102,1385,1878,1726,1050,588,292,179,231,88,69,140,440,214,226,8574,406,2024,13789,66740,57099,37527,18968,8846,4139,2162,19292,1273,769,2581,44614,22279,22335,320045,42246
Huelva,Almonaster la Real,21004,1452,116,332,223,111,51,22,15,9,104,7,2,13,324,176,148,1768,439,2024,13789,66740,57099,37527,18968,8846,4139,2162,19292,1273,769,2581,44614,22279,22335,320045,42246
Huelva,Almonte,21005,1470,1456,3948,2605,2082,1325,688,354,189,1783,101,50,228,5281,2728,2553,22043,1953,2024,13789,66740,57099,37527,18968,8846,4139,2162,19292,1273,769,2581,44614,22279,22335,320045,42246
Huelva,Alosno,21006,1950,146,506,460,277,119,49,16,12,160,8,4,14,346,162,184,2596,479,2024,13789,66740,57099,37527,18968,8846,4139,2162,19292,1273,769,2581,44614,22279,22335,320045,42246
Huelva,Aracena,21007,2210,219,1092,921,632,343,183,92,55,277,48,26,81,594,293,301,5080,517,2024,13789,66740,57099,37527,18968,8846,4139,2162,19292,1273,769,2581,44614,22279,22335,320045,42246
Huelva,Aroche,21008,1772,100,482,324,182,77,26,10,6,119,4,3,13,273,138,135,2208,589,2024,13789,66740,57099,37527,18968,8846,4139,2162,19292,1273,769,2581,44614,22279,22335,320045,42246
Huelva,Ayamonte,21010,1456,937,3452,2305,1371,661,303,130,74,1473,53,30,124,3323,1549,1774,17738,3502,2024,13789,66740,57099,37527,18968,8846,4139,2162,19292,1273,769,2581,44614,22279,22335,320045,42246
Huelva,Beas,21011,2274,129,563,463,361,228,116,44,27,149,14,10,31,315,163,152,3283,833,2024,13789,66740,57099,37527,18968,8846,4139,2162,19292,1273,769,2581,44614,22279,22335,320045,42246
Huelva,Bollullos Par del Condado *,21013,2746,216,1107,1250,1146,685,324,161,72,253,42,14,46,498,277,221,6399,585,2024,13789,66740,57099,37527,18968,8846,4139,2162,19292,1273,769,2581,44614,22279,22335,320045,42246
Huelva,Bonares *,21014,2502,93,533,531,401,225,109,56,13,103,12,6,28,219,117,102,2641,312,2024,13789,66740,57099,37527,18968,8846,4139,2162,19292,1273,769,2581,44614,22279,22335,320045,42246
Huelva,Cala,21016,1776,51,171,140,79,26,7,2,4,43,1,3,8,112,60,52,935,288,2024,13789,66740,57099,37527,18968,8846,4139,2162,19292,1273,769,2581,44614,22279,22335,320045,42246
Huelva,Calañas,21017,2088,96,343,304,206,110,30,26,16,97,7,6,14,240,124,116,1991,496,2024,13789,66740,57099,37527,18968,8846,4139,2162,19292,1273,769,2581,44614,22279,22335,320045,42246
Huelva,Campillo (El),21018,2096,60,267,234,141,84,38,13,5,49,5,0,4,157,84,73,1316,259,2024,13789,66740,57099,37527,18968,8846,4139,2162,19292,1273,769,2581,44614,22279,22335,320045,42246
Huelva,Cartaya,21021,1721,635,3176,2274,1379,722,369,154,96,1087,51,32,125,2418,1177,1241,13641,1123,2024,13789,66740,57099,37527,18968,8846,4139,2162,19292,1273,769,2581,44614,22279,22335,320045,42246
Huelva,Cerro de Andévalo (El),21023,1730,90,406,266,142,71,24,11,5,93,4,3,18,266,120,146,1784,385,2024,13789,66740,57099,37527,18968,8846,4139,2162,19292,1273,769,2581,44614,22279,22335,320045,42246
Huelva,Chucena *,21030,3237,22,133,138,149,126,82,43,29,37,10,10,19,76,39,37,990,116,2024,13789,66740,57099,37527,18968,8846,4139,2162,19292,1273,769,2581,44614,22279,22335,320045,42246
Huelva,Cortegana,21025,1779,170,707,477,271,126,74,34,17,206,14,5,29,437,220,217,3199,632,2024,13789,66740,57099,37527,18968,8846,4139,2162,19292,1273,769,2581,44614,22279,22335,320045,42246
Huelva,Cumbres Mayores,21029,1941,64,242,173,134,71,27,14,11,65,5,6,8,169,92,77,1338,349,2024,13789,66740,57099,37527,18968,8846,4139,2162,19292,1273,769,2581,44614,22279,22335,320045,42246
Huelva,Encinasola,21031,1308,111,244,133,47,25,13,3,1,71,2,1,8,217,105,112,1354,478,2024,13789,66740,57099,37527,18968,8846,4139,2162,19292,1273,769,2581,44614,22279,22335,320045,42246
Huelva,Escacena del Campo,21032,3094,21,132,186,182,133,72,38,27,43,10,4,13,74,42,32,1089,154,2024,13789,66740,57099,37527,18968,8846,4139,2162,19292,1273,769,2581,44614,22279,22335,320045,42246
Huelva,Galaroza,21034,1787,78,216,143,109,64,39,15,6,84,3,4,9,174,94,80,1198,254,2024,13789,66740,57099,37527,18968,8846,4139,2162,19292,1273,769,2581,44614,22279,22335,320045,42246
Huelva,Gibraleón,21035,2495,176,1212,1342,1023,463,209,105,52,271,34,16,78,544,277,267,6673,1148,2024,13789,66740,57099,37527,18968,8846,4139,2162,19292,1273,769,2581,44614,22279,22335,320045,42246
Huelva,Higuera de la Sierra,21038,1548,67,234,157,106,33,20,12,9,83,2,0,3,210,101,109,1137,201,2024,13789,66740,57099,37527,18968,8846,4139,2162,19292,1273,769,2581,44614,22279,22335,320045,42246
Huelva,Hinojos,21040,2630,75,415,402,338,220,111,61,30,93,13,9,24,201,103,98,2254,262,2024,13789,66740,57099,37527,18968,8846,4139,2162,19292,1273,769,2581,44614,22279,22335,320045,42246
Huelva,Huelva,21041,2229,1373,18945,18631,10247,4100,1505,566,287,3025,180,109,332,4453,2010,2443,68714,4961,2024,13789,66740,57099,37527,18968,8846,4139,2162,19292,1273,769,2581,44614,22279,22335,320045,42246
Huelva,Isla Cristina,21042,1255,1445,3695,2393,1502,673,292,140,73,1676,50,28,106,4808,2445,2363,18623,1742,2024,13789,66740,57099,37527,18968,8846,4139,2162,19292,1273,769,2581,44614,22279,22335,320045,42246
Huelva,Jabugo,21043,2136,53,247,209,132,106,51,21,17,91,8,3,12,150,78,72,1404,304,2024,13789,66740,57099,37527,18968,8846,4139,2162,19292,1273,769,2581,44614,22279,22335,320045,42246
Huelva,Lepe,21044,1273,1594,3805,2564,1758,889,426,208,122,1816,76,31,133,5412,2858,2554,21967,3133,2024,13789,66740,57099,37527,18968,8846,4139,2162,19292,1273,769,2581,44614,22279,22335,320045,42246
Huelva,Lucena del Puerto,21046,2760,19,214,242,184,132,66,22,22,36,10,7,32,87,43,44,1231,158,2024,13789,66740,57099,37527,18968,8846,4139,2162,19292,1273,769,2581,44614,22279,22335,320045,42246
Huelva,Manzanilla,21047,2594,39,212,226,195,113,56,23,7,49,6,3,13,119,61,58,1312,251,2024,13789,66740,57099,37527,18968,8846,4139,2162,19292,1273,769,2581,44614,22279,22335,320045,42246
Huelva,Minas de Riotinto,21049,2366,78,378,366,257,154,80,29,15,92,10,10,20,207,96,111,2373,677,2024,13789,66740,57099,37527,18968,8846,4139,2162,19292,1273,769,2581,44614,22279,22335,320045,42246
Huelva,Moguer,21050,2037,349,2450,1852,1335,711,369,199,95,778,55,44,125,1412,646,766,11054,1280,2024,13789,66740,57099,37527,18968,8846,4139,2162,19292,1273,769,2581,44614,22279,22335,320045,42246
Huelva,Nerva,21052,2202,109,570,500,357,204,90,59,21,156,8,12,21,314,154,160,3127,706,2024,13789,66740,57099,37527,18968,8846,4139,2162,19292,1273,769,2581,44614,22279,22335,320045,42246
Huelva,Niebla,21053,2592,61,383,420,350,193,75,38,24,66,11,10,26,173,81,92,2285,455,2024,13789,66740,57099,37527,18968,8846,4139,2162,19292,1273,769,2581,44614,22279,22335,320045,42246
Huelva,Palma del Condado (La),21054,2877,102,740,942,839,484,271,124,67,145,27,15,40,308,159,149,4612,508,2024,13789,66740,57099,37527,18968,8846,4139,2162,19292,1273,769,2581,44614,22279,22335,320045,42246
Huelva,Palos de la Frontera,21055,2761,96,834,841,693,446,261,144,70,177,52,20,95,374,176,198,5060,957,2024,13789,66740,57099,37527,18968,8846,4139,2162,19292,1273,769,2581,44614,22279,22335,320045,42246
Huelva,Paterna del Campo,21056,2706,47,272,302,277,168,99,32,19,55,5,6,15,185,98,87,1840,358,2024,13789,66740,57099,37527,18968,8846,4139,2162,19292,1273,769,2581,44614,22279,22335,320045,42246
Huelva,Paymogo,21057,1836,36,150,109,75,34,12,12,4,43,3,1,3,98,54,44,797,217,2024,13789,66740,57099,37527,18968,8846,4139,2162,19292,1273,769,2581,44614,22279,22335,320045,42246
Huelva,Puebla de Guzmán *,21058,2051,97,385,329,222,124,59,26,6,106,3,6,18,269,145,124,1890,240,2024,13789,66740,57099,37527,18968,8846,4139,2162,19292,1273,769,2581,44614,22279,22335,320045,42246
Huelva,Punta Umbría,21060,1146,1196,3498,1996,1165,478,240,127,62,1714,43,21,109,4532,2313,2219,17421,2240,2024,13789,66740,57099,37527,18968,8846,4139,2162,19292,1273,769,2581,44614,22279,22335,320045,42246
Huelva,Resto de Huelva,21999,1619,665,2135,1422,727,352,157,85,41,659,23,22,100,1570,854,716,11461,3503,2024,13789,66740,57099,37527,18968,8846,4139,2162,19292,1273,769,2581,44614,22279,22335,320045,42246
Huelva,Rociana del Condado *,21061,2624,115,625,586,490,352,167,80,39,145,25,10,31,269,124,145,3251,317,2024,13789,66740,57099,37527,18968,8846,4139,2162,19292,1273,769,2581,44614,22279,22335,320045,42246
Huelva,Rosal de la Frontera,21062,1941,74,248,190,114,52,37,23,4,66,5,5,12,154,74,80,1154,170,2024,13789,66740,57099,37527,18968,8846,4139,2162,19292,1273,769,2581,44614,22279,22335,320045,42246
Huelva,San Bartolomé de la Torre,21063,2270,72,398,436,289,158,53,19,13,121,8,8,18,216,103,113,2035,226,2024,13789,66740,57099,37527,18968,8846,4139,2162,19292,1273,769,2581,44614,22279,22335,320045,42246
Huelva,San Juan del Puerto,21064,2677,89,742,901,704,403,193,82,24,163,20,14,43,244,118,126,3939,317,2024,13789,66740,57099,37527,18968,8846,4139,2162,19292,1273,769,2581,44614,22279,22335,320045,42246
Huelva,Santa Bárbara de Casa,21068,1674,51,179,125,69,27,5,9,7,69,3,2,11,112,54,58,902,233,2024,13789,66740,57099,37527,18968,8846,4139,2162,19292,1273,769,2581,44614,22279,22335,320045,42246
Huelva,Santa Olalla del Cala,21069,2174,56,239,206,169,80,45,23,8,76,2,0,14,167,80,87,1530,445,2024,13789,66740,57099,37527,18968,8846,4139,2162,19292,1273,769,2581,44614,22279,22335,320045,42246
Huelva,Trigueros,21070,2590,116,753,883,726,355,142,60,31,159,22,16,35,372,184,188,4069,399,2024,13789,66740,57099,37527,18968,8846,4139,2162,19292,1273,769,2581,44614,22279,22335,320045,42246
Huelva,Valverde del Camino *,21072,2254,196,1588,1512,954,463,225,104,46,329,23,24,57,632,300,332,6722,569,2024,13789,66740,57099,37527,18968,8846,4139,2162,19292,1273,769,2581,44614,22279,22335,320045,42246
Huelva,Villablanca,21073,2069,52,348,287,154,86,42,29,20,83,8,9,15,161,86,75,1807,513,2024,13789,66740,57099,37527,18968,8846,4139,2162,19292,1273,769,2581,44614,22279,22335,320045,42246
Huelva,Villalba del Alcor,21074,2878,60,234,268,221,180,111,64,36,55,12,6,15,144,63,81,1653,247,2024,13789,66740,57099,37527,18968,8846,4139,2162,19292,1273,769,2581,44614,22279,22335,320045,42246
Huelva,Villanueva de los Castillejos,21076,2118,81,386,354,234,104,42,22,7,101,6,3,12,215,95,120,2021,454,2024,13789,66740,57099,37527,18968,8846,4139,2162,19292,1273,769,2581,44614,22279,22335,320045,42246
Huelva,Villarrasa,21077,2788,29,169,195,171,113,78,30,14,40,20,4,10,89,45,44,1093,131,2024,13789,66740,57099,37527,18968,8846,4139,2162,19292,1273,769,2581,44614,22279,22335,320045,42246
Huelva,Zalamea la Real,21078,1980,127,437,357,239,142,57,33,16,161,7,6,28,294,141,153,2351,447,2024,13789,66740,57099,37527,18968,8846,4139,2162,19292,1273,769,2581,44614,22279,22335,320045,42246
Huelva,"Zarza-Perrunal, La",21902,1624,82,183,126,83,54,17,5,1,66,4,1,2,166,86,80,1118,328,2024,13789,66740,57099,37527,18968,8846,4139,2162,19292,1273,769,2581,44614,22279,22335,320045,42246
Huesca,Albalate de Cinca *,22007,2777,13,85,91,67,60,25,14,7,23,5,8,14,52,24,28,570,106,1746,11872,36116,25806,13860,6887,3501,1977,1311,10589,897,606,2017,27175,14751,12424,171843,29229
Huesca,Alcolea de Cinca,22017,2514,26,106,104,75,47,28,22,7,40,8,8,19,69,38,31,745,186,1746,11872,36116,25806,13860,6887,3501,1977,1311,10589,897,606,2017,27175,14751,12424,171843,29229
Huesca,Almudévar,22021,2333,64,270,252,194,86,56,24,16,68,11,7,20,158,91,67,1809,583,1746,11872,36116,25806,13860,6887,3501,1977,1311,10589,897,606,2017,27175,14751,12424,171843,29229
Huesca,Altorricón,22025,2431,34,130,128,98,60,35,19,8,32,7,6,12,77,41,36,897,251,1746,11872,36116,25806,13860,6887,3501,1977,1311,10589,897,606,2017,27175,14751,12424,171843,29229
Huesca,Ayerbe,22039,1655,83,157,111,77,36,23,10,8,49,2,4,14,160,95,65,1009,275,1746,11872,36116,25806,13860,6887,3501,1977,1311,10589,897,606,2017,27175,14751,12424,171843,29229
Huesca,Aínsa-Sobrarbe,22907,1690,147,396,264,147,66,33,24,17,121,19,10,33,308,159,149,1824,239,1746,11872,36116,25806,13860,6887,3501,1977,1311,10589,897,606,2017,27175,14751,12424,171843,29229
Huesca,Barbastro,22048,2090,281,2619,2191,1132,457,235,110,86,502,61,39,116,833,392,441,9507,845,1746,11872,36116,25806,13860,6887,3501,1977,1311,10589,897,606,2017,27175,14751,12424,171843,29229
Huesca,Belver de Cinca *,22052,3051,21,95,87,92,57,39,11,16,27,10,9,19,31,16,15,671,157,1746,11872,36116,25806,13860,6887,3501,1977,1311,10589,897,606,2017,27175,14751,12424,171843,29229
Huesca,Benabarre,22053,1749,95,158,91,67,50,20,14,10,55,4,2,11,128,77,51,959,254,1746,11872,36116,25806,13860,6887,3501,1977,1311,10589,897,606,2017,27175,14751,12424,171843,29229
Huesca,Benasque,22054,835,494,610,237,114,63,24,12,14,354,12,11,24,1209,669,540,3508,330,1746,11872,36116,25806,13860,6887,3501,1977,1311,10589,897,606,2017,27175,14751,12424,171843,29229
Huesca,Biescas,22059,794,551,507,211,100,51,25,14,7,259,13,9,15,1105,668,437,3325,458,1746,11872,36116,25806,13860,6887,3501,1977,1311,10589,897,606,2017,27175,14751,12424,171843,29229
Huesca,Binaced,22060,2774,29,118,108,92,71,44,18,13,26,13,8,7,62,34,28,802,193,1746,11872,36116,25806,13860,6887,3501,1977,1311,10589,897,606,2017,27175,14751,12424,171843,29229
Huesca,Binéfar,22061,2377,130,1116,992,598,337,198,132,72,221,63,43,118,375,188,187,4977,582,1746,11872,36116,25806,13860,6887,3501,1977,1311,10589,897,606,2017,27175,14751,12424,171843,29229
Huesca,Boltaña,22066,1318,120,209,103,59,32,18,6,5,59,5,1,19,247,144,103,1141,258,1746,11872,36116,25806,13860,6887,3501,1977,1311,10589,897,606,2017,27175,14751,12424,171843,29229
Huesca,Fraga,22112,2645,171,1564,1441,1088,631,347,249,156,295,110,60,167,485,229,256,7810,1046,1746,11872,36116,25806,13860,6887,3501,1977,1311,10589,897,606,2017,27175,14751,12424,171843,29229
Huesca,Graus,22117,1890,210,537,393,203,123,64,40,34,147,22,14,53,373,208,165,3176,963,1746,11872,36116,25806,13860,6887,3501,1977,1311,10589,897,606,2017,27175,14751,12424,171843,29229
Huesca,Grañén,22116,2298,47,187,156,110,62,26,18,12,44,6,4,27,105,56,49,1089,285,1746,11872,36116,25806,13860,6887,3501,1977,1311,10589,897,606,2017,27175,14751,12424,171843,29229
Huesca,Gurrea de Gállego,22119,2410,39,165,149,126,71,41,20,9,54,6,2,12,89,38,51,1176,393,1746,11872,36116,25806,13860,6887,3501,1977,1311,10589,897,606,2017,27175,14751,12424,171843,29229
Huesca,Huesca,22125,1833,747,10215,7007,2719,951,368,192,120,2002,85,46,159,2782,1185,1597,29309,1916,1746,11872,36116,25806,13860,6887,3501,1977,1311,10589,897,606,2017,27175,14751,12424,171843,29229
Huesca,Jaca,22130,1085,2064,3261,1895,720,267,125,90,71,1280,44,37,120,4599,2603,1996,16569,1996,1746,11872,36116,25806,13860,6887,3501,1977,1311,10589,897,606,2017,27175,14751,12424,171843,29229
Huesca,Lanaja,22137,2054,54,163,140,88,60,21,12,6,39,6,2,9,130,77,53,1082,352,1746,11872,36116,25806,13860,6887,3501,1977,1311,10589,897,606,2017,27175,14751,12424,171843,29229
Huesca,Monzón,22158,2115,299,2342,2006,1099,483,230,102,68,493,46,42,106,807,401,406,9001,878,1746,11872,36116,25806,13860,6887,3501,1977,1311,10589,897,606,2017,27175,14751,12424,171843,29229
Huesca,Resto de Huesca,22999,1515,4881,7687,5180,3526,2085,1094,635,401,3165,219,169,639,9680,5531,4149,52821,13460,1746,11872,36116,25806,13860,6887,3501,1977,1311,10589,897,606,2017,27175,14751,12424,171843,29229
Huesca,Sabiñánigo,22199,1465,572,1814,1151,433,199,97,41,32,575,38,26,99,1439,735,704,7801,1285,1746,11872,36116,25806,13860,6887,3501,1977,1311,10589,897,606,2017,27175,14751,12424,171843,29229
Huesca,Sallent de Gállego,22204,816,498,559,286,129,68,47,24,16,377,13,3,49,1337,762,575,3953,547,1746,11872,36116,25806,13860,6887,3501,1977,1311,10589,897,606,2017,27175,14751,12424,171843,29229
Huesca,Sariñena,22213,2363,86,465,452,313,168,83,38,27,137,16,12,47,229,112,117,2468,395,1746,11872,36116,25806,13860,6887,3501,1977,1311,10589,897,606,2017,27175,14751,12424,171843,29229
Huesca,Tamarite de Litera,22225,2349,85,379,358,229,126,66,43,33,88,22,12,37,194,109,85,2485,813,1746,11872,36116,25806,13860,6887,3501,1977,1311,10589,897,606,2017,27175,14751,12424,171843,29229
Huesca,Torrente de Cinca *,22234,2684,10,77,86,50,50,31,17,17,21,9,4,15,56,33,23,500,57,1746,11872,36116,25806,13860,6887,3501,1977,1311,10589,897,606,2017,27175,14751,12424,171843,29229
Huesca,Zaidín *,22254,3017,21,125,136,115,70,58,26,23,36,22,8,37,56,36,20,859,126,1746,11872,36116,25806,13860,6887,3501,1977,1311,10589,897,606,2017,27175,14751,12424,171843,29229
Jaén,Alcalá la Real,23002,2438,524,2600,2545,1844,1085,562,315,172,631,106,83,195,1329,673,656,13683,1692,2839,12282,55619,57780,49840,35816,22304,13181,7348,13836,4101,2469,5557,31194,16504,14690,373720,62393
Jaén,Alcaudete,23003,2801,212,1004,994,846,618,424,232,126,301,66,38,122,586,328,258,6785,1216,2839,12282,55619,57780,49840,35816,22304,13181,7348,13836,4101,2469,5557,31194,16504,14690,373720,62393
Jaén,Andújar,23005,3221,387,2696,3079,3065,2396,1561,976,496,681,246,144,316,1407,728,679,20048,2598,2839,12282,55619,57780,49840,35816,22304,13181,7348,13836,4101,2469,5557,31194,16504,14690,373720,62393
Jaén,Arjona *,23006,3482,98,320,353,364,344,275,191,108,117,56,30,54,290,157,133,3036,436,2839,12282,55619,57780,49840,35816,22304,13181,7348,13836,4101,2469,5557,31194,16504,14690,373720,62393
Jaén,Arjonilla *,23007,3289,76,228,215,217,249,173,106,60,99,35,16,31,230,117,113,2072,337,2839,12282,55619,57780,49840,35816,22304,13181,7348,13836,4101,2469,5557,31194,16504,14690,373720,62393
Jaén,Arquillos,23008,3086,38,134,133,137,109,70,51,25,38,14,8,23,117,59,58,1125,228,2839,12282,55619,57780,49840,35816,22304,13181,7348,13836,4101,2469,5557,31194,16504,14690,373720,62393
Jaén,Arroyo del Ojanco,23905,2735,65,203,183,151,113,68,46,19,52,22,22,48,135,80,55,1524,397,2839,12282,55619,57780,49840,35816,22304,13181,7348,13836,4101,2469,5557,31194,16504,14690,373720,62393
Jaén,Baeza,23009,3021,283,1301,1481,1290,968,677,406,252,401,153,80,233,817,423,394,9593,1251,2839,12282,55619,57780,49840,35816,22304,13181,7348,13836,4101,2469,5557,31194,16504,14690,373720,62393
Jaén,Bailén,23010,3728,119,904,1109,1231,1158,886,568,301,235,152,114,147,495,249,246,8330,911,2839,12282,55619,57780,49840,35816,22304,13181,7348,13836,4101,2469,5557,31194,16504,14690,373720,62393
Jaén,Baños de la Encina,23011,2718,74,283,230,217,148,94,71,44,77,17,13,44,187,119,68,1875,376,2839,12282,55619,57780,49840,35816,22304,13181,7348,13836,4101,2469,5557,31194,16504,14690,373720,62393
Jaén,Beas de Segura,23012,2098,317,663,599,359,212,119,63,35,187,33,18,57,492,265,227,3924,770,2839,12282,55619,57780,49840,35816,22304,13181,7348,13836,4101,2469,5557,31194,16504,14690,373720,62393
Jaén,Bedmar y Garcíez,23902,2565,86,270,235,237,142,83,59,36,80,13,5,16,198,103,95,2036,576,2839,12282,55619,57780,49840,35816,22304,13181,7348,13836,4101,2469,5557,31194,16504,14690,373720,62393
Jaén,Begíjar,23014,3005,65,252,226,228,170,142,79,37,58,23,10,27,180,103,77,1923,426,2839,12282,55619,57780,49840,35816,22304,13181,7348,13836,4101,2469,5557,31194,16504,14690,373720,62393
Jaén,Bélmez de la Moraleda,23015,2082,71,190,141,111,66,39,22,11,60,6,3,11,132,80,52,1131,268,2839,12282,55619,57780,49840,35816,22304,13181,7348,13836,4101,2469,5557,31194,16504,14690,373720,62393
Jaén,Cabra del Santo Cristo,23017,2072,102,199,172,92,71,54,14,11,63,8,5,12,155,90,65,1435,477,2839,12282,55619,57780,49840,35816,22304,13181,7348,13836,4101,2469,5557,31194,16504,14690,373720,62393
Jaén,Cambil,23018,2148,121,324,302,188,109,68,26,20,92,19,11,19,251,139,112,2192,642,2839,12282,55619,57780,49840,35816,22304,13181,7348,13836,4101,2469,5557,31194,16504,14690,373720,62393
Jaén,Campillo de Arenas,23019,2423,73,166,147,124,89,63,24,12,51,9,6,18,139,84,55,1141,220,2839,12282,55619,57780,49840,35816,22304,13181,7348,13836,4101,2469,5557,31194,16504,14690,373720,62393
Jaén,Canena *,23020,3252,30,123,140,166,112,84,38,25,25,16,6,15,87,53,34,1040,173,2839,12282,55619,57780,49840,35816,22304,13181,7348,13836,4101,2469,5557,31194,16504,14690,373720,62393
Jaén,Carolina (La),23024,3028,187,1091,1328,1228,921,537,324,169,298,82,57,104,634,325,309,8073,1113,2839,12282,55619,57780,49840,35816,22304,13181,7348,13836,4101,2469,5557,31194,16504,14690,373720,62393
Jaén,Castellar,23025,2869,80,272,249,246,203,124,78,36,75,26,21,37,241,142,99,2146,458,2839,12282,55619,57780,49840,35816,22304,13181,7348,13836,4101,2469,5557,31194,16504,14690,373720,62393
Jaén,Castillo de Locubín,23026,2163,178,562,457,334,202,108,61,32,196,16,19,38,367,203,164,3385,815,2839,12282,55619,57780,49840,35816,22304,13181,7348,13836,4101,2469,5557,31194,16504,14690,373720,62393
Jaén,Cazorla,23028,2212,346,980,915,623,316,181,115,58,249,30,24,62,705,400,305,5746,1142,2839,12282,55619,57780,49840,35816,22304,13181,7348,13836,4101,2469,5557,31194,16504,14690,373720,62393
Jaén,Chilluévar,23030,2454,30,139,136,90,82,41,19,12,39,11,5,15,102,48,54,984,263,2839,12282,55619,57780,49840,35816,22304,13181,7348,13836,4101,2469,5557,31194,16504,14690,373720,62393
Jaén,Cárcheles,23901,2568,51,160,104,111,93,50,24,17,53,6,7,10,109,56,53,976,181,2839,12282,55619,57780,49840,35816,22304,13181,7348,13836,4101,2469,5557,31194,16504,14690,373720,62393
Jaén,Frailes,23033,2491,48,160,126,120,80,34,31,15,51,6,5,22,120,66,54,1149,331,2839,12282,55619,57780,49840,35816,22304,13181,7348,13836,4101,2469,5557,31194,16504,14690,373720,62393
Jaén,Fuensanta de Martos,23034,2523,77,391,309,231,182,93,77,39,83,25,10,33,191,100,91,2144,403,2839,12282,55619,57780,49840,35816,22304,13181,7348,13836,4101,2469,5557,31194,16504,14690,373720,62393
Jaén,Fuerte del Rey,23035,3160,29,97,87,106,91,72,37,12,41,14,5,9,84,45,39,852,168,2839,12282,55619,57780,49840,35816,22304,13181,7348,13836,4101,2469,5557,31194,16504,14690,373720,62393
Jaén,Guardia de Jaén (La),23038,3788,34,315,329,341,328,237,176,99,62,64,36,83,146,76,70,2744,494,2839,12282,55619,57780,49840,35816,22304,13181,7348,13836,4101,2469,5557,31194,16504,14690,373720,62393
Jaén,Guarromán,23039,3137,40,208,243,241,153,121,67,37,47,29,19,34,127,64,63,1604,238,2839,12282,55619,57780,49840,35816,22304,13181,7348,13836,4101,2469,5557,31194,16504,14690,373720,62393
Jaén,Huelma,23044,2605,192,532,536,475,277,172,108,54,140,37,18,53,363,185,178,3749,792,2839,12282,55619,57780,49840,35816,22304,13181,7348,13836,4101,2469,5557,31194,16504,14690,373720,62393
Jaén,Huesa,23045,2608,65,207,277,199,127,45,30,10,45,11,5,23,140,89,51,1470,286,2839,12282,55619,57780,49840,35816,22304,13181,7348,13836,4101,2469,5557,31194,16504,14690,373720,62393
Jaén,Ibros,23046,3228,39,187,206,226,169,98,79,40,45,24,11,23,145,74,71,1698,406,2839,12282,55619,57780,49840,35816,22304,13181,7348,13836,4101,2469,5557,31194,16504,14690,373720,62393
Jaén,Iruela (La),23047,1875,125,310,227,167,99,45,41,14,85,6,4,23,290,169,121,2076,640,2839,12282,55619,57780,49840,35816,22304,13181,7348,13836,4101,2469,5557,31194,16504,14690,373720,62393
Jaén,Jabalquinto,23049,3441,20,152,114,150,125,84,95,29,31,17,12,26,98,55,43,1203,250,2839,12282,55619,57780,49840,35816,22304,13181,7348,13836,4101,2469,5557,31194,16504,14690,373720,62393
Jaén,Jamilena *,23051,2855,87,286,264,245,188,108,84,35,59,22,17,28,184,99,85,1894,287,2839,12282,55619,57780,49840,35816,22304,13181,7348,13836,4101,2469,5557,31194,16504,14690,373720,62393
Jaén,Jaén,23050,2724,968,11109,12134,9393,5765,3312,1681,926,2075,477,282,643,3444,1653,1791,58293,6084,2839,12282,55619,57780,49840,35816,22304,13181,7348,13836,4101,2469,5557,31194,16504,14690,373720,62393
Jaén,Jimena,23052,2496,52,119,112,97,68,43,21,18,40,14,5,14,120,79,41,1013,290,2839,12282,55619,57780,49840,35816,22304,13181,7348,13836,4101,2469,5557,31194,16504,14690,373720,62393
Jaén,Jódar *,23053,2520,277,1046,1111,874,524,228,107,60,238,29,16,48,544,283,261,5931,829,2839,12282,55619,57780,49840,35816,22304,13181,7348,13836,4101,2469,5557,31194,16504,14690,373720,62393
Jaén,Lahiguera,23040,3166,21,100,120,133,83,73,36,19,30,10,4,9,79,46,33,873,156,2839,12282,55619,57780,49840,35816,22304,13181,7348,13836,4101,2469,5557,31194,16504,14690,373720,62393
Jaén,Linares,23055,3205,476,3939,4942,4759,3515,2280,1267,697,887,348,200,437,1700,842,858,29385,3938,2839,12282,55619,57780,49840,35816,22304,13181,7348,13836,4101,2469,5557,31194,16504,14690,373720,62393
Jaén,Lopera,23056,3467,64,246,221,241,234,153,118,65,68,43,18,42,179,103,76,2037,345,2839,12282,55619,57780,49840,35816,22304,13181,7348,13836,4101,2469,5557,31194,16504,14690,373720,62393
Jaén,Mancha Real,23058,3241,164,774,883,844,686,449,300,189,204,96,64,118,466,244,222,6609,1372,2839,12282,55619,57780,49840,35816,22304,13181,7348,13836,4101,2469,5557,31194,16504,14690,373720,62393
Jaén,Marmolejo,23059,3465,70,481,476,490,436,314,231,137,124,77,34,63,259,138,121,3804,612,2839,12282,55619,57780,49840,35816,22304,13181,7348,13836,4101,2469,5557,31194,16504,14690,373720,62393
Jaén,Martos,23060,3040,351,2032,2164,1937,1458,973,637,341,501,198,104,242,1019,505,514,13835,1878,2839,12282,55619,57780,49840,35816,22304,13181,7348,13836,4101,2469,5557,31194,16504,14690,373720,62393
Jaén,Mengíbar,23061,3440,109,632,621,687,549,424,283,176,163,105,56,110,364,194,170,5035,756,2839,12282,55619,57780,49840,35816,22304,13181,7348,13836,4101,2469,5557,31194,16504,14690,373720,62393
Jaén,Montizón,23062,2566,63,146,156,123,102,68,34,22,50,5,5,20,141,67,74,1232,297,2839,12282,55619,57780,49840,35816,22304,13181,7348,13836,4101,2469,5557,31194,16504,14690,373720,62393
Jaén,Navas de San Juan *,23063,3278,96,349,317,319,305,200,128,91,107,52,34,72,248,144,104,2785,467,2839,12282,55619,57780,49840,35816,22304,13181,7348,13836,4101,2469,5557,31194,16504,14690,373720,62393
Jaén,Noalejo *,23064,2395,77,171,177,133,94,49,35,18,57,12,9,25,157,90,67,1312,298,2839,12282,55619,57780,49840,35816,22304,13181,7348,13836,4101,2469,5557,31194,16504,14690,373720,62393
Jaén,Orcera,23065,2145,106,201,188,129,97,36,31,12,51,9,4,11,192,112,80,1510,443,2839,12282,55619,57780,49840,35816,22304,13181,7348,13836,4101,2469,5557,31194,16504,14690,373720,62393
Jaén,Peal de Becerro,23066,2918,118,468,474,400,324,213,105,75,120,39,28,73,282,164,118,3202,483,2839,12282,55619,57780,49840,35816,22304,13181,7348,13836,4101,2469,5557,31194,16504,14690,373720,62393
Jaén,Pegalajar,23067,2414,82,326,316,243,183,84,45,30,99,11,5,21,226,121,105,2004,333,2839,12282,55619,57780,49840,35816,22304,13181,7348,13836,4101,2469,5557,31194,16504,14690,373720,62393
Jaén,Porcuna *,23069,2910,179,501,465,471,350,261,149,87,153,50,31,56,420,234,186,3788,615,2839,12282,55619,57780,49840,35816,22304,13181,7348,13836,4101,2469,5557,31194,16504,14690,373720,62393
Jaén,Pozo Alcón,23070,2112,180,588,494,353,173,92,49,31,163,21,8,32,395,228,167,3281,702,2839,12282,55619,57780,49840,35816,22304,13181,7348,13836,4101,2469,5557,31194,16504,14690,373720,62393
Jaén,Puente de Génave,23071,2581,95,227,232,172,125,72,43,27,63,14,17,23,164,94,70,1572,298,2839,12282,55619,57780,49840,35816,22304,13181,7348,13836,4101,2469,5557,31194,16504,14690,373720,62393
Jaén,Puerta de Segura (La),23072,2260,131,264,207,186,125,56,31,29,80,17,7,27,214,104,110,1982,608,2839,12282,55619,57780,49840,35816,22304,13181,7348,13836,4101,2469,5557,31194,16504,14690,373720,62393
Jaén,Quesada,23073,2316,242,616,587,440,297,149,84,44,189,25,18,37,460,266,194,4315,1127,2839,12282,55619,57780,49840,35816,22304,13181,7348,13836,4101,2469,5557,31194,16504,14690,373720,62393
Jaén,Resto de Jaén,23999,2332,741,1496,1292,1035,744,424,267,159,474,105,54,156,1373,746,627,11926,3606,2839,12282,55619,57780,49840,35816,22304,13181,7348,13836,4101,2469,5557,31194,16504,14690,373720,62393
Jaén,Rus *,23074,3179,58,247,262,297,240,125,92,28,59,18,16,29,156,86,70,1994,367,2839,12282,55619,57780,49840,35816,22304,13181,7348,13836,4101,2469,5557,31194,16504,14690,373720,62393
Jaén,Sabiote,23075,3124,104,284,311,316,267,152,79,52,85,25,31,60,223,120,103,2731,742,2839,12282,55619,57780,49840,35816,22304,13181,7348,13836,4101,2469,5557,31194,16504,14690,373720,62393
Jaén,Santiago-Pontones,23904,1473,320,391,263,135,98,41,20,19,145,15,9,27,454,273,181,3111,1174,2839,12282,55619,57780,49840,35816,22304,13181,7348,13836,4101,2469,5557,31194,16504,14690,373720,62393
Jaén,Santisteban del Puerto,23079,2834,121,412,403,395,254,154,108,46,100,29,21,72,288,156,132,2994,591,2839,12282,55619,57780,49840,35816,22304,13181,7348,13836,4101,2469,5557,31194,16504,14690,373720,62393
Jaén,Santo Tomé,23080,2566,72,198,177,161,121,77,47,19,51,9,9,23,174,85,89,1605,467,2839,12282,55619,57780,49840,35816,22304,13181,7348,13836,4101,2469,5557,31194,16504,14690,373720,62393
Jaén,Segura de la Sierra,23081,1982,141,239,152,129,97,63,29,21,71,10,8,25,231,144,87,1834,618,2839,12282,55619,57780,49840,35816,22304,13181,7348,13836,4101,2469,5557,31194,16504,14690,373720,62393
Jaén,Siles,23082,2064,132,278,221,154,93,56,20,14,75,6,11,22,216,115,101,1879,581,2839,12282,55619,57780,49840,35816,22304,13181,7348,13836,4101,2469,5557,31194,16504,14690,373720,62393
Jaén,Sorihuela del Guadalimar,23084,2294,43,106,106,92,37,20,10,12,34,7,1,11,100,60,40,907,328,2839,12282,55619,57780,49840,35816,22304,13181,7348,13836,4101,2469,5557,31194,16504,14690,373720,62393
Jaén,Torreblascopedro,23085,3271,43,179,194,174,187,105,82,47,50,23,10,25,120,71,49,1542,303,2839,12282,55619,57780,49840,35816,22304,13181,7348,13836,4101,2469,5557,31194,16504,14690,373720,62393
Jaén,Torredelcampo,23086,3049,184,1076,1125,1036,836,589,334,211,300,105,53,108,634,317,317,7706,1115,2839,12282,55619,57780,49840,35816,22304,13181,7348,13836,4101,2469,5557,31194,16504,14690,373720,62393
Jaén,Torredonjimeno,23087,3255,186,912,1027,1019,872,565,333,208,232,121,60,93,560,304,256,7404,1216,2839,12282,55619,57780,49840,35816,22304,13181,7348,13836,4101,2469,5557,31194,16504,14690,373720,62393
Jaén,Torreperogil,23088,2786,161,626,695,586,425,255,131,65,156,36,21,54,370,198,172,4337,756,2839,12282,55619,57780,49840,35816,22304,13181,7348,13836,4101,2469,5557,31194,16504,14690,373720,62393
Jaén,Torres,23090,2031,111,188,166,115,68,48,21,10,65,2,4,10,178,105,73,1642,656,2839,12282,55619,57780,49840,35816,22304,13181,7348,13836,4101,2469,5557,31194,16504,14690,373720,62393
Jaén,Valdepeñas de Jaén *,23093,2251,157,404,395,245,171,88,46,35,124,14,13,30,308,160,148,2421,391,2839,12282,55619,57780,49840,35816,22304,13181,7348,13836,4101,2469,5557,31194,16504,14690,373720,62393
Jaén,Vilches,23094,3186,70,369,333,381,302,219,115,67,99,32,26,48,225,133,92,2969,683,2839,12282,55619,57780,49840,35816,22304,13181,7348,13836,4101,2469,5557,31194,16504,14690,373720,62393
Jaén,Villacarrillo,23095,2586,348,1022,1026,766,562,307,174,113,248,58,36,107,682,363,319,6708,1259,2839,12282,55619,57780,49840,35816,22304,13181,7348,13836,4101,2469,5557,31194,16504,14690,373720,62393
Jaén,Villanueva de la Reina,23096,3058,66,271,234,249,178,137,91,53,76,28,19,52,201,105,96,2171,516,2839,12282,55619,57780,49840,35816,22304,13181,7348,13836,4101,2469,5557,31194,16504,14690,373720,62393
Jaén,Villanueva del Arzobispo,23097,2584,246,784,698,576,405,228,146,72,216,61,30,84,484,237,247,4822,792,2839,12282,55619,57780,49840,35816,22304,13181,7348,13836,4101,2469,5557,31194,16504,14690,373720,62393
Jaén,Villares (Los),23099,2926,95,603,508,457,385,221,175,81,155,69,38,89,309,156,153,3579,394,2839,12282,55619,57780,49840,35816,22304,13181,7348,13836,4101,2469,5557,31194,16504,14690,373720,62393
Jaén,Villatorres,23903,3048,82,324,298,307,265,176,105,85,96,41,19,37,291,150,141,2536,410,2839,12282,55619,57780,49840,35816,22304,13181,7348,13836,4101,2469,5557,31194,16504,14690,373720,62393
Jaén,Úbeda,23092,2888,511,2966,3306,2791,1921,1133,608,339,616,215,144,261,1271,663,608,18318,2236,2839,12282,55619,57780,49840,35816,22304,13181,7348,13836,4101,2469,5557,31194,16504,14690,373720,62393
León,Astorga,24008,1901,401,1813,1354,648,259,126,70,49,420,37,25,93,761,389,372,7776,1720,1715,21373,79088,50891,23308,10326,5037,2949,2061,20678,1500,1120,4704,43383,22934,20449,354725,88307
León,Bañeza (La),24010,1896,378,1590,1121,571,248,118,59,29,357,31,35,139,703,376,327,7588,2209,1715,21373,79088,50891,23308,10326,5037,2949,2061,20678,1500,1120,4704,43383,22934,20449,354725,88307
León,Bembibre,24014,1954,293,1240,979,479,210,96,49,36,296,31,25,93,591,292,299,5720,1302,1715,21373,79088,50891,23308,10326,5037,2949,2061,20678,1500,1120,4704,43383,22934,20449,354725,88307
León,Benavides,24015,2160,128,284,292,168,83,47,13,8,69,8,6,36,210,106,104,2130,778,1715,21373,79088,50891,23308,10326,5037,2949,2061,20678,1500,1120,4704,43383,22934,20449,354725,88307
León,Boñar,24021,1380,216,414,213,86,46,25,15,4,115,8,2,17,368,229,139,2419,890,1715,21373,79088,50891,23308,10326,5037,2949,2061,20678,1500,1120,4704,43383,22934,20449,354725,88307
León,Bustillo del Páramo,24026,2075,62,128,119,73,49,22,15,6,36,3,1,8,115,63,52,1091,454,1715,21373,79088,50891,23308,10326,5037,2949,2061,20678,1500,1120,4704,43383,22934,20449,354725,88307
León,Cabañas Raras,24027,2693,16,108,130,99,63,30,16,12,27,5,8,23,78,37,41,867,252,1715,21373,79088,50891,23308,10326,5037,2949,2061,20678,1500,1120,4704,43383,22934,20449,354725,88307
León,Cacabelos,24030,2186,158,594,519,312,133,67,38,39,105,19,14,50,300,174,126,3505,1157,1715,21373,79088,50891,23308,10326,5037,2949,2061,20678,1500,1120,4704,43383,22934,20449,354725,88307
León,Camponaraya,24034,2364,101,429,400,247,152,75,44,34,89,20,17,54,221,105,116,2449,566,1715,21373,79088,50891,23308,10326,5037,2949,2061,20678,1500,1120,4704,43383,22934,20449,354725,88307
León,Carracedelo,24038,2739,70,329,328,283,145,106,72,40,79,22,14,66,196,104,92,2355,605,1715,21373,79088,50891,23308,10326,5037,2949,2061,20678,1500,1120,4704,43383,22934,20449,354725,88307
León,Carrizo,24039,1998,138,334,264,180,65,36,21,15,97,8,9,39,208,108,100,1897,483,1715,21373,79088,50891,23308,10326,5037,2949,2061,20678,1500,1120,4704,43383,22934,20449,354725,88307
León,Castropodame,24049,2166,67,196,155,112,51,35,20,11,41,10,6,21,125,71,54,1451,601,1715,21373,79088,50891,23308,10326,5037,2949,2061,20678,1500,1120,4704,43383,22934,20449,354725,88307
León,Chozas de Abajo *,24065,2034,101,264,242,140,71,31,20,18,72,9,5,14,186,87,99,2004,831,1715,21373,79088,50891,23308,10326,5037,2949,2061,20678,1500,1120,4704,43383,22934,20449,354725,88307
León,Cistierna,24056,1504,264,556,428,128,37,22,11,9,203,6,6,18,436,248,188,2575,451,1715,21373,79088,50891,23308,10326,5037,2949,2061,20678,1500,1120,4704,43383,22934,20449,354725,88307
León,Congosto,24057,2280,60,155,138,92,60,36,19,8,48,5,5,26,93,48,45,1206,461,1715,21373,79088,50891,23308,10326,5037,2949,2061,20678,1500,1120,4704,43383,22934,20449,354725,88307
León,Cuadros,24061,1756,115,336,238,128,64,33,9,4,91,4,3,20,234,129,105,1560,281,1715,21373,79088,50891,23308,10326,5037,2949,2061,20678,1500,1120,4704,43383,22934,20449,354725,88307
León,Cubillos del Sil,24064,2326,37,161,147,102,51,34,22,18,45,13,13,37,101,57,44,1148,367,1715,21373,79088,50891,23308,10326,5037,2949,2061,20678,1500,1120,4704,43383,22934,20449,354725,88307
León,Fabero,24070,2293,122,462,381,246,149,88,47,50,107,27,15,82,251,117,134,3432,1405,1715,21373,79088,50891,23308,10326,5037,2949,2061,20678,1500,1120,4704,43383,22934,20449,354725,88307
León,Folgoso de la Ribera,24071,2003,65,144,127,73,38,21,7,5,28,4,4,9,114,65,49,1321,682,1715,21373,79088,50891,23308,10326,5037,2949,2061,20678,1500,1120,4704,43383,22934,20449,354725,88307
León,Garrafe de Torío,24076,1644,115,285,183,106,42,28,14,11,113,4,5,13,190,106,84,1344,235,1715,21373,79088,50891,23308,10326,5037,2949,2061,20678,1500,1120,4704,43383,22934,20449,354725,88307
León,Igüeña,24083,1510,63,164,90,37,21,6,5,7,49,2,1,17,125,72,53,2448,1861,1715,21373,79088,50891,23308,10326,5037,2949,2061,20678,1500,1120,4704,43383,22934,20449,354725,88307
León,Laguna de Negrillos *,24088,1922,89,112,105,59,34,18,8,4,40,7,3,13,112,72,40,969,365,1715,21373,79088,50891,23308,10326,5037,2949,2061,20678,1500,1120,4704,43383,22934,20449,354725,88307
León,León *,24089,1563,4014,27931,14218,4467,1552,754,531,391,6812,281,195,630,10576,4879,5697,79199,6847,1715,21373,79088,50891,23308,10326,5037,2949,2061,20678,1500,1120,4704,43383,22934,20449,354725,88307
León,Mansilla de las Mulas *,24094,1541,129,288,199,70,41,17,15,7,112,11,3,14,224,129,95,1372,242,1715,21373,79088,50891,23308,10326,5037,2949,2061,20678,1500,1120,4704,43383,22934,20449,354725,88307
León,Matallana de Torío,24098,1508,135,229,162,89,36,18,7,8,88,2,2,10,233,134,99,1359,340,1715,21373,79088,50891,23308,10326,5037,2949,2061,20678,1500,1120,4704,43383,22934,20449,354725,88307
León,Onzonilla,24105,2084,62,262,233,133,84,19,7,6,65,3,2,12,138,78,60,1194,168,1715,21373,79088,50891,23308,10326,5037,2949,2061,20678,1500,1120,4704,43383,22934,20449,354725,88307
León,Pola de Gordón (La),24114,1379,315,522,366,145,64,42,10,8,199,9,10,27,562,346,216,3064,785,1715,21373,79088,50891,23308,10326,5037,2949,2061,20678,1500,1120,4704,43383,22934,20449,354725,88307
León,Ponferrada,24115,2060,1336,9335,7068,3545,1596,835,539,457,2050,325,273,1507,3650,1815,1835,42549,10033,1715,21373,79088,50891,23308,10326,5037,2949,2061,20678,1500,1120,4704,43383,22934,20449,354725,88307
León,Puente de Domingo Flórez *,24122,1939,93,225,174,114,50,21,11,4,64,4,3,11,131,81,50,1135,230,1715,21373,79088,50891,23308,10326,5037,2949,2061,20678,1500,1120,4704,43383,22934,20449,354725,88307
León,Páramo del Sil,24110,1807,70,109,87,45,31,17,12,5,31,5,4,14,109,71,38,1591,1052,1715,21373,79088,50891,23308,10326,5037,2949,2061,20678,1500,1120,4704,43383,22934,20449,354725,88307
León,Resto de León,24999,1416,6929,10304,6594,3661,1883,905,522,343,3717,263,172,676,11546,6804,4742,81267,33752,1715,21373,79088,50891,23308,10326,5037,2949,2061,20678,1500,1120,4704,43383,22934,20449,354725,88307
León,Robla (La),24134,1895,193,579,437,221,100,48,25,18,152,12,11,61,307,163,144,2641,477,1715,21373,79088,50891,23308,10326,5037,2949,2061,20678,1500,1120,4704,43383,22934,20449,354725,88307
León,Sabero,24137,1440,164,233,140,45,24,9,4,3,73,4,4,10,181,112,69,1221,327,1715,21373,79088,50891,23308,10326,5037,2949,2061,20678,1500,1120,4704,43383,22934,20449,354725,88307
León,Sahagún,24139,1387,253,500,311,106,43,21,6,4,154,5,6,28,421,248,173,2364,506,1715,21373,79088,50891,23308,10326,5037,2949,2061,20678,1500,1120,4704,43383,22934,20449,354725,88307
León,San Andrés del Rabanedo *,24142,1702,907,5605,3557,1322,437,201,119,54,1260,42,29,88,2068,984,1084,17161,1472,1715,21373,79088,50891,23308,10326,5037,2949,2061,20678,1500,1120,4704,43383,22934,20449,354725,88307
León,San Justo de la Vega,24148,2532,52,163,179,136,75,31,18,20,46,16,7,25,95,52,43,1219,356,1715,21373,79088,50891,23308,10326,5037,2949,2061,20678,1500,1120,4704,43383,22934,20449,354725,88307
León,Santa Elena de Jamuz,24154,2448,43,113,119,84,39,22,18,6,20,0,3,14,84,43,41,885,320,1715,21373,79088,50891,23308,10326,5037,2949,2061,20678,1500,1120,4704,43383,22934,20449,354725,88307
León,Santa Marina del Rey,24159,2280,70,215,209,117,92,61,22,20,41,10,6,23,161,86,75,1460,413,1715,21373,79088,50891,23308,10326,5037,2949,2061,20678,1500,1120,4704,43383,22934,20449,354725,88307
León,Santa María del Páramo *,24157,2143,120,382,367,229,100,33,19,15,97,13,7,41,229,133,96,2152,500,1715,21373,79088,50891,23308,10326,5037,2949,2061,20678,1500,1120,4704,43383,22934,20449,354725,88307
León,Santovenia de la Valdoncina *,24162,1941,89,260,235,130,41,23,6,6,73,4,1,7,161,86,75,1245,209,1715,21373,79088,50891,23308,10326,5037,2949,2061,20678,1500,1120,4704,43383,22934,20449,354725,88307
León,Sariegos *,24163,2393,73,537,555,445,217,79,46,15,131,15,8,27,286,151,135,2596,162,1715,21373,79088,50891,23308,10326,5037,2949,2061,20678,1500,1120,4704,43383,22934,20449,354725,88307
León,Soto de la Vega,24166,2407,49,127,137,97,81,36,14,7,30,11,3,25,124,68,56,1270,529,1715,21373,79088,50891,23308,10326,5037,2949,2061,20678,1500,1120,4704,43383,22934,20449,354725,88307
León,Toral de los Vados,24206,2112,64,198,164,110,55,37,16,12,51,6,7,14,133,81,52,1574,707,1715,21373,79088,50891,23308,10326,5037,2949,2061,20678,1500,1120,4704,43383,22934,20449,354725,88307
León,Toreno,24169,1968,144,385,293,159,99,36,22,16,84,14,8,36,244,131,113,3276,1736,1715,21373,79088,50891,23308,10326,5037,2949,2061,20678,1500,1120,4704,43383,22934,20449,354725,88307
León,Torre del Bierzo,24170,2160,82,208,174,138,72,32,14,11,65,13,9,28,148,71,77,1763,769,1715,21373,79088,50891,23308,10326,5037,2949,2061,20678,1500,1120,4704,43383,22934,20449,354725,88307
León,Turcia,24173,2056,58,132,110,73,36,17,14,3,45,6,4,12,88,44,44,939,341,1715,21373,79088,50891,23308,10326,5037,2949,2061,20678,1500,1120,4704,43383,22934,20449,354725,88307
León,Valdefresno,24175,1886,85,386,275,179,91,36,17,10,99,7,7,18,254,137,117,1707,243,1715,21373,79088,50891,23308,10326,5037,2949,2061,20678,1500,1120,4704,43383,22934,20449,354725,88307
León,Valdepolo,24180,1483,116,267,143,75,34,11,11,4,73,2,4,7,194,113,81,1120,179,1715,21373,79088,50891,23308,10326,5037,2949,2061,20678,1500,1120,4704,43383,22934,20449,354725,88307
León,Valderas,24181,1632,178,268,191,98,39,27,8,4,71,5,4,30,237,147,90,1475,315,1715,21373,79088,50891,23308,10326,5037,2949,2061,20678,1500,1120,4704,43383,22934,20449,354725,88307
León,Valencia de Don Juan *,24188,1475,467,1039,616,221,74,30,17,7,280,13,8,24,771,442,329,4287,720,1715,21373,79088,50891,23308,10326,5037,2949,2061,20678,1500,1120,4704,43383,22934,20449,354725,88307
León,Valverde de la Virgen,24189,1714,243,1212,826,346,133,54,29,13,297,7,5,34,618,303,315,4297,480,1715,21373,79088,50891,23308,10326,5037,2949,2061,20678,1500,1120,4704,43383,22934,20449,354725,88307
León,Vega de Espinareda,24196,2148,122,242,223,156,76,40,25,23,76,6,8,57,207,108,99,2100,839,1715,21373,79088,50891,23308,10326,5037,2949,2061,20678,1500,1120,4704,43383,22934,20449,354725,88307
León,Vegas del Condado,24201,1461,149,331,200,89,41,15,10,7,129,6,3,9,249,131,118,1756,518,1715,21373,79088,50891,23308,10326,5037,2949,2061,20678,1500,1120,4704,43383,22934,20449,354725,88307
León,Villablino,24202,1980,289,1254,986,560,238,103,76,40,283,30,27,107,667,361,306,5869,1209,1715,21373,79088,50891,23308,10326,5037,2949,2061,20678,1500,1120,4704,43383,22934,20449,354725,88307
León,Villadangos del Páramo,24205,2255,50,123,112,76,41,23,6,2,33,4,4,10,77,49,28,894,333,1715,21373,79088,50891,23308,10326,5037,2949,2061,20678,1500,1120,4704,43383,22934,20449,354725,88307
León,Villafranca del Bierzo,24209,1895,167,396,269,157,72,50,32,24,101,16,15,55,267,146,121,2845,1224,1715,21373,79088,50891,23308,10326,5037,2949,2061,20678,1500,1120,4704,43383,22934,20449,354725,88307
León,Villamañán *,24212,1389,177,202,132,49,19,14,4,3,70,4,5,7,215,132,83,1179,278,1715,21373,79088,50891,23308,10326,5037,2949,2061,20678,1500,1120,4704,43383,22934,20449,354725,88307
León,Villaquilambre *,24222,1690,507,3492,2158,862,328,147,58,38,910,24,13,64,1357,653,704,10634,676,1715,21373,79088,50891,23308,10326,5037,2949,2061,20678,1500,1120,4704,43383,22934,20449,354725,88307
León,Villarejo de Órbigo,24223,2091,122,376,372,207,119,41,25,18,125,12,9,32,250,160,90,2416,708,1715,21373,79088,50891,23308,10326,5037,2949,2061,20678,1500,1120,4704,43383,22934,20449,354725,88307
León,Villasabariego,24225,1615,99,262,136,76,44,16,13,4,63,4,5,14,195,95,100,1116,185,1715,21373,79088,50891,23308,10326,5037,2949,2061,20678,1500,1120,4704,43383,22934,20449,354725,88307
León,Villaturiel *,24227,1639,99,298,211,107,58,16,7,8,81,3,4,8,208,112,96,1279,171,1715,21373,79088,50891,23308,10326,5037,2949,2061,20678,1500,1120,4704,43383,22934,20449,354725,88307
Lleida,Agramunt,25003,2643,89,503,499,363,235,125,67,65,123,41,32,83,203,98,105,2745,317,2253,9745,53237,44485,28285,15907,9077,5354,3516,12402,2348,1575,5042,24608,12500,12108,256081,40500
Lleida,Aitona,25038,3212,14,161,160,127,101,67,54,32,43,26,14,59,62,35,27,1218,298,2253,9745,53237,44485,28285,15907,9077,5354,3516,12402,2348,1575,5042,24608,12500,12108,256081,40500
Lleida,Albatàrrec,25007,2732,19,156,185,142,78,47,17,17,36,8,5,13,59,34,25,909,127,2253,9745,53237,44485,28285,15907,9077,5354,3516,12402,2348,1575,5042,24608,12500,12108,256081,40500
Lleida,Albesa,25008,3267,20,101,103,105,68,40,38,26,21,12,12,22,43,23,20,777,166,2253,9745,53237,44485,28285,15907,9077,5354,3516,12402,2348,1575,5042,24608,12500,12108,256081,40500
Lleida,Alcarràs,25011,2393,85,1115,1046,663,362,186,110,53,209,29,28,87,346,176,170,4790,471,2253,9745,53237,44485,28285,15907,9077,5354,3516,12402,2348,1575,5042,24608,12500,12108,256081,40500
Lleida,Alcoletge,25012,2525,34,351,351,222,150,68,37,32,74,12,5,29,112,57,55,1671,194,2253,9745,53237,44485,28285,15907,9077,5354,3516,12402,2348,1575,5042,24608,12500,12108,256081,40500
Lleida,Alfarràs,25013,2299,45,279,269,150,102,57,27,19,68,7,4,32,130,60,70,1602,413,2253,9745,53237,44485,28285,15907,9077,5354,3516,12402,2348,1575,5042,24608,12500,12108,256081,40500
Lleida,Alguaire,25016,2787,43,256,252,210,135,87,49,35,59,8,13,38,120,64,56,1612,307,2253,9745,53237,44485,28285,15907,9077,5354,3516,12402,2348,1575,5042,24608,12500,12108,256081,40500
Lleida,Almacelles,25019,2499,87,610,621,413,233,122,93,40,145,32,24,66,231,123,108,3499,782,2253,9745,53237,44485,28285,15907,9077,5354,3516,12402,2348,1575,5042,24608,12500,12108,256081,40500
Lleida,Almenar,25021,2577,60,319,331,268,129,77,46,21,67,21,10,36,148,76,72,1887,354,2253,9745,53237,44485,28285,15907,9077,5354,3516,12402,2348,1575,5042,24608,12500,12108,256081,40500
Lleida,Alpicat,25023,3283,31,392,471,389,302,194,132,71,68,58,30,97,103,46,57,2665,327,2253,9745,53237,44485,28285,15907,9077,5354,3516,12402,2348,1575,5042,24608,12500,12108,256081,40500
Lleida,Anglesola *,25027,2962,31,113,100,108,57,35,24,17,25,12,7,23,56,24,32,703,95,2253,9745,53237,44485,28285,15907,9077,5354,3516,12402,2348,1575,5042,24608,12500,12108,256081,40500
Lleida,Arbeca,25029,2731,45,198,193,169,104,51,43,22,39,15,8,19,117,74,43,1564,541,2253,9745,53237,44485,28285,15907,9077,5354,3516,12402,2348,1575,5042,24608,12500,12108,256081,40500
Lleida,Artesa de Lleida,25033,3125,10,103,114,97,77,63,32,17,16,8,2,18,47,24,23,672,68,2253,9745,53237,44485,28285,15907,9077,5354,3516,12402,2348,1575,5042,24608,12500,12108,256081,40500
Lleida,Artesa de Segre,25034,2377,109,392,348,252,157,91,54,29,118,21,9,56,221,108,113,2284,427,2253,9745,53237,44485,28285,15907,9077,5354,3516,12402,2348,1575,5042,24608,12500,12108,256081,40500
Lleida,Balaguer,25040,2261,227,2123,1708,1051,572,294,151,102,372,57,38,139,623,300,323,8855,1398,2253,9745,53237,44485,28285,15907,9077,5354,3516,12402,2348,1575,5042,24608,12500,12108,256081,40500
Lleida,Bell-lloc d'Urgell,25048,2879,20,190,194,157,114,68,20,33,40,16,6,33,75,34,41,1086,120,2253,9745,53237,44485,28285,15907,9077,5354,3516,12402,2348,1575,5042,24608,12500,12108,256081,40500
Lleida,Bellcaire d'Urgell,25047,2906,17,111,99,101,67,36,25,12,20,14,2,16,59,33,26,707,128,2253,9745,53237,44485,28285,15907,9077,5354,3516,12402,2348,1575,5042,24608,12500,12108,256081,40500
Lleida,Bellpuig,25050,2534,68,487,477,345,189,101,57,45,109,18,18,51,169,90,79,2641,507,2253,9745,53237,44485,28285,15907,9077,5354,3516,12402,2348,1575,5042,24608,12500,12108,256081,40500
Lleida,Bellver de Cerdanya,25051,1561,135,568,369,209,114,54,27,21,222,21,5,36,485,231,254,2504,238,2253,9745,53237,44485,28285,15907,9077,5354,3516,12402,2348,1575,5042,24608,12500,12108,256081,40500
Lleida,Bellvís,25052,2902,36,169,184,151,103,81,33,20,39,15,12,32,91,47,44,1244,278,2253,9745,53237,44485,28285,15907,9077,5354,3516,12402,2348,1575,5042,24608,12500,12108,256081,40500
Lleida,Benavent de Segrià,25053,3548,5,83,92,121,100,48,37,17,13,13,6,13,31,15,16,633,54,2253,9745,53237,44485,28285,15907,9077,5354,3516,12402,2348,1575,5042,24608,12500,12108,256081,40500
Lleida,Borges Blanques (Les),25058,2491,76,666,630,438,276,159,82,48,132,28,24,63,252,119,133,3287,413,2253,9745,53237,44485,28285,15907,9077,5354,3516,12402,2348,1575,5042,24608,12500,12108,256081,40500
Lleida,Bossòst *,25059,2034,48,155,118,75,47,27,20,8,36,4,6,24,124,53,71,766,74,2253,9745,53237,44485,28285,15907,9077,5354,3516,12402,2348,1575,5042,24608,12500,12108,256081,40500
Lleida,Cervera,25072,2263,147,1127,968,565,336,142,84,56,218,31,20,77,374,186,188,4669,524,2253,9745,53237,44485,28285,15907,9077,5354,3516,12402,2348,1575,5042,24608,12500,12108,256081,40500
Lleida,Corbins,25078,3324,9,79,97,98,61,45,43,10,19,12,3,23,31,18,13,655,125,2253,9745,53237,44485,28285,15907,9077,5354,3516,12402,2348,1575,5042,24608,12500,12108,256081,40500
Lleida,Fuliola (La),25096,3072,14,105,67,80,64,30,22,15,16,12,9,19,41,20,21,602,108,2253,9745,53237,44485,28285,15907,9077,5354,3516,12402,2348,1575,5042,24608,12500,12108,256081,40500
Lleida,Gimenells i el Pla de la Font,25912,3257,9,66,84,81,62,38,16,8,17,10,4,16,31,16,15,514,72,2253,9745,53237,44485,28285,15907,9077,5354,3516,12402,2348,1575,5042,24608,12500,12108,256081,40500
Lleida,Golmés,25099,3011,27,128,140,113,85,56,33,31,32,11,10,30,64,27,37,907,147,2253,9745,53237,44485,28285,15907,9077,5354,3516,12402,2348,1575,5042,24608,12500,12108,256081,40500
Lleida,Guissona,25110,2949,52,528,538,378,258,131,112,87,81,59,50,180,162,89,73,2892,276,2253,9745,53237,44485,28285,15907,9077,5354,3516,12402,2348,1575,5042,24608,12500,12108,256081,40500
Lleida,Isona i Conca Dellà,25115,2014,97,149,125,77,46,36,17,11,46,8,5,14,138,78,60,1172,403,2253,9745,53237,44485,28285,15907,9077,5354,3516,12402,2348,1575,5042,24608,12500,12108,256081,40500
Lleida,Ivars d'Urgell,25113,2895,18,128,117,103,58,44,36,18,22,10,14,16,58,27,31,804,162,2253,9745,53237,44485,28285,15907,9077,5354,3516,12402,2348,1575,5042,24608,12500,12108,256081,40500
Lleida,Juneda,25119,2812,39,267,301,242,149,94,47,29,67,24,11,37,118,67,51,1846,421,2253,9745,53237,44485,28285,15907,9077,5354,3516,12402,2348,1575,5042,24608,12500,12108,256081,40500
Lleida,Linyola,25122,2885,33,234,216,209,125,82,39,36,42,21,5,35,108,56,52,1452,267,2253,9745,53237,44485,28285,15907,9077,5354,3516,12402,2348,1575,5042,24608,12500,12108,256081,40500
Lleida,Lleida,25120,2159,1629,19363,15550,8314,3845,2004,1130,759,3635,532,353,1074,4781,2098,2683,68299,5330,2253,9745,53237,44485,28285,15907,9077,5354,3516,12402,2348,1575,5042,24608,12500,12108,256081,40500
Lleida,Miralcamp,25135,2852,12,92,113,91,67,38,25,9,30,11,5,11,62,42,20,650,84,2253,9745,53237,44485,28285,15907,9077,5354,3516,12402,2348,1575,5042,24608,12500,12108,256081,40500
Lleida,Mollerussa,25137,2490,140,1553,1393,928,521,317,167,126,282,73,51,142,422,208,214,6984,869,2253,9745,53237,44485,28285,15907,9077,5354,3516,12402,2348,1575,5042,24608,12500,12108,256081,40500
Lleida,Montferrer i Castellbò,25140,2504,38,118,104,73,64,24,22,21,39,9,10,24,100,58,42,935,289,2253,9745,53237,44485,28285,15907,9077,5354,3516,12402,2348,1575,5042,24608,12500,12108,256081,40500
Lleida,Naut Aran,25025,1421,212,673,368,255,200,123,99,68,323,46,32,107,919,443,476,4760,1335,2253,9745,53237,44485,28285,15907,9077,5354,3516,12402,2348,1575,5042,24608,12500,12108,256081,40500
Lleida,Oliana,25149,1973,73,254,203,101,47,32,10,8,55,9,3,19,132,60,72,1222,276,2253,9745,53237,44485,28285,15907,9077,5354,3516,12402,2348,1575,5042,24608,12500,12108,256081,40500
Lleida,Palau d'Anglesola (El),25158,2917,11,159,178,142,112,54,36,20,33,13,9,13,63,33,30,1021,178,2253,9745,53237,44485,28285,15907,9077,5354,3516,12402,2348,1575,5042,24608,12500,12108,256081,40500
Lleida,Pobla de Segur (La),25171,2080,145,457,323,178,98,87,52,43,129,41,26,91,279,163,116,2455,506,2253,9745,53237,44485,28285,15907,9077,5354,3516,12402,2348,1575,5042,24608,12500,12108,256081,40500
Lleida,Pont de Suert (El),25173,1552,164,399,240,143,38,25,17,14,142,18,8,59,334,180,154,1913,312,2253,9745,53237,44485,28285,15907,9077,5354,3516,12402,2348,1575,5042,24608,12500,12108,256081,40500
Lleida,Ponts *,25172,2272,79,313,272,189,93,53,27,18,72,12,8,28,164,88,76,1525,197,2253,9745,53237,44485,28285,15907,9077,5354,3516,12402,2348,1575,5042,24608,12500,12108,256081,40500
Lleida,Puigverd de Lleida,25182,2741,20,115,132,94,75,40,39,13,28,8,7,14,75,43,32,753,93,2253,9745,53237,44485,28285,15907,9077,5354,3516,12402,2348,1575,5042,24608,12500,12108,256081,40500
Lleida,Resto de Lleida,25999,2044,3307,7459,5781,4206,2670,1672,1002,630,2578,423,313,1024,7078,3944,3134,52271,14128,2253,9745,53237,44485,28285,15907,9077,5354,3516,12402,2348,1575,5042,24608,12500,12108,256081,40500
Lleida,Rosselló,25189,2624,28,303,302,234,134,69,31,21,50,17,2,17,95,48,47,1547,244,2253,9745,53237,44485,28285,15907,9077,5354,3516,12402,2348,1575,5042,24608,12500,12108,256081,40500
Lleida,Sant Guim de Freixenet,25192,2140,34,158,96,71,40,23,14,13,29,8,6,26,79,44,35,689,92,2253,9745,53237,44485,28285,15907,9077,5354,3516,12402,2348,1575,5042,24608,12500,12108,256081,40500
Lleida,Seròs *,25204,3025,33,151,144,131,97,62,38,21,30,12,15,24,68,43,25,951,125,2253,9745,53237,44485,28285,15907,9077,5354,3516,12402,2348,1575,5042,24608,12500,12108,256081,40500
Lleida,Seu d'Urgell (La) *,25203,2316,259,1735,1502,934,496,288,181,124,396,104,61,167,640,309,331,7482,595,2253,9745,53237,44485,28285,15907,9077,5354,3516,12402,2348,1575,5042,24608,12500,12108,256081,40500
Lleida,Solsona,25207,2358,179,1125,1106,649,334,190,112,59,240,49,35,87,439,206,233,5146,542,2253,9745,53237,44485,28285,15907,9077,5354,3516,12402,2348,1575,5042,24608,12500,12108,256081,40500
Lleida,Sort,25209,1561,188,496,293,139,63,40,23,17,155,14,8,33,395,213,182,2197,333,2253,9745,53237,44485,28285,15907,9077,5354,3516,12402,2348,1575,5042,24608,12500,12108,256081,40500
Lleida,Soses,25210,3785,5,72,94,106,80,54,48,32,26,14,15,41,43,24,19,779,149,2253,9745,53237,44485,28285,15907,9077,5354,3516,12402,2348,1575,5042,24608,12500,12108,256081,40500
Lleida,Torrefarrera,25228,2817,18,400,437,341,214,127,69,38,76,24,15,44,108,50,58,2134,223,2253,9745,53237,44485,28285,15907,9077,5354,3516,12402,2348,1575,5042,24608,12500,12108,256081,40500
Lleida,Torregrossa,25230,3091,21,169,154,139,121,61,42,34,30,14,8,25,68,35,33,1107,221,2253,9745,53237,44485,28285,15907,9077,5354,3516,12402,2348,1575,5042,24608,12500,12108,256081,40500
Lleida,Torres de Segre,25232,3198,14,141,165,155,106,82,54,43,42,16,10,31,81,41,40,1124,184,2253,9745,53237,44485,28285,15907,9077,5354,3516,12402,2348,1575,5042,24608,12500,12108,256081,40500
Lleida,Torà,25223,2546,47,125,115,98,48,36,20,15,43,12,6,10,63,39,24,765,127,2253,9745,53237,44485,28285,15907,9077,5354,3516,12402,2348,1575,5042,24608,12500,12108,256081,40500
Lleida,Tremp,25234,1856,314,966,649,354,187,85,63,42,272,29,32,97,566,281,285,4729,1073,2253,9745,53237,44485,28285,15907,9077,5354,3516,12402,2348,1575,5042,24608,12500,12108,256081,40500
Lleida,Tàrrega,25217,2241,250,2149,1911,1142,592,293,147,99,438,65,42,122,710,330,380,8832,872,2253,9745,53237,44485,28285,15907,9077,5354,3516,12402,2348,1575,5042,24608,12500,12108,256081,40500
Lleida,Térmens,25220,3123,24,84,105,96,75,44,29,15,26,7,4,19,48,25,23,702,126,2253,9745,53237,44485,28285,15907,9077,5354,3516,12402,2348,1575,5042,24608,12500,12108,256081,40500
Lleida,Vall de Boí (La),25043,932,256,337,168,70,36,19,10,11,134,4,3,27,605,332,273,1910,230,2253,9745,53237,44485,28285,15907,9077,5354,3516,12402,2348,1575,5042,24608,12500,12108,256081,40500
Lleida,Vallfogona de Balaguer,25240,2858,13,163,154,124,77,50,33,25,25,15,6,28,58,22,36,925,154,2253,9745,53237,44485,28285,15907,9077,5354,3516,12402,2348,1575,5042,24608,12500,12108,256081,40500
Lleida,Vielha e Mijaran,25243,1565,405,1127,690,370,155,138,68,43,356,37,21,87,1017,529,488,5312,798,2253,9745,53237,44485,28285,15907,9077,5354,3516,12402,2348,1575,5042,24608,12500,12108,256081,40500
Lleida,Vilanova de Bellpuig,25248,3133,10,70,98,84,58,40,17,15,10,13,6,10,39,21,18,554,84,2253,9745,53237,44485,28285,15907,9077,5354,3516,12402,2348,1575,5042,24608,12500,12108,256081,40500
Lleida,Vilanova de la Barca,25254,2552,18,99,78,62,48,31,5,17,24,5,4,9,45,20,25,574,129,2253,9745,53237,44485,28285,15907,9077,5354,3516,12402,2348,1575,5042,24608,12500,12108,256081,40500
Lugo,Abadín,27001,2138,67,292,251,136,73,43,27,13,73,9,11,32,160,95,65,2428,1241,1992,10780,42074,29855,17223,9875,5898,4006,2565,11602,1992,1484,5671,25555,13451,12104,269067,100487
Lugo,Alfoz,27002,2137,62,218,182,95,56,27,18,14,50,12,2,17,107,58,49,1470,610,1992,10780,42074,29855,17223,9875,5898,4006,2565,11602,1992,1484,5671,25555,13451,12104,269067,100487
Lugo,Antas de Ulla,27003,2220,82,171,136,104,48,45,22,18,51,18,8,34,144,78,66,2293,1412,1992,10780,42074,29855,17223,9875,5898,4006,2565,11602,1992,1484,5671,25555,13451,12104,269067,100487
Lugo,Baleira,27004,2172,55,107,70,57,31,23,21,10,37,8,7,28,86,45,41,1081,541,1992,10780,42074,29855,17223,9875,5898,4006,2565,11602,1992,1484,5671,25555,13451,12104,269067,100487
Lugo,Baralla,27901,2514,72,207,194,144,88,52,27,28,63,16,10,31,124,60,64,1873,817,1992,10780,42074,29855,17223,9875,5898,4006,2565,11602,1992,1484,5671,25555,13451,12104,269067,100487
Lugo,Barreiros,27005,1060,565,723,389,201,143,76,34,34,322,16,15,33,1194,697,497,5518,1773,1992,10780,42074,29855,17223,9875,5898,4006,2565,11602,1992,1484,5671,25555,13451,12104,269067,100487
Lugo,Becerreá,27006,2172,103,320,244,162,80,55,35,27,77,15,11,51,183,101,82,2851,1488,1992,10780,42074,29855,17223,9875,5898,4006,2565,11602,1992,1484,5671,25555,13451,12104,269067,100487
Lugo,Begonte,27007,2072,116,364,311,180,87,56,38,15,103,5,9,28,218,114,104,2333,803,1992,10780,42074,29855,17223,9875,5898,4006,2565,11602,1992,1484,5671,25555,13451,12104,269067,100487
Lugo,Burela,27902,1903,309,1327,983,452,227,144,94,62,335,34,26,69,671,347,324,5995,1262,1992,10780,42074,29855,17223,9875,5898,4006,2565,11602,1992,1484,5671,25555,13451,12104,269067,100487
Lugo,Bóveda,27008,2316,34,102,95,58,42,23,21,19,35,12,11,31,84,47,37,1329,762,1992,10780,42074,29855,17223,9875,5898,4006,2565,11602,1992,1484,5671,25555,13451,12104,269067,100487
Lugo,Carballedo,27009,2640,57,191,140,133,99,45,31,34,55,21,18,57,147,72,75,2364,1336,1992,10780,42074,29855,17223,9875,5898,4006,2565,11602,1992,1484,5671,25555,13451,12104,269067,100487
Lugo,Castro de Rei,27010,2288,123,520,433,282,168,97,64,47,131,16,23,81,308,156,152,3587,1294,1992,10780,42074,29855,17223,9875,5898,4006,2565,11602,1992,1484,5671,25555,13451,12104,269067,100487
Lugo,Castroverde,27011,2543,58,196,168,124,83,60,37,27,54,24,18,80,178,96,82,2262,1155,1992,10780,42074,29855,17223,9875,5898,4006,2565,11602,1992,1484,5671,25555,13451,12104,269067,100487
Lugo,Cervantes,27012,2820,19,65,62,45,32,17,18,11,20,10,6,25,47,27,20,1500,1123,1992,10780,42074,29855,17223,9875,5898,4006,2565,11602,1992,1484,5671,25555,13451,12104,269067,100487
Lugo,Cervo,27013,2609,126,455,360,256,194,141,110,74,138,78,40,192,380,200,180,3054,510,1992,10780,42074,29855,17223,9875,5898,4006,2565,11602,1992,1484,5671,25555,13451,12104,269067,100487
Lugo,Chantada,27016,2428,205,705,544,385,248,166,122,85,212,73,45,243,483,248,235,6936,3420,1992,10780,42074,29855,17223,9875,5898,4006,2565,11602,1992,1484,5671,25555,13451,12104,269067,100487
Lugo,Corgo (O),27014,2961,55,231,231,183,147,96,65,41,63,33,20,76,158,86,72,2436,1037,1992,10780,42074,29855,17223,9875,5898,4006,2565,11602,1992,1484,5671,25555,13451,12104,269067,100487
Lugo,Cospeito,27015,2307,130,475,384,285,151,91,51,38,120,19,19,103,268,145,123,4035,1901,1992,10780,42074,29855,17223,9875,5898,4006,2565,11602,1992,1484,5671,25555,13451,12104,269067,100487
Lugo,Fonsagrada (A),27018,1945,134,403,300,175,90,58,43,20,110,12,14,48,285,162,123,3505,1813,1992,10780,42074,29855,17223,9875,5898,4006,2565,11602,1992,1484,5671,25555,13451,12104,269067,100487
Lugo,Foz,27019,1377,1233,1689,1088,631,333,176,119,77,594,39,39,76,2249,1377,872,11007,2664,1992,10780,42074,29855,17223,9875,5898,4006,2565,11602,1992,1484,5671,25555,13451,12104,269067,100487
Lugo,Friol,27020,2424,96,281,222,140,114,74,48,29,90,41,13,102,218,106,112,3037,1569,1992,10780,42074,29855,17223,9875,5898,4006,2565,11602,1992,1484,5671,25555,13451,12104,269067,100487
Lugo,Guitiriz,27022,2806,113,460,383,286,213,148,107,75,135,71,46,176,290,149,141,4083,1580,1992,10780,42074,29855,17223,9875,5898,4006,2565,11602,1992,1484,5671,25555,13451,12104,269067,100487
Lugo,Guntín,27023,2760,46,157,149,126,74,50,43,24,50,15,14,59,119,65,54,2112,1186,1992,10780,42074,29855,17223,9875,5898,4006,2565,11602,1992,1484,5671,25555,13451,12104,269067,100487
Lugo,Incio (O),27024,2256,41,103,105,81,51,23,16,9,46,8,3,34,111,63,48,2235,1604,1992,10780,42074,29855,17223,9875,5898,4006,2565,11602,1992,1484,5671,25555,13451,12104,269067,100487
Lugo,Lourenzá,27027,2150,79,253,202,122,70,45,26,18,62,15,11,24,139,76,63,2017,951,1992,10780,42074,29855,17223,9875,5898,4006,2565,11602,1992,1484,5671,25555,13451,12104,269067,100487
Lugo,Lugo,27028,1730,2507,17076,10791,4872,2044,981,567,320,4419,224,158,606,7351,3450,3901,62648,10732,1992,10780,42074,29855,17223,9875,5898,4006,2565,11602,1992,1484,5671,25555,13451,12104,269067,100487
Lugo,Láncara,27026,2550,44,204,167,130,68,54,32,18,45,22,22,55,135,88,47,1730,734,1992,10780,42074,29855,17223,9875,5898,4006,2565,11602,1992,1484,5671,25555,13451,12104,269067,100487
Lugo,Meira,27029,2033,55,215,140,83,52,36,26,14,61,12,12,37,118,60,58,1286,425,1992,10780,42074,29855,17223,9875,5898,4006,2565,11602,1992,1484,5671,25555,13451,12104,269067,100487
Lugo,Mondoñedo,27030,2004,159,451,331,194,129,61,45,32,129,22,13,42,283,151,132,4064,2173,1992,10780,42074,29855,17223,9875,5898,4006,2565,11602,1992,1484,5671,25555,13451,12104,269067,100487
Lugo,Monforte de Lemos,27031,2316,495,1991,1569,1010,671,422,281,170,510,128,108,396,1134,621,513,14796,5911,1992,10780,42074,29855,17223,9875,5898,4006,2565,11602,1992,1484,5671,25555,13451,12104,269067,100487
Lugo,Monterroso,27032,2075,153,430,326,195,132,65,51,28,115,32,20,63,313,169,144,3861,1938,1992,10780,42074,29855,17223,9875,5898,4006,2565,11602,1992,1484,5671,25555,13451,12104,269067,100487
Lugo,Navia de Suarna,27034,2040,23,83,62,33,19,11,9,8,18,3,2,18,62,37,25,1365,1014,1992,10780,42074,29855,17223,9875,5898,4006,2565,11602,1992,1484,5671,25555,13451,12104,269067,100487
Lugo,Nogais (As),27037,2682,17,68,76,41,33,15,20,13,18,10,11,13,50,25,25,873,488,1992,10780,42074,29855,17223,9875,5898,4006,2565,11602,1992,1484,5671,25555,13451,12104,269067,100487
Lugo,Outeiro de Rei,27039,2368,94,511,494,345,214,89,73,40,130,15,19,39,298,162,136,3228,867,1992,10780,42074,29855,17223,9875,5898,4006,2565,11602,1992,1484,5671,25555,13451,12104,269067,100487
Lugo,Palas de Rei,27040,2398,114,308,247,186,109,72,46,41,85,23,24,104,231,129,102,4069,2479,1992,10780,42074,29855,17223,9875,5898,4006,2565,11602,1992,1484,5671,25555,13451,12104,269067,100487
Lugo,Pantón,27041,2041,105,246,194,111,68,38,32,14,71,15,11,28,174,96,78,2871,1764,1992,10780,42074,29855,17223,9875,5898,4006,2565,11602,1992,1484,5671,25555,13451,12104,269067,100487
Lugo,Paradela,27042,3108,30,83,82,58,47,39,17,16,22,17,10,44,44,24,20,1215,706,1992,10780,42074,29855,17223,9875,5898,4006,2565,11602,1992,1484,5671,25555,13451,12104,269067,100487
Lugo,Pastoriza (A),27044,2268,78,249,203,123,89,50,33,24,85,14,17,77,167,92,75,2211,1002,1992,10780,42074,29855,17223,9875,5898,4006,2565,11602,1992,1484,5671,25555,13451,12104,269067,100487
Lugo,Pobra do Brollón (A),27047,2280,62,159,137,88,43,30,23,19,34,10,7,30,115,63,52,1973,1216,1992,10780,42074,29855,17223,9875,5898,4006,2565,11602,1992,1484,5671,25555,13451,12104,269067,100487
Lugo,Pol,27046,2388,42,141,109,58,50,30,19,16,36,15,9,58,104,53,51,1596,909,1992,10780,42074,29855,17223,9875,5898,4006,2565,11602,1992,1484,5671,25555,13451,12104,269067,100487
Lugo,Pontenova (A),27048,1920,90,275,202,123,80,44,20,18,79,7,9,29,217,114,103,2128,935,1992,10780,42074,29855,17223,9875,5898,4006,2565,11602,1992,1484,5671,25555,13451,12104,269067,100487
Lugo,Portomarín,27049,2372,38,110,100,53,40,28,27,13,34,13,7,48,94,50,44,1193,588,1992,10780,42074,29855,17223,9875,5898,4006,2565,11602,1992,1484,5671,25555,13451,12104,269067,100487
Lugo,Páramo (O) *,27043,3205,7,44,22,26,18,16,10,9,11,5,8,24,28,9,19,868,640,1992,10780,42074,29855,17223,9875,5898,4006,2565,11602,1992,1484,5671,25555,13451,12104,269067,100487
Lugo,Quiroga,27050,2080,149,437,258,171,122,88,48,37,126,26,21,133,298,173,125,5053,3139,1992,10780,42074,29855,17223,9875,5898,4006,2565,11602,1992,1484,5671,25555,13451,12104,269067,100487
Lugo,Resto de Lugo,27999,2169,205,512,391,234,166,132,92,53,164,44,39,105,412,234,178,7557,5008,1992,10780,42074,29855,17223,9875,5898,4006,2565,11602,1992,1484,5671,25555,13451,12104,269067,100487
Lugo,Ribadeo,27051,1796,469,1690,1088,595,343,190,115,64,468,64,37,85,1040,517,523,7986,1738,1992,10780,42074,29855,17223,9875,5898,4006,2565,11602,1992,1484,5671,25555,13451,12104,269067,100487
Lugo,Riotorto,27054,1860,69,153,123,70,35,13,8,7,35,3,3,18,136,83,53,1107,434,1992,10780,42074,29855,17223,9875,5898,4006,2565,11602,1992,1484,5671,25555,13451,12104,269067,100487
Lugo,Rábade,27056,1705,72,222,151,65,27,15,8,5,68,4,5,12,114,55,59,1165,397,1992,10780,42074,29855,17223,9875,5898,4006,2565,11602,1992,1484,5671,25555,13451,12104,269067,100487
Lugo,Samos,27055,2216,37,97,79,51,29,33,19,12,33,12,8,19,84,49,35,1372,859,1992,10780,42074,29855,17223,9875,5898,4006,2565,11602,1992,1484,5671,25555,13451,12104,269067,100487
Lugo,Sarria,27057,2304,375,1460,1140,760,444,267,218,136,417,131,82,407,933,527,406,10084,3314,1992,10780,42074,29855,17223,9875,5898,4006,2565,11602,1992,1484,5671,25555,13451,12104,269067,100487
Lugo,Saviñao (O),27058,2250,138,339,280,200,129,76,45,25,120,25,15,65,249,127,122,3659,1953,1992,10780,42074,29855,17223,9875,5898,4006,2565,11602,1992,1484,5671,25555,13451,12104,269067,100487
Lugo,Sober,27059,1956,114,213,156,109,59,52,32,14,74,10,10,31,207,129,78,3397,2316,1992,10780,42074,29855,17223,9875,5898,4006,2565,11602,1992,1484,5671,25555,13451,12104,269067,100487
Lugo,Taboada,27060,2604,58,228,166,129,98,60,49,23,69,34,21,82,151,74,77,2782,1614,1992,10780,42074,29855,17223,9875,5898,4006,2565,11602,1992,1484,5671,25555,13451,12104,269067,100487
Lugo,Trabada,27061,2170,33,127,81,71,34,20,17,8,28,5,5,20,79,47,32,961,433,1992,10780,42074,29855,17223,9875,5898,4006,2565,11602,1992,1484,5671,25555,13451,12104,269067,100487
Lugo,Valadouro (O),27063,2577,52,185,151,118,96,54,34,18,66,17,17,49,137,79,58,1724,730,1992,10780,42074,29855,17223,9875,5898,4006,2565,11602,1992,1484,5671,25555,13451,12104,269067,100487
Lugo,Vicedo (O),27064,2520,82,191,143,116,81,54,51,31,64,31,23,62,188,114,74,1959,842,1992,10780,42074,29855,17223,9875,5898,4006,2565,11602,1992,1484,5671,25555,13451,12104,269067,100487
Lugo,Vilalba,27065,2004,432,1867,1388,742,450,266,154,89,477,68,38,170,1012,512,500,10566,3413,1992,10780,42074,29855,17223,9875,5898,4006,2565,11602,1992,1484,5671,25555,13451,12104,269067,100487
Lugo,Viveiro,27066,3120,318,1341,1076,923,709,506,413,303,369,247,191,759,986,522,464,12466,4325,1992,10780,42074,29855,17223,9875,5898,4006,2565,11602,1992,1484,5671,25555,13451,12104,269067,100487
Lugo,Xermade,27021,3360,28,141,125,124,88,54,52,28,39,29,25,100,100,55,45,1675,742,1992,10780,42074,29855,17223,9875,5898,4006,2565,11602,1992,1484,5671,25555,13451,12104,269067,100487
Lugo,Xove,27025,3271,56,212,181,173,117,106,83,50,57,35,38,113,160,91,69,2238,857,1992,10780,42074,29855,17223,9875,5898,4006,2565,11602,1992,1484,5671,25555,13451,12104,269067,100487
Madrid,Ajalvir *,28002,2285,48,488,438,257,134,56,33,23,87,18,10,26,138,75,63,1867,111,2281,53978,803106,700637,385641,193805,104612,61138,38847,139880,26094,17926,57036,186655,84041,102614,2956941,187586
Madrid,Alcalá de Henares *,28005,2452,1042,20278,20098,11106,5486,2999,1820,1212,2963,950,668,2692,3723,1660,2063,79588,4551,2281,53978,803106,700637,385641,193805,104612,61138,38847,139880,26094,17926,57036,186655,84041,102614,2956941,187586
Madrid,Alcobendas *,28006,2311,723,12161,10880,5755,2819,1566,902,561,1917,433,278,993,2322,1026,1296,42744,1434,2281,53978,803106,700637,385641,193805,104612,61138,38847,139880,26094,17926,57036,186655,84041,102614,2956941,187586
Madrid,Alcorcón *,28007,2054,1254,24188,19823,8553,3113,1445,785,399,3827,252,156,342,4201,1812,2389,70601,2263,2281,53978,803106,700637,385641,193805,104612,61138,38847,139880,26094,17926,57036,186655,84041,102614,2956941,187586
Madrid,Aldea del Fresno,28008,2442,52,349,298,190,148,117,47,27,111,22,15,31,173,83,90,2155,575,2281,53978,803106,700637,385641,193805,104612,61138,38847,139880,26094,17926,57036,186655,84041,102614,2956941,187586
Madrid,Algete *,28009,2821,107,1513,1802,1282,740,441,255,173,225,104,72,261,386,189,197,7638,277,2281,53978,803106,700637,385641,193805,104612,61138,38847,139880,26094,17926,57036,186655,84041,102614,2956941,187586
Madrid,Alpedrete *,28010,2339,209,1706,1426,930,518,304,196,133,347,67,62,155,698,344,354,7101,350,2281,53978,803106,700637,385641,193805,104612,61138,38847,139880,26094,17926,57036,186655,84041,102614,2956941,187586
Madrid,Anchuelo,28012,2971,8,78,105,79,51,39,15,10,21,7,2,29,32,15,17,659,183,2281,53978,803106,700637,385641,193805,104612,61138,38847,139880,26094,17926,57036,186655,84041,102614,2956941,187586
Madrid,Aranjuez,28013,3000,290,4180,4784,3518,2172,1418,905,681,718,476,334,1352,1184,604,580,25682,3670,2281,53978,803106,700637,385641,193805,104612,61138,38847,139880,26094,17926,57036,186655,84041,102614,2956941,187586
Madrid,Arganda del Rey,28014,2844,241,3932,4642,3249,1870,1074,638,414,651,329,237,990,943,443,500,21573,2363,2281,53978,803106,700637,385641,193805,104612,61138,38847,139880,26094,17926,57036,186655,84041,102614,2956941,187586
Madrid,Arroyomolinos *,28015,2839,157,2196,2800,2216,1296,726,395,206,345,108,65,136,603,298,305,11647,398,2281,53978,803106,700637,385641,193805,104612,61138,38847,139880,26094,17926,57036,186655,84041,102614,2956941,187586
Madrid,Batres,28017,3588,10,120,119,154,110,63,57,32,13,13,10,48,48,25,23,910,113,2281,53978,803106,700637,385641,193805,104612,61138,38847,139880,26094,17926,57036,186655,84041,102614,2956941,187586
Madrid,Becerril de la Sierra,28018,2256,155,864,757,478,282,163,82,63,235,38,29,104,448,236,212,3997,299,2281,53978,803106,700637,385641,193805,104612,61138,38847,139880,26094,17926,57036,186655,84041,102614,2956941,187586
Madrid,Belmonte de Tajo,28019,3456,14,118,116,103,84,64,46,30,22,18,17,47,63,35,28,1047,305,2281,53978,803106,700637,385641,193805,104612,61138,38847,139880,26094,17926,57036,186655,84041,102614,2956941,187586
Madrid,Boadilla del Monte,28022,3095,228,3247,4426,3485,2160,1311,796,541,530,389,292,897,874,403,471,19874,698,2281,53978,803106,700637,385641,193805,104612,61138,38847,139880,26094,17926,57036,186655,84041,102614,2956941,187586
Madrid,Boalo (El),28023,2287,155,1033,932,647,304,189,94,62,242,36,23,72,477,249,228,4544,278,2281,53978,803106,700637,385641,193805,104612,61138,38847,139880,26094,17926,57036,186655,84041,102614,2956941,187586
Madrid,Brunete *,28026,2607,71,963,994,657,404,208,113,90,134,50,23,84,245,111,134,4199,163,2281,53978,803106,700637,385641,193805,104612,61138,38847,139880,26094,17926,57036,186655,84041,102614,2956941,187586
Madrid,Buitrago del Lozoya *,28027,2008,74,235,187,108,55,25,22,9,72,6,9,21,135,78,57,1108,150,2281,53978,803106,700637,385641,193805,104612,61138,38847,139880,26094,17926,57036,186655,84041,102614,2956941,187586
Madrid,Bustarviejo,28028,1740,133,538,358,203,110,59,38,17,158,16,4,34,367,187,180,2349,314,2281,53978,803106,700637,385641,193805,104612,61138,38847,139880,26094,17926,57036,186655,84041,102614,2956941,187586
Madrid,Cabrera (La),28030,2331,51,367,310,229,134,80,44,36,92,18,8,39,202,104,98,1746,136,2281,53978,803106,700637,385641,193805,104612,61138,38847,139880,26094,17926,57036,186655,84041,102614,2956941,187586
Madrid,Cadalso de los Vidrios,28031,1896,146,561,400,233,130,85,47,29,175,21,13,53,370,195,175,2974,711,2281,53978,803106,700637,385641,193805,104612,61138,38847,139880,26094,17926,57036,186655,84041,102614,2956941,187586
Madrid,Camarma de Esteruelas *,28032,2920,62,570,660,522,374,169,101,83,105,39,22,56,141,72,69,3045,141,2281,53978,803106,700637,385641,193805,104612,61138,38847,139880,26094,17926,57036,186655,84041,102614,2956941,187586
Madrid,Campo Real,28033,3396,43,368,432,376,256,165,139,84,73,70,66,220,176,106,70,3011,543,2281,53978,803106,700637,385641,193805,104612,61138,38847,139880,26094,17926,57036,186655,84041,102614,2956941,187586
Madrid,Carabaña,28035,2664,51,172,184,118,93,58,40,34,54,24,25,57,142,82,60,1711,659,2281,53978,803106,700637,385641,193805,104612,61138,38847,139880,26094,17926,57036,186655,84041,102614,2956941,187586
Madrid,Casarrubuelos *,28036,3122,22,246,296,286,168,108,63,36,36,16,21,35,70,29,41,1451,48,2281,53978,803106,700637,385641,193805,104612,61138,38847,139880,26094,17926,57036,186655,84041,102614,2956941,187586
Madrid,Cenicientos,28037,1696,148,333,223,145,81,46,20,14,106,13,3,17,276,155,121,2038,613,2281,53978,803106,700637,385641,193805,104612,61138,38847,139880,26094,17926,57036,186655,84041,102614,2956941,187586
Madrid,Cercedilla,28038,1932,295,1129,814,466,284,179,116,50,310,49,36,93,785,409,376,5105,499,2281,53978,803106,700637,385641,193805,104612,61138,38847,139880,26094,17926,57036,186655,84041,102614,2956941,187586
Madrid,Chapinería *,28051,2561,48,262,243,194,117,61,41,29,59,9,7,29,117,61,56,1313,97,2281,53978,803106,700637,385641,193805,104612,61138,38847,139880,26094,17926,57036,186655,84041,102614,2956941,187586
Madrid,Chinchón,28052,2492,121,575,509,329,224,133,94,59,142,40,32,144,317,166,151,3941,1222,2281,53978,803106,700637,385641,193805,104612,61138,38847,139880,26094,17926,57036,186655,84041,102614,2956941,187586
Madrid,Ciempozuelos,28040,2947,114,1624,1935,1397,904,496,324,244,253,157,133,419,432,200,232,9605,1173,2281,53978,803106,700637,385641,193805,104612,61138,38847,139880,26094,17926,57036,186655,84041,102614,2956941,187586
Madrid,Cobeña *,28041,3216,33,414,552,486,346,197,123,77,62,43,27,79,110,62,48,2643,94,2281,53978,803106,700637,385641,193805,104612,61138,38847,139880,26094,17926,57036,186655,84041,102614,2956941,187586
Madrid,Collado Mediano,28046,2394,132,840,822,542,322,202,99,69,189,39,16,54,396,190,206,4102,380,2281,53978,803106,700637,385641,193805,104612,61138,38847,139880,26094,17926,57036,186655,84041,102614,2956941,187586
Madrid,Collado Villalba *,28047,2127,813,8139,6762,3448,1545,761,417,263,1463,176,113,354,2305,1157,1148,27922,1363,2281,53978,803106,700637,385641,193805,104612,61138,38847,139880,26094,17926,57036,186655,84041,102614,2956941,187586
Madrid,Colmenar Viejo *,28045,2385,497,5215,5017,2912,1492,768,452,294,856,196,137,344,1311,625,686,20461,970,2281,53978,803106,700637,385641,193805,104612,61138,38847,139880,26094,17926,57036,186655,84041,102614,2956941,187586
Madrid,Colmenar de Oreja,28043,3098,109,642,608,596,423,286,183,139,176,109,47,202,413,221,192,4975,1042,2281,53978,803106,700637,385641,193805,104612,61138,38847,139880,26094,17926,57036,186655,84041,102614,2956941,187586
Madrid,Colmenar del Arroyo,28042,2439,44,230,190,141,98,42,31,18,57,7,12,19,96,54,42,1121,136,2281,53978,803106,700637,385641,193805,104612,61138,38847,139880,26094,17926,57036,186655,84041,102614,2956941,187586
Madrid,Colmenarejo,28044,2530,80,872,828,590,312,198,104,61,166,44,28,73,260,131,129,3817,201,2281,53978,803106,700637,385641,193805,104612,61138,38847,139880,26094,17926,57036,186655,84041,102614,2956941,187586
Madrid,Coslada,28049,2508,279,7578,8598,4925,2333,1005,589,395,985,292,200,828,1143,480,663,31337,2187,2281,53978,803106,700637,385641,193805,104612,61138,38847,139880,26094,17926,57036,186655,84041,102614,2956941,187586
Madrid,Cubas de la Sagra,28050,3394,33,305,462,462,344,193,114,52,54,41,18,43,106,57,49,2318,91,2281,53978,803106,700637,385641,193805,104612,61138,38847,139880,26094,17926,57036,186655,84041,102614,2956941,187586
Madrid,Daganzo de Arriba *,28053,2960,57,630,946,788,452,225,93,59,88,36,26,73,156,80,76,3757,128,2281,53978,803106,700637,385641,193805,104612,61138,38847,139880,26094,17926,57036,186655,84041,102614,2956941,187586
Madrid,Escorial (El),28054,2300,312,2074,1632,1000,606,403,288,203,463,152,104,270,1011,519,492,9294,776,2281,53978,803106,700637,385641,193805,104612,61138,38847,139880,26094,17926,57036,186655,84041,102614,2956941,187586
Madrid,Estremera,28055,1926,72,263,173,107,46,50,14,12,57,8,5,20,141,69,72,1196,228,2281,53978,803106,700637,385641,193805,104612,61138,38847,139880,26094,17926,57036,186655,84041,102614,2956941,187586
Madrid,Fresnedillas de la Oliva,28056,2178,36,216,175,109,72,29,21,19,63,6,5,17,94,53,41,938,76,2281,53978,803106,700637,385641,193805,104612,61138,38847,139880,26094,17926,57036,186655,84041,102614,2956941,187586
Madrid,Fresno de Torote,28057,2884,24,223,217,169,137,77,59,20,49,16,14,37,84,42,42,1216,90,2281,53978,803106,700637,385641,193805,104612,61138,38847,139880,26094,17926,57036,186655,84041,102614,2956941,187586
Madrid,Fuenlabrada *,28058,2268,1029,21021,22059,10391,3966,1790,929,552,2827,341,183,448,3323,1450,1873,70944,2085,2281,53978,803106,700637,385641,193805,104612,61138,38847,139880,26094,17926,57036,186655,84041,102614,2956941,187586
Madrid,Fuente el Saz de Jarama *,28059,3112,50,511,539,455,328,210,148,86,89,63,46,97,183,93,90,2968,163,2281,53978,803106,700637,385641,193805,104612,61138,38847,139880,26094,17926,57036,186655,84041,102614,2956941,187586
Madrid,Fuentidueña de Tajo,28060,2295,59,279,243,171,122,53,41,11,93,21,10,30,172,89,83,1581,276,2281,53978,803106,700637,385641,193805,104612,61138,38847,139880,26094,17926,57036,186655,84041,102614,2956941,187586
Madrid,Galapagar,28061,2499,313,3586,3383,2230,1241,710,399,255,647,177,115,347,1025,506,519,15295,867,2281,53978,803106,700637,385641,193805,104612,61138,38847,139880,26094,17926,57036,186655,84041,102614,2956941,187586
Madrid,Getafe *,28065,2239,1512,23134,20970,11501,5165,2560,1321,697,3798,407,248,603,5034,2254,2780,79835,2885,2281,53978,803106,700637,385641,193805,104612,61138,38847,139880,26094,17926,57036,186655,84041,102614,2956941,187586
Madrid,Griñón *,28066,3099,51,674,786,650,459,299,199,106,107,62,40,106,194,87,107,3900,167,2281,53978,803106,700637,385641,193805,104612,61138,38847,139880,26094,17926,57036,186655,84041,102614,2956941,187586
Madrid,Guadalix de la Sierra,28067,2296,147,773,690,477,243,138,71,60,204,26,29,63,376,188,188,3568,271,2281,53978,803106,700637,385641,193805,104612,61138,38847,139880,26094,17926,57036,186655,84041,102614,2956941,187586
Madrid,Guadarrama *,28068,1987,558,2252,1784,995,581,318,190,132,621,77,65,152,1498,787,711,9883,660,2281,53978,803106,700637,385641,193805,104612,61138,38847,139880,26094,17926,57036,186655,84041,102614,2956941,187586
Madrid,Hoyo de Manzanares,28072,2300,141,971,902,538,278,176,114,60,224,44,38,98,453,235,218,4354,317,2281,53978,803106,700637,385641,193805,104612,61138,38847,139880,26094,17926,57036,186655,84041,102614,2956941,187586
Madrid,Humanes de Madrid *,28073,2386,154,1870,2029,1151,502,250,136,73,298,37,28,74,414,207,207,7317,301,2281,53978,803106,700637,385641,193805,104612,61138,38847,139880,26094,17926,57036,186655,84041,102614,2956941,187586
Madrid,Leganés *,28074,2097,1356,25838,20886,9964,4018,1913,1037,610,4035,381,223,513,4643,2051,2592,77962,2545,2281,53978,803106,700637,385641,193805,104612,61138,38847,139880,26094,17926,57036,186655,84041,102614,2956941,187586
Madrid,Loeches,28075,3305,40,474,666,574,377,252,132,106,82,74,62,233,154,81,73,3721,495,2281,53978,803106,700637,385641,193805,104612,61138,38847,139880,26094,17926,57036,186655,84041,102614,2956941,187586
Madrid,Lozoyuela-Navas-Sieteiglesias,28901,2030,64,228,172,126,61,32,21,14,63,13,7,18,160,92,68,1339,360,2281,53978,803106,700637,385641,193805,104612,61138,38847,139880,26094,17926,57036,186655,84041,102614,2956941,187586
Madrid,Madrid,28079,2163,27228,451665,357536,185388,90848,48054,27963,17843,81638,11888,8288,27874,100087,42733,57354,1533221,96921,2281,53978,803106,700637,385641,193805,104612,61138,38847,139880,26094,17926,57036,186655,84041,102614,2956941,187586
Madrid,Majadahonda *,28080,2698,314,5648,6532,4405,2544,1404,748,393,778,286,162,523,1156,543,613,25577,684,2281,53978,803106,700637,385641,193805,104612,61138,38847,139880,26094,17926,57036,186655,84041,102614,2956941,187586
Madrid,Manzanares el Real,28082,2654,147,1036,1012,734,485,337,202,140,259,109,71,113,500,248,252,5532,387,2281,53978,803106,700637,385641,193805,104612,61138,38847,139880,26094,17926,57036,186655,84041,102614,2956941,187586
Madrid,Meco *,28083,2983,82,947,1198,1006,604,362,209,130,181,75,66,101,264,122,142,5431,206,2281,53978,803106,700637,385641,193805,104612,61138,38847,139880,26094,17926,57036,186655,84041,102614,2956941,187586
Madrid,Mejorada del Campo,28084,2964,96,1473,1860,1287,765,419,305,209,210,146,93,496,322,162,160,9163,1482,2281,53978,803106,700637,385641,193805,104612,61138,38847,139880,26094,17926,57036,186655,84041,102614,2956941,187586
Madrid,Miraflores de la Sierra,28085,2029,205,1037,825,502,245,126,70,56,279,30,21,70,553,269,284,4865,846,2281,53978,803106,700637,385641,193805,104612,61138,38847,139880,26094,17926,57036,186655,84041,102614,2956941,187586
Madrid,Molar (El),28086,2486,130,955,793,553,350,225,160,84,221,66,41,97,367,197,170,4405,363,2281,53978,803106,700637,385641,193805,104612,61138,38847,139880,26094,17926,57036,186655,84041,102614,2956941,187586
Madrid,Molinos (Los),28087,2270,105,673,563,370,196,107,51,46,144,22,25,58,307,159,148,2837,170,2281,53978,803106,700637,385641,193805,104612,61138,38847,139880,26094,17926,57036,186655,84041,102614,2956941,187586
Madrid,Moraleja de Enmedio *,28089,2985,41,309,428,359,221,125,81,47,73,22,16,41,121,61,60,1989,105,2281,53978,803106,700637,385641,193805,104612,61138,38847,139880,26094,17926,57036,186655,84041,102614,2956941,187586
Madrid,Moralzarzal *,28090,2393,169,1355,1347,924,494,262,133,79,282,54,42,84,621,295,326,6085,239,2281,53978,803106,700637,385641,193805,104612,61138,38847,139880,26094,17926,57036,186655,84041,102614,2956941,187586
Madrid,Morata de Tajuña,28091,3486,55,406,506,404,310,232,150,119,95,82,77,261,217,111,106,3678,764,2281,53978,803106,700637,385641,193805,104612,61138,38847,139880,26094,17926,57036,186655,84041,102614,2956941,187586
Madrid,Móstoles *,28092,2109,1478,27102,23375,10106,4015,1844,966,674,3985,400,263,552,4775,2081,2694,82103,2568,2281,53978,803106,700637,385641,193805,104612,61138,38847,139880,26094,17926,57036,186655,84041,102614,2956941,187586
Madrid,Navacerrada,28093,1809,129,570,395,217,122,75,43,28,181,17,11,39,380,194,186,2454,247,2281,53978,803106,700637,385641,193805,104612,61138,38847,139880,26094,17926,57036,186655,84041,102614,2956941,187586
Madrid,Navalafuente,28094,2049,49,284,219,115,68,45,22,15,69,8,10,25,144,52,92,1175,102,2281,53978,803106,700637,385641,193805,104612,61138,38847,139880,26094,17926,57036,186655,84041,102614,2956941,187586
Madrid,Navalagamella,28095,2482,33,294,262,195,138,67,29,21,70,14,16,29,144,83,61,1490,178,2281,53978,803106,700637,385641,193805,104612,61138,38847,139880,26094,17926,57036,186655,84041,102614,2956941,187586
Madrid,Navalcarnero,28096,2497,240,2816,2812,1899,1061,527,304,172,483,95,62,163,791,404,387,12156,731,2281,53978,803106,700637,385641,193805,104612,61138,38847,139880,26094,17926,57036,186655,84041,102614,2956941,187586
Madrid,Navas del Rey *,28099,2540,55,320,323,228,125,94,51,24,87,24,22,36,166,86,80,1715,160,2281,53978,803106,700637,385641,193805,104612,61138,38847,139880,26094,17926,57036,186655,84041,102614,2956941,187586
Madrid,Nuevo Baztán,28100,3663,65,313,356,368,294,212,178,94,75,96,49,150,232,125,107,3503,1021,2281,53978,803106,700637,385641,193805,104612,61138,38847,139880,26094,17926,57036,186655,84041,102614,2956941,187586
Madrid,Orusco de Tajuña,28102,2640,40,129,94,79,64,45,19,15,43,14,6,43,98,62,36,1030,341,2281,53978,803106,700637,385641,193805,104612,61138,38847,139880,26094,17926,57036,186655,84041,102614,2956941,187586
Madrid,Paracuellos de Jarama *,28104,2837,143,1896,2203,1629,991,615,362,207,302,127,88,217,484,252,232,9607,343,2281,53978,803106,700637,385641,193805,104612,61138,38847,139880,26094,17926,57036,186655,84041,102614,2956941,187586
Madrid,Parla *,28106,2357,803,12826,13137,7131,3231,1622,949,627,1941,334,214,375,2560,1215,1345,47256,1506,2281,53978,803106,700637,385641,193805,104612,61138,38847,139880,26094,17926,57036,186655,84041,102614,2956941,187586
Madrid,Pedrezuela *,28108,3072,72,523,569,502,327,216,151,107,130,50,52,122,234,117,117,3225,170,2281,53978,803106,700637,385641,193805,104612,61138,38847,139880,26094,17926,57036,186655,84041,102614,2956941,187586
Madrid,Pelayos de la Presa,28109,1876,165,479,349,224,136,86,57,31,169,25,17,38,422,234,188,2586,388,2281,53978,803106,700637,385641,193805,104612,61138,38847,139880,26094,17926,57036,186655,84041,102614,2956941,187586
Madrid,Perales de Tajuña,28110,3146,37,229,274,210,174,112,70,46,50,40,25,52,116,58,58,1770,335,2281,53978,803106,700637,385641,193805,104612,61138,38847,139880,26094,17926,57036,186655,84041,102614,2956941,187586
Madrid,Pinto *,28113,2602,310,5126,5229,2976,1664,1154,846,608,732,455,320,470,1031,482,549,21507,586,2281,53978,803106,700637,385641,193805,104612,61138,38847,139880,26094,17926,57036,186655,84041,102614,2956941,187586
Madrid,Pozuelo de Alarcón,28115,2983,359,5766,7011,5218,3126,1834,1153,802,888,590,452,1608,1340,620,720,32327,2180,2281,53978,803106,700637,385641,193805,104612,61138,38847,139880,26094,17926,57036,186655,84041,102614,2956941,187586
Madrid,Pozuelo del Rey,28116,3476,9,79,78,75,62,48,22,14,21,8,10,37,35,21,14,642,144,2281,53978,803106,700637,385641,193805,104612,61138,38847,139880,26094,17926,57036,186655,84041,102614,2956941,187586
Madrid,Quijorna *,28119,2871,28,307,331,277,184,103,47,31,50,21,14,20,96,50,46,1594,85,2281,53978,803106,700637,385641,193805,104612,61138,38847,139880,26094,17926,57036,186655,84041,102614,2956941,187586
Madrid,Rascafría *,28120,1564,127,384,262,129,64,28,21,11,156,5,7,23,334,159,175,1720,169,2281,53978,803106,700637,385641,193805,104612,61138,38847,139880,26094,17926,57036,186655,84041,102614,2956941,187586
Madrid,Resto de Madrid,28999,1742,1097,3160,2071,1236,767,443,282,177,1048,111,81,274,2603,1390,1213,18006,4656,2281,53978,803106,700637,385641,193805,104612,61138,38847,139880,26094,17926,57036,186655,84041,102614,2956941,187586
Madrid,Rivas-Vaciamadrid,28123,2713,284,6890,8756,5857,3210,1739,883,483,860,310,163,551,1236,585,651,35980,4758,2281,53978,803106,700637,385641,193805,104612,61138,38847,139880,26094,17926,57036,186655,84041,102614,2956941,187586
Madrid,Robledo de Chavela,28125,2097,176,710,550,366,226,130,79,46,188,28,23,48,488,250,238,3478,420,2281,53978,803106,700637,385641,193805,104612,61138,38847,139880,26094,17926,57036,186655,84041,102614,2956941,187586
Madrid,Rozas de Madrid (Las) *,28127,2809,427,7230,8496,5845,3389,2018,1218,789,1089,536,405,1300,1607,793,814,35404,1055,2281,53978,803106,700637,385641,193805,104612,61138,38847,139880,26094,17926,57036,186655,84041,102614,2956941,187586
Madrid,San Agustín del Guadalix *,28129,2783,72,1025,1187,842,520,279,185,93,172,69,38,114,282,148,134,5071,193,2281,53978,803106,700637,385641,193805,104612,61138,38847,139880,26094,17926,57036,186655,84041,102614,2956941,187586
Madrid,San Fernando de Henares,28130,2452,171,3961,4461,2432,1078,554,292,186,563,138,95,323,633,273,360,15621,734,2281,53978,803106,700637,385641,193805,104612,61138,38847,139880,26094,17926,57036,186655,84041,102614,2956941,187586
Madrid,San Lorenzo de El Escorial *,28131,2273,333,2184,1906,1154,669,398,273,179,536,134,87,211,1122,567,555,9925,739,2281,53978,803106,700637,385641,193805,104612,61138,38847,139880,26094,17926,57036,186655,84041,102614,2956941,187586
Madrid,San Martín de Valdeiglesias,28133,2288,279,1054,835,617,387,247,124,69,276,60,40,105,673,380,293,5817,1051,2281,53978,803106,700637,385641,193805,104612,61138,38847,139880,26094,17926,57036,186655,84041,102614,2956941,187586
Madrid,San Martín de la Vega,28132,3047,96,1126,1468,1175,708,415,242,188,207,109,87,356,353,183,170,7629,1099,2281,53978,803106,700637,385641,193805,104612,61138,38847,139880,26094,17926,57036,186655,84041,102614,2956941,187586
Madrid,San Sebastián de los Reyes *,28134,2295,593,10269,9872,5106,2296,1152,658,407,1516,333,185,546,2005,932,1073,36032,1094,2281,53978,803106,700637,385641,193805,104612,61138,38847,139880,26094,17926,57036,186655,84041,102614,2956941,187586
Madrid,Santa María de la Alameda,28135,1507,148,374,238,101,73,36,21,15,138,7,7,14,338,198,140,1946,436,2281,53978,803106,700637,385641,193805,104612,61138,38847,139880,26094,17926,57036,186655,84041,102614,2956941,187586
Madrid,Santos de la Humosa (Los),28137,2969,20,158,226,157,122,55,34,25,26,11,9,46,63,29,34,1263,311,2281,53978,803106,700637,385641,193805,104612,61138,38847,139880,26094,17926,57036,186655,84041,102614,2956941,187586
Madrid,Serranillos del Valle,28140,3469,24,221,286,267,247,146,105,58,43,29,24,30,94,48,46,1707,133,2281,53978,803106,700637,385641,193805,104612,61138,38847,139880,26094,17926,57036,186655,84041,102614,2956941,187586
Madrid,Sevilla la Nueva *,28141,2519,65,913,854,545,350,211,123,73,139,36,27,80,235,119,116,3780,129,2281,53978,803106,700637,385641,193805,104612,61138,38847,139880,26094,17926,57036,186655,84041,102614,2956941,187586
Madrid,Soto del Real,28144,2514,121,950,904,668,428,242,123,90,235,49,39,93,453,217,236,4732,337,2281,53978,803106,700637,385641,193805,104612,61138,38847,139880,26094,17926,57036,186655,84041,102614,2956941,187586
Madrid,Talamanca de Jarama,28145,2598,54,396,378,263,163,110,67,41,95,26,25,46,156,91,65,2047,227,2281,53978,803106,700637,385641,193805,104612,61138,38847,139880,26094,17926,57036,186655,84041,102614,2956941,187586
Madrid,Tielmes,28146,3741,21,122,156,146,114,95,68,45,53,36,19,110,98,54,44,1502,419,2281,53978,803106,700637,385641,193805,104612,61138,38847,139880,26094,17926,57036,186655,84041,102614,2956941,187586
Madrid,Titulcia,28147,3551,4,69,86,87,73,45,22,24,17,12,9,41,40,16,24,693,164,2281,53978,803106,700637,385641,193805,104612,61138,38847,139880,26094,17926,57036,186655,84041,102614,2956941,187586
Madrid,Torrejón de Ardoz *,28148,2221,932,15072,14758,7300,2766,1277,629,378,2149,227,137,350,2767,1282,1485,50494,1752,2281,53978,803106,700637,385641,193805,104612,61138,38847,139880,26094,17926,57036,186655,84041,102614,2956941,187586
Madrid,Torrejón de Velasco,28150,2868,44,330,354,326,211,128,66,33,63,19,13,32,167,82,85,1923,137,2281,53978,803106,700637,385641,193805,104612,61138,38847,139880,26094,17926,57036,186655,84041,102614,2956941,187586
Madrid,Torrejón de la Calzada *,28149,2966,44,585,760,607,406,190,135,84,95,51,34,48,169,92,77,3352,144,2281,53978,803106,700637,385641,193805,104612,61138,38847,139880,26094,17926,57036,186655,84041,102614,2956941,187586
Madrid,Torrelaguna,28151,2640,72,474,453,295,226,141,82,43,97,35,25,68,231,129,102,2778,536,2281,53978,803106,700637,385641,193805,104612,61138,38847,139880,26094,17926,57036,186655,84041,102614,2956941,187586
Madrid,Torrelodones,28152,3141,91,1544,1707,1338,976,676,457,283,320,185,112,343,389,180,209,8857,436,2281,53978,803106,700637,385641,193805,104612,61138,38847,139880,26094,17926,57036,186655,84041,102614,2956941,187586
Madrid,Torremocha de Jarama,28153,1987,32,139,87,66,44,16,12,8,36,8,7,8,85,41,44,639,91,2281,53978,803106,700637,385641,193805,104612,61138,38847,139880,26094,17926,57036,186655,84041,102614,2956941,187586
Madrid,Torres de la Alameda,28154,3609,28,348,481,501,348,215,157,79,63,65,56,194,115,60,55,2948,298,2281,53978,803106,700637,385641,193805,104612,61138,38847,139880,26094,17926,57036,186655,84041,102614,2956941,187586
Madrid,Tres Cantos *,28903,2246,325,5511,5250,2717,1080,495,231,153,803,85,49,157,1080,467,613,18542,606,2281,53978,803106,700637,385641,193805,104612,61138,38847,139880,26094,17926,57036,186655,84041,102614,2956941,187586
Madrid,Valdeavero,28156,3258,14,128,157,151,114,91,42,29,31,13,14,21,65,39,26,948,78,2281,53978,803106,700637,385641,193805,104612,61138,38847,139880,26094,17926,57036,186655,84041,102614,2956941,187586
Madrid,Valdelaguna,28157,3092,19,94,63,75,60,29,33,14,32,13,12,22,55,31,24,781,260,2281,53978,803106,700637,385641,193805,104612,61138,38847,139880,26094,17926,57036,186655,84041,102614,2956941,187586
Madrid,Valdemanco,28158,1542,44,197,119,80,26,25,7,7,70,5,3,5,150,78,72,816,78,2281,53978,803106,700637,385641,193805,104612,61138,38847,139880,26094,17926,57036,186655,84041,102614,2956941,187586
Madrid,Valdemorillo,28160,2875,142,1356,1325,1054,728,474,297,193,252,119,72,198,499,257,242,7154,445,2281,53978,803106,700637,385641,193805,104612,61138,38847,139880,26094,17926,57036,186655,84041,102614,2956941,187586
Madrid,Valdemoro *,28161,2452,458,7132,8028,4825,2237,1084,555,298,1116,175,96,300,1598,733,865,28896,994,2281,53978,803106,700637,385641,193805,104612,61138,38847,139880,26094,17926,57036,186655,84041,102614,2956941,187586
Madrid,Valdeolmos-Alalpardo,28162,2832,26,352,360,249,174,107,73,43,75,41,29,73,111,59,52,1811,98,2281,53978,803106,700637,385641,193805,104612,61138,38847,139880,26094,17926,57036,186655,84041,102614,2956941,187586
Madrid,Valdetorres de Jarama *,28164,3225,44,369,384,366,247,180,115,70,85,53,42,68,141,67,74,2289,125,2281,53978,803106,700637,385641,193805,104612,61138,38847,139880,26094,17926,57036,186655,84041,102614,2956941,187586
Madrid,Valdilecha,28165,3235,22,172,178,171,107,70,49,35,40,34,21,103,108,56,52,1592,482,2281,53978,803106,700637,385641,193805,104612,61138,38847,139880,26094,17926,57036,186655,84041,102614,2956941,187586
Madrid,Velilla de San Antonio,28167,3060,35,682,900,688,453,226,161,94,84,80,41,175,156,77,79,4569,794,2281,53978,803106,700637,385641,193805,104612,61138,38847,139880,26094,17926,57036,186655,84041,102614,2956941,187586
Madrid,Vellón (El),28168,2414,53,259,241,175,87,62,39,24,67,13,7,16,131,67,64,1463,289,2281,53978,803106,700637,385641,193805,104612,61138,38847,139880,26094,17926,57036,186655,84041,102614,2956941,187586
Madrid,Venturada,28169,2681,29,277,247,202,113,82,54,27,64,26,15,40,130,65,65,1397,91,2281,53978,803106,700637,385641,193805,104612,61138,38847,139880,26094,17926,57036,186655,84041,102614,2956941,187586
Madrid,Villa del Prado,28171,2543,120,880,720,505,395,243,148,93,221,60,35,81,376,186,190,4379,502,2281,53978,803106,700637,385641,193805,104612,61138,38847,139880,26094,17926,57036,186655,84041,102614,2956941,187586
Madrid,Villaconejos,28170,3191,30,213,224,203,146,71,68,43,44,27,19,99,127,63,64,1686,372,2281,53978,803106,700637,385641,193805,104612,61138,38847,139880,26094,17926,57036,186655,84041,102614,2956941,187586
Madrid,Villalbilla,28172,3438,55,799,1040,973,680,464,282,193,144,143,89,250,232,100,132,6364,1020,2281,53978,803106,700637,385641,193805,104612,61138,38847,139880,26094,17926,57036,186655,84041,102614,2956941,187586
Madrid,Villamanta,28174,2842,29,217,208,184,124,76,42,33,44,17,6,35,95,47,48,1305,195,2281,53978,803106,700637,385641,193805,104612,61138,38847,139880,26094,17926,57036,186655,84041,102614,2956941,187586
Madrid,Villamantilla,28175,3299,14,104,120,120,79,58,46,20,23,14,6,21,49,30,19,766,92,2281,53978,803106,700637,385641,193805,104612,61138,38847,139880,26094,17926,57036,186655,84041,102614,2956941,187586
Madrid,Villanueva de Perales,28178,3292,8,87,129,116,89,63,36,17,16,7,7,15,39,18,21,783,154,2281,53978,803106,700637,385641,193805,104612,61138,38847,139880,26094,17926,57036,186655,84041,102614,2956941,187586
Madrid,Villanueva de la Cañada,28176,3397,83,1549,1310,1161,922,695,482,315,339,248,182,539,384,178,206,8559,350,2281,53978,803106,700637,385641,193805,104612,61138,38847,139880,26094,17926,57036,186655,84041,102614,2956941,187586
Madrid,Villanueva del Pardillo *,28177,2714,89,1318,1515,1032,600,288,162,106,169,69,41,90,244,134,110,5886,163,2281,53978,803106,700637,385641,193805,104612,61138,38847,139880,26094,17926,57036,186655,84041,102614,2956941,187586
Madrid,Villar del Olmo,28179,3371,27,118,130,115,88,65,43,43,27,24,18,52,87,45,42,1230,393,2281,53978,803106,700637,385641,193805,104612,61138,38847,139880,26094,17926,57036,186655,84041,102614,2956941,187586
Madrid,Villarejo de Salvanés,28180,3446,65,436,483,401,338,227,147,123,105,72,50,279,231,136,95,3794,837,2281,53978,803106,700637,385641,193805,104612,61138,38847,139880,26094,17926,57036,186655,84041,102614,2956941,187586
Madrid,Villaviciosa de Odón,28181,3183,107,1936,2180,1772,1159,771,527,354,354,292,216,582,502,235,267,11252,500,2281,53978,803106,700637,385641,193805,104612,61138,38847,139880,26094,17926,57036,186655,84041,102614,2956941,187586
Madrid,Zarzalejo,28183,1987,71,274,230,94,56,37,20,13,72,10,7,15,146,82,64,1221,176,2281,53978,803106,700637,385641,193805,104612,61138,38847,139880,26094,17926,57036,186655,84041,102614,2956941,187586
Madrid,Álamo (El) *,28004,2962,60,749,805,642,508,307,187,114,148,51,44,81,277,145,132,4204,231,2281,53978,803106,700637,385641,193805,104612,61138,38847,139880,26094,17926,57036,186655,84041,102614,2956941,187586
Melilla,Melilla,52001,2434,660,6565,5976,4140,2389,1392,751,397,1313,213,123,353,2129,940,1189,29347,2946,2434,660,6565,5976,4140,2389,1392,751,397,1313,213,123,353,2129,940,1189,29347,2946
Murcia,Abanilla,30001,2291,240,737,639,463,294,187,96,61,214,31,18,72,517,254,263,5007,1438,2487,29990,156176,145270,110139,71909,42757,23725,13252,40132,7351,4375,10640,85273,43641,41632,844100,103111
Murcia,Abarán,30002,2686,211,1240,1180,999,644,457,213,119,304,68,35,71,570,284,286,7089,978,2487,29990,156176,145270,110139,71909,42757,23725,13252,40132,7351,4375,10640,85273,43641,41632,844100,103111
Murcia,Albudeite,30004,2406,27,122,106,77,49,32,17,9,35,6,7,11,77,49,28,800,225,2487,29990,156176,145270,110139,71909,42757,23725,13252,40132,7351,4375,10640,85273,43641,41632,844100,103111
Murcia,Alcantarilla,30005,2851,343,3196,3665,2970,2033,1233,595,326,613,148,87,185,1058,523,535,18107,1655,2487,29990,156176,145270,110139,71909,42757,23725,13252,40132,7351,4375,10640,85273,43641,41632,844100,103111
Murcia,Alcázares (Los),30902,1277,2110,3823,2205,1415,888,473,277,157,1784,104,67,135,4928,2654,2274,21714,3348,2487,29990,156176,145270,110139,71909,42757,23725,13252,40132,7351,4375,10640,85273,43641,41632,844100,103111
Murcia,Aledo,30006,2215,20,159,130,106,72,38,23,14,53,5,4,15,124,65,59,965,202,2487,29990,156176,145270,110139,71909,42757,23725,13252,40132,7351,4375,10640,85273,43641,41632,844100,103111
Murcia,Alguazas,30007,2941,109,630,740,612,466,307,155,107,171,57,20,53,309,156,153,4492,756,2487,29990,156176,145270,110139,71909,42757,23725,13252,40132,7351,4375,10640,85273,43641,41632,844100,103111
Murcia,Alhama de Murcia,30008,2390,656,2514,2343,1781,1150,644,376,195,720,94,51,169,1591,833,758,14939,2655,2487,29990,156176,145270,110139,71909,42757,23725,13252,40132,7351,4375,10640,85273,43641,41632,844100,103111
Murcia,Archena,30009,3017,207,1356,1537,1355,982,635,378,209,322,121,61,147,638,314,324,9144,1196,2487,29990,156176,145270,110139,71909,42757,23725,13252,40132,7351,4375,10640,85273,43641,41632,844100,103111
Murcia,Beniel,30010,2994,82,792,787,672,506,336,194,122,161,51,34,72,262,130,132,4426,355,2487,29990,156176,145270,110139,71909,42757,23725,13252,40132,7351,4375,10640,85273,43641,41632,844100,103111
Murcia,Blanca,30011,2333,178,761,597,490,326,156,86,31,174,37,25,41,450,248,202,3866,514,2487,29990,156176,145270,110139,71909,42757,23725,13252,40132,7351,4375,10640,85273,43641,41632,844100,103111
Murcia,Bullas,30012,2208,265,1500,1384,833,385,210,121,60,331,45,21,66,688,358,330,7011,1102,2487,29990,156176,145270,110139,71909,42757,23725,13252,40132,7351,4375,10640,85273,43641,41632,844100,103111
Murcia,Calasparra,30013,2515,205,1060,1017,775,503,266,145,77,252,30,25,45,555,280,275,6095,1140,2487,29990,156176,145270,110139,71909,42757,23725,13252,40132,7351,4375,10640,85273,43641,41632,844100,103111
Murcia,Campos del Río,30014,2724,30,194,170,168,108,59,32,27,43,12,8,15,94,58,36,1250,290,2487,29990,156176,145270,110139,71909,42757,23725,13252,40132,7351,4375,10640,85273,43641,41632,844100,103111
Murcia,Caravaca de la Cruz,30015,2183,563,3205,2876,1691,806,428,238,140,680,85,71,179,1413,696,717,14630,2255,2487,29990,156176,145270,110139,71909,42757,23725,13252,40132,7351,4375,10640,85273,43641,41632,844100,103111
Murcia,Cartagena,30016,2403,4073,23472,20960,16041,10390,6067,3197,1691,6503,914,511,1329,13465,6721,6744,125253,16640,2487,29990,156176,145270,110139,71909,42757,23725,13252,40132,7351,4375,10640,85273,43641,41632,844100,103111
Murcia,Cehegín,30017,2321,381,1789,1724,1121,633,341,174,93,426,49,39,102,856,428,428,9156,1428,2487,29990,156176,145270,110139,71909,42757,23725,13252,40132,7351,4375,10640,85273,43641,41632,844100,103111
Murcia,Ceutí,30018,3070,104,800,971,849,646,398,267,133,212,69,37,78,365,194,171,5491,562,2487,29990,156176,145270,110139,71909,42757,23725,13252,40132,7351,4375,10640,85273,43641,41632,844100,103111
Murcia,Cieza,30019,2534,535,3430,3374,2395,1488,842,461,232,707,143,86,190,1311,677,634,16704,1510,2487,29990,156176,145270,110139,71909,42757,23725,13252,40132,7351,4375,10640,85273,43641,41632,844100,103111
Murcia,Fortuna,30020,2758,181,1022,931,755,532,382,238,136,248,92,39,130,546,262,284,6230,998,2487,29990,156176,145270,110139,71909,42757,23725,13252,40132,7351,4375,10640,85273,43641,41632,844100,103111
Murcia,Fuente Álamo de Murcia,30021,2748,261,1409,1332,1052,749,517,312,178,352,124,74,203,777,407,370,10054,2714,2487,29990,156176,145270,110139,71909,42757,23725,13252,40132,7351,4375,10640,85273,43641,41632,844100,103111
Murcia,Jumilla,30022,2447,419,2719,2605,1892,1010,550,292,155,553,87,50,175,1029,534,495,13679,2143,2487,29990,156176,145270,110139,71909,42757,23725,13252,40132,7351,4375,10640,85273,43641,41632,844100,103111
Murcia,Librilla,30023,2703,93,596,606,462,346,236,129,64,152,49,22,32,333,177,156,3712,592,2487,29990,156176,145270,110139,71909,42757,23725,13252,40132,7351,4375,10640,85273,43641,41632,844100,103111
Murcia,Lorca,30024,2595,879,8294,8197,5876,3541,2010,1185,676,1656,435,283,762,2819,1394,1425,42431,5818,2487,29990,156176,145270,110139,71909,42757,23725,13252,40132,7351,4375,10640,85273,43641,41632,844100,103111
Murcia,Lorquí *,30025,2931,106,557,628,502,420,292,151,72,146,29,22,49,302,161,141,3642,366,2487,29990,156176,145270,110139,71909,42757,23725,13252,40132,7351,4375,10640,85273,43641,41632,844100,103111
Murcia,Mazarrón,30026,1604,2143,5881,3805,2675,1674,920,487,267,2297,160,93,267,6044,3133,2911,31537,4824,2487,29990,156176,145270,110139,71909,42757,23725,13252,40132,7351,4375,10640,85273,43641,41632,844100,103111
Murcia,Molina de Segura,30027,2969,577,5772,6409,5492,3778,2451,1307,739,1162,425,248,536,2013,993,1020,32908,1999,2487,29990,156176,145270,110139,71909,42757,23725,13252,40132,7351,4375,10640,85273,43641,41632,844100,103111
Murcia,Moratalla,30028,1985,373,1188,885,620,344,153,92,54,329,33,23,81,809,433,376,6992,2008,2487,29990,156176,145270,110139,71909,42757,23725,13252,40132,7351,4375,10640,85273,43641,41632,844100,103111
Murcia,Mula,30029,2328,281,1875,1735,1212,705,378,191,118,458,43,28,100,903,469,434,9891,1864,2487,29990,156176,145270,110139,71909,42757,23725,13252,40132,7351,4375,10640,85273,43641,41632,844100,103111
Murcia,Murcia,30030,2797,4316,41604,44017,34743,23567,14042,7929,4444,8332,2425,1401,3156,14454,7087,7367,219740,15310,2487,29990,156176,145270,110139,71909,42757,23725,13252,40132,7351,4375,10640,85273,43641,41632,844100,103111
Murcia,Pliego,30032,2268,93,455,406,301,170,92,47,26,114,16,3,32,264,140,124,2628,609,2487,29990,156176,145270,110139,71909,42757,23725,13252,40132,7351,4375,10640,85273,43641,41632,844100,103111
Murcia,Puerto Lumbreras,30033,2580,181,1468,1385,1077,683,379,212,120,343,60,38,92,554,272,282,7966,1374,2487,29990,156176,145270,110139,71909,42757,23725,13252,40132,7351,4375,10640,85273,43641,41632,844100,103111
Murcia,Resto de Murcia,30999,2064,61,190,152,120,69,37,20,10,62,8,8,16,163,88,75,1232,316,2487,29990,156176,145270,110139,71909,42757,23725,13252,40132,7351,4375,10640,85273,43641,41632,844100,103111
Murcia,Ricote,30034,1837,81,263,179,131,72,41,15,8,87,5,4,13,197,116,81,1620,524,2487,29990,156176,145270,110139,71909,42757,23725,13252,40132,7351,4375,10640,85273,43641,41632,844100,103111
Murcia,San Javier,30035,1243,3680,7069,3807,2693,1704,1019,618,356,3353,207,148,352,9697,5256,4441,41372,6669,2487,29990,156176,145270,110139,71909,42757,23725,13252,40132,7351,4375,10640,85273,43641,41632,844100,103111
Murcia,San Pedro del Pinatar,30036,1738,2189,3484,2621,1799,1216,730,404,252,1310,123,82,218,4149,2377,1772,21460,2883,2487,29990,156176,145270,110139,71909,42757,23725,13252,40132,7351,4375,10640,85273,43641,41632,844100,103111
Murcia,Santomera,30901,3060,103,1170,1203,1030,823,532,320,186,229,98,72,116,435,217,218,6862,545,2487,29990,156176,145270,110139,71909,42757,23725,13252,40132,7351,4375,10640,85273,43641,41632,844100,103111
Murcia,Torre-Pacheco,30037,2550,719,3663,3239,2579,1810,1137,694,414,1031,238,145,349,2205,1076,1129,21899,3676,2487,29990,156176,145270,110139,71909,42757,23725,13252,40132,7351,4375,10640,85273,43641,41632,844100,103111
Murcia,Torres de Cotillas (Las),30038,3408,140,1291,1543,1570,1197,906,562,336,302,195,123,252,630,336,294,9889,842,2487,29990,156176,145270,110139,71909,42757,23725,13252,40132,7351,4375,10640,85273,43641,41632,844100,103111
Murcia,Totana,30039,2665,342,2998,2959,2235,1500,899,462,265,602,167,81,218,1132,536,596,15390,1530,2487,29990,156176,145270,110139,71909,42757,23725,13252,40132,7351,4375,10640,85273,43641,41632,844100,103111
Murcia,Unión (La),30041,2756,200,1555,1690,1377,890,591,254,133,343,51,44,81,648,338,310,9108,1251,2487,29990,156176,145270,110139,71909,42757,23725,13252,40132,7351,4375,10640,85273,43641,41632,844100,103111
Murcia,Villanueva del Río Segura,30042,2721,67,295,329,263,194,109,73,34,91,20,8,23,220,119,101,2340,614,2487,29990,156176,145270,110139,71909,42757,23725,13252,40132,7351,4375,10640,85273,43641,41632,844100,103111
Murcia,Yecla,30043,2065,717,5103,4114,2133,1001,490,296,176,1079,98,78,239,1798,857,941,19242,1920,2487,29990,156176,145270,110139,71909,42757,23725,13252,40132,7351,4375,10640,85273,43641,41632,844100,103111
Murcia,Águilas,30003,1883,1449,5475,4088,2737,1545,755,390,230,1796,94,51,173,3881,1941,1940,26137,3473,2487,29990,156176,145270,110139,71909,42757,23725,13252,40132,7351,4375,10640,85273,43641,41632,844100,103111
Málaga,Alameda *,29001,3023,64,372,438,409,281,171,77,55,77,23,22,44,171,87,84,2469,265,2352,29139,201828,181523,123427,71705,38839,21298,12474,46194,7617,5036,14899,89735,44860,44875,996557,152843
Málaga,Alcaucín,29002,2401,60,322,279,201,185,114,48,31,101,14,18,33,226,123,103,2470,838,2352,29139,201828,181523,123427,71705,38839,21298,12474,46194,7617,5036,14899,89735,44860,44875,996557,152843
Málaga,Alfarnate,29003,1523,53,139,98,44,24,5,4,6,52,0,2,4,126,69,57,846,289,2352,29139,201828,181523,123427,71705,38839,21298,12474,46194,7617,5036,14899,89735,44860,44875,996557,152843
Málaga,Algarrobo,29005,1828,197,637,450,276,153,92,43,22,210,16,5,18,473,223,250,5554,2962,2352,29139,201828,181523,123427,71705,38839,21298,12474,46194,7617,5036,14899,89735,44860,44875,996557,152843
Málaga,Alhaurín de la Torre,29007,3421,191,2351,3038,2863,2153,1474,925,588,439,367,255,522,777,383,394,17000,1057,2352,29139,201828,181523,123427,71705,38839,21298,12474,46194,7617,5036,14899,89735,44860,44875,996557,152843
Málaga,Alhaurín el Grande,29008,3024,295,2099,2124,1842,1384,964,559,362,493,232,128,368,1015,519,496,13134,1269,2352,29139,201828,181523,123427,71705,38839,21298,12474,46194,7617,5036,14899,89735,44860,44875,996557,152843
Málaga,Almargen,29010,2382,63,201,197,131,100,45,31,19,61,7,7,19,132,74,58,1370,357,2352,29139,201828,181523,123427,71705,38839,21298,12474,46194,7617,5036,14899,89735,44860,44875,996557,152843
Málaga,Almogía,29011,2135,113,469,341,267,176,97,62,30,143,18,15,33,325,184,141,3074,985,2352,29139,201828,181523,123427,71705,38839,21298,12474,46194,7617,5036,14899,89735,44860,44875,996557,152843
Málaga,Almáchar,29009,1990,52,264,229,126,46,40,26,11,65,3,6,17,182,86,96,1428,361,2352,29139,201828,181523,123427,71705,38839,21298,12474,46194,7617,5036,14899,89735,44860,44875,996557,152843
Málaga,Alozaina,29013,1990,86,278,200,153,98,53,26,17,87,15,5,15,220,109,111,1645,392,2352,29139,201828,181523,123427,71705,38839,21298,12474,46194,7617,5036,14899,89735,44860,44875,996557,152843
Málaga,Antequera,29015,2983,438,3260,3782,3298,2288,1329,769,391,650,244,128,353,1269,646,623,20944,2745,2352,29139,201828,181523,123427,71705,38839,21298,12474,46194,7617,5036,14899,89735,44860,44875,996557,152843
Málaga,Archidona,29017,2580,185,824,843,634,426,230,136,72,196,31,23,51,408,218,190,5004,945,2352,29139,201828,181523,123427,71705,38839,21298,12474,46194,7617,5036,14899,89735,44860,44875,996557,152843
Málaga,Ardales,29018,2067,73,321,268,184,84,44,18,11,90,5,3,10,171,91,80,1646,364,2352,29139,201828,181523,123427,71705,38839,21298,12474,46194,7617,5036,14899,89735,44860,44875,996557,152843
Málaga,Arenas,29019,2715,52,182,154,135,97,48,34,28,34,15,6,31,114,58,56,1414,484,2352,29139,201828,181523,123427,71705,38839,21298,12474,46194,7617,5036,14899,89735,44860,44875,996557,152843
Málaga,Arriate,29020,2732,51,363,385,314,199,112,57,39,73,24,6,36,182,90,92,2326,485,2352,29139,201828,181523,123427,71705,38839,21298,12474,46194,7617,5036,14899,89735,44860,44875,996557,152843
Málaga,Benahavís,29023,3273,79,663,581,454,410,298,210,117,199,131,98,312,314,171,143,9531,5665,2352,29139,201828,181523,123427,71705,38839,21298,12474,46194,7617,5036,14899,89735,44860,44875,996557,152843
Málaga,Benalmádena,29025,2384,1516,9056,8082,5801,3739,2013,1088,638,2264,381,222,744,4792,2447,2345,48663,8327,2352,29139,201828,181523,123427,71705,38839,21298,12474,46194,7617,5036,14899,89735,44860,44875,996557,152843
Málaga,Benamargosa,29026,1974,59,211,143,90,62,26,24,12,51,9,5,16,134,84,50,1109,267,2352,29139,201828,181523,123427,71705,38839,21298,12474,46194,7617,5036,14899,89735,44860,44875,996557,152843
Málaga,Benamocarra *,29027,2462,60,277,273,206,129,55,27,21,70,11,7,20,136,69,67,1417,125,2352,29139,201828,181523,123427,71705,38839,21298,12474,46194,7617,5036,14899,89735,44860,44875,996557,152843
Málaga,Benaoján,29028,1831,50,210,121,80,49,25,12,6,49,5,1,13,113,55,58,1104,370,2352,29139,201828,181523,123427,71705,38839,21298,12474,46194,7617,5036,14899,89735,44860,44875,996557,152843
Málaga,Burgo (El),29031,1824,94,257,181,120,61,31,17,5,78,3,1,11,187,102,85,1424,378,2352,29139,201828,181523,123427,71705,38839,21298,12474,46194,7617,5036,14899,89735,44860,44875,996557,152843
Málaga,Campillos,29032,2970,149,664,718,640,495,300,168,101,153,50,35,63,369,196,173,4898,993,2352,29139,201828,181523,123427,71705,38839,21298,12474,46194,7617,5036,14899,89735,44860,44875,996557,152843
Málaga,Canillas de Aceituno,29033,2041,78,238,182,141,89,49,25,24,81,10,6,21,213,107,106,1899,742,2352,29139,201828,181523,123427,71705,38839,21298,12474,46194,7617,5036,14899,89735,44860,44875,996557,152843
Málaga,Casabermeja,29039,2383,91,382,333,264,167,111,64,32,127,26,9,25,244,125,119,2389,514,2352,29139,201828,181523,123427,71705,38839,21298,12474,46194,7617,5036,14899,89735,44860,44875,996557,152843
Málaga,Casarabonela,29040,2177,103,309,260,182,118,68,35,25,100,14,8,30,228,127,101,2150,670,2352,29139,201828,181523,123427,71705,38839,21298,12474,46194,7617,5036,14899,89735,44860,44875,996557,152843
Málaga,Casares,29041,2069,237,1063,774,571,372,217,149,83,346,37,37,76,801,395,406,7726,2963,2352,29139,201828,181523,123427,71705,38839,21298,12474,46194,7617,5036,14899,89735,44860,44875,996557,152843
Málaga,Cañete la Real,29035,1799,92,218,140,102,42,40,11,10,65,2,2,15,152,92,60,1517,626,2352,29139,201828,181523,123427,71705,38839,21298,12474,46194,7617,5036,14899,89735,44860,44875,996557,152843
Málaga,Colmenar,29043,1975,98,451,313,205,130,66,42,28,124,16,12,26,289,147,142,2367,567,2352,29139,201828,181523,123427,71705,38839,21298,12474,46194,7617,5036,14899,89735,44860,44875,996557,152843
Málaga,Comares,29044,1831,84,261,142,109,80,38,30,11,84,6,5,17,175,82,93,1447,405,2352,29139,201828,181523,123427,71705,38839,21298,12474,46194,7617,5036,14899,89735,44860,44875,996557,152843
Málaga,Cortes de la Frontera,29046,1833,140,468,346,212,100,53,20,8,150,8,4,25,310,162,148,2417,573,2352,29139,201828,181523,123427,71705,38839,21298,12474,46194,7617,5036,14899,89735,44860,44875,996557,152843
Málaga,Coín,29042,2817,289,2168,2177,1801,1231,746,451,275,484,172,104,282,971,509,462,12729,1578,2352,29139,201828,181523,123427,71705,38839,21298,12474,46194,7617,5036,14899,89735,44860,44875,996557,152843
Málaga,Cuevas Bajas,29047,2586,31,124,108,101,70,42,22,6,35,5,4,14,76,38,38,817,179,2352,29139,201828,181523,123427,71705,38839,21298,12474,46194,7617,5036,14899,89735,44860,44875,996557,152843
Málaga,Cuevas de San Marcos,29049,2591,77,322,295,237,192,91,66,32,73,18,6,33,228,138,90,2192,522,2352,29139,201828,181523,123427,71705,38839,21298,12474,46194,7617,5036,14899,89735,44860,44875,996557,152843
Málaga,Cuevas del Becerro,29048,2003,48,200,165,112,44,36,11,2,44,4,3,9,141,89,52,1167,348,2352,29139,201828,181523,123427,71705,38839,21298,12474,46194,7617,5036,14899,89735,44860,44875,996557,152843
Málaga,Cártama,29038,2950,237,2119,2410,2154,1559,853,442,212,471,146,84,194,900,453,447,12673,892,2352,29139,201828,181523,123427,71705,38839,21298,12474,46194,7617,5036,14899,89735,44860,44875,996557,152843
Málaga,Cómpeta,29045,2281,134,477,403,269,168,117,72,52,125,31,12,41,314,162,152,3437,1222,2352,29139,201828,181523,123427,71705,38839,21298,12474,46194,7617,5036,14899,89735,44860,44875,996557,152843
Málaga,Estepona,29051,2350,1407,9428,8245,5567,3269,1889,1099,705,2304,468,351,907,4379,2117,2262,50366,10348,2352,29139,201828,181523,123427,71705,38839,21298,12474,46194,7617,5036,14899,89735,44860,44875,996557,152843
Málaga,Frigiliana,29053,2419,130,574,475,358,247,144,76,32,160,46,36,70,357,188,169,3071,366,2352,29139,201828,181523,123427,71705,38839,21298,12474,46194,7617,5036,14899,89735,44860,44875,996557,152843
Málaga,Fuengirola,29054,2078,2132,10310,8460,5421,3072,1647,883,461,2830,261,169,531,6207,3179,3028,48887,6503,2352,29139,201828,181523,123427,71705,38839,21298,12474,46194,7617,5036,14899,89735,44860,44875,996557,152843
Málaga,Fuente de Piedra,29055,2760,40,220,246,187,135,103,58,40,77,19,13,37,145,84,61,1727,407,2352,29139,201828,181523,123427,71705,38839,21298,12474,46194,7617,5036,14899,89735,44860,44875,996557,152843
Málaga,Gaucín,29056,1896,71,248,167,107,54,34,16,18,72,6,7,30,166,88,78,1674,678,2352,29139,201828,181523,123427,71705,38839,21298,12474,46194,7617,5036,14899,89735,44860,44875,996557,152843
Málaga,Guaro,29058,2339,45,266,190,138,103,69,39,34,75,26,11,25,155,89,66,1632,456,2352,29139,201828,181523,123427,71705,38839,21298,12474,46194,7617,5036,14899,89735,44860,44875,996557,152843
Málaga,Humilladero *,29059,3028,42,258,298,277,209,100,63,32,60,23,15,34,128,66,62,1725,186,2352,29139,201828,181523,123427,71705,38839,21298,12474,46194,7617,5036,14899,89735,44860,44875,996557,152843
Málaga,Istán,29061,2518,38,171,169,105,77,47,22,20,46,10,11,31,92,48,44,1198,359,2352,29139,201828,181523,123427,71705,38839,21298,12474,46194,7617,5036,14899,89735,44860,44875,996557,152843
Málaga,Manilva,29068,1879,822,2908,2060,1576,910,515,264,184,1070,92,60,158,2450,1272,1178,17998,4929,2352,29139,201828,181523,123427,71705,38839,21298,12474,46194,7617,5036,14899,89735,44860,44875,996557,152843
Málaga,Marbella,29069,2514,2023,18318,16080,11075,6881,4221,2674,1787,4087,1173,882,3108,7697,3771,3926,100282,20276,2352,29139,201828,181523,123427,71705,38839,21298,12474,46194,7617,5036,14899,89735,44860,44875,996557,152843
Málaga,Mijas,29070,2554,1721,10237,9286,7087,4692,2748,1669,1021,2613,636,438,1295,5485,2819,2666,62030,13102,2352,29139,201828,181523,123427,71705,38839,21298,12474,46194,7617,5036,14899,89735,44860,44875,996557,152843
Málaga,Moclinejo,29071,2679,22,99,77,82,46,34,25,7,24,5,1,12,55,28,27,643,154,2352,29139,201828,181523,123427,71705,38839,21298,12474,46194,7617,5036,14899,89735,44860,44875,996557,152843
Málaga,Mollina,29072,2996,68,382,404,393,301,173,90,51,103,21,14,56,211,114,97,2764,497,2352,29139,201828,181523,123427,71705,38839,21298,12474,46194,7617,5036,14899,89735,44860,44875,996557,152843
Málaga,Monda,29073,2640,57,296,284,209,149,105,56,40,75,27,21,31,183,89,94,1999,466,2352,29139,201828,181523,123427,71705,38839,21298,12474,46194,7617,5036,14899,89735,44860,44875,996557,152843
Málaga,Málaga,29067,2309,4944,69046,64297,38964,19054,8819,4244,2307,12118,1335,840,2495,16853,7603,9250,261857,16541,2352,29139,201828,181523,123427,71705,38839,21298,12474,46194,7617,5036,14899,89735,44860,44875,996557,152843
Málaga,Nerja,29075,2001,865,3736,2620,1653,1008,527,307,179,956,112,76,255,2044,1047,997,16621,2283,2352,29139,201828,181523,123427,71705,38839,21298,12474,46194,7617,5036,14899,89735,44860,44875,996557,152843
Málaga,Ojén,29076,2438,85,547,472,332,211,143,73,38,137,23,24,40,247,129,118,3815,1443,2352,29139,201828,181523,123427,71705,38839,21298,12474,46194,7617,5036,14899,89735,44860,44875,996557,152843
Málaga,Periana,29079,2119,96,404,315,228,133,63,29,28,117,16,13,26,241,122,119,2342,633,2352,29139,201828,181523,123427,71705,38839,21298,12474,46194,7617,5036,14899,89735,44860,44875,996557,152843
Málaga,Pizarra,29080,2999,84,702,798,738,514,306,177,92,155,56,34,81,343,182,161,4601,521,2352,29139,201828,181523,123427,71705,38839,21298,12474,46194,7617,5036,14899,89735,44860,44875,996557,152843
Málaga,Resto de Málaga,29999,1675,807,2058,1406,823,434,224,147,71,670,52,35,127,1735,945,790,14736,6147,2352,29139,201828,181523,123427,71705,38839,21298,12474,46194,7617,5036,14899,89735,44860,44875,996557,152843
Málaga,Rincón de la Victoria,29082,2301,727,6001,5599,3708,2151,1109,565,291,1469,160,124,274,2766,1368,1398,27620,2676,2352,29139,201828,181523,123427,71705,38839,21298,12474,46194,7617,5036,14899,89735,44860,44875,996557,152843
Málaga,Riogordo,29083,2054,94,336,284,193,93,56,28,18,84,7,7,19,250,107,143,2026,557,2352,29139,201828,181523,123427,71705,38839,21298,12474,46194,7617,5036,14899,89735,44860,44875,996557,152843
Málaga,Ronda,29084,2449,557,3888,4100,2850,1450,742,335,194,890,139,77,278,1574,801,773,19462,2388,2352,29139,201828,181523,123427,71705,38839,21298,12474,46194,7617,5036,14899,89735,44860,44875,996557,152843
Málaga,Sayalonga,29086,2411,39,183,149,126,71,50,41,13,49,23,9,23,130,77,53,1443,537,2352,29139,201828,181523,123427,71705,38839,21298,12474,46194,7617,5036,14899,89735,44860,44875,996557,152843
Málaga,Sierra de Yeguas,29088,3195,55,214,249,248,203,127,90,48,62,32,14,41,163,94,69,1872,326,2352,29139,201828,181523,123427,71705,38839,21298,12474,46194,7617,5036,14899,89735,44860,44875,996557,152843
Málaga,Teba,29089,2257,99,418,379,237,154,69,41,16,96,6,11,28,223,124,99,2228,451,2352,29139,201828,181523,123427,71705,38839,21298,12474,46194,7617,5036,14899,89735,44860,44875,996557,152843
Málaga,Tolox,29090,1876,94,332,246,144,84,57,32,15,98,4,7,19,251,126,125,1986,603,2352,29139,201828,181523,123427,71705,38839,21298,12474,46194,7617,5036,14899,89735,44860,44875,996557,152843
Málaga,Torremolinos,29901,2147,1603,9458,8119,5189,2929,1400,716,387,2378,212,126,403,4936,2462,2474,42938,5082,2352,29139,201828,181523,123427,71705,38839,21298,12474,46194,7617,5036,14899,89735,44860,44875,996557,152843
Málaga,Torrox,29091,1383,1515,3672,2221,1365,725,396,203,130,1491,85,33,133,4191,2217,1974,20132,3972,2352,29139,201828,181523,123427,71705,38839,21298,12474,46194,7617,5036,14899,89735,44860,44875,996557,152843
Málaga,Valle de Abdalajís,29093,2391,55,239,240,167,109,55,19,9,59,11,4,23,136,78,58,1403,277,2352,29139,201828,181523,123427,71705,38839,21298,12474,46194,7617,5036,14899,89735,44860,44875,996557,152843
Málaga,Villanueva de Algaidas,29095,2781,91,388,399,356,248,154,63,40,93,24,11,30,214,120,94,2457,346,2352,29139,201828,181523,123427,71705,38839,21298,12474,46194,7617,5036,14899,89735,44860,44875,996557,152843
Málaga,Villanueva de Tapia,29098,2852,25,116,143,108,87,55,30,16,28,7,1,8,76,46,30,949,249,2352,29139,201828,181523,123427,71705,38839,21298,12474,46194,7617,5036,14899,89735,44860,44875,996557,152843
Málaga,Villanueva de la Concepción,29902,2796,50,319,312,271,219,115,61,34,85,16,12,54,203,112,91,1933,182,2352,29139,201828,181523,123427,71705,38839,21298,12474,46194,7617,5036,14899,89735,44860,44875,996557,152843
Málaga,Villanueva del Rosario *,29096,2299,100,399,359,246,139,107,51,25,102,16,5,20,244,122,122,2163,350,2352,29139,201828,181523,123427,71705,38839,21298,12474,46194,7617,5036,14899,89735,44860,44875,996557,152843
Málaga,Villanueva del Trabuco *,29097,2584,115,472,449,358,240,161,86,43,114,36,17,33,294,156,138,2803,385,2352,29139,201828,181523,123427,71705,38839,21298,12474,46194,7617,5036,14899,89735,44860,44875,996557,152843
Málaga,Viñuela,29099,2433,51,264,202,171,92,64,50,23,46,18,16,27,148,74,74,1519,347,2352,29139,201828,181523,123427,71705,38839,21298,12474,46194,7617,5036,14899,89735,44860,44875,996557,152843
Málaga,Vélez-Málaga,29094,2091,2342,11138,9206,6463,3438,1655,822,499,2936,228,163,442,6999,3640,3359,50454,4123,2352,29139,201828,181523,123427,71705,38839,21298,12474,46194,7617,5036,14899,89735,44860,44875,996557,152843
Málaga,Yunquera,29100,2023,101,355,305,194,119,45,22,13,117,5,4,14,234,120,114,2285,757,2352,29139,201828,181523,123427,71705,38839,21298,12474,46194,7617,5036,14899,89735,44860,44875,996557,152843
Málaga,Álora,29012,2688,208,1208,1240,985,654,418,231,131,304,82,50,140,652,326,326,7519,1216,2352,29139,201828,181523,123427,71705,38839,21298,12474,46194,7617,5036,14899,89735,44860,44875,996557,152843
Navarra,Ablitas,31006,2180,81,307,262,220,88,37,14,11,62,5,0,11,188,93,95,1546,260,1952,12209,95096,73500,35775,14422,6115,3062,1711,19830,1091,738,2320,32379,15644,16735,331104,32856
Navarra,Altsasu/Alsasua *,31010,1859,232,1110,892,351,113,36,22,19,249,9,4,22,390,190,200,3833,384,1952,12209,95096,73500,35775,14422,6115,3062,1711,19830,1091,738,2320,32379,15644,16735,331104,32856
Navarra,Andosilla,31015,2113,100,330,273,207,98,44,20,4,83,5,8,18,181,91,90,1564,193,1952,12209,95096,73500,35775,14422,6115,3062,1711,19830,1091,738,2320,32379,15644,16735,331104,32856
Navarra,Ansoáin/Antsoain,31016,1926,100,1615,1277,435,123,37,25,23,270,10,5,16,317,129,188,4509,256,1952,12209,95096,73500,35775,14422,6115,3062,1711,19830,1091,738,2320,32379,15644,16735,331104,32856
Navarra,Aoiz/Agoitz,31019,1792,67,405,301,174,49,15,6,3,107,10,3,12,187,95,92,1543,204,1952,12209,95096,73500,35775,14422,6115,3062,1711,19830,1091,738,2320,32379,15644,16735,331104,32856
Navarra,Aranguren *,31023,2120,108,1279,999,615,245,149,69,27,227,31,9,35,367,165,202,4309,149,1952,12209,95096,73500,35775,14422,6115,3062,1711,19830,1091,738,2320,32379,15644,16735,331104,32856
Navarra,Arbizu,31027,2241,23,126,138,71,30,13,7,3,31,2,2,5,47,20,27,628,130,1952,12209,95096,73500,35775,14422,6115,3062,1711,19830,1091,738,2320,32379,15644,16735,331104,32856
Navarra,Arcos (Los),31029,1731,75,202,157,80,26,15,4,3,59,2,1,4,116,65,51,964,220,1952,12209,95096,73500,35775,14422,6115,3062,1711,19830,1091,738,2320,32379,15644,16735,331104,32856
Navarra,Arguedas *,31032,2138,47,285,257,164,73,19,19,7,66,8,3,10,132,71,61,1221,131,1952,12209,95096,73500,35775,14422,6115,3062,1711,19830,1091,738,2320,32379,15644,16735,331104,32856
Navarra,Arróniz,31036,1765,62,157,128,85,18,13,1,4,48,0,0,3,109,57,52,782,154,1952,12209,95096,73500,35775,14422,6115,3062,1711,19830,1091,738,2320,32379,15644,16735,331104,32856
Navarra,Artajona,31038,2175,55,199,200,137,62,25,11,6,59,5,3,8,135,62,73,1091,186,1952,12209,95096,73500,35775,14422,6115,3062,1711,19830,1091,738,2320,32379,15644,16735,331104,32856
Navarra,Ayegui/Aiegi,31041,1717,95,429,301,185,86,28,18,6,150,4,1,6,290,149,141,1752,153,1952,12209,95096,73500,35775,14422,6115,3062,1711,19830,1091,738,2320,32379,15644,16735,331104,32856
Navarra,Azagra *,31042,2224,67,388,359,248,123,45,19,10,81,6,6,11,178,84,94,1740,199,1952,12209,95096,73500,35775,14422,6115,3062,1711,19830,1091,738,2320,32379,15644,16735,331104,32856
Navarra,Barañáin/Barañain *,31901,1917,169,2950,2192,798,284,112,41,16,476,13,9,37,589,249,340,7988,302,1952,12209,95096,73500,35775,14422,6115,3062,1711,19830,1091,738,2320,32379,15644,16735,331104,32856
Navarra,Baztan,31050,1959,238,1007,832,480,226,96,65,53,281,24,18,55,653,341,312,4730,702,1952,12209,95096,73500,35775,14422,6115,3062,1711,19830,1091,738,2320,32379,15644,16735,331104,32856
Navarra,Bera *,31250,2020,80,484,359,219,95,51,33,10,105,21,10,26,219,110,109,1908,196,1952,12209,95096,73500,35775,14422,6115,3062,1711,19830,1091,738,2320,32379,15644,16735,331104,32856
Navarra,Beriáin *,31905,2168,46,473,452,259,87,31,8,6,100,7,5,12,141,68,73,1703,76,1952,12209,95096,73500,35775,14422,6115,3062,1711,19830,1091,738,2320,32379,15644,16735,331104,32856
Navarra,Berrioplano/Berriobeiti *,31902,2070,62,954,806,356,149,53,27,12,165,7,2,17,194,78,116,2906,102,1952,12209,95096,73500,35775,14422,6115,3062,1711,19830,1091,738,2320,32379,15644,16735,331104,32856
Navarra,Berriozar *,31903,1896,84,1495,1197,404,99,49,23,17,278,11,6,23,332,137,195,4190,172,1952,12209,95096,73500,35775,14422,6115,3062,1711,19830,1091,738,2320,32379,15644,16735,331104,32856
Navarra,Burlada/Burlata *,31060,1807,247,3012,2099,733,211,88,43,26,601,22,9,39,775,338,437,8363,458,1952,12209,95096,73500,35775,14422,6115,3062,1711,19830,1091,738,2320,32379,15644,16735,331104,32856
Navarra,Buñuel *,31057,2104,79,292,254,172,61,24,11,5,58,6,5,10,142,86,56,1280,161,1952,12209,95096,73500,35775,14422,6115,3062,1711,19830,1091,738,2320,32379,15644,16735,331104,32856
Navarra,Cabanillas *,31062,2300,22,161,157,104,56,18,9,6,44,4,5,9,71,43,28,721,55,1952,12209,95096,73500,35775,14422,6115,3062,1711,19830,1091,738,2320,32379,15644,16735,331104,32856
Navarra,Cadreita *,31064,2307,26,216,190,141,65,42,20,8,54,4,1,4,89,38,51,930,70,1952,12209,95096,73500,35775,14422,6115,3062,1711,19830,1091,738,2320,32379,15644,16735,331104,32856
Navarra,Caparroso *,31065,2266,60,268,250,202,115,35,20,5,82,5,1,12,160,88,72,1365,150,1952,12209,95096,73500,35775,14422,6115,3062,1711,19830,1091,738,2320,32379,15644,16735,331104,32856
Navarra,Carcastillo,31067,2263,50,258,269,218,88,39,14,5,82,1,3,13,162,78,84,1453,251,1952,12209,95096,73500,35775,14422,6115,3062,1711,19830,1091,738,2320,32379,15644,16735,331104,32856
Navarra,Cascante *,31068,2071,114,520,413,294,142,56,29,10,136,4,1,22,250,141,109,2265,274,1952,12209,95096,73500,35775,14422,6115,3062,1711,19830,1091,738,2320,32379,15644,16735,331104,32856
Navarra,Castejón,31070,2112,94,501,494,243,115,53,18,14,118,6,5,20,227,110,117,2100,192,1952,12209,95096,73500,35775,14422,6115,3062,1711,19830,1091,738,2320,32379,15644,16735,331104,32856
Navarra,Cendea de Olza/Oltza Zendea,31193,2305,25,183,156,120,56,29,8,6,32,2,1,11,73,36,37,972,270,1952,12209,95096,73500,35775,14422,6115,3062,1711,19830,1091,738,2320,32379,15644,16735,331104,32856
Navarra,Cintruénigo *,31072,2194,128,869,836,545,250,94,43,16,197,11,7,35,423,207,216,3742,288,1952,12209,95096,73500,35775,14422,6115,3062,1711,19830,1091,738,2320,32379,15644,16735,331104,32856
Navarra,Cizur,31076,3033,16,188,301,292,165,87,27,11,31,11,3,10,60,34,26,1267,65,1952,12209,95096,73500,35775,14422,6115,3062,1711,19830,1091,738,2320,32379,15644,16735,331104,32856
Navarra,Corella *,31077,2105,194,979,870,513,227,86,43,29,199,17,11,36,455,223,232,4049,390,1952,12209,95096,73500,35775,14422,6115,3062,1711,19830,1091,738,2320,32379,15644,16735,331104,32856
Navarra,Cortes,31078,2337,70,360,362,240,127,49,22,14,93,5,6,18,149,86,63,1688,173,1952,12209,95096,73500,35775,14422,6115,3062,1711,19830,1091,738,2320,32379,15644,16735,331104,32856
Navarra,Cárcar *,31066,1970,52,148,107,88,38,13,6,6,39,4,4,2,87,42,45,656,62,1952,12209,95096,73500,35775,14422,6115,3062,1711,19830,1091,738,2320,32379,15644,16735,331104,32856
Navarra,Doneztebe/Santesteban *,31221,1822,52,262,175,86,48,15,12,4,75,9,4,8,128,75,53,1004,126,1952,12209,95096,73500,35775,14422,6115,3062,1711,19830,1091,738,2320,32379,15644,16735,331104,32856
Navarra,Estella-Lizarra *,31097,1700,377,2509,1529,519,212,107,60,19,552,21,17,46,962,475,487,7687,757,1952,12209,95096,73500,35775,14422,6115,3062,1711,19830,1091,738,2320,32379,15644,16735,331104,32856
Navarra,Esteribar,31098,2364,30,318,325,201,96,47,17,14,84,5,2,18,112,55,57,1388,119,1952,12209,95096,73500,35775,14422,6115,3062,1711,19830,1091,738,2320,32379,15644,16735,331104,32856
Navarra,Etxarri Aranatz *,31084,1945,59,333,317,159,51,11,9,2,104,1,1,9,143,68,75,1324,125,1952,12209,95096,73500,35775,14422,6115,3062,1711,19830,1091,738,2320,32379,15644,16735,331104,32856
Navarra,Ezcabarte *,31101,2327,24,209,183,135,66,30,14,7,48,4,3,5,66,28,38,838,44,1952,12209,95096,73500,35775,14422,6115,3062,1711,19830,1091,738,2320,32379,15644,16735,331104,32856
Navarra,Falces,31104,2120,72,288,260,175,100,31,14,8,76,5,2,13,177,95,82,1504,283,1952,12209,95096,73500,35775,14422,6115,3062,1711,19830,1091,738,2320,32379,15644,16735,331104,32856
Navarra,Fitero,31105,1929,68,277,227,132,39,16,12,8,67,8,3,5,152,82,70,1248,234,1952,12209,95096,73500,35775,14422,6115,3062,1711,19830,1091,738,2320,32379,15644,16735,331104,32856
Navarra,Funes *,31107,2498,36,224,251,194,74,44,19,9,65,2,3,10,95,55,40,1137,111,1952,12209,95096,73500,35775,14422,6115,3062,1711,19830,1091,738,2320,32379,15644,16735,331104,32856
Navarra,Fustiñana *,31108,2297,55,252,258,191,86,30,18,6,66,3,6,9,125,60,65,1185,80,1952,12209,95096,73500,35775,14422,6115,3062,1711,19830,1091,738,2320,32379,15644,16735,331104,32856
Navarra,Galar,31109,2398,22,241,207,182,101,29,20,10,48,3,2,8,83,35,48,1013,57,1952,12209,95096,73500,35775,14422,6115,3062,1711,19830,1091,738,2320,32379,15644,16735,331104,32856
Navarra,Huarte/Uharte *,31122,1922,122,1009,758,348,116,40,22,4,205,8,9,15,266,119,147,3097,175,1952,12209,95096,73500,35775,14422,6115,3062,1711,19830,1091,738,2320,32379,15644,16735,331104,32856
Navarra,Irurtzun *,31904,1920,57,311,259,122,36,17,6,2,69,4,1,4,105,46,59,1076,83,1952,12209,95096,73500,35775,14422,6115,3062,1711,19830,1091,738,2320,32379,15644,16735,331104,32856
Navarra,Iza/Itza *,31131,2516,20,142,145,124,73,26,11,9,26,3,3,5,76,39,37,716,53,1952,12209,95096,73500,35775,14422,6115,3062,1711,19830,1091,738,2320,32379,15644,16735,331104,32856
Navarra,Lakuntza *,31138,2053,47,153,135,83,38,8,5,2,36,3,0,2,79,35,44,678,87,1952,12209,95096,73500,35775,14422,6115,3062,1711,19830,1091,738,2320,32379,15644,16735,331104,32856
Navarra,Larraga,31142,2138,53,257,231,155,55,28,15,4,61,6,1,13,116,61,55,1280,285,1952,12209,95096,73500,35775,14422,6115,3062,1711,19830,1091,738,2320,32379,15644,16735,331104,32856
Navarra,Leitza *,31149,1941,58,390,314,155,63,26,16,8,88,4,3,15,179,94,85,1454,135,1952,12209,95096,73500,35775,14422,6115,3062,1711,19830,1091,738,2320,32379,15644,16735,331104,32856
Navarra,Lekunberri,31908,1987,23,229,173,126,44,15,6,5,57,4,4,6,100,51,49,881,89,1952,12209,95096,73500,35775,14422,6115,3062,1711,19830,1091,738,2320,32379,15644,16735,331104,32856
Navarra,Lerín,31152,1904,92,262,214,118,49,26,19,7,79,8,9,17,168,85,83,1288,220,1952,12209,95096,73500,35775,14422,6115,3062,1711,19830,1091,738,2320,32379,15644,16735,331104,32856
Navarra,Lesaka *,31153,2113,65,334,263,165,103,34,19,15,80,6,9,14,144,66,78,1376,125,1952,12209,95096,73500,35775,14422,6115,3062,1711,19830,1091,738,2320,32379,15644,16735,331104,32856
Navarra,Lodosa *,31157,1971,153,611,517,309,125,57,19,12,154,14,6,20,343,171,172,2714,374,1952,12209,95096,73500,35775,14422,6115,3062,1711,19830,1091,738,2320,32379,15644,16735,331104,32856
Navarra,Lumbier *,31159,1630,51,223,156,87,23,12,5,3,69,5,2,3,148,69,79,885,98,1952,12209,95096,73500,35775,14422,6115,3062,1711,19830,1091,738,2320,32379,15644,16735,331104,32856
Navarra,Marcilla *,31163,2118,87,321,295,185,87,38,24,6,81,6,3,9,172,95,77,1473,159,1952,12209,95096,73500,35775,14422,6115,3062,1711,19830,1091,738,2320,32379,15644,16735,331104,32856
Navarra,Mendavia,31165,1999,118,522,436,250,90,48,28,16,132,20,7,25,267,140,127,2259,300,1952,12209,95096,73500,35775,14422,6115,3062,1711,19830,1091,738,2320,32379,15644,16735,331104,32856
Navarra,Mendigorria,31167,1837,44,189,154,88,34,7,5,4,55,4,1,5,128,64,64,826,108,1952,12209,95096,73500,35775,14422,6115,3062,1711,19830,1091,738,2320,32379,15644,16735,331104,32856
Navarra,Milagro,31169,2235,91,334,320,225,138,54,17,7,85,6,1,7,183,99,84,1684,216,1952,12209,95096,73500,35775,14422,6115,3062,1711,19830,1091,738,2320,32379,15644,16735,331104,32856
Navarra,Monteagudo,31173,2219,29,132,108,93,37,18,7,2,30,1,0,5,56,26,30,662,144,1952,12209,95096,73500,35775,14422,6115,3062,1711,19830,1091,738,2320,32379,15644,16735,331104,32856
Navarra,Murchante,31176,2413,64,410,456,342,159,56,34,16,105,6,6,23,201,99,102,2076,198,1952,12209,95096,73500,35775,14422,6115,3062,1711,19830,1091,738,2320,32379,15644,16735,331104,32856
Navarra,Noáin (Valle de Elorz)/Noain (Elort,31088,2134,80,987,967,447,190,49,37,16,141,10,5,16,258,135,123,3377,174,1952,12209,95096,73500,35775,14422,6115,3062,1711,19830,1091,738,2320,32379,15644,16735,331104,32856
Navarra,Olazti/Olazagutía,31189,1958,53,218,193,81,32,12,3,7,50,3,0,2,84,44,40,894,156,1952,12209,95096,73500,35775,14422,6115,3062,1711,19830,1091,738,2320,32379,15644,16735,331104,32856
Navarra,Olite/Erriberri,31191,2210,100,515,488,320,142,66,30,18,112,12,15,24,261,147,114,2575,472,1952,12209,95096,73500,35775,14422,6115,3062,1711,19830,1091,738,2320,32379,15644,16735,331104,32856
Navarra,Orkoien *,31906,2302,33,427,456,236,106,58,20,7,64,5,9,14,100,47,53,1594,59,1952,12209,95096,73500,35775,14422,6115,3062,1711,19830,1091,738,2320,32379,15644,16735,331104,32856
Navarra,Pamplona/Iruña *,31201,1830,2665,34796,23206,8708,3011,1232,678,403,6425,244,170,583,8228,3665,4563,94761,4412,1952,12209,95096,73500,35775,14422,6115,3062,1711,19830,1091,738,2320,32379,15644,16735,331104,32856
Navarra,Peralta/Azkoien *,31202,2298,114,628,565,406,192,86,43,23,144,13,9,35,279,146,133,2810,273,1952,12209,95096,73500,35775,14422,6115,3062,1711,19830,1091,738,2320,32379,15644,16735,331104,32856
Navarra,Puente la Reina/Gares,31206,2127,67,377,316,206,99,37,26,15,98,11,12,17,180,94,86,1722,261,1952,12209,95096,73500,35775,14422,6115,3062,1711,19830,1091,738,2320,32379,15644,16735,331104,32856
Navarra,Resto de Navarra,31999,1975,2177,7824,6536,4206,1964,920,456,246,2357,131,94,316,5060,2635,2425,43001,10714,1952,12209,95096,73500,35775,14422,6115,3062,1711,19830,1091,738,2320,32379,15644,16735,331104,32856
Navarra,Ribaforada,31208,2481,38,368,406,305,150,65,19,12,70,6,5,15,150,76,74,1935,326,1952,12209,95096,73500,35775,14422,6115,3062,1711,19830,1091,738,2320,32379,15644,16735,331104,32856
Navarra,San Adrián *,31215,2113,163,718,626,390,165,51,29,18,167,6,4,28,270,142,128,2930,295,1952,12209,95096,73500,35775,14422,6115,3062,1711,19830,1091,738,2320,32379,15644,16735,331104,32856
Navarra,Sangüesa/Zangoza *,31216,1950,155,670,556,296,119,47,24,13,144,7,4,10,318,156,162,2658,295,1952,12209,95096,73500,35775,14422,6115,3062,1711,19830,1091,738,2320,32379,15644,16735,331104,32856
Navarra,Sartaguda *,31223,2173,35,140,135,91,41,21,9,7,31,3,4,11,99,46,53,756,129,1952,12209,95096,73500,35775,14422,6115,3062,1711,19830,1091,738,2320,32379,15644,16735,331104,32856
Navarra,Sesma *,31224,1961,57,154,153,86,37,8,3,3,35,0,2,5,113,59,54,812,156,1952,12209,95096,73500,35775,14422,6115,3062,1711,19830,1091,738,2320,32379,15644,16735,331104,32856
Navarra,Tafalla *,31227,1957,257,1557,1342,577,193,78,45,18,282,14,8,34,586,287,299,5523,532,1952,12209,95096,73500,35775,14422,6115,3062,1711,19830,1091,738,2320,32379,15644,16735,331104,32856
Navarra,Tudela *,31232,2054,543,4902,4214,2028,772,356,171,131,959,73,52,140,1543,761,782,17007,1123,1952,12209,95096,73500,35775,14422,6115,3062,1711,19830,1091,738,2320,32379,15644,16735,331104,32856
Navarra,Ultzama,31236,2533,25,162,161,122,54,39,17,10,32,5,2,7,68,27,41,832,128,1952,12209,95096,73500,35775,14422,6115,3062,1711,19830,1091,738,2320,32379,15644,16735,331104,32856
Navarra,Valle de Egüés/Eguesibar *,31086,2020,125,2852,2248,950,405,201,79,59,527,40,29,55,571,225,346,8319,178,1952,12209,95096,73500,35775,14422,6115,3062,1711,19830,1091,738,2320,32379,15644,16735,331104,32856
Navarra,Valle de Yerri/Deierri,31260,2108,56,221,198,117,62,15,10,8,44,4,1,10,119,60,59,1148,283,1952,12209,95096,73500,35775,14422,6115,3062,1711,19830,1091,738,2320,32379,15644,16735,331104,32856
Navarra,Valtierra *,31249,2351,47,242,250,183,77,36,26,11,56,9,5,12,140,72,68,1225,131,1952,12209,95096,73500,35775,14422,6115,3062,1711,19830,1091,738,2320,32379,15644,16735,331104,32856
Navarra,Viana *,31251,1911,147,575,495,231,93,32,18,16,143,9,4,31,332,181,151,2438,312,1952,12209,95096,73500,35775,14422,6115,3062,1711,19830,1091,738,2320,32379,15644,16735,331104,32856
Navarra,Villafranca *,31254,2149,73,328,295,210,102,52,12,2,88,2,4,10,177,89,88,1556,201,1952,12209,95096,73500,35775,14422,6115,3062,1711,19830,1091,738,2320,32379,15644,16735,331104,32856
Navarra,Villatuerta,31257,2154,18,150,135,88,46,15,7,5,39,2,1,3,58,33,25,611,44,1952,12209,95096,73500,35775,14422,6115,3062,1711,19830,1091,738,2320,32379,15644,16735,331104,32856
Navarra,Villava/Atarrabia *,31258,1931,111,1465,1149,412,142,49,28,13,246,4,13,14,329,150,179,4156,181,1952,12209,95096,73500,35775,14422,6115,3062,1711,19830,1091,738,2320,32379,15644,16735,331104,32856
Navarra,Zizur Mayor/Zizur Nagusia *,31907,2086,133,1928,1604,737,295,139,74,40,316,27,21,37,394,176,218,5953,208,1952,12209,95096,73500,35775,14422,6115,3062,1711,19830,1091,738,2320,32379,15644,16735,331104,32856
Ourense,Allariz,32001,2136,255,737,669,417,234,129,76,52,193,30,22,84,565,298,267,7448,3985,2184,9902,35679,27238,16813,9842,5954,4031,2762,9561,2083,1657,7208,20873,11085,9788,272883,119280
Ourense,Amoeiro,32002,2808,68,229,175,146,110,84,59,40,64,31,22,81,173,90,83,2635,1353,2184,9902,35679,27238,16813,9842,5954,4031,2762,9561,2083,1657,7208,20873,11085,9788,272883,119280
Ourense,Avión,32004,2232,55,152,112,74,53,32,20,8,49,14,5,35,109,54,55,2032,1314,2184,9902,35679,27238,16813,9842,5954,4031,2762,9561,2083,1657,7208,20873,11085,9788,272883,119280
Ourense,Bande,32006,1980,87,177,129,70,41,26,19,7,43,9,5,36,134,78,56,2093,1310,2184,9902,35679,27238,16813,9842,5954,4031,2762,9561,2083,1657,7208,20873,11085,9788,272883,119280
Ourense,Barbadás,32008,2432,161,1118,997,601,350,219,130,99,257,73,58,184,431,210,221,6493,1815,2184,9902,35679,27238,16813,9842,5954,4031,2762,9561,2083,1657,7208,20873,11085,9788,272883,119280
Ourense,Barco de Valdeorras (O),32009,2712,291,1318,1036,750,430,327,229,177,316,167,157,748,811,443,368,9404,2647,2184,9902,35679,27238,16813,9842,5954,4031,2762,9561,2083,1657,7208,20873,11085,9788,272883,119280
Ourense,Baños de Molgas,32007,1834,100,196,145,96,53,31,16,12,53,5,6,17,196,113,83,2590,1664,2184,9902,35679,27238,16813,9842,5954,4031,2762,9561,2083,1657,7208,20873,11085,9788,272883,119280
Ourense,Boborás,32013,2013,86,192,145,82,54,37,32,15,53,12,7,41,175,99,76,2244,1313,2184,9902,35679,27238,16813,9842,5954,4031,2762,9561,2083,1657,7208,20873,11085,9788,272883,119280
Ourense,Bola (A),32014,2100,45,96,78,52,29,23,8,7,37,3,6,15,77,44,33,1451,975,2184,9902,35679,27238,16813,9842,5954,4031,2762,9561,2083,1657,7208,20873,11085,9788,272883,119280
Ourense,Carballeda de Avia,32018,1976,48,125,106,54,39,18,13,4,36,3,1,12,93,53,40,1250,698,2184,9902,35679,27238,16813,9842,5954,4031,2762,9561,2083,1657,7208,20873,11085,9788,272883,119280
Ourense,Carballeda de Valdeorras,32017,1840,83,153,114,74,37,18,14,12,46,6,2,6,118,64,54,1802,1119,2184,9902,35679,27238,16813,9842,5954,4031,2762,9561,2083,1657,7208,20873,11085,9788,272883,119280
Ourense,Carballiño (O),32019,2292,461,1674,1322,861,505,296,237,179,452,121,88,368,997,528,469,11100,3539,2184,9902,35679,27238,16813,9842,5954,4031,2762,9561,2083,1657,7208,20873,11085,9788,272883,119280
Ourense,Cartelle,32020,1968,134,274,230,133,81,40,30,13,88,19,7,34,244,141,103,2799,1472,2184,9902,35679,27238,16813,9842,5954,4031,2762,9561,2083,1657,7208,20873,11085,9788,272883,119280
Ourense,Castrelo de Miño,32022,2032,55,136,118,78,41,25,19,8,53,5,7,27,120,69,51,1501,809,2184,9902,35679,27238,16813,9842,5954,4031,2762,9561,2083,1657,7208,20873,11085,9788,272883,119280
Ourense,Castro Caldelas,32023,1523,107,168,114,64,27,20,18,11,74,7,3,22,192,118,74,1738,911,2184,9902,35679,27238,16813,9842,5954,4031,2762,9561,2083,1657,7208,20873,11085,9788,272883,119280
Ourense,Celanova,32024,2538,174,564,425,320,197,133,99,71,153,44,46,221,381,207,174,4830,2002,2184,9902,35679,27238,16813,9842,5954,4031,2762,9561,2083,1657,7208,20873,11085,9788,272883,119280
Ourense,Cenlle,32025,1986,63,134,103,63,35,26,19,9,36,3,2,23,116,60,56,1751,1119,2184,9902,35679,27238,16813,9842,5954,4031,2762,9561,2083,1657,7208,20873,11085,9788,272883,119280
Ourense,Coles,32026,2812,85,264,241,183,149,115,49,52,71,25,25,108,217,125,92,2563,979,2184,9902,35679,27238,16813,9842,5954,4031,2762,9561,2083,1657,7208,20873,11085,9788,272883,119280
Ourense,Cortegada,32027,1764,59,125,95,60,24,18,10,3,47,3,2,15,107,50,57,1299,731,2184,9902,35679,27238,16813,9842,5954,4031,2762,9561,2083,1657,7208,20873,11085,9788,272883,119280
Ourense,Cualedro,32028,1848,103,201,127,89,50,27,15,14,58,8,7,29,167,83,84,2299,1404,2184,9902,35679,27238,16813,9842,5954,4031,2762,9561,2083,1657,7208,20873,11085,9788,272883,119280
Ourense,Entrimo,32030,2210,54,118,97,70,51,22,13,10,33,9,3,27,110,68,42,1387,770,2184,9902,35679,27238,16813,9842,5954,4031,2762,9561,2083,1657,7208,20873,11085,9788,272883,119280
Ourense,Esgos,32031,2076,51,102,65,62,52,23,18,5,37,4,2,16,99,56,43,1223,687,2184,9902,35679,27238,16813,9842,5954,4031,2762,9561,2083,1657,7208,20873,11085,9788,272883,119280
Ourense,Gudiña (A),32034,2160,50,129,130,69,36,18,17,16,42,6,5,27,96,46,50,1595,954,2184,9902,35679,27238,16813,9842,5954,4031,2762,9561,2083,1657,7208,20873,11085,9788,272883,119280
Ourense,Irixo (O),32035,1833,59,150,109,65,24,25,16,12,56,2,10,16,111,56,55,1780,1125,2184,9902,35679,27238,16813,9842,5954,4031,2762,9561,2083,1657,7208,20873,11085,9788,272883,119280
Ourense,Laza,32039,1788,75,161,104,71,38,23,13,6,57,8,4,21,115,54,61,2795,2099,2184,9902,35679,27238,16813,9842,5954,4031,2762,9561,2083,1657,7208,20873,11085,9788,272883,119280
Ourense,Leiro,32040,1966,69,178,124,56,51,24,12,11,43,10,4,23,105,53,52,2199,1489,2184,9902,35679,27238,16813,9842,5954,4031,2762,9561,2083,1657,7208,20873,11085,9788,272883,119280
Ourense,Lobios,32042,1941,90,235,148,98,66,26,23,14,64,10,10,25,145,83,62,2000,1046,2184,9902,35679,27238,16813,9842,5954,4031,2762,9561,2083,1657,7208,20873,11085,9788,272883,119280
Ourense,Maceda,32043,2064,158,314,240,157,97,56,37,29,103,28,16,65,276,148,128,3963,2387,2184,9902,35679,27238,16813,9842,5954,4031,2762,9561,2083,1657,7208,20873,11085,9788,272883,119280
Ourense,Maside,32045,2231,109,251,181,144,100,56,27,28,79,14,10,44,172,95,77,2198,983,2184,9902,35679,27238,16813,9842,5954,4031,2762,9561,2083,1657,7208,20873,11085,9788,272883,119280
Ourense,Melón,32046,1483,73,226,118,61,18,9,6,4,60,1,1,3,151,73,78,1950,1219,2184,9902,35679,27238,16813,9842,5954,4031,2762,9561,2083,1657,7208,20873,11085,9788,272883,119280
Ourense,Merca (A),32047,2232,62,175,193,109,76,38,34,17,51,13,2,32,185,112,73,2271,1284,2184,9902,35679,27238,16813,9842,5954,4031,2762,9561,2083,1657,7208,20873,11085,9788,272883,119280
Ourense,Mezquita (A),32048,1812,57,108,80,33,27,12,14,10,36,3,4,19,109,55,54,1031,519,2184,9902,35679,27238,16813,9842,5954,4031,2762,9561,2083,1657,7208,20873,11085,9788,272883,119280
Ourense,Monterrei,32050,2124,92,239,197,138,82,48,28,14,79,16,8,42,206,116,90,2752,1563,2184,9902,35679,27238,16813,9842,5954,4031,2762,9561,2083,1657,7208,20873,11085,9788,272883,119280
Ourense,Muíños,32051,1842,71,145,102,44,47,19,9,4,35,5,3,20,105,57,48,1759,1150,2184,9902,35679,27238,16813,9842,5954,4031,2762,9561,2083,1657,7208,20873,11085,9788,272883,119280
Ourense,Nogueira de Ramuín,32052,2124,113,220,180,120,85,45,33,33,83,18,5,42,220,123,97,2904,1707,2184,9902,35679,27238,16813,9842,5954,4031,2762,9561,2083,1657,7208,20873,11085,9788,272883,119280
Ourense,Ourense,32054,2183,1948,14226,10641,5953,3111,1873,1281,896,3350,677,564,2612,5413,2633,2780,67492,14947,2184,9902,35679,27238,16813,9842,5954,4031,2762,9561,2083,1657,7208,20873,11085,9788,272883,119280
Ourense,Oímbra,32053,1920,76,156,108,73,38,32,5,10,49,9,6,18,129,73,56,1530,821,2184,9902,35679,27238,16813,9842,5954,4031,2762,9561,2083,1657,7208,20873,11085,9788,272883,119280
Ourense,Paderne de Allariz,32055,2136,68,152,127,89,56,30,14,16,56,10,5,17,126,74,52,1588,822,2184,9902,35679,27238,16813,9842,5954,4031,2762,9561,2083,1657,7208,20873,11085,9788,272883,119280
Ourense,Padrenda,32056,1762,118,253,172,95,44,22,14,11,88,10,2,30,175,99,76,1729,695,2184,9902,35679,27238,16813,9842,5954,4031,2762,9561,2083,1657,7208,20873,11085,9788,272883,119280
Ourense,Pereiro de Aguiar (O),32058,2940,120,431,444,384,284,176,120,65,129,55,37,104,293,150,143,4368,1726,2184,9902,35679,27238,16813,9842,5954,4031,2762,9561,2083,1657,7208,20873,11085,9788,272883,119280
Ourense,Peroxa (A),32059,2226,84,169,129,92,58,35,18,14,47,12,9,36,137,74,63,1744,904,2184,9902,35679,27238,16813,9842,5954,4031,2762,9561,2083,1657,7208,20873,11085,9788,272883,119280
Ourense,Piñor,32061,2279,26,91,77,61,34,25,15,10,28,6,7,14,73,36,37,1041,574,2184,9902,35679,27238,16813,9842,5954,4031,2762,9561,2083,1657,7208,20873,11085,9788,272883,119280
Ourense,Pobra de Trives (A),32063,2208,120,230,179,105,75,60,35,27,74,16,14,79,197,111,86,2625,1414,2184,9902,35679,27238,16813,9842,5954,4031,2762,9561,2083,1657,7208,20873,11085,9788,272883,119280
Ourense,Rairiz de Veiga,32067,1980,32,123,89,64,44,17,25,6,51,6,7,9,100,58,42,1473,900,2184,9902,35679,27238,16813,9842,5954,4031,2762,9561,2083,1657,7208,20873,11085,9788,272883,119280
Ourense,Ramirás,32068,2111,71,121,110,67,60,26,12,8,50,5,4,24,107,63,44,1613,948,2184,9902,35679,27238,16813,9842,5954,4031,2762,9561,2083,1657,7208,20873,11085,9788,272883,119280
Ourense,Resto de Ourense,32999,1740,1182,2062,1386,812,503,325,192,131,670,85,78,270,1939,1104,835,27966,18331,2184,9902,35679,27238,16813,9842,5954,4031,2762,9561,2083,1657,7208,20873,11085,9788,272883,119280
Ourense,Ribadavia,32069,2124,171,657,451,287,157,95,54,38,158,38,26,114,320,174,146,4071,1505,2184,9902,35679,27238,16813,9842,5954,4031,2762,9561,2083,1657,7208,20873,11085,9788,272883,119280
Ourense,Riós,32071,1680,73,162,109,51,32,17,19,10,44,6,6,7,129,72,57,1694,1029,2184,9902,35679,27238,16813,9842,5954,4031,2762,9561,2083,1657,7208,20873,11085,9788,272883,119280
Ourense,Rubiá,32073,1788,101,187,136,82,35,26,11,9,56,5,5,21,152,88,64,1738,912,2184,9902,35679,27238,16813,9842,5954,4031,2762,9561,2083,1657,7208,20873,11085,9788,272883,119280
Ourense,Rúa (A),32072,2603,136,429,378,239,168,89,90,38,141,47,46,211,262,141,121,3491,1217,2184,9902,35679,27238,16813,9842,5954,4031,2762,9561,2083,1657,7208,20873,11085,9788,272883,119280
Ourense,San Amaro,32074,2054,42,107,67,60,35,20,15,7,27,9,3,15,85,45,40,1017,525,2184,9902,35679,27238,16813,9842,5954,4031,2762,9561,2083,1657,7208,20873,11085,9788,272883,119280
Ourense,San Cibrao das Viñas,32075,2628,100,516,438,345,245,125,97,51,108,45,29,109,272,145,127,3815,1335,2184,9902,35679,27238,16813,9842,5954,4031,2762,9561,2083,1657,7208,20873,11085,9788,272883,119280
Ourense,San Cristovo de Cea,32076,2184,79,195,164,113,73,47,28,17,58,14,9,34,159,83,76,1989,999,2184,9902,35679,27238,16813,9842,5954,4031,2762,9561,2083,1657,7208,20873,11085,9788,272883,119280
Ourense,Sandiás,32077,2352,39,96,92,55,54,20,19,5,38,8,5,18,79,40,39,1908,1380,2184,9902,35679,27238,16813,9842,5954,4031,2762,9561,2083,1657,7208,20873,11085,9788,272883,119280
Ourense,Sarreaus,32078,2158,45,115,100,75,45,26,17,12,37,10,4,27,122,72,50,1448,813,2184,9902,35679,27238,16813,9842,5954,4031,2762,9561,2083,1657,7208,20873,11085,9788,272883,119280
Ourense,Taboadela,32079,2545,52,132,126,92,82,38,24,12,49,7,13,22,101,65,36,1324,574,2184,9902,35679,27238,16813,9842,5954,4031,2762,9561,2083,1657,7208,20873,11085,9788,272883,119280
Ourense,Toén,32081,2644,56,204,166,142,94,54,41,27,53,23,9,35,127,68,59,2036,1005,2184,9902,35679,27238,16813,9842,5954,4031,2762,9561,2083,1657,7208,20873,11085,9788,272883,119280
Ourense,Trasmiras,32082,2062,54,153,111,72,38,27,17,5,44,9,4,20,88,47,41,1492,850,2184,9902,35679,27238,16813,9842,5954,4031,2762,9561,2083,1657,7208,20873,11085,9788,272883,119280
Ourense,Verín,32085,2201,445,1503,1083,729,392,235,171,138,402,107,87,372,893,462,431,10628,4071,2184,9902,35679,27238,16813,9842,5954,4031,2762,9561,2083,1657,7208,20873,11085,9788,272883,119280
Ourense,Viana do Bolo,32086,1983,173,333,238,139,83,55,47,25,96,11,20,72,277,164,113,3163,1594,2184,9902,35679,27238,16813,9842,5954,4031,2762,9561,2083,1657,7208,20873,11085,9788,272883,119280
Ourense,Vilamartín de Valdeorras,32088,2076,92,172,139,89,64,42,25,18,64,15,9,31,163,93,70,1696,773,2184,9902,35679,27238,16813,9842,5954,4031,2762,9561,2083,1657,7208,20873,11085,9788,272883,119280
Ourense,Vilamarín,32087,2616,45,134,134,97,80,42,37,31,54,14,15,42,136,78,58,1525,664,2184,9902,35679,27238,16813,9842,5954,4031,2762,9561,2083,1657,7208,20873,11085,9788,272883,119280
Ourense,Vilar de Barrio,32089,1860,66,147,104,54,41,30,10,6,45,10,5,20,115,73,42,1629,976,2184,9902,35679,27238,16813,9842,5954,4031,2762,9561,2083,1657,7208,20873,11085,9788,272883,119280
Ourense,Vilardevós,32091,1872,103,210,131,104,54,29,25,15,59,10,3,21,166,92,74,2325,1395,2184,9902,35679,27238,16813,9842,5954,4031,2762,9561,2083,1657,7208,20873,11085,9788,272883,119280
Ourense,Xinzo de Limia,32032,2076,378,1271,955,532,323,207,119,89,345,62,56,246,772,412,360,9696,4341,2184,9902,35679,27238,16813,9842,5954,4031,2762,9561,2083,1657,7208,20873,11085,9788,272883,119280
Ourense,Xunqueira de Ambía,32036,1992,104,158,105,97,51,21,22,9,54,7,5,30,138,74,64,1900,1099,2184,9902,35679,27238,16813,9842,5954,4031,2762,9561,2083,1657,7208,20873,11085,9788,272883,119280
Palencia,Aguilar de Campoo,34004,1530,416,1515,822,275,79,42,19,23,383,10,4,48,765,422,343,5070,669,1542,9462,31276,18539,6993,2353,986,558,391,8339,291,206,846,18392,10000,8392,116431,17799
Palencia,Astudillo *,34017,1230,120,177,91,41,11,4,3,1,52,1,0,6,182,113,69,877,188,1542,9462,31276,18539,6993,2353,986,558,391,8339,291,206,846,18392,10000,8392,116431,17799
Palencia,Baltanás *,34022,1421,189,184,139,68,25,12,5,4,61,5,2,8,226,147,79,1288,360,1542,9462,31276,18539,6993,2353,986,558,391,8339,291,206,846,18392,10000,8392,116431,17799
Palencia,Barruelo de Santullán,34027,1151,214,315,150,56,21,13,4,2,98,4,4,10,382,236,146,1886,613,1542,9462,31276,18539,6993,2353,986,558,391,8339,291,206,846,18392,10000,8392,116431,17799
Palencia,Carrión de los Condes,34047,1522,140,371,220,98,42,22,6,8,103,6,3,16,287,173,114,1554,232,1542,9462,31276,18539,6993,2353,986,558,391,8339,291,206,846,18392,10000,8392,116431,17799
Palencia,Cervera de Pisuerga,34056,1225,354,503,266,106,37,19,8,13,185,10,7,19,558,317,241,2787,702,1542,9462,31276,18539,6993,2353,986,558,391,8339,291,206,846,18392,10000,8392,116431,17799
Palencia,Dueñas *,34069,1758,167,394,297,119,38,16,6,4,83,7,3,18,227,123,104,1662,283,1542,9462,31276,18539,6993,2353,986,558,391,8339,291,206,846,18392,10000,8392,116431,17799
Palencia,Grijota,34079,1709,108,519,378,217,90,31,25,11,144,12,8,19,363,188,175,2096,171,1542,9462,31276,18539,6993,2353,986,558,391,8339,291,206,846,18392,10000,8392,116431,17799
Palencia,Guardo,34080,1643,367,1055,679,295,119,41,32,25,303,20,11,76,621,329,292,4327,683,1542,9462,31276,18539,6993,2353,986,558,391,8339,291,206,846,18392,10000,8392,116431,17799
Palencia,Herrera de Pisuerga,34083,1492,184,368,216,99,34,17,12,9,109,7,4,18,303,181,122,1781,401,1542,9462,31276,18539,6993,2353,986,558,391,8339,291,206,846,18392,10000,8392,116431,17799
Palencia,Magaz de Pisuerga,34098,1702,49,180,135,61,23,7,4,3,37,3,1,0,112,61,51,717,102,1542,9462,31276,18539,6993,2353,986,558,391,8339,291,206,846,18392,10000,8392,116431,17799
Palencia,Osorno la Mayor,34901,1440,105,206,130,69,33,13,7,3,72,1,2,13,205,117,88,1051,192,1542,9462,31276,18539,6993,2353,986,558,391,8339,291,206,846,18392,10000,8392,116431,17799
Palencia,Palencia *,34120,1610,1865,16266,9127,2707,807,334,197,132,3722,90,62,231,5562,2536,3026,44610,3508,1542,9462,31276,18539,6993,2353,986,558,391,8339,291,206,846,18392,10000,8392,116431,17799
Palencia,Paredes de Nava *,34123,1561,135,285,168,85,30,11,7,6,69,5,4,15,205,119,86,1252,227,1542,9462,31276,18539,6993,2353,986,558,391,8339,291,206,846,18392,10000,8392,116431,17799
Palencia,Resto de Palencia,34999,1249,4090,5731,3283,1606,634,285,151,106,2100,67,64,247,6585,3952,2633,32884,7935,1542,9462,31276,18539,6993,2353,986,558,391,8339,291,206,846,18392,10000,8392,116431,17799
Palencia,Saldaña *,34157,1459,258,590,358,129,40,17,18,8,192,13,2,24,439,264,175,2480,392,1542,9462,31276,18539,6993,2353,986,558,391,8339,291,206,846,18392,10000,8392,116431,17799
Palencia,Santibáñez de la Peña,34171,1361,138,184,119,64,23,7,7,2,60,6,5,5,201,118,83,1076,255,1542,9462,31276,18539,6993,2353,986,558,391,8339,291,206,846,18392,10000,8392,116431,17799
Palencia,Velilla del Río Carrión,34199,1400,138,211,132,66,23,9,7,9,73,4,3,27,234,147,87,1187,251,1542,9462,31276,18539,6993,2353,986,558,391,8339,291,206,846,18392,10000,8392,116431,17799
Palencia,Venta de Baños *,34023,1826,210,1096,843,351,107,35,21,12,255,12,6,16,452,222,230,3746,330,1542,9462,31276,18539,6993,2353,986,558,391,8339,291,206,846,18392,10000,8392,116431,17799
Palencia,Villalobón *,34217,1974,55,217,198,118,43,18,7,3,60,2,4,9,137,73,64,928,57,1542,9462,31276,18539,6993,2353,986,558,391,8339,291,206,846,18392,10000,8392,116431,17799
Palencia,Villamuriel de Cerrato *,34225,1958,160,909,788,363,94,33,12,7,178,6,7,21,346,162,184,3172,248,1542,9462,31276,18539,6993,2353,986,558,391,8339,291,206,846,18392,10000,8392,116431,17799
"Palmas, Las",Agaete,35001,2006,97,714,595,346,158,91,38,18,181,10,4,28,379,168,211,3490,831,2381,12666,114028,110051,73517,37749,18166,8997,4987,22294,2918,1910,5752,37716,18030,19686,551237,100486
"Palmas, Las",Agüimes,35002,2381,359,3272,3162,2101,1061,541,239,147,588,69,35,111,1012,473,539,14365,1668,2381,12666,114028,110051,73517,37749,18166,8997,4987,22294,2918,1910,5752,37716,18030,19686,551237,100486
"Palmas, Las",Aldea de San Nicolás (La),35020,2218,155,736,699,444,244,116,58,41,208,18,10,30,414,192,222,3820,647,2381,12666,114028,110051,73517,37749,18166,8997,4987,22294,2918,1910,5752,37716,18030,19686,551237,100486
"Palmas, Las",Antigua,35003,2403,227,1164,932,696,448,277,164,90,316,61,39,131,613,316,297,8222,3064,2381,12666,114028,110051,73517,37749,18166,8997,4987,22294,2918,1910,5752,37716,18030,19686,551237,100486
"Palmas, Las",Arrecife,35004,2551,676,5152,5920,3991,2073,956,432,231,858,137,101,269,1442,698,744,25339,3101,2381,12666,114028,110051,73517,37749,18166,8997,4987,22294,2918,1910,5752,37716,18030,19686,551237,100486
"Palmas, Las",Artenara,35005,1335,46,143,59,41,20,8,5,3,44,0,1,4,116,69,47,784,294,2381,12666,114028,110051,73517,37749,18166,8997,4987,22294,2918,1910,5752,37716,18030,19686,551237,100486
"Palmas, Las",Arucas,35006,2524,350,3511,4027,2798,1380,599,266,136,576,79,41,119,1005,474,531,17003,2116,2381,12666,114028,110051,73517,37749,18166,8997,4987,22294,2918,1910,5752,37716,18030,19686,551237,100486
"Palmas, Las",Betancuria,35007,2138,14,69,58,31,19,13,7,3,16,2,3,4,39,22,17,517,239,2381,12666,114028,110051,73517,37749,18166,8997,4987,22294,2918,1910,5752,37716,18030,19686,551237,100486
"Palmas, Las",Firgas,35008,2698,71,570,634,543,350,164,79,41,121,31,12,34,253,122,131,3559,656,2381,12666,114028,110051,73517,37749,18166,8997,4987,22294,2918,1910,5752,37716,18030,19686,551237,100486
"Palmas, Las",Gáldar,35009,2228,382,2509,2406,1550,667,311,136,85,552,43,26,80,1046,509,537,11691,1898,2381,12666,114028,110051,73517,37749,18166,8997,4987,22294,2918,1910,5752,37716,18030,19686,551237,100486
"Palmas, Las",Haría,35010,1970,127,720,531,332,208,90,49,34,215,13,8,21,391,203,188,3880,1141,2381,12666,114028,110051,73517,37749,18166,8997,4987,22294,2918,1910,5752,37716,18030,19686,551237,100486
"Palmas, Las",Ingenio,35011,2601,295,2554,3045,2236,1157,494,281,120,420,51,42,104,769,392,377,13881,2313,2381,12666,114028,110051,73517,37749,18166,8997,4987,22294,2918,1910,5752,37716,18030,19686,551237,100486
"Palmas, Las",Mogán,35012,1811,529,2720,1741,1216,746,452,231,150,1032,87,56,241,1951,948,1003,16894,5742,2381,12666,114028,110051,73517,37749,18166,8997,4987,22294,2918,1910,5752,37716,18030,19686,551237,100486
"Palmas, Las",Moya,35013,2247,171,760,757,522,265,148,55,37,218,24,6,24,430,239,191,4716,1299,2381,12666,114028,110051,73517,37749,18166,8997,4987,22294,2918,1910,5752,37716,18030,19686,551237,100486
"Palmas, Las",Oliva (La),35014,2254,431,2915,2283,1554,934,498,302,174,691,114,83,259,1240,562,678,16893,5415,2381,12666,114028,110051,73517,37749,18166,8997,4987,22294,2918,1910,5752,37716,18030,19686,551237,100486
"Palmas, Las",Palmas de Gran Canaria (Las),35016,2309,3615,41970,40393,24897,11427,4884,2114,1062,7124,570,375,1319,10609,5001,5608,175181,24822,2381,12666,114028,110051,73517,37749,18166,8997,4987,22294,2918,1910,5752,37716,18030,19686,551237,100486
"Palmas, Las",Puerto del Rosario,35017,2345,608,4476,4293,2842,1406,611,296,146,779,97,46,177,1339,680,659,18683,1567,2381,12666,114028,110051,73517,37749,18166,8997,4987,22294,2918,1910,5752,37716,18030,19686,551237,100486
"Palmas, Las",Pájara *,35015,2406,275,1719,1591,1188,681,333,166,71,418,49,33,100,741,341,400,10558,3193,2381,12666,114028,110051,73517,37749,18166,8997,4987,22294,2918,1910,5752,37716,18030,19686,551237,100486
"Palmas, Las",San Bartolomé *,35018,2657,110,1652,1717,1289,762,353,203,111,249,49,42,78,361,164,197,8484,1508,2381,12666,114028,110051,73517,37749,18166,8997,4987,22294,2918,1910,5752,37716,18030,19686,551237,100486
"Palmas, Las",San Bartolomé de Tirajana,35019,2078,850,6977,5086,3332,1921,1064,576,366,1931,239,191,568,3497,1551,1946,32766,6168,2381,12666,114028,110051,73517,37749,18166,8997,4987,22294,2918,1910,5752,37716,18030,19686,551237,100486
"Palmas, Las",Santa Brígida,35021,3069,133,1218,1327,1125,816,548,302,174,234,101,81,213,426,193,233,7746,1048,2381,12666,114028,110051,73517,37749,18166,8997,4987,22294,2918,1910,5752,37716,18030,19686,551237,100486
"Palmas, Las",Santa Lucía de Tirajana,35022,2561,636,6423,7092,5042,2598,1241,532,281,1035,150,82,256,1592,777,815,30372,3412,2381,12666,114028,110051,73517,37749,18166,8997,4987,22294,2918,1910,5752,37716,18030,19686,551237,100486
"Palmas, Las",Santa María de Guía de Gran Canaria,35023,2230,197,1338,1262,798,383,171,96,49,288,19,9,30,520,259,261,7337,2177,2381,12666,114028,110051,73517,37749,18166,8997,4987,22294,2918,1910,5752,37716,18030,19686,551237,100486
"Palmas, Las",Teguise,35024,2846,174,1795,1719,1412,1008,639,357,202,373,127,86,231,677,341,336,11186,2386,2381,12666,114028,110051,73517,37749,18166,8997,4987,22294,2918,1910,5752,37716,18030,19686,551237,100486
"Palmas, Las",Tejeda,35025,1323,84,207,120,80,30,19,6,8,77,4,2,11,245,133,112,1480,587,2381,12666,114028,110051,73517,37749,18166,8997,4987,22294,2918,1910,5752,37716,18030,19686,551237,100486
"Palmas, Las",Telde,35026,2406,847,11026,11441,7328,3311,1400,637,362,1691,203,137,340,2626,1236,1390,46739,5390,2381,12666,114028,110051,73517,37749,18166,8997,4987,22294,2918,1910,5752,37716,18030,19686,551237,100486
"Palmas, Las",Teror,35027,2411,222,989,1011,818,434,229,118,34,263,38,16,37,608,302,306,6660,1843,2381,12666,114028,110051,73517,37749,18166,8997,4987,22294,2918,1910,5752,37716,18030,19686,551237,100486
"Palmas, Las",Tinajo,35029,3096,42,380,431,399,286,167,101,67,89,20,15,40,141,72,69,2600,422,2381,12666,114028,110051,73517,37749,18166,8997,4987,22294,2918,1910,5752,37716,18030,19686,551237,100486
"Palmas, Las",Tuineje,35030,2498,177,1354,1228,927,592,293,172,88,309,71,39,91,494,235,259,6856,1021,2381,12666,114028,110051,73517,37749,18166,8997,4987,22294,2918,1910,5752,37716,18030,19686,551237,100486
"Palmas, Las",Tías,35028,2431,257,1998,1579,1112,702,491,324,248,595,170,116,354,1008,450,558,17243,8289,2381,12666,114028,110051,73517,37749,18166,8997,4987,22294,2918,1910,5752,37716,18030,19686,551237,100486
"Palmas, Las",Valleseco,35032,1943,114,347,271,187,113,57,26,19,118,8,3,14,264,146,118,2301,760,2381,12666,114028,110051,73517,37749,18166,8997,4987,22294,2918,1910,5752,37716,18030,19686,551237,100486
"Palmas, Las",Valsequillo de Gran Canaria,35031,2800,107,696,716,654,437,247,127,59,160,30,23,61,394,235,159,4653,942,2381,12666,114028,110051,73517,37749,18166,8997,4987,22294,2918,1910,5752,37716,18030,19686,551237,100486
"Palmas, Las",Vega de San Mateo,35033,2118,192,789,668,506,294,136,79,35,259,27,15,45,571,297,274,4978,1362,2381,12666,114028,110051,73517,37749,18166,8997,4987,22294,2918,1910,5752,37716,18030,19686,551237,100486
"Palmas, Las",Yaiza,35034,3289,96,1165,1257,1180,818,525,423,295,266,207,132,328,503,230,273,10360,3165,2381,12666,114028,110051,73517,37749,18166,8997,4987,22294,2918,1910,5752,37716,18030,19686,551237,100486
Pontevedra,Agolada,36020,2172,100,200,187,94,55,32,40,13,61,10,9,42,158,85,73,2178,1177,2532,14758,88607,77808,52516,33546,21464,14034,9763,21039,6984,5111,18383,41425,21497,19928,528828,123390
Pontevedra,Arbo,36001,2100,94,286,204,103,82,60,36,24,97,14,15,46,149,77,72,2421,1211,2532,14758,88607,77808,52516,33546,21464,14034,9763,21039,6984,5111,18383,41425,21497,19928,528828,123390
Pontevedra,Baiona,36003,2535,380,1217,1006,797,549,382,280,195,404,146,98,421,1107,631,476,8879,1897,2532,14758,88607,77808,52516,33546,21464,14034,9763,21039,6984,5111,18383,41425,21497,19928,528828,123390
Pontevedra,Barro,36002,3624,25,178,188,207,161,116,83,40,54,47,29,96,88,52,36,1686,374,2532,14758,88607,77808,52516,33546,21464,14034,9763,21039,6984,5111,18383,41425,21497,19928,528828,123390
Pontevedra,Bueu,36004,2849,304,967,1006,728,540,398,277,172,292,134,101,372,707,397,310,9203,3205,2532,14758,88607,77808,52516,33546,21464,14034,9763,21039,6984,5111,18383,41425,21497,19928,528828,123390
Pontevedra,Caldas de Reis,36005,3121,90,621,604,480,338,270,155,121,155,100,72,300,301,155,146,5038,1431,2532,14758,88607,77808,52516,33546,21464,14034,9763,21039,6984,5111,18383,41425,21497,19928,528828,123390
Pontevedra,Cambados,36006,2824,224,1070,1018,756,506,373,274,175,304,141,107,324,615,325,290,7300,1413,2532,14758,88607,77808,52516,33546,21464,14034,9763,21039,6984,5111,18383,41425,21497,19928,528828,123390
Pontevedra,Campo Lameiro,36007,2787,25,127,108,95,66,32,35,16,22,21,9,25,80,44,36,1009,348,2532,14758,88607,77808,52516,33546,21464,14034,9763,21039,6984,5111,18383,41425,21497,19928,528828,123390
Pontevedra,Cangas,36008,2976,463,2183,1894,1589,1158,830,587,425,567,302,234,834,1405,800,605,15731,3260,2532,14758,88607,77808,52516,33546,21464,14034,9763,21039,6984,5111,18383,41425,21497,19928,528828,123390
Pontevedra,Catoira *,36010,3026,36,97,149,112,81,50,39,26,30,22,6,37,87,60,27,1651,879,2532,14758,88607,77808,52516,33546,21464,14034,9763,21039,6984,5111,18383,41425,21497,19928,528828,123390
Pontevedra,Cañiza (A),36009,2052,167,525,359,242,140,96,62,45,154,28,18,87,374,201,173,4463,2166,2532,14758,88607,77808,52516,33546,21464,14034,9763,21039,6984,5111,18383,41425,21497,19928,528828,123390
Pontevedra,Cerdedo-Cotobade,36902,2527,141,503,443,333,218,148,105,61,149,45,25,98,347,206,141,4075,1459,2532,14758,88607,77808,52516,33546,21464,14034,9763,21039,6984,5111,18383,41425,21497,19928,528828,123390
Pontevedra,Covelo,36013,1557,169,354,223,119,54,37,21,4,109,4,2,15,278,161,117,2601,1212,2532,14758,88607,77808,52516,33546,21464,14034,9763,21039,6984,5111,18383,41425,21497,19928,528828,123390
Pontevedra,Crecente,36014,1896,104,242,150,97,63,36,22,20,52,9,9,22,187,109,78,2177,1164,2532,14758,88607,77808,52516,33546,21464,14034,9763,21039,6984,5111,18383,41425,21497,19928,528828,123390
Pontevedra,Cuntis *,36015,3048,13,109,115,105,78,45,27,15,24,11,10,21,53,25,28,2697,2071,2532,14758,88607,77808,52516,33546,21464,14034,9763,21039,6984,5111,18383,41425,21497,19928,528828,123390
Pontevedra,Dozón *,36016,3582,6,54,43,26,36,29,29,15,15,7,5,38,47,22,25,709,359,2532,14758,88607,77808,52516,33546,21464,14034,9763,21039,6984,5111,18383,41425,21497,19928,528828,123390
Pontevedra,Estrada (A),36017,2662,388,1680,1545,1100,726,486,312,230,418,168,110,429,919,502,417,12476,3965,2532,14758,88607,77808,52516,33546,21464,14034,9763,21039,6984,5111,18383,41425,21497,19928,528828,123390
Pontevedra,Forcarei,36018,2620,70,228,221,148,118,81,49,24,72,22,15,96,187,101,86,3125,1794,2532,14758,88607,77808,52516,33546,21464,14034,9763,21039,6984,5111,18383,41425,21497,19928,528828,123390
Pontevedra,Fornelos de Montes,36019,1867,49,213,171,89,45,14,8,6,58,1,3,9,139,71,68,1049,244,2532,14758,88607,77808,52516,33546,21464,14034,9763,21039,6984,5111,18383,41425,21497,19928,528828,123390
Pontevedra,Gondomar,36021,3077,140,1002,991,874,635,405,251,173,231,113,94,241,416,207,209,6876,1310,2532,14758,88607,77808,52516,33546,21464,14034,9763,21039,6984,5111,18383,41425,21497,19928,528828,123390
Pontevedra,Grove (O),36022,2724,418,1091,832,651,486,349,270,202,357,174,125,535,960,531,429,8865,2415,2532,14758,88607,77808,52516,33546,21464,14034,9763,21039,6984,5111,18383,41425,21497,19928,528828,123390
Pontevedra,Guarda (A),36023,2772,218,878,781,626,450,302,190,153,237,94,53,288,596,334,262,7024,2158,2532,14758,88607,77808,52516,33546,21464,14034,9763,21039,6984,5111,18383,41425,21497,19928,528828,123390
Pontevedra,Illa de Arousa (A),36901,2370,123,504,490,352,219,130,86,54,137,21,11,34,374,223,151,2762,227,2532,14758,88607,77808,52516,33546,21464,14034,9763,21039,6984,5111,18383,41425,21497,19928,528828,123390
Pontevedra,Lalín,36024,2316,429,1873,1433,935,584,369,240,161,486,140,96,514,1031,537,494,13007,4716,2532,14758,88607,77808,52516,33546,21464,14034,9763,21039,6984,5111,18383,41425,21497,19928,528828,123390
Pontevedra,Lama (A),36025,1743,112,310,204,105,68,43,16,13,103,7,3,11,220,139,81,1889,674,2532,14758,88607,77808,52516,33546,21464,14034,9763,21039,6984,5111,18383,41425,21497,19928,528828,123390
Pontevedra,Marín,36026,2922,321,1788,1712,1248,945,631,386,264,362,211,176,668,908,474,434,12577,2957,2532,14758,88607,77808,52516,33546,21464,14034,9763,21039,6984,5111,18383,41425,21497,19928,528828,123390
Pontevedra,Meaño,36027,3327,51,254,272,238,186,147,98,67,59,32,31,109,144,80,64,2264,576,2532,14758,88607,77808,52516,33546,21464,14034,9763,21039,6984,5111,18383,41425,21497,19928,528828,123390
Pontevedra,Meis,36028,3710,36,215,243,220,176,155,96,68,53,59,35,129,111,62,49,2156,560,2532,14758,88607,77808,52516,33546,21464,14034,9763,21039,6984,5111,18383,41425,21497,19928,528828,123390
Pontevedra,Moaña,36029,3291,194,1295,1302,1130,844,609,400,286,282,224,175,622,693,408,285,9623,1567,2532,14758,88607,77808,52516,33546,21464,14034,9763,21039,6984,5111,18383,41425,21497,19928,528828,123390
Pontevedra,Mondariz,36030,2042,134,540,404,251,155,85,46,33,149,17,9,20,291,146,145,3145,1011,2532,14758,88607,77808,52516,33546,21464,14034,9763,21039,6984,5111,18383,41425,21497,19928,528828,123390
Pontevedra,Mondariz-Balneario,36031,1509,42,110,53,45,19,15,7,6,39,4,3,9,92,48,44,671,227,2532,14758,88607,77808,52516,33546,21464,14034,9763,21039,6984,5111,18383,41425,21497,19928,528828,123390
Pontevedra,Moraña,36032,2995,53,280,289,231,166,116,76,52,69,34,29,74,153,82,71,2253,631,2532,14758,88607,77808,52516,33546,21464,14034,9763,21039,6984,5111,18383,41425,21497,19928,528828,123390
Pontevedra,Mos,36033,3432,88,718,845,838,646,401,266,186,188,121,90,271,320,165,155,9312,4334,2532,14758,88607,77808,52516,33546,21464,14034,9763,21039,6984,5111,18383,41425,21497,19928,528828,123390
Pontevedra,Neves (As),36034,2296,115,326,278,180,132,77,54,27,93,19,15,70,236,127,109,3083,1461,2532,14758,88607,77808,52516,33546,21464,14034,9763,21039,6984,5111,18383,41425,21497,19928,528828,123390
Pontevedra,Nigrán,36035,2784,358,1506,1363,1052,821,561,359,271,436,200,143,433,1092,600,492,11076,2481,2532,14758,88607,77808,52516,33546,21464,14034,9763,21039,6984,5111,18383,41425,21497,19928,528828,123390
Pontevedra,Oia,36036,3012,43,182,173,164,118,83,50,43,59,10,18,45,110,52,58,1891,793,2532,14758,88607,77808,52516,33546,21464,14034,9763,21039,6984,5111,18383,41425,21497,19928,528828,123390
Pontevedra,Pazos de Borbén,36037,2494,51,244,259,168,100,68,39,22,58,19,8,36,148,81,67,1539,319,2532,14758,88607,77808,52516,33546,21464,14034,9763,21039,6984,5111,18383,41425,21497,19928,528828,123390
Pontevedra,Poio,36041,2724,304,1473,1306,972,663,496,301,205,359,147,111,380,791,417,374,9399,1891,2532,14758,88607,77808,52516,33546,21464,14034,9763,21039,6984,5111,18383,41425,21497,19928,528828,123390
Pontevedra,Ponte Caldelas,36043,2200,131,608,494,337,201,112,59,28,159,15,7,22,304,166,138,3155,678,2532,14758,88607,77808,52516,33546,21464,14034,9763,21039,6984,5111,18383,41425,21497,19928,528828,123390
Pontevedra,Ponteareas,36042,2282,439,2718,2246,1547,850,494,292,173,628,89,65,169,1136,565,571,13000,2154,2532,14758,88607,77808,52516,33546,21464,14034,9763,21039,6984,5111,18383,41425,21497,19928,528828,123390
Pontevedra,Pontecesures,36044,3343,41,189,213,182,121,90,76,45,57,32,31,138,120,66,54,1866,531,2532,14758,88607,77808,52516,33546,21464,14034,9763,21039,6984,5111,18383,41425,21497,19928,528828,123390
Pontevedra,Pontevedra,36038,2280,1078,9720,8046,4726,2491,1482,958,600,2061,446,349,1265,3369,1639,1730,42646,6055,2532,14758,88607,77808,52516,33546,21464,14034,9763,21039,6984,5111,18383,41425,21497,19928,528828,123390
Pontevedra,Porriño (O),36039,2555,258,1806,1509,1040,651,422,279,216,410,138,96,344,681,346,335,12059,4209,2532,14758,88607,77808,52516,33546,21464,14034,9763,21039,6984,5111,18383,41425,21497,19928,528828,123390
Pontevedra,Portas,36040,3581,15,135,133,129,104,81,55,34,35,28,24,62,69,37,32,1412,508,2532,14758,88607,77808,52516,33546,21464,14034,9763,21039,6984,5111,18383,41425,21497,19928,528828,123390
Pontevedra,Redondela,36045,3096,259,1950,2061,1662,1190,764,503,369,457,260,180,715,809,418,391,14215,3036,2532,14758,88607,77808,52516,33546,21464,14034,9763,21039,6984,5111,18383,41425,21497,19928,528828,123390
Pontevedra,Ribadumia,36046,3704,31,236,278,257,206,165,105,66,49,65,49,151,129,64,65,2300,513,2532,14758,88607,77808,52516,33546,21464,14034,9763,21039,6984,5111,18383,41425,21497,19928,528828,123390
Pontevedra,Rodeiro,36047,2883,44,166,138,92,69,52,48,20,40,25,23,105,113,64,49,1897,962,2532,14758,88607,77808,52516,33546,21464,14034,9763,21039,6984,5111,18383,41425,21497,19928,528828,123390
Pontevedra,Rosal (O),36048,3146,107,433,474,401,316,214,132,95,109,66,34,135,258,153,105,3678,904,2532,14758,88607,77808,52516,33546,21464,14034,9763,21039,6984,5111,18383,41425,21497,19928,528828,123390
Pontevedra,Salceda de Caselas,36049,2294,187,1163,984,641,366,217,106,55,269,36,23,67,464,222,242,6414,1836,2532,14758,88607,77808,52516,33546,21464,14034,9763,21039,6984,5111,18383,41425,21497,19928,528828,123390
Pontevedra,Salvaterra de Miño,36050,2051,297,1323,980,617,355,162,109,67,330,49,26,79,665,338,327,6361,1302,2532,14758,88607,77808,52516,33546,21464,14034,9763,21039,6984,5111,18383,41425,21497,19928,528828,123390
Pontevedra,Sanxenxo,36051,1896,1351,2066,1362,1023,771,543,401,305,862,240,194,646,2913,1737,1176,17787,5110,2532,14758,88607,77808,52516,33546,21464,14034,9763,21039,6984,5111,18383,41425,21497,19928,528828,123390
Pontevedra,Silleda,36052,2009,295,1174,898,481,259,125,85,64,315,52,33,161,636,313,323,5920,1342,2532,14758,88607,77808,52516,33546,21464,14034,9763,21039,6984,5111,18383,41425,21497,19928,528828,123390
Pontevedra,Soutomaior,36053,2896,71,586,549,402,299,199,119,104,136,82,60,208,290,150,140,3916,811,2532,14758,88607,77808,52516,33546,21464,14034,9763,21039,6984,5111,18383,41425,21497,19928,528828,123390
Pontevedra,Tomiño,36054,2904,143,987,948,795,601,342,243,136,253,92,67,202,473,265,208,6621,1339,2532,14758,88607,77808,52516,33546,21464,14034,9763,21039,6984,5111,18383,41425,21497,19928,528828,123390
Pontevedra,Tui,36055,2254,268,1868,1632,1065,580,275,170,84,397,53,39,97,764,355,409,8072,780,2532,14758,88607,77808,52516,33546,21464,14034,9763,21039,6984,5111,18383,41425,21497,19928,528828,123390
Pontevedra,Valga,36056,3672,32,224,269,288,253,140,88,91,50,51,25,100,110,55,55,2391,670,2532,14758,88607,77808,52516,33546,21464,14034,9763,21039,6984,5111,18383,41425,21497,19928,528828,123390
Pontevedra,Vigo,36057,2400,2730,31401,27638,16310,9249,5525,3567,2540,6513,1763,1278,4418,9667,4387,5280,144293,21694,2532,14758,88607,77808,52516,33546,21464,14034,9763,21039,6984,5111,18383,41425,21497,19928,528828,123390
Pontevedra,Vila de Cruces,36059,2460,126,438,345,243,164,115,74,53,106,26,29,113,251,129,122,3686,1603,2532,14758,88607,77808,52516,33546,21464,14034,9763,21039,6984,5111,18383,41425,21497,19928,528828,123390
Pontevedra,Vilaboa,36058,3448,48,321,360,350,267,175,134,87,59,42,39,133,140,77,63,2511,356,2532,14758,88607,77808,52516,33546,21464,14034,9763,21039,6984,5111,18383,41425,21497,19928,528828,123390
Pontevedra,Vilagarcía de Arousa,36060,2702,575,3008,2755,1886,1350,925,587,477,775,359,252,967,1718,969,749,21149,5515,2532,14758,88607,77808,52516,33546,21464,14034,9763,21039,6984,5111,18383,41425,21497,19928,528828,123390
Pontevedra,Vilanova de Arousa,36061,3106,154,644,632,542,406,288,172,141,175,97,86,285,432,245,187,5599,1545,2532,14758,88607,77808,52516,33546,21464,14034,9763,21039,6984,5111,18383,41425,21497,19928,528828,123390
"Rioja, La",Agoncillo,26002,1789,69,198,151,83,30,19,9,10,48,1,2,9,130,65,65,976,217,1656,13611,58996,39051,15533,5591,2433,1243,741,14483,527,387,1396,31997,16888,15109,211333,25344
"Rioja, La",Albelda de Iregua,26005,1807,185,587,480,217,96,35,26,18,153,12,10,20,404,213,191,2591,348,1656,13611,58996,39051,15533,5591,2433,1243,741,14483,527,387,1396,31997,16888,15109,211333,25344
"Rioja, La",Alberite *,26006,1612,159,457,308,130,47,34,9,4,127,6,3,8,294,165,129,1853,267,1656,13611,58996,39051,15533,5591,2433,1243,741,14483,527,387,1396,31997,16888,15109,211333,25344
"Rioja, La",Aldeanueva de Ebro *,26008,2211,102,298,256,195,98,39,21,7,66,8,4,20,163,81,82,1430,153,1656,13611,58996,39051,15533,5591,2433,1243,741,14483,527,387,1396,31997,16888,15109,211333,25344
"Rioja, La",Alfaro,26011,2044,273,1342,1203,673,303,122,52,27,327,12,8,32,638,325,313,5721,709,1656,13611,58996,39051,15533,5591,2433,1243,741,14483,527,387,1396,31997,16888,15109,211333,25344
"Rioja, La",Arnedo *,26018,1770,357,2349,1665,627,196,92,63,31,515,31,18,64,982,512,470,7569,579,1656,13611,58996,39051,15533,5591,2433,1243,741,14483,527,387,1396,31997,16888,15109,211333,25344
"Rioja, La",Autol *,26021,1817,160,634,474,208,83,26,19,14,152,9,5,22,285,146,139,2446,355,1656,13611,58996,39051,15533,5591,2433,1243,741,14483,527,387,1396,31997,16888,15109,211333,25344
"Rioja, La",Baños de Río Tobía *,26026,1780,101,202,160,94,41,15,15,3,68,7,6,11,170,88,82,1067,174,1656,13611,58996,39051,15533,5591,2433,1243,741,14483,527,387,1396,31997,16888,15109,211333,25344
"Rioja, La",Calahorra,26036,1953,526,3756,3028,1328,486,245,121,69,719,55,32,118,1335,675,660,12753,935,1656,13611,58996,39051,15533,5591,2433,1243,741,14483,527,387,1396,31997,16888,15109,211333,25344
"Rioja, La",Casalarreina *,26042,896,254,336,135,75,21,12,4,6,143,1,5,8,561,301,260,1867,306,1656,13611,58996,39051,15533,5591,2433,1243,741,14483,527,387,1396,31997,16888,15109,211333,25344
"Rioja, La",Cenicero *,26046,1627,167,367,243,123,54,23,18,8,95,8,4,20,313,180,133,1762,319,1656,13611,58996,39051,15533,5591,2433,1243,741,14483,527,387,1396,31997,16888,15109,211333,25344
"Rioja, La",Cervera del Río Alhama,26047,1679,226,415,303,191,85,53,25,14,155,4,5,21,393,219,174,2524,634,1656,13611,58996,39051,15533,5591,2433,1243,741,14483,527,387,1396,31997,16888,15109,211333,25344
"Rioja, La",Entrena,26059,1746,90,221,188,106,33,15,7,5,67,2,1,7,171,98,73,1153,240,1656,13611,58996,39051,15533,5591,2433,1243,741,14483,527,387,1396,31997,16888,15109,211333,25344
"Rioja, La",Ezcaray,26061,716,754,609,250,80,36,21,11,12,273,6,3,25,1460,908,552,4299,759,1656,13611,58996,39051,15533,5591,2433,1243,741,14483,527,387,1396,31997,16888,15109,211333,25344
"Rioja, La",Fuenmayor *,26064,1776,164,492,379,163,68,27,8,6,112,3,3,15,294,155,139,1958,224,1656,13611,58996,39051,15533,5591,2433,1243,741,14483,527,387,1396,31997,16888,15109,211333,25344
"Rioja, La",Haro,26071,1536,711,2312,1515,565,173,63,35,21,626,21,10,60,1530,860,670,8865,1223,1656,13611,58996,39051,15533,5591,2433,1243,741,14483,527,387,1396,31997,16888,15109,211333,25344
"Rioja, La",Lardero *,26084,1815,285,1942,1323,667,278,122,54,38,437,27,11,45,900,456,444,6591,462,1656,13611,58996,39051,15533,5591,2433,1243,741,14483,527,387,1396,31997,16888,15109,211333,25344
"Rioja, La",Logroño *,26089,1702,2697,29186,18313,5787,1722,643,328,190,5935,139,113,394,8850,4069,4781,78908,4611,1656,13611,58996,39051,15533,5591,2433,1243,741,14483,527,387,1396,31997,16888,15109,211333,25344
"Rioja, La",Murillo de Río Leza,26099,1724,104,293,202,98,45,25,16,11,79,3,5,24,223,139,84,1398,270,1656,13611,58996,39051,15533,5591,2433,1243,741,14483,527,387,1396,31997,16888,15109,211333,25344
"Rioja, La",Nalda,26103,1517,116,292,164,92,47,25,17,11,104,5,5,14,257,153,104,1536,387,1656,13611,58996,39051,15533,5591,2433,1243,741,14483,527,387,1396,31997,16888,15109,211333,25344
"Rioja, La",Navarrete *,26105,1906,126,439,350,204,77,40,15,5,118,3,4,13,241,129,112,1845,210,1656,13611,58996,39051,15533,5591,2433,1243,741,14483,527,387,1396,31997,16888,15109,211333,25344
"Rioja, La",Nájera *,26102,1766,295,1403,1028,331,110,53,32,36,293,29,28,46,655,346,309,4970,631,1656,13611,58996,39051,15533,5591,2433,1243,741,14483,527,387,1396,31997,16888,15109,211333,25344
"Rioja, La",Pradejón *,26117,2370,61,418,380,263,135,65,25,17,85,8,6,34,163,89,74,1791,131,1656,13611,58996,39051,15533,5591,2433,1243,741,14483,527,387,1396,31997,16888,15109,211333,25344
"Rioja, La",Quel *,26120,1816,109,293,230,110,32,23,9,6,70,9,6,18,187,111,76,1292,190,1656,13611,58996,39051,15533,5591,2433,1243,741,14483,527,387,1396,31997,16888,15109,211333,25344
"Rioja, La","Resto de Rioja, La",26999,1121,4319,6484,3683,1884,810,367,193,112,2767,83,55,233,8958,5062,3896,38828,8880,1656,13611,58996,39051,15533,5591,2433,1243,741,14483,527,387,1396,31997,16888,15109,211333,25344
"Rioja, La",Ribafrecha,26124,1630,51,171,118,64,35,12,11,3,56,2,1,6,134,73,61,848,184,1656,13611,58996,39051,15533,5591,2433,1243,741,14483,527,387,1396,31997,16888,15109,211333,25344
"Rioja, La",Rincón de Soto *,26125,2188,89,441,376,250,142,65,22,10,102,3,6,14,220,111,109,1970,230,1656,13611,58996,39051,15533,5591,2433,1243,741,14483,527,387,1396,31997,16888,15109,211333,25344
"Rioja, La",San Asensio *,26129,1484,136,163,130,75,32,10,7,7,62,2,0,14,197,117,80,1130,295,1656,13611,58996,39051,15533,5591,2433,1243,741,14483,527,387,1396,31997,16888,15109,211333,25344
"Rioja, La",San Vicente de la Sonsierra,26142,1345,157,208,154,55,27,11,9,7,78,2,4,3,227,123,104,1266,324,1656,13611,58996,39051,15533,5591,2433,1243,741,14483,527,387,1396,31997,16888,15109,211333,25344
"Rioja, La",Santo Domingo de la Calzada *,26138,1565,459,1187,806,314,90,56,26,19,298,17,15,57,894,506,388,4931,693,1656,13611,58996,39051,15533,5591,2433,1243,741,14483,527,387,1396,31997,16888,15109,211333,25344
"Rioja, La",Villamediana de Iregua *,26168,1738,309,1501,1056,481,159,75,36,14,353,9,9,21,768,413,355,5195,404,1656,13611,58996,39051,15533,5591,2433,1243,741,14483,527,387,1396,31997,16888,15109,211333,25344
Salamanca,Alba de Tormes,37008,1930,180,811,628,286,115,72,31,17,187,35,12,50,380,191,189,3284,480,1678,17378,62789,38779,16777,7175,3641,2301,1705,16282,1315,955,2695,33662,17842,15820,246123,40669
Salamanca,Alberca (La) *,37010,1499,151,149,119,62,23,14,8,11,63,4,3,12,172,111,61,1027,236,1678,17378,62789,38779,16777,7175,3641,2301,1705,16282,1315,955,2695,33662,17842,15820,246123,40669
Salamanca,Aldeadávila de la Ribera,37014,1450,118,183,102,67,24,9,7,6,75,10,5,23,183,105,78,1109,297,1678,17378,62789,38779,16777,7175,3641,2301,1705,16282,1315,955,2695,33662,17842,15820,246123,40669
Salamanca,Aldeatejada,37023,2048,41,356,284,164,57,24,17,8,82,9,2,23,118,54,64,1243,58,1678,17378,62789,38779,16777,7175,3641,2301,1705,16282,1315,955,2695,33662,17842,15820,246123,40669
Salamanca,Béjar,37046,1636,723,2462,1502,503,219,126,97,81,603,56,49,101,1374,745,629,9826,1930,1678,17378,62789,38779,16777,7175,3641,2301,1705,16282,1315,955,2695,33662,17842,15820,246123,40669
Salamanca,Cabrerizos *,37067,2674,39,337,451,327,150,82,39,23,65,22,22,46,157,83,74,1847,87,1678,17378,62789,38779,16777,7175,3641,2301,1705,16282,1315,955,2695,33662,17842,15820,246123,40669
Salamanca,Calvarrasa de Abajo,37069,1720,76,262,179,108,43,22,14,12,88,3,2,9,180,87,93,1112,114,1678,17378,62789,38779,16777,7175,3641,2301,1705,16282,1315,955,2695,33662,17842,15820,246123,40669
Salamanca,Carbajosa de la Sagrada *,37085,2185,92,879,763,415,179,82,37,33,128,13,13,27,250,112,138,3060,149,1678,17378,62789,38779,16777,7175,3641,2301,1705,16282,1315,955,2695,33662,17842,15820,246123,40669
Salamanca,Carrascal de Barregas,37087,2466,18,149,178,114,43,21,12,7,34,5,1,13,59,18,41,715,61,1678,17378,62789,38779,16777,7175,3641,2301,1705,16282,1315,955,2695,33662,17842,15820,246123,40669
Salamanca,Castellanos de Moriscos,37092,1753,69,511,326,138,59,27,11,9,117,4,8,18,218,101,117,1626,111,1678,17378,62789,38779,16777,7175,3641,2301,1705,16282,1315,955,2695,33662,17842,15820,246123,40669
Salamanca,Ciudad Rodrigo,37107,1828,885,1938,1417,670,302,172,132,108,528,81,75,150,1270,725,545,9525,1797,1678,17378,62789,38779,16777,7175,3641,2301,1705,16282,1315,955,2695,33662,17842,15820,246123,40669
Salamanca,Doñinos de Salamanca,37117,2256,39,232,264,169,49,23,9,4,47,2,1,12,123,59,64,1049,75,1678,17378,62789,38779,16777,7175,3641,2301,1705,16282,1315,955,2695,33662,17842,15820,246123,40669
Salamanca,Fuente de San Esteban (La),37135,1891,105,201,145,94,47,15,13,9,50,11,7,29,158,97,61,1147,263,1678,17378,62789,38779,16777,7175,3641,2301,1705,16282,1315,955,2695,33662,17842,15820,246123,40669
Salamanca,Fuentes de Oñoro,37140,1920,41,124,90,44,30,9,3,8,27,4,0,8,61,37,24,590,141,1678,17378,62789,38779,16777,7175,3641,2301,1705,16282,1315,955,2695,33662,17842,15820,246123,40669
Salamanca,Guijuelo,37156,1971,192,799,660,311,120,65,33,26,169,19,15,49,391,198,193,3305,456,1678,17378,62789,38779,16777,7175,3641,2301,1705,16282,1315,955,2695,33662,17842,15820,246123,40669
Salamanca,Ledesma,37170,1768,119,244,179,115,36,18,13,10,70,7,7,26,202,106,96,1358,312,1678,17378,62789,38779,16777,7175,3641,2301,1705,16282,1315,955,2695,33662,17842,15820,246123,40669
Salamanca,Lumbrales,37173,1653,187,279,178,108,48,22,21,20,82,11,5,28,236,143,93,1638,413,1678,17378,62789,38779,16777,7175,3641,2301,1705,16282,1315,955,2695,33662,17842,15820,246123,40669
Salamanca,Macotera *,37174,1515,177,146,112,70,31,24,6,9,58,2,5,18,192,112,80,1107,257,1678,17378,62789,38779,16777,7175,3641,2301,1705,16282,1315,955,2695,33662,17842,15820,246123,40669
Salamanca,Monterrubio de Armuña *,37202,2409,7,131,150,118,48,6,7,0,28,1,0,4,38,20,18,559,21,1678,17378,62789,38779,16777,7175,3641,2301,1705,16282,1315,955,2695,33662,17842,15820,246123,40669
Salamanca,Pelabravo,37240,2130,44,187,172,114,37,19,16,7,51,6,4,11,109,54,55,934,157,1678,17378,62789,38779,16777,7175,3641,2301,1705,16282,1315,955,2695,33662,17842,15820,246123,40669
Salamanca,Peñaranda de Bracamonte,37246,1936,274,1008,758,336,136,79,48,46,223,45,24,92,456,244,212,4185,660,1678,17378,62789,38779,16777,7175,3641,2301,1705,16282,1315,955,2695,33662,17842,15820,246123,40669
Salamanca,Resto de Salamanca,37999,1482,9504,12288,8406,4687,2260,1163,664,458,4395,374,285,1010,13971,8339,5632,83765,24300,1678,17378,62789,38779,16777,7175,3641,2301,1705,16282,1315,955,2695,33662,17842,15820,246123,40669
Salamanca,Salamanca *,37274,1615,3476,33920,17478,5661,2207,1115,782,619,8017,441,303,688,11301,5049,6252,92553,6545,1678,17378,62789,38779,16777,7175,3641,2301,1705,16282,1315,955,2695,33662,17842,15820,246123,40669
Salamanca,San Cristóbal de la Cuesta,37278,1776,38,198,128,66,36,15,5,4,47,2,1,7,99,56,43,755,109,1678,17378,62789,38779,16777,7175,3641,2301,1705,16282,1315,955,2695,33662,17842,15820,246123,40669
Salamanca,Santa Marta de Tormes *,37294,1985,233,2239,1680,767,348,141,102,43,410,39,22,70,633,327,306,7102,375,1678,17378,62789,38779,16777,7175,3641,2301,1705,16282,1315,955,2695,33662,17842,15820,246123,40669
Salamanca,Terradillos,37322,2054,112,438,301,150,94,65,54,41,98,46,33,35,242,124,118,2024,315,1678,17378,62789,38779,16777,7175,3641,2301,1705,16282,1315,955,2695,33662,17842,15820,246123,40669
Salamanca,Villamayor *,37354,2166,117,958,935,499,197,93,56,39,203,22,18,39,383,185,198,3781,222,1678,17378,62789,38779,16777,7175,3641,2301,1705,16282,1315,955,2695,33662,17842,15820,246123,40669
Salamanca,Villares de la Reina *,37362,2001,152,871,751,371,134,65,31,18,196,13,10,30,356,174,182,3235,237,1678,17378,62789,38779,16777,7175,3641,2301,1705,16282,1315,955,2695,33662,17842,15820,246123,40669
Salamanca,Villoria *,37374,2069,56,148,117,93,34,12,10,9,39,7,3,18,104,55,49,801,151,1678,17378,62789,38779,16777,7175,3641,2301,1705,16282,1315,955,2695,33662,17842,15820,246123,40669
Salamanca,Vitigudino,37376,2030,113,341,326,150,69,41,23,20,102,21,20,49,246,131,115,1861,340,1678,17378,62789,38779,16777,7175,3641,2301,1705,16282,1315,955,2695,33662,17842,15820,246123,40669
Santa Cruz de Tenerife,Adeje,38001,2305,633,5180,4239,2861,1623,930,555,348,1270,226,142,590,2185,992,1193,26798,6016,2115,15139,119236,94606,58344,30172,14645,7424,4029,27731,2348,1533,5287,46003,21674,24329,537463,110966
Santa Cruz de Tenerife,Agulo,38002,1478,46,121,71,45,27,11,7,2,55,3,0,7,116,61,55,853,342,2115,15139,119236,94606,58344,30172,14645,7424,4029,27731,2348,1533,5287,46003,21674,24329,537463,110966
Santa Cruz de Tenerife,Alajeró,38003,1757,56,196,138,98,57,31,12,5,72,6,6,13,163,86,77,1327,474,2115,15139,119236,94606,58344,30172,14645,7424,4029,27731,2348,1533,5287,46003,21674,24329,537463,110966
Santa Cruz de Tenerife,Arafo,38004,2193,94,597,483,362,195,100,46,34,191,19,10,24,302,158,144,2818,361,2115,15139,119236,94606,58344,30172,14645,7424,4029,27731,2348,1533,5287,46003,21674,24329,537463,110966
Santa Cruz de Tenerife,Arico,38005,1674,255,1444,899,486,264,127,70,35,470,23,11,52,913,456,457,6133,1084,2115,15139,119236,94606,58344,30172,14645,7424,4029,27731,2348,1533,5287,46003,21674,24329,537463,110966
Santa Cruz de Tenerife,Arona,38006,1979,1746,11036,7961,4879,2529,1199,681,328,2883,210,169,580,5062,2327,2735,53746,14483,2115,15139,119236,94606,58344,30172,14645,7424,4029,27731,2348,1533,5287,46003,21674,24329,537463,110966
Santa Cruz de Tenerife,Barlovento,38007,2090,54,197,144,88,58,30,11,6,42,7,6,18,95,43,52,1230,474,2115,15139,119236,94606,58344,30172,14645,7424,4029,27731,2348,1533,5287,46003,21674,24329,537463,110966
Santa Cruz de Tenerife,Breña Alta,38008,2386,97,688,649,417,241,138,79,37,177,13,12,32,271,151,120,3681,830,2115,15139,119236,94606,58344,30172,14645,7424,4029,27731,2348,1533,5287,46003,21674,24329,537463,110966
Santa Cruz de Tenerife,Breña Baja,38009,2015,83,725,552,300,151,85,34,22,166,16,9,33,297,158,139,3265,792,2115,15139,119236,94606,58344,30172,14645,7424,4029,27731,2348,1533,5287,46003,21674,24329,537463,110966
Santa Cruz de Tenerife,Buenavista del Norte,38010,1975,75,483,392,194,85,59,23,11,118,5,4,27,226,107,119,2449,747,2115,15139,119236,94606,58344,30172,14645,7424,4029,27731,2348,1533,5287,46003,21674,24329,537463,110966
Santa Cruz de Tenerife,Candelaria,38011,2294,215,3279,2961,1753,935,506,260,120,623,83,43,119,967,444,523,14205,2341,2115,15139,119236,94606,58344,30172,14645,7424,4029,27731,2348,1533,5287,46003,21674,24329,537463,110966
Santa Cruz de Tenerife,Fasnia,38012,1582,90,382,238,150,76,34,18,14,155,2,3,11,291,132,159,1847,383,2115,15139,119236,94606,58344,30172,14645,7424,4029,27731,2348,1533,5287,46003,21674,24329,537463,110966
Santa Cruz de Tenerife,Frontera,38013,1991,97,474,334,225,123,64,35,19,144,11,3,36,249,123,126,2444,630,2115,15139,119236,94606,58344,30172,14645,7424,4029,27731,2348,1533,5287,46003,21674,24329,537463,110966
Santa Cruz de Tenerife,Fuencaliente de la Palma,38014,2011,64,184,147,88,41,29,16,12,47,2,5,9,114,62,52,1209,451,2115,15139,119236,94606,58344,30172,14645,7424,4029,27731,2348,1533,5287,46003,21674,24329,537463,110966
Santa Cruz de Tenerife,Garachico,38015,1926,97,521,394,197,111,46,21,14,121,9,7,32,253,130,123,2521,698,2115,15139,119236,94606,58344,30172,14645,7424,4029,27731,2348,1533,5287,46003,21674,24329,537463,110966
Santa Cruz de Tenerife,Garafía,38016,1631,72,220,123,63,38,26,15,9,82,7,4,15,169,102,67,1635,792,2115,15139,119236,94606,58344,30172,14645,7424,4029,27731,2348,1533,5287,46003,21674,24329,537463,110966
Santa Cruz de Tenerife,Granadilla de Abona,38017,2249,598,5650,4890,3224,1799,790,389,210,1255,98,60,211,1967,927,1040,24284,3143,2115,15139,119236,94606,58344,30172,14645,7424,4029,27731,2348,1533,5287,46003,21674,24329,537463,110966
Santa Cruz de Tenerife,Guancha (La),38018,2050,69,540,425,245,113,69,24,17,134,6,6,25,225,110,115,2375,477,2115,15139,119236,94606,58344,30172,14645,7424,4029,27731,2348,1533,5287,46003,21674,24329,537463,110966
Santa Cruz de Tenerife,Guía de Isora,38019,2198,352,2071,1699,1175,619,276,152,96,499,53,42,138,948,471,477,11209,3089,2115,15139,119236,94606,58344,30172,14645,7424,4029,27731,2348,1533,5287,46003,21674,24329,537463,110966
Santa Cruz de Tenerife,Güímar,38020,1860,375,2913,1991,1129,505,229,111,67,743,31,24,82,1275,578,697,11602,2127,2115,15139,119236,94606,58344,30172,14645,7424,4029,27731,2348,1533,5287,46003,21674,24329,537463,110966
Santa Cruz de Tenerife,Hermigua,38021,1472,66,224,126,65,23,15,6,4,73,1,3,11,163,81,82,1306,526,2115,15139,119236,94606,58344,30172,14645,7424,4029,27731,2348,1533,5287,46003,21674,24329,537463,110966
Santa Cruz de Tenerife,Icod de los Vinos,38022,1958,383,2577,1923,1101,500,269,126,72,621,43,29,91,1152,567,585,11541,2654,2115,15139,119236,94606,58344,30172,14645,7424,4029,27731,2348,1533,5287,46003,21674,24329,537463,110966
Santa Cruz de Tenerife,Llanos de Aridane (Los),38024,2159,392,2416,1979,1338,728,348,169,99,593,79,42,119,1143,574,569,11319,1874,2115,15139,119236,94606,58344,30172,14645,7424,4029,27731,2348,1533,5287,46003,21674,24329,537463,110966
Santa Cruz de Tenerife,Matanza de Acentejo (La),38025,2269,114,924,808,505,287,154,64,29,190,18,7,58,319,138,181,4270,793,2115,15139,119236,94606,58344,30172,14645,7424,4029,27731,2348,1533,5287,46003,21674,24329,537463,110966
Santa Cruz de Tenerife,Orotava (La),38026,2267,407,4161,3588,2288,1255,608,263,156,882,101,63,187,1336,627,709,17819,2524,2115,15139,119236,94606,58344,30172,14645,7424,4029,27731,2348,1533,5287,46003,21674,24329,537463,110966
Santa Cruz de Tenerife,Paso (El),38027,2669,82,626,606,495,321,179,132,62,145,42,22,66,294,169,125,4171,1099,2115,15139,119236,94606,58344,30172,14645,7424,4029,27731,2348,1533,5287,46003,21674,24329,537463,110966
Santa Cruz de Tenerife,Pinar de El Hierro (El),38901,1648,77,254,147,89,50,40,15,9,83,5,1,12,172,87,85,1320,366,2115,15139,119236,94606,58344,30172,14645,7424,4029,27731,2348,1533,5287,46003,21674,24329,537463,110966
Santa Cruz de Tenerife,Puerto de la Cruz,38028,1707,722,4496,2675,1416,668,321,170,99,1195,65,46,186,2230,1104,1126,20779,6490,2115,15139,119236,94606,58344,30172,14645,7424,4029,27731,2348,1533,5287,46003,21674,24329,537463,110966
Santa Cruz de Tenerife,Puntagorda,38029,2240,39,193,156,120,58,33,18,10,43,9,2,16,101,50,51,1233,435,2115,15139,119236,94606,58344,30172,14645,7424,4029,27731,2348,1533,5287,46003,21674,24329,537463,110966
Santa Cruz de Tenerife,Puntallana,38030,2080,58,238,180,129,74,43,30,9,79,6,2,15,130,69,61,1447,454,2115,15139,119236,94606,58344,30172,14645,7424,4029,27731,2348,1533,5287,46003,21674,24329,537463,110966
Santa Cruz de Tenerife,Realejos (Los),38031,2021,506,4219,3075,1760,879,421,217,106,877,57,35,112,1410,684,726,17417,3743,2115,15139,119236,94606,58344,30172,14645,7424,4029,27731,2348,1533,5287,46003,21674,24329,537463,110966
Santa Cruz de Tenerife,Rosario (El),38032,2576,131,1629,1466,1144,644,371,209,114,294,75,49,98,467,208,259,8160,1469,2115,15139,119236,94606,58344,30172,14645,7424,4029,27731,2348,1533,5287,46003,21674,24329,537463,110966
Santa Cruz de Tenerife,San Andrés y Sauces,38033,2185,79,360,297,204,120,56,24,14,90,11,6,14,178,98,80,2386,933,2115,15139,119236,94606,58344,30172,14645,7424,4029,27731,2348,1533,5287,46003,21674,24329,537463,110966
Santa Cruz de Tenerife,San Cristóbal de La Laguna,38023,2127,2005,18704,15041,8927,4532,2112,1022,573,4006,267,185,607,6135,2762,3373,74096,9980,2115,15139,119236,94606,58344,30172,14645,7424,4029,27731,2348,1533,5287,46003,21674,24329,537463,110966
Santa Cruz de Tenerife,San Juan de la Rambla,38034,2030,58,465,368,186,107,41,16,19,113,10,6,13,152,71,81,2209,655,2115,15139,119236,94606,58344,30172,14645,7424,4029,27731,2348,1533,5287,46003,21674,24329,537463,110966
Santa Cruz de Tenerife,San Miguel de Abona *,38035,2487,227,1496,1417,1060,659,384,185,121,434,64,37,126,761,372,389,10415,3444,2115,15139,119236,94606,58344,30172,14645,7424,4029,27731,2348,1533,5287,46003,21674,24329,537463,110966
Santa Cruz de Tenerife,San Sebastián de la Gomera,38036,1946,212,1173,868,505,257,114,58,37,320,22,16,47,550,257,293,5106,927,2115,15139,119236,94606,58344,30172,14645,7424,4029,27731,2348,1533,5287,46003,21674,24329,537463,110966
Santa Cruz de Tenerife,Santa Cruz de Tenerife,38038,2160,2045,24126,20035,11970,5618,2487,1142,533,4810,291,197,715,6529,2806,3723,97227,16729,2115,15139,119236,94606,58344,30172,14645,7424,4029,27731,2348,1533,5287,46003,21674,24329,537463,110966
Santa Cruz de Tenerife,Santa Cruz de la Palma,38037,1852,267,1910,1275,648,334,125,63,37,438,16,14,56,741,323,418,7535,1611,2115,15139,119236,94606,58344,30172,14645,7424,4029,27731,2348,1533,5287,46003,21674,24329,537463,110966
Santa Cruz de Tenerife,Santa Úrsula,38039,2261,213,1603,1370,854,489,246,139,70,372,50,28,114,577,268,309,6812,687,2115,15139,119236,94606,58344,30172,14645,7424,4029,27731,2348,1533,5287,46003,21674,24329,537463,110966
Santa Cruz de Tenerife,Santiago del Teide,38040,1776,334,1596,1093,656,317,155,86,61,515,34,28,107,1001,496,505,9243,3260,2115,15139,119236,94606,58344,30172,14645,7424,4029,27731,2348,1533,5287,46003,21674,24329,537463,110966
Santa Cruz de Tenerife,Sauzal (El),38041,2585,92,706,719,480,296,201,107,56,177,34,31,66,239,98,141,3910,706,2115,15139,119236,94606,58344,30172,14645,7424,4029,27731,2348,1533,5287,46003,21674,24329,537463,110966
Santa Cruz de Tenerife,Silos (Los) *,38042,1872,118,717,439,261,136,45,33,13,156,10,10,20,304,149,155,2495,233,2115,15139,119236,94606,58344,30172,14645,7424,4029,27731,2348,1533,5287,46003,21674,24329,537463,110966
Santa Cruz de Tenerife,Tacoronte,38043,2353,262,2255,2023,1409,806,392,219,107,512,73,39,126,850,426,424,11121,2048,2115,15139,119236,94606,58344,30172,14645,7424,4029,27731,2348,1533,5287,46003,21674,24329,537463,110966
Santa Cruz de Tenerife,Tanque (El) *,38044,2133,37,242,196,121,72,34,16,11,58,6,4,18,106,53,53,1351,430,2115,15139,119236,94606,58344,30172,14645,7424,4029,27731,2348,1533,5287,46003,21674,24329,537463,110966
Santa Cruz de Tenerife,Tazacorte,38045,1868,117,552,385,230,107,49,19,12,152,10,0,17,297,148,149,2744,797,2115,15139,119236,94606,58344,30172,14645,7424,4029,27731,2348,1533,5287,46003,21674,24329,537463,110966
Santa Cruz de Tenerife,Tegueste,38046,2579,101,994,1007,783,413,214,124,54,174,31,21,42,307,158,149,4764,499,2115,15139,119236,94606,58344,30172,14645,7424,4029,27731,2348,1533,5287,46003,21674,24329,537463,110966
Santa Cruz de Tenerife,Tijarafe,38047,2150,69,289,223,153,88,59,29,19,87,15,11,28,177,90,87,1867,620,2115,15139,119236,94606,58344,30172,14645,7424,4029,27731,2348,1533,5287,46003,21674,24329,537463,110966
Santa Cruz de Tenerife,Valle Gran Rey,38049,1356,218,632,362,169,86,54,27,29,269,11,7,32,594,323,271,3803,1313,2115,15139,119236,94606,58344,30172,14645,7424,4029,27731,2348,1533,5287,46003,21674,24329,537463,110966
Santa Cruz de Tenerife,Vallehermoso,38050,1219,190,321,166,99,48,17,5,7,127,3,2,22,383,218,165,2648,1258,2115,15139,119236,94606,58344,30172,14645,7424,4029,27731,2348,1533,5287,46003,21674,24329,537463,110966
Santa Cruz de Tenerife,Valverde,38048,1929,106,666,518,312,147,67,27,18,194,15,4,20,376,202,174,3155,685,2115,15139,119236,94606,58344,30172,14645,7424,4029,27731,2348,1533,5287,46003,21674,24329,537463,110966
Santa Cruz de Tenerife,Victoria de Acentejo (La),38051,2191,111,882,782,498,246,103,53,30,210,18,7,34,318,153,165,4049,757,2115,15139,119236,94606,58344,30172,14645,7424,4029,27731,2348,1533,5287,46003,21674,24329,537463,110966
Santa Cruz de Tenerife,Vilaflor de Chasna,38052,2210,34,159,130,101,57,29,13,12,37,8,4,24,101,57,44,1077,368,2115,15139,119236,94606,58344,30172,14645,7424,4029,27731,2348,1533,5287,46003,21674,24329,537463,110966
Santa Cruz de Tenerife,Villa de Mazo,38053,2047,99,530,433,289,160,80,39,21,158,18,9,14,322,170,152,3037,865,2115,15139,119236,94606,58344,30172,14645,7424,4029,27731,2348,1533,5287,46003,21674,24329,537463,110966
Segovia,Ayllón,40024,1693,114,207,142,97,54,25,20,12,75,14,5,31,214,114,100,1561,551,1925,6902,22917,17291,9923,5242,2649,1637,1066,6403,782,579,2559,15521,8292,7229,128255,34784
Segovia,Cantalejo,40040,1980,192,487,370,228,126,62,40,37,135,29,12,70,372,200,172,2848,688,1925,6902,22917,17291,9923,5242,2649,1637,1066,6403,782,579,2559,15521,8292,7229,128255,34784
Segovia,Cantimpalos,40041,2252,36,138,109,92,75,23,8,6,33,5,5,18,100,47,53,938,290,1925,6902,22917,17291,9923,5242,2649,1637,1066,6403,782,579,2559,15521,8292,7229,128255,34784
Segovia,Carbonero el Mayor,40043,2676,39,195,218,177,94,56,34,29,61,21,9,44,125,69,56,1480,378,1925,6902,22917,17291,9923,5242,2649,1637,1066,6403,782,579,2559,15521,8292,7229,128255,34784
Segovia,Coca,40057,2298,45,199,134,137,68,37,21,5,42,2,1,22,113,69,44,1264,438,1925,6902,22917,17291,9923,5242,2649,1637,1066,6403,782,579,2559,15521,8292,7229,128255,34784
Segovia,Cuéllar *,40063,2204,217,1152,1062,634,300,123,89,47,286,30,25,98,551,278,273,5908,1294,1925,6902,22917,17291,9923,5242,2649,1637,1066,6403,782,579,2559,15521,8292,7229,128255,34784
Segovia,Espinar (El),40076,1809,620,1577,1166,690,405,212,149,98,533,52,48,222,1493,825,668,9550,2285,1925,6902,22917,17291,9923,5242,2649,1637,1066,6403,782,579,2559,15521,8292,7229,128255,34784
Segovia,Espirdo,40077,2004,30,219,159,62,53,20,28,6,56,10,12,29,101,59,42,1068,283,1925,6902,22917,17291,9923,5242,2649,1637,1066,6403,782,579,2559,15521,8292,7229,128255,34784
Segovia,Hontanares de Eresma,40101,2208,28,162,153,106,41,25,13,9,36,5,5,6,78,39,39,802,135,1925,6902,22917,17291,9923,5242,2649,1637,1066,6403,782,579,2559,15521,8292,7229,128255,34784
Segovia,Lastrilla (La),40112,2388,47,453,403,255,169,91,48,25,88,22,15,40,176,85,91,1998,166,1925,6902,22917,17291,9923,5242,2649,1637,1066,6403,782,579,2559,15521,8292,7229,128255,34784
Segovia,Nava de la Asunción,40138,2363,70,305,300,213,115,78,34,18,96,16,12,37,185,93,92,1877,398,1925,6902,22917,17291,9923,5242,2649,1637,1066,6403,782,579,2559,15521,8292,7229,128255,34784
Segovia,Navalmanzano *,40141,2079,82,100,89,73,35,13,7,2,35,2,2,10,87,46,41,739,202,1925,6902,22917,17291,9923,5242,2649,1637,1066,6403,782,579,2559,15521,8292,7229,128255,34784
Segovia,Navas de Oro,40145,2206,52,152,132,97,60,20,15,6,44,8,3,17,95,50,45,1021,320,1925,6902,22917,17291,9923,5242,2649,1637,1066,6403,782,579,2559,15521,8292,7229,128255,34784
Segovia,Palazuelos de Eresma *,40155,2412,58,599,628,360,220,94,61,38,145,30,13,114,228,119,109,2830,242,1925,6902,22917,17291,9923,5242,2649,1637,1066,6403,782,579,2559,15521,8292,7229,128255,34784
Segovia,Real Sitio de San Ildefonso,40181,1817,229,859,635,323,169,74,41,40,267,21,11,128,594,315,279,4149,758,1925,6902,22917,17291,9923,5242,2649,1637,1066,6403,782,579,2559,15521,8292,7229,128255,34784
Segovia,Resto de Segovia,40999,1601,3781,7245,4760,3020,1704,895,522,344,2655,254,186,806,7507,4146,3361,53137,19458,1925,6902,22917,17291,9923,5242,2649,1637,1066,6403,782,579,2559,15521,8292,7229,128255,34784
Segovia,Riaza,40170,1308,245,455,259,132,98,45,27,18,192,15,14,57,597,334,263,3279,1125,1925,6902,22917,17291,9923,5242,2649,1637,1066,6403,782,579,2559,15521,8292,7229,128255,34784
Segovia,San Cristóbal de Segovia,40906,2293,33,278,251,164,64,38,13,6,43,5,5,17,86,48,38,1417,414,1925,6902,22917,17291,9923,5242,2649,1637,1066,6403,782,579,2559,15521,8292,7229,128255,34784
Segovia,Segovia,40194,2040,845,7525,5790,2672,1176,626,407,278,1438,214,184,739,2501,1199,1302,29036,4641,1925,6902,22917,17291,9923,5242,2649,1637,1066,6403,782,579,2559,15521,8292,7229,128255,34784
Segovia,Torrecaballeros,40203,2148,38,225,145,106,54,37,22,13,41,7,1,16,90,36,54,959,164,1925,6902,22917,17291,9923,5242,2649,1637,1066,6403,782,579,2559,15521,8292,7229,128255,34784
Segovia,Trescasas,40207,2759,21,83,112,103,55,22,13,6,26,8,1,11,45,23,22,565,59,1925,6902,22917,17291,9923,5242,2649,1637,1066,6403,782,579,2559,15521,8292,7229,128255,34784
Segovia,Valverde del Majano,40216,1860,41,146,111,73,33,9,9,5,36,3,3,11,94,51,43,720,146,1925,6902,22917,17291,9923,5242,2649,1637,1066,6403,782,579,2559,15521,8292,7229,128255,34784
Segovia,Villacastín,40225,2460,39,156,163,109,74,24,16,18,40,9,7,16,89,47,42,1109,349,1925,6902,22917,17291,9923,5242,2649,1637,1066,6403,782,579,2559,15521,8292,7229,128255,34784
Sevilla,Aguadulce *,41001,2928,45,183,166,184,133,71,42,25,61,21,5,20,117,57,60,1231,158,2858,15803,157371,184858,154777,98164,53432,27910,14583,30302,8109,5000,12143,53150,25829,27321,912899,97297
Sevilla,Alanís,41002,1770,83,262,204,97,50,17,8,6,66,3,1,16,178,95,83,1248,257,2858,15803,157371,184858,154777,98164,53432,27910,14583,30302,8109,5000,12143,53150,25829,27321,912899,97297
Sevilla,Albaida del Aljarafe,41003,3216,13,179,238,231,170,111,56,34,40,16,12,18,67,31,36,1298,113,2858,15803,157371,184858,154777,98164,53432,27910,14583,30302,8109,5000,12143,53150,25829,27321,912899,97297
Sevilla,Alcalá de Guadaíra,41004,3084,408,4862,6408,5658,3814,2203,1191,621,881,354,252,571,1470,701,769,32822,4129,2858,15803,157371,184858,154777,98164,53432,27910,14583,30302,8109,5000,12143,53150,25829,27321,912899,97297
Sevilla,Alcalá del Río,41005,3058,80,814,955,884,620,398,188,117,180,52,34,68,286,124,162,5735,1059,2858,15803,157371,184858,154777,98164,53432,27910,14583,30302,8109,5000,12143,53150,25829,27321,912899,97297
Sevilla,Alcolea del Río,41006,2887,44,240,231,198,173,107,51,24,60,13,11,31,141,69,72,1625,301,2858,15803,157371,184858,154777,98164,53432,27910,14583,30302,8109,5000,12143,53150,25829,27321,912899,97297
Sevilla,Algaba (La),41007,2881,132,1204,1481,1333,812,402,190,95,265,50,26,81,443,226,217,7484,970,2858,15803,157371,184858,154777,98164,53432,27910,14583,30302,8109,5000,12143,53150,25829,27321,912899,97297
Sevilla,Algámitas *,41008,2085,49,147,135,80,48,13,9,3,39,3,1,11,95,54,41,750,117,2858,15803,157371,184858,154777,98164,53432,27910,14583,30302,8109,5000,12143,53150,25829,27321,912899,97297
Sevilla,Almadén de la Plata,41009,1662,55,211,168,79,49,24,6,0,71,6,0,7,163,79,84,1183,344,2858,15803,157371,184858,154777,98164,53432,27910,14583,30302,8109,5000,12143,53150,25829,27321,912899,97297
Sevilla,Almensilla,41010,3311,25,428,475,488,387,246,138,80,108,33,25,46,127,55,72,2965,359,2858,15803,157371,184858,154777,98164,53432,27910,14583,30302,8109,5000,12143,53150,25829,27321,912899,97297
Sevilla,Arahal,41011,3142,175,1323,1471,1452,1121,659,357,195,321,110,59,162,579,307,272,9521,1537,2858,15803,157371,184858,154777,98164,53432,27910,14583,30302,8109,5000,12143,53150,25829,27321,912899,97297
Sevilla,Aznalcázar,41012,3044,55,378,354,369,262,144,97,46,75,38,13,37,153,83,70,2366,345,2858,15803,157371,184858,154777,98164,53432,27910,14583,30302,8109,5000,12143,53150,25829,27321,912899,97297
Sevilla,Aznalcóllar,41013,3084,54,407,387,382,311,162,111,62,90,40,18,46,160,89,71,2628,398,2858,15803,157371,184858,154777,98164,53432,27910,14583,30302,8109,5000,12143,53150,25829,27321,912899,97297
Sevilla,Badolatosa,41014,2837,46,225,191,184,102,89,51,38,46,9,11,24,115,56,59,1601,470,2858,15803,157371,184858,154777,98164,53432,27910,14583,30302,8109,5000,12143,53150,25829,27321,912899,97297
Sevilla,Benacazón *,41015,3097,61,461,541,533,394,248,142,64,114,36,21,38,252,145,107,3109,204,2858,15803,157371,184858,154777,98164,53432,27910,14583,30302,8109,5000,12143,53150,25829,27321,912899,97297
Sevilla,Bollullos de la Mitación *,41016,3443,54,603,786,769,642,415,249,122,131,84,67,138,285,140,145,4573,228,2858,15803,157371,184858,154777,98164,53432,27910,14583,30302,8109,5000,12143,53150,25829,27321,912899,97297
Sevilla,Bormujos,41017,3546,45,993,1587,1656,1313,772,453,242,143,150,73,157,269,118,151,9136,1283,2858,15803,157371,184858,154777,98164,53432,27910,14583,30302,8109,5000,12143,53150,25829,27321,912899,97297
Sevilla,Brenes,41018,3165,93,829,952,931,741,397,230,112,135,62,35,97,349,186,163,5544,581,2858,15803,157371,184858,154777,98164,53432,27910,14583,30302,8109,5000,12143,53150,25829,27321,912899,97297
Sevilla,Burguillos,41019,2970,48,440,478,442,327,199,94,59,109,21,16,42,197,91,106,3215,743,2858,15803,157371,184858,154777,98164,53432,27910,14583,30302,8109,5000,12143,53150,25829,27321,912899,97297
Sevilla,Cabezas de San Juan (Las),41020,2749,160,1250,1231,1049,773,383,211,107,264,59,42,90,573,282,291,7263,1071,2858,15803,157371,184858,154777,98164,53432,27910,14583,30302,8109,5000,12143,53150,25829,27321,912899,97297
Sevilla,Camas,41021,2645,209,2708,3122,2297,1235,596,257,118,449,80,60,141,692,327,365,13079,1115,2858,15803,157371,184858,154777,98164,53432,27910,14583,30302,8109,5000,12143,53150,25829,27321,912899,97297
Sevilla,Campana (La),41022,2927,71,353,445,392,286,170,70,34,79,21,9,26,198,92,106,2508,354,2858,15803,157371,184858,154777,98164,53432,27910,14583,30302,8109,5000,12143,53150,25829,27321,912899,97297
Sevilla,Cantillana,41023,2971,126,782,842,751,601,365,223,125,205,78,51,84,493,266,227,5444,718,2858,15803,157371,184858,154777,98164,53432,27910,14583,30302,8109,5000,12143,53150,25829,27321,912899,97297
Sevilla,Carmona,41024,3102,307,2321,2491,2346,1658,1104,609,384,507,226,133,308,953,454,499,15565,2218,2858,15803,157371,184858,154777,98164,53432,27910,14583,30302,8109,5000,12143,53150,25829,27321,912899,97297
Sevilla,Carrión de los Céspedes,41025,2875,29,199,236,209,149,77,33,17,49,9,2,9,94,39,55,1407,295,2858,15803,157371,184858,154777,98164,53432,27910,14583,30302,8109,5000,12143,53150,25829,27321,912899,97297
Sevilla,Casariche *,41026,2778,101,421,406,353,247,147,91,53,117,31,21,53,246,129,117,2724,437,2858,15803,157371,184858,154777,98164,53432,27910,14583,30302,8109,5000,12143,53150,25829,27321,912899,97297
Sevilla,Castilblanco de los Arroyos,41027,2267,121,655,575,429,237,133,55,33,204,27,7,31,363,200,163,3763,893,2858,15803,157371,184858,154777,98164,53432,27910,14583,30302,8109,5000,12143,53150,25829,27321,912899,97297
Sevilla,Castilleja de Guzmán,41028,3615,4,121,181,204,170,107,57,22,23,20,9,9,32,13,19,1053,94,2858,15803,157371,184858,154777,98164,53432,27910,14583,30302,8109,5000,12143,53150,25829,27321,912899,97297
Sevilla,Castilleja de la Cuesta,41029,3050,57,1161,1670,1505,902,520,223,134,170,73,35,66,273,127,146,7362,573,2858,15803,157371,184858,154777,98164,53432,27910,14583,30302,8109,5000,12143,53150,25829,27321,912899,97297
Sevilla,Castillo de las Guardas (El),41031,1888,69,303,235,156,77,53,24,15,106,8,5,18,232,112,120,1875,574,2858,15803,157371,184858,154777,98164,53432,27910,14583,30302,8109,5000,12143,53150,25829,27321,912899,97297
Sevilla,Cazalla de la Sierra,41032,2059,136,600,541,345,155,72,39,21,188,14,8,32,385,212,173,3467,931,2858,15803,157371,184858,154777,98164,53432,27910,14583,30302,8109,5000,12143,53150,25829,27321,912899,97297
Sevilla,Cañada Rosal *,41901,3027,42,234,263,249,182,139,66,34,68,16,8,23,141,63,78,1672,207,2858,15803,157371,184858,154777,98164,53432,27910,14583,30302,8109,5000,12143,53150,25829,27321,912899,97297
Sevilla,Constantina,41033,2146,155,728,631,380,226,128,53,30,194,16,11,60,389,205,184,3925,924,2858,15803,157371,184858,154777,98164,53432,27910,14583,30302,8109,5000,12143,53150,25829,27321,912899,97297
Sevilla,Coria del Río,41034,3008,182,2184,2665,2451,1598,896,433,237,396,125,74,184,715,328,387,13904,1764,2858,15803,157371,184858,154777,98164,53432,27910,14583,30302,8109,5000,12143,53150,25829,27321,912899,97297
Sevilla,Coripe,41035,2121,46,165,126,101,46,34,19,4,42,2,2,8,94,44,50,864,175,2858,15803,157371,184858,154777,98164,53432,27910,14583,30302,8109,5000,12143,53150,25829,27321,912899,97297
Sevilla,Coronil (El),41036,2544,71,418,374,304,220,108,59,47,111,23,14,37,218,106,112,2556,552,2858,15803,157371,184858,154777,98164,53432,27910,14583,30302,8109,5000,12143,53150,25829,27321,912899,97297
Sevilla,Corrales (Los),41037,2761,80,322,335,296,180,116,57,24,75,12,9,32,168,84,84,2030,324,2858,15803,157371,184858,154777,98164,53432,27910,14583,30302,8109,5000,12143,53150,25829,27321,912899,97297
Sevilla,Cuervo de Sevilla (El),41903,2760,107,722,738,669,458,213,113,56,162,24,12,59,350,172,178,3974,291,2858,15803,157371,184858,154777,98164,53432,27910,14583,30302,8109,5000,12143,53150,25829,27321,912899,97297
Sevilla,Dos Hermanas,41038,3045,576,8811,11971,10903,6768,3615,1860,954,1420,568,283,716,2349,1091,1258,56736,5942,2858,15803,157371,184858,154777,98164,53432,27910,14583,30302,8109,5000,12143,53150,25829,27321,912899,97297
Sevilla,Espartinas,41040,3971,30,633,952,1070,930,740,507,287,113,165,116,176,196,103,93,6652,737,2858,15803,157371,184858,154777,98164,53432,27910,14583,30302,8109,5000,12143,53150,25829,27321,912899,97297
Sevilla,Estepa,41041,2732,221,1042,1044,859,607,333,185,108,222,46,41,107,529,277,252,6170,826,2858,15803,157371,184858,154777,98164,53432,27910,14583,30302,8109,5000,12143,53150,25829,27321,912899,97297
Sevilla,Fuentes de Andalucía *,41042,3163,101,432,560,594,414,261,144,83,100,29,18,66,330,163,167,3628,496,2858,15803,157371,184858,154777,98164,53432,27910,14583,30302,8109,5000,12143,53150,25829,27321,912899,97297
Sevilla,Gelves,41044,3223,47,699,887,801,572,349,204,119,102,65,39,89,189,86,103,4714,552,2858,15803,157371,184858,154777,98164,53432,27910,14583,30302,8109,5000,12143,53150,25829,27321,912899,97297
Sevilla,Gerena,41045,3056,49,547,687,628,471,268,115,47,132,38,17,67,221,108,113,3652,365,2858,15803,157371,184858,154777,98164,53432,27910,14583,30302,8109,5000,12143,53150,25829,27321,912899,97297
Sevilla,Gilena *,41046,2665,77,245,299,239,159,109,56,21,72,7,8,24,191,105,86,1877,370,2858,15803,157371,184858,154777,98164,53432,27910,14583,30302,8109,5000,12143,53150,25829,27321,912899,97297
Sevilla,Gines,41047,3594,28,626,928,1003,775,510,308,176,101,104,70,98,184,97,87,5216,305,2858,15803,157371,184858,154777,98164,53432,27910,14583,30302,8109,5000,12143,53150,25829,27321,912899,97297
Sevilla,Guadalcanal,41048,1949,109,385,294,202,83,42,15,15,110,9,4,16,226,127,99,1948,438,2858,15803,157371,184858,154777,98164,53432,27910,14583,30302,8109,5000,12143,53150,25829,27321,912899,97297
Sevilla,Guillena,41049,2908,102,1039,1009,834,672,423,244,132,266,80,62,110,411,194,217,6799,1415,2858,15803,157371,184858,154777,98164,53432,27910,14583,30302,8109,5000,12143,53150,25829,27321,912899,97297
Sevilla,Herrera,41050,2811,132,545,595,508,357,197,93,47,111,32,25,56,300,160,140,3384,386,2858,15803,157371,184858,154777,98164,53432,27910,14583,30302,8109,5000,12143,53150,25829,27321,912899,97297
Sevilla,Huévar del Aljarafe,41051,3028,38,203,256,246,179,90,56,24,58,7,10,16,104,58,46,1478,191,2858,15803,157371,184858,154777,98164,53432,27910,14583,30302,8109,5000,12143,53150,25829,27321,912899,97297
Sevilla,Isla Mayor,41902,2894,72,429,404,373,309,168,92,59,109,29,20,49,234,114,120,2801,454,2858,15803,157371,184858,154777,98164,53432,27910,14583,30302,8109,5000,12143,53150,25829,27321,912899,97297
Sevilla,Lantejuela,41052,2514,54,323,264,218,149,77,62,31,93,14,13,43,168,80,88,1871,362,2858,15803,157371,184858,154777,98164,53432,27910,14583,30302,8109,5000,12143,53150,25829,27321,912899,97297
Sevilla,Lebrija *,41053,2795,306,2185,2714,2384,1466,676,300,145,529,73,54,131,958,460,498,12629,708,2858,15803,157371,184858,154777,98164,53432,27910,14583,30302,8109,5000,12143,53150,25829,27321,912899,97297
Sevilla,Lora del Río,41055,2756,263,1455,1498,1335,846,458,280,135,323,84,64,128,755,388,367,9007,1383,2858,15803,157371,184858,154777,98164,53432,27910,14583,30302,8109,5000,12143,53150,25829,27321,912899,97297
Sevilla,Luisiana (La) *,41056,3125,64,327,350,331,285,150,99,66,91,25,14,34,152,71,81,2182,194,2858,15803,157371,184858,154777,98164,53432,27910,14583,30302,8109,5000,12143,53150,25829,27321,912899,97297
Sevilla,Mairena del Alcor,41058,3316,107,1405,1703,1717,1339,860,460,269,308,148,97,182,533,253,280,9798,670,2858,15803,157371,184858,154777,98164,53432,27910,14583,30302,8109,5000,12143,53150,25829,27321,912899,97297
Sevilla,Mairena del Aljarafe,41059,3168,166,2921,4229,3787,2593,1423,788,386,432,228,149,322,718,356,362,19554,1412,2858,15803,157371,184858,154777,98164,53432,27910,14583,30302,8109,5000,12143,53150,25829,27321,912899,97297
Sevilla,Marchena,41060,2972,319,1565,1835,1692,1182,690,382,219,393,114,68,177,829,440,389,11092,1627,2858,15803,157371,184858,154777,98164,53432,27910,14583,30302,8109,5000,12143,53150,25829,27321,912899,97297
Sevilla,Marinaleda,41061,2880,28,165,179,171,117,62,41,16,41,14,8,15,101,52,49,1266,308,2858,15803,157371,184858,154777,98164,53432,27910,14583,30302,8109,5000,12143,53150,25829,27321,912899,97297
Sevilla,Martín de la Jara,41062,2801,35,210,237,191,120,76,39,10,49,11,10,33,95,48,47,1294,178,2858,15803,157371,184858,154777,98164,53432,27910,14583,30302,8109,5000,12143,53150,25829,27321,912899,97297
Sevilla,Molares (Los),41063,3335,35,211,273,294,234,136,55,35,33,18,8,14,92,53,39,1716,278,2858,15803,157371,184858,154777,98164,53432,27910,14583,30302,8109,5000,12143,53150,25829,27321,912899,97297
Sevilla,Montellano,41064,2626,108,586,652,533,365,170,68,30,151,18,12,42,323,175,148,3967,909,2858,15803,157371,184858,154777,98164,53432,27910,14583,30302,8109,5000,12143,53150,25829,27321,912899,97297
Sevilla,Morón de la Frontera,41065,2750,263,2274,2772,2265,1299,610,313,162,467,93,53,178,880,473,407,13352,1723,2858,15803,157371,184858,154777,98164,53432,27910,14583,30302,8109,5000,12143,53150,25829,27321,912899,97297
Sevilla,Navas de la Concepción (Las),41066,1883,46,216,164,111,53,24,11,4,68,3,0,10,130,60,70,1079,239,2858,15803,157371,184858,154777,98164,53432,27910,14583,30302,8109,5000,12143,53150,25829,27321,912899,97297
Sevilla,Olivares *,41067,3296,72,566,693,742,555,344,208,99,155,65,41,68,247,126,121,4145,290,2858,15803,157371,184858,154777,98164,53432,27910,14583,30302,8109,5000,12143,53150,25829,27321,912899,97297
Sevilla,Osuna,41068,2984,138,1261,1410,1254,887,549,277,160,281,97,57,159,528,265,263,8022,964,2858,15803,157371,184858,154777,98164,53432,27910,14583,30302,8109,5000,12143,53150,25829,27321,912899,97297
Sevilla,Palacios y Villafranca (Los),41069,3145,307,2411,2706,2781,1999,1240,675,372,521,208,111,235,1071,522,549,16512,1875,2858,15803,157371,184858,154777,98164,53432,27910,14583,30302,8109,5000,12143,53150,25829,27321,912899,97297
Sevilla,"Palmar de Troya, El *",41904,3048,17,167,163,177,113,57,36,24,36,12,10,24,61,32,29,969,72,2858,15803,157371,184858,154777,98164,53432,27910,14583,30302,8109,5000,12143,53150,25829,27321,912899,97297
Sevilla,Palomares del Río,41070,3678,21,390,602,710,519,379,241,117,64,75,52,85,127,61,66,3729,347,2858,15803,157371,184858,154777,98164,53432,27910,14583,30302,8109,5000,12143,53150,25829,27321,912899,97297
Sevilla,Paradas,41071,2659,125,661,639,533,347,190,103,49,150,32,23,59,321,160,161,3659,427,2858,15803,157371,184858,154777,98164,53432,27910,14583,30302,8109,5000,12143,53150,25829,27321,912899,97297
Sevilla,Pedrera *,41072,3051,75,334,330,350,272,184,77,44,101,27,12,54,209,111,98,2323,254,2858,15803,157371,184858,154777,98164,53432,27910,14583,30302,8109,5000,12143,53150,25829,27321,912899,97297
Sevilla,Pedroso (El),41073,1859,80,318,234,131,76,44,22,10,96,1,6,16,212,101,111,1617,371,2858,15803,157371,184858,154777,98164,53432,27910,14583,30302,8109,5000,12143,53150,25829,27321,912899,97297
Sevilla,Peñaflor,41074,2715,54,319,357,262,208,132,68,41,93,12,15,37,198,115,83,2159,363,2858,15803,157371,184858,154777,98164,53432,27910,14583,30302,8109,5000,12143,53150,25829,27321,912899,97297
Sevilla,Pilas *,41075,2848,198,1038,1145,1080,759,379,218,102,266,55,35,77,624,315,309,6804,828,2858,15803,157371,184858,154777,98164,53432,27910,14583,30302,8109,5000,12143,53150,25829,27321,912899,97297
Sevilla,Pruna,41076,2022,85,317,256,194,81,34,20,4,81,9,7,14,209,98,111,1782,471,2858,15803,157371,184858,154777,98164,53432,27910,14583,30302,8109,5000,12143,53150,25829,27321,912899,97297
Sevilla,Puebla de Cazalla (La),41077,2940,149,779,840,781,558,366,177,98,198,50,39,77,416,231,185,5179,651,2858,15803,157371,184858,154777,98164,53432,27910,14583,30302,8109,5000,12143,53150,25829,27321,912899,97297
Sevilla,Puebla de los Infantes (La),41078,2565,74,314,276,239,158,97,64,31,78,17,9,23,190,95,95,2091,521,2858,15803,157371,184858,154777,98164,53432,27910,14583,30302,8109,5000,12143,53150,25829,27321,912899,97297
Sevilla,Puebla del Río (La),41079,3053,81,853,1002,894,716,366,191,84,191,59,47,109,304,144,160,5395,498,2858,15803,157371,184858,154777,98164,53432,27910,14583,30302,8109,5000,12143,53150,25829,27321,912899,97297
Sevilla,Real de la Jara (El),41080,1905,52,206,166,109,44,24,6,8,69,2,3,10,136,74,62,1075,240,2858,15803,157371,184858,154777,98164,53432,27910,14583,30302,8109,5000,12143,53150,25829,27321,912899,97297
Sevilla,Resto de Sevilla,41999,2223,112,436,385,244,180,89,49,37,134,20,12,43,296,158,138,2502,465,2858,15803,157371,184858,154777,98164,53432,27910,14583,30302,8109,5000,12143,53150,25829,27321,912899,97297
Sevilla,Rinconada (La),41081,3212,182,2297,3102,3160,2129,1262,646,373,494,163,107,249,745,365,380,16016,1107,2858,15803,157371,184858,154777,98164,53432,27910,14583,30302,8109,5000,12143,53150,25829,27321,912899,97297
Sevilla,Roda de Andalucía (La),41082,2990,60,285,351,331,240,133,71,43,77,23,12,27,169,93,76,2093,271,2858,15803,157371,184858,154777,98164,53432,27910,14583,30302,8109,5000,12143,53150,25829,27321,912899,97297
Sevilla,Ronquillo (El),41083,1947,55,232,146,109,71,33,23,9,76,5,4,15,133,66,67,1329,418,2858,15803,157371,184858,154777,98164,53432,27910,14583,30302,8109,5000,12143,53150,25829,27321,912899,97297
Sevilla,Rubio (El),41084,2790,80,289,284,263,189,120,57,27,76,16,14,32,184,98,86,1851,220,2858,15803,157371,184858,154777,98164,53432,27910,14583,30302,8109,5000,12143,53150,25829,27321,912899,97297
Sevilla,Salteras,41085,3488,32,328,383,413,331,225,132,60,68,42,20,45,103,49,54,2327,145,2858,15803,157371,184858,154777,98164,53432,27910,14583,30302,8109,5000,12143,53150,25829,27321,912899,97297
Sevilla,San Juan de Aznalfarache,41086,2623,159,1964,2325,1662,921,416,209,87,336,42,21,62,543,264,279,10537,1790,2858,15803,157371,184858,154777,98164,53432,27910,14583,30302,8109,5000,12143,53150,25829,27321,912899,97297
Sevilla,Sanlúcar la Mayor,41087,3177,102,1045,1178,1125,802,541,352,203,199,91,64,134,430,208,222,7212,946,2858,15803,157371,184858,154777,98164,53432,27910,14583,30302,8109,5000,12143,53150,25829,27321,912899,97297
Sevilla,Santiponce,41089,3256,38,449,682,699,448,259,139,80,109,40,40,48,139,65,74,3533,363,2858,15803,157371,184858,154777,98164,53432,27910,14583,30302,8109,5000,12143,53150,25829,27321,912899,97297
Sevilla,Saucejo (El),41090,2381,79,395,431,240,159,71,55,31,99,22,10,39,215,110,105,2226,380,2858,15803,157371,184858,154777,98164,53432,27910,14583,30302,8109,5000,12143,53150,25829,27321,912899,97297
Sevilla,Sevilla,41091,2650,4990,68098,78572,58313,31874,15243,7274,3590,11373,1915,1153,3177,17200,7898,9302,327393,24621,2858,15803,157371,184858,154777,98164,53432,27910,14583,30302,8109,5000,12143,53150,25829,27321,912899,97297
Sevilla,Tocina,41092,3166,95,600,739,770,584,345,163,62,174,41,21,68,292,155,137,4445,491,2858,15803,157371,184858,154777,98164,53432,27910,14583,30302,8109,5000,12143,53150,25829,27321,912899,97297
Sevilla,Tomares,41093,3325,81,1347,2061,1948,1412,839,513,265,210,140,79,150,327,167,160,10301,929,2858,15803,157371,184858,154777,98164,53432,27910,14583,30302,8109,5000,12143,53150,25829,27321,912899,97297
Sevilla,Umbrete,41094,3342,46,514,691,695,524,327,201,100,97,63,23,52,207,102,105,3834,294,2858,15803,157371,184858,154777,98164,53432,27910,14583,30302,8109,5000,12143,53150,25829,27321,912899,97297
Sevilla,Utrera,41095,2967,384,3763,4771,4179,2747,1453,702,386,755,227,169,360,1282,598,684,23030,1852,2858,15803,157371,184858,154777,98164,53432,27910,14583,30302,8109,5000,12143,53150,25829,27321,912899,97297
Sevilla,Valencina de la Concepción,41096,3699,34,406,549,594,465,345,249,126,85,76,54,124,135,63,72,3570,328,2858,15803,157371,184858,154777,98164,53432,27910,14583,30302,8109,5000,12143,53150,25829,27321,912899,97297
Sevilla,Villamanrique de la Condesa,41097,3180,51,361,312,371,281,171,96,56,69,18,15,48,188,99,89,2312,275,2858,15803,157371,184858,154777,98164,53432,27910,14583,30302,8109,5000,12143,53150,25829,27321,912899,97297
Sevilla,Villanueva de San Juan,41100,1840,45,152,120,62,33,12,4,3,42,4,2,10,92,49,43,864,283,2858,15803,157371,184858,154777,98164,53432,27910,14583,30302,8109,5000,12143,53150,25829,27321,912899,97297
Sevilla,Villanueva del Ariscal,41098,3292,32,408,552,543,406,223,136,92,86,43,21,58,170,84,86,3135,365,2858,15803,157371,184858,154777,98164,53432,27910,14583,30302,8109,5000,12143,53150,25829,27321,912899,97297
Sevilla,Villanueva del Río y Minas,41099,2187,103,483,385,259,191,105,42,31,152,18,14,33,282,146,136,3081,983,2858,15803,157371,184858,154777,98164,53432,27910,14583,30302,8109,5000,12143,53150,25829,27321,912899,97297
Sevilla,Villaverde del Río *,41101,3098,73,544,509,475,423,273,162,86,133,47,34,70,287,154,133,3437,321,2858,15803,157371,184858,154777,98164,53432,27910,14583,30302,8109,5000,12143,53150,25829,27321,912899,97297
Sevilla,Viso del Alcor (El) *,41102,3171,138,1175,1233,1187,950,639,341,175,258,129,59,138,487,242,245,7395,486,2858,15803,157371,184858,154777,98164,53432,27910,14583,30302,8109,5000,12143,53150,25829,27321,912899,97297
Sevilla,Écija,41039,3199,290,2551,3207,3173,2299,1368,779,398,582,216,130,335,1138,593,545,18684,2218,2858,15803,157371,184858,154777,98164,53432,27910,14583,30302,8109,5000,12143,53150,25829,27321,912899,97297
Soria,Almazán,42020,1729,289,928,701,295,110,43,30,26,244,9,10,37,592,323,269,4050,736,1466,7597,17914,10618,4295,1596,741,452,282,5276,232,166,611,13400,7622,5778,84255,21075
Soria,Arcos de Jalón,42025,1595,170,264,184,103,45,41,22,21,92,7,11,37,295,172,123,2653,1361,1466,7597,17914,10618,4295,1596,741,452,282,5276,232,166,611,13400,7622,5778,84255,21075
Soria,Burgo de Osma-Ciudad de Osma,42043,1515,506,834,654,247,92,24,18,18,239,4,7,36,766,478,288,4479,1034,1466,7597,17914,10618,4295,1596,741,452,282,5276,232,166,611,13400,7622,5778,84255,21075
Soria,Covaleda *,42069,1555,127,250,196,94,24,11,6,5,76,2,1,7,231,134,97,1213,183,1466,7597,17914,10618,4295,1596,741,452,282,5276,232,166,611,13400,7622,5778,84255,21075
Soria,Duruelo de la Sierra *,42078,1514,78,160,113,52,8,10,4,4,46,3,3,4,136,79,57,731,110,1466,7597,17914,10618,4295,1596,741,452,282,5276,232,166,611,13400,7622,5778,84255,21075
Soria,Golmayo,42095,2077,89,373,313,231,85,29,12,9,91,6,5,21,201,110,91,1637,172,1466,7597,17914,10618,4295,1596,741,452,282,5276,232,166,611,13400,7622,5778,84255,21075
Soria,Resto de Soria,42999,1078,4195,4269,2311,1170,551,278,158,76,1903,76,60,209,6356,3861,2495,34852,13240,1466,7597,17914,10618,4295,1596,741,452,282,5276,232,166,611,13400,7622,5778,84255,21075
Soria,San Esteban de Gormaz *,42162,1296,403,576,360,161,52,27,19,6,191,10,3,19,619,367,252,3195,749,1466,7597,17914,10618,4295,1596,741,452,282,5276,232,166,611,13400,7622,5778,84255,21075
Soria,San Leonardo de Yagüe,42164,1457,151,339,234,92,30,13,6,4,106,1,2,18,283,176,107,1607,328,1466,7597,17914,10618,4295,1596,741,452,282,5276,232,166,611,13400,7622,5778,84255,21075
Soria,Soria *,42173,1590,1280,8826,4769,1493,460,223,154,99,2005,102,54,184,3275,1563,1712,25244,2320,1466,7597,17914,10618,4295,1596,741,452,282,5276,232,166,611,13400,7622,5778,84255,21075
Soria,Ágreda,42004,1634,188,481,348,152,68,18,10,6,141,8,2,24,333,199,134,2235,456,1466,7597,17914,10618,4295,1596,741,452,282,5276,232,166,611,13400,7622,5778,84255,21075
Soria,Ólvega,42134,1757,121,614,435,205,71,24,13,8,142,4,8,15,313,160,153,2359,386,1466,7597,17914,10618,4295,1596,741,452,282,5276,232,166,611,13400,7622,5778,84255,21075
Tarragona,Albinyana,43002,2417,56,305,234,197,109,67,39,22,67,16,12,18,160,86,74,1586,284,2150,25805,106149,88236,59263,35415,20205,11660,6717,29811,4112,2707,6739,69832,36615,33217,554579,87928
Tarragona,Alcanar,43004,1856,602,1585,1121,807,453,298,177,108,572,71,35,112,1420,750,670,8589,1228,2150,25805,106149,88236,59263,35415,20205,11660,6717,29811,4112,2707,6739,69832,36615,33217,554579,87928
Tarragona,Alcover *,43005,2614,78,521,525,401,262,152,81,39,105,23,13,45,229,97,132,2733,259,2150,25805,106149,88236,59263,35415,20205,11660,6717,29811,4112,2707,6739,69832,36615,33217,554579,87928
Tarragona,Aldea (L'),43904,2888,73,319,372,301,220,153,98,55,103,28,21,48,204,101,103,2560,565,2150,25805,106149,88236,59263,35415,20205,11660,6717,29811,4112,2707,6739,69832,36615,33217,554579,87928
Tarragona,Alforja,43009,2236,46,225,212,130,69,48,29,14,75,11,6,11,125,62,63,1242,241,2150,25805,106149,88236,59263,35415,20205,11660,6717,29811,4112,2707,6739,69832,36615,33217,554579,87928
Tarragona,Almoster,43011,3575,12,76,95,88,70,60,28,16,15,17,6,21,32,21,11,633,97,2150,25805,106149,88236,59263,35415,20205,11660,6717,29811,4112,2707,6739,69832,36615,33217,554579,87928
Tarragona,Altafulla,43012,1625,271,1054,666,453,251,155,94,68,397,36,22,49,978,485,493,4851,357,2150,25805,106149,88236,59263,35415,20205,11660,6717,29811,4112,2707,6739,69832,36615,33217,554579,87928
Tarragona,Ametlla de Mar (L'),43013,2124,377,1479,1211,831,504,279,197,114,489,68,39,95,1029,514,515,8286,1574,2150,25805,106149,88236,59263,35415,20205,11660,6717,29811,4112,2707,6739,69832,36615,33217,554579,87928
Tarragona,Ampolla (L'),43906,1550,322,994,553,359,231,162,93,72,381,37,31,61,902,446,456,5035,837,2150,25805,106149,88236,59263,35415,20205,11660,6717,29811,4112,2707,6739,69832,36615,33217,554579,87928
Tarragona,Amposta,43014,2765,317,2001,2040,1651,1128,694,423,222,443,126,77,163,937,508,429,11872,1650,2150,25805,106149,88236,59263,35415,20205,11660,6717,29811,4112,2707,6739,69832,36615,33217,554579,87928
Tarragona,Arboç (L'),43016,2262,66,642,570,307,180,79,47,17,99,12,9,26,179,81,98,2431,198,2150,25805,106149,88236,59263,35415,20205,11660,6717,29811,4112,2707,6739,69832,36615,33217,554579,87928
Tarragona,Ascó,43019,3417,33,83,78,75,58,36,39,20,27,15,17,55,80,45,35,929,313,2150,25805,106149,88236,59263,35415,20205,11660,6717,29811,4112,2707,6739,69832,36615,33217,554579,87928
Tarragona,Banyeres del Penedès,43020,3001,27,250,295,249,178,106,69,28,49,25,18,30,105,52,53,1623,194,2150,25805,106149,88236,59263,35415,20205,11660,6717,29811,4112,2707,6739,69832,36615,33217,554579,87928
Tarragona,Batea,43022,2592,51,160,180,135,76,42,20,7,46,10,8,26,104,60,44,1106,241,2150,25805,106149,88236,59263,35415,20205,11660,6717,29811,4112,2707,6739,69832,36615,33217,554579,87928
Tarragona,Bellvei,43024,2317,58,271,236,175,129,51,35,18,64,4,9,11,152,79,73,1343,130,2150,25805,106149,88236,59263,35415,20205,11660,6717,29811,4112,2707,6739,69832,36615,33217,554579,87928
Tarragona,Benissanet *,43026,2333,49,100,84,66,58,31,18,8,33,6,6,15,87,47,40,653,92,2150,25805,106149,88236,59263,35415,20205,11660,6717,29811,4112,2707,6739,69832,36615,33217,554579,87928
Tarragona,Bisbal del Penedès (La),43028,2583,88,493,408,349,229,150,77,53,124,30,26,39,252,127,125,2953,635,2150,25805,106149,88236,59263,35415,20205,11660,6717,29811,4112,2707,6739,69832,36615,33217,554579,87928
Tarragona,Borges del Camp (Les),43031,2732,46,175,191,148,95,74,46,22,42,17,6,22,107,61,46,1118,127,2150,25805,106149,88236,59263,35415,20205,11660,6717,29811,4112,2707,6739,69832,36615,33217,554579,87928
Tarragona,Botarell *,43033,2991,14,102,77,96,57,40,29,20,25,6,7,11,64,31,33,590,42,2150,25805,106149,88236,59263,35415,20205,11660,6717,29811,4112,2707,6739,69832,36615,33217,554579,87928
Tarragona,Cabra del Camp,43036,2280,42,155,139,104,72,31,25,13,37,6,1,13,130,70,60,966,198,2150,25805,106149,88236,59263,35415,20205,11660,6717,29811,4112,2707,6739,69832,36615,33217,554579,87928
Tarragona,Calafell,43037,1534,1681,5345,3416,2226,1402,758,485,258,2196,154,109,201,5570,2792,2778,27112,3311,2150,25805,106149,88236,59263,35415,20205,11660,6717,29811,4112,2707,6739,69832,36615,33217,554579,87928
Tarragona,Camarles,43903,2896,70,274,304,244,186,135,78,52,71,37,19,37,205,92,113,2027,315,2150,25805,106149,88236,59263,35415,20205,11660,6717,29811,4112,2707,6739,69832,36615,33217,554579,87928
Tarragona,Cambrils,43038,1686,2329,5452,3901,2580,1581,922,533,349,2074,222,159,410,6043,3364,2679,31733,5178,2150,25805,106149,88236,59263,35415,20205,11660,6717,29811,4112,2707,6739,69832,36615,33217,554579,87928
Tarragona,"Canonja, La",43907,2656,58,519,575,431,234,119,54,26,80,12,9,18,133,62,71,2673,405,2150,25805,106149,88236,59263,35415,20205,11660,6717,29811,4112,2707,6739,69832,36615,33217,554579,87928
Tarragona,Castellvell del Camp,43042,3507,12,150,175,173,124,108,70,45,31,24,17,44,53,24,29,1203,177,2150,25805,106149,88236,59263,35415,20205,11660,6717,29811,4112,2707,6739,69832,36615,33217,554579,87928
Tarragona,Catllar (El),43043,3058,53,428,426,366,295,188,122,89,97,44,31,58,198,87,111,2725,330,2150,25805,106149,88236,59263,35415,20205,11660,6717,29811,4112,2707,6739,69832,36615,33217,554579,87928
Tarragona,Constantí,43047,2460,75,645,597,405,255,128,62,48,110,18,12,32,233,106,127,3232,612,2150,25805,106149,88236,59263,35415,20205,11660,6717,29811,4112,2707,6739,69832,36615,33217,554579,87928
Tarragona,Creixell,43050,1565,191,891,550,355,190,122,70,38,353,17,17,18,735,351,384,4049,502,2150,25805,106149,88236,59263,35415,20205,11660,6717,29811,4112,2707,6739,69832,36615,33217,554579,87928
Tarragona,Cunit,43051,1461,790,2855,1716,1090,602,296,182,87,1146,57,37,71,2775,1361,1414,13027,1323,2150,25805,106149,88236,59263,35415,20205,11660,6717,29811,4112,2707,6739,69832,36615,33217,554579,87928
Tarragona,Deltebre,43901,2901,160,1041,1005,946,644,436,272,158,283,111,58,137,644,345,299,7253,1358,2150,25805,106149,88236,59263,35415,20205,11660,6717,29811,4112,2707,6739,69832,36615,33217,554579,87928
Tarragona,Espluga de Francolí (L'),43054,2436,85,426,380,294,147,85,42,21,82,16,19,26,190,110,80,2364,551,2150,25805,106149,88236,59263,35415,20205,11660,6717,29811,4112,2707,6739,69832,36615,33217,554579,87928
Tarragona,Falset,43055,2272,74,322,273,165,124,58,36,19,85,13,14,37,191,103,88,1712,301,2150,25805,106149,88236,59263,35415,20205,11660,6717,29811,4112,2707,6739,69832,36615,33217,554579,87928
Tarragona,Flix,43060,3371,42,234,246,211,186,127,76,49,61,35,38,127,160,91,69,2489,897,2150,25805,106149,88236,59263,35415,20205,11660,6717,29811,4112,2707,6739,69832,36615,33217,554579,87928
Tarragona,Gandesa *,43064,2758,53,240,263,214,132,70,48,19,57,21,9,33,120,61,59,1486,207,2150,25805,106149,88236,59263,35415,20205,11660,6717,29811,4112,2707,6739,69832,36615,33217,554579,87928
Tarragona,Horta de Sant Joan,43071,2128,63,137,111,65,55,31,30,9,36,6,8,18,127,65,62,984,288,2150,25805,106149,88236,59263,35415,20205,11660,6717,29811,4112,2707,6739,69832,36615,33217,554579,87928
Tarragona,Llorenç del Penedès,43074,3214,19,166,173,178,137,65,69,24,31,21,12,32,73,40,33,1111,111,2150,25805,106149,88236,59263,35415,20205,11660,6717,29811,4112,2707,6739,69832,36615,33217,554579,87928
Tarragona,Masdenverge,43078,2690,21,122,114,85,60,45,34,19,22,8,9,16,100,42,58,752,97,2150,25805,106149,88236,59263,35415,20205,11660,6717,29811,4112,2707,6739,69832,36615,33217,554579,87928
Tarragona,Mont-roig del Camp,43092,1590,1142,2453,1583,1176,832,537,296,214,1093,130,88,228,3152,1693,1459,16661,3737,2150,25805,106149,88236,59263,35415,20205,11660,6717,29811,4112,2707,6739,69832,36615,33217,554579,87928
Tarragona,Montblanc,43086,2342,132,884,826,475,302,132,82,46,186,34,20,62,324,154,170,3957,452,2150,25805,106149,88236,59263,35415,20205,11660,6717,29811,4112,2707,6739,69832,36615,33217,554579,87928
Tarragona,Montbrió del Camp,43088,2909,48,238,305,213,181,126,78,30,59,29,10,35,146,75,71,1706,208,2150,25805,106149,88236,59263,35415,20205,11660,6717,29811,4112,2707,6739,69832,36615,33217,554579,87928
Tarragona,Montmell (El),43090,1942,60,331,236,148,92,44,26,15,103,5,4,11,179,77,102,1739,485,2150,25805,106149,88236,59263,35415,20205,11660,6717,29811,4112,2707,6739,69832,36615,33217,554579,87928
Tarragona,Morell (El),43095,2899,26,286,335,260,189,114,63,31,54,14,23,45,126,62,64,1728,162,2150,25805,106149,88236,59263,35415,20205,11660,6717,29811,4112,2707,6739,69832,36615,33217,554579,87928
Tarragona,Móra d'Ebre,43093,3019,71,437,499,383,297,173,112,76,97,41,45,127,202,109,93,3147,587,2150,25805,106149,88236,59263,35415,20205,11660,6717,29811,4112,2707,6739,69832,36615,33217,554579,87928
Tarragona,Móra la Nova,43094,2855,43,243,245,232,139,90,50,32,63,26,12,49,140,67,73,1553,189,2150,25805,106149,88236,59263,35415,20205,11660,6717,29811,4112,2707,6739,69832,36615,33217,554579,87928
Tarragona,Pallaresos (Els),43100,3711,14,197,339,310,285,184,118,84,33,42,30,43,80,51,29,1932,173,2150,25805,106149,88236,59263,35415,20205,11660,6717,29811,4112,2707,6739,69832,36615,33217,554579,87928
Tarragona,Perafort,43103,3262,11,67,95,93,57,43,31,17,16,6,8,8,33,15,18,572,87,2150,25805,106149,88236,59263,35415,20205,11660,6717,29811,4112,2707,6739,69832,36615,33217,554579,87928
Tarragona,Perelló (El),43104,2261,74,349,275,232,120,66,32,20,96,15,7,19,205,107,98,3002,1492,2150,25805,106149,88236,59263,35415,20205,11660,6717,29811,4112,2707,6739,69832,36615,33217,554579,87928
Tarragona,Pla de Santa Maria (El),43108,2347,25,258,231,143,101,41,32,16,50,6,9,19,115,61,54,1370,324,2150,25805,106149,88236,59263,35415,20205,11660,6717,29811,4112,2707,6739,69832,36615,33217,554579,87928
Tarragona,Pobla de Mafumet (La),43109,2738,17,299,311,254,148,95,59,18,50,13,6,11,89,46,43,1615,245,2150,25805,106149,88236,59263,35415,20205,11660,6717,29811,4112,2707,6739,69832,36615,33217,554579,87928
Tarragona,Pobla de Montornès (La),43111,2331,51,411,371,236,185,103,51,38,112,21,6,25,228,104,124,2155,317,2150,25805,106149,88236,59263,35415,20205,11660,6717,29811,4112,2707,6739,69832,36615,33217,554579,87928
Tarragona,Puigpelat,43119,2788,14,95,110,76,64,29,22,11,25,10,4,6,46,18,28,600,88,2150,25805,106149,88236,59263,35415,20205,11660,6717,29811,4112,2707,6739,69832,36615,33217,554579,87928
Tarragona,Resto de Tarragona,43999,2197,1992,5157,4162,3240,1977,1168,711,423,1609,297,181,563,4219,2332,1887,34101,8402,2150,25805,106149,88236,59263,35415,20205,11660,6717,29811,4112,2707,6739,69832,36615,33217,554579,87928
Tarragona,Reus,43123,2274,1066,13155,11729,6837,3356,1652,810,411,2236,286,194,517,3107,1387,1720,51284,5928,2150,25805,106149,88236,59263,35415,20205,11660,6717,29811,4112,2707,6739,69832,36615,33217,554579,87928
Tarragona,Riba-roja d'Ebre,43125,2742,52,99,103,100,83,39,25,10,51,8,4,35,108,54,54,879,162,2150,25805,106149,88236,59263,35415,20205,11660,6717,29811,4112,2707,6739,69832,36615,33217,554579,87928
Tarragona,Riera de Gaià (La) *,43126,2811,27,151,143,112,69,64,52,22,52,14,4,19,72,39,33,869,68,2150,25805,106149,88236,59263,35415,20205,11660,6717,29811,4112,2707,6739,69832,36615,33217,554579,87928
Tarragona,Riudecanyes,43127,2770,20,110,108,95,69,33,28,13,29,8,7,10,62,26,36,766,174,2150,25805,106149,88236,59263,35415,20205,11660,6717,29811,4112,2707,6739,69832,36615,33217,554579,87928
Tarragona,Riudecols,43128,3021,21,93,108,121,72,41,25,11,22,5,2,7,55,31,24,711,128,2150,25805,106149,88236,59263,35415,20205,11660,6717,29811,4112,2707,6739,69832,36615,33217,554579,87928
Tarragona,Riudoms *,43129,2667,105,651,624,488,299,188,108,61,132,42,34,66,306,159,147,3447,343,2150,25805,106149,88236,59263,35415,20205,11660,6717,29811,4112,2707,6739,69832,36615,33217,554579,87928
Tarragona,Roda de Berà,43131,1449,435,1746,1066,731,413,218,140,84,854,53,33,78,1787,882,905,8762,1124,2150,25805,106149,88236,59263,35415,20205,11660,6717,29811,4112,2707,6739,69832,36615,33217,554579,87928
Tarragona,Roquetes,43133,2920,120,701,713,606,413,303,176,110,171,53,39,75,298,147,151,4293,515,2150,25805,106149,88236,59263,35415,20205,11660,6717,29811,4112,2707,6739,69832,36615,33217,554579,87928
Tarragona,Salou,43905,1428,3406,4423,3185,2067,1183,671,375,201,1805,140,85,223,6548,3950,2598,31523,7211,2150,25805,106149,88236,59263,35415,20205,11660,6717,29811,4112,2707,6739,69832,36615,33217,554579,87928
Tarragona,Sant Carles de la Ràpita,43136,2110,751,1828,1545,1182,838,553,320,187,676,87,46,103,1999,1089,910,12074,1959,2150,25805,106149,88236,59263,35415,20205,11660,6717,29811,4112,2707,6739,69832,36615,33217,554579,87928
Tarragona,Sant Jaume d'Enveja,43902,2581,73,319,308,271,205,123,95,51,142,29,23,33,289,157,132,2498,537,2150,25805,106149,88236,59263,35415,20205,11660,6717,29811,4112,2707,6739,69832,36615,33217,554579,87928
Tarragona,Sant Jaume dels Domenys,43137,2777,42,276,263,231,147,85,53,34,62,20,12,18,126,69,57,1482,113,2150,25805,106149,88236,59263,35415,20205,11660,6717,29811,4112,2707,6739,69832,36615,33217,554579,87928
Tarragona,Santa Bàrbara,43138,2638,81,380,377,264,191,118,78,41,89,19,26,40,206,108,98,2304,394,2150,25805,106149,88236,59263,35415,20205,11660,6717,29811,4112,2707,6739,69832,36615,33217,554579,87928
Tarragona,Santa Coloma de Queralt *,43139,2759,62,262,309,232,148,83,49,30,60,15,9,23,128,78,50,1584,174,2150,25805,106149,88236,59263,35415,20205,11660,6717,29811,4112,2707,6739,69832,36615,33217,554579,87928
Tarragona,Santa Oliva,43140,2793,30,284,307,254,164,107,62,28,64,18,9,31,137,59,78,1729,234,2150,25805,106149,88236,59263,35415,20205,11660,6717,29811,4112,2707,6739,69832,36615,33217,554579,87928
Tarragona,Sarral,43142,2294,49,134,126,97,65,40,12,5,46,4,5,7,115,64,51,983,278,2150,25805,106149,88236,59263,35415,20205,11660,6717,29811,4112,2707,6739,69832,36615,33217,554579,87928
Tarragona,Secuita (La),43144,3217,18,135,119,129,106,68,38,22,21,13,5,13,65,38,27,981,229,2150,25805,106149,88236,59263,35415,20205,11660,6717,29811,4112,2707,6739,69832,36615,33217,554579,87928
Tarragona,Selva del Camp (La) *,43145,2444,76,594,545,363,230,106,88,42,117,29,18,47,200,103,97,2696,241,2150,25805,106149,88236,59263,35415,20205,11660,6717,29811,4112,2707,6739,69832,36615,33217,554579,87928
Tarragona,Sénia (La),43044,2616,92,519,525,381,246,174,98,43,120,28,14,28,231,127,104,3055,556,2150,25805,106149,88236,59263,35415,20205,11660,6717,29811,4112,2707,6739,69832,36615,33217,554579,87928
Tarragona,Tarragona,43148,2255,1496,16963,14960,8683,4369,2113,1073,600,3051,336,199,631,4414,2084,2330,67200,8312,2150,25805,106149,88236,59263,35415,20205,11660,6717,29811,4112,2707,6739,69832,36615,33217,554579,87928
Tarragona,Tivissa,43150,2583,51,166,150,104,82,40,37,12,35,17,10,28,108,54,54,1239,399,2150,25805,106149,88236,59263,35415,20205,11660,6717,29811,4112,2707,6739,69832,36615,33217,554579,87928
Tarragona,Torredembarra,43153,1683,897,3218,2186,1392,785,421,197,120,1129,87,65,138,2758,1425,1333,14553,1160,2150,25805,106149,88236,59263,35415,20205,11660,6717,29811,4112,2707,6739,69832,36615,33217,554579,87928
Tarragona,Tortosa,43155,2584,507,3539,3472,2321,1535,975,572,381,758,228,124,302,1426,705,721,19654,3514,2150,25805,106149,88236,59263,35415,20205,11660,6717,29811,4112,2707,6739,69832,36615,33217,554579,87928
Tarragona,Ulldecona,43156,2659,123,564,557,438,317,179,91,66,135,34,26,48,295,151,144,3926,1053,2150,25805,106149,88236,59263,35415,20205,11660,6717,29811,4112,2707,6739,69832,36615,33217,554579,87928
Tarragona,Vallmoll,43160,3002,25,125,144,125,87,60,35,22,38,13,14,17,66,29,37,1038,267,2150,25805,106149,88236,59263,35415,20205,11660,6717,29811,4112,2707,6739,69832,36615,33217,554579,87928
Tarragona,Valls,43161,2468,285,2705,2614,1753,962,560,296,195,503,97,63,140,820,396,424,13368,2375,2150,25805,106149,88236,59263,35415,20205,11660,6717,29811,4112,2707,6739,69832,36615,33217,554579,87928
Tarragona,Vandellòs i l'Hospitalet de l'Infan,43162,1794,402,873,576,450,346,205,134,87,374,63,45,134,1096,581,515,5913,1128,2150,25805,106149,88236,59263,35415,20205,11660,6717,29811,4112,2707,6739,69832,36615,33217,554579,87928
Tarragona,Vendrell (El),43163,1781,1736,6578,4669,2972,1707,999,527,307,2319,166,122,281,5303,2734,2569,31063,3377,2150,25805,106149,88236,59263,35415,20205,11660,6717,29811,4112,2707,6739,69832,36615,33217,554579,87928
Tarragona,Vila-rodona,43170,2799,22,113,101,91,78,44,21,13,31,16,8,17,79,50,29,845,211,2150,25805,106149,88236,59263,35415,20205,11660,6717,29811,4112,2707,6739,69832,36615,33217,554579,87928
Tarragona,Vila-seca,43171,1820,1458,2932,2634,1516,799,396,231,119,876,68,35,116,3118,1851,1267,17417,3119,2150,25805,106149,88236,59263,35415,20205,11660,6717,29811,4112,2707,6739,69832,36615,33217,554579,87928
Tarragona,Vilallonga del Camp *,43166,2936,22,193,221,183,134,81,47,24,50,16,8,21,88,43,45,1189,101,2150,25805,106149,88236,59263,35415,20205,11660,6717,29811,4112,2707,6739,69832,36615,33217,554579,87928
Tarragona,Vinyols i els Arcs,43178,2236,96,274,219,164,102,78,41,37,75,18,10,40,247,126,121,1530,129,2150,25805,106149,88236,59263,35415,20205,11660,6717,29811,4112,2707,6739,69832,36615,33217,554579,87928
Tarragona,Xerta,43052,2905,35,104,95,89,63,42,36,11,34,13,10,16,65,29,36,855,242,2150,25805,106149,88236,59263,35415,20205,11660,6717,29811,4112,2707,6739,69832,36615,33217,554579,87928
Teruel,Albalate del Arzobispo,44008,2361,110,219,184,145,63,57,30,24,66,17,16,45,177,107,70,1656,503,1639,11375,21895,14940,7956,3749,1979,1168,821,6674,623,491,1830,19200,10920,8280,125711,33010
Teruel,Alcañiz,44013,2014,397,2466,1783,977,467,257,152,100,532,53,49,123,900,445,455,9400,1144,1639,11375,21895,14940,7956,3749,1979,1168,821,6674,623,491,1830,19200,10920,8280,125711,33010
Teruel,Alcorisa,44014,2068,158,426,338,221,93,57,26,31,107,23,12,68,294,159,135,2397,543,1639,11375,21895,14940,7956,3749,1979,1168,821,6674,623,491,1830,19200,10920,8280,125711,33010
Teruel,Andorra,44025,3161,147,595,543,380,240,195,158,134,149,124,105,465,377,212,165,4397,785,1639,11375,21895,14940,7956,3749,1979,1168,821,6674,623,491,1830,19200,10920,8280,125711,33010
Teruel,Calamocha,44050,1945,281,626,450,303,143,80,56,47,186,37,32,136,537,305,232,3795,881,1639,11375,21895,14940,7956,3749,1979,1168,821,6674,623,491,1830,19200,10920,8280,125711,33010
Teruel,Calanda,44051,2208,126,426,392,253,133,74,29,20,95,12,14,35,271,160,111,2593,713,1639,11375,21895,14940,7956,3749,1979,1168,821,6674,623,491,1830,19200,10920,8280,125711,33010
Teruel,Cella,44076,1820,132,359,294,147,67,37,14,10,98,8,5,15,247,139,108,1778,345,1639,11375,21895,14940,7956,3749,1979,1168,821,6674,623,491,1830,19200,10920,8280,125711,33010
Teruel,Híjar,44122,1946,93,249,165,120,48,36,19,21,55,12,15,34,192,94,98,1555,496,1639,11375,21895,14940,7956,3749,1979,1168,821,6674,623,491,1830,19200,10920,8280,125711,33010
Teruel,Mas de las Matas,44145,1797,120,185,169,95,39,21,7,8,61,2,1,6,167,96,71,1200,319,1639,11375,21895,14940,7956,3749,1979,1168,821,6674,623,491,1830,19200,10920,8280,125711,33010
Teruel,Monreal del Campo,44153,1926,134,319,292,166,62,20,9,9,87,8,3,17,218,136,82,1767,423,1639,11375,21895,14940,7956,3749,1979,1168,821,6674,623,491,1830,19200,10920,8280,125711,33010
Teruel,Montalbán,44155,1622,120,204,132,64,43,18,6,7,51,1,4,25,182,108,74,1205,348,1639,11375,21895,14940,7956,3749,1979,1168,821,6674,623,491,1830,19200,10920,8280,125711,33010
Teruel,Mora de Rubielos,44158,1213,222,329,170,110,50,29,18,9,123,5,3,20,450,251,199,1987,449,1639,11375,21895,14940,7956,3749,1979,1168,821,6674,623,491,1830,19200,10920,8280,125711,33010
Teruel,Resto de Teruel,44999,1194,7978,7889,4794,2749,1369,686,392,236,3233,185,153,552,11828,7126,4702,64830,22786,1639,11375,21895,14940,7956,3749,1979,1168,821,6674,623,491,1830,19200,10920,8280,125711,33010
Teruel,Santa Eulalia,44209,1615,90,138,108,71,44,9,3,3,55,4,0,10,151,81,70,935,249,1639,11375,21895,14940,7956,3749,1979,1168,821,6674,623,491,1830,19200,10920,8280,125711,33010
Teruel,Sarrión,44210,1391,155,202,138,67,37,20,14,6,73,2,2,9,234,131,103,1221,262,1639,11375,21895,14940,7956,3749,1979,1168,821,6674,623,491,1830,19200,10920,8280,125711,33010
Teruel,Teruel,44216,1770,903,6518,4371,1758,702,295,190,114,1508,106,63,192,2518,1124,1394,21490,2252,1639,11375,21895,14940,7956,3749,1979,1168,821,6674,623,491,1830,19200,10920,8280,125711,33010
Teruel,Utrillas *,44238,1975,97,395,352,179,64,32,5,15,104,10,5,38,223,128,95,1798,279,1639,11375,21895,14940,7956,3749,1979,1168,821,6674,623,491,1830,19200,10920,8280,125711,33010
Teruel,Valderrobres,44246,2030,112,350,265,151,85,56,40,27,91,14,9,40,234,118,116,1707,233,1639,11375,21895,14940,7956,3749,1979,1168,821,6674,623,491,1830,19200,10920,8280,125711,33010
Toledo,Ajofrín,45001,2714,44,210,215,172,128,69,43,22,60,9,12,33,132,76,56,1427,278,2572,15076,71160,64985,49089,32255,19317,11991,7760,17840,5344,3780,11863,40059,21004,19055,439385,88866
Toledo,Alameda de la Sagra,45002,3302,17,203,268,215,164,122,69,55,58,30,18,82,93,50,43,2125,731,2572,15076,71160,64985,49089,32255,19317,11991,7760,17840,5344,3780,11863,40059,21004,19055,439385,88866
Toledo,Alcaudete de la Jara,45006,1902,92,226,159,111,69,45,28,18,68,19,14,13,221,113,108,1710,627,2572,15076,71160,64985,49089,32255,19317,11991,7760,17840,5344,3780,11863,40059,21004,19055,439385,88866
Toledo,Almorox,45013,2300,116,307,243,165,116,87,54,36,92,32,16,77,247,129,118,2364,776,2572,15076,71160,64985,49089,32255,19317,11991,7760,17840,5344,3780,11863,40059,21004,19055,439385,88866
Toledo,Argés *,45016,2935,53,497,676,531,335,196,96,62,95,41,28,77,183,84,99,3030,160,2572,15076,71160,64985,49089,32255,19317,11991,7760,17840,5344,3780,11863,40059,21004,19055,439385,88866
Toledo,Añover de Tajo,45014,3430,33,286,349,333,256,169,111,67,59,45,26,95,155,95,60,2637,653,2572,15076,71160,64985,49089,32255,19317,11991,7760,17840,5344,3780,11863,40059,21004,19055,439385,88866
Toledo,Bargas,45019,2580,137,1148,1112,837,520,247,144,87,246,51,37,115,433,222,211,5674,560,2572,15076,71160,64985,49089,32255,19317,11991,7760,17840,5344,3780,11863,40059,21004,19055,439385,88866
Toledo,Belvís de la Jara,45020,1813,131,263,189,121,63,41,35,18,90,12,10,23,237,124,113,1589,356,2572,15076,71160,64985,49089,32255,19317,11991,7760,17840,5344,3780,11863,40059,21004,19055,439385,88866
Toledo,Borox,45021,3043,41,289,308,283,185,131,85,43,70,38,16,62,158,91,67,2319,610,2572,15076,71160,64985,49089,32255,19317,11991,7760,17840,5344,3780,11863,40059,21004,19055,439385,88866
Toledo,Burguillos de Toledo,45023,3252,26,261,307,311,233,132,66,36,49,21,19,48,99,53,46,1763,155,2572,15076,71160,64985,49089,32255,19317,11991,7760,17840,5344,3780,11863,40059,21004,19055,439385,88866
Toledo,Burujón,45024,2863,38,113,116,97,85,43,26,21,33,14,4,24,96,59,37,925,215,2572,15076,71160,64985,49089,32255,19317,11991,7760,17840,5344,3780,11863,40059,21004,19055,439385,88866
Toledo,Cabañas de la Sagra,45025,3487,18,100,122,94,103,44,43,38,24,21,13,45,50,21,29,974,259,2572,15076,71160,64985,49089,32255,19317,11991,7760,17840,5344,3780,11863,40059,21004,19055,439385,88866
Toledo,Calera y Chozas,45028,2777,106,412,469,382,266,145,87,57,123,33,22,70,279,137,142,3087,636,2572,15076,71160,64985,49089,32255,19317,11991,7760,17840,5344,3780,11863,40059,21004,19055,439385,88866
Toledo,Camarena,45031,3000,71,349,336,284,222,154,93,86,84,37,30,88,225,128,97,3155,1096,2572,15076,71160,64985,49089,32255,19317,11991,7760,17840,5344,3780,11863,40059,21004,19055,439385,88866
Toledo,Camuñas *,45034,2760,64,144,148,108,87,53,34,17,42,15,15,55,124,63,61,1235,329,2572,15076,71160,64985,49089,32255,19317,11991,7760,17840,5344,3780,11863,40059,21004,19055,439385,88866
Toledo,Carpio de Tajo (El),45037,2132,81,218,191,126,79,60,17,20,85,15,9,35,204,120,84,1602,462,2572,15076,71160,64985,49089,32255,19317,11991,7760,17840,5344,3780,11863,40059,21004,19055,439385,88866
Toledo,Carranque,45038,3539,42,306,390,361,292,221,131,100,79,76,54,125,173,89,84,2736,386,2572,15076,71160,64985,49089,32255,19317,11991,7760,17840,5344,3780,11863,40059,21004,19055,439385,88866
Toledo,Casar de Escalona (El),45040,1617,167,813,417,234,140,87,39,25,256,11,7,31,478,218,260,3205,500,2572,15076,71160,64985,49089,32255,19317,11991,7760,17840,5344,3780,11863,40059,21004,19055,439385,88866
Toledo,Casarrubios del Monte,45041,3530,72,524,513,533,450,316,226,146,114,101,78,176,328,166,162,5001,1424,2572,15076,71160,64985,49089,32255,19317,11991,7760,17840,5344,3780,11863,40059,21004,19055,439385,88866
Toledo,Cazalegas,45045,2141,84,269,191,162,90,60,34,19,64,11,7,30,209,94,115,1523,293,2572,15076,71160,64985,49089,32255,19317,11991,7760,17840,5344,3780,11863,40059,21004,19055,439385,88866
Toledo,Cebolla,45046,3149,55,265,242,234,177,149,88,42,75,31,21,54,165,82,83,2000,402,2572,15076,71160,64985,49089,32255,19317,11991,7760,17840,5344,3780,11863,40059,21004,19055,439385,88866
Toledo,Cedillo del Condado,45047,3756,28,251,279,258,222,194,116,65,63,59,43,168,141,68,73,2517,630,2572,15076,71160,64985,49089,32255,19317,11991,7760,17840,5344,3780,11863,40059,21004,19055,439385,88866
Toledo,Chozas de Canales,45056,2938,48,271,239,248,183,88,72,43,73,36,27,64,204,110,94,2456,860,2572,15076,71160,64985,49089,32255,19317,11991,7760,17840,5344,3780,11863,40059,21004,19055,439385,88866
Toledo,Cobeja,45051,3849,16,102,115,105,87,67,59,47,16,29,10,59,48,27,21,1136,376,2572,15076,71160,64985,49089,32255,19317,11991,7760,17840,5344,3780,11863,40059,21004,19055,439385,88866
Toledo,Cobisa *,45052,3570,12,232,372,431,338,170,93,71,49,28,25,43,85,43,42,2024,75,2572,15076,71160,64985,49089,32255,19317,11991,7760,17840,5344,3780,11863,40059,21004,19055,439385,88866
Toledo,Consuegra,45053,3265,140,635,605,613,471,303,196,144,164,99,83,274,427,238,189,5769,1615,2572,15076,71160,64985,49089,32255,19317,11991,7760,17840,5344,3780,11863,40059,21004,19055,439385,88866
Toledo,Corral de Almaguer,45054,2740,103,431,399,326,229,155,92,65,129,54,34,133,327,176,151,3813,1336,2572,15076,71160,64985,49089,32255,19317,11991,7760,17840,5344,3780,11863,40059,21004,19055,439385,88866
Toledo,Cuerva,45055,1818,53,145,106,81,43,29,10,10,39,3,3,11,143,71,72,1073,397,2572,15076,71160,64985,49089,32255,19317,11991,7760,17840,5344,3780,11863,40059,21004,19055,439385,88866
Toledo,Dosbarrios,45059,3048,47,150,165,132,115,93,36,25,49,21,9,63,123,70,53,1451,423,2572,15076,71160,64985,49089,32255,19317,11991,7760,17840,5344,3780,11863,40059,21004,19055,439385,88866
Toledo,Escalona,45061,1772,271,943,570,332,222,138,91,59,309,53,34,135,713,377,336,4868,998,2572,15076,71160,64985,49089,32255,19317,11991,7760,17840,5344,3780,11863,40059,21004,19055,439385,88866
Toledo,Escalonilla,45062,2774,30,116,121,105,83,40,32,12,34,10,7,15,93,62,31,1047,349,2572,15076,71160,64985,49089,32255,19317,11991,7760,17840,5344,3780,11863,40059,21004,19055,439385,88866
Toledo,Esquivias,45064,3693,26,282,324,335,254,197,120,76,55,62,58,169,115,48,67,2714,641,2572,15076,71160,64985,49089,32255,19317,11991,7760,17840,5344,3780,11863,40059,21004,19055,439385,88866
Toledo,Fuensalida,45066,3522,89,602,644,584,453,353,269,174,161,129,86,333,357,198,159,6323,2089,2572,15076,71160,64985,49089,32255,19317,11991,7760,17840,5344,3780,11863,40059,21004,19055,439385,88866
Toledo,Gerindote,45069,3246,27,167,168,173,139,79,50,36,32,16,17,43,85,54,31,1497,465,2572,15076,71160,64985,49089,32255,19317,11991,7760,17840,5344,3780,11863,40059,21004,19055,439385,88866
Toledo,Guadamur,45070,2895,30,162,166,139,100,60,39,24,44,16,16,37,98,51,47,1088,157,2572,15076,71160,64985,49089,32255,19317,11991,7760,17840,5344,3780,11863,40059,21004,19055,439385,88866
Toledo,Guardia (La),45071,2628,71,204,149,139,101,69,49,37,67,15,20,44,187,103,84,1838,686,2572,15076,71160,64985,49089,32255,19317,11991,7760,17840,5344,3780,11863,40059,21004,19055,439385,88866
Toledo,Gálvez,45067,2678,70,271,314,240,132,98,62,35,69,18,13,48,192,108,84,1954,392,2572,15076,71160,64985,49089,32255,19317,11991,7760,17840,5344,3780,11863,40059,21004,19055,439385,88866
Toledo,Huerta de Valdecarábanos,45078,2904,41,110,107,111,76,38,24,23,36,14,8,42,103,58,45,1309,576,2572,15076,71160,64985,49089,32255,19317,11991,7760,17840,5344,3780,11863,40059,21004,19055,439385,88866
Toledo,Illescas,45081,3248,153,1823,2257,1908,1342,838,546,382,312,214,159,612,621,318,303,12265,1098,2572,15076,71160,64985,49089,32255,19317,11991,7760,17840,5344,3780,11863,40059,21004,19055,439385,88866
Toledo,Lagartera,45082,2532,56,146,124,99,70,48,33,16,35,15,11,33,131,70,61,1200,383,2572,15076,71160,64985,49089,32255,19317,11991,7760,17840,5344,3780,11863,40059,21004,19055,439385,88866
Toledo,Lillo,45084,2460,79,291,210,190,135,87,56,42,103,28,12,67,230,126,104,2096,566,2572,15076,71160,64985,49089,32255,19317,11991,7760,17840,5344,3780,11863,40059,21004,19055,439385,88866
Toledo,Lominchar,45085,3354,29,164,118,113,93,79,59,29,36,28,23,78,87,41,46,1361,425,2572,15076,71160,64985,49089,32255,19317,11991,7760,17840,5344,3780,11863,40059,21004,19055,439385,88866
Toledo,Madridejos *,45087,3211,167,651,635,567,460,315,201,155,170,109,76,279,459,261,198,5556,1312,2572,15076,71160,64985,49089,32255,19317,11991,7760,17840,5344,3780,11863,40059,21004,19055,439385,88866
Toledo,Magán,45088,2761,59,323,330,269,187,122,58,45,87,43,23,30,176,104,72,2311,559,2572,15076,71160,64985,49089,32255,19317,11991,7760,17840,5344,3780,11863,40059,21004,19055,439385,88866
Toledo,Malpica de Tajo,45089,2501,47,231,176,148,108,56,28,19,51,12,5,20,120,53,67,1241,220,2572,15076,71160,64985,49089,32255,19317,11991,7760,17840,5344,3780,11863,40059,21004,19055,439385,88866
Toledo,Mazarambroz,45096,2173,52,169,139,96,49,36,13,13,39,7,7,13,120,70,50,917,164,2572,15076,71160,64985,49089,32255,19317,11991,7760,17840,5344,3780,11863,40059,21004,19055,439385,88866
Toledo,Mejorada,45097,2566,32,150,124,109,63,38,22,11,39,14,8,16,105,59,46,1081,350,2572,15076,71160,64985,49089,32255,19317,11991,7760,17840,5344,3780,11863,40059,21004,19055,439385,88866
Toledo,Menasalbas,45098,2187,122,270,246,158,100,57,48,28,93,14,22,31,246,131,115,1994,559,2572,15076,71160,64985,49089,32255,19317,11991,7760,17840,5344,3780,11863,40059,21004,19055,439385,88866
Toledo,Miguel Esteban *,45101,2229,207,513,461,304,178,97,51,32,121,35,11,37,353,196,157,2897,497,2572,15076,71160,64985,49089,32255,19317,11991,7760,17840,5344,3780,11863,40059,21004,19055,439385,88866
Toledo,Mocejón,45102,3191,57,336,355,337,268,169,103,57,80,47,31,75,180,103,77,2365,270,2572,15076,71160,64985,49089,32255,19317,11991,7760,17840,5344,3780,11863,40059,21004,19055,439385,88866
Toledo,Mora,45106,2868,195,759,708,637,432,255,151,101,185,81,61,227,485,265,220,5859,1582,2572,15076,71160,64985,49089,32255,19317,11991,7760,17840,5344,3780,11863,40059,21004,19055,439385,88866
Toledo,Méntrida,45099,2911,118,533,488,399,299,214,138,96,145,78,45,162,339,194,145,4019,965,2572,15076,71160,64985,49089,32255,19317,11991,7760,17840,5344,3780,11863,40059,21004,19055,439385,88866
Toledo,Nambroca,45107,3066,48,368,464,424,271,155,105,76,103,44,36,84,196,94,102,2536,162,2572,15076,71160,64985,49089,32255,19317,11991,7760,17840,5344,3780,11863,40059,21004,19055,439385,88866
Toledo,Navahermosa,45109,2088,203,492,406,292,161,78,47,24,141,10,14,37,365,203,162,3031,761,2572,15076,71160,64985,49089,32255,19317,11991,7760,17840,5344,3780,11863,40059,21004,19055,439385,88866
Toledo,Navalcán,45110,1771,167,336,237,163,99,61,28,11,106,5,3,21,302,161,141,2287,748,2572,15076,71160,64985,49089,32255,19317,11991,7760,17840,5344,3780,11863,40059,21004,19055,439385,88866
Toledo,Navalmorales (Los),45112,1829,168,304,210,156,85,58,32,26,95,18,9,52,333,189,144,2105,559,2572,15076,71160,64985,49089,32255,19317,11991,7760,17840,5344,3780,11863,40059,21004,19055,439385,88866
Toledo,Navalucillos (Los),45113,1516,230,386,215,146,116,56,29,18,133,14,8,20,426,231,195,2702,905,2572,15076,71160,64985,49089,32255,19317,11991,7760,17840,5344,3780,11863,40059,21004,19055,439385,88866
Toledo,Noblejas,45115,2895,49,290,271,242,157,92,66,44,68,29,19,65,152,80,72,2083,539,2572,15076,71160,64985,49089,32255,19317,11991,7760,17840,5344,3780,11863,40059,21004,19055,439385,88866
Toledo,Novés,45118,2992,45,228,234,216,168,89,81,38,69,31,24,53,174,94,80,1893,443,2572,15076,71160,64985,49089,32255,19317,11991,7760,17840,5344,3780,11863,40059,21004,19055,439385,88866
Toledo,Numancia de la Sagra,45119,3450,37,291,353,374,266,178,124,83,73,49,33,97,130,71,59,2495,407,2572,15076,71160,64985,49089,32255,19317,11991,7760,17840,5344,3780,11863,40059,21004,19055,439385,88866
Toledo,Ocaña,45121,2302,209,1469,1236,793,461,275,149,90,352,78,63,175,637,314,323,8041,2054,2572,15076,71160,64985,49089,32255,19317,11991,7760,17840,5344,3780,11863,40059,21004,19055,439385,88866
Toledo,Olías del Rey *,45122,2923,101,697,790,622,437,237,153,86,131,58,30,120,243,126,117,3925,220,2572,15076,71160,64985,49089,32255,19317,11991,7760,17840,5344,3780,11863,40059,21004,19055,439385,88866
Toledo,Ontígola,45123,3257,41,373,554,504,324,168,103,79,75,63,38,106,132,74,58,2923,363,2572,15076,71160,64985,49089,32255,19317,11991,7760,17840,5344,3780,11863,40059,21004,19055,439385,88866
Toledo,Orgaz,45124,3271,49,186,151,147,118,70,62,41,49,27,28,105,149,82,67,1732,550,2572,15076,71160,64985,49089,32255,19317,11991,7760,17840,5344,3780,11863,40059,21004,19055,439385,88866
Toledo,Oropesa,45125,2572,92,297,261,234,139,90,54,41,93,31,24,62,248,122,126,2201,535,2572,15076,71160,64985,49089,32255,19317,11991,7760,17840,5344,3780,11863,40059,21004,19055,439385,88866
Toledo,Palomeque,45127,2621,28,135,99,96,61,55,39,29,42,14,14,34,125,77,48,989,218,2572,15076,71160,64985,49089,32255,19317,11991,7760,17840,5344,3780,11863,40059,21004,19055,439385,88866
Toledo,Pantoja,45128,3302,29,192,231,191,161,106,63,40,44,26,23,58,79,40,39,1600,357,2572,15076,71160,64985,49089,32255,19317,11991,7760,17840,5344,3780,11863,40059,21004,19055,439385,88866
Toledo,Pepino,45132,3623,34,213,248,238,231,152,92,60,51,39,30,87,124,59,65,1716,117,2572,15076,71160,64985,49089,32255,19317,11991,7760,17840,5344,3780,11863,40059,21004,19055,439385,88866
Toledo,Polán,45133,3085,51,276,310,265,204,129,94,55,66,36,23,64,169,96,73,2097,355,2572,15076,71160,64985,49089,32255,19317,11991,7760,17840,5344,3780,11863,40059,21004,19055,439385,88866
Toledo,Portillo de Toledo,45134,3696,15,114,114,123,97,68,63,31,25,27,25,79,80,48,32,1272,411,2572,15076,71160,64985,49089,32255,19317,11991,7760,17840,5344,3780,11863,40059,21004,19055,439385,88866
Toledo,Puebla de Almoradiel (La) *,45135,2234,175,575,537,390,180,118,57,36,148,18,15,33,411,219,192,3157,464,2572,15076,71160,64985,49089,32255,19317,11991,7760,17840,5344,3780,11863,40059,21004,19055,439385,88866
Toledo,Puebla de Montalbán (La),45136,3152,82,560,583,532,474,250,173,117,146,66,38,129,336,167,169,4262,776,2572,15076,71160,64985,49089,32255,19317,11991,7760,17840,5344,3780,11863,40059,21004,19055,439385,88866
Toledo,Pueblanueva (La),45137,2292,81,279,196,171,118,46,32,24,76,10,15,45,200,107,93,1580,287,2572,15076,71160,64985,49089,32255,19317,11991,7760,17840,5344,3780,11863,40059,21004,19055,439385,88866
Toledo,Puente del Arzobispo (El) *,45138,2886,36,107,85,86,67,44,28,16,33,21,15,36,110,66,44,823,139,2572,15076,71160,64985,49089,32255,19317,11991,7760,17840,5344,3780,11863,40059,21004,19055,439385,88866
Toledo,Pulgar,45140,2916,37,127,142,117,80,54,31,16,34,12,17,24,85,49,36,1041,265,2572,15076,71160,64985,49089,32255,19317,11991,7760,17840,5344,3780,11863,40059,21004,19055,439385,88866
Toledo,Quero,45141,2555,47,112,92,65,64,34,19,17,39,10,4,49,93,55,38,989,344,2572,15076,71160,64985,49089,32255,19317,11991,7760,17840,5344,3780,11863,40059,21004,19055,439385,88866
Toledo,Quintanar de la Orden,45142,2320,286,1181,1172,818,463,189,112,76,304,48,28,96,695,359,336,6462,994,2572,15076,71160,64985,49089,32255,19317,11991,7760,17840,5344,3780,11863,40059,21004,19055,439385,88866
Toledo,Quismondo,45143,2381,58,193,179,132,96,55,19,10,43,15,10,20,145,75,70,1301,326,2572,15076,71160,64985,49089,32255,19317,11991,7760,17840,5344,3780,11863,40059,21004,19055,439385,88866
Toledo,Recas,45145,3365,44,268,219,228,195,118,70,63,65,43,44,112,154,82,72,2611,988,2572,15076,71160,64985,49089,32255,19317,11991,7760,17840,5344,3780,11863,40059,21004,19055,439385,88866
Toledo,Resto de Toledo,45999,1777,3523,7698,5062,3450,2216,1305,768,499,2774,353,279,795,7041,3805,3236,49616,13853,2572,15076,71160,64985,49089,32255,19317,11991,7760,17840,5344,3780,11863,40059,21004,19055,439385,88866
Toledo,San Pablo de los Montes,45153,2015,103,235,205,128,98,43,23,19,74,9,4,26,226,122,104,1601,408,2572,15076,71160,64985,49089,32255,19317,11991,7760,17840,5344,3780,11863,40059,21004,19055,439385,88866
Toledo,San Román de los Montes,45154,2386,69,416,332,232,179,110,67,37,110,28,11,54,205,101,104,2147,297,2572,15076,71160,64985,49089,32255,19317,11991,7760,17840,5344,3780,11863,40059,21004,19055,439385,88866
Toledo,Santa Cruz de la Zarza,45156,2850,106,341,334,286,204,109,76,61,105,32,31,133,246,134,112,2903,839,2572,15076,71160,64985,49089,32255,19317,11991,7760,17840,5344,3780,11863,40059,21004,19055,439385,88866
Toledo,Santa Cruz del Retamar,45157,2352,160,593,443,340,227,149,112,70,179,56,33,92,445,250,195,3803,904,2572,15076,71160,64985,49089,32255,19317,11991,7760,17840,5344,3780,11863,40059,21004,19055,439385,88866
Toledo,Santa Olalla,45158,2668,68,314,318,268,190,119,64,35,111,27,20,52,235,132,103,2374,553,2572,15076,71160,64985,49089,32255,19317,11991,7760,17840,5344,3780,11863,40059,21004,19055,439385,88866
Toledo,Santo Domingo-Caudilla,45901,2499,28,129,98,83,66,34,27,12,38,13,9,16,84,45,39,960,323,2572,15076,71160,64985,49089,32255,19317,11991,7760,17840,5344,3780,11863,40059,21004,19055,439385,88866
Toledo,Segurilla,45160,2252,30,154,126,124,57,29,15,7,52,12,5,11,116,58,58,994,256,2572,15076,71160,64985,49089,32255,19317,11991,7760,17840,5344,3780,11863,40059,21004,19055,439385,88866
Toledo,Seseña,45161,2736,137,2399,2607,1836,1093,639,365,223,378,139,89,294,618,278,340,12174,1357,2572,15076,71160,64985,49089,32255,19317,11991,7760,17840,5344,3780,11863,40059,21004,19055,439385,88866
Toledo,Sonseca *,45163,2677,221,936,1022,802,463,279,146,96,242,81,54,134,546,293,253,5567,545,2572,15076,71160,64985,49089,32255,19317,11991,7760,17840,5344,3780,11863,40059,21004,19055,439385,88866
Toledo,Talavera de la Reina,45165,2304,1216,9772,8962,5450,2938,1515,897,523,2004,373,253,613,3698,1829,1869,43263,5049,2572,15076,71160,64985,49089,32255,19317,11991,7760,17840,5344,3780,11863,40059,21004,19055,439385,88866
Toledo,Tembleque,45166,2400,48,206,189,147,90,60,31,16,65,12,11,35,159,82,77,1568,499,2572,15076,71160,64985,49089,32255,19317,11991,7760,17840,5344,3780,11863,40059,21004,19055,439385,88866
Toledo,Toboso (El) *,45167,2139,113,249,217,155,73,51,27,19,89,9,1,24,169,99,70,1442,246,2572,15076,71160,64985,49089,32255,19317,11991,7760,17840,5344,3780,11863,40059,21004,19055,439385,88866
Toledo,Toledo,45168,2241,1100,10483,8844,5276,2660,1325,793,482,2068,379,225,750,3441,1618,1823,40498,2672,2572,15076,71160,64985,49089,32255,19317,11991,7760,17840,5344,3780,11863,40059,21004,19055,439385,88866
Toledo,Torre de Esteban Hambrán (La),45171,2892,36,184,155,141,99,64,42,20,37,26,7,55,106,56,50,1398,426,2572,15076,71160,64985,49089,32255,19317,11991,7760,17840,5344,3780,11863,40059,21004,19055,439385,88866
Toledo,Torrijos,45173,2547,197,1367,1335,914,569,306,185,125,298,78,65,190,543,263,280,6936,764,2572,15076,71160,64985,49089,32255,19317,11991,7760,17840,5344,3780,11863,40059,21004,19055,439385,88866
Toledo,Ugena,45176,3504,27,308,400,426,336,216,148,71,78,47,34,102,137,81,56,2720,390,2572,15076,71160,64985,49089,32255,19317,11991,7760,17840,5344,3780,11863,40059,21004,19055,439385,88866
Toledo,Urda,45177,2741,100,243,192,175,135,95,62,38,67,20,21,60,207,108,99,2126,711,2572,15076,71160,64985,49089,32255,19317,11991,7760,17840,5344,3780,11863,40059,21004,19055,439385,88866
Toledo,Valmojado,45180,3814,29,255,289,281,232,182,116,82,40,56,50,166,130,70,60,2298,390,2572,15076,71160,64985,49089,32255,19317,11991,7760,17840,5344,3780,11863,40059,21004,19055,439385,88866
Toledo,Velada,45181,2983,49,211,223,209,175,101,74,24,68,16,10,33,147,68,79,1722,382,2572,15076,71160,64985,49089,32255,19317,11991,7760,17840,5344,3780,11863,40059,21004,19055,439385,88866
Toledo,Ventas con Peña Aguilera (Las),45182,1876,84,163,130,98,52,30,12,10,49,6,3,14,166,90,76,1310,493,2572,15076,71160,64985,49089,32255,19317,11991,7760,17840,5344,3780,11863,40059,21004,19055,439385,88866
Toledo,Ventas de Retamosa (Las),45183,3047,38,315,317,293,206,133,84,45,84,29,29,76,160,82,78,2250,441,2572,15076,71160,64985,49089,32255,19317,11991,7760,17840,5344,3780,11863,40059,21004,19055,439385,88866
Toledo,Villa de Don Fadrique (La),45186,2249,139,422,346,289,160,77,48,25,113,23,15,33,300,173,127,2496,506,2572,15076,71160,64985,49089,32255,19317,11991,7760,17840,5344,3780,11863,40059,21004,19055,439385,88866
Toledo,Villacañas,45185,2867,150,689,735,614,465,247,138,110,177,61,38,124,420,230,190,5468,1500,2572,15076,71160,64985,49089,32255,19317,11991,7760,17840,5344,3780,11863,40059,21004,19055,439385,88866
Toledo,Villafranca de los Caballeros,45187,2753,128,386,308,287,214,165,71,66,117,30,31,100,297,164,133,3163,963,2572,15076,71160,64985,49089,32255,19317,11991,7760,17840,5344,3780,11863,40059,21004,19055,439385,88866
Toledo,Villaluenga de la Sagra,45188,2995,40,303,330,318,175,131,76,56,66,34,17,49,159,85,74,1956,202,2572,15076,71160,64985,49089,32255,19317,11991,7760,17840,5344,3780,11863,40059,21004,19055,439385,88866
Toledo,Villanueva de Alcardete *,45192,2301,140,355,335,244,150,68,55,38,128,29,13,52,295,149,146,2297,395,2572,15076,71160,64985,49089,32255,19317,11991,7760,17840,5344,3780,11863,40059,21004,19055,439385,88866
Toledo,Villarrubia de Santiago,45195,3059,48,190,189,195,130,82,53,41,49,9,17,69,152,96,56,1758,534,2572,15076,71160,64985,49089,32255,19317,11991,7760,17840,5344,3780,11863,40059,21004,19055,439385,88866
Toledo,Villaseca de la Sagra,45196,2873,33,152,154,142,98,58,40,18,43,14,10,20,85,42,43,1009,142,2572,15076,71160,64985,49089,32255,19317,11991,7760,17840,5344,3780,11863,40059,21004,19055,439385,88866
Toledo,Villasequilla,45197,3233,35,177,165,140,127,89,53,38,45,27,21,59,106,59,47,1595,513,2572,15076,71160,64985,49089,32255,19317,11991,7760,17840,5344,3780,11863,40059,21004,19055,439385,88866
Toledo,Villatobas,45198,2430,91,217,219,164,103,63,39,21,66,11,13,63,197,108,89,1983,716,2572,15076,71160,64985,49089,32255,19317,11991,7760,17840,5344,3780,11863,40059,21004,19055,439385,88866
Toledo,Viso de San Juan (El),45199,2978,108,568,518,450,329,234,163,135,169,90,54,206,422,216,206,4223,777,2572,15076,71160,64985,49089,32255,19317,11991,7760,17840,5344,3780,11863,40059,21004,19055,439385,88866
Toledo,Yeles,45201,3024,54,347,378,318,236,158,92,73,91,38,40,106,222,108,114,3515,1362,2572,15076,71160,64985,49089,32255,19317,11991,7760,17840,5344,3780,11863,40059,21004,19055,439385,88866
Toledo,Yepes,45202,3219,56,347,352,329,255,143,116,78,111,56,28,149,200,119,81,3159,939,2572,15076,71160,64985,49089,32255,19317,11991,7760,17840,5344,3780,11863,40059,21004,19055,439385,88866
Toledo,Yuncler,45203,2933,44,391,360,317,244,148,98,41,71,33,24,44,172,100,72,2428,441,2572,15076,71160,64985,49089,32255,19317,11991,7760,17840,5344,3780,11863,40059,21004,19055,439385,88866
Toledo,Yuncos,45205,3584,74,649,739,724,544,388,271,187,147,125,87,302,275,144,131,5415,903,2572,15076,71160,64985,49089,32255,19317,11991,7760,17840,5344,3780,11863,40059,21004,19055,439385,88866
Toledo,Yébenes (Los),45200,3612,49,311,293,299,282,194,153,85,82,71,55,180,257,140,117,3276,965,2572,15076,71160,64985,49089,32255,19317,11991,7760,17840,5344,3780,11863,40059,21004,19055,439385,88866
Valencia/València,Ademuz,46001,1177,237,206,117,50,36,16,8,4,80,2,4,20,267,155,112,1427,380,2273,49409,330021,301840,197846,106683,53174,26585,13607,73134,7550,4581,11796,140136,69789,70347,1488908,172546
Valencia/València,Ador,46002,2637,29,199,191,144,88,50,38,11,41,9,7,8,69,32,37,1073,189,2273,49409,330021,301840,197846,106683,53174,26585,13607,73134,7550,4581,11796,140136,69789,70347,1488908,172546
Valencia/València,Agullent,46004,2526,43,273,271,200,131,70,36,17,51,8,4,23,142,75,67,1540,271,2273,49409,330021,301840,197846,106683,53174,26585,13607,73134,7550,4581,11796,140136,69789,70347,1488908,172546
Valencia/València,Aielo de Malferit,46042,2617,76,430,488,363,215,107,62,28,93,18,10,24,211,126,85,2453,328,2273,49409,330021,301840,197846,106683,53174,26585,13607,73134,7550,4581,11796,140136,69789,70347,1488908,172546
Valencia/València,Alaquàs *,46005,2419,228,3252,3469,2257,1099,446,146,70,560,50,39,79,766,362,404,13175,714,2273,49409,330021,301840,197846,106683,53174,26585,13607,73134,7550,4581,11796,140136,69789,70347,1488908,172546
Valencia/València,Albaida,46006,2527,114,626,722,518,297,138,93,36,142,24,18,42,337,164,173,3607,500,2273,49409,330021,301840,197846,106683,53174,26585,13607,73134,7550,4581,11796,140136,69789,70347,1488908,172546
Valencia/València,Albal *,46007,2627,100,1488,1775,1267,747,340,149,81,249,44,13,57,451,207,244,7194,433,2273,49409,330021,301840,197846,106683,53174,26585,13607,73134,7550,4581,11796,140136,69789,70347,1488908,172546
Valencia/València,Albalat de la Ribera,46008,2819,71,280,370,279,201,126,56,30,79,9,8,20,148,81,67,2061,384,2273,49409,330021,301840,197846,106683,53174,26585,13607,73134,7550,4581,11796,140136,69789,70347,1488908,172546
Valencia/València,Albalat dels Sorells,46009,2448,68,446,460,281,162,88,40,17,79,1,3,16,132,73,59,1952,159,2273,49409,330021,301840,197846,106683,53174,26585,13607,73134,7550,4581,11796,140136,69789,70347,1488908,172546
Valencia/València,Albalat dels Tarongers,46010,1950,75,442,290,215,111,78,32,21,117,16,4,3,250,122,128,1855,201,2273,49409,330021,301840,197846,106683,53174,26585,13607,73134,7550,4581,11796,140136,69789,70347,1488908,172546
Valencia/València,Alberic,46011,2836,139,1013,1085,932,632,368,165,112,190,47,29,75,448,235,213,6023,788,2273,49409,330021,301840,197846,106683,53174,26585,13607,73134,7550,4581,11796,140136,69789,70347,1488908,172546
Valencia/València,Alborache,46012,2075,53,269,221,116,77,50,26,12,73,8,2,13,149,63,86,1218,149,2273,49409,330021,301840,197846,106683,53174,26585,13607,73134,7550,4581,11796,140136,69789,70347,1488908,172546
Valencia/València,Alboraia/Alboraya,46013,2201,375,3484,3247,1899,873,413,190,74,736,55,24,88,1245,566,679,13734,1031,2273,49409,330021,301840,197846,106683,53174,26585,13607,73134,7550,4581,11796,140136,69789,70347,1488908,172546
Valencia/València,Albuixech,46014,2543,55,389,403,307,184,109,48,26,94,12,7,16,139,76,63,2028,239,2273,49409,330021,301840,197846,106683,53174,26585,13607,73134,7550,4581,11796,140136,69789,70347,1488908,172546
Valencia/València,Alcàntera de Xúquer,46016,3158,23,91,135,145,99,53,23,13,25,9,3,5,44,25,19,775,107,2273,49409,330021,301840,197846,106683,53174,26585,13607,73134,7550,4581,11796,140136,69789,70347,1488908,172546
Valencia/València,Alcàsser,46015,2499,98,1039,1144,749,430,244,108,40,209,21,12,44,339,165,174,4887,410,2273,49409,330021,301840,197846,106683,53174,26585,13607,73134,7550,4581,11796,140136,69789,70347,1488908,172546
Valencia/València,Alcúdia (l'),46019,3086,128,927,1087,1050,808,430,235,128,183,67,41,77,415,235,180,6253,677,2273,49409,330021,301840,197846,106683,53174,26585,13607,73134,7550,4581,11796,140136,69789,70347,1488908,172546
Valencia/València,Alcúdia de Crespins (l'),46020,2570,95,543,610,440,281,119,58,28,116,7,12,21,215,103,112,2870,325,2273,49409,330021,301840,197846,106683,53174,26585,13607,73134,7550,4581,11796,140136,69789,70347,1488908,172546
Valencia/València,Aldaia,46021,2512,261,3141,3670,2472,1245,558,230,93,548,42,24,76,836,389,447,14434,1238,2273,49409,330021,301840,197846,106683,53174,26585,13607,73134,7550,4581,11796,140136,69789,70347,1488908,172546
Valencia/València,Alfafar *,46022,2306,252,2423,2334,1480,743,308,132,63,447,33,17,35,747,367,380,9644,630,2273,49409,330021,301840,197846,106683,53174,26585,13607,73134,7550,4581,11796,140136,69789,70347,1488908,172546
Valencia/València,Alfara del Patriarca,46025,2383,36,481,467,290,145,80,36,17,78,8,5,15,108,47,61,1889,123,2273,49409,330021,301840,197846,106683,53174,26585,13607,73134,7550,4581,11796,140136,69789,70347,1488908,172546
Valencia/València,Alfarp,46026,2665,44,235,209,197,113,76,49,21,57,13,9,13,135,67,68,1393,222,2273,49409,330021,301840,197846,106683,53174,26585,13607,73134,7550,4581,11796,140136,69789,70347,1488908,172546
Valencia/València,Alfarrasí,46027,2679,12,120,123,101,67,28,17,13,22,7,1,11,57,31,26,673,94,2273,49409,330021,301840,197846,106683,53174,26585,13607,73134,7550,4581,11796,140136,69789,70347,1488908,172546
Valencia/València,Algemesí,46029,2824,333,2211,2648,2227,1445,759,341,199,403,95,55,105,881,450,431,14059,2357,2273,49409,330021,301840,197846,106683,53174,26585,13607,73134,7550,4581,11796,140136,69789,70347,1488908,172546
Valencia/València,Alginet,46031,3233,103,1048,1301,1192,970,586,361,201,196,102,56,99,420,207,213,7534,899,2273,49409,330021,301840,197846,106683,53174,26585,13607,73134,7550,4581,11796,140136,69789,70347,1488908,172546
Valencia/València,Algímia d'Alfara,46030,3225,16,114,103,74,63,39,41,28,24,33,21,41,60,35,25,801,144,2273,49409,330021,301840,197846,106683,53174,26585,13607,73134,7550,4581,11796,140136,69789,70347,1488908,172546
Valencia/València,Almoines,46034,2828,22,202,260,201,139,80,42,14,45,9,4,19,90,45,45,1240,113,2273,49409,330021,301840,197846,106683,53174,26585,13607,73134,7550,4581,11796,140136,69789,70347,1488908,172546
Valencia/València,Almussafes *,46035,2722,87,782,864,657,447,260,109,42,146,25,6,31,267,123,144,4015,292,2273,49409,330021,301840,197846,106683,53174,26585,13607,73134,7550,4581,11796,140136,69789,70347,1488908,172546
Valencia/València,Almàssera *,46032,2360,87,857,884,567,278,105,51,23,140,7,12,14,249,123,126,3521,247,2273,49409,330021,301840,197846,106683,53174,26585,13607,73134,7550,4581,11796,140136,69789,70347,1488908,172546
Valencia/València,Alqueria de la Comtessa (l'),46037,2650,29,132,154,119,85,31,27,12,28,10,3,9,62,41,21,807,106,2273,49409,330021,301840,197846,106683,53174,26585,13607,73134,7550,4581,11796,140136,69789,70347,1488908,172546
Valencia/València,Alzira,46017,2626,664,4455,4743,3844,2168,1082,543,245,944,132,74,208,1664,837,827,24652,3886,2273,49409,330021,301840,197846,106683,53174,26585,13607,73134,7550,4581,11796,140136,69789,70347,1488908,172546
Valencia/València,Anna,46039,2404,71,275,252,195,129,80,30,21,87,10,6,11,160,88,72,1583,256,2273,49409,330021,301840,197846,106683,53174,26585,13607,73134,7550,4581,11796,140136,69789,70347,1488908,172546
Valencia/València,Antella,46040,2688,24,119,117,113,63,50,20,11,27,6,5,6,77,44,33,844,206,2273,49409,330021,301840,197846,106683,53174,26585,13607,73134,7550,4581,11796,140136,69789,70347,1488908,172546
Valencia/València,Atzeneta d'Albaida,46003,2569,33,110,117,85,74,32,14,10,27,4,4,10,66,39,27,748,162,2273,49409,330021,301840,197846,106683,53174,26585,13607,73134,7550,4581,11796,140136,69789,70347,1488908,172546
Valencia/València,Ayora,46044,2329,215,637,541,416,237,134,63,49,170,31,30,82,410,230,180,3647,632,2273,49409,330021,301840,197846,106683,53174,26585,13607,73134,7550,4581,11796,140136,69789,70347,1488908,172546
Valencia/València,Barx,46046,2521,29,156,159,111,81,59,28,18,41,10,4,19,100,62,38,1147,332,2273,49409,330021,301840,197846,106683,53174,26585,13607,73134,7550,4581,11796,140136,69789,70347,1488908,172546
Valencia/València,Barxeta,46045,2789,38,143,170,129,100,43,35,15,42,11,4,12,91,54,37,1044,211,2273,49409,330021,301840,197846,106683,53174,26585,13607,73134,7550,4581,11796,140136,69789,70347,1488908,172546
Valencia/València,Bellreguard,46048,1550,475,774,540,372,219,108,56,36,302,14,10,19,937,550,387,4421,559,2273,49409,330021,301840,197846,106683,53174,26585,13607,73134,7550,4581,11796,140136,69789,70347,1488908,172546
Valencia/València,Benaguasil,46051,2570,262,1164,1251,887,600,296,178,81,282,61,28,67,532,259,273,6658,969,2273,49409,330021,301840,197846,106683,53174,26585,13607,73134,7550,4581,11796,140136,69789,70347,1488908,172546
Valencia/València,Benetússer *,46054,2387,142,1740,1724,1090,621,254,129,57,335,22,15,37,482,232,250,7112,464,2273,49409,330021,301840,197846,106683,53174,26585,13607,73134,7550,4581,11796,140136,69789,70347,1488908,172546
Valencia/València,Beniarjó,46055,2762,17,169,186,141,106,73,24,13,29,7,5,13,84,46,38,1044,177,2273,49409,330021,301840,197846,106683,53174,26585,13607,73134,7550,4581,11796,140136,69789,70347,1488908,172546
Valencia/València,Benicull de Xúquer,46904,2516,26,128,123,86,70,46,33,13,43,4,3,6,71,36,35,755,103,2273,49409,330021,301840,197846,106683,53174,26585,13607,73134,7550,4581,11796,140136,69789,70347,1488908,172546
Valencia/València,Benifairó de la Valldigna,46059,2768,20,163,150,120,80,62,40,26,38,14,11,19,100,56,44,1001,158,2273,49409,330021,301840,197846,106683,53174,26585,13607,73134,7550,4581,11796,140136,69789,70347,1488908,172546
Valencia/València,Benifairó de les Valls,46058,2703,25,202,257,214,131,63,24,6,48,0,5,6,83,35,48,1235,171,2273,49409,330021,301840,197846,106683,53174,26585,13607,73134,7550,4581,11796,140136,69789,70347,1488908,172546
Valencia/València,Benifaió,46060,2689,133,1128,1356,1025,607,325,169,109,229,50,20,61,445,210,235,6244,587,2273,49409,330021,301840,197846,106683,53174,26585,13607,73134,7550,4581,11796,140136,69789,70347,1488908,172546
Valencia/València,Benigànim,46062,2666,106,519,593,484,306,156,82,44,127,28,14,36,294,153,141,3373,584,2273,49409,330021,301840,197846,106683,53174,26585,13607,73134,7550,4581,11796,140136,69789,70347,1488908,172546
Valencia/València,Benimodo,46063,3239,27,137,173,171,146,80,39,26,31,16,11,12,69,31,38,1208,270,2273,49409,330021,301840,197846,106683,53174,26585,13607,73134,7550,4581,11796,140136,69789,70347,1488908,172546
Valencia/València,Beniparrell *,46065,2504,46,199,197,136,95,46,22,16,37,8,5,6,94,46,48,1001,94,2273,49409,330021,301840,197846,106683,53174,26585,13607,73134,7550,4581,11796,140136,69789,70347,1488908,172546
Valencia/València,Benirredrà,46066,3129,15,88,122,110,77,40,29,20,17,6,6,5,32,23,9,624,57,2273,49409,330021,301840,197846,106683,53174,26585,13607,73134,7550,4581,11796,140136,69789,70347,1488908,172546
Valencia/València,Benissanó *,46067,2483,34,231,269,186,114,42,18,15,49,6,6,9,106,48,58,1189,104,2273,49409,330021,301840,197846,106683,53174,26585,13607,73134,7550,4581,11796,140136,69789,70347,1488908,172546
Valencia/València,Bocairent,46072,2191,166,612,548,355,194,99,56,28,171,27,9,31,354,187,167,3420,770,2273,49409,330021,301840,197846,106683,53174,26585,13607,73134,7550,4581,11796,140136,69789,70347,1488908,172546
Valencia/València,Bolbaite,46073,2386,41,157,136,104,66,38,17,10,46,4,5,9,72,40,32,962,257,2273,49409,330021,301840,197846,106683,53174,26585,13607,73134,7550,4581,11796,140136,69789,70347,1488908,172546
Valencia/València,Bonrepòs i Mirambell *,46074,2533,43,389,443,285,154,76,41,16,65,9,5,14,115,60,55,1772,117,2273,49409,330021,301840,197846,106683,53174,26585,13607,73134,7550,4581,11796,140136,69789,70347,1488908,172546
Valencia/València,Burjassot,46078,2208,447,5014,4598,2655,1165,479,200,86,915,39,23,77,1226,528,698,17991,1067,2273,49409,330021,301840,197846,106683,53174,26585,13607,73134,7550,4581,11796,140136,69789,70347,1488908,172546
Valencia/València,Buñol,46077,2471,191,1050,1102,792,450,241,121,58,225,34,21,41,494,259,235,5582,762,2273,49409,330021,301840,197846,106683,53174,26585,13607,73134,7550,4581,11796,140136,69789,70347,1488908,172546
Valencia/València,Bétera,46070,2645,296,2522,2679,1925,1170,698,376,216,520,150,89,263,949,488,461,12966,1113,2273,49409,330021,301840,197846,106683,53174,26585,13607,73134,7550,4581,11796,140136,69789,70347,1488908,172546
Valencia/València,Camporrobles,46080,1344,112,224,122,83,33,11,6,3,93,3,2,16,236,134,102,1227,283,2273,49409,330021,301840,197846,106683,53174,26585,13607,73134,7550,4581,11796,140136,69789,70347,1488908,172546
Valencia/València,Canals,46081,2437,208,1503,1450,995,581,282,128,80,305,39,26,53,562,291,271,6903,691,2273,49409,330021,301840,197846,106683,53174,26585,13607,73134,7550,4581,11796,140136,69789,70347,1488908,172546
Valencia/València,Canet d'En Berenguer *,46082,1067,634,2283,928,614,344,205,83,42,1246,29,15,39,2826,1371,1455,9812,524,2273,49409,330021,301840,197846,106683,53174,26585,13607,73134,7550,4581,11796,140136,69789,70347,1488908,172546
Valencia/València,Carcaixent,46083,2551,341,2209,2243,1644,973,584,301,124,415,79,51,108,916,478,438,11812,1824,2273,49409,330021,301840,197846,106683,53174,26585,13607,73134,7550,4581,11796,140136,69789,70347,1488908,172546
Valencia/València,Carlet,46085,2739,235,1509,1594,1302,840,491,263,130,344,67,37,89,634,318,316,9043,1508,2273,49409,330021,301840,197846,106683,53174,26585,13607,73134,7550,4581,11796,140136,69789,70347,1488908,172546
Valencia/València,Casinos,46089,2540,51,302,299,207,159,95,50,24,86,14,4,24,161,93,68,2059,583,2273,49409,330021,301840,197846,106683,53174,26585,13607,73134,7550,4581,11796,140136,69789,70347,1488908,172546
Valencia/València,Castelló de Rugat,46090,2371,53,269,235,179,101,41,19,10,46,3,3,15,114,54,60,1315,227,2273,49409,330021,301840,197846,106683,53174,26585,13607,73134,7550,4581,11796,140136,69789,70347,1488908,172546
Valencia/València,Catadau,46093,2635,61,333,349,265,164,114,52,32,95,18,8,30,187,96,91,2131,423,2273,49409,330021,301840,197846,106683,53174,26585,13607,73134,7550,4581,11796,140136,69789,70347,1488908,172546
Valencia/València,Catarroja *,46094,2536,249,2715,3093,2145,1124,545,221,130,478,62,36,79,762,350,412,12401,762,2273,49409,330021,301840,197846,106683,53174,26585,13607,73134,7550,4581,11796,140136,69789,70347,1488908,172546
Valencia/València,Chella,46107,2377,68,279,234,175,139,67,41,20,76,10,9,15,178,110,68,2027,716,2273,49409,330021,301840,197846,106683,53174,26585,13607,73134,7550,4581,11796,140136,69789,70347,1488908,172546
Valencia/València,Chelva,46106,1393,235,366,208,131,75,47,21,20,136,8,5,9,414,223,191,2328,653,2273,49409,330021,301840,197846,106683,53174,26585,13607,73134,7550,4581,11796,140136,69789,70347,1488908,172546
Valencia/València,Cheste,46109,2410,178,992,983,622,393,205,116,51,217,33,19,57,425,218,207,5081,790,2273,49409,330021,301840,197846,106683,53174,26585,13607,73134,7550,4581,11796,140136,69789,70347,1488908,172546
Valencia/València,Chiva,46111,2594,254,2084,2024,1503,951,527,298,228,493,124,69,175,886,450,436,12449,2833,2273,49409,330021,301840,197846,106683,53174,26585,13607,73134,7550,4581,11796,140136,69789,70347,1488908,172546
Valencia/València,Cofrentes,46097,2309,35,110,80,68,38,17,15,10,25,6,6,35,84,42,42,692,163,2273,49409,330021,301840,197846,106683,53174,26585,13607,73134,7550,4581,11796,140136,69789,70347,1488908,172546
Valencia/València,Corbera,46098,2563,75,382,351,296,161,114,56,26,87,16,8,24,189,101,88,2198,413,2273,49409,330021,301840,197846,106683,53174,26585,13607,73134,7550,4581,11796,140136,69789,70347,1488908,172546
Valencia/València,Cullera,46105,1200,2594,5244,3128,2076,1117,534,274,133,2468,79,45,143,7351,3954,3397,29168,3982,2273,49409,330021,301840,197846,106683,53174,26585,13607,73134,7550,4581,11796,140136,69789,70347,1488908,172546
Valencia/València,Càrcer,46084,2974,28,148,165,157,93,70,37,18,36,15,4,7,69,30,39,1011,164,2273,49409,330021,301840,197846,106683,53174,26585,13607,73134,7550,4581,11796,140136,69789,70347,1488908,172546
Valencia/València,Daimús,46113,925,710,953,470,327,193,102,60,33,554,20,9,39,1938,1112,826,5984,576,2273,49409,330021,301840,197846,106683,53174,26585,13607,73134,7550,4581,11796,140136,69789,70347,1488908,172546
Valencia/València,Eliana (l') *,46116,3164,127,1337,1550,1374,941,669,435,245,298,153,109,216,464,226,238,8316,398,2273,49409,330021,301840,197846,106683,53174,26585,13607,73134,7550,4581,11796,140136,69789,70347,1488908,172546
Valencia/València,Enguera,46118,2253,160,639,578,353,233,129,72,38,141,20,6,35,371,210,161,3694,919,2273,49409,330021,301840,197846,106683,53174,26585,13607,73134,7550,4581,11796,140136,69789,70347,1488908,172546
Valencia/València,Estivella,46120,2353,37,204,198,147,81,46,28,12,47,7,7,9,132,69,63,1302,347,2273,49409,330021,301840,197846,106683,53174,26585,13607,73134,7550,4581,11796,140136,69789,70347,1488908,172546
Valencia/València,Faura,46122,2683,64,346,419,312,200,103,43,23,64,12,6,13,127,64,63,2015,283,2273,49409,330021,301840,197846,106683,53174,26585,13607,73134,7550,4581,11796,140136,69789,70347,1488908,172546
Valencia/València,Favara,46123,2857,58,214,245,226,147,75,47,23,44,10,5,20,123,62,61,1547,310,2273,49409,330021,301840,197846,106683,53174,26585,13607,73134,7550,4581,11796,140136,69789,70347,1488908,172546
Valencia/València,Foios,46126,2431,88,790,853,536,303,117,50,31,140,21,8,26,245,134,111,3579,371,2273,49409,330021,301840,197846,106683,53174,26585,13607,73134,7550,4581,11796,140136,69789,70347,1488908,172546
Valencia/València,Font d'En Carròs (la),46127,2467,71,481,400,334,210,107,54,24,105,13,3,19,201,93,108,2532,510,2273,49409,330021,301840,197846,106683,53174,26585,13607,73134,7550,4581,11796,140136,69789,70347,1488908,172546
Valencia/València,Font de la Figuera (la) *,46128,2020,128,284,222,159,104,51,29,15,68,8,3,9,236,131,105,1634,318,2273,49409,330021,301840,197846,106683,53174,26585,13607,73134,7550,4581,11796,140136,69789,70347,1488908,172546
Valencia/València,Fortaleny,46125,2990,11,70,105,101,73,36,18,5,20,3,0,6,48,21,27,573,77,2273,49409,330021,301840,197846,106683,53174,26585,13607,73134,7550,4581,11796,140136,69789,70347,1488908,172546
Valencia/València,Gandia,46131,1950,3704,9803,8138,5560,3108,1619,780,390,2956,188,106,318,8306,4656,3650,54541,9565,2273,49409,330021,301840,197846,106683,53174,26585,13607,73134,7550,4581,11796,140136,69789,70347,1488908,172546
Valencia/València,Gavarda,46130,2796,7,102,107,95,58,31,21,11,17,8,2,5,42,21,21,609,103,2273,49409,330021,301840,197846,106683,53174,26585,13607,73134,7550,4581,11796,140136,69789,70347,1488908,172546
Valencia/València,"Genovés, el",46132,3011,32,232,260,235,175,118,68,33,53,11,7,17,116,57,59,1680,323,2273,49409,330021,301840,197846,106683,53174,26585,13607,73134,7550,4581,11796,140136,69789,70347,1488908,172546
Valencia/València,Gilet,46134,2561,65,428,386,318,186,130,74,47,102,14,10,19,209,100,109,2524,536,2273,49409,330021,301840,197846,106683,53174,26585,13607,73134,7550,4581,11796,140136,69789,70347,1488908,172546
Valencia/València,Godella,46135,2663,112,1165,1194,848,500,279,140,91,213,66,47,125,340,164,176,5563,443,2273,49409,330021,301840,197846,106683,53174,26585,13607,73134,7550,4581,11796,140136,69789,70347,1488908,172546
Valencia/València,Godelleta,46136,2367,77,626,511,367,266,152,72,49,187,37,17,48,314,156,158,3230,507,2273,49409,330021,301840,197846,106683,53174,26585,13607,73134,7550,4581,11796,140136,69789,70347,1488908,172546
Valencia/València,Guadassuar,46139,3420,86,376,447,463,366,301,193,121,100,53,27,50,260,140,120,3313,470,2273,49409,330021,301840,197846,106683,53174,26585,13607,73134,7550,4581,11796,140136,69789,70347,1488908,172546
Valencia/València,Llanera de Ranes,46154,2617,11,116,94,81,60,29,22,5,20,8,5,6,42,22,20,607,108,2273,49409,330021,301840,197846,106683,53174,26585,13607,73134,7550,4581,11796,140136,69789,70347,1488908,172546
Valencia/València,Llaurí,46155,2279,28,172,166,94,77,26,22,7,48,5,3,10,93,46,47,1025,274,2273,49409,330021,301840,197846,106683,53174,26585,13607,73134,7550,4581,11796,140136,69789,70347,1488908,172546
Valencia/València,Llombai,46156,2551,59,318,292,210,143,105,53,35,73,10,8,27,156,76,80,1797,308,2273,49409,330021,301840,197846,106683,53174,26585,13607,73134,7550,4581,11796,140136,69789,70347,1488908,172546
Valencia/València,Llosa de Ranes (la),46157,2883,44,302,366,320,205,132,66,37,59,15,8,22,158,85,73,2014,280,2273,49409,330021,301840,197846,106683,53174,26585,13607,73134,7550,4581,11796,140136,69789,70347,1488908,172546
Valencia/València,Llutxent,46150,2573,46,212,219,171,113,65,18,13,50,6,7,18,113,55,58,1245,194,2273,49409,330021,301840,197846,106683,53174,26585,13607,73134,7550,4581,11796,140136,69789,70347,1488908,172546
Valencia/València,Llíria,46147,2353,413,3326,2941,2082,1227,641,344,180,798,90,59,134,1332,658,674,15724,2157,2273,49409,330021,301840,197846,106683,53174,26585,13607,73134,7550,4581,11796,140136,69789,70347,1488908,172546
Valencia/València,Loriguilla,46148,2696,23,188,227,187,90,58,21,14,36,6,5,11,73,44,29,1017,78,2273,49409,330021,301840,197846,106683,53174,26585,13607,73134,7550,4581,11796,140136,69789,70347,1488908,172546
Valencia/València,Macastre,46158,1922,65,253,192,104,69,41,16,15,72,9,2,12,163,85,78,1336,323,2273,49409,330021,301840,197846,106683,53174,26585,13607,73134,7550,4581,11796,140136,69789,70347,1488908,172546
Valencia/València,Manises,46159,2357,271,3448,3429,2194,1131,450,202,98,613,47,37,91,993,474,519,14239,1235,2273,49409,330021,301840,197846,106683,53174,26585,13607,73134,7550,4581,11796,140136,69789,70347,1488908,172546
Valencia/València,Manuel,46160,2726,39,229,262,211,148,80,40,21,42,8,3,9,123,69,54,1449,234,2273,49409,330021,301840,197846,106683,53174,26585,13607,73134,7550,4581,11796,140136,69789,70347,1488908,172546
Valencia/València,Marines,46161,2209,45,254,216,154,84,60,26,9,73,10,8,15,168,97,71,1328,206,2273,49409,330021,301840,197846,106683,53174,26585,13607,73134,7550,4581,11796,140136,69789,70347,1488908,172546
Valencia/València,Massalavés,46162,2755,21,145,158,147,98,53,33,9,31,7,4,11,88,49,39,959,154,2273,49409,330021,301840,197846,106683,53174,26585,13607,73134,7550,4581,11796,140136,69789,70347,1488908,172546
Valencia/València,Massalfassar,46163,2669,25,287,281,238,135,67,32,21,57,8,2,9,78,41,37,1422,182,2273,49409,330021,301840,197846,106683,53174,26585,13607,73134,7550,4581,11796,140136,69789,70347,1488908,172546
Valencia/València,Massamagrell,46164,2514,161,1598,1781,1246,679,312,149,66,296,44,19,41,514,258,256,7632,726,2273,49409,330021,301840,197846,106683,53174,26585,13607,73134,7550,4581,11796,140136,69789,70347,1488908,172546
Valencia/València,Massanassa,46165,2602,94,924,1049,743,447,194,112,51,165,22,12,41,288,153,135,4504,362,2273,49409,330021,301840,197846,106683,53174,26585,13607,73134,7550,4581,11796,140136,69789,70347,1488908,172546
Valencia/València,Meliana *,46166,2676,92,1080,1194,905,523,256,129,60,197,44,20,42,275,126,149,5142,325,2273,49409,330021,301840,197846,106683,53174,26585,13607,73134,7550,4581,11796,140136,69789,70347,1488908,172546
Valencia/València,Miramar,46168,927,648,656,380,232,152,72,29,14,333,13,10,17,1417,852,565,4676,703,2273,49409,330021,301840,197846,106683,53174,26585,13607,73134,7550,4581,11796,140136,69789,70347,1488908,172546
Valencia/València,Mislata,46169,2212,448,5605,5302,2929,1229,471,182,76,903,53,22,77,1282,579,703,20270,1691,2273,49409,330021,301840,197846,106683,53174,26585,13607,73134,7550,4581,11796,140136,69789,70347,1488908,172546
Valencia/València,Mogente/Moixent,46170,2181,173,535,502,342,190,97,42,18,167,19,10,28,334,161,173,3092,635,2273,49409,330021,301840,197846,106683,53174,26585,13607,73134,7550,4581,11796,140136,69789,70347,1488908,172546
Valencia/València,Moncada,46171,2463,200,2430,2325,1770,810,379,219,86,434,52,30,90,624,274,350,10371,922,2273,49409,330021,301840,197846,106683,53174,26585,13607,73134,7550,4581,11796,140136,69789,70347,1488908,172546
Valencia/València,Montaverner,46173,2738,24,158,160,152,77,48,39,13,33,8,4,14,93,56,37,925,102,2273,49409,330021,301840,197846,106683,53174,26585,13607,73134,7550,4581,11796,140136,69789,70347,1488908,172546
Valencia/València,Montesa,46174,2496,21,113,122,107,57,25,13,5,30,2,3,8,64,31,33,784,214,2273,49409,330021,301840,197846,106683,53174,26585,13607,73134,7550,4581,11796,140136,69789,70347,1488908,172546
Valencia/València,Montroi/Montroy,46176,2265,77,525,407,306,198,100,52,29,135,17,12,19,243,117,126,2771,651,2273,49409,330021,301840,197846,106683,53174,26585,13607,73134,7550,4581,11796,140136,69789,70347,1488908,172546
Valencia/València,Montserrat,46172,2447,153,1308,1173,882,525,300,187,116,338,55,30,80,570,289,281,6674,957,2273,49409,330021,301840,197846,106683,53174,26585,13607,73134,7550,4581,11796,140136,69789,70347,1488908,172546
Valencia/València,Museros,46177,3369,45,465,560,460,328,221,177,135,93,92,66,172,165,82,83,3293,314,2273,49409,330021,301840,197846,106683,53174,26585,13607,73134,7550,4581,11796,140136,69789,70347,1488908,172546
Valencia/València,Navarrés,46179,2236,89,352,319,207,124,68,36,19,106,9,6,15,203,95,108,1989,436,2273,49409,330021,301840,197846,106683,53174,26585,13607,73134,7550,4581,11796,140136,69789,70347,1488908,172546
Valencia/València,Nàquera/Náquera,46178,2234,171,1432,1179,819,461,289,145,91,380,64,27,78,721,331,390,6726,869,2273,49409,330021,301840,197846,106683,53174,26585,13607,73134,7550,4581,11796,140136,69789,70347,1488908,172546
Valencia/València,Oliva,46181,2121,977,4055,3390,2350,1396,786,400,215,1203,123,83,192,2773,1421,1352,21085,3142,2273,49409,330021,301840,197846,106683,53174,26585,13607,73134,7550,4581,11796,140136,69789,70347,1488908,172546
Valencia/València,Olleria (l'),46183,2612,147,836,935,710,424,232,124,55,206,43,34,49,369,185,184,5050,886,2273,49409,330021,301840,197846,106683,53174,26585,13607,73134,7550,4581,11796,140136,69789,70347,1488908,172546
Valencia/València,Olocau,46182,2114,82,458,321,270,149,81,58,28,119,23,7,21,281,126,155,2572,674,2273,49409,330021,301840,197846,106683,53174,26585,13607,73134,7550,4581,11796,140136,69789,70347,1488908,172546
Valencia/València,Ontinyent,46184,2460,388,3987,3907,2756,1550,752,434,220,803,121,71,194,1440,677,763,19230,2607,2273,49409,330021,301840,197846,106683,53174,26585,13607,73134,7550,4581,11796,140136,69789,70347,1488908,172546
Valencia/València,Paiporta,46186,2462,189,2742,3110,2053,1000,422,159,87,431,47,26,49,698,349,349,11653,640,2273,49409,330021,301840,197846,106683,53174,26585,13607,73134,7550,4581,11796,140136,69789,70347,1488908,172546
Valencia/València,Palma de Gandía,46187,2489,36,233,211,158,117,73,42,16,50,9,5,16,117,63,54,1448,365,2273,49409,330021,301840,197846,106683,53174,26585,13607,73134,7550,4581,11796,140136,69789,70347,1488908,172546
Valencia/València,Palmera,46188,3158,10,83,58,80,71,31,25,7,11,4,6,6,38,16,22,483,53,2273,49409,330021,301840,197846,106683,53174,26585,13607,73134,7550,4581,11796,140136,69789,70347,1488908,172546
Valencia/València,Paterna,46190,2540,702,7198,7821,5290,2976,1434,708,383,1242,248,133,342,2057,980,1077,33020,2486,2273,49409,330021,301840,197846,106683,53174,26585,13607,73134,7550,4581,11796,140136,69789,70347,1488908,172546
Valencia/València,Pedralba,46191,2092,105,512,371,246,171,71,57,39,161,12,10,26,246,119,127,2689,662,2273,49409,330021,301840,197846,106683,53174,26585,13607,73134,7550,4581,11796,140136,69789,70347,1488908,172546
Valencia/València,Petrés,46192,2167,30,157,118,82,54,28,23,8,43,1,2,5,76,40,36,739,112,2273,49409,330021,301840,197846,106683,53174,26585,13607,73134,7550,4581,11796,140136,69789,70347,1488908,172546
Valencia/València,Picanya,46193,2589,74,1020,1183,907,445,219,120,55,194,22,13,39,276,128,148,4836,269,2273,49409,330021,301840,197846,106683,53174,26585,13607,73134,7550,4581,11796,140136,69789,70347,1488908,172546
Valencia/València,Picassent,46194,2495,303,2491,2478,1791,955,481,272,137,461,83,53,135,890,420,470,11556,1026,2273,49409,330021,301840,197846,106683,53174,26585,13607,73134,7550,4581,11796,140136,69789,70347,1488908,172546
Valencia/València,Piles,46195,1204,321,586,354,244,186,84,68,27,287,17,8,14,930,525,405,3755,629,2273,49409,330021,301840,197846,106683,53174,26585,13607,73134,7550,4581,11796,140136,69789,70347,1488908,172546
Valencia/València,Pobla Llarga (la),46203,2951,57,357,458,428,262,170,70,38,100,19,9,36,169,91,78,2510,337,2273,49409,330021,301840,197846,106683,53174,26585,13607,73134,7550,4581,11796,140136,69789,70347,1488908,172546
Valencia/València,Pobla de Farnals (la),46199,1561,424,1892,1196,765,395,187,82,48,698,30,15,34,1614,815,799,7958,578,2273,49409,330021,301840,197846,106683,53174,26585,13607,73134,7550,4581,11796,140136,69789,70347,1488908,172546
Valencia/València,Pobla de Vallbona (la),46202,2693,241,2576,2690,2085,1270,734,359,185,492,101,65,117,799,385,414,12434,720,2273,49409,330021,301840,197846,106683,53174,26585,13607,73134,7550,4581,11796,140136,69789,70347,1488908,172546
Valencia/València,Pobla del Duc (la),46200,2706,32,227,244,203,104,61,28,24,38,11,2,13,91,45,46,1403,325,2273,49409,330021,301840,197846,106683,53174,26585,13607,73134,7550,4581,11796,140136,69789,70347,1488908,172546
Valencia/València,Polinyà de Xúquer,46197,2889,38,227,263,206,153,93,52,27,49,17,9,18,110,65,45,1451,189,2273,49409,330021,301840,197846,106683,53174,26585,13607,73134,7550,4581,11796,140136,69789,70347,1488908,172546
Valencia/València,Potries,46198,2545,16,130,122,95,65,43,12,4,31,5,2,5,59,32,27,700,111,2273,49409,330021,301840,197846,106683,53174,26585,13607,73134,7550,4581,11796,140136,69789,70347,1488908,172546
Valencia/València,"Puig de Santa Maria, el",46204,1778,263,1536,1060,712,365,220,110,69,564,35,22,44,1085,502,583,6909,824,2273,49409,330021,301840,197846,106683,53174,26585,13607,73134,7550,4581,11796,140136,69789,70347,1488908,172546
Valencia/València,Puçol,46205,2454,259,2298,2177,1568,951,472,267,144,559,84,52,141,938,440,498,10948,1038,2273,49409,330021,301840,197846,106683,53174,26585,13607,73134,7550,4581,11796,140136,69789,70347,1488908,172546
Valencia/València,Quart de Poblet,46102,2193,291,3322,2926,1695,731,312,135,61,579,22,14,57,799,359,440,12037,1093,2273,49409,330021,301840,197846,106683,53174,26585,13607,73134,7550,4581,11796,140136,69789,70347,1488908,172546
Valencia/València,Quart de les Valls,46101,2633,26,115,101,99,52,34,8,9,31,4,5,5,53,32,21,629,87,2273,49409,330021,301840,197846,106683,53174,26585,13607,73134,7550,4581,11796,140136,69789,70347,1488908,172546
Valencia/València,Quartell *,46103,2703,31,138,163,141,71,38,17,11,32,10,4,10,65,31,34,822,91,2273,49409,330021,301840,197846,106683,53174,26585,13607,73134,7550,4581,11796,140136,69789,70347,1488908,172546
Valencia/València,Quatretonda,46104,2597,61,198,226,178,123,69,43,22,52,9,5,11,121,63,58,1479,361,2273,49409,330021,301840,197846,106683,53174,26585,13607,73134,7550,4581,11796,140136,69789,70347,1488908,172546
Valencia/València,Rafelbunyol *,46207,2736,70,858,1011,790,482,225,111,59,148,31,16,40,277,130,147,4364,246,2273,49409,330021,301840,197846,106683,53174,26585,13607,73134,7550,4581,11796,140136,69789,70347,1488908,172546
Valencia/València,Rafelcofer,46208,2496,26,149,129,124,69,39,18,5,31,4,1,8,79,47,32,860,178,2273,49409,330021,301840,197846,106683,53174,26585,13607,73134,7550,4581,11796,140136,69789,70347,1488908,172546
Valencia/València,Rafelguaraf,46209,2880,26,234,263,226,169,92,45,18,61,11,9,20,112,56,56,1554,268,2273,49409,330021,301840,197846,106683,53174,26585,13607,73134,7550,4581,11796,140136,69789,70347,1488908,172546
Valencia/València,Real,46212,2622,44,274,225,197,144,75,52,28,78,9,9,21,129,62,67,1498,213,2273,49409,330021,301840,197846,106683,53174,26585,13607,73134,7550,4581,11796,140136,69789,70347,1488908,172546
Valencia/València,"Real de Gandia, el",46211,2858,37,209,263,208,145,80,50,26,49,15,8,21,101,47,54,1337,125,2273,49409,330021,301840,197846,106683,53174,26585,13607,73134,7550,4581,11796,140136,69789,70347,1488908,172546
Valencia/València,Requena,46213,1857,835,3491,2463,1191,600,311,195,107,878,96,81,290,1852,966,886,14555,2165,2273,49409,330021,301840,197846,106683,53174,26585,13607,73134,7550,4581,11796,140136,69789,70347,1488908,172546
Valencia/València,Resto de Valencia/València,46999,1724,2909,6139,4088,2832,1687,1000,511,263,2135,174,127,352,5652,3064,2588,36790,8921,2273,49409,330021,301840,197846,106683,53174,26585,13607,73134,7550,4581,11796,140136,69789,70347,1488908,172546
Valencia/València,Riba-roja de Túria,46214,2732,220,2076,2351,1853,1177,620,335,185,451,86,60,145,762,382,380,10974,653,2273,49409,330021,301840,197846,106683,53174,26585,13607,73134,7550,4581,11796,140136,69789,70347,1488908,172546
Valencia/València,Riola,46215,2941,24,133,182,159,104,58,38,20,31,7,11,13,83,43,40,1036,173,2273,49409,330021,301840,197846,106683,53174,26585,13607,73134,7550,4581,11796,140136,69789,70347,1488908,172546
Valencia/València,Rocafort,46216,2823,47,626,651,473,304,178,107,57,102,36,38,96,139,71,68,3062,208,2273,49409,330021,301840,197846,106683,53174,26585,13607,73134,7550,4581,11796,140136,69789,70347,1488908,172546
Valencia/València,Rotglà i Corberà,46217,2831,15,95,117,86,74,41,17,8,26,6,6,7,45,20,25,715,172,2273,49409,330021,301840,197846,106683,53174,26585,13607,73134,7550,4581,11796,140136,69789,70347,1488908,172546
Valencia/València,Rótova,46218,2454,33,151,150,106,65,32,12,6,31,5,7,8,73,38,35,793,114,2273,49409,330021,301840,197846,106683,53174,26585,13607,73134,7550,4581,11796,140136,69789,70347,1488908,172546
Valencia/València,Sagunto/Sagunt,46220,2179,1809,9041,8044,5345,2747,1342,617,297,2179,139,98,248,4485,2310,2175,41287,4896,2273,49409,330021,301840,197846,106683,53174,26585,13607,73134,7550,4581,11796,140136,69789,70347,1488908,172546
Valencia/València,San Antonio de Benagéber,46903,3143,66,579,845,737,531,291,176,110,134,50,33,60,179,83,96,3961,170,2273,49409,330021,301840,197846,106683,53174,26585,13607,73134,7550,4581,11796,140136,69789,70347,1488908,172546
Valencia/València,Sedaví,46223,2438,105,1130,1108,779,358,189,72,44,176,13,9,28,306,148,158,4640,323,2273,49409,330021,301840,197846,106683,53174,26585,13607,73134,7550,4581,11796,140136,69789,70347,1488908,172546
Valencia/València,Senyera *,46227,3377,11,60,88,98,77,34,31,14,20,11,4,6,31,13,18,531,46,2273,49409,330021,301840,197846,106683,53174,26585,13607,73134,7550,4581,11796,140136,69789,70347,1488908,172546
Valencia/València,Serra,46228,2171,120,550,457,291,209,115,74,28,180,27,30,31,340,172,168,2880,428,2273,49409,330021,301840,197846,106683,53174,26585,13607,73134,7550,4581,11796,140136,69789,70347,1488908,172546
Valencia/València,Siete Aguas,46229,1223,162,385,200,118,54,22,14,8,153,9,8,15,455,252,203,2036,433,2273,49409,330021,301840,197846,106683,53174,26585,13607,73134,7550,4581,11796,140136,69789,70347,1488908,172546
Valencia/València,Silla *,46230,2485,228,1951,2169,1476,803,335,151,67,344,28,20,57,591,295,296,8876,656,2273,49409,330021,301840,197846,106683,53174,26585,13607,73134,7550,4581,11796,140136,69789,70347,1488908,172546
Valencia/València,Simat de la Valldigna,46231,2219,110,470,387,246,164,112,64,35,121,18,8,15,261,127,134,2457,446,2273,49409,330021,301840,197846,106683,53174,26585,13607,73134,7550,4581,11796,140136,69789,70347,1488908,172546
Valencia/València,Sinarcas,46232,1438,86,187,137,54,24,9,4,4,58,3,1,11,186,104,82,908,144,2273,49409,330021,301840,197846,106683,53174,26585,13607,73134,7550,4581,11796,140136,69789,70347,1488908,172546
Valencia/València,Sollana,46233,2774,59,479,483,469,249,164,92,40,117,25,14,29,203,99,104,2756,333,2273,49409,330021,301840,197846,106683,53174,26585,13607,73134,7550,4581,11796,140136,69789,70347,1488908,172546
Valencia/València,Sueca,46235,1866,1464,4342,3380,2659,1671,915,493,207,1777,114,54,150,4571,2434,2137,25186,3389,2273,49409,330021,301840,197846,106683,53174,26585,13607,73134,7550,4581,11796,140136,69789,70347,1488908,172546
Valencia/València,Sumacàrcer,46236,2452,14,131,92,88,53,41,28,8,36,3,2,3,84,47,37,769,186,2273,49409,330021,301840,197846,106683,53174,26585,13607,73134,7550,4581,11796,140136,69789,70347,1488908,172546
Valencia/València,Tavernes Blanques,46237,2281,93,1078,984,669,306,130,55,26,177,12,8,23,281,130,151,4221,379,2273,49409,330021,301840,197846,106683,53174,26585,13607,73134,7550,4581,11796,140136,69789,70347,1488908,172546
Valencia/València,Tavernes de la Valldigna,46238,1639,1014,3033,2209,1510,812,367,154,81,1168,51,26,78,3100,1551,1549,15480,1877,2273,49409,330021,301840,197846,106683,53174,26585,13607,73134,7550,4581,11796,140136,69789,70347,1488908,172546
Valencia/València,Torrent,46244,2548,735,8499,9229,6362,3510,1865,934,465,1615,246,156,426,2553,1250,1303,40564,3969,2273,49409,330021,301840,197846,106683,53174,26585,13607,73134,7550,4581,11796,140136,69789,70347,1488908,172546
Valencia/València,Tous,46246,3111,15,72,122,105,75,43,27,13,18,9,3,7,49,23,26,928,370,2273,49409,330021,301840,197846,106683,53174,26585,13607,73134,7550,4581,11796,140136,69789,70347,1488908,172546
Valencia/València,Turís,46248,2141,210,1249,963,648,401,207,129,59,338,33,21,39,603,295,308,5743,843,2273,49409,330021,301840,197846,106683,53174,26585,13607,73134,7550,4581,11796,140136,69789,70347,1488908,172546
Valencia/València,Tuéjar,46247,1386,137,222,133,74,50,26,16,13,95,8,5,5,251,144,107,1357,322,2273,49409,330021,301840,197846,106683,53174,26585,13607,73134,7550,4581,11796,140136,69789,70347,1488908,172546
Valencia/València,Utiel,46249,1851,479,1870,1366,668,291,157,78,57,456,46,27,90,945,503,442,8043,1513,2273,49409,330021,301840,197846,106683,53174,26585,13607,73134,7550,4581,11796,140136,69789,70347,1488908,172546
Valencia/València,Vallada,46251,2502,77,315,311,258,161,96,40,24,78,9,5,21,181,97,84,2092,516,2273,49409,330021,301840,197846,106683,53174,26585,13607,73134,7550,4581,11796,140136,69789,70347,1488908,172546
Valencia/València,València,46250,2157,9623,115170,99151,55304,25233,10979,5130,2515,21010,1353,807,2224,30168,13380,16788,414988,36321,2273,49409,330021,301840,197846,106683,53174,26585,13607,73134,7550,4581,11796,140136,69789,70347,1488908,172546
Valencia/València,Venta del Moro,46254,1227,185,289,165,83,36,19,14,5,107,7,1,11,339,197,142,1629,368,2273,49409,330021,301840,197846,106683,53174,26585,13607,73134,7550,4581,11796,140136,69789,70347,1488908,172546
Valencia/València,Vilallonga/Villalonga,46255,2385,89,516,482,364,198,98,62,18,122,20,11,33,266,138,128,3076,797,2273,49409,330021,301840,197846,106683,53174,26585,13607,73134,7550,4581,11796,140136,69789,70347,1488908,172546
Valencia/València,Vilamarxant,46256,2477,199,1365,1277,978,562,349,184,93,331,42,36,49,602,292,310,7251,1184,2273,49409,330021,301840,197846,106683,53174,26585,13607,73134,7550,4581,11796,140136,69789,70347,1488908,172546
Valencia/València,Villanueva de Castellón,46257,3001,90,536,668,590,446,251,115,66,122,36,23,43,240,127,113,3638,412,2273,49409,330021,301840,197846,106683,53174,26585,13607,73134,7550,4581,11796,140136,69789,70347,1488908,172546
Valencia/València,Villar del Arzobispo,46258,1953,158,539,415,237,137,74,53,16,144,14,11,23,344,179,165,2830,665,2273,49409,330021,301840,197846,106683,53174,26585,13607,73134,7550,4581,11796,140136,69789,70347,1488908,172546
Valencia/València,Vinalesa *,46260,2663,22,340,421,325,155,77,41,21,55,6,5,10,102,59,43,1693,113,2273,49409,330021,301840,197846,106683,53174,26585,13607,73134,7550,4581,11796,140136,69789,70347,1488908,172546
Valencia/València,Xeraco,46143,1169,453,1492,746,506,266,123,67,27,707,19,15,34,1848,905,943,6786,483,2273,49409,330021,301840,197846,106683,53174,26585,13607,73134,7550,4581,11796,140136,69789,70347,1488908,172546
Valencia/València,Xeresa,46146,2608,26,224,230,181,110,67,27,21,45,10,9,17,104,51,53,1266,195,2273,49409,330021,301840,197846,106683,53174,26585,13607,73134,7550,4581,11796,140136,69789,70347,1488908,172546
Valencia/València,Xirivella,46110,2300,318,3502,3478,2115,1001,410,166,75,615,32,11,48,904,427,477,13504,829,2273,49409,330021,301840,197846,106683,53174,26585,13607,73134,7550,4581,11796,140136,69789,70347,1488908,172546
Valencia/València,Xàtiva,46145,2578,445,3415,3535,2636,1599,843,381,200,624,105,75,186,1312,639,673,16908,1552,2273,49409,330021,301840,197846,106683,53174,26585,13607,73134,7550,4581,11796,140136,69789,70347,1488908,172546
Valencia/València,Yátova,46261,1976,109,324,276,186,94,36,25,15,120,6,5,9,229,118,111,2028,594,2273,49409,330021,301840,197846,106683,53174,26585,13607,73134,7550,4581,11796,140136,69789,70347,1488908,172546
Valladolid,Alaejos *,47004,1660,156,222,150,90,44,10,5,9,66,6,3,20,178,105,73,1207,248,1731,13640,96470,60803,23621,8620,3647,1968,1265,21353,860,660,2352,35024,16981,18043,296910,26627
Valladolid,Aldeamayor de San Martín *,47007,2283,86,717,868,434,186,79,51,10,141,12,4,29,282,126,156,3047,148,1731,13640,96470,60803,23621,8620,3647,1968,1265,21353,860,660,2352,35024,16981,18043,296910,26627
Valladolid,Arroyo de la Encomienda *,47010,1814,316,3418,2277,915,344,122,57,42,645,19,17,54,1000,494,506,9580,354,1731,13640,96470,60803,23621,8620,3647,1968,1265,21353,860,660,2352,35024,16981,18043,296910,26627
Valladolid,Boecillo *,47023,2361,49,448,485,324,163,88,28,20,117,7,11,30,183,85,98,2070,117,1731,13640,96470,60803,23621,8620,3647,1968,1265,21353,860,660,2352,35024,16981,18043,296910,26627
Valladolid,Cabezón de Pisuerga,47027,1901,102,575,484,222,78,20,7,4,127,5,4,11,231,103,128,2057,187,1731,13640,96470,60803,23621,8620,3647,1968,1265,21353,860,660,2352,35024,16981,18043,296910,26627
Valladolid,Campaspero *,47030,1465,102,176,118,49,14,13,8,0,73,3,1,9,139,78,61,833,128,1731,13640,96470,60803,23621,8620,3647,1968,1265,21353,860,660,2352,35024,16981,18043,296910,26627
Valladolid,Cigales *,47050,2036,126,718,621,307,112,58,28,14,137,7,10,8,259,138,121,2688,283,1731,13640,96470,60803,23621,8620,3647,1968,1265,21353,860,660,2352,35024,16981,18043,296910,26627
Valladolid,Cistérniga *,47052,1954,123,1364,1173,457,107,39,25,8,255,8,5,24,359,160,199,4097,150,1731,13640,96470,60803,23621,8620,3647,1968,1265,21353,860,660,2352,35024,16981,18043,296910,26627
Valladolid,Fuensaldaña *,47066,1955,66,326,274,142,37,15,3,5,63,1,4,9,116,53,63,1157,96,1731,13640,96470,60803,23621,8620,3647,1968,1265,21353,860,660,2352,35024,16981,18043,296910,26627
Valladolid,Laguna de Duero *,47076,2068,246,3270,2891,1234,420,147,79,39,497,29,28,91,703,334,369,10071,397,1731,13640,96470,60803,23621,8620,3647,1968,1265,21353,860,660,2352,35024,16981,18043,296910,26627
Valladolid,Matapozuelos *,47082,1698,59,163,119,60,29,17,6,3,56,3,1,8,120,64,56,721,77,1731,13640,96470,60803,23621,8620,3647,1968,1265,21353,860,660,2352,35024,16981,18043,296910,26627
Valladolid,Mayorga,47084,1598,111,235,176,68,26,12,3,0,71,7,2,9,201,107,94,1149,228,1731,13640,96470,60803,23621,8620,3647,1968,1265,21353,860,660,2352,35024,16981,18043,296910,26627
Valladolid,Medina de Rioseco *,47086,1776,185,767,571,227,60,39,17,18,184,11,7,27,371,206,165,2782,298,1731,13640,96470,60803,23621,8620,3647,1968,1265,21353,860,660,2352,35024,16981,18043,296910,26627
Valladolid,Medina del Campo,47085,1873,478,3438,2612,979,318,143,85,51,658,36,27,116,1171,560,611,11153,1041,1731,13640,96470,60803,23621,8620,3647,1968,1265,21353,860,660,2352,35024,16981,18043,296910,26627
Valladolid,Mojados,47090,2180,69,450,421,256,122,38,24,21,112,7,3,23,211,99,112,1960,203,1731,13640,96470,60803,23621,8620,3647,1968,1265,21353,860,660,2352,35024,16981,18043,296910,26627
Valladolid,Nava del Rey *,47101,1885,132,282,245,145,54,22,12,7,87,7,10,23,229,136,93,1527,272,1731,13640,96470,60803,23621,8620,3647,1968,1265,21353,860,660,2352,35024,16981,18043,296910,26627
Valladolid,Olmedo *,47104,1738,151,613,437,209,74,30,16,9,172,0,2,22,313,175,138,2266,218,1731,13640,96470,60803,23621,8620,3647,1968,1265,21353,860,660,2352,35024,16981,18043,296910,26627
Valladolid,Pedraja de Portillo (La) *,47111,2002,48,195,164,99,50,18,13,7,58,3,4,6,113,57,56,884,106,1731,13640,96470,60803,23621,8620,3647,1968,1265,21353,860,660,2352,35024,16981,18043,296910,26627
Valladolid,Pedrajas de San Esteban *,47112,2235,86,386,397,237,110,49,25,6,77,9,8,33,212,115,97,1798,163,1731,13640,96470,60803,23621,8620,3647,1968,1265,21353,860,660,2352,35024,16981,18043,296910,26627
Valladolid,Peñafiel *,47114,1711,324,787,575,240,112,43,32,20,228,7,15,38,522,307,215,3471,528,1731,13640,96470,60803,23621,8620,3647,1968,1265,21353,860,660,2352,35024,16981,18043,296910,26627
Valladolid,Portillo *,47122,1838,96,393,299,141,45,23,13,6,96,10,3,19,209,116,93,1549,196,1731,13640,96470,60803,23621,8620,3647,1968,1265,21353,860,660,2352,35024,16981,18043,296910,26627
Valladolid,Quintanilla de Onésimo,47129,1786,66,172,120,61,23,6,5,3,40,2,6,7,116,58,58,748,121,1731,13640,96470,60803,23621,8620,3647,1968,1265,21353,860,660,2352,35024,16981,18043,296910,26627
Valladolid,Renedo de Esgueva *,47133,2487,44,366,436,312,128,44,21,14,62,8,4,12,134,75,59,1681,96,1731,13640,96470,60803,23621,8620,3647,1968,1265,21353,860,660,2352,35024,16981,18043,296910,26627
Valladolid,Resto de Valladolid,47999,1531,3590,6643,4527,2419,1027,461,233,162,2223,120,115,412,6331,3586,2745,36472,8209,1731,13640,96470,60803,23621,8620,3647,1968,1265,21353,860,660,2352,35024,16981,18043,296910,26627
Valladolid,Rueda,47139,1871,66,186,157,66,33,16,13,4,44,3,2,14,128,58,70,884,152,1731,13640,96470,60803,23621,8620,3647,1968,1265,21353,860,660,2352,35024,16981,18043,296910,26627
Valladolid,Santovenia de Pisuerga *,47155,1872,97,705,541,181,81,21,10,8,150,5,4,11,242,110,132,2183,127,1731,13640,96470,60803,23621,8620,3647,1968,1265,21353,860,660,2352,35024,16981,18043,296910,26627
Valladolid,Seca (La) *,47158,1793,77,156,129,67,26,7,8,6,45,2,3,5,105,58,47,719,83,1731,13640,96470,60803,23621,8620,3647,1968,1265,21353,860,660,2352,35024,16981,18043,296910,26627
Valladolid,Serrada *,47159,2332,33,116,122,88,29,14,11,5,31,3,2,12,55,31,24,595,74,1731,13640,96470,60803,23621,8620,3647,1968,1265,21353,860,660,2352,35024,16981,18043,296910,26627
Valladolid,Simancas,47161,2539,70,556,615,433,255,116,64,32,116,30,11,35,248,120,128,2749,168,1731,13640,96470,60803,23621,8620,3647,1968,1265,21353,860,660,2352,35024,16981,18043,296910,26627
Valladolid,Tordesillas,47165,1871,242,1644,1236,487,169,93,38,36,333,19,14,78,640,344,296,5613,584,1731,13640,96470,60803,23621,8620,3647,1968,1265,21353,860,660,2352,35024,16981,18043,296910,26627
Valladolid,Traspinedo,47173,1556,103,356,219,89,42,24,9,14,99,5,3,7,256,145,111,1444,218,1731,13640,96470,60803,23621,8620,3647,1968,1265,21353,860,660,2352,35024,16981,18043,296910,26627
Valladolid,Tudela de Duero,47175,1902,208,1491,1197,547,206,91,40,25,343,9,13,38,623,317,306,5344,513,1731,13640,96470,60803,23621,8620,3647,1968,1265,21353,860,660,2352,35024,16981,18043,296910,26627
Valladolid,Valdestillas *,47182,2137,43,207,226,121,51,17,11,6,53,6,3,12,104,54,50,937,77,1731,13640,96470,60803,23621,8620,3647,1968,1265,21353,860,660,2352,35024,16981,18043,296910,26627
Valladolid,Valladolid *,47186,1646,5317,61743,33417,10524,3475,1508,860,582,13154,412,275,985,17523,7705,9818,159363,9588,1731,13640,96470,60803,23621,8620,3647,1968,1265,21353,860,660,2352,35024,16981,18043,296910,26627
Valladolid,Viana de Cega,47193,1901,64,382,267,174,88,29,13,12,103,5,9,24,206,106,100,1556,180,1731,13640,96470,60803,23621,8620,3647,1968,1265,21353,860,660,2352,35024,16981,18043,296910,26627
Valladolid,Villabrágima,47197,1705,49,162,109,49,24,9,5,5,43,3,1,15,107,50,57,701,120,1731,13640,96470,60803,23621,8620,3647,1968,1265,21353,860,660,2352,35024,16981,18043,296910,26627
Valladolid,Villalón de Campos *,47214,1645,111,245,162,76,30,15,11,7,76,5,3,11,160,97,63,1123,211,1731,13640,96470,60803,23621,8620,3647,1968,1265,21353,860,660,2352,35024,16981,18043,296910,26627
Valladolid,Villanubla *,47217,1873,77,414,311,173,59,18,8,5,91,7,3,8,191,89,102,1494,129,1731,13640,96470,60803,23621,8620,3647,1968,1265,21353,860,660,2352,35024,16981,18043,296910,26627
Valladolid,Villanueva de Duero *,47218,1753,49,257,171,123,51,20,14,6,90,1,2,6,144,80,64,1023,89,1731,13640,96470,60803,23621,8620,3647,1968,1265,21353,860,660,2352,35024,16981,18043,296910,26627
Valladolid,Zaratán *,47231,1919,85,938,744,342,119,32,16,7,176,3,6,7,303,130,173,2891,113,1731,13640,96470,60803,23621,8620,3647,1968,1265,21353,860,660,2352,35024,16981,18043,296910,26627
Valladolid,Íscar,47075,2245,138,788,740,454,199,81,41,27,161,15,12,44,286,150,136,3323,337,1731,13640,96470,60803,23621,8620,3647,1968,1265,21353,860,660,2352,35024,16981,18043,296910,26627
Zamora,Alcañices *,49003,1518,109,197,109,55,21,13,4,3,66,4,4,13,155,88,67,950,197,1652,12282,31426,20424,9249,4119,2140,1397,957,8789,751,576,1839,21257,11827,9430,155610,40404
Zamora,Benavente,49021,1708,696,3374,2014,825,301,167,116,104,778,69,56,134,1513,777,736,11804,1657,1652,12282,31426,20424,9249,4119,2140,1397,957,8789,751,576,1839,21257,11827,9430,155610,40404
Zamora,Bermillo de Sayago,49023,1481,100,192,110,65,36,19,14,10,61,5,1,18,189,105,84,1163,343,1652,12282,31426,20424,9249,4119,2140,1397,957,8789,751,576,1839,21257,11827,9430,155610,40404
Zamora,Coreses *,49053,1935,88,99,109,46,15,10,7,3,36,4,3,2,75,42,33,742,245,1652,12282,31426,20424,9249,4119,2140,1397,957,8789,751,576,1839,21257,11827,9430,155610,40404
Zamora,Fermoselle,49065,1492,222,178,130,84,44,24,13,12,79,5,17,15,227,137,90,2194,1144,1652,12282,31426,20424,9249,4119,2140,1397,957,8789,751,576,1839,21257,11827,9430,155610,40404
Zamora,Fuentesaúco *,49081,1753,158,203,182,102,56,24,12,6,73,9,11,15,214,137,77,1344,279,1652,12282,31426,20424,9249,4119,2140,1397,957,8789,751,576,1839,21257,11827,9430,155610,40404
Zamora,Moraleja del Vino,49125,2113,50,228,252,131,50,15,8,7,53,4,4,17,128,67,61,1110,163,1652,12282,31426,20424,9249,4119,2140,1397,957,8789,751,576,1839,21257,11827,9430,155610,40404
Zamora,Morales del Vino *,49127,2084,80,421,367,218,111,49,24,16,122,12,7,21,219,115,104,1833,166,1652,12282,31426,20424,9249,4119,2140,1397,957,8789,751,576,1839,21257,11827,9430,155610,40404
Zamora,Puebla de Sanabria,49166,2144,59,198,165,123,60,42,16,17,70,18,14,49,181,91,90,1405,393,1652,12282,31426,20424,9249,4119,2140,1397,957,8789,751,576,1839,21257,11827,9430,155610,40404
Zamora,Resto de Zamora,49999,1536,7903,11587,7978,4178,2004,982,664,408,3930,327,249,979,12047,7137,4910,82975,29739,1652,12282,31426,20424,9249,4119,2140,1397,957,8789,751,576,1839,21257,11827,9430,155610,40404
Zamora,San Cristóbal de Entreviñas *,49187,2258,56,174,151,119,68,26,12,6,50,9,3,12,110,66,44,928,132,1652,12282,31426,20424,9249,4119,2140,1397,957,8789,751,576,1839,21257,11827,9430,155610,40404
Zamora,Santa Cristina de la Polvorosa,49200,2043,48,154,122,73,38,16,16,8,38,7,4,12,91,51,40,731,104,1652,12282,31426,20424,9249,4119,2140,1397,957,8789,751,576,1839,21257,11827,9430,155610,40404
Zamora,Toro,49219,1743,489,1560,1100,424,146,88,53,43,343,38,22,60,782,414,368,6312,1164,1652,12282,31426,20424,9249,4119,2140,1397,957,8789,751,576,1839,21257,11827,9430,155610,40404
Zamora,Villalpando *,49250,1812,132,205,164,75,42,25,12,6,68,9,9,25,171,94,77,1155,212,1652,12282,31426,20424,9249,4119,2140,1397,957,8789,751,576,1839,21257,11827,9430,155610,40404
Zamora,Villaralbo,49261,2056,80,293,269,132,42,30,25,5,72,4,3,10,128,69,59,1254,161,1652,12282,31426,20424,9249,4119,2140,1397,957,8789,751,576,1839,21257,11827,9430,155610,40404
Zamora,Zamora *,49275,1674,2012,12363,7202,2599,1085,610,401,303,2950,227,169,457,5027,2437,2590,39710,4305,1652,12282,31426,20424,9249,4119,2140,1397,957,8789,751,576,1839,21257,11827,9430,155610,40404
Zaragoza,Ainzón,50006,2275,62,111,112,81,54,29,19,6,44,5,8,12,114,71,43,855,198,2026,16333,151171,118160,58022,25666,11978,6418,4009,29425,2595,1827,5408,45760,21879,23881,543799,67027
Zaragoza,Alagón,50008,2660,72,693,734,517,292,201,92,62,150,39,31,91,228,115,113,3568,366,2026,16333,151171,118160,58022,25666,11978,6418,4009,29425,2595,1827,5408,45760,21879,23881,543799,67027
Zaragoza,Alfajarín,50017,2743,28,188,272,210,118,61,28,17,45,14,3,16,89,49,40,1350,261,2026,16333,151171,118160,58022,25666,11978,6418,4009,29425,2595,1827,5408,45760,21879,23881,543799,67027
Zaragoza,Alfamén *,50018,2555,27,129,141,88,68,33,16,12,36,14,8,25,70,40,30,722,55,2026,16333,151171,118160,58022,25666,11978,6418,4009,29425,2595,1827,5408,45760,21879,23881,543799,67027
Zaragoza,Almunia de Doña Godina (La) *,50025,2507,94,730,752,501,273,141,82,59,153,47,32,72,234,109,125,3453,283,2026,16333,151171,118160,58022,25666,11978,6418,4009,29425,2595,1827,5408,45760,21879,23881,543799,67027
Zaragoza,Ariza,50034,1903,76,133,125,55,33,20,10,6,45,10,4,21,134,76,58,1027,355,2026,16333,151171,118160,58022,25666,11978,6418,4009,29425,2595,1827,5408,45760,21879,23881,543799,67027
Zaragoza,Ateca,50038,1987,75,270,200,112,56,20,20,21,60,10,11,35,164,84,80,1523,469,2026,16333,151171,118160,58022,25666,11978,6418,4009,29425,2595,1827,5408,45760,21879,23881,543799,67027
Zaragoza,Belchite,50045,1768,68,256,173,97,61,28,13,7,80,3,3,14,166,89,77,1096,127,2026,16333,151171,118160,58022,25666,11978,6418,4009,29425,2595,1827,5408,45760,21879,23881,543799,67027
Zaragoza,Borja,50055,2080,209,659,547,385,209,80,56,30,188,16,18,55,430,228,202,3930,1048,2026,16333,151171,118160,58022,25666,11978,6418,4009,29425,2595,1827,5408,45760,21879,23881,543799,67027
Zaragoza,Brea de Aragón,50057,2605,39,155,173,127,57,30,18,22,34,19,15,27,104,60,44,1013,193,2026,16333,151171,118160,58022,25666,11978,6418,4009,29425,2595,1827,5408,45760,21879,23881,543799,67027
Zaragoza,Burgo de Ebro (El),50062,2330,40,360,315,177,110,72,30,18,82,18,10,17,133,71,62,1673,291,2026,16333,151171,118160,58022,25666,11978,6418,4009,29425,2595,1827,5408,45760,21879,23881,543799,67027
Zaragoza,Cadrete,50066,2201,66,631,455,305,170,90,76,32,139,26,15,49,251,117,134,2650,345,2026,16333,151171,118160,58022,25666,11978,6418,4009,29425,2595,1827,5408,45760,21879,23881,543799,67027
Zaragoza,Calatayud,50067,1934,453,3159,2367,1090,437,222,148,89,725,85,73,219,1230,602,628,12400,2103,2026,16333,151171,118160,58022,25666,11978,6418,4009,29425,2595,1827,5408,45760,21879,23881,543799,67027
Zaragoza,Calatorao,50068,2772,58,254,248,243,135,59,33,29,78,21,25,54,141,67,74,1891,513,2026,16333,151171,118160,58022,25666,11978,6418,4009,29425,2595,1827,5408,45760,21879,23881,543799,67027
Zaragoza,Cariñena,50073,2173,60,435,343,236,109,70,46,16,97,16,11,38,203,109,94,2069,389,2026,16333,151171,118160,58022,25666,11978,6418,4009,29425,2595,1827,5408,45760,21879,23881,543799,67027
Zaragoza,Caspe,50074,2331,178,1080,962,675,384,191,104,64,269,40,28,71,493,252,241,5571,1032,2026,16333,151171,118160,58022,25666,11978,6418,4009,29425,2595,1827,5408,45760,21879,23881,543799,67027
Zaragoza,Cuarte de Huerva,50089,2289,77,1568,1458,794,361,178,108,50,270,45,35,119,327,142,185,5640,250,2026,16333,151171,118160,58022,25666,11978,6418,4009,29425,2595,1827,5408,45760,21879,23881,543799,67027
Zaragoza,Daroca,50094,1666,133,304,211,122,57,35,19,18,107,12,8,31,265,147,118,1812,490,2026,16333,151171,118160,58022,25666,11978,6418,4009,29425,2595,1827,5408,45760,21879,23881,543799,67027
Zaragoza,Ejea de los Caballeros,50095,2287,241,1995,1830,1108,537,275,166,130,430,88,80,197,799,394,405,9393,1517,2026,16333,151171,118160,58022,25666,11978,6418,4009,29425,2595,1827,5408,45760,21879,23881,543799,67027
Zaragoza,Escatrón,50101,2307,57,132,93,60,58,27,18,25,57,10,7,55,106,67,39,1107,402,2026,16333,151171,118160,58022,25666,11978,6418,4009,29425,2595,1827,5408,45760,21879,23881,543799,67027
Zaragoza,Fabara,50102,2479,34,102,98,82,59,12,15,6,29,5,2,8,52,27,25,744,240,2026,16333,151171,118160,58022,25666,11978,6418,4009,29425,2595,1827,5408,45760,21879,23881,543799,67027
Zaragoza,Figueruelas,50107,2759,8,113,113,110,66,33,10,9,17,5,0,10,39,21,18,607,74,2026,16333,151171,118160,58022,25666,11978,6418,4009,29425,2595,1827,5408,45760,21879,23881,543799,67027
Zaragoza,Fuentes de Ebro,50115,2716,56,417,443,368,226,98,55,53,89,21,15,46,174,84,90,2445,384,2026,16333,151171,118160,58022,25666,11978,6418,4009,29425,2595,1827,5408,45760,21879,23881,543799,67027
Zaragoza,Gallur,50118,2398,59,297,305,227,117,54,25,14,66,10,8,26,162,82,80,1917,547,2026,16333,151171,118160,58022,25666,11978,6418,4009,29425,2595,1827,5408,45760,21879,23881,543799,67027
Zaragoza,Gelsa,50119,2419,33,111,94,68,53,31,9,14,42,11,8,24,80,44,36,729,151,2026,16333,151171,118160,58022,25666,11978,6418,4009,29425,2595,1827,5408,45760,21879,23881,543799,67027
Zaragoza,Illueca,50126,2272,64,319,351,186,79,44,36,25,78,22,11,39,154,79,75,1678,270,2026,16333,151171,118160,58022,25666,11978,6418,4009,29425,2595,1827,5408,45760,21879,23881,543799,67027
Zaragoza,Joyosa (La),50132,3171,8,55,93,84,48,24,15,19,7,13,2,8,22,8,14,500,102,2026,16333,151171,118160,58022,25666,11978,6418,4009,29425,2595,1827,5408,45760,21879,23881,543799,67027
Zaragoza,Leciñena,50137,2419,25,119,110,80,46,19,15,10,33,8,6,16,81,43,38,759,191,2026,16333,151171,118160,58022,25666,11978,6418,4009,29425,2595,1827,5408,45760,21879,23881,543799,67027
Zaragoza,Maella,50152,2368,64,195,186,126,80,55,24,22,59,9,13,18,135,78,57,1361,375,2026,16333,151171,118160,58022,25666,11978,6418,4009,29425,2595,1827,5408,45760,21879,23881,543799,67027
Zaragoza,Magallón,50153,2029,40,139,132,83,38,15,10,8,42,0,3,11,105,54,51,797,171,2026,16333,151171,118160,58022,25666,11978,6418,4009,29425,2595,1827,5408,45760,21879,23881,543799,67027
Zaragoza,Mallén,50160,2388,53,357,317,241,120,58,35,26,71,13,9,27,157,81,76,1691,207,2026,16333,151171,118160,58022,25666,11978,6418,4009,29425,2595,1827,5408,45760,21879,23881,543799,67027
Zaragoza,María de Huerva,50163,2662,34,491,637,485,200,95,48,28,71,19,8,25,147,60,87,2664,376,2026,16333,151171,118160,58022,25666,11978,6418,4009,29425,2595,1827,5408,45760,21879,23881,543799,67027
Zaragoza,Mequinenza,50165,3146,30,173,205,172,119,65,55,35,49,30,28,79,110,53,57,1432,282,2026,16333,151171,118160,58022,25666,11978,6418,4009,29425,2595,1827,5408,45760,21879,23881,543799,67027
Zaragoza,Morata de Jalón,50175,1883,61,165,113,102,48,25,6,10,49,3,6,10,141,79,62,1276,537,2026,16333,151171,118160,58022,25666,11978,6418,4009,29425,2595,1827,5408,45760,21879,23881,543799,67027
Zaragoza,Muel,50181,2194,47,201,159,107,71,24,20,12,56,9,5,24,131,68,63,1066,200,2026,16333,151171,118160,58022,25666,11978,6418,4009,29425,2595,1827,5408,45760,21879,23881,543799,67027
Zaragoza,Muela (La),50182,2120,91,825,701,390,202,90,50,28,192,25,10,32,306,152,154,3782,840,2026,16333,151171,118160,58022,25666,11978,6418,4009,29425,2595,1827,5408,45760,21879,23881,543799,67027
Zaragoza,Pastriz,50203,3005,10,103,112,116,60,33,18,11,27,10,9,20,31,16,15,828,268,2026,16333,151171,118160,58022,25666,11978,6418,4009,29425,2595,1827,5408,45760,21879,23881,543799,67027
Zaragoza,Pedrola,50204,2671,52,309,364,260,138,65,44,36,55,17,12,33,129,64,65,1789,275,2026,16333,151171,118160,58022,25666,11978,6418,4009,29425,2595,1827,5408,45760,21879,23881,543799,67027
Zaragoza,Pina de Ebro,50208,3013,41,195,205,177,133,86,40,24,32,24,20,40,102,61,41,1455,336,2026,16333,151171,118160,58022,25666,11978,6418,4009,29425,2595,1827,5408,45760,21879,23881,543799,67027
Zaragoza,Pinseque,50209,2620,42,425,401,302,189,109,80,35,96,21,17,25,174,96,78,2229,313,2026,16333,151171,118160,58022,25666,11978,6418,4009,29425,2595,1827,5408,45760,21879,23881,543799,67027
Zaragoza,Puebla de Alfindén (La),50219,2403,55,726,733,445,228,102,54,27,138,17,9,50,158,71,87,2934,192,2026,16333,151171,118160,58022,25666,11978,6418,4009,29425,2595,1827,5408,45760,21879,23881,543799,67027
Zaragoza,Quinto,50222,2781,24,181,155,124,100,51,31,19,35,14,14,36,78,37,41,1080,218,2026,16333,151171,118160,58022,25666,11978,6418,4009,29425,2595,1827,5408,45760,21879,23881,543799,67027
Zaragoza,Remolinos,50223,3130,22,74,87,73,71,36,26,14,29,15,12,19,58,26,32,634,98,2026,16333,151171,118160,58022,25666,11978,6418,4009,29425,2595,1827,5408,45760,21879,23881,543799,67027
Zaragoza,Resto de Zaragoza,50999,1550,5532,8988,6051,3958,2235,1078,524,340,3332,229,176,612,9979,5726,4253,70911,27877,2026,16333,151171,118160,58022,25666,11978,6418,4009,29425,2595,1827,5408,45760,21879,23881,543799,67027
Zaragoza,Ricla,50225,2390,49,248,242,178,130,45,38,21,79,13,13,31,138,68,70,1615,390,2026,16333,151171,118160,58022,25666,11978,6418,4009,29425,2595,1827,5408,45760,21879,23881,543799,67027
Zaragoza,San Mateo de Gállego,50235,2603,51,354,368,281,152,95,47,30,86,20,12,33,140,63,77,1893,224,2026,16333,151171,118160,58022,25666,11978,6418,4009,29425,2595,1827,5408,45760,21879,23881,543799,67027
Zaragoza,Sobradiel,50247,2919,11,71,112,92,51,28,14,8,22,5,3,12,27,11,16,516,60,2026,16333,151171,118160,58022,25666,11978,6418,4009,29425,2595,1827,5408,45760,21879,23881,543799,67027
Zaragoza,Sádaba,50230,2041,48,149,125,82,61,36,11,5,56,7,7,17,128,65,63,1147,415,2026,16333,151171,118160,58022,25666,11978,6418,4009,29425,2595,1827,5408,45760,21879,23881,543799,67027
Zaragoza,Sástago,50240,2774,21,77,91,78,58,28,16,18,38,10,9,35,82,46,36,889,328,2026,16333,151171,118160,58022,25666,11978,6418,4009,29425,2595,1827,5408,45760,21879,23881,543799,67027
Zaragoza,Tarazona,50251,2000,287,1655,1388,685,267,98,75,39,325,37,18,53,680,345,335,7081,1474,2026,16333,151171,118160,58022,25666,11978,6418,4009,29425,2595,1827,5408,45760,21879,23881,543799,67027
Zaragoza,Tauste,50252,2618,111,626,711,517,275,165,85,63,135,29,25,53,285,154,131,3969,889,2026,16333,151171,118160,58022,25666,11978,6418,4009,29425,2595,1827,5408,45760,21879,23881,543799,67027
Zaragoza,Torres de Berrellén,50262,2814,29,134,158,135,78,42,19,13,26,6,7,11,61,31,30,888,169,2026,16333,151171,118160,58022,25666,11978,6418,4009,29425,2595,1827,5408,45760,21879,23881,543799,67027
Zaragoza,Utebo,50272,2363,136,2152,2210,1210,560,262,147,98,325,77,37,92,470,198,272,8130,354,2026,16333,151171,118160,58022,25666,11978,6418,4009,29425,2595,1827,5408,45760,21879,23881,543799,67027
Zaragoza,Villamayor de Gállego,50903,2869,39,206,222,220,131,51,32,20,48,9,8,21,88,45,43,1556,461,2026,16333,151171,118160,58022,25666,11978,6418,4009,29425,2595,1827,5408,45760,21879,23881,543799,67027
Zaragoza,Villanueva de Gállego,50288,2480,52,486,462,329,220,92,60,30,104,15,13,31,190,95,95,2331,247,2026,16333,151171,118160,58022,25666,11978,6418,4009,29425,2595,1827,5408,45760,21879,23881,543799,67027
Zaragoza,Zaragoza,50297,1984,6737,115400,87168,37980,14878,6607,3378,2021,20118,1183,786,2342,24571,10510,14061,338961,15792,2026,16333,151171,118160,58022,25666,11978,6418,4009,29425,2595,1827,5408,45760,21879,23881,543799,67027
Zaragoza,Zuera,50298,2566,85,875,887,630,363,186,94,56,174,58,30,77,298,130,168,4264,451,2026,16333,151171,118160,58022,25666,11978,6418,4009,29425,2595,1827,5408,45760,21879,23881,543799,67027
Zaragoza,Épila,50099,2557,79,416,340,256,137,79,55,49,106,38,31,144,216,119,97,2508,562,2026,16333,151171,118160,58022,25666,11978,6418,4009,29425,2595,1827,5408,45760,21879,23881,543799,67027
Ávila,Adrada (La),5002,1216,435,923,454,220,133,70,42,22,377,10,13,37,1040,553,487,4578,802,1452,16270,33814,20571,10134,4606,2269,1359,862,11437,648,416,1575,30781,17285,13496,171947,37205
Ávila,Arenas de San Pedro,5014,1858,500,1129,817,576,309,205,133,64,388,65,47,137,1066,568,498,6682,1246,1452,16270,33814,20571,10134,4606,2269,1359,862,11437,648,416,1575,30781,17285,13496,171947,37205
Ávila,Arévalo,5016,1810,273,1222,956,409,115,68,40,32,314,16,16,65,656,367,289,4994,812,1452,16270,33814,20571,10134,4606,2269,1359,862,11437,648,416,1575,30781,17285,13496,171947,37205
Ávila,Barco de Ávila (El),5021,1598,323,433,320,151,67,28,21,16,135,12,10,36,454,267,187,2506,500,1452,16270,33814,20571,10134,4606,2269,1359,862,11437,648,416,1575,30781,17285,13496,171947,37205
Ávila,Barraco (El),5022,1406,197,432,230,142,78,27,24,8,163,11,2,27,415,235,180,2381,625,1452,16270,33814,20571,10134,4606,2269,1359,862,11437,648,416,1575,30781,17285,13496,171947,37205
Ávila,Burgohondo,5041,1164,204,297,185,102,49,20,15,6,158,6,3,16,407,212,195,1914,446,1452,16270,33814,20571,10134,4606,2269,1359,862,11437,648,416,1575,30781,17285,13496,171947,37205
Ávila,Candeleda *,5047,1749,507,1072,698,451,312,161,100,78,376,51,32,75,962,560,402,5741,866,1452,16270,33814,20571,10134,4606,2269,1359,862,11437,648,416,1575,30781,17285,13496,171947,37205
Ávila,Casavieja,5054,1269,215,396,198,119,58,35,17,17,167,8,6,18,435,232,203,2287,598,1452,16270,33814,20571,10134,4606,2269,1359,862,11437,648,416,1575,30781,17285,13496,171947,37205
Ávila,Cebreros,5057,1865,230,542,392,290,154,69,48,31,235,25,5,64,446,250,196,3156,625,1452,16270,33814,20571,10134,4606,2269,1359,862,11437,648,416,1575,30781,17285,13496,171947,37205
Ávila,Hoyo de Pinares (El),5102,1601,209,348,285,166,85,30,22,15,129,12,4,21,404,245,159,2482,752,1452,16270,33814,20571,10134,4606,2269,1359,862,11437,648,416,1575,30781,17285,13496,171947,37205
Ávila,Madrigal de las Altas Torres,5114,1904,97,181,166,102,38,20,5,6,61,6,4,18,153,86,67,1058,201,1452,16270,33814,20571,10134,4606,2269,1359,862,11437,648,416,1575,30781,17285,13496,171947,37205
Ávila,Navaluenga,5163,1101,516,747,367,202,102,65,47,31,337,17,12,42,1045,593,452,4279,749,1452,16270,33814,20571,10134,4606,2269,1359,862,11437,648,416,1575,30781,17285,13496,171947,37205
Ávila,Navas del Marqués (Las),5168,1397,526,941,619,303,135,64,28,26,301,20,7,36,1028,617,411,5071,1037,1452,16270,33814,20571,10134,4606,2269,1359,862,11437,648,416,1575,30781,17285,13496,171947,37205
Ávila,Piedrahíta,5186,1513,236,386,215,140,59,28,25,15,140,12,7,47,376,220,156,2097,411,1452,16270,33814,20571,10134,4606,2269,1359,862,11437,648,416,1575,30781,17285,13496,171947,37205
Ávila,Piedralaves,5187,1473,251,539,362,203,86,54,32,23,190,7,10,26,539,296,243,2808,486,1452,16270,33814,20571,10134,4606,2269,1359,862,11437,648,416,1575,30781,17285,13496,171947,37205
Ávila,Resto de Ávila,5999,1123,9190,11068,5910,3166,1570,729,454,280,4710,220,138,562,15435,9051,6384,75306,21874,1452,16270,33814,20571,10134,4606,2269,1359,862,11437,648,416,1575,30781,17285,13496,171947,37205
Ávila,Sotillo de la Adrada,5240,1703,357,915,608,336,198,110,64,40,332,28,19,63,723,392,331,4655,862,1452,16270,33814,20571,10134,4606,2269,1359,862,11437,648,416,1575,30781,17285,13496,171947,37205
Ávila,Tiemblo (El),5241,1746,390,968,669,387,203,104,57,48,290,38,20,59,764,420,344,5109,1112,1452,16270,33814,20571,10134,4606,2269,1359,862,11437,648,416,1575,30781,17285,13496,171947,37205
Ávila,Ávila,5019,1689,1614,11275,7120,2669,855,382,185,104,2634,84,61,226,4433,2121,2312,34843,3201,1452,16270,33814,20571,10134,4606,2269,1359,862,11437,648,416,1575,30781,17285,13496,171947,37205
