PROV_CODE,PROV_NAME,date,mean,min,max,stdDev
25776,Almería,2018-01,1.6204042411834376,0.25,147.6175079345703,6.687151860640906
25777,Cádiz,2018-01,2.760483572819832,0.2874999940395355,225.72499084472656,12.058753149851649
25778,Córdoba,2018-01,1.146194265509373,0.2325000017881393,151.73500061035156,5.359669189737394
25779,Granada,2018-01,1.2412073422443377,0.1500000059604644,118.6125030517578,4.920982161193428
25780,Huelva,2018-01,1.141758288188372,0.2425000071525573,183.07249450683597,5.893869785217892
25781,Jaén,2018-01,1.0680280805888722,0.2425000071525573,124.59500122070312,4.147771500370455
25782,Málaga,2018-01,3.2519163186220066,0.2874999940395355,183.04249572753903,11.861830311500512
25783,Sevilla,2018-01,2.234673506543416,0.2549999952316284,135.114990234375,8.693229413251494
25784,Huesca,2018-01,0.7108334913353993,0.2349999994039535,195.94749450683597,3.133365489650416
25785,Teruel,2018-01,0.6095635513405439,0.2349999994039535,121.06999969482422,2.0149642107737606
25786,Zaragoza,2018-01,1.3331417840283784,0.2450000047683715,185.0574951171875,6.404904070905355
25789,Las Palmas,2018-01,3.214213003398206,0.1949999928474426,104.04000091552734,8.089752331713944
25790,Santa Cruz de Tenerife,2018-01,2.6669660788124534,-0.0575000010430812,96.22750091552734,6.928609142406908
25791,Cantabria,2018-01,1.6865849742454175,0.2824999988079071,96.85749816894533,4.338930196183844
25801,Albacete,2018-01,0.6954870023280497,0.2450000047683715,107.79499816894533,2.5565786893737847
25802,Ciudad Real,2018-01,0.8067644474018326,0.2199999988079071,287.2675170898437,4.250307230186137
25803,Cuenca,2018-01,0.6376206148952949,0.2450000047683715,94.30999755859376,2.0748478363881544
25804,Guadalajara,2018-01,0.7660532825878531,0.1850000023841858,70.90750122070312,2.566139185681886
25805,Toledo,2018-01,1.2078709155200416,0.2325000017881393,94.8550033569336,3.5787841926637927
25792,Ávila,2018-01,0.7522110426264519,0.2750000059604645,51.095001220703125,1.8843030364952635
25793,Burgos,2018-01,0.7762287732471184,0.2274999916553497,98.19249725341795,2.704940907107296
25794,León,2018-01,0.9420958639387012,0.2574999928474426,92.18499755859376,2.9569163236471394
25795,Palencia,2018-01,0.6895400368689022,0.2475000023841858,62.93499755859375,2.0677497820289275
25796,Salamanca,2018-01,0.7277132225363898,0.207500010728836,100.87750244140624,2.950492351820183
25797,Segovia,2018-01,0.9775456962931524,0.262499988079071,99.96749877929688,2.8729992647747937
25798,Soria,2018-01,0.7845002311186601,0.2224999964237213,1463.387451171875,13.20845864103805
25799,Valladolid,2018-01,1.3514771402630483,0.2874999940395355,88.84500122070312,4.805556865855212
25800,Zamora,2018-01,0.5945738770505764,0.2524999976158142,100.48999786376952,2.332808894398106
25806,Barcelona,2018-01,7.327763944427172,0.2549999952316284,204.5500030517578,17.957653379068113
25807,Girona,2018-01,2.4716959524829547,0.25,111.29750061035156,7.124120271301741
25808,Lleida,2018-01,0.9887936445807244,0.2025000005960464,73.61750030517578,3.050534308488495
25809,Tarragona,2018-01,2.899354706744376,0.2775000035762787,186.989990234375,9.679486472200615
25810,Ceuta,2018-01,23.660332728713254,0.8324999809265137,114.0425033569336,29.70457566893253
25821,Melilla,2018-01,57.14159534862957,0.5274999737739563,222.12249755859372,55.64947859980207
25820,Madrid,2018-01,8.8681295585637,0.3224999904632568,251.3249969482422,18.835260932902223
25823,Navarra,2018-01,1.2860952500038711,0.2849999964237213,91.1875,3.598516393805077
25811,Alicante/Alacant,2018-01,6.472633254343417,0.3525000214576721,156.85000610351562,15.528247034808452
25812,Castellón/Castelló,2018-01,2.310275636721028,0.2725000083446502,243.4200134277344,9.7805644980977
25813,Valencia/València,2018-01,3.692464656685319,0.2349999994039535,228.95249938964844,11.992672810188555
25814,Badajoz,2018-01,0.7645563585591681,0.2150000035762787,86.9375,2.841882625159796
25815,Cáceres,2018-01,0.5761670710036817,0.2349999994039535,110.97000122070312,1.7722269193691422
25816,A Coruña,2018-01,1.5657553557674635,0.2975000143051147,59.98500061035156,3.4169707410335945
25817,Lugo,2018-01,0.7421655170599396,0.2450000047683715,63.29249954223633,1.8443887033919708
25818,Ourense,2018-01,0.8249043719432664,0.2574999928474426,42.11249923706055,1.5682405395438908
25819,Pontevedra,2018-01,2.255091231046477,0.3550000190734863,133.94500732421875,4.547260770800649
25788,Illes Balears,2018-01,2.972995808258153,0.2475000023841858,250.8000030517578,9.35613914903386
25827,La Rioja,2018-01,1.6802276303971162,0.2549999952316284,175.99249267578125,6.6766403191251165
25824,Araba/Álava,2018-01,2.2268436590233884,0.3224999904632568,129.67999267578125,8.102124655080107
25826,Bizkaia,2018-01,4.556481092585078,0.3949999809265136,109.96749877929688,10.592823993381662
25825,Gipuzkoa,2018-01,2.7640831844528453,0.3725000023841858,88.69000244140625,5.870670892307758
25787,Asturias,2018-01,1.6270484658621354,0.2449999898672104,273.36749267578125,5.838173829627372
25822,Murcia,2018-01,3.043228152092336,0.25,228.4949951171875,9.304830283162136
25776,Almería,2018-02,1.6044829774598326,0.1500000059604644,139.89500427246094,6.908089033861207
25777,Cádiz,2018-02,2.94742857307642,0.2125000059604644,234.5,13.019144453289224
25778,Córdoba,2018-02,1.1885261240516454,0.1475000083446502,160.72250366210938,5.832232141912909
25779,Granada,2018-02,1.2976336167495188,0.1199999973177909,131.1475067138672,5.542428182451329
25780,Huelva,2018-02,1.1798400344462383,0.1475000083446502,234.54998779296875,6.674016709922844
25781,Jaén,2018-02,1.1243872822490135,0.1299999952316284,173.81500244140625,4.937460592583621
25782,Málaga,2018-02,3.3277322572241395,0.2199999988079071,179.6925048828125,12.019192871135637
25783,Sevilla,2018-02,2.4295971371625464,0.1800000071525573,169.6875,9.928176507158014
25784,Huesca,2018-02,0.6267551163637672,0.1149999946355819,203.44500732421875,3.3488183605383406
25785,Teruel,2018-02,0.5096845005199283,0.1375000029802322,79.03250122070312,1.764162395192799
25786,Zaragoza,2018-02,1.2818513753096483,0.1149999946355819,184.5874938964844,6.655005893548663
25789,Las Palmas,2018-02,3.7889443131274367,0.1700000017881393,120.72250366210938,10.232761116605111
25790,Santa Cruz de Tenerife,2018-02,2.794414957927491,-0.0700000002980232,90.95999908447266,7.478494733063449
25791,Cantabria,2018-02,1.8047924234750048,0.2000000029802322,137.08749389648438,5.270350471966645
25801,Albacete,2018-02,0.599662630411044,0.0999999940395355,101.12750244140624,2.631802737172007
25802,Ciudad Real,2018-02,0.8051941330858755,0.1099999994039535,363.6625061035156,4.708404888463295
25803,Cuenca,2018-02,0.5359509122685433,0.0949999988079071,106.25250244140624,2.1739171245783364
25804,Guadalajara,2018-02,0.6772886413256707,0.1099999994039535,59.61750030517578,2.570645385367532
25805,Toledo,2018-02,1.2308681347258057,0.1349999904632568,90.70249938964844,3.884436259590186
25792,Ávila,2018-02,0.6266343945991002,0.1574999988079071,43.790000915527344,1.6023440492081769
25793,Burgos,2018-02,0.6699387199169748,0.1424999982118606,85.86499786376953,2.491957733672585
25794,León,2018-02,0.8816481796120493,0.1149999946355819,93.04499816894533,3.114655649971988
25795,Palencia,2018-02,0.6685917899396048,0.1124999970197677,81.80250549316406,2.68431502931705
25796,Salamanca,2018-02,0.6958215936289353,0.1199999973177909,145.3699951171875,3.716833538461364
25797,Segovia,2018-02,0.8946684636604243,0.1825000047683715,90.46499633789062,2.7069805547842334
25798,Soria,2018-02,0.6303413818708288,0.1324999928474426,563.3524780273438,6.763155681630791
25799,Valladolid,2018-02,1.3701130188638602,0.1525000035762787,92.77999877929688,5.21575010445203
25800,Zamora,2018-02,0.5178119968349444,0.0949999988079071,103.47999572753906,2.5977292573117983
25806,Barcelona,2018-02,7.440164797809542,0.2199999988079071,206.7375030517578,18.40736308528933
25807,Girona,2018-02,2.5806153903972344,0.25,110.08999633789062,7.024232818528246
25808,Lleida,2018-02,0.9917550967770984,0.1400000005960464,69.5250015258789,3.082131425226716
25809,Tarragona,2018-02,4.009862787723067,0.1800000071525573,4151.99755859375,58.35799380273887
25810,Ceuta,2018-02,24.579611626652213,0.7024999856948853,125.36000061035156,31.028554022852703
25821,Melilla,2018-02,71.74353189781922,0.4549999833106994,265.88751220703125,69.53122429594896
25820,Madrid,2018-02,9.470325487218284,0.1924999952316284,279.2675170898437,20.315728829238765
25823,Navarra,2018-02,1.2506006449294724,0.1099999994039535,78.73750305175781,3.801279552318672
25811,Alicante/Alacant,2018-02,6.44197252737278,0.2074999958276748,165.21749877929688,15.238202219783131
25812,Castellón/Castelló,2018-02,2.2678318078611595,0.1500000059604644,192.41000366210935,9.709251570981111
25813,Valencia/València,2018-02,3.692915258046612,0.1075000017881393,284.5400085449219,12.605987048011754
25814,Badajoz,2018-02,0.7459260808696652,0.1274999976158142,102.98999786376952,3.14844409486593
25815,Cáceres,2018-02,0.5202948162398425,0.1149999946355819,105.08000183105467,1.872021614590452
25816,A Coruña,2018-02,1.8431549057299024,0.2125000059604644,95.27000427246094,5.139031960632479
25817,Lugo,2018-02,0.6985163052807586,0.1850000023841858,82.29249572753906,2.359107839155416
25818,Ourense,2018-02,0.8220349666964797,0.1749999970197677,76.96499633789062,2.395340623894552
25819,Pontevedra,2018-02,2.712546950208155,0.2150000035762787,102.68500518798828,6.202511814628924
25788,Illes Balears,2018-02,2.8639641586385944,0.1700000017881393,263.7974853515625,9.090020761347684
25827,La Rioja,2018-02,1.4257164746632494,0.1400000005960464,145.875,5.415838702590801
25824,Araba/Álava,2018-02,2.055712211186906,0.1875,116.77999877929688,7.8333259298452464
25826,Bizkaia,2018-02,5.373129650342288,0.2649999856948852,134.09249877929688,13.381836255362057
25825,Gipuzkoa,2018-02,3.717316970712075,0.2524999976158142,152.34750366210938,10.075841423365643
25787,Asturias,2018-02,1.462774351771249,0.2000000029802322,140.1199951171875,4.982431775997651
25822,Murcia,2018-02,3.1057670740052243,0.1899999976158142,231.052490234375,9.448352956744255
25776,Almería,2018-03,1.5870760304288096,0.1850000023841858,148.07749938964844,7.007104524990575
25777,Cádiz,2018-03,2.55668484276858,0.2224999964237213,251.0574951171875,11.156601527323012
25778,Córdoba,2018-03,0.9806553914180948,0.1724999994039535,117.45999908447266,4.157606747289756
25779,Granada,2018-03,1.0533278565863244,0.1850000023841858,87.59500122070312,3.733859227943384
25780,Huelva,2018-03,0.998143124575642,0.1675000041723251,154.69749450683594,5.304696871674829
25781,Jaén,2018-03,0.9829921294109596,0.2025000005960464,120.54750061035156,3.688968058344351
25782,Málaga,2018-03,3.121606174527424,0.2049999982118606,160.8874969482422,11.38932958415856
25783,Sevilla,2018-03,2.0251542511767378,0.1875,130.7675018310547,7.848895909940831
25784,Huesca,2018-03,0.6820885896718376,0.1724999994039535,181.7949981689453,3.1915669619530225
25785,Teruel,2018-03,0.5823341284579248,0.1800000071525573,124.42250061035156,2.1615412638427047
25786,Zaragoza,2018-03,1.3729139195412223,0.1825000047683715,181.40499877929688,6.707541793787972
25789,Las Palmas,2018-03,3.941163301120711,0.2049999982118606,137.5,10.60000696708109
25790,Santa Cruz de Tenerife,2018-03,3.0367185090604094,0.0,95.48500061035156,8.423522603619615
25791,Cantabria,2018-03,1.9490038485786056,0.1850000023841858,96.24500274658205,5.4189690598178855
25801,Albacete,2018-03,0.6624621748193784,0.1924999952316284,104.60000610351562,2.699691930604134
25802,Ciudad Real,2018-03,0.7929255743034476,0.1775000095367431,203.65750122070312,3.642924329714274
25803,Cuenca,2018-03,0.6094555312057596,0.1700000017881393,88.49250030517578,1.9953716801748247
25804,Guadalajara,2018-03,0.7151863792774379,0.1574999988079071,67.39250183105469,2.287144729936596
25805,Toledo,2018-03,1.216302469382751,0.1599999964237213,88.20999908447266,3.482342440004518
25792,Ávila,2018-03,0.6064609236662559,0.1749999970197677,49.15999984741211,1.5371976800099796
25793,Burgos,2018-03,0.753561367369276,0.0599999986588954,91.28250122070312,2.697090676793852
25794,León,2018-03,0.8471123761062687,0.1075000017881393,74.01750183105469,2.468075857711311
25795,Palencia,2018-03,0.6852428963838462,0.0900000035762786,97.4625015258789,2.7914096086706643
25796,Salamanca,2018-03,0.6744560101525636,0.1099999994039535,127.35250091552734,3.2291178855020126
25797,Segovia,2018-03,0.8206216906314912,0.2175000011920929,82.38749694824219,2.5230239086361896
25798,Soria,2018-03,0.6003931267659844,0.1825000047683715,301.8724975585937,3.5285032205002707
25799,Valladolid,2018-03,1.3500731889906532,0.1749999970197677,109.56999969482422,5.0363906040711095
25800,Zamora,2018-03,0.5434089793723738,0.1574999988079071,74.58000183105469,2.0232205191522024
25806,Barcelona,2018-03,7.875865708932905,0.2100000083446502,228.25750732421875,19.85816124385961
25807,Girona,2018-03,2.556986363110175,0.2300000041723251,111.99250030517578,7.421892922444084
25808,Lleida,2018-03,0.9849068193426852,0.1974999904632568,79.4000015258789,3.2070331230059543
25809,Tarragona,2018-03,2.8345509018274284,0.2300000041723251,181.28250122070312,9.668446871387657
25810,Ceuta,2018-03,20.15945659290817,0.8875000476837158,91.67250061035156,23.95435542206202
25821,Melilla,2018-03,61.01496541075984,0.2925000190734863,234.1750030517578,58.70253718922078
25820,Madrid,2018-03,9.145578881811817,0.2650000154972076,225.94000244140625,19.05369548764876
25823,Navarra,2018-03,1.45971038267142,0.1650000065565109,98.10749816894533,4.477245641147357
25811,Alicante/Alacant,2018-03,6.639897427937531,0.3425000011920929,168.35250854492188,15.946413294304197
25812,Castellón/Castelló,2018-03,2.3942558661913926,0.2325000017881393,254.052490234375,10.080191552830312
25813,Valencia/València,2018-03,3.9314551444448047,0.2274999916553497,312.82000732421875,13.7196472612683
25814,Badajoz,2018-03,0.681811708897308,0.1424999982118606,100.52249908447266,2.6844447037809003
25815,Cáceres,2018-03,0.4942557349169022,0.1449999958276748,88.83499908447266,1.5465266433447475
25816,A Coruña,2018-03,1.704647273634307,0.2199999988079071,97.48999786376952,4.386028837122331
25817,Lugo,2018-03,0.6713557932467904,0.1649999916553497,73.11499786376953,1.8776792490507876
25818,Ourense,2018-03,0.7433002485923932,0.2000000029802322,60.23749923706055,1.8029125233566208
25819,Pontevedra,2018-03,2.195632477612327,0.2300000041723251,83.13749694824219,4.406563136644881
25788,Illes Balears,2018-03,2.920999452953416,0.2274999916553497,255.25750732421875,9.209619642127588
25827,La Rioja,2018-03,1.6640153843178995,0.2300000041723251,161.75,6.106439516693156
25824,Araba/Álava,2018-03,3.0608700344710846,0.2175000011920929,205.625,12.423347320763092
25826,Bizkaia,2018-03,6.440302282039346,0.2699999809265136,170.78500366210938,16.097649117172082
25825,Gipuzkoa,2018-03,4.432197110537273,0.3375000059604645,173.9375,10.61760690753981
25787,Asturias,2018-03,1.6048146218359158,0.1875,161.3300018310547,5.584684577124775
25822,Murcia,2018-03,3.0704962856456857,0.2224999964237213,293.1224975585937,9.676002013825768
25776,Almería,2018-04,1.570922947794746,0.1400000005960464,139.0,6.7574800852599415
25777,Cádiz,2018-04,2.696759787740409,0.1875,221.9375,11.432261338171216
25778,Córdoba,2018-04,1.029820449803546,0.1199999973177909,123.34000396728516,4.700135578652471
25779,Granada,2018-04,1.1087598623776087,0.0975000038743019,94.66999816894533,4.374870849823485
25780,Huelva,2018-04,1.1278375107936365,0.1049999967217445,196.70249938964844,5.947624732250305
25781,Jaén,2018-04,0.9642167382170592,0.0799999982118606,101.75749969482422,4.02524474600296
25782,Málaga,2018-04,3.006031202598788,0.1800000071525573,168.10000610351562,10.61570517532926
25783,Sevilla,2018-04,2.313190738299901,0.1375000029802322,234.2624969482422,9.126683562110829
25784,Huesca,2018-04,0.5653312969516591,0.0524999983608722,172.63999938964844,3.008464319565089
25785,Teruel,2018-04,0.4857017430406757,0.1174999997019767,135.16000366210938,2.150737578914592
25786,Zaragoza,2018-04,1.227797505932128,0.1075000017881393,164.33499145507812,6.2178995167983855
25789,Las Palmas,2018-04,3.640662970385278,0.1574999988079071,126.33000183105467,9.732306175605022
25790,Santa Cruz de Tenerife,2018-04,2.753365058251965,-0.0124999992549419,84.31999969482422,7.325430323074133
25791,Cantabria,2018-04,2.092172447404547,0.1174999997019767,135.10000610351562,6.712530503515676
25801,Albacete,2018-04,0.5721954456744426,0.0450000017881393,106.8175048828125,2.451576027268633
25802,Ciudad Real,2018-04,0.7229923962207573,0.0749999955296516,367.58251953125,4.702676276797521
25803,Cuenca,2018-04,0.5284354090665389,0.1099999994039535,106.26750183105467,2.079133316564393
25804,Guadalajara,2018-04,0.6671752801890442,0.0900000035762786,61.682498931884766,2.549445797592673
25805,Toledo,2018-04,1.126436158747829,0.1124999970197677,80.05000305175781,3.442940241184175
25792,Ávila,2018-04,0.5248209320308388,0.1199999973177909,40.34000015258789,1.4193292009613765
25793,Burgos,2018-04,0.7093908086714952,0.0750000029802322,117.62249755859376,3.34632041620128
25794,León,2018-04,0.7974067776321658,0.1200000047683715,101.30250549316406,3.245860598895776
25795,Palencia,2018-04,0.6203063320578819,0.1225000023841857,96.15499877929688,2.7137842593003185
25796,Salamanca,2018-04,0.628838551969791,0.1075000017881393,144.0749969482422,3.506372156510394
25797,Segovia,2018-04,0.7816445862416893,0.125,97.0050048828125,2.707864123815668
25798,Soria,2018-04,0.5065384668079438,0.0874999985098838,293.7749938964844,3.569056749360397
25799,Valladolid,2018-04,1.3264569819699763,0.1550000011920929,106.58499908447266,5.180276021842516
25800,Zamora,2018-04,0.4761613579260981,0.1149999946355819,93.95500183105467,2.311352091514016
25806,Barcelona,2018-04,7.472280987248811,0.1449999958276748,231.48001098632807,18.33679064296844
25807,Girona,2018-04,2.40641449256292,0.135000005364418,101.42250061035156,6.9782975669084575
25808,Lleida,2018-04,0.8598534603033511,0.125,65.89749908447266,2.895048963906944
25809,Tarragona,2018-04,2.689890002404147,0.1274999976158142,179.26499938964844,9.12418798765304
25810,Ceuta,2018-04,18.30574394452065,0.9774999618530272,70.50499725341797,20.45626563548827
25821,Melilla,2018-04,65.93802053066142,0.4925000071525574,289.9525146484375,66.17650684034352
25820,Madrid,2018-04,9.219363630260547,0.1700000017881393,197.4149932861328,18.83372015470333
25823,Navarra,2018-04,1.4340386958775158,0.125,98.74250030517578,5.219012631768453
25811,Alicante/Alacant,2018-04,6.254876929177136,0.262499988079071,146.4375,14.05367308143533
25812,Castellón/Castelló,2018-04,2.113332941559325,0.1324999928474426,166.52249145507812,8.486633895007605
25813,Valencia/València,2018-04,3.5289959337224035,0.1225000023841857,209.6625061035156,11.26331280730401
25814,Badajoz,2018-04,0.6706898046967626,0.1049999967217445,93.2375030517578,2.713407315489737
25815,Cáceres,2018-04,0.4400048315522422,0.0775000005960464,94.93000030517578,1.5466532256965608
25816,A Coruña,2018-04,2.0319359321190587,0.1675000041723251,127.19750213623048,6.060599945236633
25817,Lugo,2018-04,0.6952828443368436,0.1149999946355819,112.65750122070312,2.9384575274417
25818,Ourense,2018-04,0.808148822512719,0.1199999973177909,80.64250183105469,2.411594346351002
25819,Pontevedra,2018-04,2.5672348078549976,0.1899999976158142,81.78500366210938,5.337247277669706
25788,Illes Balears,2018-04,2.9684519759544923,0.1274999976158142,281.9024963378906,9.53610084484722
25827,La Rioja,2018-04,1.580452978233208,0.1299999952316284,182.24749755859372,7.0908006640919385
25824,Araba/Álava,2018-04,2.8691782396035754,0.145000010728836,192.84249877929688,12.564439674729952
25826,Bizkaia,2018-04,6.715033684806031,0.1924999952316284,170.83250427246094,17.078128510481573
25825,Gipuzkoa,2018-04,4.624625940406355,0.2150000035762787,161.1300048828125,11.677659443536866
25787,Asturias,2018-04,1.5302641056092772,0.1149999946355819,193.1074981689453,6.138326054825028
25822,Murcia,2018-04,2.960704037453297,0.1124999970197677,210.95249938964844,8.678871873659396
25776,Almería,2018-05,1.6565686662331298,0.0,153.51499938964844,6.656766793491522
25777,Cádiz,2018-05,3.005404639762029,0.1899999976158142,480.9200134277344,13.524569761993789
25778,Córdoba,2018-05,1.1914065515786976,-0.050000000745058,142.16000366210938,5.367357423876591
25779,Granada,2018-05,1.3738345569978565,-0.1599999964237213,120.0850067138672,5.4734839024030295
25780,Huelva,2018-05,1.3661210323106814,-0.1299999952316284,266.75250244140625,7.296012058182441
25781,Jaén,2018-05,1.2032683875459351,-0.0399999991059303,127.00250244140624,4.8848996594884975
25782,Málaga,2018-05,3.2969934736260256,0.1199999973177909,190.3574981689453,11.36437352148847
25783,Sevilla,2018-05,2.587903028312444,0.0400000028312206,203.72000122070312,9.408345330956768
25784,Huesca,2018-05,0.0,0.0,0.0,0.0
25785,Teruel,2018-05,0.0,0.0,0.0,0.0
25786,Zaragoza,2018-05,0.0,0.0,0.0,0.0
25789,Las Palmas,2018-05,3.258384523358468,0.1949999928474426,112.61499786376952,7.879215862630486
25790,Santa Cruz de Tenerife,2018-05,2.6907441216802126,0.0,94.6624984741211,7.307509150199431
25791,Cantabria,2018-05,0.0,0.0,0.0,0.0
25801,Albacete,2018-05,0.0189292777541985,0.0,2.6449999809265137,0.0926762113059053
25802,Ciudad Real,2018-05,0.0033101308085488,0.0,2.015000104904175,0.0464421931444739
25803,Cuenca,2018-05,0.0,0.0,0.0,0.0
25804,Guadalajara,2018-05,0.0,0.0,0.0,0.0
25805,Toledo,2018-05,0.0,0.0,0.0,0.0
25792,Ávila,2018-05,0.0,0.0,0.0,0.0
25793,Burgos,2018-05,0.0,0.0,0.0,0.0
25794,León,2018-05,0.0,0.0,0.0,0.0
25795,Palencia,2018-05,0.0,0.0,0.0,0.0
25796,Salamanca,2018-05,0.0,0.0,0.0,0.0
25797,Segovia,2018-05,0.0,0.0,0.0,0.0
25798,Soria,2018-05,0.0,0.0,0.0,0.0
25799,Valladolid,2018-05,0.0,0.0,0.0,0.0
25800,Zamora,2018-05,0.0,0.0,0.0,0.0
25806,Barcelona,2018-05,0.0,0.0,0.0,0.0
25807,Girona,2018-05,0.0,0.0,0.0,0.0
25808,Lleida,2018-05,0.0,0.0,0.0,0.0
25809,Tarragona,2018-05,0.0,0.0,0.0,0.0
25810,Ceuta,2018-05,26.0810332915261,0.9774999618530272,130.72000122070312,32.81681534494135
25821,Melilla,2018-05,68.16775420404083,0.4050000011920929,267.1050109863281,67.33931077583846
25820,Madrid,2018-05,0.0,0.0,0.0,0.0
25823,Navarra,2018-05,0.0,0.0,0.0,0.0
25811,Alicante/Alacant,2018-05,2.502019298558835,0.0,130.1925048828125,8.132562129926768
25812,Castellón/Castelló,2018-05,0.0,0.0,0.0,0.0
25813,Valencia/València,2018-05,0.1985965686440153,0.0,72.19999694824219,2.271483559667549
25814,Badajoz,2018-05,0.1791661931778349,-0.1299999952316284,56.67749786376953,1.071668148619781
25815,Cáceres,2018-05,0.0,0.0,0.0,0.0
25816,A Coruña,2018-05,0.0,0.0,0.0,0.0
25817,Lugo,2018-05,0.0,0.0,0.0,0.0
25818,Ourense,2018-05,0.0,0.0,0.0,0.0
25819,Pontevedra,2018-05,0.0,0.0,0.0,0.0
25788,Illes Balears,2018-05,0.1024985832383192,0.0,28.86750030517578,0.7353360510727032
25827,La Rioja,2018-05,0.0,0.0,0.0,0.0
25824,Araba/Álava,2018-05,0.0,0.0,0.0,0.0
25826,Bizkaia,2018-05,0.0,0.0,0.0,0.0
25825,Gipuzkoa,2018-05,0.0,0.0,0.0,0.0
25787,Asturias,2018-05,0.0,0.0,0.0,0.0
25822,Murcia,2018-05,2.816331546764105,0.0,129.32749938964844,7.817927027605376
25776,Almería,2018-06,0.0,0.0,0.0,0.0
25777,Cádiz,2018-06,0.0,0.0,0.0,0.0
25778,Córdoba,2018-06,0.0,0.0,0.0,0.0
25779,Granada,2018-06,0.0,0.0,0.0,0.0
25780,Huelva,2018-06,0.0,0.0,0.0,0.0
25781,Jaén,2018-06,0.0,0.0,0.0,0.0
25782,Málaga,2018-06,0.0,0.0,0.0,0.0
25783,Sevilla,2018-06,0.0,0.0,0.0,0.0
25784,Huesca,2018-06,0.0,0.0,0.0,0.0
25785,Teruel,2018-06,0.0,0.0,0.0,0.0
25786,Zaragoza,2018-06,0.0,0.0,0.0,0.0
25789,Las Palmas,2018-06,3.0823768499872326,0.1675000041723251,110.19000244140624,7.542101873151395
25790,Santa Cruz de Tenerife,2018-06,2.4404699107576886,0.0,77.04000091552734,6.298187867967735
25791,Cantabria,2018-06,0.0,0.0,0.0,0.0
25801,Albacete,2018-06,0.0,0.0,0.0,0.0
25802,Ciudad Real,2018-06,0.0,0.0,0.0,0.0
25803,Cuenca,2018-06,0.0,0.0,0.0,0.0
25804,Guadalajara,2018-06,0.0,0.0,0.0,0.0
25805,Toledo,2018-06,0.0,0.0,0.0,0.0
25792,Ávila,2018-06,0.0,0.0,0.0,0.0
25793,Burgos,2018-06,0.0,0.0,0.0,0.0
25794,León,2018-06,0.0,0.0,0.0,0.0
25795,Palencia,2018-06,0.0,0.0,0.0,0.0
25796,Salamanca,2018-06,0.0,0.0,0.0,0.0
25797,Segovia,2018-06,0.0,0.0,0.0,0.0
25798,Soria,2018-06,0.0,0.0,0.0,0.0
25799,Valladolid,2018-06,0.0,0.0,0.0,0.0
25800,Zamora,2018-06,0.0,0.0,0.0,0.0
25806,Barcelona,2018-06,0.0,0.0,0.0,0.0
25807,Girona,2018-06,0.0,0.0,0.0,0.0
25808,Lleida,2018-06,0.0,0.0,0.0,0.0
25809,Tarragona,2018-06,0.0,0.0,0.0,0.0
25810,Ceuta,2018-06,0.0,0.0,0.0,0.0
25821,Melilla,2018-06,0.0,0.0,0.0,0.0
25820,Madrid,2018-06,0.0,0.0,0.0,0.0
25823,Navarra,2018-06,0.0,0.0,0.0,0.0
25811,Alicante/Alacant,2018-06,0.0,0.0,0.0,0.0
25812,Castellón/Castelló,2018-06,0.0,0.0,0.0,0.0
25813,Valencia/València,2018-06,0.0,0.0,0.0,0.0
25814,Badajoz,2018-06,0.0,0.0,0.0,0.0
25815,Cáceres,2018-06,0.0,0.0,0.0,0.0
25816,A Coruña,2018-06,0.0,0.0,0.0,0.0
25817,Lugo,2018-06,0.0,0.0,0.0,0.0
25818,Ourense,2018-06,0.0,0.0,0.0,0.0
25819,Pontevedra,2018-06,0.0,0.0,0.0,0.0
25788,Illes Balears,2018-06,0.0,0.0,0.0,0.0
25827,La Rioja,2018-06,0.0,0.0,0.0,0.0
25824,Araba/Álava,2018-06,0.0,0.0,0.0,0.0
25826,Bizkaia,2018-06,0.0,0.0,0.0,0.0
25825,Gipuzkoa,2018-06,0.0,0.0,0.0,0.0
25787,Asturias,2018-06,0.0,0.0,0.0,0.0
25822,Murcia,2018-06,0.0,0.0,0.0,0.0
25776,Almería,2018-07,0.8272739907774914,-0.3499999940395355,91.47500610351562,4.222680965213763
25777,Cádiz,2018-07,2.7371798414011783,0.0,166.75,9.512066952549914
25778,Córdoba,2018-07,0.0,0.0,0.0,0.0
25779,Granada,2018-07,0.1236149920190502,-0.3499999940395355,19.989999771118164,0.6152926298936663
25780,Huelva,2018-07,0.0055228135750765,0.0,3.0799999237060547,0.0776291267008345
25781,Jaén,2018-07,0.0,0.0,0.0,0.0
25782,Málaga,2018-07,0.1950446080570725,0.0,74.24749755859375,1.9113797571608384
25783,Sevilla,2018-07,0.0587595356726087,0.0,68.79499816894531,1.1473866280323062
25784,Huesca,2018-07,0.0,0.0,0.0,0.0
25785,Teruel,2018-07,0.0,0.0,0.0,0.0
25786,Zaragoza,2018-07,0.0,0.0,0.0,0.0
25789,Las Palmas,2018-07,3.381674654588366,0.2175000011920929,94.77999877929688,7.681572533432646
25790,Santa Cruz de Tenerife,2018-07,2.7552606789059486,0.0,87.23249816894531,7.332701169462847
25791,Cantabria,2018-07,0.0,0.0,0.0,0.0
25801,Albacete,2018-07,0.0,0.0,0.0,0.0
25802,Ciudad Real,2018-07,0.0,0.0,0.0,0.0
25803,Cuenca,2018-07,0.0,0.0,0.0,0.0
25804,Guadalajara,2018-07,0.0,0.0,0.0,0.0
25805,Toledo,2018-07,0.0,0.0,0.0,0.0
25792,Ávila,2018-07,0.0,0.0,0.0,0.0
25793,Burgos,2018-07,0.0,0.0,0.0,0.0
25794,León,2018-07,0.0,0.0,0.0,0.0
25795,Palencia,2018-07,0.0,0.0,0.0,0.0
25796,Salamanca,2018-07,0.0,0.0,0.0,0.0
25797,Segovia,2018-07,0.0,0.0,0.0,0.0
25798,Soria,2018-07,0.0,0.0,0.0,0.0
25799,Valladolid,2018-07,0.0,0.0,0.0,0.0
25800,Zamora,2018-07,0.0,0.0,0.0,0.0
25806,Barcelona,2018-07,0.0,0.0,0.0,0.0
25807,Girona,2018-07,0.0,0.0,0.0,0.0
25808,Lleida,2018-07,0.0,0.0,0.0,0.0
25809,Tarragona,2018-07,0.0,0.0,0.0,0.0
25810,Ceuta,2018-07,18.41962536346845,2.400000095367432,81.75749969482422,18.027879184546247
25821,Melilla,2018-07,52.26945584010213,0.4950000047683716,171.78750610351562,47.18548522850242
25820,Madrid,2018-07,0.0,0.0,0.0,0.0
25823,Navarra,2018-07,0.0,0.0,0.0,0.0
25811,Alicante/Alacant,2018-07,0.0,0.0,0.0,0.0
25812,Castellón/Castelló,2018-07,0.0,0.0,0.0,0.0
25813,Valencia/València,2018-07,0.0,0.0,0.0,0.0
25814,Badajoz,2018-07,0.0,0.0,0.0,0.0
25815,Cáceres,2018-07,0.0,0.0,0.0,0.0
25816,A Coruña,2018-07,0.0,0.0,0.0,0.0
25817,Lugo,2018-07,0.0,0.0,0.0,0.0
25818,Ourense,2018-07,0.0,0.0,0.0,0.0
25819,Pontevedra,2018-07,0.0,0.0,0.0,0.0
25788,Illes Balears,2018-07,0.0,0.0,0.0,0.0
25827,La Rioja,2018-07,0.0,0.0,0.0,0.0
25824,Araba/Álava,2018-07,0.0,0.0,0.0,0.0
25826,Bizkaia,2018-07,0.0,0.0,0.0,0.0
25825,Gipuzkoa,2018-07,0.0,0.0,0.0,0.0
25787,Asturias,2018-07,0.0,0.0,0.0,0.0
25822,Murcia,2018-07,0.0,0.0,0.0,0.0
25776,Almería,2018-08,1.5371296292080354,0.1400000005960464,126.52750396728516,6.313764028178151
25777,Cádiz,2018-08,2.766875528976297,0.1700000017881393,218.22250366210935,11.696990877251546
25778,Córdoba,2018-08,1.145432631109799,0.1500000059604644,138.5749969482422,5.161027893011023
25779,Granada,2018-08,1.2008412766219627,0.0274999998509883,107.58250427246094,4.955645287020649
25780,Huelva,2018-08,1.182125318363933,0.1424999982118606,181.32749938964844,6.2434587941252
25781,Jaén,2018-08,1.04575110154411,0.1649999916553497,132.90499877929688,4.238264021263238
25782,Málaga,2018-08,3.0230660436974763,0.1825000047683715,182.7550048828125,10.26425791372696
25783,Sevilla,2018-08,2.315912254659943,0.1650000065565109,129.99249267578125,8.761361492768923
25784,Huesca,2018-08,0.5862859554101009,0.0425000004470348,173.3175048828125,2.9798200398492223
25785,Teruel,2018-08,0.4664164849542935,0.1050000041723251,112.50749969482422,1.934606918047386
25786,Zaragoza,2018-08,1.283019673555335,0.1225000023841857,177.38999938964844,6.643257627632944
25789,Las Palmas,2018-08,3.392968147956688,0.1200000047683715,109.22250366210938,8.349903076161036
25790,Santa Cruz de Tenerife,2018-08,2.5807911304535,0.0,88.48750305175781,7.065280030404618
25791,Cantabria,2018-08,1.896822864987632,0.0,261.4324951171875,6.347769805128027
25801,Albacete,2018-08,0.5924739939410789,0.1525000035762787,79.37999725341797,2.3427651588526306
25802,Ciudad Real,2018-08,0.7763795347858401,0.1525000035762787,270.79998779296875,4.222850598012437
25803,Cuenca,2018-08,0.5388079211823362,0.0949999988079071,98.5500030517578,2.07564033546635
25804,Guadalajara,2018-08,0.6417263467731352,0.1000000014901161,70.13999938964844,2.5225309064539347
25805,Toledo,2018-08,1.2313003202295347,0.1500000059604644,86.38249969482422,3.800598910295126
25792,Ávila,2018-08,0.6039085458980906,0.1324999928474426,48.55999755859375,1.6941573866416944
25793,Burgos,2018-08,0.749959571994899,0.0,105.06749725341795,3.3756865505710376
25794,León,2018-08,0.9002306217064232,0.0324999988079071,91.9949951171875,3.1586343744877787
25795,Palencia,2018-08,0.6908708276445763,0.1024999991059303,93.81749725341795,2.8035125300473576
25796,Salamanca,2018-08,0.7184709328797028,0.1274999976158142,136.7675018310547,3.6700108560880818
25797,Segovia,2018-08,0.8630958384709541,0.1200000047683715,95.58999633789062,2.9638833070108004
25798,Soria,2018-08,0.4638785215992587,0.1149999946355819,78.66000366210938,1.9463584750528145
25799,Valladolid,2018-08,1.425634977702208,0.1599999964237213,98.19499969482422,5.270981670895871
25800,Zamora,2018-08,0.5521627059217672,0.1174999997019767,101.5675048828125,2.5762297375736662
25806,Barcelona,2018-08,6.9106267831109935,0.1700000017881393,224.44500732421875,16.181587318294717
25807,Girona,2018-08,2.433367800557406,0.1475000083446502,100.87750244140624,6.844141828175506
25808,Lleida,2018-08,0.9002343910909083,0.0700000002980232,71.3800048828125,2.886209350422522
25809,Tarragona,2018-08,2.5352757258717205,0.1850000023841858,165.11749267578125,8.163325915481067
25810,Ceuta,2018-08,20.9362371271385,0.8550000190734863,86.26000213623047,25.12940522461065
25821,Melilla,2018-08,56.8864580780279,0.3650000095367431,208.66749572753903,51.48995885318223
25820,Madrid,2018-08,8.805596410790118,0.1700000017881393,165.9875030517578,17.91603317915559
25823,Navarra,2018-08,1.4614979571486428,-0.0099999997764825,92.74500274658205,5.369516753942969
25811,Alicante/Alacant,2018-08,5.93483394778457,0.2549999952316284,142.53500366210938,13.08047528302584
25812,Castellón/Castelló,2018-08,2.021391846483291,0.1424999982118606,169.89999389648438,7.901012709744674
25813,Valencia/València,2018-08,3.3249553038985438,0.1099999994039535,186.87249755859372,10.24721670564283
25814,Badajoz,2018-08,0.7476951152743281,0.1599999964237213,73.83999633789062,2.834892058688545
25815,Cáceres,2018-08,0.5322779670961225,0.1324999928474426,103.73999786376952,1.799734382222958
25816,A Coruña,2018-08,2.2149858102274567,0.0,153.82000732421875,5.900599499270057
25817,Lugo,2018-08,0.7446882671437888,-0.0800000056624412,89.77999877929688,2.6610409031854125
25818,Ourense,2018-08,0.9302884766971998,0.0925000011920929,100.69750213623048,2.9534673087828502
25819,Pontevedra,2018-08,3.078299503725737,0.1675000041723251,123.52999877929688,6.625176911572896
25788,Illes Balears,2018-08,2.98245650685516,0.1525000035762787,249.3625030517578,9.068863855571538
25827,La Rioja,2018-08,1.5842176661698952,0.0799999982118606,184.47000122070312,6.883779144089353
25824,Araba/Álava,2018-08,2.5449791758561773,0.0949999988079071,147.6750030517578,9.96694206573784
25826,Bizkaia,2018-08,6.177041649684381,0.1749999970197677,163.0449981689453,15.169528256355084
25825,Gipuzkoa,2018-08,3.8256958500906806,0.0,152.90750122070312,9.6923042014397
25787,Asturias,2018-08,1.4845322553815192,-0.0175000000745058,249.3050079345703,5.953785942977957
25822,Murcia,2018-08,2.867977145580108,0.1724999994039535,209.41749572753903,8.22113656695807
25776,Almería,2018-09,1.424379751737627,0.1049999967217445,129.59249877929688,5.946908791925456
25777,Cádiz,2018-09,2.699217618929592,0.1525000035762787,168.36500549316406,10.720994091663565
25778,Córdoba,2018-09,1.046941833448226,0.1099999994039535,124.18250274658205,4.660298917482491
25779,Granada,2018-09,1.10188481896671,0.1049999967217445,107.32749938964844,4.715588878598096
25780,Huelva,2018-09,1.176662749829493,0.1124999970197677,351.3300170898437,6.795195315358507
25781,Jaén,2018-09,0.993196550570809,0.1049999967217445,130.88499450683594,4.205977012990662
25782,Málaga,2018-09,2.6998152012737884,0.1650000065565109,140.53250122070312,9.190619506835876
25783,Sevilla,2018-09,2.2564154338465,0.1299999952316284,126.19000244140624,8.544323378011576
25784,Huesca,2018-09,0.5560547340601981,0.1050000041723251,181.08499145507807,2.940825156916916
25785,Teruel,2018-09,0.4335933637922503,0.1000000014901161,117.46499633789062,1.9466725823526445
25786,Zaragoza,2018-09,1.2458497040379934,0.1050000041723251,176.20249938964844,6.342450581341578
25789,Las Palmas,2018-09,3.6683599912907945,0.1850000023841858,148.9949951171875,9.906338014062989
25790,Santa Cruz de Tenerife,2018-09,2.670713362045274,0.0,84.69999694824219,7.156930170332386
25791,Cantabria,2018-09,1.8111735169138112,0.1174999997019767,112.45999908447266,5.481452509019566
25801,Albacete,2018-09,0.5441816710197562,0.1049999967217445,95.75,2.42335083344479
25802,Ciudad Real,2018-09,0.7498510096519846,0.0900000035762786,310.3724975585937,4.593741004762816
25803,Cuenca,2018-09,0.5198638972644839,0.1050000041723251,98.01499938964844,2.037503867873341
25804,Guadalajara,2018-09,0.6385594241020853,0.1000000014901161,69.25250244140625,2.4850798404692016
25805,Toledo,2018-09,1.1876886574039387,0.1199999973177909,84.38500213623047,3.645284234715884
25792,Ávila,2018-09,0.5492841755895185,0.125,44.06999969482422,1.569094491952992
25793,Burgos,2018-09,0.6920146389168546,0.0925000011920929,110.80250549316406,3.368519418417302
25794,León,2018-09,0.820032673828104,0.1124999970197677,100.9800033569336,3.305723891932067
25795,Palencia,2018-09,0.6275348709157583,0.125,87.32499694824219,2.7484920105565327
25796,Salamanca,2018-09,0.6583894810912403,0.1174999997019767,129.89500427246094,3.4645655473187804
25797,Segovia,2018-09,0.8013689851407212,0.1550000011920929,100.1750030517578,2.8296162793433983
25798,Soria,2018-09,0.4359381450170829,0.1075000017881393,69.30500030517578,1.8692794666634984
25799,Valladolid,2018-09,1.357664741702455,0.1599999964237213,90.73249816894533,5.184483568377148
25800,Zamora,2018-09,0.5046234649718404,0.1174999997019767,99.0625,2.4553550731996734
25806,Barcelona,2018-09,6.390476056775581,0.1400000005960464,171.2375030517578,14.614393593886277
25807,Girona,2018-09,2.201979465026079,0.1299999952316284,84.23500061035156,5.947785008627194
25808,Lleida,2018-09,0.8342828718579018,0.1049999967217445,66.17250061035156,2.7365041877216485
25809,Tarragona,2018-09,2.427324492467157,0.1375000029802322,152.4824981689453,7.808747990902155
25810,Ceuta,2018-09,15.057342723731336,0.9000000357627869,56.3125,17.052517068292982
25821,Melilla,2018-09,44.45824709345004,0.3274999856948852,165.86749267578125,41.68029609938057
25820,Madrid,2018-09,8.736881138898237,0.1724999994039535,159.69000244140625,17.678715031125858
25823,Navarra,2018-09,1.4456570078488258,0.1049999967217445,93.18499755859376,5.127465689466936
25811,Alicante/Alacant,2018-09,5.594404750611283,0.2475000023841858,132.1300048828125,12.388723192935398
25812,Castellón/Castelló,2018-09,1.96658997670527,0.1049999967217445,161.8625030517578,7.941113478073415
25813,Valencia/València,2018-09,3.158133805122094,0.1099999994039535,189.9624938964844,10.025133791582515
25814,Badajoz,2018-09,0.6763196707097586,0.0974999964237213,65.55249786376953,2.6044260961617285
25815,Cáceres,2018-09,0.4678266354427716,0.1100000068545341,107.93000030517578,1.7114343913504204
25816,A Coruña,2018-09,2.147227236811268,0.1724999994039535,124.3375015258789,6.531980332063412
25817,Lugo,2018-09,0.695063699422367,0.1099999994039535,120.58250427246094,3.107989180734203
25818,Ourense,2018-09,0.8784639465128721,0.1124999970197677,103.5999984741211,2.9859921774277725
25819,Pontevedra,2018-09,2.9635219176532406,0.1974999904632568,113.40249633789062,6.6136320558849775
25788,Illes Balears,2018-09,2.8285378791529703,0.0949999988079071,206.8300018310547,8.54493846544048
25827,La Rioja,2018-09,1.551160511685303,0.1075000017881393,150.76499938964844,6.315709815283748
25824,Araba/Álava,2018-09,2.6124534376792057,0.1449999958276748,175.62249755859375,10.655148212352042
25826,Bizkaia,2018-09,5.772261112516033,0.209999993443489,149.71499633789062,14.361611138195173
25825,Gipuzkoa,2018-09,4.073950551162233,0.2025000005960464,133.5050048828125,10.071001421485194
25787,Asturias,2018-09,1.5658822387708329,0.1124999970197677,287.989990234375,6.657488546836524
25822,Murcia,2018-09,2.6092775392210155,0.1199999973177909,181.2550048828125,7.356216993672745
25776,Almería,2018-10,1.4489118037218942,0.1800000071525573,134.1699981689453,5.764924925577185
25777,Cádiz,2018-10,2.711827270501991,0.2424999922513961,190.34500122070312,11.094997671623789
25778,Córdoba,2018-10,1.0995066323737013,0.1850000023841858,133.6199951171875,4.833786041418197
25779,Granada,2018-10,1.2256509196647667,0.1724999994039535,119.9949951171875,4.973378515585894
25780,Huelva,2018-10,1.171484318012764,0.2074999958276748,206.6824951171875,6.220554035859127
25781,Jaén,2018-10,1.0743198161542007,0.1625000089406967,135.4324951171875,4.242852920639012
25782,Málaga,2018-10,2.988157433865403,0.2425000071525573,204.80999755859372,10.621483748105868
25783,Sevilla,2018-10,2.2389274449827203,0.1875,133.7550048828125,8.648080655914931
25784,Huesca,2018-10,0.6123481707721015,0.1424999982118606,150.6425018310547,2.672682738108878
25785,Teruel,2018-10,0.5338798687849581,0.1625000089406967,120.95750427246094,2.012101705503221
25786,Zaragoza,2018-10,1.3429810403228315,0.1825000047683715,176.3925018310547,6.633320971689372
25789,Las Palmas,2018-10,3.795224405491103,0.2175000011920929,160.67250061035156,10.488559032354184
25790,Santa Cruz de Tenerife,2018-10,2.705257008591474,0.0,91.7300033569336,7.225987490385425
25791,Cantabria,2018-10,1.670677677310502,0.2100000083446502,95.92250061035156,5.277839923088138
25801,Albacete,2018-10,0.6250144549163692,0.1599999964237213,75.48249816894531,2.2534706295157902
25802,Ciudad Real,2018-10,0.7808868061849344,0.1800000071525573,192.25,3.916998104268561
25803,Cuenca,2018-10,0.6096608415870178,0.1675000041723251,95.0999984741211,2.060685092866161
25804,Guadalajara,2018-10,0.7097239532028766,0.1749999970197677,68.0999984741211,2.396257850841643
25805,Toledo,2018-10,1.217080254069225,0.1899999976158142,85.7449951171875,3.760575103158865
25792,Ávila,2018-10,0.6159888953482187,0.1649999916553497,52.58000183105469,1.5882825599013652
25793,Burgos,2018-10,0.7141651747732402,0.1800000071525573,109.75749969482422,3.3344954191064264
25794,León,2018-10,0.8724376547637013,0.1800000071525573,95.0374984741211,3.276419440981089
25795,Palencia,2018-10,0.6842832339253049,0.1724999994039535,90.79750061035156,2.8189577143877527
25796,Salamanca,2018-10,0.7236671276029666,0.1949999928474426,112.67750549316406,3.1500834065134486
25797,Segovia,2018-10,0.82574903986128,0.1875,90.41000366210938,2.793791965785124
25798,Soria,2018-10,0.5336826168592717,0.1899999976158142,136.1175079345703,2.160845642365052
25799,Valladolid,2018-10,1.4181257462653214,0.2025000005960464,104.8125,5.399924035395539
25800,Zamora,2018-10,0.5710828038309236,0.1800000071525573,105.58000183105467,2.556544032163348
25806,Barcelona,2018-10,6.236620381459613,0.1675000041723251,201.5249938964844,15.031445293517624
25807,Girona,2018-10,1.9140622852590383,0.0,76.28499603271484,5.348311330438346
25808,Lleida,2018-10,0.82851026026958,0.1550000011920929,60.71749877929688,2.5640534087906963
25809,Tarragona,2018-10,2.54427689161891,0.2125000059604644,296.7225036621094,9.10670425307131
25810,Ceuta,2018-10,18.93441359845752,0.8474999666213989,84.86499786376953,22.318084103231268
25821,Melilla,2018-10,64.17268326545239,0.512499988079071,241.90499877929688,61.69024410453247
25820,Madrid,2018-10,8.753292367604239,0.2100000083446502,224.34500122070312,18.402381108181096
25823,Navarra,2018-10,1.4885982859741846,0.1700000017881393,99.22999572753906,5.114283499514402
25811,Alicante/Alacant,2018-10,6.074496502567692,0.2750000059604645,136.3625030517578,14.084774038568616
25812,Castellón/Castelló,2018-10,2.0668635008371883,0.1825000047683715,155.4375,8.103648682851547
25813,Valencia/València,2018-10,3.446911205981515,0.2000000029802322,191.62750244140625,11.045170555210998
25814,Badajoz,2018-10,0.7096848000271276,0.1775000095367431,64.73750305175781,2.4995152621485817
25815,Cáceres,2018-10,0.5441906023474826,0.1599999964237213,108.24250030517578,1.8166727179877595
25816,A Coruña,2018-10,2.157715588444632,0.2049999982118606,120.5050048828125,6.5284236520901775
25817,Lugo,2018-10,0.79737582015603,0.1899999976158142,117.53500366210938,3.239700391559531
25818,Ourense,2018-10,0.9213787178562745,0.2074999958276748,87.95249938964844,2.7156257323918744
25819,Pontevedra,2018-10,2.935592914375531,0.270000010728836,106.55999755859376,6.572412992021456
25788,Illes Balears,2018-10,2.8169179280283774,0.1899999976158142,243.37001037597656,8.897305443338354
25827,La Rioja,2018-10,1.548899189458304,0.2100000083446502,187.13999938964844,6.561924656977326
25824,Araba/Álava,2018-10,2.350189503062302,0.2549999952316284,153.72999572753906,9.581681429649617
25826,Bizkaia,2018-10,5.8212015978802025,0.2450000047683715,166.96249389648438,15.487921069452169
25825,Gipuzkoa,2018-10,4.113788984089224,0.2824999988079071,195.7949981689453,10.86316696367373
25787,Asturias,2018-10,1.592012441472866,0.1650000065565109,170.5449981689453,6.073761955234198
25822,Murcia,2018-10,2.846996840878941,0.1674999892711639,219.06500244140625,8.502232226548031
25776,Almería,2018-11,1.6162040893402363,0.197500005364418,129.14749145507812,6.771664555034474
25777,Cádiz,2018-11,2.7631503178204726,0.2549999952316284,211.77749633789065,11.275753145198715
25778,Córdoba,2018-11,1.0919240178453606,0.2274999916553497,98.16999816894533,4.1495422021266215
25779,Granada,2018-11,1.2319820273929911,0.1875,123.84500122070312,4.944260615209634
25780,Huelva,2018-11,1.170552719698296,0.2175000011920929,166.9425048828125,5.902021926599669
25781,Jaén,2018-11,1.0888669481046784,0.1825000047683715,130.34750366210938,4.121457738218774
25782,Málaga,2018-11,3.0453516697856937,0.262499988079071,152.8800048828125,10.693121784937476
25783,Sevilla,2018-11,2.158840469823202,0.2074999958276748,115.81999969482422,7.867063211861687
25784,Huesca,2018-11,0.7038050286506462,-0.1299999952316284,149.4550018310547,2.586374109707081
25785,Teruel,2018-11,0.5484220423181031,0.125,90.93499755859376,1.6327559268792573
25786,Zaragoza,2018-11,1.3510490015747167,0.1400000005960464,156.54251098632812,6.106409089989717
25789,Las Palmas,2018-11,3.212012537344004,0.2125000059604644,110.62000274658205,8.400585410387325
25790,Santa Cruz de Tenerife,2018-11,2.4395882483583096,-0.0324999988079071,69.48249816894531,6.037036806202029
25791,Cantabria,2018-11,2.011821961617578,0.2074999958276748,116.1199951171875,5.999864863563743
25801,Albacete,2018-11,0.6639487229451418,0.1500000059604644,78.70249938964844,2.256619470538718
25802,Ciudad Real,2018-11,0.7883461416685299,0.2175000011920929,182.5449981689453,3.3819867079061763
25803,Cuenca,2018-11,0.613421990873529,0.1375000029802322,65.2449951171875,1.58907362448441
25804,Guadalajara,2018-11,0.7433141769139723,0.1375000029802322,47.38999938964844,2.091119849949485
25805,Toledo,2018-11,1.2286424919636405,0.2074999958276748,74.1500015258789,3.2482232219887037
25792,Ávila,2018-11,0.6544276355360251,0.1850000023841858,41.19499969482422,1.427433388841937
25793,Burgos,2018-11,0.7469793537586772,0.1299999952316284,79.48249816894531,2.5668279564378533
25794,León,2018-11,0.8706923582983758,0.2025000005960464,95.22250366210938,3.0488117029672672
25795,Palencia,2018-11,0.6950631592500949,0.1924999952316284,76.50250244140625,2.2576630308193635
25796,Salamanca,2018-11,0.7061477031916957,0.1325000077486038,127.6374969482422,3.264360830886475
25797,Segovia,2018-11,0.8872082841692679,0.1949999928474426,85.17250061035156,2.490102778079878
25798,Soria,2018-11,0.6128409273034338,0.0700000002980232,253.66751098632807,3.4155793709059608
25799,Valladolid,2018-11,1.2724375483708352,0.2399999946355819,73.94750213623047,3.8482041405968106
25800,Zamora,2018-11,0.5830156241025457,0.2074999958276748,96.6750030517578,2.2497442482453653
25806,Barcelona,2018-11,6.532692400125671,0.2524999976158142,198.80999755859372,15.602595418231408
25807,Girona,2018-11,2.2904418723065736,0.2300000041723251,112.01499938964844,6.3599111412098
25808,Lleida,2018-11,0.935705230318699,0.1675000041723251,66.63249969482422,2.7073223692430046
25809,Tarragona,2018-11,2.6097842880347315,0.197500005364418,159.2949981689453,8.511109922646606
25810,Ceuta,2018-11,18.57358377251323,1.0049999952316284,85.20249938964844,21.806724981841704
25821,Melilla,2018-11,61.816921991188,0.5099999904632568,226.7749938964844,58.50705742961915
25820,Madrid,2018-11,8.502964797385776,0.2100000083446502,150.6875,17.15955291190327
25823,Navarra,2018-11,1.479949899329669,0.1700000017881393,99.50999450683594,4.611224040285045
25811,Alicante/Alacant,2018-11,6.110520824972442,0.3050000071525574,144.16500854492188,14.42431170085963
25812,Castellón/Castelló,2018-11,2.1273403265228548,0.0700000002980232,185.40499877929688,8.372755862937417
25813,Valencia/València,2018-11,3.354127946432836,0.1650000065565109,205.6999969482422,10.669527478909275
25814,Badajoz,2018-11,0.7128790813625675,0.1750000119209289,70.67749786376953,2.182653433890417
25815,Cáceres,2018-11,0.5600186010801047,0.1850000023841858,92.74250030517578,1.5549774021985472
25816,A Coruña,2018-11,2.148020351425283,0.2950000166893005,126.63500213623048,6.435662704891032
25817,Lugo,2018-11,0.7780962154720567,0.2574999928474426,96.05249786376952,2.661056261476167
25818,Ourense,2018-11,0.8236461554340037,0.2374999970197677,63.837501525878906,1.9952939823337188
25819,Pontevedra,2018-11,2.687071848192592,0.324999988079071,89.53250122070312,5.678808752298482
25788,Illes Balears,2018-11,2.802307438663784,0.1899999976158142,235.89498901367188,8.906338703758328
25827,La Rioja,2018-11,1.7605947597505305,0.2399999946355819,209.2700042724609,6.999651792095606
25824,Araba/Álava,2018-11,2.8243102098720283,0.2775000035762787,183.04249572753903,11.438465057704637
25826,Bizkaia,2018-11,6.2043778197130655,0.324999988079071,173.72000122070312,15.54695201324216
25825,Gipuzkoa,2018-11,4.529591884623103,0.3449999988079071,179.6999969482422,11.515285204635772
25787,Asturias,2018-11,1.7112426895477386,0.2399999946355819,284.6000061035156,6.681535580342639
25822,Murcia,2018-11,2.945306996115021,0.1400000005960464,299.3125,9.085340196781043
25776,Almería,2018-12,1.615659202797176,0.1500000059604644,137.97500610351562,7.165779095040978
25777,Cádiz,2018-12,2.8560107318101964,0.1700000017881393,273.6549987792969,12.760772474944853
25778,Córdoba,2018-12,1.1015321787927863,0.1550000011920929,115.61000061035156,4.994482335766663
25779,Granada,2018-12,1.2533936446145115,0.1324999928474426,135.89498901367188,5.524824823044145
25780,Huelva,2018-12,1.147870769401976,0.1174999997019767,206.38999938964844,6.627877892559936
25781,Jaén,2018-12,1.0808179379227474,0.1475000083446502,160.677490234375,4.860724643626424
25782,Málaga,2018-12,3.217518900134636,0.1700000017881393,180.35499572753903,12.014882835986912
25783,Sevilla,2018-12,2.326972151172128,0.1525000035762787,140.22000122070312,9.489088118925023
25784,Huesca,2018-12,0.5850002015542939,0.1225000023841857,187.6750030517578,3.2278192800325383
25785,Teruel,2018-12,0.4823774300911668,0.1200000047683715,131.10499572753906,2.261037871522824
25786,Zaragoza,2018-12,1.2933145946896545,0.1424999982118606,176.0675048828125,6.918541491107451
25789,Las Palmas,2018-12,4.261015702174533,0.1050000041723251,160.96499633789062,12.149982808285316
25790,Santa Cruz de Tenerife,2018-12,3.140476323193861,-0.0700000002980232,112.51750183105467,9.075108932715713
25791,Cantabria,2018-12,1.7125067937640155,0.1375000029802322,125.69750213623048,5.384325569261136
25801,Albacete,2018-12,0.6199761378918177,0.1324999928474426,112.66500091552734,2.817534608951265
25802,Ciudad Real,2018-12,0.7371189747657809,0.1424999982118606,215.38499450683597,4.085678409592199
25803,Cuenca,2018-12,0.5410581904140086,0.1274999976158142,106.86000061035156,2.2079623094406613
25804,Guadalajara,2018-12,0.6649115119996163,0.1500000059604644,65.9175033569336,2.6702105937135925
25805,Toledo,2018-12,1.15839922937251,0.1649999916553497,80.75999450683594,3.6381230177978905
25792,Ávila,2018-12,0.5786086395840598,0.1400000005960464,50.70000076293945,1.6787663298067723
25793,Burgos,2018-12,0.6566688779072913,0.1375000029802322,89.5675048828125,2.6381994442192918
25794,León,2018-12,0.7802832087714636,0.135000005364418,98.48500061035156,3.139733277676568
25795,Palencia,2018-12,0.5820292278056808,0.1099999994039535,70.72250366210938,2.093839244387826
25796,Salamanca,2018-12,0.666321061819135,0.125,132.85499572753906,3.4325115221627875
25797,Segovia,2018-12,0.7870866013280601,0.1775000095367431,93.97000122070312,2.690366954852748
25798,Soria,2018-12,0.5411744823375436,0.1200000047683715,334.4775085449219,4.249366799346073
25799,Valladolid,2018-12,1.2215347034513182,0.1650000065565109,82.55999755859375,4.4305723351690505
25800,Zamora,2018-12,0.481135365915727,0.1024999991059303,88.15750122070312,2.156334971026748
25806,Barcelona,2018-12,7.209608015723598,0.1449999958276748,223.72000122070312,18.361916086253537
25807,Girona,2018-12,2.3214382512997687,0.1775000095367431,109.06999969482422,6.986304019857515
25808,Lleida,2018-12,0.8244692843037876,0.1124999970197677,68.86000061035156,2.8563781288248364
25809,Tarragona,2018-12,2.7427815799046416,0.1525000035762787,176.41751098632812,9.689155350889902
25810,Ceuta,2018-12,20.057138468909475,0.675000011920929,95.83749389648438,24.723929585816144
25821,Melilla,2018-12,59.83306452840554,0.3100000023841858,233.32749938964844,59.44038082524028
25820,Madrid,2018-12,8.611239596301575,0.2125000059604644,266.0824890136719,18.465357457455568
25823,Navarra,2018-12,1.375588480090462,0.1475000083446502,100.98249816894533,4.694530425544251
25811,Alicante/Alacant,2018-12,6.449565735966301,0.2800000011920929,167.8350067138672,15.556010513424436
25812,Castellón/Castelló,2018-12,2.2273803491054984,0.1375000029802322,219.87750244140625,9.786794973625604
25813,Valencia/València,2018-12,3.627511687183085,0.1424999982118606,285.5675048828125,12.431755123271518
25814,Badajoz,2018-12,0.6634178517614897,0.1274999976158142,70.20500183105469,2.5038452096439645
25815,Cáceres,2018-12,0.4915147369536484,0.1324999928474426,118.51750183105467,1.8054419335293184
25816,A Coruña,2018-12,1.7020869396350258,0.1825000047683715,83.72000122070312,4.638961072535644
25817,Lugo,2018-12,0.653041418979873,0.1475000083446502,63.5,1.9443000679276812
25818,Ourense,2018-12,0.744462285573432,0.147499993443489,44.61249923706055,1.723819512553533
25819,Pontevedra,2018-12,2.310408361722626,0.2000000029802322,61.34249877929688,4.536979301978767
25788,Illes Balears,2018-12,2.7990335533374275,0.1124999970197677,278.2724914550781,9.470352450954648
25827,La Rioja,2018-12,1.5781833989091263,0.1749999970197677,194.5475006103516,6.613999588840646
25824,Araba/Álava,2018-12,2.605730380180402,0.2249999940395355,177.54750061035156,11.10829858070334
25826,Bizkaia,2018-12,5.148384321068212,0.2874999940395355,141.78500366210938,11.78786412343846
25825,Gipuzkoa,2018-12,3.883475321768972,0.3125,129.34750366210938,9.11780571386379
25787,Asturias,2018-12,1.5496242658858486,0.1449999958276748,116.4875030517578,5.941814350146076
25822,Murcia,2018-12,3.045013962496197,0.1649999916553497,345.8374938964844,9.782528850552664
25776,Almería,2019-01,1.6353800438398045,0.1024999991059303,143.12249755859375,7.454210694574393
25777,Cádiz,2019-01,2.900445218463152,0.1400000005960464,241.1999969482422,13.121443413692033
25778,Córdoba,2019-01,1.1119206105438335,0.1049999967217445,124.3175048828125,5.383891739677438
25779,Granada,2019-01,1.2432031962998904,0.0850000008940696,141.50250244140625,5.804707739840811
25780,Huelva,2019-01,1.1470814000376268,0.0974999964237213,206.78500366210935,6.901166769506446
25781,Jaén,2019-01,1.1052394886044703,0.1050000041723251,168.57000732421875,5.227832955010938
25782,Málaga,2019-01,3.24802284622058,0.1424999982118606,179.64500427246094,12.048969151701009
25783,Sevilla,2019-01,2.436461982156363,0.1075000017881393,157.0050048828125,10.225729995931395
25784,Huesca,2019-01,0.6059940169816447,0.1075000017881393,166.71749877929688,3.13258530221008
25785,Teruel,2019-01,0.4894173657953506,0.1124999970197677,145.239990234375,2.461887620079813
25786,Zaragoza,2019-01,1.3171908136378006,0.1375000029802322,201.4425048828125,7.08528829400891
25789,Las Palmas,2019-01,3.936213561845343,0.0299999993294477,135.66250610351562,11.566075147897854
25790,Santa Cruz de Tenerife,2019-01,2.9441166719877288,-0.2800000011920929,109.87249755859376,8.579043504413242
25791,Cantabria,2019-01,1.8047620354851808,0.1599999964237213,100.93000030517578,5.142485195412405
25801,Albacete,2019-01,0.6167378857777435,0.1150000020861625,102.375,2.9321858686933897
25802,Ciudad Real,2019-01,0.7509862821776982,0.1075000017881393,262.5274963378906,4.549251449014343
25803,Cuenca,2019-01,0.5574049275789166,0.1075000017881393,109.52249908447266,2.4807306138688303
25804,Guadalajara,2019-01,0.7002237709553973,0.1075000017881393,82.15750122070312,3.0004441262573027
25805,Toledo,2019-01,1.23905350126024,0.1150000020861625,94.83499908447266,4.277293659920052
25792,Ávila,2019-01,0.6023388220787238,0.1449999958276748,52.09999847412109,1.937802494107556
25793,Burgos,2019-01,0.6821673521414066,0.1225000023841857,103.45999908447266,3.037884643412458
25794,León,2019-01,0.8975341149398036,0.1525000035762787,112.875,3.664921925644329
25795,Palencia,2019-01,0.6646939945888583,0.147499993443489,94.9324951171875,2.8826361024499234
25796,Salamanca,2019-01,0.6782999005927904,0.1174999997019767,145.08499145507812,3.8318201464426687
25797,Segovia,2019-01,0.8714901060462592,0.1599999964237213,110.4574966430664,3.268373162777419
25798,Soria,2019-01,0.6027670396549389,0.1150000020861625,716.4375,7.295951101074057
25799,Valladolid,2019-01,1.390061941633114,0.1724999994039535,103.96749877929688,5.464351522260484
25800,Zamora,2019-01,0.5440998284426716,0.1324999928474426,111.93499755859376,2.677949274601348
25806,Barcelona,2019-01,7.585366230761577,0.125,309.9100036621094,19.165322811470176
25807,Girona,2019-01,2.5160236616937404,0.145000010728836,118.4000015258789,7.515125838166566
25808,Lleida,2019-01,0.910203814877158,0.1149999946355819,100.95999908447266,3.1837299830825887
25809,Tarragona,2019-01,2.8543904076272635,0.1225000023841857,199.84500122070312,10.24003906515257
25810,Ceuta,2019-01,23.023206473295463,0.7325000166893005,114.70249938964844,28.42477075985752
25821,Melilla,2019-01,70.07746719313528,0.2224999964237213,278.9049987792969,68.65529331187572
25820,Madrid,2019-01,9.545515056032748,0.1850000023841858,184.5200042724609,20.687829119230003
25823,Navarra,2019-01,1.4464591936177604,0.1375000029802322,104.3949966430664,5.089860438540035
25811,Alicante/Alacant,2019-01,6.55463133532792,0.2150000035762787,169.55999755859375,15.850029231709346
25812,Castellón/Castelló,2019-01,2.3165949308567995,0.1174999997019767,213.3374938964844,10.093952086884142
25813,Valencia/València,2019-01,3.7071607576850942,0.1375000029802322,272.14501953125,12.663524033346706
25814,Badajoz,2019-01,0.6623435226575538,0.0850000008940696,77.98500061035156,2.875394631695998
25815,Cáceres,2019-01,0.4777821319072206,0.0949999988079071,116.73999786376952,2.015207498382277
25816,A Coruña,2019-01,2.2850616408629807,0.1899999976158142,179.48001098632812,7.074242322655425
25817,Lugo,2019-01,0.7922875298200364,0.1749999970197677,120.2449951171875,3.048488909657959
25818,Ourense,2019-01,0.940004696694252,0.1749999970197677,92.16999816894533,3.04027164535782
25819,Pontevedra,2019-01,3.083361074686884,0.2199999988079071,249.0475006103516,7.810980705499114
25788,Illes Balears,2019-01,2.892247572394416,0.1150000020861625,265.13250732421875,9.506494458987996
25827,La Rioja,2019-01,1.661182508476828,0.1150000020861625,230.81500244140625,7.715494006099811
25824,Araba/Álava,2019-01,2.453688634961776,0.1875,159.75250244140625,10.426175700181474
25826,Bizkaia,2019-01,4.263537136973063,0.2199999988079071,110.80750274658205,10.087279054283533
25825,Gipuzkoa,2019-01,3.1721206260725605,0.2475000023841858,116.06749725341795,7.399108770881037
25787,Asturias,2019-01,1.7002796128255897,0.1599999964237213,160.70750427246094,6.430974558516631
25822,Murcia,2019-01,3.0628331169760417,0.1050000041723251,358.322509765625,9.983602304428471
25776,Almería,2019-02,1.5947342769927664,0.1099999994039535,147.32749938964844,7.186016963611706
25777,Cádiz,2019-02,2.9286733756797307,0.1525000035762787,309.197509765625,13.217911171179011
25778,Córdoba,2019-02,1.0793013533424505,0.1174999997019767,113.99500274658205,5.010904648213895
25779,Granada,2019-02,1.2044280089868296,0.1099999994039535,127.94249725341795,5.475871905906364
25780,Huelva,2019-02,1.169903781321771,0.1299999952316284,245.1150054931641,6.798000593296555
25781,Jaén,2019-02,1.0682344245460502,0.1149999946355819,149.11500549316406,4.781462066769676
25782,Málaga,2019-02,3.223122673508731,0.1574999988079071,172.58499145507812,12.064450079323729
25783,Sevilla,2019-02,2.367775614769801,0.1149999946355819,148.0550079345703,9.741382585548314
25784,Huesca,2019-02,0.6365489780814969,0.1000000014901161,193.0050048828125,3.526572622586223
25785,Teruel,2019-02,0.4811570122882337,0.1075000017881393,117.84000396728516,2.151607408262079
25786,Zaragoza,2019-02,1.314976572556652,0.1000000014901161,207.30999755859372,7.090929729197035
25789,Las Palmas,2019-02,3.804453026626036,0.0274999998509883,144.67750549316406,10.87176323399664
25790,Santa Cruz de Tenerife,2019-02,2.88844741034849,-0.0974999964237213,103.02249908447266,8.218810488657708
25791,Cantabria,2019-02,1.973273465198523,0.1675000041723251,147.22750854492188,6.239865273347611
25801,Albacete,2019-02,0.6114743934673276,0.1174999997019767,94.64749908447266,2.8347786094031977
25802,Ciudad Real,2019-02,0.7622825273758024,0.0949999988079071,272.75250244140625,4.793030953579213
25803,Cuenca,2019-02,0.5550840128172382,0.1225000023841857,99.91749572753906,2.269982574871505
25804,Guadalajara,2019-02,0.6924700284914367,0.1174999997019767,81.99250030517578,2.849252840570928
25805,Toledo,2019-02,1.232036036319897,0.1299999952316284,101.72500610351562,4.107092228177291
25792,Ávila,2019-02,0.6068960875561692,0.1325000077486038,53.89249801635742,1.8170078869994768
25793,Burgos,2019-02,0.7492904240354743,0.1424999982118606,110.83250427246094,3.229070902127242
25794,León,2019-02,0.960124895116891,0.1400000005960464,105.94249725341795,3.601241951469252
25795,Palencia,2019-02,0.6881303404027669,0.1500000059604644,91.44749450683594,2.8671637347626664
25796,Salamanca,2019-02,0.6771221544279892,0.1075000017881393,142.6074981689453,3.746342240822966
25797,Segovia,2019-02,0.854864343130818,0.1649999916553497,109.42250061035156,3.14793904948629
25798,Soria,2019-02,0.5934667101620431,0.1375000029802322,655.7650146484375,6.473418276373746
25799,Valladolid,2019-02,1.400621636422834,0.1700000017881393,108.0425033569336,5.411496442726427
25800,Zamora,2019-02,0.5208765867303012,0.1375000029802322,108.125,2.6197553186076226
25806,Barcelona,2019-02,7.663980784158455,0.135000005364418,371.0325012207031,19.630886151191792
25807,Girona,2019-02,2.5321118556856104,0.1049999967217445,125.69000244140624,7.734616592710227
25808,Lleida,2019-02,0.94574709950412,0.1099999994039535,82.15499877929688,3.3589361460507874
25809,Tarragona,2019-02,2.777052765938741,0.125,169.322509765625,9.772163820111052
25810,Ceuta,2019-02,23.212494010149044,0.5699999928474426,118.72000122070312,28.70802538698359
25821,Melilla,2019-02,68.32026643672943,0.2675000131130218,273.6849975585937,67.09194593938996
25820,Madrid,2019-02,9.473936104449695,0.1875,189.99249267578125,20.205337554066386
25823,Navarra,2019-02,1.4733253585912691,0.135000005364418,97.04249572753906,5.319207149580182
25811,Alicante/Alacant,2019-02,6.650575180157135,0.2450000047683715,160.38999938964844,15.996764059417997
25812,Castellón/Castelló,2019-02,2.327933082243469,0.1174999997019767,217.51499938964844,10.352723573930374
25813,Valencia/València,2019-02,3.714960409083189,0.1500000059604644,254.9900054931641,12.432135432136786
25814,Badajoz,2019-02,0.6836293224295404,0.1199999973177909,75.37249755859375,2.744559923716336
25815,Cáceres,2019-02,0.4972507747899772,0.1000000014901161,118.9000015258789,1.9685215080129723
25816,A Coruña,2019-02,1.92328386829112,0.1774999946355819,96.4625015258789,5.299897085758524
25817,Lugo,2019-02,0.7367342424843379,0.1500000059604644,102.9375,2.7722659232685904
25818,Ourense,2019-02,0.8396986022475634,0.1525000035762787,78.55999755859375,2.533346164627614
25819,Pontevedra,2019-02,2.69255278969664,0.1700000017881393,94.08000183105467,5.88275206210022
25788,Illes Balears,2019-02,2.898541922584734,0.1225000023841857,257.8949890136719,9.45411601886763
25827,La Rioja,2019-02,1.714141075503686,0.1500000059604644,243.5525054931641,7.943806594528924
25824,Araba/Álava,2019-02,2.9031145216624985,0.197500005364418,205.5175018310547,12.44740243001232
25826,Bizkaia,2019-02,5.920866078683407,0.2400000095367431,192.30499267578125,15.005259741027254
25825,Gipuzkoa,2019-02,4.123388226075963,0.2475000023841858,156.3050079345703,10.488427846260686
25787,Asturias,2019-02,1.727855702295332,0.1424999982118606,130.34249877929688,6.606339947031792
25822,Murcia,2019-02,3.123566965071907,0.1375000029802322,270.49249267578125,9.835893173510293
25776,Almería,2019-03,1.5834451799314864,0.1299999952316284,137.49249267578125,6.875751259294019
25777,Cádiz,2019-03,2.9530154415336622,0.1675000041723251,246.02249145507807,13.312548014628284
25778,Córdoba,2019-03,1.093269296627203,0.1124999970197677,119.9175033569336,5.174285820213642
25779,Granada,2019-03,1.2270720939728983,0.0949999988079071,132.52000427246094,5.525877479371007
25780,Huelva,2019-03,1.1166574685586237,0.1124999970197677,195.7550048828125,6.336176618098133
25781,Jaén,2019-03,1.049504233031993,0.125,154.7100067138672,4.733419721725376
25782,Málaga,2019-03,3.225032570932874,0.1749999970197677,187.15249633789065,11.90547430882186
25783,Sevilla,2019-03,2.3700218832620794,0.1150000020861625,153.20999145507812,9.714486069561472
25784,Huesca,2019-03,0.6195650605746302,0.1099999994039535,185.01499938964844,3.37932209352109
25785,Teruel,2019-03,0.4880761490036888,0.1075000017881393,139.6425018310547,2.389391683923559
25786,Zaragoza,2019-03,1.373292629718914,0.1174999997019767,183.1100006103516,7.331466152872953
25789,Las Palmas,2019-03,3.719577778573931,0.1449999958276748,127.4749984741211,10.084986843409771
25790,Santa Cruz de Tenerife,2019-03,2.8804613953837803,-0.0724999979138374,107.94749450683594,7.922441143561592
25791,Cantabria,2019-03,1.897968748071022,0.1500000059604644,128.28250122070312,5.881628265638176
25801,Albacete,2019-03,0.6164847471482131,0.1324999928474426,108.16500091552734,2.935456741584946
25802,Ciudad Real,2019-03,0.7323603021813697,0.0949999988079071,250.0625,4.381548304203712
25803,Cuenca,2019-03,0.5352728769270504,0.1124999970197677,115.67250061035156,2.359745048275361
25804,Guadalajara,2019-03,0.6897103576560698,0.1000000014901161,87.3125,2.9470913391894813
25805,Toledo,2019-03,1.230049283116163,0.0949999988079071,102.60250091552734,4.214947979922875
25792,Ávila,2019-03,0.5724143220083472,0.1124999970197677,49.20750045776367,1.6573133113482483
25793,Burgos,2019-03,0.6943641543196697,0.135000005364418,121.72999572753906,3.346634218909013
25794,León,2019-03,0.8559885498397394,0.1099999994039535,107.41749572753906,3.586789948608761
25795,Palencia,2019-03,0.6330293187377187,0.1150000020861625,83.26000213623047,2.6550698223662
25796,Salamanca,2019-03,0.6777470647450939,0.1199999973177909,148.46249389648438,3.7424872267921017
25797,Segovia,2019-03,0.8000397688493475,0.1375000029802322,91.5425033569336,2.813711309414538
25798,Soria,2019-03,0.5553102528789716,0.1299999952316284,632.364990234375,6.244583631586303
25799,Valladolid,2019-03,1.3969784549662685,0.1525000035762787,109.6374969482422,5.45177430361781
25800,Zamora,2019-03,0.510537231922543,0.1075000017881393,91.54499816894533,2.438815099069492
25806,Barcelona,2019-03,7.546129868710474,0.1599999964237213,283.9375,18.24313642818016
25807,Girona,2019-03,2.54747265356059,0.1550000011920929,112.74500274658205,7.402882728125828
25808,Lleida,2019-03,0.9540478836356252,0.1299999952316284,83.19750213623047,3.298820283906405
25809,Tarragona,2019-03,2.8554734513581,0.1324999928474426,173.35250854492188,9.64978332513979
25810,Ceuta,2019-03,21.643977065667595,0.9100000262260436,97.06500244140624,25.521202843966748
25821,Melilla,2019-03,65.28491217874324,0.2950000166893005,247.97999572753903,62.371230513003766
25820,Madrid,2019-03,9.59516843810213,0.1800000071525573,191.62750244140625,20.600275947203603
25823,Navarra,2019-03,1.4553991717056656,0.1225000023841857,99.14250183105467,5.058298314399721
25811,Alicante/Alacant,2019-03,6.732371671070261,0.2674999833106994,166.27499389648438,16.14830349979318
25812,Castellón/Castelló,2019-03,2.324618971263819,0.1174999997019767,197.76998901367188,9.948463317435086
25813,Valencia/València,2019-03,3.796211013143628,0.1400000005960464,281.5874938964844,13.013312937505226
25814,Badajoz,2019-03,0.6602537744373475,0.1075000017881393,75.79249572753906,2.714759406924004
25815,Cáceres,2019-03,0.4846770523931773,0.0975000038743019,113.2249984741211,1.9552039531603356
25816,A Coruña,2019-03,1.839590591257297,0.1675000041723251,102.83749389648438,5.19174575626076
25817,Lugo,2019-03,0.695929210235065,0.1224999949336052,133.57749938964844,2.919639202655578
25818,Ourense,2019-03,0.8253055776043424,0.1149999946355819,92.99749755859376,2.7120199254644106
25819,Pontevedra,2019-03,2.598285957809617,0.197500005364418,86.49500274658203,5.49942277096013
25788,Illes Balears,2019-03,3.048203653836777,0.0974999964237213,290.91998291015625,10.17430694273622
25827,La Rioja,2019-03,1.6992572794719074,0.1375000029802322,209.7624969482422,7.620499936246944
25824,Araba/Álava,2019-03,2.6627373051108343,0.2049999982118606,193.9250030517578,11.59463322681908
25826,Bizkaia,2019-03,5.869733223315774,0.2299999892711639,174.1949920654297,14.398964970447706
25825,Gipuzkoa,2019-03,4.07061670230583,0.2699999809265136,124.9574966430664,9.426810365240662
25787,Asturias,2019-03,1.6644240482401582,0.1274999976158142,128.75,5.9651029639317095
25822,Murcia,2019-03,3.176847802224529,0.1375000029802322,290.2200012207031,10.02165229555204
25776,Almería,2019-04,1.5886125671321256,0.1724999994039535,133.9250030517578,6.797134317943421
25777,Cádiz,2019-04,2.885549702071712,0.2374999970197677,260.13250732421875,12.501965496038853
25778,Córdoba,2019-04,1.0574237292200046,0.1599999964237213,102.39500427246094,4.539134620581112
25779,Granada,2019-04,1.162235077925773,0.0,109.97750091552734,4.528856135128522
25780,Huelva,2019-04,1.17070193460381,0.1550000011920929,219.0225067138672,6.241897185901837
25781,Jaén,2019-04,1.032893327544842,0.1500000059604644,151.8125,4.201531327366647
25782,Málaga,2019-04,3.11420392915665,0.2199999988079071,199.5124969482422,11.318468458216508
25783,Sevilla,2019-04,2.2777524436931267,0.1800000071525573,156.28750610351562,8.908460502894929
25784,Huesca,2019-04,0.5986106975585103,-0.0724999979138374,188.09249877929688,3.240124605169182
25785,Teruel,2019-04,0.5080102882504394,0.1299999952316284,107.28499603271484,2.0238218170696234
25786,Zaragoza,2019-04,1.3249136387082023,0.1125000044703483,169.4824981689453,6.705910304885977
25789,Las Palmas,2019-04,3.589817586711918,0.209999993443489,112.32250213623048,9.232569944414898
25790,Santa Cruz de Tenerife,2019-04,2.791182712174884,-0.0900000035762786,102.00749969482422,7.573556306133752
25791,Cantabria,2019-04,1.8934750296302127,0.0850000008940696,135.51499938964844,5.744568172923806
25801,Albacete,2019-04,0.6152102226378208,0.1574999988079071,78.75749969482422,2.368753765745767
25802,Ciudad Real,2019-04,0.7461791248423538,0.135000005364418,270.322509765625,4.271292772119106
25803,Cuenca,2019-04,0.5566889340194604,0.1274999976158142,103.96749877929688,2.082993011447204
25804,Guadalajara,2019-04,0.6892424644173809,0.1324999928474426,80.625,2.6169920380564373
25805,Toledo,2019-04,1.2080989667787478,0.1424999982118606,95.0124969482422,3.782579770627612
25792,Ávila,2019-04,0.6037128841758443,0.1574999988079071,47.682498931884766,1.662810477198066
25793,Burgos,2019-04,0.6721015280426815,0.0824999958276748,100.23749542236328,3.0456665637176425
25794,León,2019-04,0.8545357557076105,0.0850000008940696,102.6050033569336,3.421629064278901
25795,Palencia,2019-04,0.6508074212389265,0.0975000038743019,90.97250366210938,2.834265198349706
25796,Salamanca,2019-04,0.7057204134632166,0.1324999928474426,130.36000061035156,3.4503361045521554
25797,Segovia,2019-04,0.8507506635243768,0.1800000071525573,97.47000122070312,2.85238087208922
25798,Soria,2019-04,0.613336096162594,0.1174999997019767,588.6275024414062,6.766202965663483
25799,Valladolid,2019-04,1.417031294443876,0.1700000017881393,102.09249877929688,5.327000082416588
25800,Zamora,2019-04,0.5410030322607045,0.125,111.3125,2.5867696101373987
25806,Barcelona,2019-04,6.940300284144639,0.125,203.54000854492188,16.239073864542885
25807,Girona,2019-04,2.2212182521689217,0.0874999985098838,110.26750183105467,6.256963227479972
25808,Lleida,2019-04,0.9079920287801988,0.0775000005960464,78.0625,3.055681680410803
25809,Tarragona,2019-04,2.7410983458432976,0.1599999964237213,279.1750183105469,9.481946006798252
25810,Ceuta,2019-04,17.218219832123616,0.9774999618530272,81.1624984741211,20.40871218429938
25821,Melilla,2019-04,57.67250441440596,0.4524999856948852,235.19500732421875,56.49338964741876
25820,Madrid,2019-04,8.903083528857065,0.2175000011920929,163.50750732421875,18.472653371008278
25823,Navarra,2019-04,1.3877290524027697,0.0050000008195638,105.02999877929688,4.794586036457289
25811,Alicante/Alacant,2019-04,6.254965266751587,0.2874999940395355,155.1999969482422,14.755877747030176
25812,Castellón/Castelló,2019-04,2.298567658005327,0.1375000029802322,196.28500366210935,9.731535044729682
25813,Valencia/València,2019-04,3.5894252056308367,0.125,237.4624938964844,11.821446868472163
25814,Badajoz,2019-04,0.6921922075950425,0.1324999928474426,68.53250122070312,2.51361728797558
25815,Cáceres,2019-04,0.5144061157645271,0.1024999991059303,102.1875,1.8597599314538016
25816,A Coruña,2019-04,2.115369063425023,0.1599999964237213,114.80750274658205,6.270895022333966
25817,Lugo,2019-04,0.6510934101481991,0.1075000017881393,66.81749725341797,1.9192595361794904
25818,Ourense,2019-04,0.877959760822616,0.1299999952316284,94.96249389648438,2.697745334544064
25819,Pontevedra,2019-04,2.9671729950745043,0.1924999952316284,91.9499969482422,6.281895165938819
25788,Illes Balears,2019-04,2.9879866528455765,0.1299999952316284,275.5849914550781,9.706308723519626
25827,La Rioja,2019-04,1.5292865897858845,0.1150000020861625,179.7274932861328,6.297492035575293
25824,Araba/Álava,2019-04,2.518205191045299,0.1674999892711639,167.77749633789062,10.106981032559856
25826,Bizkaia,2019-04,6.130409582656976,0.2150000035762787,434.5824890136719,16.417371794449593
25825,Gipuzkoa,2019-04,4.385751846387647,0.2199999988079071,164.40499877929688,11.438237856073355
25787,Asturias,2019-04,1.705424856694955,0.0850000008940696,524.2150268554688,8.160351301008973
25822,Murcia,2019-04,3.0414906008652807,0.1599999964237213,303.54998779296875,9.577121449593577
25776,Almería,2019-05,1.4211009482612094,0.0350000001490116,108.5574951171875,5.767230627183039
25777,Cádiz,2019-05,2.6447273583306474,0.1649999916553497,269.1474914550781,12.065570930177442
25778,Córdoba,2019-05,1.0242432557536312,0.1000000014901161,98.41749572753906,4.355135288895821
25779,Granada,2019-05,1.1792571096413191,0.0625,116.6750030517578,5.031883825140463
25780,Huelva,2019-05,1.0632669105359671,0.1075000017881393,173.3125,6.139175071614403
25781,Jaén,2019-05,1.038516021011649,0.0700000002980232,144.9324951171875,4.288596187939965
25782,Málaga,2019-05,3.114917094919145,0.2049999982118606,182.4425048828125,11.299269976451155
25783,Sevilla,2019-05,2.275926910198569,0.1199999973177909,280.56500244140625,9.442867190014496
25784,Huesca,2019-05,0.0,0.0,0.0,0.0
25785,Teruel,2019-05,0.1294247135664323,0.0,112.65750122070312,1.7542480860974137
25786,Zaragoza,2019-05,0.0,0.0,0.0,0.0
25789,Las Palmas,2019-05,3.5126180504004463,0.0,143.97999572753906,8.663118643647262
25790,Santa Cruz de Tenerife,2019-05,2.826198748619869,-0.0099999997764825,105.70999908447266,7.86492011175859
25791,Cantabria,2019-05,0.0,0.0,0.0,0.0
25801,Albacete,2019-05,0.6420641834232148,-0.0824999958276748,134.55250549316406,2.926285952821274
25802,Ciudad Real,2019-05,0.7691786135865866,0.0099999997764825,166.21499633789062,4.056399049954071
25803,Cuenca,2019-05,0.5953521583626372,-0.0324999988079071,88.77249908447266,2.306063703818132
25804,Guadalajara,2019-05,0.0816348888081081,0.0,33.38999938964844,0.6296074853475216
25805,Toledo,2019-05,1.265469381956969,0.0700000002980232,108.0124969482422,4.294555779800241
25792,Ávila,2019-05,0.3123463312046537,0.0,51.27000045776367,1.1507338513458467
25793,Burgos,2019-05,0.0,0.0,0.0,0.0
25794,León,2019-05,0.0,0.0,0.0,0.0
25795,Palencia,2019-05,0.0,0.0,0.0,0.0
25796,Salamanca,2019-05,0.166307864553865,-0.0799999982118606,65.55500030517578,1.076924141901646
25797,Segovia,2019-05,0.0,0.0,0.0,0.0
25798,Soria,2019-05,0.0,0.0,0.0,0.0
25799,Valladolid,2019-05,0.0,0.0,0.0,0.0
25800,Zamora,2019-05,0.0,0.0,0.0,0.0
25806,Barcelona,2019-05,0.0,0.0,0.0,0.0
25807,Girona,2019-05,0.0,0.0,0.0,0.0
25808,Lleida,2019-05,0.0,0.0,0.0,0.0
25809,Tarragona,2019-05,0.0,0.0,0.0,0.0
25810,Ceuta,2019-05,20.52929757942461,0.7124999761581421,92.93250274658205,25.179353852741414
25821,Melilla,2019-05,51.58887047394449,0.2924999892711639,196.875,49.15782678699836
25820,Madrid,2019-05,7.347154717933965,0.0,179.89999389648438,18.980310342174764
25823,Navarra,2019-05,0.0,0.0,0.0,0.0
25811,Alicante/Alacant,2019-05,6.277259142003225,0.1625000089406967,156.8699951171875,14.867828250057885
25812,Castellón/Castelló,2019-05,1.9939573794289345,-0.1000000014901161,201.2725067138672,9.8817077123114
25813,Valencia/València,2019-05,3.620641732710663,0.0,224.13499450683597,12.011967954429924
25814,Badajoz,2019-05,0.6497459978780563,0.0,93.1824951171875,2.307434805299964
25815,Cáceres,2019-05,0.4997970015513543,-0.0249999985098838,120.82749938964844,1.9844880045853812
25816,A Coruña,2019-05,0.0,0.0,0.0,0.0
25817,Lugo,2019-05,0.0,0.0,0.0,0.0
25818,Ourense,2019-05,0.0,0.0,0.0,0.0
25819,Pontevedra,2019-05,0.0,0.0,0.0,0.0
25788,Illes Balears,2019-05,3.036587507757194,-0.2000000029802322,402.5350036621094,10.827967580301024
25827,La Rioja,2019-05,0.0,0.0,0.0,0.0
25824,Araba/Álava,2019-05,0.0,0.0,0.0,0.0
25826,Bizkaia,2019-05,0.0,0.0,0.0,0.0
25825,Gipuzkoa,2019-05,0.0,0.0,0.0,0.0
25787,Asturias,2019-05,0.0,0.0,0.0,0.0
25822,Murcia,2019-05,3.0168551936197274,-0.0425000004470348,367.0325012207031,9.741614387589122
25776,Almería,2019-06,0.0,0.0,0.0,0.0
25777,Cádiz,2019-06,0.0,0.0,0.0,0.0
25778,Córdoba,2019-06,0.0,0.0,0.0,0.0
25779,Granada,2019-06,0.0,0.0,0.0,0.0
25780,Huelva,2019-06,0.0,0.0,0.0,0.0
25781,Jaén,2019-06,0.0,0.0,0.0,0.0
25782,Málaga,2019-06,0.0,0.0,0.0,0.0
25783,Sevilla,2019-06,0.0,0.0,0.0,0.0
25784,Huesca,2019-06,0.0,0.0,0.0,0.0
25785,Teruel,2019-06,0.0,0.0,0.0,0.0
25786,Zaragoza,2019-06,0.0,0.0,0.0,0.0
25789,Las Palmas,2019-06,3.455973501941119,0.2049999982118606,106.66999816894533,8.530195142415149
25790,Santa Cruz de Tenerife,2019-06,2.717127233674968,0.0,84.08749389648438,6.766232799710157
25791,Cantabria,2019-06,0.0,0.0,0.0,0.0
25801,Albacete,2019-06,0.0,0.0,0.0,0.0
25802,Ciudad Real,2019-06,0.0,0.0,0.0,0.0
25803,Cuenca,2019-06,0.0,0.0,0.0,0.0
25804,Guadalajara,2019-06,0.0,0.0,0.0,0.0
25805,Toledo,2019-06,0.0,0.0,0.0,0.0
25792,Ávila,2019-06,0.0,0.0,0.0,0.0
25793,Burgos,2019-06,0.0,0.0,0.0,0.0
25794,León,2019-06,0.0,0.0,0.0,0.0
25795,Palencia,2019-06,0.0,0.0,0.0,0.0
25796,Salamanca,2019-06,0.0,0.0,0.0,0.0
25797,Segovia,2019-06,0.0,0.0,0.0,0.0
25798,Soria,2019-06,0.0,0.0,0.0,0.0
25799,Valladolid,2019-06,0.0,0.0,0.0,0.0
25800,Zamora,2019-06,0.0,0.0,0.0,0.0
25806,Barcelona,2019-06,0.0,0.0,0.0,0.0
25807,Girona,2019-06,0.0,0.0,0.0,0.0
25808,Lleida,2019-06,0.0,0.0,0.0,0.0
25809,Tarragona,2019-06,0.0,0.0,0.0,0.0
25810,Ceuta,2019-06,0.0,0.0,0.0,0.0
25821,Melilla,2019-06,0.0,0.0,0.0,0.0
25820,Madrid,2019-06,0.0,0.0,0.0,0.0
25823,Navarra,2019-06,0.0,0.0,0.0,0.0
25811,Alicante/Alacant,2019-06,0.0,0.0,0.0,0.0
25812,Castellón/Castelló,2019-06,0.0,0.0,0.0,0.0
25813,Valencia/València,2019-06,0.0,0.0,0.0,0.0
25814,Badajoz,2019-06,0.0,0.0,0.0,0.0
25815,Cáceres,2019-06,0.0,0.0,0.0,0.0
25816,A Coruña,2019-06,0.0,0.0,0.0,0.0
25817,Lugo,2019-06,0.0,0.0,0.0,0.0
25818,Ourense,2019-06,0.0,0.0,0.0,0.0
25819,Pontevedra,2019-06,0.0,0.0,0.0,0.0
25788,Illes Balears,2019-06,0.0,0.0,0.0,0.0
25827,La Rioja,2019-06,0.0,0.0,0.0,0.0
25824,Araba/Álava,2019-06,0.0,0.0,0.0,0.0
25826,Bizkaia,2019-06,0.0,0.0,0.0,0.0
25825,Gipuzkoa,2019-06,0.0,0.0,0.0,0.0
25787,Asturias,2019-06,0.0,0.0,0.0,0.0
25822,Murcia,2019-06,0.0,0.0,0.0,0.0
25776,Almería,2019-07,1.669501472837364,-0.1000000014901161,165.7550048828125,7.183951800833039
25777,Cádiz,2019-07,2.6942878629426104,0.0425000004470348,300.9974975585937,11.93462263981601
25778,Córdoba,2019-07,1.0656082901911308,-0.550000011920929,86.48749542236328,4.102976684911485
25779,Granada,2019-07,1.3937900512959442,-0.0549999997019767,136.2050018310547,5.709447511863851
25780,Huelva,2019-07,1.205944426734914,-0.1500000059604644,236.31500244140625,7.03072164372831
25781,Jaén,2019-07,1.170758679984545,-0.449999988079071,113.9749984741211,4.655588097337978
25782,Málaga,2019-07,3.375386003373392,0.1149999946355819,193.6824951171875,11.733778873211246
25783,Sevilla,2019-07,2.380063970704714,-0.1650000065565109,139.239990234375,9.295378635386063
25784,Huesca,2019-07,0.0,0.0,0.0,0.0
25785,Teruel,2019-07,0.0,0.0,0.0,0.0
25786,Zaragoza,2019-07,0.0,0.0,0.0,0.0
25789,Las Palmas,2019-07,3.3918014715335585,0.0,110.24250030517578,8.537279405804647
25790,Santa Cruz de Tenerife,2019-07,2.7273321691558667,0.0,104.25999450683594,7.860041119563357
25791,Cantabria,2019-07,0.0,0.0,0.0,0.0
25801,Albacete,2019-07,0.1567461480750316,-0.2899999916553497,43.34749984741211,0.8631570275081074
25802,Ciudad Real,2019-07,0.2862745502676407,-0.3199999928474426,213.5500030517578,3.2641909150310324
25803,Cuenca,2019-07,0.0,0.0,0.0,0.0
25804,Guadalajara,2019-07,0.0,0.0,0.0,0.0
25805,Toledo,2019-07,0.0,0.0,0.0,0.0
25792,Ávila,2019-07,0.0,0.0,0.0,0.0
25793,Burgos,2019-07,0.0,0.0,0.0,0.0
25794,León,2019-07,0.0,0.0,0.0,0.0
25795,Palencia,2019-07,0.0,0.0,0.0,0.0
25796,Salamanca,2019-07,0.0,0.0,0.0,0.0
25797,Segovia,2019-07,0.0,0.0,0.0,0.0
25798,Soria,2019-07,0.0,0.0,0.0,0.0
25799,Valladolid,2019-07,0.0,0.0,0.0,0.0
25800,Zamora,2019-07,0.0,0.0,0.0,0.0
25806,Barcelona,2019-07,0.0,0.0,0.0,0.0
25807,Girona,2019-07,0.0,0.0,0.0,0.0
25808,Lleida,2019-07,0.0,0.0,0.0,0.0
25809,Tarragona,2019-07,0.0,0.0,0.0,0.0
25810,Ceuta,2019-07,15.582465222814893,0.6650000214576721,65.45999908447266,18.2589553909938
25821,Melilla,2019-07,50.55199711952851,0.324999988079071,184.875,49.01608579795811
25820,Madrid,2019-07,0.0,0.0,0.0,0.0
25823,Navarra,2019-07,0.0,0.0,0.0,0.0
25811,Alicante/Alacant,2019-07,5.988747252861117,-0.1400000005960464,182.8999938964844,15.078098786758655
25812,Castellón/Castelló,2019-07,0.0,0.0,0.0,0.0
25813,Valencia/València,2019-07,0.1564323096716542,0.0,68.30000305175781,1.894474311287576
25814,Badajoz,2019-07,0.146780414249871,-0.25,46.685001373291016,1.158152451762222
25815,Cáceres,2019-07,0.0,0.0,0.0,0.0
25816,A Coruña,2019-07,0.0,0.0,0.0,0.0
25817,Lugo,2019-07,0.0,0.0,0.0,0.0
25818,Ourense,2019-07,0.0,0.0,0.0,0.0
25819,Pontevedra,2019-07,0.0,0.0,0.0,0.0
25788,Illes Balears,2019-07,0.322475713872087,-0.0474999956786632,117.3550033569336,3.830225361451169
25827,La Rioja,2019-07,0.0,0.0,0.0,0.0
25824,Araba/Álava,2019-07,0.0,0.0,0.0,0.0
25826,Bizkaia,2019-07,0.0,0.0,0.0,0.0
25825,Gipuzkoa,2019-07,0.0,0.0,0.0,0.0
25787,Asturias,2019-07,0.0,0.0,0.0,0.0
25822,Murcia,2019-07,3.1050286642574303,-0.2000000029802322,431.7974853515625,9.904001324294343
25776,Almería,2019-08,1.4494906006634076,0.0474999994039535,132.65249633789062,6.110541557407305
25777,Cádiz,2019-08,2.786625748719866,0.1299999952316284,259.31500244140625,12.09146221915074
25778,Córdoba,2019-08,1.0215599581319328,0.0775000005960464,106.68000030517578,4.689284175287688
25779,Granada,2019-08,1.1470712362613904,0.0850000008940696,111.38999938964844,4.840683346095639
25780,Huelva,2019-08,1.092516464555148,0.0799999982118606,223.2400054931641,6.644805469065702
25781,Jaén,2019-08,0.979138207346452,0.0775000005960464,131.3300018310547,4.222335700908825
25782,Málaga,2019-08,2.978613617008014,0.135000005364418,199.86248779296875,10.370595353406326
25783,Sevilla,2019-08,2.2725194952732988,0.0850000008940696,133.02999877929688,9.173814224458926
25784,Huesca,2019-08,0.5697372516231463,0.0625,156.99749755859375,2.8879169096987805
25785,Teruel,2019-08,0.427812851546406,0.0024999999441206,131.1475067138672,2.1995409940193102
25786,Zaragoza,2019-08,1.2643345093808844,0.0324999988079071,162.03500366210938,6.2939718909445705
25789,Las Palmas,2019-08,3.4122200374164366,0.1124999970197677,118.09750366210938,8.84127480022966
25790,Santa Cruz de Tenerife,2019-08,2.7485367989806697,-0.0099999997764825,98.27999877929688,7.7596552753241586
25791,Cantabria,2019-08,1.2580395965088622,0.0,72.73249816894531,3.850082374880012
25801,Albacete,2019-08,0.5439258916692318,0.0700000002980232,68.02249908447266,2.3287005903372675
25802,Ciudad Real,2019-08,0.7075727129352357,0.0399999991059303,255.37750244140625,4.368709895016841
25803,Cuenca,2019-08,0.5126825822944657,-0.0199999995529651,90.6125030517578,2.1079453264563
25804,Guadalajara,2019-08,0.6611555519737993,0.0,85.69499969482422,2.6527253792104326
25805,Toledo,2019-08,1.1945432613027127,0.050000000745058,80.00250244140625,3.7785218245869343
25792,Ávila,2019-08,0.5532965431165742,0.0474999994039535,47.99250030517578,1.5617144397919456
25793,Burgos,2019-08,0.660297575931663,0.0,107.20249938964844,3.2011093560047423
25794,León,2019-08,0.7729876395527527,0.0600000023841857,80.34500122070312,2.814727443346491
25795,Palencia,2019-08,0.6431145915797555,0.0450000017881393,85.19000244140625,2.6758259084914857
25796,Salamanca,2019-08,0.634789558260342,0.0450000017881393,112.5574951171875,3.1566906156249277
25797,Segovia,2019-08,0.8335056186756397,0.0850000008940696,86.97999572753906,2.7120441197816816
25798,Soria,2019-08,0.4662574703098602,0.0474999994039535,78.24250030517578,2.046688438660245
25799,Valladolid,2019-08,1.3853123532615206,0.125,99.68499755859376,5.161910394016931
25800,Zamora,2019-08,0.5032971406617194,0.0474999994039535,97.18499755859376,2.48626660369073
25806,Barcelona,2019-08,6.87466189480779,0.1325000077486038,264.2200012207031,15.921349605302796
25807,Girona,2019-08,2.4473979386263744,0.1324999928474426,93.93000030517578,6.473578156987865
25808,Lleida,2019-08,0.889875733830177,0.0399999991059303,59.06999969482422,2.729734636821832
25809,Tarragona,2019-08,2.6024740127520376,0.0474999994039535,183.8800048828125,8.49935700367237
25810,Ceuta,2019-08,16.850584180620835,1.0525000095367432,64.81999969482422,18.432440198208056
25821,Melilla,2019-08,46.717242262343774,0.2325000017881393,175.3824920654297,42.737319636868015
25820,Madrid,2019-08,8.686756627537692,0.0974999964237213,171.92250061035156,17.507273252708057
25823,Navarra,2019-08,1.3957537447271229,0.0,90.60499572753906,4.909237847767399
25811,Alicante/Alacant,2019-08,5.882487027355544,0.270000010728836,140.8125,13.061069237957687
25812,Castellón/Castelló,2019-08,2.116726728936792,0.0524999983608722,159.46499633789062,8.78134832428613
25813,Valencia/València,2019-08,3.3727580767994945,0.0575000010430812,209.33499145507807,10.57680129481667
25814,Badajoz,2019-08,0.6307514388710919,0.0549999997019767,67.30999755859375,2.587327498861006
25815,Cáceres,2019-08,0.4516838240987875,0.0199999995529651,107.42250061035156,1.8160430300890296
25816,A Coruña,2019-08,1.968565499907412,-0.1800000071525573,108.64500427246094,6.297338576174969
25817,Lugo,2019-08,0.2541661561620068,0.0,46.20000076293945,0.852016607307486
25818,Ourense,2019-08,0.8716084002493467,0.0724999979138374,89.27749633789062,2.8457761012878686
25819,Pontevedra,2019-08,3.08255120094066,0.0,99.26499938964844,6.919785252041818
25788,Illes Balears,2019-08,2.9927402675776005,0.0450000017881393,258.26251220703125,9.080108451699056
25827,La Rioja,2019-08,1.5842634878130086,0.0974999964237213,194.65499877929688,6.686137905987303
25824,Araba/Álava,2019-08,2.111145225468018,0.0,151.28250122070312,9.343745603179656
25826,Bizkaia,2019-08,5.1138098209201495,0.0,142.385009765625,13.290452855973976
25825,Gipuzkoa,2019-08,3.057763296072508,0.0,69.25749969482422,5.483452577170777
25787,Asturias,2019-08,1.141300795157017,-0.0099999997764825,532.91748046875,8.01875304910711
25822,Murcia,2019-08,2.8125496019192373,0.0850000008940696,368.9725036621094,8.43300927995639
25776,Almería,2019-09,1.4552668946800802,0.1650000065565109,117.0250015258789,5.9728711839261255
25777,Cádiz,2019-09,2.823970333271891,0.2125000059604644,211.6999969482422,11.69197460602444
25778,Córdoba,2019-09,1.0890112856034724,0.1599999964237213,104.11499786376952,4.662782760606302
25779,Granada,2019-09,1.1806656889120155,0.1550000011920929,113.78250122070312,4.750450110355282
25780,Huelva,2019-09,1.1954168230623547,0.1624999940395355,264.54998779296875,6.586873265745093
25781,Jaén,2019-09,1.0406409565716277,0.1500000059604644,133.2949981689453,4.261325477524042
25782,Málaga,2019-09,3.0439711758958423,0.2349999994039535,177.89999389648438,10.64724859616821
25783,Sevilla,2019-09,2.3319484635171874,0.1724999994039535,135.72500610351562,8.784323945354004
25784,Huesca,2019-09,0.6057400371171946,0.1500000059604644,174.01998901367188,3.1337252698844265
25785,Teruel,2019-09,0.4911910112181931,0.1375000029802322,97.90249633789062,2.004187829969301
25786,Zaragoza,2019-09,1.3314373485598563,0.1500000059604644,169.39500427246094,6.744635787082092
25789,Las Palmas,2019-09,3.428845516788676,0.1500000059604644,116.34500122070312,9.085857103345091
25790,Santa Cruz de Tenerife,2019-09,2.681348314320422,0.0,87.02249908447266,7.414383011345539
25791,Cantabria,2019-09,1.7082658191070577,0.1850000023841858,97.51750183105467,4.934157433959872
25801,Albacete,2019-09,0.5957961746492434,0.1449999958276748,69.12750244140625,2.153065935169528
25802,Ciudad Real,2019-09,0.7684998780896908,0.125,245.0625,4.211330586055298
25803,Cuenca,2019-09,0.5801277261584987,0.1375000029802322,90.4800033569336,2.116757129396533
25804,Guadalajara,2019-09,0.7167302244959188,0.1424999982118606,95.12999725341795,2.7311557012039445
25805,Toledo,2019-09,1.2628778366862854,0.1424999982118606,91.08499908447266,3.9130762411482127
25792,Ávila,2019-09,0.6086324201233447,0.1525000035762787,52.26499938964844,1.6822616472324492
25793,Burgos,2019-09,0.7256197357613057,0.1599999964237213,114.35749816894533,3.384383276463199
25794,León,2019-09,0.8503730153128326,0.1599999964237213,86.76249694824219,2.890606618217368
25795,Palencia,2019-09,0.7047000841078633,0.1700000017881393,93.52999877929688,2.99454576357649
25796,Salamanca,2019-09,0.7197040738818594,0.1574999988079071,138.59249877929688,3.631058144859304
25797,Segovia,2019-09,0.873089863189921,0.1924999952316284,99.13499450683594,2.88295043619816
25798,Soria,2019-09,0.5097450461092973,0.1599999964237213,76.40249633789062,2.094154902406673
25799,Valladolid,2019-09,1.4705825460476851,0.209999993443489,105.6750030517578,5.513218351146795
25800,Zamora,2019-09,0.5672974056373702,0.1574999988079071,112.7550048828125,2.697026792433737
25806,Barcelona,2019-09,6.852217205043127,0.1800000071525573,200.135009765625,16.179525124690887
25807,Girona,2019-09,2.386564023558661,0.1850000023841858,110.27749633789062,6.748242014572837
25808,Lleida,2019-09,0.9048429241124976,0.1500000059604644,69.06749725341797,3.051306019359972
25809,Tarragona,2019-09,2.679759246518421,0.1649999916553497,198.25250244140625,9.176322592471038
25810,Ceuta,2019-09,15.95987927548486,0.8450000286102295,63.90499877929688,17.779847252320916
25821,Melilla,2019-09,53.77172146862853,0.3824999928474426,238.8574981689453,53.1478125583056
25820,Madrid,2019-09,8.933349466140633,0.2125000059604644,181.1725006103516,18.39063229546999
25823,Navarra,2019-09,1.4818229145824755,0.1375000029802322,101.82249450683594,5.265697514877636
25811,Alicante/Alacant,2019-09,5.807401857870138,0.2549999952316284,137.8249969482422,13.169233593793376
25812,Castellón/Castelló,2019-09,2.144409619677079,0.1400000005960464,166.9199981689453,8.58941694963881
25813,Valencia/València,2019-09,3.305041649913255,0.1624999940395355,179.83499145507812,10.024942855956017
25814,Badajoz,2019-09,0.7307115076782424,0.1375000029802322,65.68499755859375,2.6806903740101764
25815,Cáceres,2019-09,0.5231540758019301,0.1424999982118606,108.81999969482422,1.8441550812225351
25816,A Coruña,2019-09,2.161390401742042,0.2425000071525573,112.1875,5.937148087616501
25817,Lugo,2019-09,0.7889605253497542,0.1875,112.18499755859376,2.856043989522905
25818,Ourense,2019-09,0.9192492652848224,0.1800000071525573,85.67250061035156,2.6535558504356263
25819,Pontevedra,2019-09,3.030969726348653,0.262499988079071,85.76750183105469,6.37906401027189
25788,Illes Balears,2019-09,2.9808687876715787,0.1500000059604644,280.7925109863281,9.367164545298452
25827,La Rioja,2019-09,1.6576741861974766,0.1775000095367431,183.5475006103516,6.725840170068507
25824,Araba/Álava,2019-09,2.5993121153114984,0.2100000083446502,172.10499572753906,10.5678172530007
25826,Bizkaia,2019-09,5.475719316858165,0.2549999952316284,158.09249877929688,13.187001828574507
25825,Gipuzkoa,2019-09,3.874495280313771,0.2800000011920929,115.72500610351562,9.243084967315436
25787,Asturias,2019-09,1.5475383856730394,0.1750000119209289,176.6425018310547,5.503405258285261
25822,Murcia,2019-09,2.785889598932428,0.1574999988079071,227.98001098632807,8.05408436991418
25776,Almería,2019-10,1.6009117324612148,0.2199999988079071,135.88499450683594,6.675837085396799
25777,Cádiz,2019-10,2.8720576862514307,0.2725000083446502,277.77001953125,12.17997271960569
25778,Córdoba,2019-10,1.1477396521410108,0.2175000011920929,100.96499633789062,4.672141775633575
25779,Granada,2019-10,1.2526004123448773,0.2150000035762787,128.03750610351562,5.02785627572952
25780,Huelva,2019-10,1.3022593696067115,0.262499988079071,234.09500122070312,6.927432334826335
25781,Jaén,2019-10,1.1210272909465453,0.2199999988079071,153.84249877929688,4.469353835790681
25782,Málaga,2019-10,3.145522929684393,0.270000010728836,206.4949951171875,11.264924269832257
25783,Sevilla,2019-10,2.417559140516822,0.2450000047683715,132.85499572753906,9.144543305897557
25784,Huesca,2019-10,0.6539220866082911,0.147499993443489,177.56500244140625,3.1626905252576334
25785,Teruel,2019-10,0.5486461152524381,0.1749999970197677,123.72500610351562,2.120231211706971
25786,Zaragoza,2019-10,1.367272916700895,0.1624999940395355,173.85250854492188,6.835795608934077
25789,Las Palmas,2019-10,3.828823981991377,0.1850000023841858,186.27749633789065,10.364875173896491
25790,Santa Cruz de Tenerife,2019-10,2.8674201932863324,0.0,95.29750061035156,7.951669341364353
25791,Cantabria,2019-10,1.7821616005160572,0.1949999928474426,105.67250061035156,5.138123632062177
25801,Albacete,2019-10,0.6598225267863321,0.2224999964237213,71.40750122070312,2.2834690040521526
25802,Ciudad Real,2019-10,0.8093797731135677,0.1850000023841858,224.9225006103516,4.098742862673958
25803,Cuenca,2019-10,0.6172843863066885,0.1749999970197677,88.6449966430664,2.106111636845036
25804,Guadalajara,2019-10,0.748643446027731,0.1899999976158142,88.29499816894531,2.7738512638708697
25805,Toledo,2019-10,1.311983696769302,0.197500005364418,91.2750015258789,3.968446375192145
25792,Ávila,2019-10,0.70209811473689,0.2524999976158142,51.15999984741211,1.709813883282964
25793,Burgos,2019-10,0.7874935626329801,0.1650000065565109,116.72999572753906,3.6848633257312606
25794,León,2019-10,0.8405667786943444,0.1624999940395355,73.83250427246094,2.530148615556745
25795,Palencia,2019-10,0.7352549980008556,0.1525000035762787,88.20249938964844,2.821812575395544
25796,Salamanca,2019-10,0.7877789572928152,0.2150000035762787,130.7624969482422,3.5239254557232904
25797,Segovia,2019-10,0.9134942190337632,0.1924999952316284,104.97750091552734,2.8965088426294043
25798,Soria,2019-10,0.5252953982631564,0.1574999988079071,78.02999877929688,2.038947079341263
25799,Valladolid,2019-10,1.512822099280964,0.2175000011920929,117.45500183105467,5.483754652890439
25800,Zamora,2019-10,0.6118058760150611,0.2100000083446502,104.52999877929688,2.591869447121552
25806,Barcelona,2019-10,7.096797772700308,0.2150000035762787,229.84249877929688,17.177918765474015
25807,Girona,2019-10,2.4240062772947724,0.1924999952316284,123.85749816894533,6.955660342629367
25808,Lleida,2019-10,0.9452100735217136,0.1875,71.86000061035156,2.995882014907897
25809,Tarragona,2019-10,2.8583123834161253,0.2025000005960464,605.7125244140625,11.71941606278586
25810,Ceuta,2019-10,16.36842180031629,0.6875,69.94750213623047,19.49278102881476
25821,Melilla,2019-10,55.50200156325017,0.3700000047683716,225.91000366210935,54.64040126440912
25820,Madrid,2019-10,9.089847736740484,0.2449999898672104,190.01499938964844,19.03019849480498
25823,Navarra,2019-10,1.4663922886666092,0.1500000059604644,99.69000244140624,5.23073819388472
25811,Alicante/Alacant,2019-10,6.102871353900741,0.3400000035762787,141.0449981689453,14.1706118455185
25812,Castellón/Castelló,2019-10,2.2764126034369427,0.2199999988079071,182.1725006103516,9.415538135443184
25813,Valencia/València,2019-10,3.531708338885316,0.1700000017881393,211.1100006103516,11.177757820282284
25814,Badajoz,2019-10,0.7959401104458439,0.2125000059604644,72.7699966430664,2.634991110254572
25815,Cáceres,2019-10,0.5988478478540562,0.2150000035762787,105.47000122070312,1.8497733966192047
25816,A Coruña,2019-10,1.9521622869503392,0.2675000131130218,124.5124969482422,5.164160097798752
25817,Lugo,2019-10,0.7594300960337049,0.2400000095367431,92.81500244140624,2.2439645537312294
25818,Ourense,2019-10,0.8966164682474551,0.2300000041723251,73.34750366210938,2.267303450650373
25819,Pontevedra,2019-10,2.63843891461887,0.3275000154972076,73.09249877929688,5.260948554586106
25788,Illes Balears,2019-10,3.0201602016949844,0.2224999964237213,234.3600006103516,9.228445845722426
25827,La Rioja,2019-10,1.6338247128438776,0.1624999940395355,189.1374969482422,7.049735931726401
25824,Araba/Álava,2019-10,2.604119736938494,0.2424999922513961,190.1499938964844,10.908366933171465
25826,Bizkaia,2019-10,6.051881831479112,0.2725000083446502,154.3000030517578,15.337409112333209
25825,Gipuzkoa,2019-10,3.79265386249137,0.2549999952316284,133.35499572753906,9.138088882256616
25787,Asturias,2019-10,1.450208743920535,0.2125000059604644,108.58499908447266,4.94295204705584
25822,Murcia,2019-10,2.920003002802721,0.2300000041723251,276.5899963378906,8.700825949902315
25776,Almería,2019-11,1.7069688929360918,0.2425000071525573,137.45750427246094,6.730009253095321
25777,Cádiz,2019-11,2.7008522262411025,0.3125,271.3699951171875,10.860043503072829
25778,Córdoba,2019-11,1.036336648645888,0.2374999970197677,65.70500183105469,3.1117471610210554
25779,Granada,2019-11,1.1610591282841447,0.1774999946355819,70.34500122070312,3.615862265876748
25780,Huelva,2019-11,1.152948441902015,0.2674999833106994,147.5675048828125,4.785514220191834
25781,Jaén,2019-11,1.027069650252691,0.1850000023841858,82.75499725341797,2.781661626452109
25782,Málaga,2019-11,3.128483657906902,0.2849999964237213,167.34500122070312,10.996546729710731
25783,Sevilla,2019-11,2.221249266402125,0.2450000047683715,109.3175048828125,7.5744146584866945
25784,Huesca,2019-11,0.7135631102820165,0.2874999940395355,107.97750091552734,2.102155248233035
25785,Teruel,2019-11,0.6277280472803,0.2300000041723251,92.62249755859376,1.676877032750698
25786,Zaragoza,2019-11,1.4057114316571837,0.2849999964237213,166.3125,6.20046506161602
25789,Las Palmas,2019-11,3.531628422581215,0.2374999970197677,162.21749877929688,9.607418855608188
25790,Santa Cruz de Tenerife,2019-11,2.716565215185298,-0.0199999995529651,95.80500030517578,7.451890639729996
25791,Cantabria,2019-11,1.4450027426325622,0.0,75.12000274658203,3.133502302600936
25801,Albacete,2019-11,0.7066560638573453,0.2450000047683715,61.182498931884766,1.9070315018147288
25802,Ciudad Real,2019-11,0.7942476272585529,0.25,217.0225067138672,2.829937621649716
25803,Cuenca,2019-11,0.6332018528524268,0.2849999964237213,34.54499816894531,1.016690228135154
25804,Guadalajara,2019-11,0.7652109623210899,0.2775000035762787,46.92499923706055,1.7669856627561022
25805,Toledo,2019-11,1.2058977870658774,0.270000010728836,57.372501373291016,2.6584961766841344
25792,Ávila,2019-11,0.6844915647226596,0.2599999904632568,36.42250061035156,1.12930281806403
25793,Burgos,2019-11,0.717324421166189,0.2899999916553497,45.91999816894531,1.4849751557179292
25794,León,2019-11,0.8015858073827979,0.2649999856948852,46.02750015258789,1.6895424624913622
25795,Palencia,2019-11,0.7622494490871282,0.3125,84.73500061035156,2.230563084035961
25796,Salamanca,2019-11,0.6952296462151922,0.2874999940395355,58.872501373291016,1.862728458037164
25797,Segovia,2019-11,0.8003854343714216,0.3449999988079071,35.1974983215332,1.2276294821911036
25798,Soria,2019-11,0.6395789611053154,0.3000000119209289,123.98999786376952,1.7503688424546566
25799,Valladolid,2019-11,1.3181279763135567,0.3100000023841858,65.16999816894531,3.718881006151788
25800,Zamora,2019-11,0.6194931958221191,0.209999993443489,73.0374984741211,1.83988645745592
25806,Barcelona,2019-11,7.244221821632903,0.3174999952316284,241.0574951171875,17.442428333219183
25807,Girona,2019-11,2.4590285432060943,0.2874999940395355,126.5374984741211,6.8074573353560295
25808,Lleida,2019-11,1.027902315349061,0.3125,61.875,2.5568391867268145
25809,Tarragona,2019-11,3.4278972479657224,0.3174999952316284,2828.44482421875,33.27351253280896
25810,Ceuta,2019-11,17.09495447769869,0.9074999690055848,66.40250396728516,19.306271547306103
25821,Melilla,2019-11,57.12554402764335,0.4474999904632568,239.8300018310547,55.96640296078741
25820,Madrid,2019-11,7.832895757879653,0.4000000059604645,162.09500122070312,15.544591366794403
25823,Navarra,2019-11,1.2661937436960895,0.2775000035762787,90.82749938964844,3.3878314777530005
25811,Alicante/Alacant,2019-11,6.30020673439704,0.4399999976158142,140.87249755859375,14.435723400961969
25812,Castellón/Castelló,2019-11,2.4351501166484963,0.2800000011920929,192.15249633789065,9.727072830619305
25813,Valencia/València,2019-11,3.6930456834733274,0.3050000071525574,219.45249938964844,11.376348531502227
25814,Badajoz,2019-11,0.7074426383729119,0.2625000178813934,42.47249984741211,1.5989888686774678
25815,Cáceres,2019-11,0.5880953260846941,0.2549999952316284,61.647499084472656,1.188140006289562
25816,A Coruña,2019-11,1.572980237791486,0.2074999958276748,73.59500122070312,3.580346719763857
25817,Lugo,2019-11,0.7298616809682891,0.2574999928474426,41.76250076293945,1.299441584423039
25818,Ourense,2019-11,0.7520036424329728,0.3174999952316284,24.287500381469727,0.9730684372561602
25819,Pontevedra,2019-11,1.7659374884048225,0.387499988079071,35.744998931884766,2.589768551214105
25788,Illes Balears,2019-11,2.9434156732346373,0.262499988079071,191.114990234375,8.638978095153567
25827,La Rioja,2019-11,1.6319828590512704,0.2775000035762787,172.8249969482422,5.9428699942783725
25824,Araba/Álava,2019-11,2.3245445419028785,0.0,119.27999877929688,7.991305920743048
25826,Bizkaia,2019-11,4.816493544359021,0.3600000143051147,99.31999969482422,10.592972287211955
25825,Gipuzkoa,2019-11,3.8506329259667016,0.3300000131130218,188.0825042724609,9.727174465254194
25787,Asturias,2019-11,1.4539535872184317,0.2874999940395355,83.41000366210938,4.279909140217698
25822,Murcia,2019-11,3.0959532847911206,0.2750000059604645,385.6124877929688,9.548237709660754
25776,Almería,2019-12,1.7042861506862916,0.2175000011920929,141.1824951171875,6.910285918152096
25777,Cádiz,2019-12,2.861460521018637,0.2549999952316284,246.5749969482422,11.803462696668644
25778,Córdoba,2019-12,1.1247677009826211,0.2274999916553497,109.1500015258789,4.40754349463636
25779,Granada,2019-12,1.299248766243435,0.1774999946355819,124.41500091552734,5.224048347448295
25780,Huelva,2019-12,1.255577898325059,0.2374999970197677,188.3650054931641,6.449459307431413
25781,Jaén,2019-12,1.123997730566989,0.2249999940395355,151.71250915527344,4.44244798743235
25782,Málaga,2019-12,3.153585809507385,0.270000010728836,169.34750366210938,11.116718058203936
25783,Sevilla,2019-12,2.349419544178406,0.2349999994039535,134.50999450683594,8.809945955583329
25784,Huesca,2019-12,0.6911447815661483,0.2274999916553497,154.20750427246094,2.6806671277824266
25785,Teruel,2019-12,0.5980574684138247,0.2349999994039535,110.04750061035156,1.9362312373881203
25786,Zaragoza,2019-12,1.2737068874904327,0.2299999892711639,144.9875030517578,5.6229923180133765
25789,Las Palmas,2019-12,3.904698362918798,0.1225000023841857,144.05250549316406,11.291308747613895
25790,Santa Cruz de Tenerife,2019-12,2.88923419662752,-0.1675000041723251,98.79750061035156,7.755217175486386
25791,Cantabria,2019-12,1.9356312959710025,0.2450000047683715,143.52000427246094,5.962867583840653
25801,Albacete,2019-12,0.7005716693766231,0.2100000083446502,82.36250305175781,2.3690005057834678
25802,Ciudad Real,2019-12,0.7959471029094782,0.2074999958276748,189.25750732421875,3.6818027648844582
25803,Cuenca,2019-12,0.6751326838820368,0.2374999970197677,97.46749877929688,2.184955048283906
25804,Guadalajara,2019-12,0.8053284257405825,0.2249999940395355,75.125,2.5583581281092207
25805,Toledo,2019-12,1.2985872069929476,0.2399999946355819,86.73750305175781,3.634102604203032
25792,Ávila,2019-12,0.7217219929828518,0.2750000059604645,47.77000045776367,1.634873551708749
25793,Burgos,2019-12,0.7589139025479542,0.2324999868869781,101.84500122070312,2.9629929248530327
25794,León,2019-12,0.8755779058271754,0.2425000071525573,65.29750061035156,2.545898383802788
25795,Palencia,2019-12,0.7202281035113859,0.2475000023841858,80.21749877929688,2.404403660197491
25796,Salamanca,2019-12,0.7908515114010687,0.2775000035762787,122.94499969482422,3.2216841458620937
25797,Segovia,2019-12,0.9116974371199206,0.3050000071525574,89.29499816894531,2.6078527540923675
25798,Soria,2019-12,0.653599967410546,0.2450000047683715,382.8949890136719,3.95609695055291
25799,Valladolid,2019-12,1.4622989632501406,0.2649999856948852,89.10749816894531,4.899770450164121
25800,Zamora,2019-12,0.6330566681241362,0.2300000041723251,97.10749816894533,2.4384800267907543
25806,Barcelona,2019-12,7.2880004259529505,0.2899999916553497,615.7575073242188,18.653418436368444
25807,Girona,2019-12,2.4948789858480898,0.2875000238418579,125.59750366210938,7.126922749212117
25808,Lleida,2019-12,0.959751178322968,0.2150000035762787,62.0625,2.5511223637475005
25809,Tarragona,2019-12,3.136185868822459,0.2924999892711639,693.0225219726562,13.59058890353056
25810,Ceuta,2019-12,17.17455584666398,0.8899999856948853,64.11000061035156,18.55542293316616
25821,Melilla,2019-12,49.12634907574369,0.3225000202655792,180.75250244140625,45.623888384771455
25820,Madrid,2019-12,9.081886278702452,0.3274999856948852,179.75,18.73357897532796
25823,Navarra,2019-12,1.4394276470221672,0.2425000071525573,104.1925048828125,4.866598319375309
25811,Alicante/Alacant,2019-12,6.380160387783539,0.3524999916553497,155.99000549316406,14.816503793052933
25812,Castellón/Castelló,2019-12,2.330382444564145,0.2574999928474426,191.4550018310547,9.372730806445668
25813,Valencia/València,2019-12,3.637424935691766,0.270000010728836,181.2050018310547,11.115912799141958
25814,Badajoz,2019-12,0.7934369553804663,0.2224999964237213,73.46499633789062,2.730098740762636
25815,Cáceres,2019-12,0.6188155510068697,0.2324999868869781,108.39999389648438,1.8771537294293288
25816,A Coruña,2019-12,2.1448835482888646,0.3000000119209289,110.70500183105467,5.773597590620962
25817,Lugo,2019-12,0.8126010540762364,0.2349999994039535,104.40750122070312,2.5770038801128936
25818,Ourense,2019-12,0.8967009350860352,0.2349999994039535,67.95999908447266,2.189365900911233
25819,Pontevedra,2019-12,2.9537747977599165,0.3400000035762787,256.1600036621094,7.1982885262914005
25788,Illes Balears,2019-12,2.922079590853852,0.2349999994039535,247.9375,9.060369325958064
25827,La Rioja,2019-12,1.6509533236991942,0.2300000041723251,223.875,7.346685971451389
25824,Araba/Álava,2019-12,2.6086937216158232,0.3050000071525574,190.3249969482422,10.917155923612242
25826,Bizkaia,2019-12,6.251245696407184,0.3224999904632568,221.9324951171875,16.409864856150307
25825,Gipuzkoa,2019-12,4.547923157465704,0.3575000166893005,296.2724914550781,12.97764805019942
25787,Asturias,2019-12,1.558515116145172,0.2150000035762787,101.02999877929688,5.369893609869878
25822,Murcia,2019-12,3.115048031557341,0.2125000059604644,327.67999267578125,9.274456135156887
25776,Almería,2020-01,1.4220343038334753,0.0625,121.22750091552734,6.106794489668872
25777,Cádiz,2020-01,2.6469442831933003,0.0824999958276748,216.21499633789065,11.163401134695984
25778,Córdoba,2020-01,0.8592102125689707,0.0775000005960464,69.06999969482422,3.075516900925888
25779,Granada,2020-01,0.9984974945813232,0.0674999952316284,88.67250061035156,3.9455718325233833
25780,Huelva,2020-01,1.0005037057604151,0.0099999997764825,252.7975006103516,6.14789132937463
25781,Jaén,2020-01,0.8597761582055968,0.1099999994039535,95.20500183105467,3.018292454472329
25782,Málaga,2020-01,2.832407444568209,0.0775000005960464,153.54249572753906,9.841509597818185
25783,Sevilla,2020-01,2.090802144071644,0.0474999994039535,128.72250366210938,8.139071794687785
25784,Huesca,2020-01,0.4902446833964328,-0.3900000154972076,139.9425048828125,2.436654546086148
25785,Teruel,2020-01,0.5124605607157174,0.0199999995529651,124.4124984741211,1.995774507889464
25786,Zaragoza,2020-01,1.1800523630623254,-0.2599999904632568,165.77999877929688,5.767637690558075
25789,Las Palmas,2020-01,3.83199328768408,-0.0199999995529651,137.91749572753906,11.364938366644829
25790,Santa Cruz de Tenerife,2020-01,2.882906110158918,-0.2224999964237213,104.72750091552734,8.495348156598853
25791,Cantabria,2020-01,1.4936628783799564,0.025000000372529,102.72000122070312,4.377726065273103
25801,Albacete,2020-01,0.5022243006612281,-0.1200000047683715,54.147499084472656,1.7987304210958974
25802,Ciudad Real,2020-01,0.5649285124112342,-0.1000000014901161,169.97000122070312,2.8358849089733065
25803,Cuenca,2020-01,0.513800444912308,0.0499999970197677,99.04750061035156,2.044490682446489
25804,Guadalajara,2020-01,0.637198448448789,0.0549999997019767,62.01749801635742,2.4463348529423907
25805,Toledo,2020-01,1.0245811663551108,0.0299999993294477,85.33000183105469,2.887228428895738
25792,Ávila,2020-01,0.5515642942173076,0.0775000005960464,49.27000045776367,1.3805607126599908
25793,Burgos,2020-01,0.5212860484949736,-0.0474999994039535,66.36750030517578,2.213684229011445
25794,León,2020-01,0.6500293771386716,-0.0125000001862645,66.76499938964844,2.34705794823552
25795,Palencia,2020-01,0.4998305560787699,-0.0350000001490116,68.33499908447266,2.111256291250595
25796,Salamanca,2020-01,0.5370932591907588,-0.1274999976158142,119.51499938964844,3.1208889165660647
25797,Segovia,2020-01,0.692090664672959,0.0775000005960464,67.7750015258789,2.1005222163865183
25798,Soria,2020-01,0.4466113255362151,0.0549999997019767,265.12750244140625,2.982214898583548
25799,Valladolid,2020-01,1.139947856452084,-0.00499999942258,118.23249816894533,4.283585946933046
25800,Zamora,2020-01,0.3686902039000382,-0.0700000002980232,83.94750213623047,2.1441184241454136
25806,Barcelona,2020-01,7.1186472387045,0.0949999988079071,232.69000244140625,18.087067198159502
25807,Girona,2020-01,2.350300805818504,0.089999996125698,119.36249542236328,6.989925260009231
25808,Lleida,2020-01,0.7328085393207119,-0.1475000083446502,48.48249816894531,2.1890577579741053
25809,Tarragona,2020-01,2.5038978918344554,-0.0450000017881393,171.5574951171875,8.782793446297717
25810,Ceuta,2020-01,16.220170820830052,0.7599999904632568,71.36250305175781,19.23491956024917
25821,Melilla,2020-01,55.58892069593779,0.3700000047683716,228.1100006103516,55.18472436538242
25820,Madrid,2020-01,8.321801541547861,0.1875,169.59500122070312,17.2395326475553
25823,Navarra,2020-01,1.1725097912465885,0.0399999991059303,68.51000213623047,3.5310598814316463
25811,Alicante/Alacant,2020-01,5.813772451947886,0.1924999952316284,143.91250610351562,13.680515136968465
25812,Castellón/Castelló,2020-01,2.112109569004525,0.1099999994039535,205.1175079345703,8.93437364633718
25813,Valencia/València,2020-01,3.1622273281461024,0.0174999982118606,165.67250061035156,9.93217582617178
25814,Badajoz,2020-01,0.575501396172192,0.0474999994039535,59.720001220703125,2.1192445842427463
25815,Cáceres,2020-01,0.4138973229089098,-0.1574999988079071,90.24749755859376,1.4752232031297074
25816,A Coruña,2020-01,1.7098601647158678,0.1075000017881393,100.47750091552734,4.726426483629843
25817,Lugo,2020-01,0.5647427134228149,0.0399999991059303,75.85250091552734,2.056237293454434
25818,Ourense,2020-01,0.7334947971317243,0.0299999993294477,92.0625,2.626108755964036
25819,Pontevedra,2020-01,2.5555752638796427,0.1225000023841857,123.12999725341795,5.870587522892792
25788,Illes Balears,2020-01,2.6422595084125344,0.0149999996647238,215.73001098632807,8.548640724822596
25827,La Rioja,2020-01,1.4147695401089508,0.0900000035762786,175.91500854492188,5.511297331538578
25824,Araba/Álava,2020-01,2.227288829920885,0.067500002682209,164.21499633789062,8.938504713513378
25826,Bizkaia,2020-01,4.427696823127396,0.0974999964237213,104.98500061035156,10.251768418942657
25825,Gipuzkoa,2020-01,3.903057963030744,0.2300000041723251,205.96499633789065,10.74419776214903
25787,Asturias,2020-01,1.3308201985881063,0.0450000017881393,91.5,4.917067489570136
25822,Murcia,2020-01,2.7181017110985595,0.0775000005960464,299.2724914550781,8.480435586957068
25776,Almería,2020-02,1.6853895683918438,0.2199999988079071,139.86000061035156,6.789616083883543
25777,Cádiz,2020-02,2.990772467982345,0.262499988079071,238.94500732421875,12.802653025410423
25778,Córdoba,2020-02,1.17527300724358,0.2249999940395355,106.91000366210938,4.804040764641215
25779,Granada,2020-02,1.357029465349257,0.2274999916553497,139.86500549316406,5.542553874383101
25780,Huelva,2020-02,1.2206272672807104,0.2199999988079071,180.8350067138672,6.452362108111455
25781,Jaén,2020-02,1.173874759866815,0.2150000035762787,157.5574951171875,4.768716626855412
25782,Málaga,2020-02,3.280450934951197,0.2950000166893005,168.92999267578125,11.585876306651535
25783,Sevilla,2020-02,2.485089767044772,0.2475000023841858,140.87750244140625,9.52247903051792
25784,Huesca,2020-02,0.6856094655417271,0.1949999928474426,194.33499145507807,3.429190275275632
25785,Teruel,2020-02,0.5757875500788399,0.2049999982118606,146.8925018310547,2.416305294610502
25786,Zaragoza,2020-02,1.4069921990031184,0.1924999952316284,175.96499633789062,7.01126888850565
25789,Las Palmas,2020-02,3.8272458221303296,0.2175000011920929,129.02499389648438,10.128823537915874
25790,Santa Cruz de Tenerife,2020-02,2.945652988256932,0.0,115.33000183105467,8.229173924104463
25791,Cantabria,2020-02,1.7300757397194015,0.1749999970197677,101.3874969482422,4.925285033635277
25801,Albacete,2020-02,0.6811978186871389,0.2074999958276748,75.63999938964844,2.4330372290614206
25802,Ciudad Real,2020-02,0.8154410152366792,0.197500005364418,235.83499145507807,4.151774980434209
25803,Cuenca,2020-02,0.6496467958199122,0.2025000005960464,100.30249786376952,2.292502703390259
25804,Guadalajara,2020-02,0.7792081089082266,0.2000000029802322,74.1824951171875,2.809560982014532
25805,Toledo,2020-02,1.328803510068142,0.2074999958276748,97.2750015258789,4.098049673618941
25792,Ávila,2020-02,0.6648212905082934,0.2299999892711639,53.18499755859375,1.7972992801267194
25793,Burgos,2020-02,0.7456648101694785,0.1675000041723251,118.88999938964844,3.518599513088402
25794,León,2020-02,0.8007710296026168,0.1700000017881393,66.46749877929688,2.453364841138138
25795,Palencia,2020-02,0.6835741655638248,0.1724999994039535,87.77999877929688,2.5748402956679
25796,Salamanca,2020-02,0.7389108420804431,0.2000000029802322,139.77499389648438,3.574638493898544
25797,Segovia,2020-02,0.9119201877030612,0.2224999964237213,108.05500030517578,3.167446497375934
25798,Soria,2020-02,0.5911336246793516,0.1949999928474426,330.5625,3.753988783276141
25799,Valladolid,2020-02,1.4667500429765132,0.1924999952316284,98.0374984741211,5.412292872062676
25800,Zamora,2020-02,0.560133274481334,0.1700000017881393,95.86000061035156,2.4054224280450014
25806,Barcelona,2020-02,7.429482743547201,0.2150000035762787,255.1300048828125,18.322180840510285
25807,Girona,2020-02,2.546375216949816,0.2274999916553497,119.10250091552734,7.257472216173737
25808,Lleida,2020-02,0.9886508839542952,0.2000000029802322,74.0999984741211,3.173378173661769
25809,Tarragona,2020-02,3.020168858602696,0.2274999916553497,520.489990234375,11.969204039902896
25810,Ceuta,2020-02,19.79020436846359,0.6899999976158142,85.13749694824219,23.65382350119099
25821,Melilla,2020-02,54.80659301807716,0.3700000047683716,208.33999633789065,51.0418231918777
25820,Madrid,2020-02,9.57684923194454,0.2349999994039535,202.2100067138672,20.38525008840385
25823,Navarra,2020-02,1.461043536265327,0.1850000023841858,116.55999755859376,5.232529937046098
25811,Alicante/Alacant,2020-02,6.5370701166699625,0.3675000071525574,184.9750061035156,15.29157718325375
25812,Castellón/Castelló,2020-02,2.390014475180988,0.2074999958276748,192.62249755859372,9.841769367996836
25813,Valencia/València,2020-02,3.697740702204967,0.2249999940395355,193.5249938964844,11.418142802424567
25814,Badajoz,2020-02,0.7473488356273816,0.1949999928474426,73.40750122070312,2.678067212725612
25815,Cáceres,2020-02,0.5532247384695111,0.1949999928474426,107.3175048828125,1.8418265438137864
25816,A Coruña,2020-02,2.0117951105290253,0.1875,112.08000183105467,5.801570193072844
25817,Lugo,2020-02,0.7411780354382784,0.1724999994039535,111.96499633789062,2.778910049647888
25818,Ourense,2020-02,0.8778782037826183,0.1924999952316284,75.51750183105469,2.4597658096683808
25819,Pontevedra,2020-02,2.7435270816964006,0.2649999856948852,166.0800018310547,6.090886465536491
25788,Illes Balears,2020-02,3.162006924846318,0.1574999988079071,325.572509765625,10.298182642917324
25827,La Rioja,2020-02,1.7258555988651998,0.197500005364418,211.8800048828125,7.513429691799836
25824,Araba/Álava,2020-02,2.6356359627564894,0.2274999916553497,205.072509765625,11.467002963953547
25826,Bizkaia,2020-02,5.62048748077318,0.270000010728836,172.79750061035156,14.296074673645082
25825,Gipuzkoa,2020-02,3.678492902450917,0.2950000166893005,158.49749755859375,9.288759320296643
25787,Asturias,2020-02,1.5528038618525608,0.1700000017881393,299.9825134277344,6.155909916087565
25822,Murcia,2020-02,3.143432037299633,0.2249999940395355,445.5574951171875,10.156298944419987
25776,Almería,2020-03,1.4996232198528414,0.0900000035762786,101.6500015258789,5.4647493196281705
25777,Cádiz,2020-03,2.729953237153053,0.2150000035762787,217.41500854492188,10.732771080103111
25778,Córdoba,2020-03,1.0827182136158942,0.1325000077486038,83.19249725341797,3.87449395873681
25779,Granada,2020-03,1.229030047263182,0.0875000059604644,93.88249969482422,4.241614839048257
25780,Huelva,2020-03,1.1291065257625703,0.1750000119209289,146.76499938964844,5.422939740722277
25781,Jaén,2020-03,1.046358737092426,0.125,96.83499908447266,3.489325428486379
25782,Málaga,2020-03,2.9853852722893595,0.0,158.34750366210938,10.04630413429932
25783,Sevilla,2020-03,2.3229272246055856,0.1449999958276748,122.35749816894533,8.256101396794856
25784,Huesca,2020-03,0.6207768575347269,0.0,156.677490234375,2.776054834637053
25785,Teruel,2020-03,0.4927061139384968,0.0700000002980232,120.89749908447266,1.8212929207531057
25786,Zaragoza,2020-03,1.2778368681204486,0.1049999967217445,153.614990234375,5.899336190518416
25789,Las Palmas,2020-03,3.517388243559404,0.2224999964237213,138.58250427246094,9.12256756605373
25790,Santa Cruz de Tenerife,2020-03,2.66042475216303,0.0,81.13249969482422,6.79341563733023
25791,Cantabria,2020-03,1.910952576027953,0.1675000041723251,126.16999816894533,5.555484673848511
25801,Albacete,2020-03,0.579372838951153,0.1024999991059303,57.97999954223633,1.826284968243233
25802,Ciudad Real,2020-03,0.7200658348732131,0.1049999967217445,146.16250610351562,3.076503327800625
25803,Cuenca,2020-03,0.5350045166598157,0.0974999964237213,72.53499603271484,1.643261684302813
25804,Guadalajara,2020-03,0.6577092629739448,0.0874999985098838,52.84249877929688,2.291745941877612
25805,Toledo,2020-03,1.1469932675919683,0.0949999988079071,83.6824951171875,3.175777096683455
25792,Ávila,2020-03,0.5998992923353937,0.135000005364418,43.92499923706055,1.4674499264916514
25793,Burgos,2020-03,0.6758027761211448,0.1174999997019767,92.73500061035156,2.880663405223726
25794,León,2020-03,0.7781074084525953,0.1174999997019767,55.72999954223633,2.1734995794622654
25795,Palencia,2020-03,0.6270457200634498,0.1525000035762787,73.1500015258789,2.152534845275196
25796,Salamanca,2020-03,0.6794744619890886,0.1424999982118606,100.2074966430664,2.786287408517914
25797,Segovia,2020-03,0.8285754927639958,0.1400000005960464,87.87750244140625,2.6124937734009044
25798,Soria,2020-03,0.5195328918298022,0.125,217.84249877929688,2.631145073106901
25799,Valladolid,2020-03,1.2970753567170057,0.1424999982118606,78.8324966430664,4.310171004599598
25800,Zamora,2020-03,0.5299492843611072,0.1299999952316284,80.42749786376953,2.1514316065942647
25806,Barcelona,2020-03,7.256923993949414,0.1424999982118606,224.00750732421875,17.020151217739468
25807,Girona,2020-03,2.414252032297738,0.1599999964237213,106.55249786376952,6.608299613269521
25808,Lleida,2020-03,0.9394600568564876,0.1324999928474426,64.5625,2.784600722386847
25809,Tarragona,2020-03,2.6563351111287647,0.1325000077486038,156.5800018310547,8.394390706195836
25810,Ceuta,2020-03,17.23636510245974,0.7749999761581421,70.12249755859375,19.42928788968211
25821,Melilla,2020-03,49.812187830557285,0.3499999940395355,217.69000244140625,48.961798724869645
25820,Madrid,2020-03,8.727072915772595,0.1550000011920929,175.6425018310547,17.864338613595304
25823,Navarra,2020-03,1.3982593757684374,0.1099999994039535,84.9375,4.525743884159106
25811,Alicante/Alacant,2020-03,5.358801412950739,0.1850000023841858,108.11499786376952,11.12615597122288
25812,Castellón/Castelló,2020-03,2.1268759829493478,0.1124999970197677,151.39749145507812,8.186263850572375
25813,Valencia/València,2020-03,3.009894375067659,0.0974999964237213,149.57749938964844,8.80643992818927
25814,Badajoz,2020-03,0.7013482235877153,0.1324999928474426,57.92250061035156,2.055604992344897
25815,Cáceres,2020-03,0.5176682903999777,0.1349999904632568,94.07250213623048,1.4717531453890114
25816,A Coruña,2020-03,2.150904055784473,0.1150000020861625,97.27749633789062,5.691805428567172
25817,Lugo,2020-03,0.7432837991791095,0.1424999982118606,109.55999755859376,2.742158181950738
25818,Ourense,2020-03,0.9041661175666594,0.1700000017881393,81.5374984741211,2.5020516959092265
25819,Pontevedra,2020-03,2.9502587845937627,0.2349999994039535,82.2874984741211,5.7561331434820096
25788,Illes Balears,2020-03,2.733148034488891,0.1500000059604644,275.2474975585937,8.371446051755838
25827,La Rioja,2020-03,1.6150359255355868,0.1050000041723251,187.0699920654297,6.417677171012692
25824,Araba/Álava,2020-03,2.6720591068885557,0.1800000071525573,173.1824951171875,10.713654206075317
25826,Bizkaia,2020-03,5.9819706291044605,0.209999993443489,168.7899932861328,14.270497256556157
25825,Gipuzkoa,2020-03,4.188352776203871,0.2524999976158142,136.4550018310547,9.840015274180692
25787,Asturias,2020-03,1.4575446541404748,0.089999996125698,311.3475036621094,5.97935336116164
25822,Murcia,2020-03,2.6805643231383742,0.1324999928474426,357.1824951171875,7.862823652495893
25776,Almería,2020-04,1.5637560250715032,0.1599999964237213,137.71249389648438,6.803706678100274
25777,Cádiz,2020-04,2.60498745578179,0.2074999958276748,199.7550048828125,10.695793151853367
25778,Córdoba,2020-04,0.9803375007602014,0.0874999985098838,102.20999908447266,4.03523665603019
25779,Granada,2020-04,1.0713268177412776,0.1675000041723251,98.89749908447266,3.985387043652212
25780,Huelva,2020-04,1.1751366070719205,0.2025000005960464,214.9324951171875,6.102842495467513
25781,Jaén,2020-04,0.9620328205985622,0.1324999928474426,94.01499938964844,3.4073386505130587
25782,Málaga,2020-04,2.969816631117005,0.2049999982118606,159.97500610351562,10.330684169580048
25783,Sevilla,2020-04,2.1750095244223475,0.1700000017881393,131.78500366210938,8.37051665851659
25784,Huesca,2020-04,0.5015117660171695,-0.1724999994039535,88.51499938964844,1.7230879618587116
25785,Teruel,2020-04,0.5020774405207337,-0.0099999997764825,120.48749542236328,1.983543510605848
25786,Zaragoza,2020-04,1.2418852185407492,-0.1150000020861625,159.4824981689453,5.962741738454453
25789,Las Palmas,2020-04,3.801978278975979,0.270000010728836,144.04750061035156,10.18642214511497
25790,Santa Cruz de Tenerife,2020-04,2.7867294315492974,0.0,91.9250030517578,7.3503485071992545
25791,Cantabria,2020-04,1.814568917208264,-0.1349999904632568,158.47999572753906,5.694873446215532
25801,Albacete,2020-04,0.5721667642211611,0.0949999988079071,71.25749969482422,2.065319309262336
25802,Ciudad Real,2020-04,0.6838206891992088,0.1149999946355819,173.6699981689453,3.3331980913404564
25803,Cuenca,2020-04,0.5368554384046835,0.0875000059604644,76.06500244140625,1.772033599456406
25804,Guadalajara,2020-04,0.6514960691179529,-0.1074999943375587,57.31999969482422,2.2853747139884577
25805,Toledo,2020-04,1.154468648868744,0.1200000047683715,88.91999816894531,3.4715239783039094
25792,Ávila,2020-04,0.6092007271681921,0.1299999952316284,42.622501373291016,1.4187566327639505
25793,Burgos,2020-04,0.6834945945582113,0.0,105.42749786376952,2.990307846540335
25794,León,2020-04,0.6906224671206844,-0.2049999982118606,55.99749755859375,1.7582387641672943
25795,Palencia,2020-04,0.6683302206080959,0.0,76.13749694824219,2.283187933951042
25796,Salamanca,2020-04,0.7101843791843306,0.0850000008940696,117.3175048828125,3.084862769821917
25797,Segovia,2020-04,0.7718321334105582,0.1075000017881393,64.38499450683594,2.0678207812821983
25798,Soria,2020-04,0.4877261683475596,-0.0799999982118606,237.78250122070312,2.5886484877513456
25799,Valladolid,2020-04,1.313418936256876,0.1500000059604644,71.6824951171875,4.207183165327289
25800,Zamora,2020-04,0.5274959190378766,0.0399999991059303,98.6300048828125,2.3465349592349005
25806,Barcelona,2020-04,6.903275939736044,0.125,205.90249633789065,16.495952849979957
25807,Girona,2020-04,2.115509785073016,0.1500000059604644,87.63749694824219,5.750946539928029
25808,Lleida,2020-04,0.8420906367383871,-0.1099999994039535,59.75249862670898,2.4311590712842546
25809,Tarragona,2020-04,2.422731335380855,0.1624999940395355,158.9324951171875,7.752969943620304
25810,Ceuta,2020-04,17.496883310665584,0.9024999737739564,75.42250061035156,20.7732297690958
25821,Melilla,2020-04,47.680008544518,0.3199999928474426,187.6125030517578,45.66895013765946
25820,Madrid,2020-04,8.48212485832158,0.1624999940395355,163.78250122070312,17.192670006721364
25823,Navarra,2020-04,1.249950643135722,-0.2899999916553497,103.16000366210938,3.9756380002020855
25811,Alicante/Alacant,2020-04,5.589829189627989,0.2975000143051147,139.89749145507812,12.610219966101988
25812,Castellón/Castelló,2020-04,2.1146185688192665,0.125,180.81500244140625,8.61117564478124
25813,Valencia/València,2020-04,3.1400288645496937,0.135000005364418,199.4125061035156,9.366797416095844
25814,Badajoz,2020-04,0.7061780509055319,0.1000000014901161,67.30500030517578,2.3840060591972096
25815,Cáceres,2020-04,0.5330860073265682,0.1449999958276748,93.6824951171875,1.620336857335536
25816,A Coruña,2020-04,1.8797244644440372,0.0,140.5,5.094004886669376
25817,Lugo,2020-04,0.7095960447862653,-0.0299999993294477,117.09750366210938,2.9238517012996983
25818,Ourense,2020-04,0.8474892509278007,0.0,80.05500030517578,2.598329216616617
25819,Pontevedra,2020-04,2.673396739780922,0.0,69.78499603271484,5.247713661959728
25788,Illes Balears,2020-04,2.7040021098979903,0.1700000017881393,243.8800048828125,8.450595719911217
25827,La Rioja,2020-04,1.5254407086150872,0.0,207.2100067138672,6.787104568059076
25824,Araba/Álava,2020-04,2.2209026066648856,-0.0549999997019767,146.00250244140625,8.946063606159674
25826,Bizkaia,2020-04,5.854853848106371,0.0,140.02499389648438,14.191930973601632
25825,Gipuzkoa,2020-04,4.301576558319124,-0.0450000017881393,168.96249389648438,11.086215978751248
25787,Asturias,2020-04,1.6494043603755342,0.0,1713.4849853515625,15.830110064701076
25822,Murcia,2020-04,2.626034676427905,0.1299999952316284,311.6575012207031,8.02584148788456
25776,Almería,2020-05,1.5200865851269902,0.0,132.49000549316406,6.7336748876964325
25777,Cádiz,2020-05,3.084867781206746,0.1299999952316284,248.71749877929688,13.008148505875337
25778,Córdoba,2020-05,0.7797448327532058,0.0,93.36499786376952,3.104544872901591
25779,Granada,2020-05,1.1424589587578615,-0.01999999769032,126.77499389648438,5.680700162330295
25780,Huelva,2020-05,1.225319727864096,-0.0799999982118606,207.1000061035156,6.668100975573553
25781,Jaén,2020-05,0.2532975729410586,0.0,77.67250061035156,2.01578201104771
25782,Málaga,2020-05,3.36778288679896,0.0,188.6199951171875,11.62936043589866
25783,Sevilla,2020-05,2.4656353780849374,0.0450000017881393,163.32000732421875,9.588903457463404
25784,Huesca,2020-05,0.0,0.0,0.0,0.0
25785,Teruel,2020-05,0.0,0.0,0.0,0.0
25786,Zaragoza,2020-05,0.0,0.0,0.0,0.0
25789,Las Palmas,2020-05,3.857083408513912,0.2750000059604645,137.18499755859375,10.230255561190454
25790,Santa Cruz de Tenerife,2020-05,2.991139631841338,0.0,102.6449966430664,7.901034741030151
25791,Cantabria,2020-05,0.0,0.0,0.0,0.0
25801,Albacete,2020-05,0.0,0.0,0.0,0.0
25802,Ciudad Real,2020-05,0.0025556390986042,0.0,7.972499847412109,0.0682635257529788
25803,Cuenca,2020-05,0.0,0.0,0.0,0.0
25804,Guadalajara,2020-05,0.0,0.0,0.0,0.0
25805,Toledo,2020-05,0.0,0.0,0.0,0.0
25792,Ávila,2020-05,0.0,0.0,0.0,0.0
25793,Burgos,2020-05,0.0,0.0,0.0,0.0
25794,León,2020-05,0.0,0.0,0.0,0.0
25795,Palencia,2020-05,0.0,0.0,0.0,0.0
25796,Salamanca,2020-05,0.0,0.0,0.0,0.0
25797,Segovia,2020-05,0.0,0.0,0.0,0.0
25798,Soria,2020-05,0.0,0.0,0.0,0.0
25799,Valladolid,2020-05,0.0,0.0,0.0,0.0
25800,Zamora,2020-05,0.0,0.0,0.0,0.0
25806,Barcelona,2020-05,0.0,0.0,0.0,0.0
25807,Girona,2020-05,0.0,0.0,0.0,0.0
25808,Lleida,2020-05,0.0,0.0,0.0,0.0
25809,Tarragona,2020-05,0.0,0.0,0.0,0.0
25810,Ceuta,2020-05,20.81849638021939,0.8849999904632568,75.25749969482422,23.129118483036667
25821,Melilla,2020-05,52.4970163148754,0.7549999952316284,201.7124938964844,47.85963085399208
25820,Madrid,2020-05,0.0,0.0,0.0,0.0
25823,Navarra,2020-05,0.0,0.0,0.0,0.0
25811,Alicante/Alacant,2020-05,0.0,0.0,0.0,0.0
25812,Castellón/Castelló,2020-05,0.0,0.0,0.0,0.0
25813,Valencia/València,2020-05,0.0,0.0,0.0,0.0
25814,Badajoz,2020-05,0.41718276926477,0.0,72.4000015258789,1.9482244520205547
25815,Cáceres,2020-05,0.0,0.0,0.0,0.0
25816,A Coruña,2020-05,0.0,0.0,0.0,0.0
25817,Lugo,2020-05,0.0,0.0,0.0,0.0
25818,Ourense,2020-05,0.0,0.0,0.0,0.0
25819,Pontevedra,2020-05,0.0,0.0,0.0,0.0
25788,Illes Balears,2020-05,2.0211713636928974,0.0,249.3500061035156,8.977299212157686
25827,La Rioja,2020-05,0.0,0.0,0.0,0.0
25824,Araba/Álava,2020-05,0.0,0.0,0.0,0.0
25826,Bizkaia,2020-05,0.0,0.0,0.0,0.0
25825,Gipuzkoa,2020-05,0.0,0.0,0.0,0.0
25787,Asturias,2020-05,0.0,0.0,0.0,0.0
25822,Murcia,2020-05,0.1067604072064033,0.0,63.994998931884766,1.1849159859868628
25776,Almería,2020-06,0.0,0.0,0.0,0.0
25777,Cádiz,2020-06,0.0,0.0,0.0,0.0
25778,Córdoba,2020-06,0.0,0.0,0.0,0.0
25779,Granada,2020-06,0.0,0.0,0.0,0.0
25780,Huelva,2020-06,0.0,0.0,0.0,0.0
25781,Jaén,2020-06,0.0,0.0,0.0,0.0
25782,Málaga,2020-06,0.0,0.0,0.0,0.0
25783,Sevilla,2020-06,0.0,0.0,0.0,0.0
25784,Huesca,2020-06,0.0,0.0,0.0,0.0
25785,Teruel,2020-06,0.0,0.0,0.0,0.0
25786,Zaragoza,2020-06,0.0,0.0,0.0,0.0
25789,Las Palmas,2020-06,3.1045600888482974,0.2725000083446502,98.70249938964844,7.45757605054009
25790,Santa Cruz de Tenerife,2020-06,2.524097306259283,0.1949999928474426,100.08000183105467,6.901648596479834
25791,Cantabria,2020-06,0.0,0.0,0.0,0.0
25801,Albacete,2020-06,0.0,0.0,0.0,0.0
25802,Ciudad Real,2020-06,0.0,0.0,0.0,0.0
25803,Cuenca,2020-06,0.0,0.0,0.0,0.0
25804,Guadalajara,2020-06,0.0,0.0,0.0,0.0
25805,Toledo,2020-06,0.0,0.0,0.0,0.0
25792,Ávila,2020-06,0.0,0.0,0.0,0.0
25793,Burgos,2020-06,0.0,0.0,0.0,0.0
25794,León,2020-06,0.0,0.0,0.0,0.0
25795,Palencia,2020-06,0.0,0.0,0.0,0.0
25796,Salamanca,2020-06,0.0,0.0,0.0,0.0
25797,Segovia,2020-06,0.0,0.0,0.0,0.0
25798,Soria,2020-06,0.0,0.0,0.0,0.0
25799,Valladolid,2020-06,0.0,0.0,0.0,0.0
25800,Zamora,2020-06,0.0,0.0,0.0,0.0
25806,Barcelona,2020-06,0.0,0.0,0.0,0.0
25807,Girona,2020-06,0.0,0.0,0.0,0.0
25808,Lleida,2020-06,0.0,0.0,0.0,0.0
25809,Tarragona,2020-06,0.0,0.0,0.0,0.0
25810,Ceuta,2020-06,0.0,0.0,0.0,0.0
25821,Melilla,2020-06,0.0,0.0,0.0,0.0
25820,Madrid,2020-06,0.0,0.0,0.0,0.0
25823,Navarra,2020-06,0.0,0.0,0.0,0.0
25811,Alicante/Alacant,2020-06,0.0,0.0,0.0,0.0
25812,Castellón/Castelló,2020-06,0.0,0.0,0.0,0.0
25813,Valencia/València,2020-06,0.0,0.0,0.0,0.0
25814,Badajoz,2020-06,0.0,0.0,0.0,0.0
25815,Cáceres,2020-06,0.0,0.0,0.0,0.0
25816,A Coruña,2020-06,0.0,0.0,0.0,0.0
25817,Lugo,2020-06,0.0,0.0,0.0,0.0
25818,Ourense,2020-06,0.0,0.0,0.0,0.0
25819,Pontevedra,2020-06,0.0,0.0,0.0,0.0
25788,Illes Balears,2020-06,0.0,0.0,0.0,0.0
25827,La Rioja,2020-06,0.0,0.0,0.0,0.0
25824,Araba/Álava,2020-06,0.0,0.0,0.0,0.0
25826,Bizkaia,2020-06,0.0,0.0,0.0,0.0
25825,Gipuzkoa,2020-06,0.0,0.0,0.0,0.0
25787,Asturias,2020-06,0.0,0.0,0.0,0.0
25822,Murcia,2020-06,0.0,0.0,0.0,0.0
25776,Almería,2020-07,1.6453908269039068,0.1299999952316284,124.6449966430664,6.260128910470342
25777,Cádiz,2020-07,2.951966616707633,0.2050000131130218,249.28250122070312,12.01512786115801
25778,Córdoba,2020-07,1.1031642798698431,-0.2000000029802322,99.28250122070312,4.439532446342174
25779,Granada,2020-07,1.2666683131591734,0.0625,118.12249755859376,4.934141862557025
25780,Huelva,2020-07,1.330616382706561,-0.0099999997764825,215.45999145507807,6.8037139980828005
25781,Jaén,2020-07,1.0456304555024352,-0.0799999982118606,150.67999267578125,4.114996444062866
25782,Málaga,2020-07,3.093624271394613,0.2074999958276748,150.5225067138672,10.362599399906408
25783,Sevilla,2020-07,2.4676019356703787,0.0249999985098838,594.0700073242188,9.979181091174132
25784,Huesca,2020-07,0.0,0.0,0.0,0.0
25785,Teruel,2020-07,0.0,0.0,0.0,0.0
25786,Zaragoza,2020-07,0.0,0.0,0.0,0.0
25789,Las Palmas,2020-07,3.19098747019069,0.1700000017881393,128.05999755859375,7.716992754166727
25790,Santa Cruz de Tenerife,2020-07,2.744612848470789,0.1299999952316284,97.95500183105467,7.611321971516827
25791,Cantabria,2020-07,0.0,0.0,0.0,0.0
25801,Albacete,2020-07,0.1559868058057069,-0.1200000047683715,22.690000534057617,0.5925310914096859
25802,Ciudad Real,2020-07,0.2110091923480037,-0.1574999988079071,66.29499816894531,1.282793412606785
25803,Cuenca,2020-07,0.0,0.0,0.0,0.0
25804,Guadalajara,2020-07,0.0,0.0,0.0,0.0
25805,Toledo,2020-07,0.0,0.0,0.0,0.0
25792,Ávila,2020-07,0.0,0.0,0.0,0.0
25793,Burgos,2020-07,0.0,0.0,0.0,0.0
25794,León,2020-07,0.0,0.0,0.0,0.0
25795,Palencia,2020-07,0.0,0.0,0.0,0.0
25796,Salamanca,2020-07,0.0,0.0,0.0,0.0
25797,Segovia,2020-07,0.0,0.0,0.0,0.0
25798,Soria,2020-07,0.0,0.0,0.0,0.0
25799,Valladolid,2020-07,0.0,0.0,0.0,0.0
25800,Zamora,2020-07,0.0,0.0,0.0,0.0
25806,Barcelona,2020-07,0.0,0.0,0.0,0.0
25807,Girona,2020-07,0.0,0.0,0.0,0.0
25808,Lleida,2020-07,0.0,0.0,0.0,0.0
25809,Tarragona,2020-07,0.0,0.0,0.0,0.0
25810,Ceuta,2020-07,15.998195155429764,1.162500023841858,57.290000915527344,16.844892988960495
25821,Melilla,2020-07,44.30501427327602,0.4524999856948852,143.4550018310547,38.47591556050588
25820,Madrid,2020-07,0.0,0.0,0.0,0.0
25823,Navarra,2020-07,0.0,0.0,0.0,0.0
25811,Alicante/Alacant,2020-07,5.115584676534421,0.0,212.52999877929688,13.478017484229422
25812,Castellón/Castelló,2020-07,0.0,0.0,0.0,0.0
25813,Valencia/València,2020-07,0.0,0.0,0.0,0.0
25814,Badajoz,2020-07,0.6525660261321433,-0.2800000011920929,63.12000274658203,2.391651660293419
25815,Cáceres,2020-07,0.0001316350837432,0.0,0.550000011920929,0.0092082432005192
25816,A Coruña,2020-07,0.0,0.0,0.0,0.0
25817,Lugo,2020-07,0.0,0.0,0.0,0.0
25818,Ourense,2020-07,0.0,0.0,0.0,0.0
25819,Pontevedra,2020-07,0.0,0.0,0.0,0.0
25788,Illes Balears,2020-07,0.0,0.0,0.0,0.0
25827,La Rioja,2020-07,0.0,0.0,0.0,0.0
25824,Araba/Álava,2020-07,0.0,0.0,0.0,0.0
25826,Bizkaia,2020-07,0.0,0.0,0.0,0.0
25825,Gipuzkoa,2020-07,0.0,0.0,0.0,0.0
25787,Asturias,2020-07,0.0,0.0,0.0,0.0
25822,Murcia,2020-07,2.9624005030001874,0.0,371.7674865722656,8.411671217104603
25776,Almería,2020-08,1.6571266614451254,0.1749999970197677,133.14999389648438,6.806561133015305
25777,Cádiz,2020-08,2.9728504316719166,0.2524999976158142,263.8175048828125,12.855614907929562
25778,Córdoba,2020-08,1.1773421562039024,0.2150000035762787,115.0250015258789,4.927854786504823
25779,Granada,2020-08,1.2576287796525991,0.1924999952316284,117.88500213623048,5.112627496114446
25780,Huelva,2020-08,1.3031507528512594,0.1899999976158142,224.32000732421875,6.942781035852257
25781,Jaén,2020-08,1.096701097748679,0.2049999982118606,158.15499877929688,4.55749971476622
25782,Málaga,2020-08,3.148272055926686,0.2424999922513961,154.16500854492188,10.886725964453888
25783,Sevilla,2020-08,2.4698906140049552,0.2175000011920929,146.0050048828125,9.64555389288897
25784,Huesca,2020-08,0.6532025592388144,0.1800000071525573,153.22999572753906,2.8162764754302305
25785,Teruel,2020-08,0.5587126068677792,0.207500010728836,115.3625030517578,2.0857345952465187
25786,Zaragoza,2020-08,1.3647698300449214,0.1825000047683715,177.94000244140625,6.515761435147633
25789,Las Palmas,2020-08,3.7879409764301646,0.1449999958276748,167.28500366210938,10.420706039246056
25790,Santa Cruz de Tenerife,2020-08,2.97087699791959,0.1299999952316284,101.95500183105467,8.104664547791696
25791,Cantabria,2020-08,1.668429650954376,0.1825000047683715,100.78250122070312,4.6001370390190655
25801,Albacete,2020-08,0.6613967198273244,0.1974999904632568,70.24749755859375,2.2663241685748114
25802,Ciudad Real,2020-08,0.8072116309031113,0.2074999958276748,297.25250244140625,4.338765539817902
25803,Cuenca,2020-08,0.6506817290623602,0.2049999982118606,102.14250183105467,2.2684964679256883
25804,Guadalajara,2020-08,0.7792944326688328,0.2025000005960464,75.88749694824219,2.817566023314665
25805,Toledo,2020-08,1.3110394480213885,0.2199999988079071,99.60749816894533,4.104007473682862
25792,Ávila,2020-08,0.7198834826645187,0.2125000059604644,168.15249633789062,2.978933244731701
25793,Burgos,2020-08,0.7653409933215544,0.2025000005960464,116.99250030517578,3.5325136273750117
25794,León,2020-08,0.7995841332969236,0.1550000011920929,62.119998931884766,2.3394038239984525
25795,Palencia,2020-08,0.6805343397448003,0.1825000047683715,95.45750427246094,2.718899676997223
25796,Salamanca,2020-08,0.7474667280402648,0.1775000095367431,111.60749816894533,3.3279961997822465
25797,Segovia,2020-08,0.9253131262118214,0.2374999970197677,99.2750015258789,3.010834909259544
25798,Soria,2020-08,0.5491441608059522,0.2000000029802322,78.6624984741211,1.9859917978034156
25799,Valladolid,2020-08,1.4046832794068,0.2074999958276748,90.12999725341795,5.066578072226051
25800,Zamora,2020-08,0.5702961706692242,0.1624999940395355,89.87999725341797,2.283622779246284
25806,Barcelona,2020-08,6.582417505273217,0.2224999964237213,209.70249938964844,15.380515013898975
25807,Girona,2020-08,2.265171696808024,0.2374999970197677,86.25250244140625,6.04495219309457
25808,Lleida,2020-08,0.9396561461701498,0.1875,60.65250015258789,2.7748019078380164
25809,Tarragona,2020-08,2.610827738037361,0.2224999964237213,204.33499145507807,8.328995258023225
25810,Ceuta,2020-08,18.173938652105875,1.034999966621399,74.05500030517578,20.33878825962405
25821,Melilla,2020-08,51.125057222309415,0.4449999928474426,190.01499938964844,46.39709600065245
25820,Madrid,2020-08,9.189585238820712,0.2549999952316284,200.15499877929688,19.485636265176403
25823,Navarra,2020-08,1.449179998617074,0.1724999994039535,91.36000061035156,5.131770049377981
25811,Alicante/Alacant,2020-08,6.118457575598539,0.3650000095367431,142.197509765625,13.986305558801488
25812,Castellón/Castelló,2020-08,2.247967682558007,0.2224999964237213,172.97750854492188,8.861645307098888
25813,Valencia/València,2020-08,3.4295481036446027,0.2300000041723251,158.64749145507812,10.215142664614074
25814,Badajoz,2020-08,0.7532592335721428,0.2025000005960464,74.37750244140625,2.6495726208892805
25815,Cáceres,2020-08,0.6199041245928906,0.1875,191.2574920654297,2.650052110391252
25816,A Coruña,2020-08,1.967364940299468,0.2224999964237213,101.3074951171875,5.449874833106283
25817,Lugo,2020-08,0.7207803994828326,0.1724999994039535,80.7699966430664,2.3601799137896347
25818,Ourense,2020-08,0.8963473880067581,0.1624999940395355,79.47249603271484,2.505321725566819
25819,Pontevedra,2020-08,2.741824477933671,0.2649999856948852,77.3375015258789,5.680012752463454
25788,Illes Balears,2020-08,3.048645010764447,0.2074999958276748,338.5399780273437,9.87175933851714
25827,La Rioja,2020-08,1.6026403763817445,0.1924999952316284,189.33999633789065,6.812027766669753
25824,Araba/Álava,2020-08,2.380240108285605,0.2175000011920929,155.13499450683594,9.140368827854102
25826,Bizkaia,2020-08,5.441773904556133,0.262499988079071,130.59750366210938,12.940705333455874
25825,Gipuzkoa,2020-08,3.3963871885289247,0.3000000119209289,103.2249984741211,7.295805380579845
25787,Asturias,2020-08,1.427613024705015,0.1649999916553497,885.989990234375,9.308579838099174
25822,Murcia,2020-08,2.934197082424262,0.2175000011920929,326.5899963378906,8.71620524870063
25776,Almería,2020-09,1.600483030782276,0.1724999994039535,129.39749145507812,6.549571838872778
25777,Cádiz,2020-09,2.753181603001204,0.2475000023841858,274.05499267578125,10.886293261774266
25778,Córdoba,2020-09,1.0569424691189169,0.1875,93.24500274658205,3.994304087821736
25779,Granada,2020-09,1.1861246922388475,0.1675000041723251,111.0500030517578,4.723243546935694
25780,Huelva,2020-09,1.2359907097067817,0.1724999994039535,328.1000061035156,6.755978686753692
25781,Jaén,2020-09,0.9832737421879404,0.1675000041723251,128.5800018310547,3.838914303557039
25782,Málaga,2020-09,2.9548928934455905,0.2475000023841858,154.8300018310547,9.88397494832962
25783,Sevilla,2020-09,2.30025923926524,0.2125000059604644,180.79249572753903,8.355129365548844
25784,Huesca,2020-09,0.6078163355065371,0.1475000083446502,155.28250122070312,2.7048407040405653
25785,Teruel,2020-09,0.4870500077583334,0.1449999958276748,86.54750061035156,1.6582844395505498
25786,Zaragoza,2020-09,1.2704104661811764,0.1649999916553497,159.27000427246094,5.968893633686934
25789,Las Palmas,2020-09,3.744573863210293,0.2224999964237213,131.58250427246094,9.282739916244374
25790,Santa Cruz de Tenerife,2020-09,2.856613795780746,0.1800000071525573,86.42250061035156,6.942615935553471
25791,Cantabria,2020-09,1.636291670660187,0.1449999958276748,105.81749725341795,4.707663000452952
25801,Albacete,2020-09,0.5980732443300002,0.1599999964237213,73.0050048828125,2.1651325490384075
25802,Ciudad Real,2020-09,0.6934539723403262,0.1574999988079071,153.32249450683594,3.0372430933788643
25803,Cuenca,2020-09,0.5733686567767936,0.1599999964237213,94.73749542236328,2.032641697586437
25804,Guadalajara,2020-09,0.692286029173255,0.1525000035762787,59.97999954223633,2.386006402019009
25805,Toledo,2020-09,1.1809320558419356,0.1449999958276748,75.53250122070312,3.2301906030250285
25792,Ávila,2020-09,0.6216691505562911,0.1599999964237213,47.26250076293945,1.4489223798060018
25793,Burgos,2020-09,0.667548385864146,0.1525000035762787,84.23500061035156,2.6518062832706013
25794,León,2020-09,0.7042476756170019,0.125,48.93000030517578,1.754090784547868
25795,Palencia,2020-09,0.6169404129492387,0.1225000023841857,63.16749954223633,1.9274046316873104
25796,Salamanca,2020-09,0.701897085350183,0.1324999928474426,115.1300048828125,2.950783809064182
25797,Segovia,2020-09,0.7811759435042273,0.2275000065565109,60.900001525878906,1.9784414271421136
25798,Soria,2020-09,0.487907392445758,0.1550000011920929,127.00999450683594,1.810498475360673
25799,Valladolid,2020-09,1.3002645942591256,0.197500005364418,75.0999984741211,4.006959289751614
25800,Zamora,2020-09,0.5341965304279644,0.1324999928474426,101.47250366210938,2.0964162361935506
25806,Barcelona,2020-09,6.633072122710966,0.1375000029802322,207.1074981689453,15.76076237769557
25807,Girona,2020-09,2.1833345514426457,0.1825000047683715,92.3000030517578,5.925672353067973
25808,Lleida,2020-09,0.8755583693155152,0.147499993443489,59.29999923706055,2.7492380044338773
25809,Tarragona,2020-09,2.6547118946750365,0.1800000071525573,249.8350067138672,9.09934719062062
25810,Ceuta,2020-09,15.250996555513447,1.1050000190734863,66.80000305175781,16.97675438813518
25821,Melilla,2020-09,51.7192183502027,0.3924999833106994,213.9875030517578,49.10699827473727
25820,Madrid,2020-09,8.432550662822003,0.2299999892711639,167.29750061035156,16.756271229373564
25823,Navarra,2020-09,1.3257409256761783,0.1574999988079071,83.63749694824219,4.170353497169695
25811,Alicante/Alacant,2020-09,5.906932675795211,0.3149999976158142,139.8874969482422,13.679355438120574
25812,Castellón/Castelló,2020-09,2.146715253646738,0.1599999964237213,180.8350067138672,8.60466370681101
25813,Valencia/València,2020-09,3.266143082260996,0.1700000017881393,149.15750122070312,9.802492851720071
25814,Badajoz,2020-09,0.7241976085132,0.1624999940395355,65.55999755859375,2.343203483089008
25815,Cáceres,2020-09,0.5235891573421826,0.1550000011920929,76.4749984741211,1.502228776620222
25816,A Coruña,2020-09,1.711465328262924,0.1875,76.48249816894531,4.202784633495655
25817,Lugo,2020-09,0.6284567975527127,0.1624999940395355,60.69750213623047,1.7924388628133974
25818,Ourense,2020-09,0.933355650937508,0.1624999940395355,216.72999572753903,3.622391974178662
25819,Pontevedra,2020-09,2.443586320819944,0.2199999988079071,57.73500061035156,4.594778114177675
25788,Illes Balears,2020-09,2.85738147380951,0.1624999940395355,299.57000732421875,9.301538166220642
25827,La Rioja,2020-09,1.4621721302190034,0.1550000011920929,136.4550018310547,5.368975022379513
25824,Araba/Álava,2020-09,2.073439123460444,0.2049999982118606,118.09500122070312,7.188975082439898
25826,Bizkaia,2020-09,5.085554642478319,0.2074999958276748,112.8874969482422,11.77552282358593
25825,Gipuzkoa,2020-09,3.4815569801543926,0.2824999988079071,123.78500366210938,8.05431913166533
25787,Asturias,2020-09,1.3073233553053294,0.1274999976158142,533.8424682617188,6.500174523116047
25822,Murcia,2020-09,2.860894805662672,0.1800000071525573,262.1000061035156,8.468276417088685
25776,Almería,2020-10,1.7132895978168252,0.2049999982118606,136.41749572753906,6.788003817271297
25777,Cádiz,2020-10,2.853818726549703,0.2899999916553497,245.80499267578125,11.658756452796656
25778,Córdoba,2020-10,1.135810737404796,0.1574999988079071,95.83999633789062,4.347889816992498
25779,Granada,2020-10,1.3001756148911272,0.197500005364418,122.40499877929688,5.011486163243787
25780,Huelva,2020-10,1.2771182942368555,0.2125000059604644,324.3550109863281,7.2438926231301135
25781,Jaén,2020-10,1.0852029941954502,0.2199999988079071,116.87250518798828,4.119743724004864
25782,Málaga,2020-10,3.129551551522277,0.2924999892711639,142.16250610351562,10.59194170868405
25783,Sevilla,2020-10,2.4405947986548955,0.2224999964237213,147.13250732421875,9.264343614842527
25784,Huesca,2020-10,0.6935269273706424,0.1875,152.10000610351562,2.849754998448541
25785,Teruel,2020-10,0.5700918185889241,0.1875,92.14250183105467,1.763763484163302
25786,Zaragoza,2020-10,1.3485051726932695,0.2125000059604644,164.1875,6.107369467676489
25789,Las Palmas,2020-10,3.381145836018505,0.2125000059604644,177.16000366210938,9.338649488746231
25790,Santa Cruz de Tenerife,2020-10,2.5674319019078875,0.1650000065565109,81.44000244140625,6.457533246769405
25791,Cantabria,2020-10,1.714773309677689,0.1875,124.58999633789062,5.151683752597553
25801,Albacete,2020-10,0.6678637401374318,0.1675000041723251,74.73750305175781,2.196173524830653
25802,Ciudad Real,2020-10,0.8053488588853598,0.2049999982118606,215.51499938964844,4.016158016070533
25803,Cuenca,2020-10,0.6435362020542328,0.2150000035762787,72.80000305175781,1.813658408932644
25804,Guadalajara,2020-10,0.7543810478929684,0.1949999928474426,59.73750305175781,2.5050880873105985
25805,Toledo,2020-10,1.2844674263908429,0.2199999988079071,96.3125,3.700263985784432
25792,Ávila,2020-10,0.6743852946910766,0.2349999994039535,51.872501373291016,1.6117458784158802
25793,Burgos,2020-10,0.7249537162722447,0.2150000035762787,92.6624984741211,2.80979712494602
25794,León,2020-10,0.778268964143365,0.1949999928474426,54.7400016784668,1.8479536203142195
25795,Palencia,2020-10,0.7020378092864105,0.1875,81.2125015258789,2.4832111904969003
25796,Salamanca,2020-10,0.7171765676316528,0.1850000023841858,103.45750427246094,2.883033773725325
25797,Segovia,2020-10,0.8759809929324123,0.25,65.87750244140625,2.1996085054686225
25798,Soria,2020-10,0.5871606520316726,0.1949999928474426,211.2675018310547,2.8494602300801617
25799,Valladolid,2020-10,1.4272039452417085,0.2325000017881393,104.6875,4.942964169730115
25800,Zamora,2020-10,0.5779649658223985,0.199999988079071,105.63500213623048,2.202343755737039
25806,Barcelona,2020-10,6.99652715168186,0.2900000214576721,212.6999969482422,16.822810147306644
25807,Girona,2020-10,2.299729088870952,0.2775000035762787,95.1750030517578,6.1886250129724845
25808,Lleida,2020-10,0.9948171498611406,0.1974999904632568,67.9000015258789,2.8699013368406283
25809,Tarragona,2020-10,2.832084141492168,0.2599999904632568,215.2899932861328,9.459542294851856
25810,Ceuta,2020-10,18.20519742590959,0.9124999642372132,87.86000061035156,19.85256040285135
25821,Melilla,2020-10,52.400281676869575,0.6625000238418579,195.2749938964844,48.22178802500214
25820,Madrid,2020-10,8.78363404163099,0.3149999976158142,163.8874969482422,18.07474001120183
25823,Navarra,2020-10,1.3694584405669583,0.2199999988079071,74.60749816894531,4.264738483236162
25811,Alicante/Alacant,2020-10,5.9953904928981325,0.3949999809265136,134.52749633789062,13.181751790558389
25812,Castellón/Castelló,2020-10,2.2611582578415046,0.2325000017881393,168.15750122070312,8.728947352928186
25813,Valencia/València,2020-10,3.4205089769873847,0.2175000011920929,216.82000732421875,9.905350570011894
25814,Badajoz,2020-10,0.766182321360085,0.2125000059604644,73.21749877929688,2.505260924665914
25815,Cáceres,2020-10,0.5655738972894324,0.197500005364418,89.19999694824219,1.6016401963383438
25816,A Coruña,2020-10,1.6874494823038513,0.2450000047683715,73.42500305175781,3.9672597067741497
25817,Lugo,2020-10,0.73007265763658,0.2650000154972076,68.05500030517578,2.0348523168133785
25818,Ourense,2020-10,0.8335766264654653,0.2599999904632568,60.76249694824219,1.9298341693219363
25819,Pontevedra,2020-10,2.446306878857845,0.3300000131130218,140.64500427246094,4.845242204441941
25788,Illes Balears,2020-10,2.8570985651789056,0.2199999988079071,311.9549865722656,8.858993016955989
25827,La Rioja,2020-10,1.576033740472616,0.1974999904632568,190.21499633789065,6.547732652381473
25824,Araba/Álava,2020-10,2.253292289588369,0.2599999904632568,160.05999755859375,8.738083867997263
25826,Bizkaia,2020-10,4.876102412282639,0.2975000143051147,116.0574951171875,12.254934982640306
25825,Gipuzkoa,2020-10,3.693458677593104,0.3499999940395355,200.10250854492188,10.171242197073742
25787,Asturias,2020-10,1.4572531991851276,0.1550000011920929,678.3524780273438,7.144797269831934
25822,Murcia,2020-10,3.037498303997244,0.1899999976158142,455.1174926757813,9.090467459099251
25776,Almería,2020-11,1.681076641711421,0.3075000047683716,134.4199981689453,6.137480409093267
25777,Cádiz,2020-11,2.826536461574743,0.3774999976158142,231.8125,11.50698098451948
25778,Córdoba,2020-11,1.2110556680360682,0.3050000071525574,107.75499725341795,4.484829286695323
25779,Granada,2020-11,1.3479330409972243,0.3050000071525574,135.6199951171875,5.074445310986413
25780,Huelva,2020-11,1.2854742313525838,0.3125,200.6725006103516,6.1329718700602704
25781,Jaén,2020-11,1.150540401175158,0.3125,134.22500610351562,4.083677638570236
25782,Málaga,2020-11,3.0750748854713947,0.3700000047683716,158.41749572753906,10.213921465751302
25783,Sevilla,2020-11,2.418963024623425,0.3050000071525574,136.36000061035156,8.939081756517531
25784,Huesca,2020-11,0.7760292626342336,0.2849999964237213,192.05999755859372,3.131761983100173
25785,Teruel,2020-11,0.6400800139839311,0.2950000166893005,99.9000015258789,1.886131064973029
25786,Zaragoza,2020-11,1.3995602892852643,0.3100000023841858,154.13250732421875,5.858264312497178
25789,Las Palmas,2020-11,4.290484639887533,0.2599999904632568,212.49249267578125,12.35568921409274
25790,Santa Cruz de Tenerife,2020-11,3.099780312309737,0.2599999904632568,126.99500274658205,8.36699585317289
25791,Cantabria,2020-11,1.892851023737697,0.2800000011920929,151.27000427246094,5.66400749765836
25801,Albacete,2020-11,0.7320768407332388,0.3149999976158142,64.20249938964844,2.038653560154553
25802,Ciudad Real,2020-11,0.8669823465967648,0.2849999964237213,302.6025085449219,4.006680660316385
25803,Cuenca,2020-11,0.689752926161965,0.3174999952316284,77.91999816894531,1.7680052041099648
25804,Guadalajara,2020-11,0.8767811426959607,0.2800000011920929,72.21749877929688,2.8320074298649605
25805,Toledo,2020-11,1.2847229650031964,0.3125,84.25499725341797,3.4157935271584483
25792,Ávila,2020-11,0.7654983162335135,0.3100000023841858,62.345001220703125,1.7805057068710557
25793,Burgos,2020-11,0.8622656974180617,0.3050000071525574,111.85749816894533,3.493430490171903
25794,León,2020-11,0.8797135234136363,0.2724999785423279,55.44750213623047,2.1218064902072657
25795,Palencia,2020-11,0.7828227025046693,0.2750000059604645,89.6500015258789,2.6355727072927717
25796,Salamanca,2020-11,0.8464685193666918,0.3025000095367431,131.6999969482422,3.4331756567173315
25797,Segovia,2020-11,1.0167557867535817,0.3174999952316284,111.89500427246094,3.1043751888624627
25798,Soria,2020-11,0.7282939812383223,0.3000000119209289,307.6300048828125,3.866894615290828
25799,Valladolid,2020-11,1.5121714192068,0.3274999856948852,93.7624969482422,5.107790596203745
25800,Zamora,2020-11,0.6570281938667444,0.2975000143051147,101.51750183105467,2.012232258415232
25806,Barcelona,2020-11,7.15483697890907,0.3525000214576721,345.1549987792969,17.408340387643655
25807,Girona,2020-11,2.5004665587003783,0.3500000238418579,112.21499633789062,6.844354497438026
25808,Lleida,2020-11,1.033164817875104,0.3125,55.95000076293945,2.589532598464411
25809,Tarragona,2020-11,2.783977868005449,0.3400000035762787,154.95750427246094,8.744326651236802
25810,Ceuta,2020-11,15.888342308175975,0.959999978542328,76.02749633789062,17.293776886057792
25821,Melilla,2020-11,47.880224074135405,0.5674999952316284,199.4425048828125,45.91769757065958
25820,Madrid,2020-11,9.073539120274123,0.3549999892711639,189.44000244140625,19.060343504715927
25823,Navarra,2020-11,1.549969037123,0.3025000095367431,153.84500122070312,5.290573825134902
25811,Alicante/Alacant,2020-11,6.07904026054179,0.4474999904632568,147.81500244140625,13.777585068405502
25812,Castellón/Castelló,2020-11,2.332438295388055,0.3075000047683716,172.5625,9.054071558326775
25813,Valencia/València,2020-11,3.3797637521401147,0.3275000154972076,171.72750854492188,9.798530288635297
25814,Badajoz,2020-11,0.8342821863848653,0.3050000071525574,76.25,2.513500182076035
25815,Cáceres,2020-11,0.6456227238918631,0.2950000166893005,91.09249877929688,1.6302705030721476
25816,A Coruña,2020-11,1.9876198324274807,0.3350000083446502,92.04499816894533,4.903684140013736
25817,Lugo,2020-11,0.8939588541067889,0.3050000071525574,97.11499786376952,2.726009836737912
25818,Ourense,2020-11,0.9911845820166584,0.3224999904632568,68.02749633789062,2.1657552769852315
25819,Pontevedra,2020-11,2.8944716654986915,0.4350000023841858,101.41500091552734,5.883126342501125
25788,Illes Balears,2020-11,3.101592376514917,0.324999988079071,380.197509765625,10.128520784801951
25827,La Rioja,2020-11,1.642819104522912,0.3000000119209289,199.6000061035156,6.792515744467524
25824,Araba/Álava,2020-11,2.640966870170379,0.3300000131130218,169.5124969482422,10.646431245020498
25826,Bizkaia,2020-11,5.956782584405564,0.3849999904632568,159.85501098632812,15.405055503829786
25825,Gipuzkoa,2020-11,4.49148339199147,0.4249999821186065,229.16500854492188,12.025498177012738
25787,Asturias,2020-11,1.7100777562666023,0.2775000035762787,731.2974853515625,9.845256738184176
25822,Murcia,2020-11,2.947573695024378,0.3174999952316284,543.58251953125,9.071211081498282
25776,Almería,2020-12,1.8831970220442888,0.3474999964237213,135.5074920654297,7.060256246646144
25777,Cádiz,2020-12,2.5980629633799253,0.4174999892711639,172.27249145507812,9.394981612339214
25778,Córdoba,2020-12,1.193257605618094,0.3675000071525574,84.99250030517578,3.6278940628204728
25779,Granada,2020-12,1.3473815020706676,0.3149999976158142,106.6875,4.537320836945923
25780,Huelva,2020-12,1.3231021192204488,0.3824999928474426,188.7700042724609,5.8407063859643
25781,Jaén,2020-12,1.0940342023674985,0.3149999976158142,99.81999969482422,3.227938702461231
25782,Málaga,2020-12,3.0580967976203386,0.4275000095367431,132.6824951171875,9.65753051892762
25783,Sevilla,2020-12,2.163363871831062,0.3725000023841858,107.8499984741211,6.951525112634913
25784,Huesca,2020-12,0.8399277272311271,0.2349999994039535,181.5574951171875,3.013563902340307
25785,Teruel,2020-12,0.6856583607530157,0.2874999940395355,113.80249786376952,1.9506387592004693
25786,Zaragoza,2020-12,1.3370413652296274,0.3499999940395355,126.93499755859376,4.837382073609684
25789,Las Palmas,2020-12,3.366823202086052,0.2199999988079071,150.97999572753906,8.718938611697569
25790,Santa Cruz de Tenerife,2020-12,2.830250764012092,0.1949999928474426,84.30249786376953,7.041353864544993
25791,Cantabria,2020-12,1.6783645948874473,0.3350000083446502,92.47999572753906,4.088203091166811
25801,Albacete,2020-12,0.7903735954528522,0.3425000011920929,61.92749786376953,2.0061507248934305
25802,Ciudad Real,2020-12,0.8739650141243523,0.3525000214576721,253.4900054931641,3.379609158309397
25803,Cuenca,2020-12,0.7457214651081258,0.3575000166893005,79.90249633789062,1.7227118060606292
25804,Guadalajara,2020-12,0.7535013802303565,0.3224999904632568,33.48749923706055,1.3413596540927994
25805,Toledo,2020-12,1.108010968962453,0.3675000071525574,55.38249969482422,1.9484414522337208
25792,Ávila,2020-12,0.7049714522247673,0.3650000095367431,30.002498626708984,0.8976004521100927
25793,Burgos,2020-12,0.8167746006342174,0.3474999964237213,80.20500183105469,2.2542281446998595
25794,León,2020-12,0.8623649616727016,0.2524999976158142,55.62750244140625,1.8093491580875536
25795,Palencia,2020-12,0.767312335538838,0.3549999892711639,56.682498931884766,1.6686853778316375
25796,Salamanca,2020-12,0.8131787989829266,0.375,78.33250427246094,2.225247672573807
25797,Segovia,2020-12,0.8303932720072461,0.3224999904632568,33.13500213623047,1.101416983359086
25798,Soria,2020-12,0.6996319587738631,0.3375000059604645,136.2675018310547,2.155436154078384
25799,Valladolid,2020-12,1.2997625841332725,0.387499988079071,61.46749877929688,3.414411795052488
25800,Zamora,2020-12,0.6993652822435937,0.3025000095367431,66.80000305175781,1.3289054873331148
25806,Barcelona,2020-12,6.811030659980021,0.3824999928474426,214.84750366210935,16.391173685660803
25807,Girona,2020-12,2.385941734055009,0.3774999976158142,90.32749938964844,5.9882481454116805
25808,Lleida,2020-12,1.06604865846258,0.3000000119209289,65.51000213623047,2.5163633840378994
25809,Tarragona,2020-12,2.8180935027277165,0.324999988079071,152.8125,8.610415980038905
25810,Ceuta,2020-12,15.024421377074942,0.9175000190734864,66.55999755859375,16.109666093431603
25821,Melilla,2020-12,45.90346691006635,0.5325000286102295,175.77499389648438,42.811442567138975
25820,Madrid,2020-12,6.001521270487891,0.3625000119209289,126.43999481201172,11.656744417670629
25823,Navarra,2020-12,1.3145950163506213,0.324999988079071,125.4574966430664,3.1533141378709235
25811,Alicante/Alacant,2020-12,6.455214885038812,0.4875000119209289,142.42999267578125,14.67220720533484
25812,Castellón/Castelló,2020-12,2.4582605060867904,0.3525000214576721,169.79750061035156,9.15013382881259
25813,Valencia/València,2020-12,3.697250462364311,0.3849999904632568,201.42999267578125,10.881381709915908
25814,Badajoz,2020-12,0.8314034792551116,0.3924999833106994,49.56999969482422,1.7177387411632703
25815,Cáceres,2020-12,0.6821807972130126,0.3650000095367431,48.31500244140625,1.0156855186116196
25816,A Coruña,2020-12,1.8671604870062384,0.4225000143051147,87.1875,4.442725726711385
25817,Lugo,2020-12,0.8720052571678023,0.324999988079071,63.09000396728516,1.9907812499062656
25818,Ourense,2020-12,0.8806089462487756,0.2874999940395355,33.967498779296875,1.2161935451191337
25819,Pontevedra,2020-12,2.1740200628855657,0.0,101.30250549316406,3.808256897761909
25788,Illes Balears,2020-12,2.989803866453673,0.3425000011920929,310.3424987792969,9.257132364980157
25827,La Rioja,2020-12,1.52321080366441,0.3299999833106994,135.74249267578125,4.91249957734095
25824,Araba/Álava,2020-12,1.9264779766327835,0.3849999904632568,81.0824966430664,5.472252074642981
25826,Bizkaia,2020-12,4.939207587167516,0.3600000143051147,329.8974914550781,12.984587269743288
25825,Gipuzkoa,2020-12,3.149653172962432,0.4650000035762787,93.44249725341795,6.364978835210412
25787,Asturias,2020-12,1.6001707365484117,0.2975000143051147,613.52001953125,7.364584993932608
25822,Murcia,2020-12,3.2876236824073133,0.3575000166893005,455.74749755859375,9.833322395325633
25776,Almería,2021-01,1.6956956819701643,0.3050000071525574,117.92750549316406,6.235703435612653
25777,Cádiz,2021-01,2.852597041723975,0.3474999964237213,209.614990234375,11.517301819335676
25778,Córdoba,2021-01,1.2145576855207487,0.3050000071525574,105.84500122070312,4.511684389747894
25779,Granada,2021-01,1.3083926741158287,0.3224999904632568,116.38999938964844,4.672813159281311
25780,Huelva,2021-01,1.3540101531210922,0.332500010728836,229.58499145507807,6.270671042962571
25781,Jaén,2021-01,1.1366555891238628,0.324999988079071,135.00999450683594,4.073897922783604
25782,Málaga,2021-01,3.083847716180722,0.3474999964237213,142.99249267578125,10.466718387938284
25783,Sevilla,2021-01,2.3544081932275023,0.332500010728836,140.62249755859375,8.449352340490197
25784,Huesca,2021-01,0.9131870297413311,0.2800000011920929,176.97250366210938,3.6038228401023193
25785,Teruel,2021-01,0.9757010518269053,0.3199999928474426,233.45748901367188,4.072469989341656
25786,Zaragoza,2021-01,1.7456458753716044,0.3174999952316284,202.9375,7.312069907986648
25789,Las Palmas,2021-01,3.2937472234667604,0.0875000059604644,127.11000061035156,9.073013647932411
25790,Santa Cruz de Tenerife,2021-01,2.578462923384034,0.0450000017881393,75.99500274658203,6.552238336895789
25791,Cantabria,2021-01,2.083581945918977,0.0,191.7875061035156,5.838599538334223
25801,Albacete,2021-01,0.9840892819571948,0.3350000083446502,120.05500793457033,3.3690710901684846
25802,Ciudad Real,2021-01,0.8876217788245231,0.3075000047683716,213.52999877929688,3.7342064580797567
25803,Cuenca,2021-01,1.058255700568675,0.3349999785423279,112.58499908447266,3.0572818177614054
25804,Guadalajara,2021-01,1.4844853032479566,0.3349999785423279,122.36750030517578,5.408299170699294
25805,Toledo,2021-01,2.3052753676973845,0.324999988079071,184.74749755859372,7.517109566187159
25792,Ávila,2021-01,1.0987871380745295,0.3149999976158142,85.82499694824219,3.168830612557952
25793,Burgos,2021-01,1.101081441635332,0.0,124.67750549316406,4.208980966537159
25794,León,2021-01,1.0533220325933266,0.2775000035762787,67.56500244140625,2.6015661098603275
25795,Palencia,2021-01,0.9093529399038742,0.2374999970197677,105.85250091552734,3.0084426042624464
25796,Salamanca,2021-01,1.0335031723290196,0.2975000143051147,154.11000061035156,4.25551402951643
25797,Segovia,2021-01,1.4180921074846973,0.375,105.46500396728516,3.887919857633718
25798,Soria,2021-01,1.0016463948897,0.3375000059604645,311.97998046875,4.870124070433057
25799,Valladolid,2021-01,1.7413230358177052,0.3149999976158142,120.35000610351562,5.653741634859019
25800,Zamora,2021-01,0.7412225129997725,0.2674999833106994,92.01750183105467,2.4261103191536293
25806,Barcelona,2021-01,7.283416329072488,0.3174999952316284,461.4249877929688,18.71500779194952
25807,Girona,2021-01,2.639264402136551,0.3100000023841858,109.58000183105467,7.168047703491113
25808,Lleida,2021-01,1.2060933790690485,0.2899999916553497,67.26000213623047,3.0436112549983205
25809,Tarragona,2021-01,2.968972193288843,0.3000000119209289,255.21250915527344,9.426577440098718
25810,Ceuta,2021-01,17.086959388261818,0.7749999761581421,76.87249755859375,18.93610320445576
25821,Melilla,2021-01,43.84633880904224,0.4574999809265136,169.63999938964844,42.51779183706621
25820,Madrid,2021-01,20.94880711540173,0.4124999940395355,600.3574829101562,46.41133986352954
25823,Navarra,2021-01,1.6936490957061296,0.2775000035762787,223.54000854492188,5.669937512135815
25811,Alicante/Alacant,2021-01,6.13960368926866,0.4524999856948852,148.42250061035156,14.110663001734403
25812,Castellón/Castelló,2021-01,2.582648042784038,0.3575000166893005,202.2949981689453,10.237598160511146
25813,Valencia/València,2021-01,3.7691974889246542,0.3474999964237213,277.5174865722656,11.495352257170229
25814,Badajoz,2021-01,0.8485409564692743,0.3025000095367431,72.64250183105469,2.4694933765460334
25815,Cáceres,2021-01,0.6737012734748858,0.2925000190734863,97.67749786376952,1.7551107285812388
25816,A Coruña,2021-01,1.92242031282883,0.3375000059604645,101.78250122070312,5.026300126520716
25817,Lugo,2021-01,0.8506636285998791,0.2399999946355819,89.71499633789062,2.5855125558895877
25818,Ourense,2021-01,0.949307768665464,0.2450000047683715,68.60499572753906,2.134003834143115
25819,Pontevedra,2021-01,3.1335638932110808,0.3725000023841858,445.9924926757813,9.452394714171067
25788,Illes Balears,2021-01,3.0923096914156187,0.2650000154972076,418.8999938964844,10.596340871322091
25827,La Rioja,2021-01,2.0027421179884035,0.3425000011920929,205.9949951171875,7.712759026643377
25824,Araba/Álava,2021-01,3.0044632434621006,0.3474999964237213,172.25999450683594,10.342709112970432
25826,Bizkaia,2021-01,5.336105409364316,0.3924999833106994,144.52499389648438,12.508526288847916
25825,Gipuzkoa,2021-01,4.224724523943843,0.4174999892711639,296.3300170898437,11.791941349952966
25787,Asturias,2021-01,1.9287576636548127,0.2924999892711639,783.6275024414062,10.310869033525996
25822,Murcia,2021-01,3.004040448824325,0.3400000035762787,627.2349853515625,9.638781493832864
25776,Almería,2021-02,1.885097049340208,0.3149999976158142,134.44500732421875,7.126647064691043
25777,Cádiz,2021-02,2.5508994229268884,0.3799999952316284,170.7375030517578,8.921785441777818
25778,Córdoba,2021-02,1.1358036069564093,0.3300000131130218,97.36000061035156,3.757592838132848
25779,Granada,2021-02,1.3839360445114537,0.3425000011920929,133.54000854492188,5.138580780211651
25780,Huelva,2021-02,1.2158178485758706,0.3250000178813934,133.16749572753906,4.879832955553787
25781,Jaén,2021-02,1.136456780202738,0.3224999904632568,128.8074951171875,3.8337375116255967
25782,Málaga,2021-02,3.208951136794251,0.3799999952316284,156.16749572753906,10.61513857100197
25783,Sevilla,2021-02,2.141200320928692,0.3350000083446502,106.47250366210938,6.935350544693314
25784,Huesca,2021-02,0.9579848716521346,0.375,187.47999572753903,3.4075467293230206
25785,Teruel,2021-02,0.7511740777952937,0.2874999940395355,126.7300033569336,2.2575646336163766
25786,Zaragoza,2021-02,1.6089389066593691,0.3199999928474426,182.65499877929688,6.647520168138481
25789,Las Palmas,2021-02,3.6785957114325862,0.1075000017881393,164.8874969482422,10.43807783334574
25790,Santa Cruz de Tenerife,2021-02,2.80029416512984,0.135000005364418,93.85749816894533,7.441696624905052
25791,Cantabria,2021-02,1.929245888280117,0.1749999970197677,94.15999603271484,4.863925263988017
25801,Albacete,2021-02,0.8057552736422166,0.3025000095367431,68.49749755859375,2.0991790370855594
25802,Ciudad Real,2021-02,0.8688072895302575,0.2425000071525573,223.27749633789065,3.409496824475758
25803,Cuenca,2021-02,0.7773299187021925,0.3400000035762787,75.20999908447266,1.782084683504379
25804,Guadalajara,2021-02,0.8725518296605733,0.2349999994039535,56.977500915527344,2.182205594738717
25805,Toledo,2021-02,1.3012311771811609,0.3224999904632568,85.7750015258789,2.9059686356174934
25792,Ávila,2021-02,0.8338029133430475,0.3299999833106994,50.834999084472656,1.338524996030372
25793,Burgos,2021-02,0.9028648720560842,0.3375000059604645,93.6925048828125,2.802609939264636
25794,León,2021-02,0.9611308325588817,0.0,46.84249877929688,1.7875832017050526
25795,Palencia,2021-02,0.8527309976401737,0.0,65.96499633789062,1.778174347342514
25796,Salamanca,2021-02,0.8451336266795643,0.0,70.33999633789062,2.066905857081175
25797,Segovia,2021-02,0.9742776910627184,0.2750000059604645,88.65750122070312,2.311928348168223
25798,Soria,2021-02,0.7322404417717686,0.332500010728836,89.92749786376953,2.001325015910906
25799,Valladolid,2021-02,1.526325629078905,0.3425000011920929,79.7874984741211,4.242047570087537
25800,Zamora,2021-02,0.7388078706882064,0.2975000143051147,75.79249572753906,1.511847081434487
25806,Barcelona,2021-02,6.717242571277883,0.4350000023841858,193.25750732421875,16.20759938389574
25807,Girona,2021-02,2.2641727306446318,0.4399999976158142,97.17749786376952,5.559228988265975
25808,Lleida,2021-02,1.1923231276911113,0.3924999833106994,69.96499633789062,2.8208719009999137
25809,Tarragona,2021-02,2.8680929349623048,0.3899999856948852,186.41751098632807,9.023699862899512
25810,Ceuta,2021-02,17.49932310351775,0.962499976158142,77.72249603271484,19.647240916152832
25821,Melilla,2021-02,50.895960643709365,0.5049999952316284,202.5175018310547,48.46387787469792
25820,Madrid,2021-02,8.444114785468862,0.3725000023841858,180.3374938964844,16.499019547872557
25823,Navarra,2021-02,1.6259272606030133,0.3725000023841858,252.09750366210935,5.204099554147274
25811,Alicante/Alacant,2021-02,5.961056790105266,0.4824999868869781,132.22500610351562,12.982209824432784
25812,Castellón/Castelló,2021-02,2.4406223670810534,0.3650000095367431,172.5574951171875,9.015368066728948
25813,Valencia/València,2021-02,3.3372993020032693,0.3675000071525574,133.44000244140625,9.162194218323458
25814,Badajoz,2021-02,0.8056396030123545,0.2800000011920929,48.907501220703125,1.791331166463862
25815,Cáceres,2021-02,0.7026979339294925,0.2800000011920929,75.65750122070312,1.371578088230562
25816,A Coruña,2021-02,1.996048419912792,0.0,85.9749984741211,4.518057600069364
25817,Lugo,2021-02,0.9419787769357828,0.3100000023841858,74.86499786376953,2.2691206631741503
25818,Ourense,2021-02,0.9375602559689088,0.2975000143051147,39.157501220703125,1.393573922926579
25819,Pontevedra,2021-02,2.7408076110713964,0.4925000071525574,160.9875030517578,5.614172717303818
25788,Illes Balears,2021-02,3.009023264013692,0.3300000131130218,346.572509765625,9.290114848465056
25827,La Rioja,2021-02,1.7675373004809218,0.3700000047683716,201.22000122070312,6.909834415533839
25824,Araba/Álava,2021-02,2.591168867680945,0.4000000059604645,170.21749877929688,9.261434316124356
25826,Bizkaia,2021-02,5.590783165130341,0.3949999809265136,155.98001098632812,13.836085358880394
25825,Gipuzkoa,2021-02,3.8660105594683687,0.4000000059604645,183.7975006103516,8.868331378605731
25787,Asturias,2021-02,1.684571676500917,0.3550000190734863,125.26499938964844,5.049951365013434
25822,Murcia,2021-02,3.186731275234648,0.3524999916553497,353.2275085449219,9.050981892550237
25776,Almería,2021-03,1.6801016033272738,0.2224999964237213,121.1500015258789,6.469127619118996
25777,Cádiz,2021-03,2.999782450230624,0.2800000011920929,225.39749145507807,12.54592194025822
25778,Córdoba,2021-03,1.1698113142985485,0.2125000059604644,111.90999603271484,4.827266767277155
25779,Granada,2021-03,1.3156515368530743,0.2125000059604644,133.46249389648438,5.427452293077577
25780,Huelva,2021-03,1.2959670737417814,0.2249999940395355,183.1625061035156,6.840658163628995
25781,Jaén,2021-03,1.1037520184442946,0.209999993443489,142.09500122070312,4.474962318907228
25782,Málaga,2021-03,3.2240745384220943,0.2800000011920929,173.02999877929688,11.13014367703517
25783,Sevilla,2021-03,2.488912824034272,0.2175000011920929,144.98500061035156,9.621602377553684
25784,Huesca,2021-03,0.6547188531207199,0.125,186.65750122070312,3.431375128920592
25785,Teruel,2021-03,0.5036697994442049,0.1500000059604644,97.81999969482422,1.9142365306164808
25786,Zaragoza,2021-03,1.3590956401987957,0.1550000011920929,188.99249267578125,6.9311678028590205
25789,Las Palmas,2021-03,3.1873531507918664,0.1875,236.7324981689453,8.754778269987948
25790,Santa Cruz de Tenerife,2021-03,2.804441464191751,0.0,90.58000183105467,7.163474370237405
25791,Cantabria,2021-03,1.5451016708891072,0.1099999994039535,83.81500244140625,4.353970869781482
25801,Albacete,2021-03,0.6345322732742198,0.1750000119209289,81.49250030517578,2.2654733396152715
25802,Ciudad Real,2021-03,0.7690701197611509,0.1775000095367431,184.50999450683597,3.8884717767538417
25803,Cuenca,2021-03,0.598797458389852,0.1525000035762787,79.97000122070312,1.9466442755677935
25804,Guadalajara,2021-03,0.7639333700850064,0.1400000005960464,84.19000244140625,2.916136167167924
25805,Toledo,2021-03,1.3154863557464045,0.1850000023841858,109.50250244140624,4.065518597473217
25792,Ávila,2021-03,0.6514162536594292,0.1825000047683715,53.247501373291016,1.762944647775432
25793,Burgos,2021-03,0.6823119606787755,0.0975000038743019,103.10250091552734,3.1226326767136983
25794,León,2021-03,0.8213304743448944,0.1400000005960464,67.49500274658203,2.5729131015484787
25795,Palencia,2021-03,0.6804490315837594,0.1500000059604644,86.30000305175781,2.646536145160165
25796,Salamanca,2021-03,0.7327905060385967,0.1525000035762787,122.4324951171875,3.301143444650656
25797,Segovia,2021-03,0.8684902569339421,0.1599999964237213,98.14500427246094,2.8833156588583675
25798,Soria,2021-03,0.4804975875428269,0.1150000020861625,81.24250030517578,1.876341487616077
25799,Valladolid,2021-03,1.4646728404310172,0.2074999958276748,89.8499984741211,5.131183569163609
25800,Zamora,2021-03,0.5678046566179268,0.1475000083446502,99.81500244140624,2.3893735293673
25806,Barcelona,2021-03,7.405781697101684,0.1775000095367431,205.82749938964844,18.240201060458958
25807,Girona,2021-03,2.4626272288685955,0.1850000023841858,130.625,7.365700802835187
25808,Lleida,2021-03,0.9488925088408334,0.1174999997019767,89.04000091552734,3.226865824087753
25809,Tarragona,2021-03,2.7690737494778066,0.1650000065565109,182.7949981689453,9.250828048885197
25810,Ceuta,2021-03,18.491391228501477,0.8600000143051147,84.56749725341797,21.46235992170978
25821,Melilla,2021-03,43.51658414153692,0.3474999964237213,167.7675018310547,40.50999028476699
25820,Madrid,2021-03,9.967850138239326,0.2074999958276748,200.19749450683597,21.12323392306105
25823,Navarra,2021-03,1.3268449775864133,0.1174999997019767,141.1875,4.565909565100145
25811,Alicante/Alacant,2021-03,6.211497998603519,0.3224999904632568,147.3925018310547,14.406164323620052
25812,Castellón/Castelló,2021-03,2.353451333859764,0.1650000065565109,201.95249938964844,9.917118804935386
25813,Valencia/València,2021-03,3.414992456677892,0.1750000119209289,153.35501098632812,10.376552184440476
25814,Badajoz,2021-03,0.7658199461448538,0.1949999928474426,71.74749755859375,2.6562730702488926
25815,Cáceres,2021-03,0.5522140980977965,0.1525000035762787,117.91500091552734,1.9235889559903745
25816,A Coruña,2021-03,2.237368769298589,0.2049999982118606,111.3324966430664,6.35261220153738
25817,Lugo,2021-03,0.7928989381531809,0.1224999949336052,117.22250366210938,3.1791521098882485
25818,Ourense,2021-03,0.9240250388039624,0.1700000017881393,97.625,2.8617464145214733
25819,Pontevedra,2021-03,3.185041470411495,0.2425000071525573,142.46499633789062,7.118365668559369
25788,Illes Balears,2021-03,2.8730964895274798,0.1750000119209289,337.697509765625,9.302208678463778
25827,La Rioja,2021-03,1.5076237751748842,0.0925000011920929,183.22999572753903,6.647484040243434
25824,Araba/Álava,2021-03,2.054506630042608,0.1099999994039535,116.04750061035156,7.889209172221537
25826,Bizkaia,2021-03,4.980578423952201,0.1550000011920929,156.47999572753906,12.526297809481564
25825,Gipuzkoa,2021-03,3.2411599250598653,0.1724999994039535,79.47750091552734,7.6517426165670575
25787,Asturias,2021-03,1.582149361574592,0.135000005364418,160.92750549316406,6.1751409446488985
25822,Murcia,2021-03,3.072839821843071,0.2300000041723251,459.45501708984375,9.608997027990078
25776,Almería,2021-04,1.4650932661420757,0.1574999988079071,114.25499725341795,5.661581902689109
25777,Cádiz,2021-04,2.905025018061547,0.1924999952316284,211.97750854492188,11.656534173638486
25778,Córdoba,2021-04,1.0641662441629756,0.1375000029802322,87.20750427246094,4.0362305923192086
25779,Granada,2021-04,1.2479186289553563,0.147499993443489,115.5999984741211,4.930699499536571
25780,Huelva,2021-04,1.2113198343144684,0.1724999994039535,156.2550048828125,6.050257188825436
25781,Jaén,2021-04,0.9882575586447556,0.135000005364418,111.05750274658205,3.864854420220573
25782,Málaga,2021-04,3.164871828779306,0.2224999964237213,156.32749938964844,10.669754294219317
25783,Sevilla,2021-04,2.308984758345442,0.1299999952316284,129.6199951171875,8.447115408958478
25784,Huesca,2021-04,0.6460003634835769,0.1174999997019767,153.38999938964844,2.9697820620648074
25785,Teruel,2021-04,0.4982240380023342,0.125,109.31749725341795,1.9874804760008469
25786,Zaragoza,2021-04,1.3925444259602586,0.1525000035762787,165.94749450683594,6.84084138948086
25789,Las Palmas,2021-04,3.9285830820990246,0.2125000059604644,182.75750732421875,11.214716430233285
25790,Santa Cruz de Tenerife,2021-04,2.811789390332376,0.2074999958276748,89.95750427246094,7.2111167013406785
25791,Cantabria,2021-04,1.9689287696888085,0.1199999973177909,115.66749572753906,6.069751970516917
25801,Albacete,2021-04,0.5495362792247636,0.1125000044703483,75.1500015258789,1.746230549674039
25802,Ciudad Real,2021-04,0.7018954182077934,0.1024999991059303,188.09249877929688,3.3756603904204345
25803,Cuenca,2021-04,0.5511071883140204,0.135000005364418,54.92250061035156,1.5156710787030985
25804,Guadalajara,2021-04,0.748220427003351,0.1075000017881393,82.24749755859375,2.767203808440432
25805,Toledo,2021-04,1.2432543977634525,0.1000000014901161,113.875,3.677416224123697
25792,Ávila,2021-04,0.6288487454274604,0.0975000038743019,50.84749984741211,1.6923994661735626
25793,Burgos,2021-04,0.7343805076928445,0.1274999976158142,123.34500122070312,3.5669824635360765
25794,León,2021-04,0.7874485464473147,0.1174999997019767,55.2300033569336,2.2882186018228663
25795,Palencia,2021-04,0.685424054203556,0.1274999976158142,88.62750244140625,2.7583429180332484
25796,Salamanca,2021-04,0.7206124979127791,0.1324999928474426,120.91999816894533,3.348494843684981
25797,Segovia,2021-04,0.8618468401036795,0.1700000017881393,97.40249633789062,2.878497762237677
25798,Soria,2021-04,0.5082539078890794,0.1149999946355819,74.50749969482422,1.9712315544445216
25799,Valladolid,2021-04,1.453131512113013,0.1924999952316284,92.13500213623048,5.162331875622851
25800,Zamora,2021-04,0.5372829314421671,0.1174999997019767,91.93000030517578,2.148251470903355
25806,Barcelona,2021-04,6.506209799292248,0.1724999994039535,149.69000244140625,14.917905732697616
25807,Girona,2021-04,2.3399935016968088,0.1599999964237213,95.9375,6.289233663320408
25808,Lleida,2021-04,0.9311521556096174,0.0974999964237213,82.1824951171875,2.932975867269017
25809,Tarragona,2021-04,2.6591802872674326,0.1449999958276748,277.4150085449219,9.373810418578625
25810,Ceuta,2021-04,18.41197459768465,1.0625,84.02499389648438,20.404746553870307
25821,Melilla,2021-04,42.56497293534859,0.4024999737739563,152.78750610351562,38.885280524577205
25820,Madrid,2021-04,9.34386568815223,0.2000000029802322,166.05999755859375,18.798052148216183
25823,Navarra,2021-04,1.5282328059626686,0.1299999952316284,114.3175048828125,5.562425198883158
25811,Alicante/Alacant,2021-04,4.523382103769688,0.2800000011920929,125.06500244140624,9.77589139436299
25812,Castellón/Castelló,2021-04,2.2274393675059714,0.1449999958276748,186.16500854492188,9.225658404266476
25813,Valencia/València,2021-04,3.2537508755187456,0.1574999988079071,189.25750732421875,9.671734287153376
25814,Badajoz,2021-04,0.7440165600871571,0.1375000029802322,72.18000030517578,2.550903529416596
25815,Cáceres,2021-04,0.5311739015079495,0.1150000020861625,97.87750244140624,1.7347017953373196
25816,A Coruña,2021-04,2.3719718638445437,0.1599999964237213,128.60499572753906,6.806048909190337
25817,Lugo,2021-04,0.7941320983776634,0.147499993443489,106.38999938964844,2.953958295922439
25818,Ourense,2021-04,0.933067825632306,0.1550000011920929,89.97999572753906,2.789887756034353
25819,Pontevedra,2021-04,3.216668551501209,0.262499988079071,110.19499969482422,6.730168861785341
25788,Illes Balears,2021-04,2.977638231561337,0.1675000041723251,369.875,9.80339788400066
25827,La Rioja,2021-04,1.6584880876971193,0.1599999964237213,200.0625,7.37118089502084
25824,Araba/Álava,2021-04,2.6184188448962487,0.1850000023841858,165.97250366210938,10.988865610244549
25826,Bizkaia,2021-04,6.171400355679695,0.2449999898672104,203.3874969482422,15.78826039739388
25825,Gipuzkoa,2021-04,4.537591257355527,0.2399999946355819,164.24249267578125,11.539352753940838
25787,Asturias,2021-04,1.9672864256831928,0.1299999952316284,1982.9200439453125,21.19939137996174
25822,Murcia,2021-04,2.2507440876232065,0.1299999952316284,172.11500549316406,5.923011948114627
25776,Almería,2021-05,1.763209189931107,0.1774999946355819,141.635009765625,7.302202498140179
25777,Cádiz,2021-05,2.926231148832849,0.25,207.95748901367188,12.10650736668843
25778,Córdoba,2021-05,1.1751070918933997,0.0,117.60749816894533,4.890816088942422
25779,Granada,2021-05,1.2750763905103202,0.1599999964237213,126.50999450683594,5.215516720026781
25780,Huelva,2021-05,1.3235440984379414,0.1324999928474426,178.6750030517578,6.758169502920208
25781,Jaén,2021-05,1.0607830399719336,0.1150000020861625,145.77249145507812,4.321552330134642
25782,Málaga,2021-05,3.290232671837684,0.262499988079071,175.59249877929688,11.524720992551872
25783,Sevilla,2021-05,2.4712981596775925,0.0875000059604644,143.23500061035156,9.4712769936685
25784,Huesca,2021-05,0.0,0.0,0.0,0.0
25785,Teruel,2021-05,0.0641070405523506,-0.25,34.5099983215332,0.4421836488499597
25786,Zaragoza,2021-05,0.0,0.0,0.0,0.0
25789,Las Palmas,2021-05,3.571060812276257,0.2524999976158142,208.8125,9.91941085170616
25790,Santa Cruz de Tenerife,2021-05,2.924227410621796,0.2349999994039535,102.69249725341795,7.859493761069243
25791,Cantabria,2021-05,0.0,0.0,0.0,0.0
25801,Albacete,2021-05,0.4254068940571562,-0.4199999868869781,41.2599983215332,1.2025572470587782
25802,Ciudad Real,2021-05,0.777688944052632,-0.270000010728836,729.1900024414062,6.2000296927069325
25803,Cuenca,2021-05,0.2395490479192045,-0.3899999856948852,23.384998321533203,0.6812084234315278
25804,Guadalajara,2021-05,0.0454765751914698,0.0,34.5099983215332,0.382122007918062
25805,Toledo,2021-05,1.3186195748833065,-0.3300000131130218,96.09500122070312,3.586189220095881
25792,Ávila,2021-05,0.3482856733473329,-0.2300000041723251,112.18000030517578,1.5145558503261085
25793,Burgos,2021-05,0.0,0.0,0.0,0.0
25794,León,2021-05,0.0,0.0,0.0,0.0
25795,Palencia,2021-05,0.0,0.0,0.0,0.0
25796,Salamanca,2021-05,0.1604289514916362,-0.2300000041723251,65.0999984741211,1.0533708193317175
25797,Segovia,2021-05,0.0,0.0,0.0,0.0
25798,Soria,2021-05,0.0,0.0,0.0,0.0
25799,Valladolid,2021-05,0.0,0.0,0.0,0.0
25800,Zamora,2021-05,0.0,0.0,0.0,0.0
25806,Barcelona,2021-05,0.0,0.0,0.0,0.0
25807,Girona,2021-05,0.0,0.0,0.0,0.0
25808,Lleida,2021-05,0.0,0.0,0.0,0.0
25809,Tarragona,2021-05,0.0,0.0,0.0,0.0
25810,Ceuta,2021-05,17.657213940683516,0.8075000047683716,77.63999938964844,20.68996203648196
25821,Melilla,2021-05,45.18735796399917,0.4874999821186065,175.9250030517578,42.98042723147592
25820,Madrid,2021-05,5.895536523927058,0.0,231.8999938964844,16.210165148134475
25823,Navarra,2021-05,0.0,0.0,0.0,0.0
25811,Alicante/Alacant,2021-05,6.19628437930293,0.2049999982118606,148.05499267578125,14.07317533002027
25812,Castellón/Castelló,2021-05,2.044887974943866,-0.3799999952316284,160.48500061035156,9.308817188632853
25813,Valencia/València,2021-05,3.628882862737164,-0.5799999833106995,170.7050018310547,10.409874720737626
25814,Badajoz,2021-05,0.7565743068232411,-0.4000000059604645,72.93000030517578,2.665514571224959
25815,Cáceres,2021-05,0.5811860327044581,-0.5600000023841858,112.58000183105467,2.001153626298472
25816,A Coruña,2021-05,0.0,0.0,0.0,0.0
25817,Lugo,2021-05,0.0,0.0,0.0,0.0
25818,Ourense,2021-05,0.0,0.0,0.0,0.0
25819,Pontevedra,2021-05,0.0,0.0,0.0,0.0
25788,Illes Balears,2021-05,2.3644612837984047,-0.0975000038743019,125.31500244140624,6.148378681656282
25827,La Rioja,2021-05,0.0,0.0,0.0,0.0
25824,Araba/Álava,2021-05,0.0,0.0,0.0,0.0
25826,Bizkaia,2021-05,0.0,0.0,0.0,0.0
25825,Gipuzkoa,2021-05,0.0,0.0,0.0,0.0
25787,Asturias,2021-05,0.0,0.0,0.0,0.0
25822,Murcia,2021-05,3.1401446033317977,-0.1400000005960464,792.8925170898438,11.15870420976958
25776,Almería,2021-06,0.0,0.0,0.0,0.0
25777,Cádiz,2021-06,0.0,0.0,0.0,0.0
25778,Córdoba,2021-06,0.0,0.0,0.0,0.0
25779,Granada,2021-06,0.0,0.0,0.0,0.0
25780,Huelva,2021-06,0.0,0.0,0.0,0.0
25781,Jaén,2021-06,0.0,0.0,0.0,0.0
25782,Málaga,2021-06,0.0,0.0,0.0,0.0
25783,Sevilla,2021-06,0.0,0.0,0.0,0.0
25784,Huesca,2021-06,0.0,0.0,0.0,0.0
25785,Teruel,2021-06,0.0,0.0,0.0,0.0
25786,Zaragoza,2021-06,0.0,0.0,0.0,0.0
25789,Las Palmas,2021-06,3.41081034884637,0.2725000083446502,174.75999450683594,9.01918989926896
25790,Santa Cruz de Tenerife,2021-06,2.8030780059715203,0.2025000005960464,90.74749755859376,6.983020781455433
25791,Cantabria,2021-06,0.0,0.0,0.0,0.0
25801,Albacete,2021-06,0.0,0.0,0.0,0.0
25802,Ciudad Real,2021-06,0.0,0.0,0.0,0.0
25803,Cuenca,2021-06,0.0,0.0,0.0,0.0
25804,Guadalajara,2021-06,0.0,0.0,0.0,0.0
25805,Toledo,2021-06,0.0,0.0,0.0,0.0
25792,Ávila,2021-06,0.0,0.0,0.0,0.0
25793,Burgos,2021-06,0.0,0.0,0.0,0.0
25794,León,2021-06,0.0,0.0,0.0,0.0
25795,Palencia,2021-06,0.0,0.0,0.0,0.0
25796,Salamanca,2021-06,0.0,0.0,0.0,0.0
25797,Segovia,2021-06,0.0,0.0,0.0,0.0
25798,Soria,2021-06,0.0,0.0,0.0,0.0
25799,Valladolid,2021-06,0.0,0.0,0.0,0.0
25800,Zamora,2021-06,0.0,0.0,0.0,0.0
25806,Barcelona,2021-06,0.0,0.0,0.0,0.0
25807,Girona,2021-06,0.0,0.0,0.0,0.0
25808,Lleida,2021-06,0.0,0.0,0.0,0.0
25809,Tarragona,2021-06,0.0,0.0,0.0,0.0
25810,Ceuta,2021-06,0.0,0.0,0.0,0.0
25821,Melilla,2021-06,0.0,0.0,0.0,0.0
25820,Madrid,2021-06,0.0,0.0,0.0,0.0
25823,Navarra,2021-06,0.0,0.0,0.0,0.0
25811,Alicante/Alacant,2021-06,0.0,0.0,0.0,0.0
25812,Castellón/Castelló,2021-06,0.0,0.0,0.0,0.0
25813,Valencia/València,2021-06,0.0,0.0,0.0,0.0
25814,Badajoz,2021-06,0.0,0.0,0.0,0.0
25815,Cáceres,2021-06,0.0,0.0,0.0,0.0
25816,A Coruña,2021-06,0.0,0.0,0.0,0.0
25817,Lugo,2021-06,0.0,0.0,0.0,0.0
25818,Ourense,2021-06,0.0,0.0,0.0,0.0
25819,Pontevedra,2021-06,0.0,0.0,0.0,0.0
25788,Illes Balears,2021-06,0.0,0.0,0.0,0.0
25827,La Rioja,2021-06,0.0,0.0,0.0,0.0
25824,Araba/Álava,2021-06,0.0,0.0,0.0,0.0
25826,Bizkaia,2021-06,0.0,0.0,0.0,0.0
25825,Gipuzkoa,2021-06,0.0,0.0,0.0,0.0
25787,Asturias,2021-06,0.0,0.0,0.0,0.0
25822,Murcia,2021-06,0.0,0.0,0.0,0.0
25776,Almería,2021-07,2.6857212707817265e-05,0.0,0.4099999964237213,0.0064178139513115
25777,Cádiz,2021-07,0.8143334379513746,0.0,123.3800048828125,4.351566291547112
25778,Córdoba,2021-07,0.0,0.0,0.0,0.0
25779,Granada,2021-07,0.0,0.0,0.0,0.0
25780,Huelva,2021-07,0.0,0.0,0.0,0.0
25781,Jaén,2021-07,0.0,0.0,0.0,0.0
25782,Málaga,2021-07,2.159360975117764,-0.050000000745058,173.8699951171875,10.688350711087242
25783,Sevilla,2021-07,0.0,0.0,0.0,0.0
25784,Huesca,2021-07,0.0,0.0,0.0,0.0
25785,Teruel,2021-07,0.0,0.0,0.0,0.0
25786,Zaragoza,2021-07,0.0,0.0,0.0,0.0
25789,Las Palmas,2021-07,3.357106641647653,0.2325000017881393,135.80250549316406,8.301545496619608
25790,Santa Cruz de Tenerife,2021-07,2.768127906871324,0.1475000083446502,94.7125015258789,7.153428336013821
25791,Cantabria,2021-07,0.0,0.0,0.0,0.0
25801,Albacete,2021-07,0.0,0.0,0.0,0.0
25802,Ciudad Real,2021-07,0.0,0.0,0.0,0.0
25803,Cuenca,2021-07,0.0,0.0,0.0,0.0
25804,Guadalajara,2021-07,0.0,0.0,0.0,0.0
25805,Toledo,2021-07,0.0,0.0,0.0,0.0
25792,Ávila,2021-07,0.0,0.0,0.0,0.0
25793,Burgos,2021-07,0.0,0.0,0.0,0.0
25794,León,2021-07,0.0,0.0,0.0,0.0
25795,Palencia,2021-07,0.0,0.0,0.0,0.0
25796,Salamanca,2021-07,0.0,0.0,0.0,0.0
25797,Segovia,2021-07,0.0,0.0,0.0,0.0
25798,Soria,2021-07,0.0,0.0,0.0,0.0
25799,Valladolid,2021-07,0.0,0.0,0.0,0.0
25800,Zamora,2021-07,0.0,0.0,0.0,0.0
25806,Barcelona,2021-07,0.0,0.0,0.0,0.0
25807,Girona,2021-07,0.0,0.0,0.0,0.0
25808,Lleida,2021-07,0.0,0.0,0.0,0.0
25809,Tarragona,2021-07,0.0,0.0,0.0,0.0
25810,Ceuta,2021-07,21.747828973802264,0.2824999988079071,102.38999938964844,24.80705577682379
25821,Melilla,2021-07,39.852354382473294,0.6499999761581421,183.63250732421875,38.82327908273242
25820,Madrid,2021-07,0.0,0.0,0.0,0.0
25823,Navarra,2021-07,0.0,0.0,0.0,0.0
25811,Alicante/Alacant,2021-07,0.0,0.0,0.0,0.0
25812,Castellón/Castelló,2021-07,0.0,0.0,0.0,0.0
25813,Valencia/València,2021-07,0.0,0.0,0.0,0.0
25814,Badajoz,2021-07,0.0,0.0,0.0,0.0
25815,Cáceres,2021-07,0.0,0.0,0.0,0.0
25816,A Coruña,2021-07,0.0,0.0,0.0,0.0
25817,Lugo,2021-07,0.0,0.0,0.0,0.0
25818,Ourense,2021-07,0.0,0.0,0.0,0.0
25819,Pontevedra,2021-07,0.0,0.0,0.0,0.0
25788,Illes Balears,2021-07,0.0,0.0,0.0,0.0
25827,La Rioja,2021-07,0.0,0.0,0.0,0.0
25824,Araba/Álava,2021-07,0.0,0.0,0.0,0.0
25826,Bizkaia,2021-07,0.0,0.0,0.0,0.0
25825,Gipuzkoa,2021-07,0.0,0.0,0.0,0.0
25787,Asturias,2021-07,0.0,0.0,0.0,0.0
25822,Murcia,2021-07,0.0,0.0,0.0,0.0
25776,Almería,2021-08,1.55812460213471,0.2199999988079071,100.7249984741211,5.038598290529559
25777,Cádiz,2021-08,2.9879962743923008,0.3299999833106994,229.6699981689453,11.20447836183396
25778,Córdoba,2021-08,1.231640446490116,0.2374999970197677,100.2125015258789,4.449155674063646
25779,Granada,2021-08,1.3384101680694156,0.2224999964237213,104.00750732421876,4.706125763681966
25780,Huelva,2021-08,1.3288340741700508,0.262499988079071,157.0749969482422,5.819294993063535
25781,Jaén,2021-08,1.115261249794429,0.2325000017881393,191.97250366210935,4.104904669904507
25782,Málaga,2021-08,3.0077361287806377,0.3224999904632568,130.63499450683594,9.02678029255931
25783,Sevilla,2021-08,2.5435211137650797,0.2599999904632568,127.27749633789062,8.785705214413372
25784,Huesca,2021-08,0.6073922287150241,-0.0700000002980232,153.54249572753906,2.8431298346249787
25785,Teruel,2021-08,0.5864040134668895,0.197500005364418,100.19000244140624,1.8332068826605088
25786,Zaragoza,2021-08,1.3624979317756742,0.0274999998509883,163.10000610351562,6.3841138174958925
25789,Las Palmas,2021-08,3.2440602438179638,0.2175000011920929,124.37750244140624,8.158310953402426
25790,Santa Cruz de Tenerife,2021-08,2.5557960813797047,0.1424999982118606,98.54249572753906,6.549195791438117
25791,Cantabria,2021-08,0.2281915420456623,-0.050000000745058,60.00749969482422,1.164514314686222
25801,Albacete,2021-08,0.6769816739282993,0.2049999982118606,61.26250076293945,1.9946220834957291
25802,Ciudad Real,2021-08,0.8465262138565105,0.2150000035762787,324.51251220703125,4.411913641184695
25803,Cuenca,2021-08,0.6366088803137641,0.1375000029802322,64.37999725341797,1.7085293594759146
25804,Guadalajara,2021-08,0.7800342335842211,0.1124999970197677,64.48750305175781,2.661597798331654
25805,Toledo,2021-08,1.340738501724956,0.2274999916553497,81.42250061035156,3.584056624839267
25792,Ávila,2021-08,0.8697766792327495,0.2249999940395355,169.94000244140625,2.6931666688658056
25793,Burgos,2021-08,0.6669374419698668,-0.0199999995529651,76.5050048828125,2.7031447079610325
25794,León,2021-08,0.8307590584281316,-0.0100000016391277,61.334999084472656,2.48355170266466
25795,Palencia,2021-08,0.6904264316648844,-0.0074999998323619,83.4749984741211,2.66216237381493
25796,Salamanca,2021-08,0.8261309674069539,0.1899999976158142,109.76499938964844,3.2093615930788664
25797,Segovia,2021-08,0.9264497551962034,0.1525000035762787,95.39749908447266,2.771007343644043
25798,Soria,2021-08,0.4836759218649138,0.0549999997019767,77.13750457763672,1.8453586092456424
25799,Valladolid,2021-08,1.4910446835865767,0.0775000005960464,84.7125015258789,5.081336193596891
25800,Zamora,2021-08,0.6033605798403575,0.0249999985098838,81.75250244140625,2.133166940303881
25806,Barcelona,2021-08,6.712368813390854,0.1375000029802322,178.2375030517578,15.163173622801748
25807,Girona,2021-08,2.376454838802443,0.1375000029802322,94.0875015258789,6.385225918824235
25808,Lleida,2021-08,0.9064706844205817,0.0399999991059303,67.0250015258789,2.8180640616232027
25809,Tarragona,2021-08,2.743364590464827,0.2399999946355819,146.802490234375,8.523873279010186
25810,Ceuta,2021-08,16.112689664216646,1.1799999475479126,70.04000091552734,16.9519109052793
25821,Melilla,2021-08,30.24571184481243,0.5425000190734863,105.58250427246094,26.725206906196316
25820,Madrid,2021-08,9.152000045235368,0.25,186.7250061035156,18.316193780048497
25823,Navarra,2021-08,1.189933116032366,-0.0399999991059303,71.24000549316406,3.726734857408906
25811,Alicante/Alacant,2021-08,5.745973147833214,0.4050000011920929,119.7624969482422,11.9705345576055
25812,Castellón/Castelló,2021-08,2.00409885106436,0.2374999970197677,103.70750427246094,6.547054343313726
25813,Valencia/València,2021-08,3.048407088092742,0.2300000041723251,149.50999450683594,8.237354777132463
25814,Badajoz,2021-08,0.8364433046307528,0.2374999970197677,69.55500030517578,2.525186542770802
25815,Cáceres,2021-08,0.6284207263410916,0.2224999964237213,102.56500244140624,1.7225798152962195
25816,A Coruña,2021-08,2.2331160669028045,-0.1099999994039535,206.1175079345703,6.510645085472643
25817,Lugo,2021-08,0.6342191688273702,-0.2399999946355819,112.53499603271484,2.6717974723985525
25818,Ourense,2021-08,1.1568258059096057,0.0800000056624412,612.6375122070312,9.411113834127695
25819,Pontevedra,2021-08,3.3398749408603523,0.1599999964237213,118.7874984741211,7.391422101714821
25788,Illes Balears,2021-08,3.033151687686733,0.2300000041723251,299.62750244140625,8.667512672938521
25827,La Rioja,2021-08,1.405655921360075,0.0750000029802322,149.02499389648438,4.780090252800722
25824,Araba/Álava,2021-08,1.309773846441224,0.0,92.5500030517578,4.240099549381895
25826,Bizkaia,2021-08,0.092873112719303,0.0,13.609999656677246,0.8080266692502526
25825,Gipuzkoa,2021-08,0.1407857777740209,-0.0199999995529651,9.369999885559082,0.628812323212443
25787,Asturias,2021-08,0.3702129322463163,-0.1500000059604644,70.32499694824219,1.371858451462778
25822,Murcia,2021-08,2.900710438652445,0.2325000017881393,310.64501953125,7.694593704373698
25776,Almería,2021-09,1.6840734418746233,0.1574999988079071,139.07000732421875,6.802621217299963
25777,Cádiz,2021-09,2.954715113328835,0.2199999988079071,293.89501953125,12.801933663949988
25778,Córdoba,2021-09,1.0834433645756616,0.1375000029802322,97.75499725341795,4.498521059234523
25779,Granada,2021-09,1.2432225001042672,0.1475000083446502,117.27000427246094,5.139668955983819
25780,Huelva,2021-09,1.235590389550023,0.1750000119209289,192.08999633789065,6.55893250790426
25781,Jaén,2021-09,1.0019434541290897,0.147499993443489,143.77249145507812,4.218541784674681
25782,Málaga,2021-09,3.742331530135584,0.2374999970197677,309.1575012207031,13.707796874097252
25783,Sevilla,2021-09,2.4169737834135008,0.1650000065565109,147.10000610351562,9.355995335844204
25784,Huesca,2021-09,0.5982472810632199,0.0600000023841857,128.08250427246094,2.587543562972457
25785,Teruel,2021-09,0.4904034930828892,0.1375000029802322,113.06999969482422,1.961767594868914
25786,Zaragoza,2021-09,1.3248430507085525,0.1500000059604644,164.88250732421875,6.477291758158997
25789,Las Palmas,2021-09,3.6362807371613934,0.2025000005960464,116.13499450683594,9.636271139360854
25790,Santa Cruz de Tenerife,2021-09,2.717921403129924,0.2049999982118606,91.04000091552734,7.182878281718681
25791,Cantabria,2021-09,1.6418492956315072,0.1775000095367431,89.6824951171875,4.704840388737294
25801,Albacete,2021-09,0.5697512243755654,0.1150000020861625,73.89500427246094,2.068911994307956
25802,Ciudad Real,2021-09,0.7196791805498706,0.1225000023841857,299.6474914550781,4.217100903261679
25803,Cuenca,2021-09,0.5592377721931782,0.1349999904632568,70.23750305175781,1.77473719058636
25804,Guadalajara,2021-09,0.7084929987113371,0.1324999928474426,57.83250045776367,2.559345787465685
25805,Toledo,2021-09,1.2331270327442312,0.1449999958276748,83.70249938964844,3.6603129850776406
25792,Ávila,2021-09,0.6063630726216354,0.1875,38.4375,1.462931494767456
25793,Burgos,2021-09,0.7307912599639317,0.1974999904632568,99.64749908447266,3.1592757335055954
25794,León,2021-09,0.7283782817248631,0.1525000035762787,52.185001373291016,1.963336817861068
25795,Palencia,2021-09,0.6550447390928226,0.1599999964237213,63.95500183105469,2.1243375001711007
25796,Salamanca,2021-09,0.6564249841095398,0.1574999988079071,100.97750091552734,2.6453632972116923
25797,Segovia,2021-09,0.8502620863104018,0.2049999982118606,98.24749755859376,2.617623986908717
25798,Soria,2021-09,0.4793490683636147,0.1650000065565109,72.75,1.700876437796574
25799,Valladolid,2021-09,1.3635475815697995,0.2274999916553497,82.55249786376953,4.640677540418421
25800,Zamora,2021-09,0.5268057493539956,0.1500000059604644,79.41000366210938,1.8817275419794344
25806,Barcelona,2021-09,6.347878014407886,0.125,156.0749969482422,14.751894589030703
25807,Girona,2021-09,1.991038241322164,0.1749999970197677,73.74250030517578,5.002366558115852
25808,Lleida,2021-09,0.8637273307409498,0.125,66.73999786376953,2.5124409019202214
25809,Tarragona,2021-09,2.368698066639425,0.1774999946355819,127.47750091552734,7.175747674726047
25810,Ceuta,2021-09,18.8459129751828,0.7300000190734863,99.36500549316406,22.02444283446844
25821,Melilla,2021-09,46.35345357846693,0.4625000059604645,177.65499877929688,43.48099393337459
25820,Madrid,2021-09,8.84176987561949,0.2175000011920929,175.39500427246094,17.993910820770743
25823,Navarra,2021-09,1.3804609970308483,0.1075000017881393,112.09500122070312,4.760763386785733
25811,Alicante/Alacant,2021-09,5.842223233894648,0.2925000190734863,146.385009765625,13.100499530917492
25812,Castellón/Castelló,2021-09,1.993764824962433,0.1500000059604644,116.6050033569336,7.263849927304487
25813,Valencia/València,2021-09,3.170086750939746,0.1550000011920929,170.11000061035156,9.514021288105504
25814,Badajoz,2021-09,0.7098772578760133,0.1375000029802322,76.01249694824219,2.447439719283221
25815,Cáceres,2021-09,0.5167778648286439,0.1050000041723251,89.4625015258789,1.678566834324108
25816,A Coruña,2021-09,1.8196853158253536,0.2249999940395355,103.1300048828125,4.91733294230191
25817,Lugo,2021-09,0.7350466322902035,0.1775000095367431,77.27999877929688,2.4220700965491506
25818,Ourense,2021-09,0.7989817693338463,0.1850000023841858,66.2925033569336,2.0338244631704416
25819,Pontevedra,2021-09,2.3834534113492647,0.2549999952316284,84.85250091552734,4.881753813534901
25788,Illes Balears,2021-09,2.986683161194076,0.1799999922513961,265.04498291015625,9.027005238452482
25827,La Rioja,2021-09,1.4734058920499733,0.1825000047683715,145.98001098632812,5.875672098859815
25824,Araba/Álava,2021-09,2.061996102124775,0.2450000047683715,101.06500244140624,7.191096506336347
25826,Bizkaia,2021-09,4.574688989091423,0.2874999940395355,110.81999969482422,10.573132841310963
25825,Gipuzkoa,2021-09,3.491036963918956,0.2725000083446502,117.84750366210938,8.22061742125503
25787,Asturias,2021-09,1.5164181288954222,0.1650000065565109,610.20751953125,7.673503324778555
25822,Murcia,2021-09,2.965115935338896,0.1574999988079071,553.0150146484375,9.259072119461395
25776,Almería,2021-10,1.7146196421985331,0.2549999952316284,124.17750549316406,6.483018201216471
25777,Cádiz,2021-10,2.8646189716344064,0.25,212.40499877929688,11.754038434109887
25778,Córdoba,2021-10,1.1756208269162791,0.2025000005960464,106.77749633789062,4.714940740732143
25779,Granada,2021-10,1.3366974306107704,0.2549999952316284,117.6875,5.147846797774005
25780,Huelva,2021-10,1.2511192686263517,0.2025000005960464,184.8325042724609,6.523295197320955
25781,Jaén,2021-10,1.106967356588989,0.2425000071525573,146.4324951171875,4.20294164959561
25782,Málaga,2021-10,3.1460179353911992,0.2425000071525573,154.91751098632812,10.515334392147995
25783,Sevilla,2021-10,2.398307296069922,0.2049999982118606,143.69500732421875,9.162106680897914
25784,Huesca,2021-10,0.7016596018649867,0.1825000047683715,167.16250610351562,3.4940398215289266
25785,Teruel,2021-10,0.5380855817013414,0.1875,90.78250122070312,1.8306405699791664
25786,Zaragoza,2021-10,1.4196551482158368,0.1899999976158142,189.36749267578125,7.187672803686123
25789,Las Palmas,2021-10,3.604871773282357,0.1550000011920929,132.97999572753906,9.808682510854748
25790,Santa Cruz de Tenerife,2021-10,8.450440682249733,0.1800000071525573,5135.3798828125,132.04958433775855
25791,Cantabria,2021-10,1.7329147598198311,0.1700000017881393,122.61500549316406,5.326803491000623
25801,Albacete,2021-10,0.6766502098406759,0.2549999952316284,67.3949966430664,2.0278605077139105
25802,Ciudad Real,2021-10,0.8253671184178248,0.2175000011920929,249.34750366210935,4.202078162493828
25803,Cuenca,2021-10,0.6473495341196536,0.1899999976158142,68.84500122070312,1.8800185643359837
25804,Guadalajara,2021-10,0.7769399642882123,0.1749999970197677,69.03500366210938,2.918296214733327
25805,Toledo,2021-10,1.3615412299278238,0.2150000035762787,91.69499969482422,4.055575710292485
25792,Ávila,2021-10,0.6538394394124994,0.2224999964237213,39.85499954223633,1.4246466098414283
25793,Burgos,2021-10,0.7450966301124395,0.1775000095367431,118.1750030517578,3.461480162307469
25794,León,2021-10,0.8003924460747635,0.1700000017881393,57.682498931884766,2.2493178710253656
25795,Palencia,2021-10,0.716113353580405,0.1574999988079071,85.60499572753906,2.718990872975478
25796,Salamanca,2021-10,0.7478229963809027,0.2049999982118606,118.70500183105467,3.241369354800842
25797,Segovia,2021-10,0.8310179188993245,0.2299999892711639,97.02749633789062,2.4511982697028563
25798,Soria,2021-10,0.5006769354734384,0.1775000095367431,81.7449951171875,1.9824477176547104
25799,Valladolid,2021-10,1.4414680986787258,0.2325000017881393,82.62999725341797,5.026964942024721
25800,Zamora,2021-10,0.5728587520863675,0.1724999994039535,81.80999755859375,2.0227630987989653
25806,Barcelona,2021-10,6.80820676275145,0.2399999946355819,191.1499938964844,16.001060433009176
25807,Girona,2021-10,2.42823354071102,0.2125000059604644,103.44749450683594,6.782274562081551
25808,Lleida,2021-10,0.9692316706788788,0.197500005364418,71.19999694824219,2.9780976814401616
25809,Tarragona,2021-10,2.7646852546606016,0.2000000029802322,178.55499267578125,9.06760483854569
25810,Ceuta,2021-10,17.934844748287464,0.762499988079071,84.4124984741211,20.46997170692097
25821,Melilla,2021-10,47.39245636646254,0.4174999892711639,188.74749755859372,45.01616211683286
25820,Madrid,2021-10,9.476547523847634,0.2549999952316284,241.6824951171875,20.08346572989442
25823,Navarra,2021-10,1.4649820197284784,0.1700000017881393,129.15499877929688,5.399773201107773
25811,Alicante/Alacant,2021-10,5.800812961592796,0.3299999833106994,140.02000427246094,13.31153778524962
25812,Castellón/Castelló,2021-10,2.142554679879516,0.2100000083446502,126.15249633789062,7.64150477792077
25813,Valencia/València,2021-10,3.316719189375372,0.25,160.35250854492188,9.63985028140682
25814,Badajoz,2021-10,0.7667977946804496,0.1899999976158142,81.41999816894531,2.698196894316707
25815,Cáceres,2021-10,0.5635545163822608,0.1825000047683715,90.02749633789062,1.730521254299238
25816,A Coruña,2021-10,2.038012807944907,0.2299999892711639,119.8375015258789,5.90816006265939
25817,Lugo,2021-10,0.7746262110408848,0.2049999982118606,94.0500030517578,2.775829333527382
25818,Ourense,2021-10,0.8449754744115978,0.2199999988079071,76.0625,2.2889871346465824
25819,Pontevedra,2021-10,2.689079029992215,0.2725000083446502,133.8524932861328,5.824234589226745
25788,Illes Balears,2021-10,3.1180371036422185,0.1875,296.92498779296875,9.716811743413352
25827,La Rioja,2021-10,1.626475069596584,0.1850000023841858,199.42999267578125,7.429003037534751
25824,Araba/Álava,2021-10,2.389561737737632,0.2475000023841858,147.86500549316406,9.306929285830918
25826,Bizkaia,2021-10,5.302853133715565,0.2399999946355819,178.3625030517578,13.97486123046073
25825,Gipuzkoa,2021-10,3.878622604502096,0.3224999904632568,214.3874969482422,10.98371070548585
25787,Asturias,2021-10,1.630079309401486,0.1899999976158142,531.1024780273438,7.987563708647629
25822,Murcia,2021-10,2.906998274418646,0.262499988079071,335.7950134277344,8.350139898460737
25776,Almería,2021-11,1.837511394763044,0.2975000143051147,152.17250061035156,7.094358054543648
25777,Cádiz,2021-11,2.827281902599625,0.3350000083446502,190.8325042724609,11.076396212222011
25778,Córdoba,2021-11,1.1826380694988758,0.2800000011920929,110.55249786376952,4.512815562298759
25779,Granada,2021-11,1.315120198660707,0.2775000035762787,107.5625,4.776203587989792
25780,Huelva,2021-11,1.314484194149091,0.2750000059604645,181.19500732421875,6.633358520502557
25781,Jaén,2021-11,1.095684263734958,0.270000010728836,117.76750183105467,3.7293437436516887
25782,Málaga,2021-11,3.3518677179320204,0.3199999928474426,161.2675018310547,11.406684184433908
25783,Sevilla,2021-11,2.3691455092484563,0.3025000095367431,129.83250427246094,8.649943121919778
25784,Huesca,2021-11,0.7956402466985779,0.2950000166893005,159.94000244140625,3.2308110851234395
25785,Teruel,2021-11,0.6422071105600748,0.2725000083446502,90.84000396728516,1.812252177514632
25786,Zaragoza,2021-11,1.504341901531362,0.2800000011920929,182.66749572753903,6.82291667185695
25789,Las Palmas,2021-11,3.547003184703577,0.0974999964237213,126.86000061035156,9.882871242656908
25790,Santa Cruz de Tenerife,2021-11,2.995783789923659,0.0,114.92750549316406,7.579512131409441
25791,Cantabria,2021-11,1.668772445475068,0.2924999892711639,118.88499450683594,4.470992942644775
25801,Albacete,2021-11,0.7304354346535684,0.262499988079071,68.75250244140625,2.045052557215723
25802,Ciudad Real,2021-11,0.8823066910303213,0.262499988079071,674.5274658203125,6.196569443757543
25803,Cuenca,2021-11,0.7089244256482106,0.2874999940395355,74.37999725341797,1.8708803049753413
25804,Guadalajara,2021-11,0.8816204931087667,0.2800000011920929,64.7074966430664,2.965787428894381
25805,Toledo,2021-11,1.352573110931528,0.2724999785423279,89.07749938964844,3.935520617095333
25792,Ávila,2021-11,0.7162715510421153,0.2699999809265136,47.345001220703125,1.6575465409472647
25793,Burgos,2021-11,0.8155625635795315,0.2824999988079071,103.6999969482422,3.2111680568439604
25794,León,2021-11,0.9171655354661624,0.2750000059604645,58.13249969482422,2.3514483438803224
25795,Palencia,2021-11,0.773588671678291,0.2849999964237213,82.68000030517578,2.5210302412017804
25796,Salamanca,2021-11,0.8299978244804187,0.2849999964237213,110.29249572753906,3.1713148726895217
25797,Segovia,2021-11,0.9391098191265164,0.3025000095367431,90.9749984741211,2.602092636908522
25798,Soria,2021-11,0.616646802582225,0.2849999964237213,90.08499908447266,1.9433349192571063
25799,Valladolid,2021-11,1.4898646774168405,0.3224999904632568,81.39749908447266,5.029311900226097
25800,Zamora,2021-11,0.6853857060405273,0.2874999940395355,90.02999877929688,2.2519024553880347
25806,Barcelona,2021-11,7.1974313765471365,0.3375000059604645,206.76499938964844,17.048805262186814
25807,Girona,2021-11,2.5375361677995407,0.3500000238418579,91.60499572753906,6.637239418242944
25808,Lleida,2021-11,1.0429710805110284,0.2775000035762787,84.1449966430664,2.72913124356388
25809,Tarragona,2021-11,2.9441399105356734,0.0,192.1499938964844,9.34824208431474
25810,Ceuta,2021-11,18.043725762170325,0.8974999785423279,91.70500183105467,20.31703139381093
25821,Melilla,2021-11,50.60730627404417,0.5299999713897705,197.07000732421875,48.163180806272
25820,Madrid,2021-11,9.414306987724103,0.3525000214576721,245.75999450683597,20.12525833177351
25823,Navarra,2021-11,1.5298633350359128,0.3274999856948852,130.94500732421875,4.870436158129826
25811,Alicante/Alacant,2021-11,6.349320943990061,0.3924999833106994,166.32000732421875,14.588494204324382
25812,Castellón/Castelló,2021-11,2.2231369287094287,0.2824999988079071,146.0,7.665272789528304
25813,Valencia/València,2021-11,3.535835541107728,0.2874999940395355,188.15249633789065,10.456071893441653
25814,Badajoz,2021-11,0.8018377609002755,0.2649999856948852,71.55249786376953,2.493037638097877
25815,Cáceres,2021-11,0.6267456962494447,0.2524999976158142,105.10250091552734,1.8361934730665128
25816,A Coruña,2021-11,2.136887103504827,0.3149999976158142,114.5675048828125,5.6669277903089545
25817,Lugo,2021-11,0.7954186896618007,0.2899999916553497,80.41999816894531,2.1688635373946363
25818,Ourense,2021-11,0.8607267826642753,0.2775000035762787,44.55249786376953,1.62220875633843
25819,Pontevedra,2021-11,3.10615387805662,0.3550000190734863,165.47500610351562,7.247125989073349
25788,Illes Balears,2021-11,2.600683364816517,0.0,136.28250122070312,6.593054557634675
25827,La Rioja,2021-11,1.65371586081168,0.2800000011920929,173.44000244140625,6.460554971733914
25824,Araba/Álava,2021-11,1.9642993816013208,0.3675000071525574,97.01750183105467,5.823343651035931
25826,Bizkaia,2021-11,4.354770514830577,0.3550000190734863,111.59249877929688,10.258423925599748
25825,Gipuzkoa,2021-11,2.993672853717165,0.4225000143051147,113.87999725341795,6.796440137358196
25787,Asturias,2021-11,1.6836600193259263,0.270000010728836,753.5849609375,9.591784889769272
25822,Murcia,2021-11,3.2560660009151148,0.262499988079071,385.0325012207031,9.929093666901746
25776,Almería,2021-12,1.980508521530362,0.3300000131130218,140.88250732421875,7.473829072409006
25777,Cádiz,2021-12,3.0429457509529185,0.4025000035762787,216.15750122070312,12.04832270601752
25778,Córdoba,2021-12,1.2226937999467893,0.3000000119209289,109.89250183105467,4.530764386870398
25779,Granada,2021-12,1.4401454470445385,0.3125,131.57749938964844,5.483012858646324
25780,Huelva,2021-12,1.3649458470019,0.324999988079071,171.72500610351562,6.309186377398372
25781,Jaén,2021-12,1.1332430638457789,0.3375000059604645,121.93499755859376,3.8856017501050326
25782,Málaga,2021-12,3.4990385936351283,0.3924999833106994,174.8874969482422,11.855662351935674
25783,Sevilla,2021-12,2.47429473111367,0.3350000083446502,135.6074981689453,8.946564784786558
25784,Huesca,2021-12,0.8134111825623379,0.2649999856948852,154.42750549316406,3.114333161950034
25785,Teruel,2021-12,0.6615073364199717,0.2775000035762787,115.23249816894533,2.096911414176001
25786,Zaragoza,2021-12,1.3952767090507732,0.3100000023841858,176.49249267578125,6.154638922932851
25789,Las Palmas,2021-12,3.730681293578235,0.1800000071525573,129.79249572753906,10.411372686217549
25790,Santa Cruz de Tenerife,2021-12,5.220498412850714,0.2100000083446502,3277.25,65.50022408944925
25791,Cantabria,2021-12,1.9136361311754917,0.3100000023841858,112.31500244140624,5.009735933211798
25801,Albacete,2021-12,0.7653749506417918,0.3050000071525574,65.33499908447266,2.081399690023165
25802,Ciudad Real,2021-12,0.876239343240491,0.2800000011920929,402.4574890136719,4.93667588550917
25803,Cuenca,2021-12,0.720663225386506,0.3025000095367431,61.92250061035156,1.747935778554825
25804,Guadalajara,2021-12,0.8854642851495734,0.2874999940395355,65.5675048828125,2.841877521706784
25805,Toledo,2021-12,1.3671563373134457,0.2950000166893005,86.0574951171875,3.7483845655261385
25792,Ávila,2021-12,0.7677843706414365,0.3025000095367431,47.380001068115234,1.6414423560459257
25793,Burgos,2021-12,0.7931559211817086,0.3100000023841858,76.01249694824219,2.3404750800368777
25794,León,2021-12,0.8148992049596125,0.270000010728836,40.834999084472656,1.58933535369447
25795,Palencia,2021-12,0.7795116474618863,0.3125,70.34249877929688,2.076719372383855
25796,Salamanca,2021-12,0.7726377528502884,0.2649999856948852,96.65249633789062,2.706323492127836
25797,Segovia,2021-12,0.9373078785593764,0.3050000071525574,88.42500305175781,2.4073089984110285
25798,Soria,2021-12,0.6141505394555693,0.270000010728836,80.6624984741211,1.7878091086721266
25799,Valladolid,2021-12,1.3055329029028817,0.3025000095367431,61.39250183105469,3.8195250901883786
25800,Zamora,2021-12,0.6084520447157769,0.2649999856948852,62.7400016784668,1.6027430273391772
25806,Barcelona,2021-12,7.550972986925457,0.2975000143051147,244.0749969482422,18.74893096577308
25807,Girona,2021-12,2.621054680450716,0.3075000047683716,111.13249969482422,7.303361290530676
25808,Lleida,2021-12,1.0587198675028595,0.2824999988079071,64.65249633789062,2.78760874762161
25809,Tarragona,2021-12,4.252224062718516,0.3449999988079071,4710.3173828125,65.36047481875488
25810,Ceuta,2021-12,18.68863318954933,0.8050000071525574,106.0500030517578,21.857060745122705
25821,Melilla,2021-12,48.40258901794122,0.4775000214576721,190.24249267578125,47.11032616264323
25820,Madrid,2021-12,9.51303115077604,0.3899999856948852,186.01499938964844,19.833327623616803
25823,Navarra,2021-12,1.365563042486902,0.2975000143051147,123.96499633789062,4.131928170233727
25811,Alicante/Alacant,2021-12,6.678662612995833,0.4650000035762787,166.02749633789062,15.480515343209165
25812,Castellón/Castelló,2021-12,2.3259633247729385,0.3075000047683716,162.52499389648438,8.359620881911136
25813,Valencia/València,2021-12,3.8838530058509098,0.3149999976158142,228.50999450683597,11.797467027871477
25814,Badajoz,2021-12,0.8354897750992301,0.2899999916553497,68.71749877929688,2.365877611719191
25815,Cáceres,2021-12,0.6655746291777094,0.270000010728836,90.5999984741211,1.7454282110783714
25816,A Coruña,2021-12,1.6306145070368077,0.3199999928474426,67.8175048828125,3.560697740956394
25817,Lugo,2021-12,0.7356773326493526,0.3100000023841858,66.63249969482422,1.6820667066390984
25818,Ourense,2021-12,0.8017659423013442,0.2849999964237213,39.05999755859375,1.3420087707764257
25819,Pontevedra,2021-12,2.264098316308638,0.3700000047683716,125.5500030517578,4.507692679210005
25788,Illes Balears,2021-12,3.0080084810592447,0.2824999988079071,360.1499938964844,10.004222056908684
25827,La Rioja,2021-12,1.5875702521726034,0.3224999904632568,150.33749389648438,5.728325757787168
25824,Araba/Álava,2021-12,2.3639369072981253,0.3650000095367431,133.3000030517578,8.49935102289816
25826,Bizkaia,2021-12,5.449709793023277,0.4275000095367431,131.65499877929688,12.562519567460953
25825,Gipuzkoa,2021-12,4.006797422882152,0.4050000011920929,144.26499938964844,9.933411153647002
25787,Asturias,2021-12,1.701158234512386,0.2849999964237213,456.2999877929688,8.922186796915906
25822,Murcia,2021-12,3.36662012190431,0.332500010728836,337.4624938964844,9.687979139269604
25776,Almería,2022-01,1.7706075681691236,0.2349999994039535,258.0375061035156,6.795427479777555
25777,Cádiz,2022-01,2.899952253020208,0.3174999952316284,190.57249450683597,11.30494224823314
25778,Córdoba,2022-01,1.1533211471865092,0.2274999916553497,108.56999969482422,4.435846413562859
25779,Granada,2022-01,1.3563997612043477,0.2450000047683715,126.01000213623048,5.233303329152438
25780,Huelva,2022-01,1.2771765635707826,0.2524999976158142,185.7400054931641,6.315251792418064
25781,Jaén,2022-01,1.0739062275111957,0.2299999892711639,89.52999877929688,3.810797713966772
25782,Málaga,2022-01,3.2751994238831,0.3174999952316284,151.2274932861328,10.828808115372166
25783,Sevilla,2022-01,2.4073400987931555,0.2649999856948852,137.47000122070312,8.761044811637303
25784,Huesca,2022-01,0.748375528642053,0.2249999940395355,178.59500122070312,3.234834422762332
25785,Teruel,2022-01,0.6094102441967235,0.2299999892711639,95.95000457763672,1.9703380101008063
25786,Zaragoza,2022-01,1.3868908393925896,0.2150000035762787,182.34500122070312,6.469640152349825
25789,Las Palmas,2022-01,3.7095084327641112,0.1600000113248825,130.41500854492188,10.537765853684588
25790,Santa Cruz de Tenerife,2022-01,2.886929509835797,0.0874999985098838,111.7624969482422,7.767893115261317
25791,Cantabria,2022-01,1.645207061303157,0.1875,112.81749725341795,4.669273687800482
25801,Albacete,2022-01,0.7009117036711624,0.2474999874830246,72.3499984741211,2.2374479499515934
25802,Ciudad Real,2022-01,0.7990154094544584,0.2175000011920929,268.7724914550781,3.928487725444173
25803,Cuenca,2022-01,0.6682071122127801,0.2349999994039535,63.525001525878906,1.805524459523192
25804,Guadalajara,2022-01,0.8383620564537502,0.2224999964237213,60.970001220703125,2.8503456065275428
25805,Toledo,2022-01,1.3346341683269165,0.2399999946355819,85.08000183105469,3.8087301620892138
25792,Ávila,2022-01,0.7302199952145477,0.2450000047683715,46.494998931884766,1.7033239741363508
25793,Burgos,2022-01,0.826423570223055,0.2224999964237213,130.6999969482422,3.59891706661806
25794,León,2022-01,0.9255393936281082,0.1949999928474426,188.9375,3.2267654672222297
25795,Palencia,2022-01,0.7740560635922763,0.2074999958276748,95.0,2.836420056902769
25796,Salamanca,2022-01,0.7810207030767681,0.2475000023841858,114.30750274658205,2.994002744816484
25797,Segovia,2022-01,0.9406019027156592,0.2300000041723251,100.85499572753906,2.759955917918485
25798,Soria,2022-01,0.5964581045270103,0.2224999964237213,97.48249816894533,2.134261897346414
25799,Valladolid,2022-01,1.4723473803025011,0.2574999928474426,86.1875,4.901828354421333
25800,Zamora,2022-01,0.8616769820848279,0.2374999970197677,1213.6925048828125,14.784912067701388
25806,Barcelona,2022-01,7.278715812799354,0.2325000017881393,455.9525146484375,18.395825281180056
25807,Girona,2022-01,2.4732460757714976,0.2649999856948852,110.60250091552734,7.021232786987978
25808,Lleida,2022-01,1.0045124970138852,0.2374999970197677,71.14250183105469,2.823166039965189
25809,Tarragona,2022-01,2.848957554741649,0.2750000059604645,245.1300048828125,9.848945583146037
25810,Ceuta,2022-01,17.992737309724305,0.9550000429153442,86.95249938964844,19.88461526755287
25821,Melilla,2022-01,39.09184511260456,0.4250000119209289,144.75,36.12537488625665
25820,Madrid,2022-01,9.63402921713629,0.2899999916553497,226.2100067138672,20.45577074898532
25823,Navarra,2022-01,1.419378626058747,0.2150000035762787,228.34750366210935,5.176669283431236
25811,Alicante/Alacant,2022-01,6.108773927434575,0.3974999785423279,141.625,13.792595402010235
25812,Castellón/Castelló,2022-01,2.208071832894832,0.2524999976158142,164.8699951171875,8.10751752802992
25813,Valencia/València,2022-01,3.596808531741715,0.2649999856948852,215.3999938964844,11.027445479081551
25814,Badajoz,2022-01,0.7692813356611173,0.2150000035762787,63.619998931884766,2.3160290143820994
25815,Cáceres,2022-01,0.6003689568365084,0.2175000011920929,106.86500549316406,1.7804140828130075
25816,A Coruña,2022-01,2.0677089867285003,0.2900000214576721,112.62249755859376,5.567415419019657
25817,Lugo,2022-01,0.76329615309787,0.2650000154972076,67.13999938964844,1.936510715351602
25818,Ourense,2022-01,0.9696449743228372,0.2649999856948852,99.44749450683594,2.9671388504474647
25819,Pontevedra,2022-01,2.831138026792704,0.3425000011920929,202.97000122070312,6.517606708127344
25788,Illes Balears,2022-01,2.8035595062417764,0.2574999928474426,310.00750732421875,8.777667421503406
25827,La Rioja,2022-01,1.6452983345741847,0.1675000041723251,194.3524932861328,6.733438582226293
25824,Araba/Álava,2022-01,2.345283041441572,0.2725000083446502,152.5574951171875,9.03600102847006
25826,Bizkaia,2022-01,4.912175649180945,0.2824999988079071,117.59249877929688,11.468905069504093
25825,Gipuzkoa,2022-01,3.85321889176623,0.3300000131130218,170.7050018310547,9.88316231211441
25787,Asturias,2022-01,1.3264084748115637,0.2249999940395355,236.42999267578125,4.244381628176696
25822,Murcia,2022-01,3.0259240514976766,0.2574999928474426,274.8349914550781,8.541162602472907
25776,Almería,2022-02,1.5607993558779982,0.1599999964237213,118.30500030517578,6.172517478822501
25777,Cádiz,2022-02,2.73538910077284,0.2425000071525573,210.7725067138672,10.883324887516764
25778,Córdoba,2022-02,1.101206236975376,0.2000000029802322,107.96499633789062,4.469789871803211
25779,Granada,2022-02,1.1989731890526814,0.1424999982118606,126.60749816894533,4.947728175858335
25780,Huelva,2022-02,1.1774160687879054,0.2175000011920929,158.1925048828125,5.557850702165797
25781,Jaén,2022-02,0.9868510560152678,0.1675000041723251,77.63249969482422,3.2863477457667334
25782,Málaga,2022-02,2.991528473181027,0.2449999898672104,149.79750061035156,10.249332320302722
25783,Sevilla,2022-02,2.3557442439006677,0.1899999976158142,133.9949951171875,8.791814861832028
25784,Huesca,2022-02,0.6955296657930082,0.1274999976158142,172.34249877929688,3.3575416538643257
25785,Teruel,2022-02,0.5008119630962425,0.1024999991059303,83.74500274658203,1.8526799254609916
25786,Zaragoza,2022-02,1.407312021875771,0.1749999970197677,202.9250030517578,6.967425696210713
25789,Las Palmas,2022-02,3.786293509572238,0.2574999928474426,138.90499877929688,10.05520489991918
25790,Santa Cruz de Tenerife,2022-02,2.75727884616793,0.1274999976158142,90.41999816894533,7.119099828070439
25791,Cantabria,2022-02,1.6061992742995022,0.2224999964237213,100.5999984741211,4.49095170654289
25801,Albacete,2022-02,0.6102559068070121,0.1525000035762787,80.98500061035156,2.061442956901807
25802,Ciudad Real,2022-02,0.750331103918083,0.1649999916553497,228.3625030517578,3.7423521008683966
25803,Cuenca,2022-02,0.585899046190858,0.1024999991059303,69.3499984741211,1.739541588825557
25804,Guadalajara,2022-02,0.7595545613353759,0.1550000011920929,77.55750274658203,2.8672008227975327
25805,Toledo,2022-02,1.2207917491710514,0.1700000017881393,90.05999755859375,3.5668942263958687
25792,Ávila,2022-02,0.6167307859549362,0.1825000047683715,45.28749847412109,1.6132042323555102
25793,Burgos,2022-02,0.7548588129866303,0.1800000071525573,121.03499603271484,3.545617038021567
25794,León,2022-02,0.8566637997228516,0.1724999994039535,190.03250122070312,2.866726758959864
25795,Palencia,2022-02,0.7092069695523117,0.1775000095367431,94.6624984741211,2.753857405913528
25796,Salamanca,2022-02,0.7317518486134209,0.1624999940395355,122.00250244140624,3.1895147379170474
25797,Segovia,2022-02,0.8537256065979522,0.2049999982118606,105.25499725341795,2.779032099907896
25798,Soria,2022-02,0.5324398223070209,0.1624999940395355,94.09500122070312,2.113821932159264
25799,Valladolid,2022-02,1.4016696365151051,0.2300000041723251,86.00499725341797,5.181119416240288
25800,Zamora,2022-02,0.6858785149700533,0.1924999952316284,174.39999389648438,3.915907005218269
25806,Barcelona,2022-02,7.243047458226843,0.1825000047683715,208.9499969482422,17.629806259223688
25807,Girona,2022-02,2.563391629594966,0.1875,130.96749877929688,7.352281715495408
25808,Lleida,2022-02,0.953508568058368,0.1599999964237213,76.34500122070312,2.918493675771541
25809,Tarragona,2022-02,2.831376158211748,0.1550000011920929,187.68499755859372,9.515783438275584
25810,Ceuta,2022-02,14.809725473915568,1.027500033378601,71.80249786376953,16.58036826735884
25821,Melilla,2022-02,40.75231808830861,0.3499999940395355,147.37249755859375,36.73446093922325
25820,Madrid,2022-02,8.981085035150182,0.2374999970197677,213.6999969482422,19.140885301805117
25823,Navarra,2022-02,1.4833467259746584,0.1899999976158142,190.1475067138672,5.673638583197896
25811,Alicante/Alacant,2022-02,5.815880406432054,0.2349999994039535,136.30999755859375,13.470580966066436
25812,Castellón/Castelló,2022-02,2.1013530993672083,0.1299999952316284,141.51998901367188,7.966168493907138
25813,Valencia/València,2022-02,3.400539568870921,0.1149999946355819,216.1824951171875,10.699982399631663
25814,Badajoz,2022-02,0.7235720119904046,0.1624999940395355,67.6500015258789,2.419178999541713
25815,Cáceres,2022-02,0.5508181316684163,0.1675000041723251,100.90499877929688,1.8260465908694756
25816,A Coruña,2022-02,2.171652501164094,0.2374999970197677,134.5749969482422,6.247913621531283
25817,Lugo,2022-02,0.7784022307226479,0.2000000029802322,99.2300033569336,2.726588307433775
25818,Ourense,2022-02,0.9530972464390192,0.2025000005960464,190.03250122070312,3.3203154336499403
25819,Pontevedra,2022-02,3.139192586618727,0.3125,143.63499450683594,7.08950322611704
25788,Illes Balears,2022-02,2.8906403822975872,0.1825000047683715,338.552490234375,9.426732934214447
25827,La Rioja,2022-02,1.676674095638919,0.1775000095367431,217.59750366210935,7.324766950204778
25824,Araba/Álava,2022-02,2.50833036987549,0.2199999988079071,181.9125061035156,10.366021160726666
25826,Bizkaia,2022-02,5.167528893554024,0.2475000023841858,127.89500427246094,12.761651461901078
25825,Gipuzkoa,2022-02,3.975544271516224,0.3125,139.48500061035156,10.030941459542246
25787,Asturias,2022-02,1.546152624390842,0.2000000029802322,324.1300048828125,6.180381372486608
25822,Murcia,2022-02,2.766969859898349,0.1700000017881393,271.63751220703125,8.297343852984493
25776,Almería,2022-03,1.6259721293205038,0.1574999988079071,121.39250183105467,6.205147398364167
25777,Cádiz,2022-03,2.912751100695765,0.25,196.39749145507807,11.485181904623936
25778,Córdoba,2022-03,1.1094363140766788,0.1599999964237213,96.22250366210938,4.170572139708372
25779,Granada,2022-03,1.219766367042678,0.1199999973177909,109.27249908447266,4.716491924724728
25780,Huelva,2022-03,1.2594341373455478,0.2325000017881393,175.71499633789062,5.975402453580351
25781,Jaén,2022-03,0.9497189604992398,0.1574999988079071,73.49250030517578,3.114730488969799
25782,Málaga,2022-03,3.199514732411407,0.2574999928474426,159.55999755859375,11.054136855704904
25783,Sevilla,2022-03,2.4282696985274064,0.2374999970197677,141.86500549316406,9.004426315835584
25784,Huesca,2022-03,0.6413373207950749,0.1375000029802322,151.33248901367188,2.649169907580975
25785,Teruel,2022-03,0.4927680779741328,0.0949999988079071,121.67749786376952,1.9806696273147133
25786,Zaragoza,2022-03,1.2989054933499822,0.1550000011920929,157.7725067138672,6.029621442305265
25789,Las Palmas,2022-03,3.480976363661844,0.199999988079071,128.85000610351562,9.808763519955418
25790,Santa Cruz de Tenerife,2022-03,2.7258187813517667,0.0974999964237213,100.03500366210938,7.036114414804668
25791,Cantabria,2022-03,1.6669241072200256,0.1825000047683715,82.55000305175781,4.146239757189318
25801,Albacete,2022-03,0.618622001914974,0.0700000002980232,53.45249938964844,1.639685037324626
25802,Ciudad Real,2022-03,0.7521353445571862,0.1624999940395355,250.00250244140625,3.7191392191145214
25803,Cuenca,2022-03,0.5943255632589896,0.1099999994039535,58.53749847412109,1.6274880245810752
25804,Guadalajara,2022-03,0.753443445306319,0.1299999952316284,65.65499877929688,2.529873571360923
25805,Toledo,2022-03,1.208813741256635,0.1599999964237213,74.98500061035156,3.183477119547047
25792,Ávila,2022-03,0.6539949249210391,0.147499993443489,37.63999938964844,1.2942299496003054
25793,Burgos,2022-03,0.7529184116962713,0.1574999988079071,115.97750091552734,3.114700497731481
25794,León,2022-03,0.8227938058801944,0.1174999997019767,73.5875015258789,2.110954326473528
25795,Palencia,2022-03,0.7099834539271054,0.2249999940395355,78.62999725341797,2.1178019887738007
25796,Salamanca,2022-03,0.6817685292917822,0.1850000023841858,78.375,2.3079677782071646
25797,Segovia,2022-03,0.7983595667518186,0.2025000005960464,51.54249954223633,1.7119724270906211
25798,Soria,2022-03,0.5330372612539321,0.1550000011920929,87.54000091552734,1.9712950930167183
25799,Valladolid,2022-03,1.244731840194864,0.2475000023841858,70.08000183105469,3.717584639929253
25800,Zamora,2022-03,0.5762158457951895,0.1749999970197677,70.31999969482422,1.655694644719382
25806,Barcelona,2022-03,6.6433023012375845,0.2000000029802322,235.25250244140625,15.734597514450009
25807,Girona,2022-03,2.372705343358932,0.262499988079071,89.85749816894531,6.066612639991621
25808,Lleida,2022-03,0.8705044147050557,0.1500000059604644,59.93999862670898,2.2918714918612504
25809,Tarragona,2022-03,2.440374095542256,0.1174999997019767,134.9550018310547,8.001107949159543
25810,Ceuta,2022-03,19.30162199606586,0.8824999928474426,95.48249816894533,21.857802812264357
25821,Melilla,2022-03,42.77323237522385,0.4350000023841858,178.29251098632812,41.31586371728272
25820,Madrid,2022-03,9.05287476954411,0.2450000047683715,194.19000244140625,18.1186661106874
25823,Navarra,2022-03,1.4709662738453737,0.2025000005960464,201.56500244140625,5.267988902121608
25811,Alicante/Alacant,2022-03,5.497204000071229,0.2699999809265136,141.19749450683594,12.440925102078364
25812,Castellón/Castelló,2022-03,1.804688616135504,0.1274999976158142,110.7074966430664,6.065144454578478
25813,Valencia/València,2022-03,3.300127011351518,0.1199999973177909,181.0249938964844,10.387604895930703
25814,Badajoz,2022-03,0.7349771557098879,0.1500000059604644,54.89250183105469,2.1277567519677096
25815,Cáceres,2022-03,0.5607845647705333,0.1899999976158142,70.11000061035156,1.4593954223005083
25816,A Coruña,2022-03,1.8156288958788456,0.2299999892711639,94.3499984741211,4.762499248335863
25817,Lugo,2022-03,0.7356130706877593,0.2049999982118606,62.09000015258789,1.8672220649062703
25818,Ourense,2022-03,0.8270994802621341,0.0,59.03000259399414,1.810160297494165
25819,Pontevedra,2022-03,2.8131485911209264,0.2800000011920929,93.125,5.740535991935142
25788,Illes Balears,2022-03,2.668851007530409,0.1875,240.50250244140625,7.910470673468331
25827,La Rioja,2022-03,1.565395117219068,0.1499999910593032,203.3600006103516,6.60019138707362
25824,Araba/Álava,2022-03,2.432886340116781,0.2874999940395355,181.8999938964844,9.256880903005344
25826,Bizkaia,2022-03,5.607043700403508,0.3375000059604645,135.75,13.00047202006751
25825,Gipuzkoa,2022-03,4.204199391378028,0.3474999964237213,199.9199981689453,10.785511571073988
25787,Asturias,2022-03,1.3470913535795193,0.0974999964237213,433.8250122070313,5.827173641656455
25822,Murcia,2022-03,2.7452323347208303,0.1149999946355819,259.0975036621094,7.627360647293569
25776,Almería,2022-04,1.6121813419624684,0.1899999976158142,128.16250610351562,6.061106418602713
25777,Cádiz,2022-04,2.8538935874719247,0.3000000119209289,220.0375061035156,11.814021816009394
25778,Córdoba,2022-04,1.1057748268062562,0.2524999976158142,117.08999633789062,4.572126666659903
25779,Granada,2022-04,1.2399449743429662,0.1899999976158142,134.10499572753906,5.125135749165263
25780,Huelva,2022-04,1.3286502741282578,0.2400000095367431,190.9375,6.871390345472208
25781,Jaén,2022-04,0.9769409910372172,0.1949999928474426,77.47750091552734,3.113011785483349
25782,Málaga,2022-04,3.230552261603681,0.2950000166893005,171.00750732421875,11.576947300223598
25783,Sevilla,2022-04,2.4043639041320035,0.2475000023841858,151.83248901367188,9.479149343260946
25784,Huesca,2022-04,0.7588412355924051,0.2074999958276748,165.63250732421875,3.2051330258644204
25785,Teruel,2022-04,0.5710546346983832,0.1775000095367431,114.4175033569336,2.1330063460504074
25786,Zaragoza,2022-04,1.4834700172954831,0.2000000029802322,163.52999877929688,6.910425597751465
25789,Las Palmas,2022-04,3.7911236103982247,0.2674999833106994,131.83999633789062,10.085789921915724
25790,Santa Cruz de Tenerife,2022-04,2.836973912706296,0.2224999964237213,96.89749908447266,7.355354660248989
25791,Cantabria,2022-04,1.957186325023724,0.2374999970197677,127.73749542236328,5.5666172545088015
25801,Albacete,2022-04,0.6509688155600664,0.2025000005960464,77.8125,2.2742024814375195
25802,Ciudad Real,2022-04,0.7543108295407851,0.2150000035762787,211.60501098632807,3.82284098349521
25803,Cuenca,2022-04,0.6028255796653994,0.1875,74.70500183105469,1.8443764702401009
25804,Guadalajara,2022-04,0.7758549865006765,0.1724999994039535,59.650001525878906,2.600599780319034
25805,Toledo,2022-04,1.2618883787735111,0.2224999964237213,94.6999969482422,3.777794217550897
25792,Ávila,2022-04,0.6779052697022027,0.2274999916553497,52.369998931884766,1.6550533500394753
25793,Burgos,2022-04,0.8756121653806176,0.2300000041723251,128.9600067138672,3.802377841413043
25794,León,2022-04,0.8882082477627595,0.1749999970197677,67.38999938964844,2.5342189536155555
25795,Palencia,2022-04,0.7975983070416052,0.2199999988079071,102.88500213623048,2.882763459536829
25796,Salamanca,2022-04,0.7676766856418376,0.2299999892711639,112.9000015258789,3.165791410139254
25797,Segovia,2022-04,0.913542136086866,0.2399999946355819,97.14500427246094,2.694578623208451
25798,Soria,2022-04,0.6025470397144761,0.1949999928474426,92.90499877929688,2.254721503662413
25799,Valladolid,2022-04,1.5200881540782123,0.2150000035762787,105.92750549316406,5.283692702000559
25800,Zamora,2022-04,0.607417591012207,0.1700000017881393,87.77749633789062,2.208354634383765
25806,Barcelona,2022-04,7.561918600251689,0.2374999970197677,193.13250732421875,18.503102835320668
25807,Girona,2022-04,2.53873464801328,0.2574999928474426,117.4749984741211,7.268746246740309
25808,Lleida,2022-04,1.0728658241118545,0.2175000011920929,84.92500305175781,3.1602115587901665
25809,Tarragona,2022-04,2.96775627338941,0.2425000071525573,206.62750244140625,10.227835592927052
25810,Ceuta,2022-04,17.93623266713373,0.9225000143051147,89.875,21.24353810775065
25821,Melilla,2022-04,38.32882481896757,0.3975000083446502,134.99249267578125,34.909782221691785
25820,Madrid,2022-04,9.38855854753418,0.2475000023841858,222.33248901367188,20.063257868452084
25823,Navarra,2022-04,1.5723729027617463,0.2649999856948852,121.16749572753906,5.085113789907751
25811,Alicante/Alacant,2022-04,6.240230767611749,0.3199999928474426,149.74249267578125,14.954405135186278
25812,Castellón/Castelló,2022-04,1.9930242030601584,0.1375000029802322,126.8074951171875,7.114885177324091
25813,Valencia/València,2022-04,3.4222424641415428,0.2274999916553497,173.04750061035156,10.587042321911277
25814,Badajoz,2022-04,0.7860874827591914,0.2300000041723251,70.73999786376953,2.6100235099933657
25815,Cáceres,2022-04,0.5838588168206214,0.2249999940395355,96.16749572753906,1.710298275544604
25816,A Coruña,2022-04,2.183411895303243,0.1899999976158142,110.01499938964844,6.085640265637586
25817,Lugo,2022-04,0.8135469974271667,0.1750000119209289,110.20750427246094,3.007541443126421
25818,Ourense,2022-04,0.9378336892827964,0.1875,92.68499755859376,2.7009005448253607
25819,Pontevedra,2022-04,3.0689306365260696,0.2824999988079071,96.4749984741211,6.391069708353998
25788,Illes Balears,2022-04,3.150803523576815,0.2549999952316284,276.1025085449219,9.84553611070192
25827,La Rioja,2022-04,1.8306406493018097,0.2399999946355819,217.75,7.68382239004902
25824,Araba/Álava,2022-04,2.8483440124179773,0.3125,164.0800018310547,10.750820920035348
25826,Bizkaia,2022-04,5.869147344374479,0.3375000059604645,182.3125,15.091596180549358
25825,Gipuzkoa,2022-04,4.627119830754528,0.3675000071525574,152.1024932861328,11.145874081147944
25787,Asturias,2022-04,1.7840414549832069,0.1225000023841857,867.0625,10.516018475467684
25822,Murcia,2022-04,2.963596081617061,0.2425000071525573,287.94500732421875,8.81513043769573
25776,Almería,2022-05,1.6997651296573757,0.2325000017881393,119.7249984741211,5.794678642221856
25777,Cádiz,2022-05,3.1621551495485263,0.3974999785423279,252.02749633789065,12.44379134539106
25778,Córdoba,2022-05,1.274101719308946,0.2000000029802322,106.28499603271484,4.613645613391405
25779,Granada,2022-05,1.3857870258918674,0.197500005364418,101.45249938964844,4.726832919571376
25780,Huelva,2022-05,1.3907603840214438,0.1599999964237213,183.9375,6.581441664736535
25781,Jaén,2022-05,1.0991991762429347,0.1724999994039535,67.1500015258789,3.1692573603547527
25782,Málaga,2022-05,3.532445854671224,0.3725000023841858,191.60501098632807,11.610239687321291
25783,Sevilla,2022-05,2.614639840455908,0.2225000113248825,390.9725036621094,10.105795562383662
25784,Huesca,2022-05,0.0,0.0,0.0,0.0
25785,Teruel,2022-05,0.2611650297969032,-0.2300000041723251,56.68000030517578,0.7472924232545574
25786,Zaragoza,2022-05,0.0014885959557742,0.0,3.150000095367432,0.0339715121475094
25789,Las Palmas,2022-05,3.67225712067874,0.3174999952316284,122.0425033569336,9.64890226386919
25790,Santa Cruz de Tenerife,2022-05,2.911739725718568,0.2874999940395355,96.93000030517578,7.548021760117886
25791,Cantabria,2022-05,0.0,0.0,0.0,0.0
25801,Albacete,2022-05,0.7816825016489154,0.1949999928474426,59.83000183105469,2.019140073240457
25802,Ciudad Real,2022-05,0.8938468988323641,0.1875,304.4075012207031,4.358549954424427
25803,Cuenca,2022-05,0.6667296264196337,-0.2300000041723251,60.55999755859375,1.6880781823893058
25804,Guadalajara,2022-05,0.6385974096419741,-0.1650000065565109,70.05999755859375,2.651755471303596
25805,Toledo,2022-05,1.3752221255013548,-0.2000000029802322,88.26000213623047,3.1280932296382358
25792,Ávila,2022-05,0.8006970046868497,0.0,58.71500015258789,1.7552184353875475
25793,Burgos,2022-05,0.0,0.0,0.0,0.0
25794,León,2022-05,0.0,0.0,0.0,0.0
25795,Palencia,2022-05,0.0,0.0,0.0,0.0
25796,Salamanca,2022-05,0.9604615174971384,-0.1199999973177909,106.39500427246094,3.076439047670584
25797,Segovia,2022-05,0.4353795515974193,0.0,64.43000030517578,1.6950639468362978
25798,Soria,2022-05,2.4971941176885063e-05,0.0,0.3000000119209289,0.0036693046400452
25799,Valladolid,2022-05,0.07062821096372,0.0,12.364999771118164,0.3207485834418719
25800,Zamora,2022-05,0.0646378741388964,0.0,13.859999656677246,0.2999825114412339
25806,Barcelona,2022-05,0.0,0.0,0.0,0.0
25807,Girona,2022-05,0.0,0.0,0.0,0.0
25808,Lleida,2022-05,0.0,0.0,0.0,0.0
25809,Tarragona,2022-05,0.0999088549198984,0.0,44.41749954223633,1.0112270334866775
25810,Ceuta,2022-05,18.169347943510168,1.0499999523162842,74.2874984741211,20.39777092319113
25821,Melilla,2022-05,46.33558835739157,0.5974999666213989,177.7624969482422,44.285855856303606
25820,Madrid,2022-05,5.225731726645109,-0.025000000372529,221.5800018310547,12.273226549277922
25823,Navarra,2022-05,0.0,0.0,0.0,0.0
25811,Alicante/Alacant,2022-05,6.321399561689905,0.4599999785423279,155.53500366210938,13.57097037746358
25812,Castellón/Castelló,2022-05,1.9329204289225133,-0.0549999997019767,112.41500091552734,6.465750080086981
25813,Valencia/València,2022-05,3.705289132025572,-0.0099999997764825,174.01499938964844,10.162285439501868
25814,Badajoz,2022-05,0.860501526103246,0.1574999988079071,68.64749908447266,2.550870615929276
25815,Cáceres,2022-05,0.7309386096951958,-0.0199999995529651,104.72999572753906,1.7442049332215164
25816,A Coruña,2022-05,0.0,0.0,0.0,0.0
25817,Lugo,2022-05,0.0,0.0,0.0,0.0
25818,Ourense,2022-05,0.0,0.0,0.0,0.0
25819,Pontevedra,2022-05,0.0,0.0,0.0,0.0
25788,Illes Balears,2022-05,1.3885223147163586,0.0,125.81749725341795,5.208434523086956
25827,La Rioja,2022-05,0.0,0.0,0.0,0.0
25824,Araba/Álava,2022-05,0.0,0.0,0.0,0.0
25826,Bizkaia,2022-05,0.0,0.0,0.0,0.0
25825,Gipuzkoa,2022-05,0.0,0.0,0.0,0.0
25787,Asturias,2022-05,0.0,0.0,0.0,0.0
25822,Murcia,2022-05,3.17746946953392,0.2249999940395355,321.9175109863281,8.762275122025368
25776,Almería,2022-06,0.0,0.0,0.0,0.0
25777,Cádiz,2022-06,0.0,0.0,0.0,0.0
25778,Córdoba,2022-06,0.0,0.0,0.0,0.0
25779,Granada,2022-06,0.0,0.0,0.0,0.0
25780,Huelva,2022-06,0.0,0.0,0.0,0.0
25781,Jaén,2022-06,0.0,0.0,0.0,0.0
25782,Málaga,2022-06,0.0,0.0,0.0,0.0
25783,Sevilla,2022-06,0.0,0.0,0.0,0.0
25784,Huesca,2022-06,0.0,0.0,0.0,0.0
25785,Teruel,2022-06,0.0,0.0,0.0,0.0
25786,Zaragoza,2022-06,0.0,0.0,0.0,0.0
25789,Las Palmas,2022-06,3.639054928548077,0.2649999856948852,147.75,9.646383336168808
25790,Santa Cruz de Tenerife,2022-06,2.799927373187256,0.25,99.625,7.255545286884228
25791,Cantabria,2022-06,0.0,0.0,0.0,0.0
25801,Albacete,2022-06,0.0,0.0,0.0,0.0
25802,Ciudad Real,2022-06,0.0,0.0,0.0,0.0
25803,Cuenca,2022-06,0.0,0.0,0.0,0.0
25804,Guadalajara,2022-06,0.0,0.0,0.0,0.0
25805,Toledo,2022-06,0.0,0.0,0.0,0.0
25792,Ávila,2022-06,0.0,0.0,0.0,0.0
25793,Burgos,2022-06,0.0,0.0,0.0,0.0
25794,León,2022-06,0.0,0.0,0.0,0.0
25795,Palencia,2022-06,0.0,0.0,0.0,0.0
25796,Salamanca,2022-06,0.0,0.0,0.0,0.0
25797,Segovia,2022-06,0.0,0.0,0.0,0.0
25798,Soria,2022-06,0.0,0.0,0.0,0.0
25799,Valladolid,2022-06,0.0,0.0,0.0,0.0
25800,Zamora,2022-06,0.0,0.0,0.0,0.0
25806,Barcelona,2022-06,0.0,0.0,0.0,0.0
25807,Girona,2022-06,0.0,0.0,0.0,0.0
25808,Lleida,2022-06,0.0,0.0,0.0,0.0
25809,Tarragona,2022-06,0.0,0.0,0.0,0.0
25810,Ceuta,2022-06,0.0,0.0,0.0,0.0
25821,Melilla,2022-06,0.0,0.0,0.0,0.0
25820,Madrid,2022-06,0.0,0.0,0.0,0.0
25823,Navarra,2022-06,0.0,0.0,0.0,0.0
25811,Alicante/Alacant,2022-06,0.0,0.0,0.0,0.0
25812,Castellón/Castelló,2022-06,0.0,0.0,0.0,0.0
25813,Valencia/València,2022-06,0.0,0.0,0.0,0.0
25814,Badajoz,2022-06,0.0,0.0,0.0,0.0
25815,Cáceres,2022-06,0.0,0.0,0.0,0.0
25816,A Coruña,2022-06,0.0,0.0,0.0,0.0
25817,Lugo,2022-06,0.0,0.0,0.0,0.0
25818,Ourense,2022-06,0.0,0.0,0.0,0.0
25819,Pontevedra,2022-06,0.0,0.0,0.0,0.0
25788,Illes Balears,2022-06,0.0,0.0,0.0,0.0
25827,La Rioja,2022-06,0.0,0.0,0.0,0.0
25824,Araba/Álava,2022-06,0.0,0.0,0.0,0.0
25826,Bizkaia,2022-06,0.0,0.0,0.0,0.0
25825,Gipuzkoa,2022-06,0.0,0.0,0.0,0.0
25787,Asturias,2022-06,0.0,0.0,0.0,0.0
25822,Murcia,2022-06,0.0,0.0,0.0,0.0
25776,Almería,2022-07,0.0,0.0,0.0,0.0
25777,Cádiz,2022-07,0.0,0.0,0.0,0.0
25778,Córdoba,2022-07,0.0,0.0,0.0,0.0
25779,Granada,2022-07,0.0,0.0,0.0,0.0
25780,Huelva,2022-07,0.0,0.0,0.0,0.0
25781,Jaén,2022-07,0.0,0.0,0.0,0.0
25782,Málaga,2022-07,0.0,0.0,0.0,0.0
25783,Sevilla,2022-07,0.0,0.0,0.0,0.0
25784,Huesca,2022-07,0.0,0.0,0.0,0.0
25785,Teruel,2022-07,0.0,0.0,0.0,0.0
25786,Zaragoza,2022-07,0.0,0.0,0.0,0.0
25789,Las Palmas,2022-07,2.242471812571168,-0.2800000011920929,131.46499633789062,6.94936655418155
25790,Santa Cruz de Tenerife,2022-07,1.855591346915817,-0.6424999833106995,83.02000427246094,5.4736434485200745
25791,Cantabria,2022-07,0.0,0.0,0.0,0.0
25801,Albacete,2022-07,0.0,0.0,0.0,0.0
25802,Ciudad Real,2022-07,0.0,0.0,0.0,0.0
25803,Cuenca,2022-07,0.0,0.0,0.0,0.0
25804,Guadalajara,2022-07,0.0,0.0,0.0,0.0
25805,Toledo,2022-07,0.0,0.0,0.0,0.0
25792,Ávila,2022-07,0.0,0.0,0.0,0.0
25793,Burgos,2022-07,0.0,0.0,0.0,0.0
25794,León,2022-07,0.0,0.0,0.0,0.0
25795,Palencia,2022-07,0.0,0.0,0.0,0.0
25796,Salamanca,2022-07,0.0,0.0,0.0,0.0
25797,Segovia,2022-07,0.0,0.0,0.0,0.0
25798,Soria,2022-07,0.0,0.0,0.0,0.0
25799,Valladolid,2022-07,0.0,0.0,0.0,0.0
25800,Zamora,2022-07,0.0,0.0,0.0,0.0
25806,Barcelona,2022-07,0.0,0.0,0.0,0.0
25807,Girona,2022-07,0.0,0.0,0.0,0.0
25808,Lleida,2022-07,0.0,0.0,0.0,0.0
25809,Tarragona,2022-07,0.0,0.0,0.0,0.0
25810,Ceuta,2022-07,0.0,0.0,0.0,0.0
25821,Melilla,2022-07,0.0,0.0,0.0,0.0
25820,Madrid,2022-07,0.0,0.0,0.0,0.0
25823,Navarra,2022-07,0.0,0.0,0.0,0.0
25811,Alicante/Alacant,2022-07,0.0,0.0,0.0,0.0
25812,Castellón/Castelló,2022-07,0.0,0.0,0.0,0.0
25813,Valencia/València,2022-07,0.0,0.0,0.0,0.0
25814,Badajoz,2022-07,0.0,0.0,0.0,0.0
25815,Cáceres,2022-07,0.0,0.0,0.0,0.0
25816,A Coruña,2022-07,0.0,0.0,0.0,0.0
25817,Lugo,2022-07,0.0,0.0,0.0,0.0
25818,Ourense,2022-07,0.0,0.0,0.0,0.0
25819,Pontevedra,2022-07,0.0,0.0,0.0,0.0
25788,Illes Balears,2022-07,0.0,0.0,0.0,0.0
25827,La Rioja,2022-07,0.0,0.0,0.0,0.0
25824,Araba/Álava,2022-07,0.0,0.0,0.0,0.0
25826,Bizkaia,2022-07,0.0,0.0,0.0,0.0
25825,Gipuzkoa,2022-07,0.0,0.0,0.0,0.0
25787,Asturias,2022-07,0.0,0.0,0.0,0.0
25822,Murcia,2022-07,0.0,0.0,0.0,0.0
25776,Almería,2022-08,1.464752076135762,0.147499993443489,117.27499389648438,5.729174339618084
25777,Cádiz,2022-08,2.304428350670296,0.2224999964237213,155.3925018310547,8.634123755239074
25778,Córdoba,2022-08,1.0292350227116416,0.1574999988079071,106.1500015258789,4.432275128165599
25779,Granada,2022-08,1.1275351646056575,0.1500000059604644,110.6624984741211,4.649704071493082
25780,Huelva,2022-08,1.1150672147396417,0.1750000119209289,162.114990234375,5.797143594199194
25781,Jaén,2022-08,0.8661242787714585,0.1424999982118606,77.72999572753906,3.2558314570410207
25782,Málaga,2022-08,2.9888549838240364,0.2274999916553497,169.5124969482422,10.225694567087428
25783,Sevilla,2022-08,2.11660623379713,0.1775000095367431,121.89250183105467,8.0292998406664
25784,Huesca,2022-08,0.6820377367010643,0.1124999970197677,1278.294921875,10.330612411928724
25785,Teruel,2022-08,0.4373443744199681,0.125,118.66999816894533,1.9513285330528185
25786,Zaragoza,2022-08,1.2042899367810065,0.1274999976158142,164.53250122070312,6.019788365954977
25789,Las Palmas,2022-08,3.214682056559575,0.1650000065565109,119.85250091552734,8.149318636079089
25790,Santa Cruz de Tenerife,2022-08,2.4748997392239747,0.1650000065565109,89.89500427246094,6.623684624019154
25791,Cantabria,2022-08,1.3832953332148212,0.0,90.90499877929688,3.959970751013252
25801,Albacete,2022-08,0.5287781467179554,0.1299999952316284,62.79750061035156,1.8658306874859856
25802,Ciudad Real,2022-08,0.6364632277644829,0.1424999982118606,310.1224975585937,3.860229587737576
25803,Cuenca,2022-08,0.5210633403341509,0.1225000023841857,62.6875,1.7356830758729995
25804,Guadalajara,2022-08,0.6604007955365011,0.1149999946355819,74.00749969482422,2.7020495554849098
25805,Toledo,2022-08,1.1325610164102016,0.1574999988079071,81.41000366210938,3.458249537331516
25792,Ávila,2022-08,0.6663180447422863,0.1749999970197677,77.45500183105469,2.1669617864662287
25793,Burgos,2022-08,0.6728686922475366,0.1349999904632568,123.26499938964844,3.449437156460211
25794,León,2022-08,0.7654901318397017,0.1225000023841857,128.7624969482422,2.4338382222670774
25795,Palencia,2022-08,0.6049576536232604,0.1124999970197677,88.07499694824219,2.6363742303074496
25796,Salamanca,2022-08,0.6647085529888507,0.1375000029802322,109.05500030517578,2.975033537870239
25797,Segovia,2022-08,0.7729265492408156,0.1475000083446502,99.1374969482422,2.66491899552014
25798,Soria,2022-08,0.4404641751554909,0.1000000014901161,76.60749816894531,1.948439701579777
25799,Valladolid,2022-08,1.2697883882014658,0.1700000017881393,88.45999908447266,4.740936956501101
25800,Zamora,2022-08,0.4923807829869975,0.1224999949336052,93.65750122070312,2.179963300536752
25806,Barcelona,2022-08,6.266345357223899,0.1299999952316284,209.11749267578125,15.3803078789307
25807,Girona,2022-08,2.2111139023999016,0.1375000029802322,95.93250274658205,6.361154848651909
25808,Lleida,2022-08,0.7545684201120143,0.0775000005960464,54.09999847412109,2.587607825847656
25809,Tarragona,2022-08,2.31949127700424,0.1400000005960464,147.10499572753906,7.881512034374781
25810,Ceuta,2022-08,13.272257365125032,0.9825000166893004,57.57500076293945,13.74849025710023
25821,Melilla,2022-08,30.84598766008698,0.3975000083446502,110.72999572753906,27.352467128571543
25820,Madrid,2022-08,8.446819217406889,0.1750000119209289,234.72250366210935,17.71008603877672
25823,Navarra,2022-08,1.330126143781307,0.135000005364418,129.92999267578125,5.241792184073822
25811,Alicante/Alacant,2022-08,5.596398476716068,0.2824999988079071,138.1925048828125,12.457492509263153
25812,Castellón/Castelló,2022-08,1.769362764029705,0.1400000005960464,98.6999969482422,5.868024735602658
25813,Valencia/València,2022-08,2.936907431449401,0.1550000011920929,156.1425018310547,8.326925593085793
25814,Badajoz,2022-08,0.6586891190951096,0.1525000035762787,57.977500915527344,2.2957221971268824
25815,Cáceres,2022-08,0.4941638326786042,0.1525000035762787,87.79000091552734,1.5927823042183136
25816,A Coruña,2022-08,1.795435203817788,0.209999993443489,86.1824951171875,4.856526233319718
25817,Lugo,2022-08,0.6419523215755522,0.0,96.44249725341795,2.415325797922369
25818,Ourense,2022-08,0.8780050767338706,0.1274999976158142,96.70999908447266,2.9553006066750065
25819,Pontevedra,2022-08,2.734494502380421,0.2374999970197677,82.16749572753906,5.807938175970675
25788,Illes Balears,2022-08,2.882227685509056,0.1449999958276748,305.7900085449219,9.324840789392136
25827,La Rioja,2022-08,1.454756116690475,0.1400000005960464,190.0800018310547,6.773594282467559
25824,Araba/Álava,2022-08,2.3360161472683867,0.1949999928474426,171.2675018310547,9.568436872870992
25826,Bizkaia,2022-08,4.930387357569331,0.2249999940395355,121.06999969482422,12.302228072453454
25825,Gipuzkoa,2022-08,3.3591844329565816,0.2549999952316284,113.43250274658205,8.099919344278588
25787,Asturias,2022-08,0.9035101935599684,0.1124999970197677,63.845001220703125,2.635639867190624
25822,Murcia,2022-08,2.7631801633717545,0.1449999958276748,293.8299865722656,8.018350434723022
25776,Almería,2022-09,1.6854275628124362,0.25,124.76499938964844,6.079217859710581
25777,Cádiz,2022-09,2.9584293050775607,0.3000000119209289,173.54249572753906,11.683593471537352
25778,Córdoba,2022-09,1.2338993703550358,0.2574999928474426,110.2874984741211,4.79551316990013
25779,Granada,2022-09,1.3364598387329265,0.2549999952316284,113.87750244140624,5.060068994765524
25780,Huelva,2022-09,1.3719382152479025,0.25,205.90499877929688,7.011410737634471
25781,Jaén,2022-09,1.0547621167525565,0.2524999976158142,75.3499984741211,3.4546596243656613
25782,Málaga,2022-09,3.4052576408679016,0.3075000047683716,199.64749145507807,11.568034674816492
25783,Sevilla,2022-09,2.5203652838271444,0.2524999976158142,156.22500610351562,9.343936037896862
25784,Huesca,2022-09,0.7369645191805437,0.2399999946355819,154.63250732421875,2.85127963055556
25785,Teruel,2022-09,0.5926165886840228,0.2424999922513961,114.75250244140624,2.0871433583234604
25786,Zaragoza,2022-09,1.4386940469149785,0.2574999928474426,164.96250915527344,6.201813141898645
25789,Las Palmas,2022-09,3.732080147222601,0.2450000047683715,140.7050018310547,10.407459402578455
25790,Santa Cruz de Tenerife,2022-09,2.565845118019357,0.1749999970197677,94.91999816894533,7.018229478416796
25791,Cantabria,2022-09,1.6387223262309127,0.2450000047683715,80.26000213623047,4.318474218184305
25801,Albacete,2022-09,0.6887183393479497,0.2400000095367431,70.0625,2.08038073875066
25802,Ciudad Real,2022-09,0.8141289183500268,0.25,380.2900085449219,4.411186995904066
25803,Cuenca,2022-09,0.6938668654577239,0.25,69.56749725341797,1.9547829982852345
25804,Guadalajara,2022-09,0.8946478560878837,0.2574999928474426,82.06500244140625,3.0677212966812566
25805,Toledo,2022-09,1.3744574294374927,0.2524999976158142,89.07499694824219,3.912315833320696
25792,Ávila,2022-09,0.7711366638407444,0.2824999988079071,45.46749877929688,1.799515902686017
25793,Burgos,2022-09,0.8650550711242692,0.2725000083446502,121.39250183105467,3.5944729186904767
25794,León,2022-09,0.878240784160055,0.2674999833106994,52.28499984741211,2.164233769707116
25795,Palencia,2022-09,0.8031007687978098,0.2574999928474426,95.88500213623048,2.917855065764356
25796,Salamanca,2022-09,0.83906155217162,0.2750000059604645,120.63249969482422,3.254338738373046
25797,Segovia,2022-09,0.9973379209041028,0.2950000166893005,88.08250427246094,2.7869977572007336
25798,Soria,2022-09,0.6247486915601299,0.2699999809265136,73.63249969482422,1.9456210700526984
25799,Valladolid,2022-09,1.5736904041661084,0.3025000095367431,99.01499938964844,5.325942721971503
25800,Zamora,2022-09,0.666699231399488,0.2649999856948852,87.17750549316406,2.1663973951833464
25806,Barcelona,2022-09,6.784887966893635,0.2725000083446502,188.9825134277344,16.063214074300433
25807,Girona,2022-09,2.4178709969128014,0.3025000095367431,100.4800033569336,6.4941962914143785
25808,Lleida,2022-09,0.9661889370757936,0.2549999952316284,64.77999877929688,2.69474006889144
25809,Tarragona,2022-09,2.8883336739169976,0.2374999970197677,792.6500244140625,15.796453837447196
25810,Ceuta,2022-09,17.25816115067305,0.8475000262260437,89.95249938964844,20.46665619691764
25821,Melilla,2022-09,46.78172483962105,0.5600000023841858,197.697509765625,44.324914098805806
25820,Madrid,2022-09,9.516790191994144,0.3100000023841858,274.5299987792969,19.78048060592271
25823,Navarra,2022-09,1.5227723997358495,0.2975000143051147,99.38999938964844,4.6922715286458665
25811,Alicante/Alacant,2022-09,5.913770432672876,0.3650000095367431,227.5,13.425212358227729
25812,Castellón/Castelló,2022-09,2.009962019941692,0.2374999970197677,117.94000244140624,6.857247248115831
25813,Valencia/València,2022-09,3.307487518572142,0.2574999928474426,193.40000915527344,9.729883744064969
25814,Badajoz,2022-09,0.8491848259795217,0.2374999970197677,69.03500366210938,2.769979589663976
25815,Cáceres,2022-09,0.6486567663009111,0.2524999976158142,99.0749969482422,1.8125437196992336
25816,A Coruña,2022-09,1.950946279883008,0.2849999964237213,97.86750030517578,5.204632102379067
25817,Lugo,2022-09,0.8014837163798296,0.3025000095367431,75.95750427246094,2.201154737726726
25818,Ourense,2022-09,0.9629590553999308,0.2874999940395355,67.89749908447266,2.237406101690518
25819,Pontevedra,2022-09,2.7543280723997388,0.3625000119209289,69.38999938964844,5.293189290366433
25788,Illes Balears,2022-09,2.986711556956453,0.2175000011920929,299.1499938964844,9.061772161348635
25827,La Rioja,2022-09,1.695990819708481,0.2975000143051147,167.91749572753906,6.34995244703752
25824,Araba/Álava,2022-09,2.4454001203456333,0.3449999988079071,148.9550018310547,8.753215126418194
25826,Bizkaia,2022-09,5.234330620156563,0.3549999892711639,131.0749969482422,13.038703050038468
25825,Gipuzkoa,2022-09,3.605548138126707,0.4174999892711639,124.87249755859376,8.361897961825939
25787,Asturias,2022-09,1.437841944978269,0.2450000047683715,230.1824951171875,4.922689772597103
25822,Murcia,2022-09,3.0275978570855564,0.2574999928474426,370.7349853515625,8.858864277503313
25776,Almería,2022-10,1.5870643973128216,0.2274999916553497,120.90750122070312,5.789972314922121
25777,Cádiz,2022-10,2.5704609406678696,0.3050000071525574,141.52249145507812,8.97020944731591
25778,Córdoba,2022-10,1.1540755390722772,0.2349999994039535,101.73500061035156,4.361356173579803
25779,Granada,2022-10,1.2540823430537311,0.2374999970197677,118.49250030517578,4.828096582526992
25780,Huelva,2022-10,1.3259213098054452,0.2399999946355819,206.7749938964844,6.321008703197257
25781,Jaén,2022-10,1.0062123889685162,0.2274999916553497,75.42500305175781,3.154187738292765
25782,Málaga,2022-10,2.866089117135012,0.3125,126.00999450683594,8.806458339444909
25783,Sevilla,2022-10,2.243653630030044,0.2400000095367431,119.61499786376952,7.389136666297445
25784,Huesca,2022-10,0.699812176731052,0.1500000059604644,181.302490234375,3.053337981096821
25785,Teruel,2022-10,0.5613358291686005,0.1449999958276748,89.59249877929688,1.819400822058856
25786,Zaragoza,2022-10,1.3845933105594432,0.1700000017881393,166.05999755859375,6.268277518212273
25789,Las Palmas,2022-10,3.604771095996075,0.2249999940395355,113.5749969482422,9.729897471192194
25790,Santa Cruz de Tenerife,2022-10,2.725854044447717,0.1799999922513961,106.71499633789062,7.289603424892587
25791,Cantabria,2022-10,1.7178870113312463,0.2475000023841858,115.48249816894533,5.022133678851137
25801,Albacete,2022-10,0.661212049399889,0.2249999940395355,59.57250213623047,1.9014342369435544
25802,Ciudad Real,2022-10,0.7670989128014791,0.2399999946355819,197.65499877929688,3.2148165959276285
25803,Cuenca,2022-10,0.6673859971515737,0.1850000023841858,326.2674865722656,2.9915827879653327
25804,Guadalajara,2022-10,0.8244285554091638,0.2000000029802322,75.75999450683594,2.668420958608307
25805,Toledo,2022-10,1.266044517187067,0.2300000041723251,69.51249694824219,3.183617365139278
25792,Ávila,2022-10,0.708127416177288,0.2549999952316284,42.16749954223633,1.60485780903614
25793,Burgos,2022-10,0.8107897028212773,0.2199999988079071,116.26000213623048,3.4308302719695094
25794,León,2022-10,0.8585438047897459,0.2074999958276748,59.02749633789063,2.273863995942759
25795,Palencia,2022-10,0.7514823183651387,0.2299999892711639,87.42750549316406,2.5604910948040702
25796,Salamanca,2022-10,0.78202045354561,0.2299999892711639,110.3249969482422,2.853520870792489
25797,Segovia,2022-10,0.8891999100700274,0.25,80.64749908447266,2.367985897384667
25798,Soria,2022-10,0.5605937866789558,0.1750000119209289,78.68000030517578,1.9217187235872917
25799,Valladolid,2022-10,1.4080722734125355,0.2800000011920929,90.8874969482422,4.265190389106143
25800,Zamora,2022-10,0.6323013238164862,0.2300000041723251,83.37000274658203,1.978760051328368
25806,Barcelona,2022-10,6.856299502920531,0.2400000095367431,184.5574951171875,16.226492156633068
25807,Girona,2022-10,2.363641323504135,0.2549999952316284,85.15750122070312,6.303577072132101
25808,Lleida,2022-10,0.971116652321005,0.1899999976158142,72.39250183105469,2.861397246580607
25809,Tarragona,2022-10,2.685575942748783,0.2524999976158142,166.72250366210938,8.849154162715259
25810,Ceuta,2022-10,13.998016721875365,1.1349999904632568,62.102500915527344,14.33829519259268
25821,Melilla,2022-10,37.53527214643902,0.6924999952316284,122.33000183105467,32.81153411852243
25820,Madrid,2022-10,8.85025913147644,0.2725000083446502,228.7324981689453,18.025929877952308
25823,Navarra,2022-10,1.5063719793867991,0.1949999928474426,271.1075134277344,5.792886616498312
25811,Alicante/Alacant,2022-10,5.513104945349806,0.387499988079071,116.81500244140624,11.5465845522932
25812,Castellón/Castelló,2022-10,1.950674291369,0.2125000059604644,119.40750122070312,6.458922737773795
25813,Valencia/València,2022-10,3.053284716039308,0.2100000083446502,163.78500366210938,8.415319343993493
25814,Badajoz,2022-10,0.7981426175130776,0.2224999964237213,76.74500274658203,2.198656301635194
25815,Cáceres,2022-10,0.6199913424788812,0.2199999988079071,75.64749908447266,1.4370490879637985
25816,A Coruña,2022-10,1.7612894162802497,0.2975000143051147,94.40750122070312,4.369553386702463
25817,Lugo,2022-10,0.7673115874589947,0.2325000017881393,70.36250305175781,2.0982839820976062
25818,Ourense,2022-10,0.9198635843314482,0.2549999952316284,74.19999694824219,2.263963617420353
25819,Pontevedra,2022-10,2.574443824780826,0.3425000011920929,87.83000183105469,5.20677848558041
25788,Illes Balears,2022-10,2.985418491292892,0.2150000035762787,298.427490234375,8.94859351360427
25827,La Rioja,2022-10,1.6589747544223654,0.2000000029802322,190.55999755859372,7.070754849909086
25824,Araba/Álava,2022-10,2.4647864813920632,0.2649999856948852,159.89500427246094,9.57740669007754
25826,Bizkaia,2022-10,5.420621510250168,0.324999988079071,154.76499938964844,14.216190995153868
25825,Gipuzkoa,2022-10,3.535762935204332,0.2874999940395355,123.5625,8.796593402302504
25787,Asturias,2022-10,1.55265229710491,0.199999988079071,141.27249145507812,5.752564525096654
25822,Murcia,2022-10,2.693410438940903,0.2374999970197677,192.1499938964844,6.75786504078773
25776,Almería,2022-11,1.727917352272191,0.2649999856948852,121.9875030517578,6.125512340090732
25777,Cádiz,2022-11,2.854391442611214,0.324999988079071,217.9949951171875,11.405397088131696
25778,Córdoba,2022-11,1.1182667727598223,0.2425000071525573,90.77749633789062,3.905872599509124
25779,Granada,2022-11,1.329672360898127,0.2775000035762787,110.29000091552734,4.824497573675839
25780,Huelva,2022-11,1.299049943094753,0.2824999988079071,192.44500732421875,6.377476446043605
25781,Jaén,2022-11,0.966731314479346,0.2450000047683715,63.532501220703125,2.7204754647614724
25782,Málaga,2022-11,3.3338167742851423,0.324999988079071,163.572509765625,11.378490452348084
25783,Sevilla,2022-11,2.29020738600554,0.262499988079071,130.87750244140625,8.259607462213278
25784,Huesca,2022-11,0.7351981833624077,0.2374999970197677,152.41751098632812,2.727317022068299
25785,Teruel,2022-11,0.6037688053859848,0.2224999964237213,87.84750366210938,1.7658421396127777
25786,Zaragoza,2022-11,1.40248296575631,0.262499988079071,176.7949981689453,6.315887773433147
25789,Las Palmas,2022-11,3.634035088238528,0.0799999982118606,128.60000610351562,9.644463581452971
25790,Santa Cruz de Tenerife,2022-11,2.7947062753638066,0.2349999994039535,105.0374984741211,7.098113495593979
25791,Cantabria,2022-11,1.4807048622170866,0.2399999946355819,73.5250015258789,4.002368573601768
25801,Albacete,2022-11,0.6907483448790492,0.2574999928474426,62.73250198364258,1.7925887636143123
25802,Ciudad Real,2022-11,0.7188435853021514,0.2399999946355819,194.47000122070312,2.697238747579996
25803,Cuenca,2022-11,0.633635208742576,0.2549999952316284,44.79999923706055,1.3599689026300037
25804,Guadalajara,2022-11,0.7920840457990621,0.2574999928474426,50.58000183105469,2.1070753502201787
25805,Toledo,2022-11,1.197702407798172,0.2274999916553497,69.79499816894531,3.14619923495758
25792,Ávila,2022-11,0.6675660949112295,0.2199999988079071,37.0099983215332,1.3841087092744035
25793,Burgos,2022-11,0.7110222067945238,0.2450000047683715,81.29750061035156,1.9353390150736896
25794,León,2022-11,0.8050001229581702,0.1200000047683715,52.65250015258789,1.9039567579308672
25795,Palencia,2022-11,0.7182396188383293,0.2475000023841858,51.16249847412109,1.7487655235713992
25796,Salamanca,2022-11,0.6908889229843765,0.2025000005960464,85.07250213623047,2.197213863714171
25797,Segovia,2022-11,0.8161190618634414,0.2750000059604645,57.59249877929688,1.759347819598195
25798,Soria,2022-11,0.6081834765720674,0.2899999916553497,49.63249969482422,1.2417805831857798
25799,Valladolid,2022-11,1.2425267332532284,0.3224999904632568,58.51250076293945,3.379670811736075
25800,Zamora,2022-11,0.6077289719081158,0.1700000017881393,60.005001068115234,1.462662237023381
25806,Barcelona,2022-11,7.0236679341338455,0.2750000059604645,311.4549865722656,17.290583803416766
25807,Girona,2022-11,2.40815320881366,0.2349999994039535,101.80999755859376,6.868009061823562
25808,Lleida,2022-11,0.9889286724451004,0.2300000041723251,77.63749694824219,2.7570391294874925
25809,Tarragona,2022-11,2.766752834423779,0.2950000166893005,206.0449981689453,8.940905782423094
25810,Ceuta,2022-11,18.443552546168483,0.6949999928474426,88.05000305175781,20.90211258936945
25821,Melilla,2022-11,42.33878978688056,0.5,173.78500366210938,39.5483725979102
25820,Madrid,2022-11,8.550392392762536,0.2899999916553497,221.07000732421875,17.731556106093628
25823,Navarra,2022-11,1.343699001133301,0.2750000059604645,157.51499938964844,4.057033351788319
25811,Alicante/Alacant,2022-11,6.243830349806409,0.3799999952316284,142.1750030517578,14.698894294664758
25812,Castellón/Castelló,2022-11,2.108771876977237,0.2800000011920929,133.81500244140625,7.566367264273526
25813,Valencia/València,2022-11,3.533558044076213,0.2800000011920929,200.33999633789065,10.558481383345043
25814,Badajoz,2022-11,0.7335604725204892,0.2425000071525573,53.13750076293945,1.9641917316934816
25815,Cáceres,2022-11,0.557195410360442,0.1825000047683715,87.125,1.4196944927860844
25816,A Coruña,2022-11,1.715479530653372,0.0,80.14749908447266,4.030703416038754
25817,Lugo,2022-11,0.7396703578124897,0.2175000011920929,65.31999969482422,1.86328604588063
25818,Ourense,2022-11,0.7928593780126714,0.209999993443489,40.98249816894531,1.4281290644410811
25819,Pontevedra,2022-11,2.5411889582594163,0.3174999952316284,86.5374984741211,5.245571591207532
25788,Illes Balears,2022-11,2.8236179118921183,0.2249999940395355,281.5274963378906,8.948039629010408
25827,La Rioja,2022-11,1.4240741490657765,0.2549999952316284,129.05250549316406,4.709596394181529
25824,Araba/Álava,2022-11,1.8814914560047256,0.3375000059604645,100.95500183105467,5.97198460978819
25826,Bizkaia,2022-11,3.811207380813053,0.3025000095367431,95.98500061035156,7.993238929289401
25825,Gipuzkoa,2022-11,2.74763555647572,0.3675000071525574,96.87750244140624,5.168122305086278
25787,Asturias,2022-11,1.347632687492823,0.1449999958276748,141.42750549316406,4.341777996333944
25822,Murcia,2022-11,3.1639677270970763,0.2649999856948852,296.29498291015625,9.17996595397081
25776,Almería,2022-12,1.745263077156493,0.3000000119209289,129.1024932861328,6.096951619459105
25777,Cádiz,2022-12,2.6819530684040904,0.3100000023841858,197.96749877929688,10.630744220173904
25778,Córdoba,2022-12,1.1387303349034072,0.2750000059604645,106.40999603271484,4.29207838652108
25779,Granada,2022-12,1.3173353406375825,0.3050000071525574,119.55250549316406,4.904472598045996
25780,Huelva,2022-12,1.2808472096706662,0.3050000071525574,214.11749267578125,6.157848343439263
25781,Jaén,2022-12,1.0108374008917438,0.2949999868869781,71.12999725341797,3.000118574945471
25782,Málaga,2022-12,3.2011569447466584,0.3149999976158142,149.3074951171875,10.639776694463354
25783,Sevilla,2022-12,2.19820930113403,0.3050000071525574,128.177490234375,8.041061016966275
25784,Huesca,2022-12,0.7593167222894811,0.1749999970197677,154.09750366210938,2.7617965637694577
25785,Teruel,2022-12,0.647094453774191,0.25,77.17500305175781,1.696008971183197
25786,Zaragoza,2022-12,1.37358848934389,0.2699999809265136,182.6824951171875,5.828636689071798
25789,Las Palmas,2022-12,4.005848957933388,0.1174999997019767,151.10000610351562,11.44315828916693
25790,Santa Cruz de Tenerife,2022-12,3.0157929073149683,0.135000005364418,94.34500122070312,8.040389659845433
25791,Cantabria,2022-12,1.880849101263117,0.1500000059604644,121.30999755859376,5.386992959847721
25801,Albacete,2022-12,0.7068839557339718,0.2800000011920929,57.852500915527344,1.7961055340580658
25802,Ciudad Real,2022-12,0.7836680312436388,0.2750000059604645,389.0299987792969,4.154549059241835
25803,Cuenca,2022-12,0.6711269949810658,0.2824999988079071,58.71750259399414,1.5613277438343398
25804,Guadalajara,2022-12,0.827598056779606,0.2874999940395355,49.02999877929688,2.23798576942723
25805,Toledo,2022-12,1.2062709042012536,0.270000010728836,61.03499984741211,3.017789819342566
25792,Ávila,2022-12,0.745106512801348,0.2524999976158142,44.852500915527344,1.5114469025935238
25793,Burgos,2022-12,0.8114376291494079,0.0874999985098838,123.62999725341795,2.945467385617592
25794,León,2022-12,0.7181033214608722,0.1149999946355819,43.75250244140625,1.547223688231155
25795,Palencia,2022-12,0.7244134485952464,0.1050000041723251,71.52249908447266,2.234094345845933
25796,Salamanca,2022-12,0.728620945262597,0.2599999904632568,74.9000015258789,2.1210159702635054
25797,Segovia,2022-12,0.9690465833621168,0.2899999916553497,82.91500091552734,2.345998802705993
25798,Soria,2022-12,0.6213966431064163,0.2175000011920929,75.5250015258789,1.869789731636615
25799,Valladolid,2022-12,1.3872980241085426,0.2475000023841858,94.51750183105467,4.225604589009558
25800,Zamora,2022-12,0.5922672156723301,0.2224999964237213,60.69499969482422,1.4123272660247497
25806,Barcelona,2022-12,7.013782880924618,0.3050000071525574,199.739990234375,16.62856168376981
25807,Girona,2022-12,2.5317723555759724,0.3174999952316284,101.5050048828125,6.618933430430514
25808,Lleida,2022-12,0.99965812940312,0.2374999970197677,64.80500030517578,2.619476462665725
25809,Tarragona,2022-12,2.8387335663330995,0.3575000166893005,237.3050079345703,9.107935398452067
25810,Ceuta,2022-12,16.258319967693584,0.8224999904632568,79.12999725341797,18.59696482691368
25821,Melilla,2022-12,41.629403187474175,0.4350000023841858,145.072509765625,38.04046442566865
25820,Madrid,2022-12,8.292638394949577,0.3799999952316284,198.1625061035156,16.722676573400864
25823,Navarra,2022-12,1.453072329786569,0.2249999940395355,166.79000854492188,4.874223848176844
25811,Alicante/Alacant,2022-12,5.87822461343989,0.4250000119209289,136.6300048828125,13.182663017635717
25812,Castellón/Castelló,2022-12,2.1628448702666363,0.3174999952316284,139.63999938964844,7.227486596798832
25813,Valencia/València,2022-12,3.4794888347932917,0.2950000166893005,249.3000030517578,10.278327951994276
25814,Badajoz,2022-12,0.7909964808788092,0.2699999809265136,56.45750045776367,2.1456769175645403
25815,Cáceres,2022-12,0.5835327203013345,0.2475000023841858,66.0374984741211,1.168983573327193
25816,A Coruña,2022-12,1.8354310129132356,0.2224999964237213,109.40249633789062,4.81371262670872
25817,Lugo,2022-12,0.7520403243124669,0.2249999940395355,59.86499786376953,2.0003167860632205
25818,Ourense,2022-12,0.7751816269057115,0.2300000041723251,39.81999969482422,1.2839881204153558
25819,Pontevedra,2022-12,2.402165995466479,0.3375000059604645,125.38250732421876,5.086823313665791
25788,Illes Balears,2022-12,2.9533383543640084,0.2450000047683715,316.7200012207031,9.492860025244635
25827,La Rioja,2022-12,1.5960515872997163,0.1700000017881393,150.82249450683594,6.210241882011612
25824,Araba/Álava,2022-12,2.476509798237641,0.1949999928474426,166.6374969482422,9.676913778599664
25826,Bizkaia,2022-12,5.768170899639366,0.3474999964237213,150.885009765625,14.594981723432788
25825,Gipuzkoa,2022-12,4.007310852515055,0.2849999964237213,182.37249755859372,9.791944570460007
25787,Asturias,2022-12,1.4026371699229996,0.1299999952316284,454.1499938964844,6.506521269886754
25822,Murcia,2022-12,2.957662989105521,0.3199999928474426,302.260009765625,8.185481582249395
