codigo,nombre,tipo,2012,2013,2014,2015,2016,2017,2018,2019,2020,2021,2022,2023,2024,2025
01001,Alegría-Dulantzi,municipio,55.0,52.0,52.0,58.0,66.0,63.0,61.0,59.0,60.0,57.0,52.0,52.0,51.0,47.0
01002,Amurrio,municipio,257.0,252.0,248.0,253.0,264.0,261.0,266.0,251.0,247.0,234.0,227.0,217.0,218.0,209.0
01003,Aramaio,municipio,23.0,24.0,21.0,23.0,23.0,17.0,17.0,16.0,19.0,18.0,16.0,16.0,19.0,20.0
01004,Artziniega,municipio,49.0,45.0,45.0,50.0,53.0,43.0,46.0,51.0,51.0,50.0,48.0,39.0,39.0,29.0
01006,Armiñón,municipio,0.0,0.0,0.0,0.0,0.0,0.0,0.0,0.0,0.0,0.0,0.0,0.0,0.0,0.0
01008,Arratzua-Ubarrundia,municipio,0.0,0.0,0.0,0.0,0.0,0.0,0.0,0.0,0.0,0.0,25.0,22.0,23.0,21.0
01009,Asparrena,municipio,31.0,29.0,32.0,29.0,31.0,31.0,37.0,33.0,36.0,36.0,36.0,33.0,35.0,27.0
01010,Ayala/Aiara,municipio,56.0,58.0,68.0,66.0,70.0,64.0,67.0,61.0,53.0,53.0,51.0,48.0,54.0,53.0
01011,Baños de Ebro/Mañueta,municipio,0.0,0.0,0.0,0.0,0.0,0.0,0.0,0.0,0.0,0.0,0.0,0.0,0.0,0.0
01013,Barrundia,municipio,0.0,0.0,0.0,0.0,0.0,0.0,0.0,0.0,0.0,0.0,0.0,0.0,0.0,0.0
01014,Berantevilla,municipio,0.0,0.0,0.0,0.0,0.0,0.0,0.0,0.0,0.0,0.0,0.0,0.0,0.0,0.0
01016,Bernedo,municipio,0.0,0.0,0.0,0.0,0.0,0.0,0.0,0.0,0.0,0.0,0.0,0.0,0.0,0.0
01017,Campezo/Kanpezu,municipio,25.0,23.0,25.0,24.0,26.0,30.0,26.0,27.0,26.0,28.0,28.0,25.0,29.0,29.0
01018,Zigoitia,municipio,43.0,50.0,47.0,42.0,43.0,38.0,44.0,39.0,48.0,48.0,47.0,41.0,42.0,43.0
01019,Kripan,municipio,0.0,0.0,0.0,0.0,0.0,0.0,0.0,0.0,0.0,0.0,0.0,0.0,0.0,0.0
01020,Kuartango,municipio,0.0,0.0,0.0,0.0,0.0,0.0,0.0,0.0,0.0,0.0,0.0,0.0,0.0,0.0
01021,Elburgo/Burgelu,municipio,0.0,0.0,0.0,0.0,0.0,0.0,0.0,0.0,0.0,0.0,0.0,0.0,0.0,0.0
01022,Elciego,municipio,30.0,31.0,27.0,28.0,28.0,25.0,24.0,24.0,24.0,28.0,0.0,0.0,0.0,0.0
01023,Elvillar/Bilar,municipio,0.0,0.0,0.0,0.0,0.0,0.0,0.0,0.0,0.0,0.0,0.0,0.0,0.0,0.0
01027,Iruraiz-Gauna,municipio,0.0,0.0,0.0,0.0,0.0,0.0,0.0,0.0,0.0,0.0,0.0,0.0,0.0,0.0
01028,Labastida/Bastida,municipio,54.0,54.0,50.0,49.0,48.0,39.0,39.0,41.0,43.0,46.0,44.0,52.0,56.0,51.0
01030,Lagrán,municipio,0.0,0.0,0.0,0.0,0.0,0.0,0.0,0.0,0.0,0.0,0.0,0.0,0.0,0.0
01031,Laguardia,municipio,84.0,83.0,84.0,97.0,102.0,94.0,91.0,94.0,93.0,90.0,92.0,84.0,81.0,84.0
01032,Lanciego/Lantziego,municipio,0.0,0.0,0.0,0.0,0.0,0.0,0.0,0.0,0.0,0.0,0.0,0.0,0.0,0.0
01033,Lapuebla de Labarca,municipio,0.0,0.0,0.0,0.0,0.0,0.0,0.0,0.0,0.0,0.0,0.0,0.0,0.0,0.0
01034,Leza,municipio,0.0,0.0,0.0,0.0,0.0,0.0,0.0,0.0,0.0,0.0,0.0,0.0,0.0,0.0
01036,Laudio/Llodio,municipio,408.0,409.0,397.0,400.0,402.0,392.0,401.0,400.0,387.0,356.0,349.0,326.0,318.0,306.0
01037,Arraia-Maeztu,municipio,0.0,0.0,0.0,0.0,0.0,0.0,0.0,0.0,0.0,0.0,0.0,0.0,0.0,0.0
01039,Moreda de Álava/Moreda Araba,municipio,0.0,0.0,0.0,0.0,0.0,0.0,0.0,0.0,0.0,0.0,0.0,0.0,0.0,0.0
01041,Navaridas,municipio,0.0,0.0,0.0,0.0,0.0,0.0,0.0,0.0,0.0,0.0,0.0,0.0,0.0,0.0
01042,Okondo,municipio,20.0,22.0,24.0,25.0,26.0,26.0,26.0,24.0,28.0,28.0,27.0,24.0,22.0,19.0
01043,Oyón-Oion,municipio,100.0,97.0,102.0,96.0,99.0,90.0,95.0,95.0,94.0,84.0,90.0,83.0,81.0,75.0
01044,Peñacerrada-Urizaharra,municipio,0.0,0.0,0.0,0.0,0.0,0.0,0.0,0.0,0.0,0.0,0.0,0.0,0.0,0.0
01046,Erriberagoitia/Ribera Alta,municipio,0.0,0.0,0.0,0.0,0.0,0.0,0.0,0.0,0.0,0.0,0.0,0.0,0.0,0.0
01047,Ribera Baja/Erriberabeitia,municipio,13.0,17.0,21.0,20.0,20.0,19.0,24.0,23.0,19.0,20.0,21.0,25.0,24.0,25.0
01049,Añana,municipio,0.0,0.0,0.0,0.0,0.0,0.0,0.0,0.0,0.0,0.0,0.0,0.0,0.0,0.0
01051,Agurain/Salvatierra,municipio,127.0,127.0,128.0,129.0,135.0,113.0,121.0,118.0,110.0,106.0,105.0,107.0,106.0,103.0
01052,Samaniego,municipio,0.0,0.0,0.0,0.0,0.0,0.0,0.0,0.0,0.0,0.0,0.0,0.0,0.0,0.0
01053,San Millán/Donemiliaga,municipio,0.0,0.0,0.0,0.0,0.0,0.0,0.0,0.0,0.0,0.0,0.0,0.0,0.0,0.0
01054,Urkabustaiz,municipio,24.0,25.0,23.0,22.0,22.0,22.0,22.0,27.0,26.0,31.0,34.0,28.0,30.0,28.0
01055,Valdegovía/Gaubea,municipio,33.0,33.0,33.0,34.0,33.0,28.0,0.0,0.0,0.0,0.0,36.0,33.0,36.0,37.0
01056,Harana/Valle de Arana,municipio,0.0,0.0,0.0,0.0,0.0,0.0,0.0,0.0,0.0,0.0,0.0,0.0,0.0,0.0
01057,Villabuena de Álava/Eskuernaga,municipio,0.0,0.0,0.0,0.0,0.0,0.0,0.0,0.0,0.0,0.0,0.0,0.0,0.0,0.0
01058,Legutio,municipio,97.0,90.0,88.0,79.0,79.0,68.0,74.0,76.0,70.0,67.0,68.0,68.0,67.0,68.0
01059,Vitoria-Gasteiz,municipio,5927.0,5780.0,5622.0,5563.0,5755.0,5171.0,5347.0,5140.0,5150.0,5047.0,5058.0,4783.0,4700.0,4568.0
01060,Yécora/Iekora,municipio,0.0,0.0,0.0,0.0,0.0,0.0,0.0,0.0,0.0,0.0,0.0,0.0,0.0,0.0
01061,Zalduondo,municipio,0.0,0.0,0.0,0.0,0.0,0.0,0.0,0.0,0.0,0.0,0.0,0.0,0.0,0.0
01062,Zambrana,municipio,0.0,0.0,0.0,0.0,0.0,0.0,0.0,0.0,0.0,0.0,0.0,0.0,0.0,0.0
01063,Zuia,municipio,57.0,56.0,51.0,55.0,56.0,52.0,56.0,57.0,60.0,58.0,62.0,60.0,58.0,59.0
01901,Iruña Oka/Iruña de Oca,municipio,90.0,89.0,93.0,93.0,91.0,87.0,92.0,96.0,98.0,91.0,97.0,88.0,95.0,92.0
01902,Lantarón,municipio,0.0,0.0,0.0,0.0,0.0,0.0,0.0,0.0,0.0,0.0,0.0,0.0,0.0,0.0
01,Araba/Álava,provincia,7921.0,7764.0,7603.0,7557.0,7802.0,7069.0,7319.0,7099.0,7098.0,6921.0,6923.0,6546.0,6478.0,6291.0
02001,Abengibre,municipio,0.0,0.0,0.0,0.0,0.0,0.0,0.0,0.0,0.0,0.0,0.0,0.0,0.0,0.0
02002,Alatoz,municipio,0.0,0.0,0.0,0.0,0.0,0.0,0.0,0.0,0.0,0.0,0.0,0.0,0.0,0.0
02003,Albacete,municipio,4600.0,4553.0,4540.0,4564.0,4461.0,4439.0,4351.0,4320.0,4275.0,4279.0,4231.0,3832.0,3747.0,3696.0
02004,Albatana,municipio,0.0,0.0,0.0,0.0,0.0,0.0,0.0,0.0,0.0,0.0,0.0,0.0,0.0,0.0
02005,Alborea,municipio,0.0,0.0,0.0,0.0,0.0,0.0,0.0,0.0,0.0,0.0,0.0,0.0,0.0,0.0
02006,Alcadozo,municipio,0.0,0.0,0.0,0.0,0.0,0.0,0.0,0.0,0.0,0.0,0.0,0.0,0.0,0.0
02007,Alcalá del Júcar,municipio,51.0,43.0,46.0,47.0,42.0,43.0,47.0,44.0,47.0,53.0,48.0,45.0,50.0,51.0
02008,Alcaraz,municipio,68.0,67.0,70.0,62.0,60.0,57.0,55.0,58.0,60.0,55.0,53.0,46.0,48.0,49.0
02009,Almansa,municipio,728.0,691.0,694.0,703.0,695.0,673.0,680.0,672.0,643.0,633.0,640.0,582.0,572.0,543.0
02010,Alpera,municipio,59.0,56.0,52.0,50.0,54.0,50.0,50.0,54.0,52.0,52.0,52.0,55.0,55.0,56.0
02011,Ayna,municipio,0.0,0.0,0.0,0.0,0.0,0.0,0.0,0.0,0.0,0.0,0.0,0.0,0.0,0.0
02012,Balazote,municipio,56.0,62.0,68.0,66.0,68.0,67.0,67.0,69.0,72.0,68.0,65.0,60.0,64.0,61.0
02013,Balsa de Ves,municipio,0.0,0.0,0.0,0.0,0.0,0.0,0.0,0.0,0.0,0.0,0.0,0.0,0.0,0.0
02014,"Ballestero, El",municipio,0.0,0.0,0.0,0.0,0.0,0.0,0.0,0.0,0.0,0.0,0.0,0.0,0.0,0.0
02015,Barrax,municipio,59.0,60.0,68.0,68.0,66.0,60.0,65.0,64.0,59.0,60.0,63.0,63.0,60.0,57.0
02016,Bienservida,municipio,0.0,0.0,0.0,0.0,0.0,0.0,0.0,0.0,0.0,0.0,0.0,0.0,0.0,0.0
02017,Bogarra,municipio,25.0,0.0,0.0,0.0,0.0,0.0,0.0,0.0,0.0,0.0,0.0,0.0,0.0,0.0
02018,Bonete,municipio,38.0,36.0,31.0,31.0,31.0,31.0,33.0,33.0,35.0,35.0,35.0,27.0,0.0,0.0
02019,"Bonillo, El",municipio,81.0,85.0,76.0,76.0,77.0,83.0,74.0,77.0,73.0,71.0,72.0,70.0,66.0,63.0
02020,Carcelén,municipio,0.0,0.0,0.0,0.0,0.0,0.0,0.0,0.0,0.0,0.0,0.0,0.0,0.0,0.0
02021,Casas de Juan Núñez,municipio,46.0,47.0,47.0,50.0,45.0,42.0,42.0,40.0,42.0,40.0,43.0,47.0,38.0,37.0
02022,Casas de Lázaro,municipio,0.0,0.0,0.0,0.0,0.0,0.0,0.0,0.0,0.0,0.0,0.0,0.0,0.0,0.0
02023,Casas de Ves,municipio,0.0,0.0,0.0,0.0,0.0,0.0,0.0,0.0,0.0,0.0,0.0,0.0,0.0,0.0
02024,Casas-Ibáñez,municipio,175.0,172.0,162.0,160.0,160.0,150.0,151.0,146.0,143.0,147.0,158.0,138.0,143.0,138.0
02025,Caudete,municipio,252.0,251.0,251.0,253.0,257.0,245.0,238.0,231.0,232.0,231.0,216.0,206.0,202.0,205.0
02026,Cenizate,municipio,28.0,28.0,27.0,24.0,26.0,25.0,22.0,22.0,22.0,22.0,21.0,18.0,21.0,18.0
02027,Corral-Rubio,municipio,0.0,0.0,0.0,0.0,0.0,0.0,0.0,0.0,0.0,0.0,0.0,0.0,0.0,0.0
02028,Cotillas,municipio,0.0,0.0,0.0,0.0,0.0,0.0,0.0,0.0,0.0,0.0,0.0,0.0,0.0,0.0
02029,Chinchilla de Monte-Aragón,municipio,118.0,126.0,130.0,135.0,135.0,133.0,121.0,124.0,127.0,124.0,127.0,119.0,115.0,111.0
02030,Elche de la Sierra,municipio,119.0,115.0,123.0,119.0,115.0,122.0,116.0,117.0,112.0,118.0,114.0,118.0,106.0,99.0
02031,Férez,municipio,0.0,0.0,0.0,0.0,0.0,0.0,0.0,0.0,0.0,0.0,0.0,0.0,0.0,0.0
02032,Fuensanta,municipio,0.0,0.0,0.0,0.0,0.0,0.0,0.0,0.0,0.0,0.0,0.0,0.0,0.0,0.0
02033,Fuente-Álamo,municipio,76.0,73.0,67.0,74.0,70.0,70.0,68.0,72.0,72.0,70.0,79.0,78.0,77.0,73.0
02034,Fuentealbilla,municipio,67.0,60.0,59.0,64.0,60.0,61.0,58.0,52.0,50.0,53.0,55.0,49.0,44.0,47.0
02035,"Gineta, La",municipio,82.0,91.0,94.0,88.0,91.0,90.0,88.0,94.0,87.0,89.0,91.0,80.0,76.0,72.0
02036,Golosalvo,municipio,0.0,0.0,0.0,0.0,0.0,0.0,0.0,0.0,0.0,0.0,0.0,0.0,0.0,0.0
02037,Hellín,municipio,954.0,957.0,939.0,944.0,963.0,954.0,927.0,917.0,922.0,919.0,935.0,895.0,865.0,879.0
02038,"Herrera, La",municipio,0.0,0.0,0.0,0.0,0.0,0.0,0.0,0.0,0.0,0.0,0.0,0.0,0.0,0.0
02039,Higueruela,municipio,36.0,36.0,36.0,35.0,36.0,34.0,33.0,31.0,27.0,27.0,26.0,25.0,25.0,25.0
02040,Hoya-Gonzalo,municipio,0.0,0.0,0.0,0.0,0.0,0.0,0.0,0.0,0.0,0.0,0.0,0.0,0.0,0.0
02041,Jorquera,municipio,0.0,0.0,0.0,0.0,0.0,0.0,0.0,0.0,0.0,0.0,0.0,0.0,0.0,0.0
02042,Letur,municipio,34.0,35.0,35.0,32.0,0.0,0.0,0.0,0.0,0.0,0.0,0.0,0.0,0.0,0.0
02043,Lezuza,municipio,35.0,35.0,36.0,33.0,31.0,30.0,27.0,30.0,30.0,32.0,33.0,32.0,35.0,30.0
02044,Liétor,municipio,30.0,27.0,29.0,30.0,28.0,27.0,27.0,26.0,26.0,24.0,22.0,24.0,24.0,22.0
02045,Madrigueras,municipio,130.0,124.0,125.0,130.0,125.0,122.0,125.0,132.0,132.0,128.0,120.0,115.0,118.0,119.0
02046,Mahora,municipio,35.0,36.0,39.0,39.0,40.0,35.0,36.0,34.0,35.0,35.0,32.0,34.0,32.0,28.0
02047,Masegoso,municipio,0.0,0.0,0.0,0.0,0.0,0.0,0.0,0.0,0.0,0.0,0.0,0.0,0.0,0.0
02048,Minaya,municipio,41.0,40.0,39.0,43.0,45.0,48.0,42.0,43.0,36.0,36.0,39.0,38.0,34.0,34.0
02049,Molinicos,municipio,25.0,24.0,0.0,0.0,0.0,0.0,0.0,0.0,0.0,0.0,0.0,0.0,0.0,0.0
02050,Montalvos,municipio,0.0,0.0,0.0,0.0,0.0,0.0,0.0,0.0,0.0,0.0,0.0,0.0,0.0,0.0
02051,Montealegre del Castillo,municipio,60.0,59.0,56.0,59.0,62.0,65.0,61.0,63.0,60.0,58.0,52.0,55.0,54.0,55.0
02052,Motilleja,municipio,0.0,0.0,0.0,0.0,0.0,0.0,0.0,0.0,0.0,0.0,0.0,0.0,0.0,0.0
02053,Munera,municipio,99.0,96.0,103.0,104.0,105.0,109.0,105.0,99.0,101.0,100.0,99.0,95.0,84.0,82.0
02054,Navas de Jorquera,municipio,0.0,0.0,0.0,0.0,0.0,0.0,0.0,0.0,0.0,0.0,0.0,0.0,0.0,0.0
02055,Nerpio,municipio,43.0,41.0,41.0,41.0,41.0,38.0,37.0,40.0,39.0,38.0,38.0,41.0,35.0,35.0
02056,Ontur,municipio,67.0,65.0,61.0,60.0,60.0,55.0,56.0,50.0,44.0,43.0,46.0,43.0,42.0,43.0
02057,Ossa de Montiel,municipio,96.0,102.0,89.0,86.0,91.0,92.0,84.0,78.0,78.0,77.0,75.0,72.0,68.0,72.0
02058,Paterna del Madera,municipio,0.0,0.0,0.0,0.0,0.0,0.0,0.0,0.0,0.0,0.0,0.0,0.0,0.0,0.0
02059,Peñascosa,municipio,0.0,0.0,0.0,0.0,0.0,0.0,0.0,0.0,0.0,0.0,0.0,0.0,0.0,0.0
02060,Peñas de San Pedro,municipio,16.0,16.0,16.0,17.0,16.0,16.0,13.0,14.0,16.0,15.0,15.0,18.0,17.0,22.0
02061,Pétrola,municipio,0.0,0.0,0.0,0.0,0.0,0.0,0.0,0.0,0.0,0.0,0.0,0.0,0.0,0.0
02062,Povedilla,municipio,0.0,0.0,0.0,0.0,0.0,0.0,0.0,0.0,0.0,0.0,0.0,0.0,0.0,0.0
02063,Pozohondo,municipio,55.0,56.0,56.0,60.0,60.0,58.0,55.0,48.0,46.0,48.0,49.0,50.0,51.0,44.0
02064,Pozo-Lorente,municipio,0.0,0.0,0.0,0.0,0.0,0.0,0.0,0.0,0.0,0.0,0.0,0.0,0.0,0.0
02065,Pozuelo,municipio,0.0,0.0,0.0,0.0,0.0,0.0,0.0,0.0,0.0,0.0,0.0,0.0,0.0,0.0
02066,"Recueja, La",municipio,0.0,0.0,0.0,0.0,0.0,0.0,0.0,0.0,0.0,0.0,0.0,0.0,0.0,0.0
02067,Riópar,municipio,62.0,62.0,61.0,54.0,51.0,50.0,50.0,49.0,53.0,54.0,55.0,54.0,53.0,48.0
02068,Robledo,municipio,0.0,0.0,0.0,0.0,0.0,0.0,0.0,0.0,0.0,0.0,0.0,0.0,0.0,0.0
02069,"Roda, La",municipio,539.0,545.0,531.0,535.0,533.0,532.0,510.0,504.0,499.0,504.0,515.0,468.0,455.0,456.0
02070,Salobre,municipio,0.0,0.0,0.0,0.0,0.0,0.0,0.0,0.0,0.0,0.0,0.0,0.0,0.0,0.0
02071,San Pedro,municipio,29.0,30.0,30.0,32.0,30.0,31.0,24.0,18.0,20.0,18.0,18.0,15.0,16.0,15.0
02072,Socovos,municipio,65.0,68.0,63.0,64.0,60.0,58.0,56.0,58.0,56.0,56.0,54.0,53.0,49.0,47.0
02073,Tarazona de la Mancha,municipio,193.0,198.0,202.0,198.0,201.0,195.0,185.0,185.0,180.0,177.0,183.0,166.0,160.0,156.0
02074,Tobarra,municipio,247.0,239.0,252.0,251.0,250.0,244.0,250.0,247.0,241.0,229.0,222.0,213.0,214.0,207.0
02075,Valdeganga,municipio,59.0,53.0,47.0,52.0,49.0,49.0,46.0,49.0,47.0,51.0,51.0,49.0,47.0,45.0
02076,Vianos,municipio,0.0,0.0,0.0,0.0,0.0,0.0,0.0,0.0,0.0,0.0,0.0,0.0,0.0,0.0
02077,Villa de Ves,municipio,0.0,0.0,0.0,0.0,0.0,0.0,0.0,0.0,0.0,0.0,0.0,0.0,0.0,0.0
02078,Villalgordo del Júcar,municipio,36.0,34.0,29.0,33.0,32.0,35.0,33.0,32.0,35.0,36.0,31.0,29.0,28.0,25.0
02079,Villamalea,municipio,107.0,105.0,102.0,102.0,91.0,94.0,96.0,105.0,102.0,106.0,105.0,99.0,98.0,96.0
02080,Villapalacios,municipio,0.0,0.0,0.0,0.0,0.0,0.0,0.0,0.0,0.0,0.0,0.0,0.0,0.0,0.0
02081,Villarrobledo,municipio,754.0,765.0,758.0,766.0,766.0,754.0,706.0,699.0,713.0,715.0,727.0,688.0,686.0,668.0
02082,Villatoya,municipio,0.0,0.0,0.0,0.0,0.0,0.0,0.0,0.0,0.0,0.0,0.0,0.0,0.0,0.0
02083,Villavaliente,municipio,0.0,0.0,0.0,0.0,0.0,0.0,0.0,0.0,0.0,0.0,0.0,0.0,0.0,0.0
02084,Villaverde de Guadalimar,municipio,0.0,0.0,0.0,0.0,0.0,0.0,0.0,0.0,0.0,0.0,0.0,0.0,0.0,0.0
02085,Viveros,municipio,0.0,0.0,0.0,0.0,0.0,0.0,0.0,0.0,0.0,0.0,0.0,0.0,0.0,0.0
02086,Yeste,municipio,95.0,85.0,87.0,82.0,83.0,81.0,85.0,83.0,81.0,82.0,83.0,76.0,79.0,70.0
02901,Pozo Cañada,municipio,92.0,96.0,102.0,106.0,117.0,113.0,105.0,107.0,111.0,108.0,112.0,112.0,108.0,105.0
02,Albacete,provincia,11223.0,11120.0,11064.0,11111.0,10988.0,10857.0,10576.0,10503.0,10407.0,10384.0,10350.0,9612.0,9406.0,9245.0
03001,"Atzúbia, l'",municipio,0.0,0.0,0.0,0.0,0.0,0.0,0.0,0.0,0.0,0.0,0.0,0.0,0.0,0.0
03002,Agost,municipio,178.0,167.0,164.0,169.0,167.0,157.0,158.0,149.0,152.0,157.0,157.0,142.0,143.0,144.0
03003,Agres,municipio,0.0,0.0,0.0,0.0,0.0,0.0,0.0,0.0,0.0,0.0,0.0,0.0,0.0,0.0
03004,Aigües,municipio,18.0,19.0,20.0,0.0,0.0,0.0,0.0,0.0,0.0,0.0,24.0,24.0,25.0,26.0
03005,Albatera,municipio,449.0,446.0,443.0,441.0,445.0,439.0,444.0,456.0,455.0,446.0,410.0,391.0,376.0,363.0
03006,Alcalalí,municipio,21.0,23.0,23.0,28.0,0.0,29.0,0.0,27.0,28.0,31.0,33.0,29.0,27.0,25.0
03007,Alcosser,municipio,0.0,0.0,0.0,0.0,0.0,0.0,0.0,0.0,0.0,0.0,0.0,0.0,0.0,0.0
03008,Alcoleja,municipio,0.0,0.0,0.0,0.0,0.0,0.0,0.0,0.0,0.0,0.0,0.0,0.0,0.0,0.0
03009,Alcoi/Alcoy,municipio,1427.0,1431.0,1417.0,1407.0,1376.0,1389.0,1364.0,1357.0,1339.0,1317.0,1315.0,1221.0,1225.0,1217.0
03010,Alfafara,municipio,0.0,0.0,0.0,0.0,0.0,0.0,0.0,0.0,0.0,0.0,0.0,0.0,0.0,0.0
03011,"Alfàs del Pi, l'",municipio,780.0,778.0,764.0,726.0,713.0,703.0,720.0,718.0,703.0,677.0,667.0,570.0,579.0,588.0
03012,Algorfa,municipio,74.0,75.0,71.0,68.0,67.0,80.0,86.0,84.0,87.0,85.0,74.0,73.0,77.0,80.0
03013,Algueña,municipio,54.0,49.0,46.0,46.0,47.0,49.0,43.0,48.0,45.0,45.0,44.0,43.0,42.0,41.0
03014,Alacant/Alicante,municipio,9429.0,9176.0,8973.0,9151.0,9139.0,9241.0,9380.0,9472.0,9492.0,9410.0,9424.0,8089.0,8238.0,8384.0
03015,Almoradí,municipio,560.0,570.0,533.0,555.0,561.0,557.0,565.0,590.0,580.0,561.0,553.0,522.0,517.0,507.0
03016,Almudaina,municipio,0.0,0.0,0.0,0.0,0.0,0.0,0.0,0.0,0.0,0.0,0.0,0.0,0.0,0.0
03017,"Alqueria d'Asnar, l'",municipio,0.0,0.0,0.0,0.0,0.0,0.0,0.0,0.0,0.0,0.0,0.0,0.0,0.0,0.0
03018,Altea,municipio,940.0,912.0,898.0,860.0,837.0,848.0,849.0,836.0,835.0,794.0,838.0,768.0,757.0,779.0
03019,Aspe,municipio,578.0,577.0,565.0,558.0,560.0,583.0,584.0,571.0,573.0,570.0,584.0,533.0,534.0,517.0
03020,Balones,municipio,0.0,0.0,0.0,0.0,0.0,0.0,0.0,0.0,0.0,0.0,0.0,0.0,0.0,0.0
03021,Banyeres de Mariola,municipio,220.0,220.0,208.0,221.0,220.0,223.0,207.0,204.0,198.0,196.0,202.0,187.0,183.0,186.0
03022,Benasau,municipio,0.0,0.0,0.0,0.0,0.0,0.0,0.0,0.0,0.0,0.0,0.0,0.0,0.0,0.0
03023,Beneixama,municipio,48.0,51.0,48.0,47.0,46.0,41.0,45.0,43.0,44.0,45.0,41.0,47.0,43.0,43.0
03024,Benejúzar,municipio,186.0,190.0,171.0,177.0,169.0,175.0,174.0,163.0,162.0,170.0,170.0,148.0,152.0,157.0
03025,Benferri,municipio,29.0,30.0,31.0,33.0,39.0,36.0,35.0,39.0,31.0,34.0,33.0,28.0,25.0,32.0
03026,Beniarbeig,municipio,45.0,40.0,41.0,46.0,45.0,49.0,51.0,51.0,49.0,44.0,47.0,57.0,57.0,54.0
03027,Beniardà,municipio,0.0,0.0,0.0,0.0,0.0,0.0,0.0,0.0,0.0,0.0,0.0,0.0,0.0,0.0
03028,Beniarrés,municipio,32.0,35.0,31.0,35.0,31.0,31.0,28.0,27.0,28.0,28.0,25.0,25.0,25.0,25.0
03029,Benigembla,municipio,0.0,0.0,0.0,0.0,0.0,0.0,0.0,0.0,0.0,0.0,0.0,0.0,0.0,0.0
03030,Benidoleig,municipio,34.0,30.0,26.0,23.0,22.0,22.0,27.0,25.0,0.0,0.0,0.0,25.0,29.0,37.0
03031,Benidorm,municipio,2744.0,2745.0,2667.0,2543.0,2508.0,2557.0,2635.0,2565.0,2596.0,2516.0,2595.0,2439.0,2409.0,2499.0
03032,Benifallim,municipio,0.0,0.0,0.0,0.0,0.0,0.0,0.0,0.0,0.0,0.0,0.0,0.0,0.0,0.0
03033,Benifato,municipio,0.0,0.0,0.0,0.0,0.0,0.0,0.0,0.0,0.0,0.0,0.0,0.0,0.0,0.0
03034,Benijófar,municipio,103.0,97.0,94.0,101.0,94.0,93.0,103.0,100.0,98.0,103.0,107.0,93.0,100.0,108.0
03035,Benilloba,municipio,0.0,0.0,0.0,0.0,0.0,0.0,0.0,0.0,0.0,0.0,0.0,0.0,0.0,0.0
03036,Benillup,municipio,0.0,0.0,0.0,0.0,0.0,0.0,0.0,0.0,0.0,0.0,0.0,0.0,0.0,0.0
03037,Benimantell,municipio,0.0,0.0,0.0,0.0,0.0,0.0,0.0,0.0,0.0,0.0,0.0,0.0,0.0,0.0
03038,Benimarfull,municipio,0.0,0.0,0.0,0.0,0.0,0.0,0.0,0.0,0.0,0.0,0.0,0.0,0.0,0.0
03039,Benimassot,municipio,0.0,0.0,0.0,0.0,0.0,0.0,0.0,0.0,0.0,0.0,0.0,0.0,0.0,0.0
03040,Benimeli,municipio,0.0,0.0,0.0,0.0,0.0,0.0,0.0,0.0,0.0,0.0,0.0,0.0,0.0,0.0
03041,Benissa,municipio,388.0,382.0,380.0,365.0,368.0,381.0,365.0,364.0,386.0,372.0,381.0,348.0,341.0,343.0
03042,"Poble Nou de Benitatxell, el/Benitachell",municipio,105.0,103.0,91.0,100.0,98.0,100.0,101.0,96.0,101.0,105.0,105.0,95.0,98.0,96.0
03043,Biar,municipio,85.0,90.0,92.0,98.0,91.0,94.0,92.0,94.0,89.0,82.0,83.0,79.0,80.0,74.0
03044,Bigastro,municipio,127.0,130.0,138.0,136.0,134.0,132.0,142.0,138.0,140.0,136.0,136.0,122.0,117.0,119.0
03045,Bolulla,municipio,0.0,0.0,0.0,0.0,0.0,0.0,0.0,0.0,0.0,0.0,0.0,0.0,0.0,0.0
03046,Busot,municipio,68.0,67.0,60.0,66.0,65.0,64.0,62.0,64.0,61.0,59.0,58.0,69.0,68.0,76.0
03047,Calp,municipio,853.0,832.0,803.0,767.0,754.0,762.0,794.0,813.0,801.0,798.0,825.0,739.0,740.0,733.0
03048,Callosa d'en Sarrià,municipio,210.0,211.0,187.0,181.0,181.0,182.0,187.0,186.0,178.0,175.0,180.0,167.0,171.0,166.0
03049,Callosa de Segura,municipio,462.0,436.0,439.0,443.0,437.0,442.0,424.0,413.0,424.0,432.0,422.0,393.0,384.0,376.0
03050,"Campello, el",municipio,779.0,788.0,757.0,768.0,774.0,785.0,781.0,842.0,840.0,860.0,861.0,768.0,748.0,762.0
03051,"Camp de Mirra, el/Campo de Mirra",municipio,0.0,0.0,0.0,0.0,0.0,0.0,0.0,0.0,0.0,0.0,0.0,0.0,0.0,0.0
03052,Cañada,municipio,34.0,35.0,33.0,37.0,35.0,36.0,30.0,29.0,30.0,26.0,26.0,22.0,24.0,28.0
03053,Castalla,municipio,281.0,288.0,277.0,302.0,278.0,283.0,272.0,280.0,288.0,276.0,276.0,253.0,248.0,259.0
03054,Castell de Castells,municipio,0.0,0.0,0.0,0.0,0.0,0.0,0.0,0.0,0.0,0.0,0.0,0.0,0.0,0.0
03055,Catral,municipio,224.0,212.0,213.0,229.0,232.0,237.0,241.0,245.0,258.0,240.0,247.0,217.0,218.0,228.0
03056,Cocentaina,municipio,389.0,391.0,381.0,399.0,395.0,408.0,403.0,403.0,417.0,406.0,403.0,361.0,357.0,340.0
03057,Confrides,municipio,0.0,0.0,0.0,0.0,0.0,0.0,0.0,0.0,0.0,0.0,0.0,0.0,0.0,0.0
03058,Cox,municipio,446.0,439.0,438.0,435.0,443.0,437.0,437.0,424.0,415.0,402.0,401.0,387.0,369.0,361.0
03059,Crevillent,municipio,947.0,943.0,896.0,941.0,974.0,964.0,978.0,965.0,944.0,935.0,914.0,839.0,839.0,834.0
03060,Quatretondeta,municipio,0.0,0.0,0.0,0.0,0.0,0.0,0.0,0.0,0.0,0.0,0.0,0.0,0.0,0.0
03061,Daya Nueva,municipio,53.0,53.0,51.0,54.0,56.0,59.0,63.0,61.0,60.0,55.0,53.0,51.0,56.0,52.0
03062,Daya Vieja,municipio,0.0,0.0,0.0,0.0,0.0,0.0,0.0,0.0,0.0,0.0,0.0,0.0,0.0,0.0
03063,Dénia,municipio,1483.0,1483.0,1403.0,1432.0,1428.0,1420.0,1417.0,1404.0,1438.0,1408.0,1396.0,1286.0,1330.0,1319.0
03064,Dolores,municipio,232.0,221.0,220.0,215.0,224.0,230.0,219.0,222.0,223.0,220.0,208.0,184.0,181.0,187.0
03065,Elx/Elche,municipio,6692.0,6562.0,6375.0,6568.0,6658.0,6615.0,6678.0,6731.0,6749.0,6705.0,6709.0,5904.0,5825.0,5895.0
03066,Elda,municipio,1671.0,1631.0,1554.0,1539.0,1572.0,1522.0,1487.0,1466.0,1463.0,1406.0,1407.0,1282.0,1261.0,1259.0
03067,Fageca,municipio,0.0,0.0,0.0,0.0,0.0,0.0,0.0,0.0,0.0,0.0,0.0,0.0,0.0,0.0
03068,Famorca,municipio,0.0,0.0,0.0,0.0,0.0,0.0,0.0,0.0,0.0,0.0,0.0,0.0,0.0,0.0
03069,Finestrat,municipio,250.0,257.0,244.0,242.0,239.0,236.0,256.0,264.0,262.0,253.0,289.0,293.0,296.0,315.0
03070,Formentera del Segura,municipio,96.0,91.0,86.0,101.0,95.0,103.0,99.0,99.0,102.0,101.0,118.0,110.0,110.0,93.0
03071,Gata de Gorgos,municipio,217.0,210.0,197.0,200.0,195.0,197.0,190.0,199.0,197.0,206.0,204.0,176.0,177.0,167.0
03072,Gaianes,municipio,0.0,0.0,0.0,0.0,0.0,0.0,0.0,0.0,0.0,0.0,0.0,0.0,0.0,0.0
03073,Gorga,municipio,0.0,0.0,0.0,0.0,0.0,0.0,0.0,0.0,0.0,0.0,0.0,0.0,0.0,0.0
03074,Granja de Rocamora,municipio,97.0,101.0,106.0,95.0,92.0,98.0,94.0,106.0,112.0,109.0,115.0,110.0,113.0,119.0
03075,"Castell de Guadalest, el",municipio,0.0,0.0,0.0,0.0,0.0,0.0,0.0,0.0,0.0,0.0,0.0,0.0,0.0,0.0
03076,Guardamar del Segura,municipio,448.0,438.0,434.0,447.0,457.0,446.0,468.0,477.0,488.0,507.0,492.0,500.0,493.0,465.0
03077,"Fondó de les Neus, el/Hondón de las Nieves",municipio,62.0,60.0,53.0,53.0,58.0,59.0,64.0,48.0,56.0,62.0,60.0,54.0,47.0,53.0
03078,Hondón de los Frailes,municipio,35.0,38.0,30.0,35.0,28.0,32.0,28.0,31.0,35.0,33.0,34.0,31.0,34.0,33.0
03079,Ibi,municipio,677.0,668.0,655.0,660.0,645.0,613.0,600.0,616.0,621.0,619.0,626.0,562.0,557.0,553.0
03080,Jacarilla,municipio,65.0,66.0,66.0,70.0,59.0,65.0,61.0,56.0,57.0,55.0,53.0,46.0,42.0,46.0
03081,Xaló,municipio,111.0,111.0,97.0,93.0,85.0,99.0,97.0,95.0,90.0,90.0,90.0,96.0,99.0,93.0
03082,Xàbia/Jávea,municipio,906.0,931.0,873.0,867.0,866.0,880.0,876.0,895.0,891.0,893.0,891.0,797.0,827.0,858.0
03083,Xixona/Jijona,municipio,184.0,176.0,174.0,175.0,176.0,170.0,162.0,161.0,164.0,157.0,165.0,153.0,151.0,158.0
03084,"Orxa, l'/Lorcha",municipio,0.0,0.0,0.0,0.0,0.0,0.0,0.0,0.0,0.0,0.0,0.0,0.0,0.0,0.0
03085,Llíber,municipio,15.0,16.0,19.0,17.0,0.0,0.0,0.0,0.0,0.0,0.0,0.0,0.0,0.0,0.0
03086,Millena,municipio,0.0,0.0,0.0,0.0,0.0,0.0,0.0,0.0,0.0,0.0,0.0,0.0,0.0,0.0
03088,Monforte del Cid,municipio,226.0,219.0,223.0,230.0,228.0,228.0,223.0,218.0,219.0,218.0,209.0,185.0,202.0,197.0
03089,Monòver/Monóvar,municipio,315.0,303.0,287.0,297.0,301.0,305.0,291.0,296.0,282.0,279.0,280.0,257.0,263.0,280.0
03090,Mutxamel,municipio,652.0,654.0,618.0,645.0,654.0,642.0,640.0,671.0,664.0,647.0,655.0,609.0,639.0,628.0
03091,Murla,municipio,0.0,0.0,0.0,0.0,0.0,0.0,0.0,0.0,0.0,0.0,0.0,0.0,0.0,0.0
03092,Muro de Alcoy,municipio,294.0,293.0,303.0,316.0,319.0,316.0,309.0,302.0,279.0,271.0,268.0,246.0,237.0,229.0
03093,Novelda,municipio,857.0,825.0,839.0,855.0,836.0,803.0,774.0,744.0,741.0,708.0,699.0,650.0,641.0,639.0
03094,"Nucia, la",municipio,595.0,571.0,561.0,525.0,523.0,542.0,540.0,544.0,540.0,547.0,566.0,458.0,475.0,495.0
03095,Ondara,municipio,246.0,254.0,237.0,243.0,223.0,232.0,221.0,235.0,240.0,226.0,222.0,211.0,196.0,223.0
03096,Onil,municipio,221.0,227.0,221.0,214.0,206.0,212.0,209.0,208.0,200.0,194.0,205.0,183.0,181.0,172.0
03097,Orba,municipio,64.0,55.0,55.0,54.0,52.0,50.0,50.0,58.0,55.0,51.0,51.0,48.0,43.0,45.0
03098,Orxeta,municipio,0.0,0.0,0.0,0.0,0.0,0.0,0.0,0.0,0.0,0.0,0.0,0.0,0.0,0.0
03099,Orihuela,municipio,2078.0,2056.0,1995.0,2066.0,2025.0,2073.0,2096.0,2128.0,2111.0,2061.0,2057.0,1859.0,1921.0,1943.0
03100,Parcent,municipio,25.0,20.0,22.0,24.0,0.0,0.0,0.0,0.0,0.0,0.0,0.0,0.0,21.0,19.0
03101,Pedreguer,municipio,253.0,237.0,228.0,230.0,226.0,228.0,221.0,218.0,218.0,227.0,227.0,201.0,203.0,211.0
03102,Pego,municipio,308.0,297.0,278.0,278.0,284.0,281.0,284.0,289.0,279.0,285.0,279.0,264.0,252.0,244.0
03103,Penàguila,municipio,0.0,0.0,0.0,0.0,0.0,0.0,0.0,0.0,0.0,0.0,0.0,0.0,0.0,0.0
03104,Petrer,municipio,982.0,986.0,991.0,994.0,979.0,951.0,925.0,907.0,921.0,924.0,952.0,816.0,792.0,797.0
03105,"Pinós, el/Pinoso",municipio,213.0,220.0,208.0,226.0,218.0,226.0,218.0,213.0,216.0,218.0,216.0,204.0,204.0,204.0
03106,Planes,municipio,0.0,0.0,0.0,0.0,0.0,0.0,0.0,0.0,0.0,0.0,0.0,0.0,0.0,0.0
03107,Polop,municipio,133.0,132.0,137.0,132.0,123.0,122.0,124.0,125.0,136.0,134.0,142.0,111.0,124.0,129.0
03109,Rafal,municipio,105.0,99.0,92.0,101.0,93.0,98.0,96.0,102.0,94.0,94.0,92.0,77.0,77.0,80.0
03110,"Ràfol d'Almúnia, el",municipio,0.0,0.0,0.0,0.0,0.0,0.0,0.0,0.0,0.0,0.0,0.0,0.0,0.0,0.0
03111,Redován,municipio,206.0,199.0,199.0,195.0,202.0,210.0,195.0,204.0,192.0,199.0,189.0,178.0,185.0,183.0
03112,Relleu,municipio,14.0,15.0,17.0,16.0,18.0,21.0,22.0,26.0,24.0,23.0,24.0,28.0,26.0,23.0
03113,Rojales,municipio,314.0,317.0,311.0,320.0,327.0,347.0,342.0,347.0,372.0,389.0,385.0,348.0,348.0,342.0
03114,"Romana, la",municipio,70.0,64.0,65.0,69.0,66.0,70.0,60.0,74.0,72.0,72.0,67.0,59.0,58.0,60.0
03115,Sagra,municipio,0.0,0.0,0.0,0.0,0.0,0.0,0.0,0.0,0.0,0.0,0.0,0.0,0.0,0.0
03116,Salinas,municipio,33.0,31.0,30.0,34.0,32.0,31.0,37.0,33.0,32.0,31.0,30.0,26.0,29.0,28.0
03117,Sanet y Negrals,municipio,0.0,0.0,0.0,0.0,0.0,0.0,0.0,0.0,0.0,0.0,0.0,0.0,0.0,0.0
03118,San Fulgencio,municipio,172.0,166.0,157.0,169.0,164.0,167.0,180.0,195.0,203.0,193.0,191.0,168.0,187.0,188.0
03119,Sant Joan d'Alacant,municipio,703.0,671.0,682.0,673.0,682.0,693.0,708.0,720.0,672.0,677.0,683.0,605.0,593.0,601.0
03120,San Miguel de Salinas,municipio,148.0,159.0,158.0,149.0,163.0,164.0,169.0,159.0,159.0,154.0,161.0,145.0,144.0,146.0
03121,Santa Pola,municipio,861.0,848.0,825.0,866.0,886.0,870.0,912.0,948.0,952.0,958.0,1003.0,929.0,942.0,952.0
03122,Sant Vicent del Raspeig/San Vicente del Raspeig,municipio,1523.0,1483.0,1458.0,1497.0,1495.0,1501.0,1495.0,1495.0,1491.0,1448.0,1440.0,1336.0,1327.0,1306.0
03123,Sax,municipio,234.0,237.0,220.0,232.0,239.0,235.0,217.0,207.0,205.0,194.0,197.0,197.0,195.0,182.0
03124,Sella,municipio,0.0,0.0,0.0,0.0,0.0,0.0,0.0,0.0,0.0,0.0,0.0,0.0,0.0,0.0
03125,Senija,municipio,0.0,0.0,0.0,0.0,0.0,0.0,0.0,0.0,0.0,0.0,0.0,0.0,0.0,0.0
03127,Tàrbena,municipio,0.0,0.0,0.0,0.0,0.0,0.0,0.0,0.0,0.0,0.0,0.0,0.0,0.0,0.0
03128,Teulada,municipio,450.0,453.0,434.0,431.0,441.0,458.0,460.0,482.0,459.0,465.0,461.0,430.0,441.0,439.0
03129,Tibi,municipio,35.0,32.0,33.0,34.0,31.0,27.0,32.0,34.0,35.0,33.0,32.0,33.0,41.0,39.0
03130,Tollos,municipio,0.0,0.0,0.0,0.0,0.0,0.0,0.0,0.0,0.0,0.0,0.0,0.0,0.0,0.0
03131,Tormos,municipio,0.0,0.0,0.0,0.0,0.0,0.0,0.0,0.0,0.0,0.0,0.0,0.0,0.0,0.0
03132,"Torre de les Maçanes, la/Torremanzanas",municipio,0.0,0.0,0.0,0.0,0.0,0.0,0.0,0.0,0.0,0.0,0.0,0.0,0.0,0.0
03133,Torrevieja,municipio,2220.0,2252.0,2166.0,2190.0,2069.0,2108.0,2167.0,2210.0,2203.0,2174.0,2202.0,1997.0,2097.0,2200.0
03134,"Vall d'Alcalà, la",municipio,0.0,0.0,0.0,0.0,0.0,0.0,0.0,0.0,0.0,0.0,0.0,0.0,0.0,0.0
03135,"Vall d'Ebo, la",municipio,0.0,0.0,0.0,0.0,0.0,0.0,0.0,0.0,0.0,0.0,0.0,0.0,0.0,0.0
03136,"Vall de Gallinera, la",municipio,0.0,0.0,0.0,0.0,0.0,0.0,0.0,0.0,0.0,0.0,0.0,0.0,0.0,0.0
03137,"Vall de Laguar, la",municipio,0.0,0.0,0.0,0.0,0.0,0.0,0.0,0.0,0.0,0.0,0.0,0.0,0.0,0.0
03138,"Verger, el",municipio,137.0,130.0,131.0,124.0,129.0,136.0,144.0,147.0,144.0,148.0,147.0,137.0,134.0,138.0
03139,"Vila Joiosa, la/Villajoyosa",municipio,841.0,862.0,801.0,809.0,810.0,787.0,799.0,823.0,817.0,807.0,805.0,724.0,752.0,768.0
03140,Villena,municipio,863.0,837.0,808.0,819.0,820.0,809.0,812.0,788.0,786.0,740.0,728.0,682.0,656.0,655.0
03901,"Poblets, els",municipio,55.0,55.0,56.0,50.0,48.0,47.0,51.0,46.0,46.0,52.0,52.0,54.0,52.0,53.0
03902,Pilar de la Horadada,municipio,437.0,441.0,414.0,430.0,424.0,439.0,441.0,448.0,449.0,457.0,475.0,465.0,478.0,472.0
03903,"Montesinos, Los",municipio,149.0,144.0,148.0,151.0,159.0,170.0,169.0,165.0,157.0,147.0,147.0,139.0,139.0,150.0
03904,San Isidro,municipio,75.0,73.0,79.0,85.0,82.0,78.0,74.0,69.0,73.0,75.0,73.0,71.0,73.0,73.0
03,Alicante/Alacant,provincia,54336.0,53606.0,52111.0,52720.0,52478.0,52742.0,52999.0,53280.0,53224.0,52541.0,52782.0,47665.0,47917.0,48367.0
04001,Abla,municipio,36.0,35.0,37.0,33.0,37.0,34.0,32.0,32.0,35.0,39.0,38.0,36.0,38.0,34.0
04002,Abrucena,municipio,38.0,34.0,36.0,35.0,33.0,30.0,28.0,31.0,33.0,29.0,31.0,29.0,28.0,21.0
04003,Adra,municipio,656.0,646.0,624.0,615.0,617.0,630.0,625.0,632.0,618.0,623.0,640.0,581.0,552.0,567.0
04004,Albanchez,municipio,0.0,0.0,0.0,0.0,0.0,0.0,0.0,0.0,0.0,0.0,0.0,0.0,0.0,0.0
04005,Alboloduy,municipio,0.0,0.0,0.0,0.0,0.0,0.0,0.0,0.0,0.0,0.0,0.0,0.0,0.0,0.0
04006,Albox,municipio,486.0,477.0,445.0,466.0,467.0,468.0,457.0,453.0,444.0,450.0,465.0,421.0,412.0,407.0
04007,Alcolea,municipio,0.0,0.0,0.0,0.0,0.0,0.0,0.0,0.0,0.0,0.0,0.0,0.0,0.0,0.0
04008,Alcóntar,municipio,0.0,0.0,0.0,0.0,0.0,0.0,0.0,0.0,0.0,0.0,0.0,0.0,0.0,0.0
04009,Alcudia de Monteagud,municipio,0.0,0.0,0.0,0.0,0.0,0.0,0.0,0.0,0.0,0.0,0.0,0.0,0.0,0.0
04010,Alhabia,municipio,0.0,0.0,0.0,0.0,0.0,0.0,0.0,0.0,0.0,0.0,0.0,0.0,0.0,0.0
04011,Alhama de Almería,municipio,95.0,97.0,86.0,95.0,92.0,91.0,101.0,98.0,104.0,111.0,112.0,116.0,107.0,106.0
04012,Alicún,municipio,0.0,0.0,0.0,0.0,0.0,0.0,0.0,0.0,0.0,0.0,0.0,0.0,0.0,0.0
04013,Almería,municipio,4652.0,4539.0,4418.0,4427.0,4454.0,4501.0,4476.0,4418.0,4419.0,4465.0,4494.0,4091.0,4077.0,4121.0
04014,Almócita,municipio,0.0,0.0,0.0,0.0,0.0,0.0,0.0,0.0,0.0,0.0,0.0,0.0,0.0,0.0
04015,Alsodux,municipio,0.0,0.0,0.0,0.0,0.0,0.0,0.0,0.0,0.0,0.0,0.0,0.0,0.0,0.0
04016,Antas,municipio,201.0,198.0,199.0,189.0,195.0,200.0,206.0,190.0,181.0,183.0,185.0,167.0,169.0,165.0
04017,Arboleas,municipio,78.0,77.0,70.0,68.0,75.0,77.0,80.0,82.0,91.0,95.0,93.0,91.0,89.0,94.0
04018,Armuña de Almanzora,municipio,0.0,0.0,0.0,0.0,0.0,0.0,0.0,0.0,0.0,0.0,0.0,0.0,0.0,0.0
04019,Bacares,municipio,0.0,0.0,0.0,0.0,0.0,0.0,0.0,0.0,0.0,0.0,0.0,0.0,0.0,0.0
04020,Bayárcal,municipio,0.0,0.0,0.0,0.0,0.0,0.0,0.0,0.0,0.0,0.0,0.0,0.0,0.0,0.0
04021,Bayarque,municipio,0.0,0.0,0.0,0.0,0.0,0.0,0.0,0.0,0.0,0.0,0.0,0.0,0.0,0.0
04022,Bédar,municipio,15.0,14.0,22.0,0.0,0.0,0.0,0.0,0.0,0.0,0.0,0.0,23.0,24.0,0.0
04023,Beires,municipio,0.0,0.0,0.0,0.0,0.0,0.0,0.0,0.0,0.0,0.0,0.0,0.0,0.0,0.0
04024,Benahadux,municipio,142.0,134.0,134.0,129.0,126.0,128.0,125.0,125.0,120.0,120.0,132.0,114.0,114.0,119.0
04026,Benitagla,municipio,0.0,0.0,0.0,0.0,0.0,0.0,0.0,0.0,0.0,0.0,0.0,0.0,0.0,0.0
04027,Benizalón,municipio,0.0,0.0,0.0,0.0,0.0,0.0,0.0,0.0,0.0,0.0,0.0,0.0,0.0,0.0
04028,Bentarique,municipio,0.0,0.0,0.0,0.0,0.0,0.0,0.0,0.0,0.0,0.0,0.0,0.0,0.0,0.0
04029,Berja,municipio,374.0,363.0,365.0,361.0,356.0,316.0,317.0,331.0,338.0,342.0,345.0,318.0,310.0,305.0
04030,Canjáyar,municipio,34.0,33.0,32.0,35.0,35.0,37.0,32.0,32.0,33.0,33.0,30.0,33.0,30.0,32.0
04031,Cantoria,municipio,108.0,100.0,92.0,87.0,90.0,91.0,90.0,90.0,93.0,96.0,92.0,83.0,87.0,88.0
04032,Carboneras,municipio,231.0,219.0,224.0,243.0,233.0,240.0,247.0,245.0,247.0,250.0,245.0,237.0,237.0,222.0
04033,Castro de Filabres,municipio,0.0,0.0,0.0,0.0,0.0,0.0,0.0,0.0,0.0,0.0,0.0,0.0,0.0,0.0
04034,Cóbdar,municipio,0.0,0.0,0.0,0.0,0.0,0.0,0.0,0.0,0.0,0.0,0.0,0.0,0.0,0.0
04035,Cuevas del Almanzora,municipio,438.0,446.0,428.0,413.0,421.0,426.0,429.0,434.0,431.0,439.0,439.0,414.0,420.0,419.0
04036,Chercos,municipio,0.0,0.0,0.0,0.0,0.0,0.0,0.0,0.0,0.0,0.0,0.0,0.0,0.0,0.0
04037,Chirivel,municipio,31.0,28.0,31.0,33.0,34.0,33.0,29.0,37.0,37.0,35.0,37.0,35.0,35.0,33.0
04038,Dalías,municipio,99.0,94.0,91.0,90.0,91.0,96.0,87.0,86.0,90.0,92.0,92.0,85.0,80.0,79.0
04041,Enix,municipio,0.0,0.0,0.0,0.0,0.0,0.0,0.0,0.0,0.0,0.0,0.0,0.0,0.0,0.0
04043,Felix,municipio,0.0,0.0,0.0,0.0,0.0,0.0,0.0,0.0,0.0,0.0,0.0,0.0,0.0,0.0
04044,Fines,municipio,73.0,72.0,77.0,79.0,83.0,80.0,83.0,85.0,85.0,88.0,84.0,78.0,77.0,75.0
04045,Fiñana,municipio,54.0,53.0,53.0,54.0,50.0,58.0,55.0,53.0,54.0,51.0,56.0,53.0,51.0,46.0
04046,Fondón,municipio,0.0,0.0,0.0,0.0,15.0,18.0,17.0,0.0,0.0,0.0,20.0,17.0,19.0,19.0
04047,Gádor,municipio,81.0,69.0,68.0,69.0,68.0,71.0,61.0,58.0,66.0,66.0,64.0,58.0,48.0,50.0
04048,"Gallardos, Los",municipio,89.0,92.0,93.0,97.0,102.0,98.0,95.0,92.0,99.0,98.0,92.0,93.0,94.0,93.0
04049,Garrucha,municipio,239.0,238.0,232.0,241.0,248.0,262.0,272.0,269.0,270.0,270.0,270.0,258.0,264.0,249.0
04050,Gérgal,municipio,16.0,21.0,20.0,19.0,19.0,21.0,21.0,20.0,22.0,21.0,23.0,21.0,25.0,26.0
04051,Huécija,municipio,0.0,0.0,0.0,0.0,0.0,0.0,0.0,0.0,0.0,0.0,0.0,0.0,0.0,0.0
04052,Huércal de Almería,municipio,593.0,607.0,607.0,615.0,615.0,629.0,621.0,633.0,625.0,597.0,600.0,536.0,535.0,527.0
04053,Huércal-Overa,municipio,538.0,543.0,500.0,492.0,537.0,544.0,505.0,491.0,503.0,499.0,493.0,470.0,471.0,461.0
04054,Íllar,municipio,0.0,0.0,0.0,0.0,0.0,0.0,0.0,0.0,0.0,0.0,0.0,0.0,0.0,0.0
04055,Instinción,municipio,0.0,0.0,0.0,0.0,0.0,0.0,0.0,0.0,0.0,0.0,0.0,0.0,0.0,0.0
04056,Laroya,municipio,0.0,0.0,0.0,0.0,0.0,0.0,0.0,0.0,0.0,0.0,0.0,0.0,0.0,0.0
04057,Laujar de Andarax,municipio,58.0,55.0,56.0,59.0,61.0,63.0,66.0,58.0,59.0,57.0,56.0,49.0,50.0,47.0
04058,Líjar,municipio,0.0,0.0,0.0,0.0,0.0,0.0,0.0,0.0,0.0,0.0,0.0,0.0,0.0,0.0
04059,Lubrín,municipio,38.0,36.0,29.0,30.0,32.0,32.0,34.0,30.0,32.0,28.0,31.0,25.0,25.0,27.0
04060,Lucainena de las Torres,municipio,0.0,0.0,0.0,0.0,0.0,0.0,0.0,0.0,0.0,0.0,0.0,0.0,0.0,0.0
04061,Lúcar,municipio,0.0,0.0,0.0,0.0,0.0,0.0,0.0,0.0,0.0,0.0,0.0,0.0,0.0,0.0
04062,Macael,municipio,197.0,191.0,174.0,166.0,169.0,179.0,170.0,174.0,172.0,166.0,176.0,165.0,147.0,156.0
04063,María,municipio,44.0,40.0,40.0,38.0,40.0,40.0,39.0,39.0,38.0,35.0,37.0,34.0,34.0,34.0
04064,Mojácar,municipio,279.0,288.0,247.0,257.0,261.0,285.0,279.0,298.0,299.0,304.0,331.0,318.0,315.0,335.0
04065,Nacimiento,municipio,0.0,0.0,0.0,0.0,0.0,0.0,0.0,0.0,0.0,0.0,0.0,0.0,0.0,0.0
04066,Níjar,municipio,737.0,735.0,719.0,745.0,766.0,771.0,795.0,818.0,829.0,838.0,882.0,796.0,800.0,796.0
04067,Ohanes,municipio,0.0,0.0,0.0,0.0,0.0,0.0,0.0,0.0,0.0,0.0,0.0,0.0,0.0,0.0
04068,Olula de Castro,municipio,0.0,0.0,0.0,0.0,0.0,0.0,0.0,0.0,0.0,0.0,0.0,0.0,0.0,0.0
04069,Olula del Río,municipio,235.0,231.0,213.0,203.0,196.0,201.0,198.0,195.0,195.0,188.0,196.0,169.0,179.0,172.0
04070,Oria,municipio,43.0,45.0,45.0,44.0,42.0,41.0,44.0,44.0,46.0,43.0,45.0,40.0,39.0,40.0
04071,Padules,municipio,0.0,0.0,0.0,0.0,0.0,0.0,0.0,0.0,0.0,0.0,0.0,0.0,0.0,0.0
04072,Partaloa,municipio,0.0,0.0,0.0,0.0,0.0,0.0,0.0,14.0,12.0,13.0,16.0,10.0,0.0,0.0
04073,Paterna del Río,municipio,0.0,0.0,0.0,0.0,0.0,0.0,0.0,0.0,0.0,0.0,0.0,0.0,0.0,0.0
04074,Pechina,municipio,85.0,92.0,90.0,86.0,84.0,80.0,89.0,84.0,84.0,85.0,83.0,86.0,86.0,87.0
04075,Pulpí,municipio,263.0,273.0,267.0,253.0,263.0,269.0,285.0,283.0,257.0,248.0,257.0,260.0,255.0,260.0
04076,Purchena,municipio,37.0,43.0,43.0,37.0,37.0,43.0,41.0,39.0,40.0,39.0,38.0,37.0,29.0,30.0
04077,Rágol,municipio,0.0,0.0,0.0,0.0,0.0,0.0,0.0,0.0,0.0,0.0,0.0,0.0,0.0,0.0
04078,Rioja,municipio,38.0,37.0,31.0,30.0,38.0,36.0,36.0,33.0,32.0,31.0,27.0,31.0,26.0,31.0
04079,Roquetas de Mar,municipio,2091.0,2096.0,2035.0,2087.0,2155.0,2263.0,2263.0,2274.0,2355.0,2327.0,2418.0,2313.0,2312.0,2350.0
04080,Santa Cruz de Marchena,municipio,0.0,0.0,0.0,0.0,0.0,0.0,0.0,0.0,0.0,0.0,0.0,0.0,0.0,0.0
04081,Santa Fe de Mondújar,municipio,0.0,0.0,0.0,0.0,0.0,0.0,0.0,0.0,0.0,0.0,0.0,0.0,0.0,0.0
04082,Senés,municipio,0.0,0.0,0.0,0.0,0.0,0.0,0.0,0.0,0.0,0.0,0.0,0.0,0.0,0.0
04083,Serón,municipio,52.0,48.0,49.0,55.0,57.0,54.0,51.0,41.0,44.0,48.0,47.0,45.0,45.0,42.0
04084,Sierro,municipio,0.0,0.0,0.0,0.0,0.0,0.0,0.0,0.0,0.0,0.0,0.0,0.0,0.0,0.0
04085,Somontín,municipio,0.0,0.0,0.0,0.0,0.0,0.0,0.0,0.0,0.0,0.0,0.0,0.0,0.0,0.0
04086,Sorbas,municipio,123.0,123.0,122.0,123.0,125.0,122.0,114.0,115.0,125.0,128.0,121.0,103.0,95.0,94.0
04087,Suflí,municipio,0.0,0.0,0.0,0.0,0.0,0.0,0.0,0.0,0.0,0.0,0.0,0.0,0.0,0.0
04088,Tabernas,municipio,103.0,107.0,98.0,96.0,98.0,105.0,105.0,104.0,107.0,110.0,110.0,109.0,109.0,109.0
04089,Taberno,municipio,31.0,31.0,29.0,30.0,0.0,0.0,0.0,0.0,0.0,0.0,0.0,0.0,0.0,0.0
04090,Tahal,municipio,0.0,0.0,0.0,0.0,0.0,0.0,0.0,0.0,0.0,0.0,0.0,0.0,0.0,0.0
04091,Terque,municipio,0.0,0.0,0.0,0.0,0.0,0.0,0.0,0.0,0.0,0.0,0.0,0.0,0.0,0.0
04092,Tíjola,municipio,121.0,122.0,119.0,126.0,118.0,122.0,123.0,118.0,121.0,119.0,117.0,112.0,108.0,111.0
04093,Turre,municipio,80.0,86.0,81.0,86.0,83.0,82.0,87.0,84.0,94.0,96.0,96.0,81.0,90.0,84.0
04094,Turrillas,municipio,0.0,0.0,0.0,0.0,0.0,0.0,0.0,0.0,0.0,0.0,0.0,0.0,0.0,0.0
04095,Uleila del Campo,municipio,0.0,0.0,0.0,0.0,0.0,0.0,0.0,0.0,0.0,0.0,0.0,0.0,0.0,0.0
04096,Urrácal,municipio,0.0,0.0,0.0,0.0,0.0,0.0,0.0,0.0,0.0,0.0,0.0,0.0,0.0,0.0
04097,Velefique,municipio,0.0,0.0,0.0,0.0,0.0,0.0,0.0,0.0,0.0,0.0,0.0,0.0,0.0,0.0
04098,Vélez-Blanco,municipio,52.0,59.0,51.0,57.0,61.0,57.0,48.0,52.0,55.0,60.0,58.0,61.0,63.0,58.0
04099,Vélez-Rubio,municipio,221.0,229.0,221.0,222.0,221.0,222.0,222.0,223.0,214.0,216.0,212.0,184.0,189.0,190.0
04100,Vera,municipio,481.0,475.0,454.0,463.0,459.0,471.0,480.0,492.0,510.0,516.0,508.0,489.0,488.0,502.0
04101,Viator,municipio,267.0,262.0,279.0,274.0,269.0,268.0,288.0,283.0,263.0,280.0,281.0,266.0,277.0,274.0
04102,Vícar,municipio,551.0,573.0,573.0,588.0,609.0,613.0,600.0,600.0,600.0,594.0,604.0,564.0,545.0,567.0
04103,Zurgena,municipio,52.0,51.0,43.0,50.0,51.0,61.0,55.0,60.0,60.0,63.0,61.0,56.0,48.0,54.0
04901,"Tres Villas, Las",municipio,0.0,0.0,0.0,0.0,0.0,0.0,0.0,0.0,0.0,0.0,0.0,0.0,0.0,0.0
04902,"Ejido, El",municipio,2288.0,2314.0,2273.0,2312.0,2279.0,2356.0,2401.0,2317.0,2340.0,2351.0,2403.0,2223.0,2215.0,2232.0
04903,"Mojonera, La",municipio,221.0,227.0,224.0,228.0,227.0,229.0,232.0,223.0,213.0,214.0,210.0,203.0,205.0,212.0
04904,Balanegra,municipio,0.0,0.0,0.0,0.0,0.0,47.0,46.0,43.0,46.0,46.0,46.0,46.0,50.0,49.0
04,Almería,provincia,18622.0,18549.0,18009.0,18184.0,18366.0,18741.0,18723.0,18579.0,18704.0,18762.0,19050.0,17703.0,17587.0,17703.0
05001,Adanero,municipio,0.0,0.0,0.0,0.0,0.0,0.0,0.0,0.0,0.0,0.0,0.0,0.0,0.0,0.0
05002,"Adrada, La",municipio,91.0,87.0,82.0,75.0,76.0,77.0,77.0,78.0,86.0,80.0,76.0,77.0,76.0,84.0
05005,Albornos,municipio,0.0,0.0,0.0,0.0,0.0,0.0,0.0,0.0,0.0,0.0,0.0,0.0,0.0,0.0
05007,Aldeanueva de Santa Cruz,municipio,0.0,0.0,0.0,0.0,0.0,0.0,0.0,0.0,0.0,0.0,0.0,0.0,0.0,0.0
05008,Aldeaseca,municipio,0.0,0.0,0.0,0.0,0.0,0.0,0.0,0.0,0.0,0.0,0.0,0.0,0.0,0.0
05010,"Aldehuela, La",municipio,0.0,0.0,0.0,0.0,0.0,0.0,0.0,0.0,0.0,0.0,0.0,0.0,0.0,0.0
05012,Amavida,municipio,0.0,0.0,0.0,0.0,0.0,0.0,0.0,0.0,0.0,0.0,0.0,0.0,0.0,0.0
05013,"Arenal, El",municipio,35.0,36.0,35.0,32.0,34.0,0.0,0.0,0.0,0.0,0.0,0.0,0.0,0.0,0.0
05014,Arenas de San Pedro,municipio,247.0,243.0,238.0,244.0,239.0,229.0,225.0,224.0,226.0,224.0,217.0,217.0,210.0,202.0
05015,Arevalillo,municipio,0.0,0.0,0.0,0.0,0.0,0.0,0.0,0.0,0.0,0.0,0.0,0.0,0.0,0.0
05016,Arévalo,municipio,335.0,344.0,330.0,317.0,308.0,306.0,311.0,305.0,305.0,292.0,286.0,281.0,274.0,256.0
05017,Aveinte,municipio,0.0,0.0,0.0,0.0,0.0,0.0,0.0,0.0,0.0,0.0,0.0,0.0,0.0,0.0
05018,Avellaneda,municipio,0.0,0.0,0.0,0.0,0.0,0.0,0.0,0.0,0.0,0.0,0.0,0.0,0.0,0.0
05019,Ávila,municipio,1472.0,1438.0,1424.0,1418.0,1420.0,1430.0,1414.0,1361.0,1333.0,1284.0,1302.0,1216.0,1205.0,1200.0
05021,"Barco de Ávila, El",municipio,138.0,135.0,134.0,129.0,125.0,120.0,114.0,112.0,105.0,112.0,104.0,96.0,98.0,97.0
05022,"Barraco, El",municipio,69.0,72.0,69.0,73.0,71.0,73.0,67.0,65.0,63.0,57.0,59.0,57.0,56.0,62.0
05023,Barromán,municipio,0.0,0.0,0.0,0.0,0.0,0.0,0.0,0.0,0.0,0.0,0.0,0.0,0.0,0.0
05024,Becedas,municipio,0.0,0.0,0.0,0.0,0.0,0.0,0.0,0.0,0.0,0.0,0.0,0.0,0.0,0.0
05025,Becedillas,municipio,0.0,0.0,0.0,0.0,0.0,0.0,0.0,0.0,0.0,0.0,0.0,0.0,0.0,0.0
05026,Bercial de Zapardiel,municipio,0.0,0.0,0.0,0.0,0.0,0.0,0.0,0.0,0.0,0.0,0.0,0.0,0.0,0.0
05027,"Berlanas, Las",municipio,0.0,0.0,0.0,0.0,0.0,0.0,0.0,0.0,0.0,0.0,0.0,0.0,0.0,0.0
05029,Bernuy-Zapardiel,municipio,0.0,0.0,0.0,0.0,0.0,0.0,0.0,0.0,0.0,0.0,0.0,0.0,0.0,0.0
05030,Berrocalejo de Aragona,municipio,0.0,0.0,0.0,0.0,0.0,0.0,0.0,0.0,0.0,0.0,0.0,0.0,0.0,0.0
05033,Blascomillán,municipio,0.0,0.0,0.0,0.0,0.0,0.0,0.0,0.0,0.0,0.0,0.0,0.0,0.0,0.0
05034,Blasconuño de Matacabras,municipio,0.0,0.0,0.0,0.0,0.0,0.0,0.0,0.0,0.0,0.0,0.0,0.0,0.0,0.0
05035,Blascosancho,municipio,0.0,0.0,0.0,0.0,0.0,0.0,0.0,0.0,0.0,0.0,0.0,0.0,0.0,0.0
05036,"Bohodón, El",municipio,0.0,0.0,0.0,0.0,0.0,0.0,0.0,0.0,0.0,0.0,0.0,0.0,0.0,0.0
05037,Bohoyo,municipio,0.0,0.0,0.0,0.0,0.0,0.0,0.0,0.0,0.0,0.0,0.0,0.0,0.0,0.0
05038,Bonilla de la Sierra,municipio,0.0,0.0,0.0,0.0,0.0,0.0,0.0,0.0,0.0,0.0,0.0,0.0,0.0,0.0
05039,Brabos,municipio,0.0,0.0,0.0,0.0,0.0,0.0,0.0,0.0,0.0,0.0,0.0,0.0,0.0,0.0
05040,Bularros,municipio,0.0,0.0,0.0,0.0,0.0,0.0,0.0,0.0,0.0,0.0,0.0,0.0,0.0,0.0
05041,Burgohondo,municipio,52.0,48.0,46.0,43.0,43.0,43.0,47.0,46.0,47.0,50.0,49.0,46.0,42.0,42.0
05042,Cabezas de Alambre,municipio,0.0,0.0,0.0,0.0,0.0,0.0,0.0,0.0,0.0,0.0,0.0,0.0,0.0,0.0
05043,Cabezas del Pozo,municipio,0.0,0.0,0.0,0.0,0.0,0.0,0.0,0.0,0.0,0.0,0.0,0.0,0.0,0.0
05044,Cabezas del Villar,municipio,0.0,0.0,0.0,0.0,0.0,0.0,0.0,0.0,0.0,0.0,0.0,0.0,0.0,0.0
05045,Cabizuela,municipio,0.0,0.0,0.0,0.0,0.0,0.0,0.0,0.0,0.0,0.0,0.0,0.0,0.0,0.0
05046,Canales,municipio,0.0,0.0,0.0,0.0,0.0,0.0,0.0,0.0,0.0,0.0,0.0,0.0,0.0,0.0
05047,Candeleda,municipio,178.0,170.0,169.0,181.0,186.0,187.0,177.0,184.0,186.0,185.0,182.0,183.0,178.0,172.0
05048,Cantiveros,municipio,0.0,0.0,0.0,0.0,0.0,0.0,0.0,0.0,0.0,0.0,0.0,0.0,0.0,0.0
05049,Cardeñosa,municipio,0.0,0.0,0.0,0.0,0.0,0.0,0.0,0.0,0.0,0.0,0.0,0.0,0.0,0.0
05051,"Carrera, La",municipio,0.0,0.0,0.0,0.0,0.0,0.0,0.0,0.0,0.0,0.0,0.0,0.0,0.0,0.0
05052,Casas del Puerto,municipio,0.0,0.0,0.0,0.0,0.0,0.0,0.0,0.0,0.0,0.0,0.0,0.0,0.0,0.0
05053,Casasola,municipio,0.0,0.0,0.0,0.0,0.0,0.0,0.0,0.0,0.0,0.0,0.0,0.0,0.0,0.0
05054,Casavieja,municipio,45.0,47.0,50.0,45.0,41.0,43.0,40.0,43.0,42.0,37.0,40.0,42.0,37.0,40.0
05055,Casillas,municipio,0.0,0.0,0.0,0.0,0.0,0.0,0.0,0.0,0.0,0.0,0.0,0.0,0.0,0.0
05056,Castellanos de Zapardiel,municipio,0.0,0.0,0.0,0.0,0.0,0.0,0.0,0.0,0.0,0.0,0.0,0.0,0.0,0.0
05057,Cebreros,municipio,98.0,98.0,93.0,86.0,84.0,77.0,78.0,76.0,73.0,77.0,71.0,70.0,70.0,66.0
05058,Cepeda la Mora,municipio,0.0,0.0,0.0,0.0,0.0,0.0,0.0,0.0,0.0,0.0,0.0,0.0,0.0,0.0
05059,Cillán,municipio,0.0,0.0,0.0,0.0,0.0,0.0,0.0,0.0,0.0,0.0,0.0,0.0,0.0,0.0
05060,Cisla,municipio,0.0,0.0,0.0,0.0,0.0,0.0,0.0,0.0,0.0,0.0,0.0,0.0,0.0,0.0
05061,"Colilla, La",municipio,0.0,0.0,0.0,0.0,0.0,0.0,0.0,0.0,0.0,0.0,0.0,0.0,0.0,0.0
05062,Collado de Contreras,municipio,0.0,0.0,0.0,0.0,0.0,0.0,0.0,0.0,0.0,0.0,0.0,0.0,0.0,0.0
05063,Collado del Mirón,municipio,0.0,0.0,0.0,0.0,0.0,0.0,0.0,0.0,0.0,0.0,0.0,0.0,0.0,0.0
05064,Constanzana,municipio,0.0,0.0,0.0,0.0,0.0,0.0,0.0,0.0,0.0,0.0,0.0,0.0,0.0,0.0
05065,Crespos,municipio,0.0,0.0,0.0,0.0,0.0,0.0,0.0,0.0,0.0,0.0,0.0,0.0,0.0,0.0
05066,Cuevas del Valle,municipio,0.0,0.0,0.0,0.0,0.0,0.0,0.0,0.0,0.0,0.0,0.0,0.0,0.0,0.0
05067,Chamartín,municipio,0.0,0.0,0.0,0.0,0.0,0.0,0.0,0.0,0.0,0.0,0.0,0.0,0.0,0.0
05069,Donjimeno,municipio,0.0,0.0,0.0,0.0,0.0,0.0,0.0,0.0,0.0,0.0,0.0,0.0,0.0,0.0
05070,Donvidas,municipio,0.0,0.0,0.0,0.0,0.0,0.0,0.0,0.0,0.0,0.0,0.0,0.0,0.0,0.0
05072,Espinosa de los Caballeros,municipio,0.0,0.0,0.0,0.0,0.0,0.0,0.0,0.0,0.0,0.0,0.0,0.0,0.0,0.0
05073,Flores de Ávila,municipio,0.0,0.0,0.0,0.0,0.0,0.0,0.0,0.0,0.0,0.0,0.0,0.0,0.0,0.0
05074,Fontiveros,municipio,0.0,0.0,0.0,0.0,0.0,0.0,0.0,0.0,0.0,0.0,0.0,0.0,0.0,0.0
05075,Fresnedilla,municipio,0.0,0.0,0.0,0.0,0.0,0.0,0.0,0.0,0.0,0.0,0.0,0.0,0.0,0.0
05076,"Fresno, El",municipio,0.0,0.0,0.0,0.0,0.0,0.0,0.0,0.0,0.0,0.0,0.0,0.0,0.0,0.0
05077,Fuente el Saúz,municipio,0.0,0.0,0.0,0.0,0.0,0.0,0.0,0.0,0.0,0.0,0.0,0.0,0.0,0.0
05078,Fuentes de Año,municipio,0.0,0.0,0.0,0.0,0.0,0.0,0.0,0.0,0.0,0.0,0.0,0.0,0.0,0.0
05079,Gallegos de Altamiros,municipio,0.0,0.0,0.0,0.0,0.0,0.0,0.0,0.0,0.0,0.0,0.0,0.0,0.0,0.0
05080,Gallegos de Sobrinos,municipio,0.0,0.0,0.0,0.0,0.0,0.0,0.0,0.0,0.0,0.0,0.0,0.0,0.0,0.0
05081,Garganta del Villar,municipio,0.0,0.0,0.0,0.0,0.0,0.0,0.0,0.0,0.0,0.0,0.0,0.0,0.0,0.0
05082,Gavilanes,municipio,0.0,0.0,0.0,0.0,0.0,0.0,0.0,0.0,0.0,0.0,0.0,0.0,0.0,0.0
05083,Gemuño,municipio,0.0,0.0,0.0,0.0,0.0,0.0,0.0,0.0,0.0,0.0,0.0,0.0,0.0,0.0
05084,Gilbuena,municipio,0.0,0.0,0.0,0.0,0.0,0.0,0.0,0.0,0.0,0.0,0.0,0.0,0.0,0.0
05085,Gil García,municipio,0.0,0.0,0.0,0.0,0.0,0.0,0.0,0.0,0.0,0.0,0.0,0.0,0.0,0.0
05086,Gimialcón,municipio,0.0,0.0,0.0,0.0,0.0,0.0,0.0,0.0,0.0,0.0,0.0,0.0,0.0,0.0
05087,Gotarrendura,municipio,0.0,0.0,0.0,0.0,0.0,0.0,0.0,0.0,0.0,0.0,0.0,0.0,0.0,0.0
05088,Grandes y San Martín,municipio,0.0,0.0,0.0,0.0,0.0,0.0,0.0,0.0,0.0,0.0,0.0,0.0,0.0,0.0
05089,Guisando,municipio,0.0,0.0,0.0,0.0,0.0,0.0,0.0,0.0,0.0,0.0,0.0,0.0,0.0,0.0
05090,Gutierre-Muñoz,municipio,0.0,0.0,0.0,0.0,0.0,0.0,0.0,0.0,0.0,0.0,0.0,0.0,0.0,0.0
05092,Hernansancho,municipio,0.0,0.0,0.0,0.0,0.0,0.0,0.0,0.0,0.0,0.0,0.0,0.0,0.0,0.0
05093,Herradón de Pinares,municipio,0.0,0.0,0.0,0.0,0.0,0.0,0.0,0.0,0.0,0.0,0.0,0.0,0.0,0.0
05094,Herreros de Suso,municipio,0.0,0.0,0.0,0.0,0.0,0.0,0.0,0.0,0.0,0.0,0.0,0.0,0.0,0.0
05095,Higuera de las Dueñas,municipio,0.0,0.0,0.0,0.0,0.0,0.0,0.0,0.0,0.0,0.0,0.0,0.0,0.0,0.0
05096,"Hija de Dios, La",municipio,0.0,0.0,0.0,0.0,0.0,0.0,0.0,0.0,0.0,0.0,0.0,0.0,0.0,0.0
05097,"Horcajada, La",municipio,0.0,0.0,0.0,0.0,0.0,0.0,0.0,0.0,0.0,0.0,0.0,0.0,0.0,0.0
05099,Horcajo de las Torres,municipio,0.0,0.0,0.0,0.0,0.0,0.0,0.0,0.0,0.0,0.0,0.0,0.0,0.0,0.0
05100,"Hornillo, El",municipio,0.0,0.0,0.0,0.0,0.0,0.0,0.0,0.0,0.0,0.0,0.0,0.0,0.0,0.0
05101,Hoyocasero,municipio,0.0,0.0,0.0,0.0,0.0,0.0,0.0,0.0,0.0,0.0,0.0,0.0,0.0,0.0
05102,"Hoyo de Pinares, El",municipio,50.0,49.0,51.0,47.0,47.0,47.0,47.0,50.0,46.0,48.0,47.0,44.0,43.0,45.0
05103,Hoyorredondo,municipio,0.0,0.0,0.0,0.0,0.0,0.0,0.0,0.0,0.0,0.0,0.0,0.0,0.0,0.0
05104,Hoyos del Collado,municipio,0.0,0.0,0.0,0.0,0.0,0.0,0.0,0.0,0.0,0.0,0.0,0.0,0.0,0.0
05105,Hoyos del Espino,municipio,0.0,0.0,0.0,0.0,0.0,0.0,0.0,0.0,0.0,0.0,0.0,0.0,0.0,0.0
05106,Hoyos de Miguel Muñoz,municipio,0.0,0.0,0.0,0.0,0.0,0.0,0.0,0.0,0.0,0.0,0.0,0.0,0.0,0.0
05107,Hurtumpascual,municipio,0.0,0.0,0.0,0.0,0.0,0.0,0.0,0.0,0.0,0.0,0.0,0.0,0.0,0.0
05108,Junciana,municipio,0.0,0.0,0.0,0.0,0.0,0.0,0.0,0.0,0.0,0.0,0.0,0.0,0.0,0.0
05109,Langa,municipio,0.0,0.0,0.0,0.0,0.0,0.0,0.0,0.0,0.0,0.0,0.0,0.0,0.0,0.0
05110,Lanzahíta,municipio,0.0,0.0,0.0,0.0,0.0,0.0,0.0,0.0,0.0,0.0,0.0,0.0,0.0,0.0
05112,"Losar del Barco, El",municipio,0.0,0.0,0.0,0.0,0.0,0.0,0.0,0.0,0.0,0.0,0.0,0.0,0.0,0.0
05113,"Llanos de Tormes, Los",municipio,0.0,0.0,0.0,0.0,0.0,0.0,0.0,0.0,0.0,0.0,0.0,0.0,0.0,0.0
05114,Madrigal de las Altas Torres,municipio,45.0,46.0,41.0,37.0,39.0,41.0,41.0,41.0,41.0,43.0,47.0,36.0,36.0,34.0
05115,Maello,municipio,0.0,0.0,0.0,0.0,0.0,0.0,0.0,0.0,0.0,0.0,0.0,0.0,0.0,0.0
05116,Malpartida de Corneja,municipio,0.0,0.0,0.0,0.0,0.0,0.0,0.0,0.0,0.0,0.0,0.0,0.0,0.0,0.0
05117,Mamblas,municipio,0.0,0.0,0.0,0.0,0.0,0.0,0.0,0.0,0.0,0.0,0.0,0.0,0.0,0.0
05118,Mancera de Arriba,municipio,0.0,0.0,0.0,0.0,0.0,0.0,0.0,0.0,0.0,0.0,0.0,0.0,0.0,0.0
05119,Manjabálago y Ortigosa de Rioalmar,municipio,0.0,0.0,0.0,0.0,0.0,0.0,0.0,0.0,0.0,0.0,0.0,0.0,0.0,0.0
05120,Marlín,municipio,0.0,0.0,0.0,0.0,0.0,0.0,0.0,0.0,0.0,0.0,0.0,0.0,0.0,0.0
05121,Martiherrero,municipio,0.0,0.0,0.0,0.0,0.0,0.0,0.0,0.0,0.0,0.0,0.0,0.0,0.0,0.0
05122,Martínez,municipio,0.0,0.0,0.0,0.0,0.0,0.0,0.0,0.0,0.0,0.0,0.0,0.0,0.0,0.0
05123,Mediana de Voltoya,municipio,0.0,0.0,0.0,0.0,0.0,0.0,0.0,0.0,0.0,0.0,0.0,0.0,0.0,0.0
05124,Medinilla,municipio,0.0,0.0,0.0,0.0,0.0,0.0,0.0,0.0,0.0,0.0,0.0,0.0,0.0,0.0
05125,Mengamuñoz,municipio,0.0,0.0,0.0,0.0,0.0,0.0,0.0,0.0,0.0,0.0,0.0,0.0,0.0,0.0
05126,Mesegar de Corneja,municipio,0.0,0.0,0.0,0.0,0.0,0.0,0.0,0.0,0.0,0.0,0.0,0.0,0.0,0.0
05127,Mijares,municipio,0.0,0.0,0.0,0.0,0.0,0.0,0.0,0.0,0.0,0.0,0.0,0.0,0.0,0.0
05128,Mingorría,municipio,0.0,0.0,0.0,0.0,0.0,0.0,0.0,0.0,0.0,0.0,0.0,0.0,0.0,0.0
05129,"Mirón, El",municipio,0.0,0.0,0.0,0.0,0.0,0.0,0.0,0.0,0.0,0.0,0.0,0.0,0.0,0.0
05130,Mironcillo,municipio,0.0,0.0,0.0,0.0,0.0,0.0,0.0,0.0,0.0,0.0,0.0,0.0,0.0,0.0
05131,Mirueña de los Infanzones,municipio,0.0,0.0,0.0,0.0,0.0,0.0,0.0,0.0,0.0,0.0,0.0,0.0,0.0,0.0
05132,Mombeltrán,municipio,31.0,32.0,31.0,30.0,27.0,29.0,30.0,32.0,0.0,0.0,0.0,0.0,0.0,0.0
05133,Monsalupe,municipio,0.0,0.0,0.0,0.0,0.0,0.0,0.0,0.0,0.0,0.0,0.0,0.0,0.0,0.0
05134,Moraleja de Matacabras,municipio,0.0,0.0,0.0,0.0,0.0,0.0,0.0,0.0,0.0,0.0,0.0,0.0,0.0,0.0
05135,Muñana,municipio,0.0,0.0,0.0,0.0,0.0,0.0,0.0,0.0,0.0,0.0,0.0,0.0,0.0,0.0
05136,Muñico,municipio,0.0,0.0,0.0,0.0,0.0,0.0,0.0,0.0,0.0,0.0,0.0,0.0,0.0,0.0
05138,Muñogalindo,municipio,0.0,0.0,0.0,0.0,0.0,0.0,0.0,0.0,0.0,0.0,0.0,0.0,0.0,0.0
05139,Muñogrande,municipio,0.0,0.0,0.0,0.0,0.0,0.0,0.0,0.0,0.0,0.0,0.0,0.0,0.0,0.0
05140,Muñomer del Peco,municipio,0.0,0.0,0.0,0.0,0.0,0.0,0.0,0.0,0.0,0.0,0.0,0.0,0.0,0.0
05141,Muñopepe,municipio,0.0,0.0,0.0,0.0,0.0,0.0,0.0,0.0,0.0,0.0,0.0,0.0,0.0,0.0
05142,Muñosancho,municipio,0.0,0.0,0.0,0.0,0.0,0.0,0.0,0.0,0.0,0.0,0.0,0.0,0.0,0.0
05143,Muñotello,municipio,0.0,0.0,0.0,0.0,0.0,0.0,0.0,0.0,0.0,0.0,0.0,0.0,0.0,0.0
05144,Narrillos del Álamo,municipio,0.0,0.0,0.0,0.0,0.0,0.0,0.0,0.0,0.0,0.0,0.0,0.0,0.0,0.0
05145,Narrillos del Rebollar,municipio,0.0,0.0,0.0,0.0,0.0,0.0,0.0,0.0,0.0,0.0,0.0,0.0,0.0,0.0
05147,Narros del Castillo,municipio,0.0,0.0,0.0,0.0,0.0,0.0,0.0,0.0,0.0,0.0,0.0,0.0,0.0,0.0
05148,Narros del Puerto,municipio,0.0,0.0,0.0,0.0,0.0,0.0,0.0,0.0,0.0,0.0,0.0,0.0,0.0,0.0
05149,Narros de Saldueña,municipio,0.0,0.0,0.0,0.0,0.0,0.0,0.0,0.0,0.0,0.0,0.0,0.0,0.0,0.0
05151,Navacepedilla de Corneja,municipio,0.0,0.0,0.0,0.0,0.0,0.0,0.0,0.0,0.0,0.0,0.0,0.0,0.0,0.0
05152,Nava de Arévalo,municipio,0.0,0.0,0.0,0.0,0.0,0.0,0.0,0.0,0.0,0.0,0.0,0.0,0.0,0.0
05153,Nava del Barco,municipio,0.0,0.0,0.0,0.0,0.0,0.0,0.0,0.0,0.0,0.0,0.0,0.0,0.0,0.0
05154,Navadijos,municipio,0.0,0.0,0.0,0.0,0.0,0.0,0.0,0.0,0.0,0.0,0.0,0.0,0.0,0.0
05155,Navaescurial,municipio,0.0,0.0,0.0,0.0,0.0,0.0,0.0,0.0,0.0,0.0,0.0,0.0,0.0,0.0
05156,Navahondilla,municipio,0.0,0.0,0.0,0.0,0.0,0.0,0.0,0.0,0.0,0.0,0.0,0.0,0.0,0.0
05157,Navalacruz,municipio,0.0,0.0,0.0,0.0,0.0,0.0,0.0,0.0,0.0,0.0,0.0,0.0,0.0,0.0
05158,Navalmoral,municipio,0.0,0.0,0.0,0.0,0.0,0.0,0.0,0.0,0.0,0.0,0.0,0.0,0.0,0.0
05159,Navalonguilla,municipio,0.0,0.0,0.0,0.0,0.0,0.0,0.0,0.0,0.0,0.0,0.0,0.0,0.0,0.0
05160,Navalosa,municipio,0.0,0.0,0.0,0.0,0.0,0.0,0.0,0.0,0.0,0.0,0.0,0.0,0.0,0.0
05161,Navalperal de Pinares,municipio,23.0,21.0,0.0,0.0,0.0,0.0,0.0,0.0,0.0,0.0,0.0,0.0,0.0,0.0
05162,Navalperal de Tormes,municipio,0.0,0.0,0.0,0.0,0.0,0.0,0.0,0.0,0.0,0.0,0.0,0.0,0.0,0.0
05163,Navaluenga,municipio,89.0,85.0,83.0,81.0,84.0,77.0,75.0,72.0,82.0,83.0,82.0,78.0,72.0,67.0
05164,Navaquesera,municipio,0.0,0.0,0.0,0.0,0.0,0.0,0.0,0.0,0.0,0.0,0.0,0.0,0.0,0.0
05165,Navarredonda de Gredos,municipio,0.0,0.0,0.0,0.0,0.0,0.0,0.0,0.0,0.0,0.0,0.0,0.0,0.0,0.0
05166,Navarredondilla,municipio,0.0,0.0,0.0,0.0,0.0,0.0,0.0,0.0,0.0,0.0,0.0,0.0,0.0,0.0
05167,Navarrevisca,municipio,0.0,0.0,0.0,0.0,0.0,0.0,0.0,0.0,0.0,0.0,0.0,0.0,0.0,0.0
05168,"Navas del Marqués, Las",municipio,143.0,146.0,145.0,145.0,137.0,141.0,141.0,140.0,139.0,137.0,127.0,112.0,120.0,125.0
05169,Navatalgordo,municipio,0.0,0.0,0.0,0.0,0.0,0.0,0.0,0.0,0.0,0.0,0.0,0.0,0.0,0.0
05170,Navatejares,municipio,0.0,0.0,0.0,0.0,0.0,0.0,0.0,0.0,0.0,0.0,0.0,0.0,0.0,0.0
05171,Neila de San Miguel,municipio,0.0,0.0,0.0,0.0,0.0,0.0,0.0,0.0,0.0,0.0,0.0,0.0,0.0,0.0
05172,Niharra,municipio,0.0,0.0,0.0,0.0,0.0,0.0,0.0,0.0,0.0,0.0,0.0,0.0,0.0,0.0
05173,Ojos-Albos,municipio,0.0,0.0,0.0,0.0,0.0,0.0,0.0,0.0,0.0,0.0,0.0,0.0,0.0,0.0
05174,Orbita,municipio,0.0,0.0,0.0,0.0,0.0,0.0,0.0,0.0,0.0,0.0,0.0,0.0,0.0,0.0
05175,"Oso, El",municipio,0.0,0.0,0.0,0.0,0.0,0.0,0.0,0.0,0.0,0.0,0.0,0.0,0.0,0.0
05176,Padiernos,municipio,0.0,0.0,0.0,0.0,0.0,0.0,0.0,0.0,0.0,0.0,0.0,0.0,0.0,0.0
05177,Pajares de Adaja,municipio,0.0,0.0,0.0,0.0,0.0,0.0,0.0,0.0,0.0,0.0,0.0,0.0,0.0,0.0
05178,Palacios de Goda,municipio,0.0,0.0,0.0,0.0,0.0,0.0,0.0,0.0,0.0,0.0,0.0,0.0,0.0,0.0
05179,Papatrigo,municipio,0.0,0.0,0.0,0.0,0.0,0.0,0.0,0.0,0.0,0.0,0.0,0.0,0.0,0.0
05180,"Parral, El",municipio,0.0,0.0,0.0,0.0,0.0,0.0,0.0,0.0,0.0,0.0,0.0,0.0,0.0,0.0
05181,Pascualcobo,municipio,0.0,0.0,0.0,0.0,0.0,0.0,0.0,0.0,0.0,0.0,0.0,0.0,0.0,0.0
05182,Pedro Bernardo,municipio,32.0,0.0,0.0,0.0,0.0,0.0,0.0,0.0,0.0,0.0,0.0,0.0,0.0,0.0
05183,Pedro-Rodríguez,municipio,0.0,0.0,0.0,0.0,0.0,0.0,0.0,0.0,0.0,0.0,0.0,0.0,0.0,0.0
05184,Peguerinos,municipio,0.0,0.0,0.0,0.0,0.0,0.0,0.0,0.0,0.0,0.0,0.0,0.0,0.0,0.0
05185,Peñalba de Ávila,municipio,0.0,0.0,0.0,0.0,0.0,0.0,0.0,0.0,0.0,0.0,0.0,0.0,0.0,0.0
05186,Piedrahíta,municipio,104.0,101.0,95.0,94.0,90.0,88.0,90.0,85.0,82.0,81.0,85.0,81.0,74.0,69.0
05187,Piedralaves,municipio,93.0,88.0,86.0,79.0,78.0,84.0,85.0,76.0,74.0,75.0,71.0,75.0,81.0,80.0
05188,Poveda,municipio,0.0,0.0,0.0,0.0,0.0,0.0,0.0,0.0,0.0,0.0,0.0,0.0,0.0,0.0
05189,Poyales del Hoyo,municipio,0.0,0.0,0.0,0.0,0.0,0.0,0.0,0.0,0.0,0.0,0.0,0.0,0.0,0.0
05190,Pozanco,municipio,0.0,0.0,0.0,0.0,0.0,0.0,0.0,0.0,0.0,0.0,0.0,0.0,0.0,0.0
05191,Pradosegar,municipio,0.0,0.0,0.0,0.0,0.0,0.0,0.0,0.0,0.0,0.0,0.0,0.0,0.0,0.0
05192,Puerto Castilla,municipio,0.0,0.0,0.0,0.0,0.0,0.0,0.0,0.0,0.0,0.0,0.0,0.0,0.0,0.0
05193,Rasueros,municipio,0.0,0.0,0.0,0.0,0.0,0.0,0.0,0.0,0.0,0.0,0.0,0.0,0.0,0.0
05194,Riocabado,municipio,0.0,0.0,0.0,0.0,0.0,0.0,0.0,0.0,0.0,0.0,0.0,0.0,0.0,0.0
05195,Riofrío,municipio,0.0,0.0,0.0,0.0,0.0,0.0,0.0,0.0,0.0,0.0,0.0,0.0,0.0,0.0
05196,Rivilla de Barajas,municipio,0.0,0.0,0.0,0.0,0.0,0.0,0.0,0.0,0.0,0.0,0.0,0.0,0.0,0.0
05197,Salobral,municipio,0.0,0.0,0.0,0.0,0.0,0.0,0.0,0.0,0.0,0.0,0.0,0.0,0.0,0.0
05198,Salvadiós,municipio,0.0,0.0,0.0,0.0,0.0,0.0,0.0,0.0,0.0,0.0,0.0,0.0,0.0,0.0
05199,San Bartolomé de Béjar,municipio,0.0,0.0,0.0,0.0,0.0,0.0,0.0,0.0,0.0,0.0,0.0,0.0,0.0,0.0
05200,San Bartolomé de Corneja,municipio,0.0,0.0,0.0,0.0,0.0,0.0,0.0,0.0,0.0,0.0,0.0,0.0,0.0,0.0
05201,San Bartolomé de Pinares,municipio,0.0,0.0,0.0,0.0,0.0,0.0,0.0,0.0,0.0,0.0,0.0,0.0,0.0,0.0
05204,Sanchidrián,municipio,0.0,0.0,0.0,0.0,0.0,0.0,0.0,0.0,0.0,0.0,0.0,0.0,0.0,0.0
05205,Sanchorreja,municipio,0.0,0.0,0.0,0.0,0.0,0.0,0.0,0.0,0.0,0.0,0.0,0.0,0.0,0.0
05206,San Esteban de los Patos,municipio,0.0,0.0,0.0,0.0,0.0,0.0,0.0,0.0,0.0,0.0,0.0,0.0,0.0,0.0
05207,San Esteban del Valle,municipio,0.0,0.0,0.0,0.0,0.0,0.0,0.0,0.0,0.0,0.0,0.0,0.0,0.0,0.0
05208,San Esteban de Zapardiel,municipio,0.0,0.0,0.0,0.0,0.0,0.0,0.0,0.0,0.0,0.0,0.0,0.0,0.0,0.0
05209,San García de Ingelmos,municipio,0.0,0.0,0.0,0.0,0.0,0.0,0.0,0.0,0.0,0.0,0.0,0.0,0.0,0.0
05210,San Juan de la Encinilla,municipio,0.0,0.0,0.0,0.0,0.0,0.0,0.0,0.0,0.0,0.0,0.0,0.0,0.0,0.0
05211,San Juan de la Nava,municipio,0.0,0.0,0.0,0.0,0.0,0.0,0.0,0.0,0.0,0.0,0.0,0.0,0.0,0.0
05212,San Juan del Molinillo,municipio,0.0,0.0,0.0,0.0,0.0,0.0,0.0,0.0,0.0,0.0,0.0,0.0,0.0,0.0
05213,San Juan del Olmo,municipio,0.0,0.0,0.0,0.0,0.0,0.0,0.0,0.0,0.0,0.0,0.0,0.0,0.0,0.0
05214,San Lorenzo de Tormes,municipio,0.0,0.0,0.0,0.0,0.0,0.0,0.0,0.0,0.0,0.0,0.0,0.0,0.0,0.0
05215,San Martín de la Vega del Alberche,municipio,0.0,0.0,0.0,0.0,0.0,0.0,0.0,0.0,0.0,0.0,0.0,0.0,0.0,0.0
05216,San Martín del Pimpollar,municipio,0.0,0.0,0.0,0.0,0.0,0.0,0.0,0.0,0.0,0.0,0.0,0.0,0.0,0.0
05217,San Miguel de Corneja,municipio,0.0,0.0,0.0,0.0,0.0,0.0,0.0,0.0,0.0,0.0,0.0,0.0,0.0,0.0
05218,San Miguel de Serrezuela,municipio,0.0,0.0,0.0,0.0,0.0,0.0,0.0,0.0,0.0,0.0,0.0,0.0,0.0,0.0
05219,San Pascual,municipio,0.0,0.0,0.0,0.0,0.0,0.0,0.0,0.0,0.0,0.0,0.0,0.0,0.0,0.0
05220,San Pedro del Arroyo,municipio,0.0,0.0,0.0,0.0,0.0,0.0,0.0,0.0,0.0,0.0,0.0,0.0,0.0,0.0
05221,Santa Cruz del Valle,municipio,0.0,0.0,0.0,0.0,0.0,0.0,0.0,0.0,0.0,0.0,0.0,0.0,0.0,0.0
05222,Santa Cruz de Pinares,municipio,0.0,0.0,0.0,0.0,0.0,0.0,0.0,0.0,0.0,0.0,0.0,0.0,0.0,0.0
05224,Santa María del Arroyo,municipio,0.0,0.0,0.0,0.0,0.0,0.0,0.0,0.0,0.0,0.0,0.0,0.0,0.0,0.0
05225,Santa María del Berrocal,municipio,0.0,0.0,0.0,0.0,0.0,0.0,0.0,0.0,0.0,0.0,0.0,0.0,0.0,0.0
05226,Santa María de los Caballeros,municipio,0.0,0.0,0.0,0.0,0.0,0.0,0.0,0.0,0.0,0.0,0.0,0.0,0.0,0.0
05227,Santa María del Tiétar,municipio,0.0,0.0,0.0,0.0,0.0,0.0,0.0,0.0,0.0,0.0,0.0,0.0,0.0,0.0
05228,Santiago del Collado,municipio,0.0,0.0,0.0,0.0,0.0,0.0,0.0,0.0,0.0,0.0,0.0,0.0,0.0,0.0
05229,Santo Domingo de las Posadas,municipio,0.0,0.0,0.0,0.0,0.0,0.0,0.0,0.0,0.0,0.0,0.0,0.0,0.0,0.0
05230,Santo Tomé de Zabarcos,municipio,0.0,0.0,0.0,0.0,0.0,0.0,0.0,0.0,0.0,0.0,0.0,0.0,0.0,0.0
05231,San Vicente de Arévalo,municipio,0.0,0.0,0.0,0.0,0.0,0.0,0.0,0.0,0.0,0.0,0.0,0.0,0.0,0.0
05232,"Serrada, La",municipio,0.0,0.0,0.0,0.0,0.0,0.0,0.0,0.0,0.0,0.0,0.0,0.0,0.0,0.0
05233,Serranillos,municipio,0.0,0.0,0.0,0.0,0.0,0.0,0.0,0.0,0.0,0.0,0.0,0.0,0.0,0.0
05234,Sigeres,municipio,0.0,0.0,0.0,0.0,0.0,0.0,0.0,0.0,0.0,0.0,0.0,0.0,0.0,0.0
05235,Sinlabajos,municipio,0.0,0.0,0.0,0.0,0.0,0.0,0.0,0.0,0.0,0.0,0.0,0.0,0.0,0.0
05236,Solana de Ávila,municipio,0.0,0.0,0.0,0.0,0.0,0.0,0.0,0.0,0.0,0.0,0.0,0.0,0.0,0.0
05237,Solana de Rioalmar,municipio,0.0,0.0,0.0,0.0,0.0,0.0,0.0,0.0,0.0,0.0,0.0,0.0,0.0,0.0
05238,Solosancho,municipio,0.0,0.0,0.0,0.0,0.0,0.0,0.0,0.0,0.0,0.0,0.0,0.0,0.0,0.0
05239,Sotalbo,municipio,0.0,0.0,0.0,0.0,0.0,0.0,0.0,0.0,0.0,0.0,0.0,0.0,0.0,0.0
05240,Sotillo de la Adrada,municipio,149.0,147.0,139.0,136.0,139.0,130.0,135.0,149.0,141.0,139.0,134.0,122.0,121.0,123.0
05241,"Tiemblo, El",municipio,102.0,95.0,95.0,97.0,87.0,97.0,98.0,85.0,91.0,88.0,85.0,84.0,87.0,87.0
05242,Tiñosillos,municipio,0.0,0.0,0.0,0.0,0.0,0.0,0.0,0.0,0.0,0.0,0.0,0.0,0.0,0.0
05243,Tolbaños,municipio,0.0,0.0,0.0,0.0,0.0,0.0,0.0,0.0,0.0,0.0,0.0,0.0,0.0,0.0
05244,Tormellas,municipio,0.0,0.0,0.0,0.0,0.0,0.0,0.0,0.0,0.0,0.0,0.0,0.0,0.0,0.0
05245,Tornadizos de Ávila,municipio,0.0,0.0,0.0,0.0,0.0,0.0,0.0,0.0,0.0,0.0,0.0,0.0,0.0,0.0
05246,Tórtoles,municipio,0.0,0.0,0.0,0.0,0.0,0.0,0.0,0.0,0.0,0.0,0.0,0.0,0.0,0.0
05247,"Torre, La",municipio,0.0,0.0,0.0,0.0,0.0,0.0,0.0,0.0,0.0,0.0,0.0,0.0,0.0,0.0
05249,Umbrías,municipio,0.0,0.0,0.0,0.0,0.0,0.0,0.0,0.0,0.0,0.0,0.0,0.0,0.0,0.0
05251,Vadillo de la Sierra,municipio,0.0,0.0,0.0,0.0,0.0,0.0,0.0,0.0,0.0,0.0,0.0,0.0,0.0,0.0
05252,Valdecasa,municipio,0.0,0.0,0.0,0.0,0.0,0.0,0.0,0.0,0.0,0.0,0.0,0.0,0.0,0.0
05253,Vega de Santa María,municipio,0.0,0.0,0.0,0.0,0.0,0.0,0.0,0.0,0.0,0.0,0.0,0.0,0.0,0.0
05254,Velayos,municipio,0.0,0.0,0.0,0.0,0.0,0.0,0.0,0.0,0.0,0.0,0.0,0.0,0.0,0.0
05256,Villaflor,municipio,0.0,0.0,0.0,0.0,0.0,0.0,0.0,0.0,0.0,0.0,0.0,0.0,0.0,0.0
05257,Villafranca de la Sierra,municipio,0.0,0.0,0.0,0.0,0.0,0.0,0.0,0.0,0.0,0.0,0.0,0.0,0.0,0.0
05258,Villanueva de Gómez,municipio,0.0,0.0,0.0,0.0,0.0,0.0,0.0,0.0,0.0,0.0,0.0,0.0,0.0,0.0
05259,Villanueva del Aceral,municipio,0.0,0.0,0.0,0.0,0.0,0.0,0.0,0.0,0.0,0.0,0.0,0.0,0.0,0.0
05260,Villanueva del Campillo,municipio,0.0,0.0,0.0,0.0,0.0,0.0,0.0,0.0,0.0,0.0,0.0,0.0,0.0,0.0
05261,Villar de Corneja,municipio,0.0,0.0,0.0,0.0,0.0,0.0,0.0,0.0,0.0,0.0,0.0,0.0,0.0,0.0
05262,Villarejo del Valle,municipio,0.0,0.0,0.0,0.0,0.0,0.0,0.0,0.0,0.0,0.0,0.0,0.0,0.0,0.0
05263,Villatoro,municipio,0.0,0.0,0.0,0.0,0.0,0.0,0.0,0.0,0.0,0.0,0.0,0.0,0.0,0.0
05264,Viñegra de Moraña,municipio,0.0,0.0,0.0,0.0,0.0,0.0,0.0,0.0,0.0,0.0,0.0,0.0,0.0,0.0
05265,Vita,municipio,0.0,0.0,0.0,0.0,0.0,0.0,0.0,0.0,0.0,0.0,0.0,0.0,0.0,0.0
05266,Zapardiel de la Cañada,municipio,0.0,0.0,0.0,0.0,0.0,0.0,0.0,0.0,0.0,0.0,0.0,0.0,0.0,0.0
05267,Zapardiel de la Ribera,municipio,0.0,0.0,0.0,0.0,0.0,0.0,0.0,0.0,0.0,0.0,0.0,0.0,0.0,0.0
05901,San Juan de Gredos,municipio,0.0,0.0,0.0,0.0,0.0,0.0,0.0,0.0,0.0,0.0,0.0,0.0,0.0,0.0
05902,Santa María del Cubillo,municipio,0.0,0.0,0.0,0.0,0.0,0.0,0.0,0.0,0.0,0.0,0.0,0.0,0.0,0.0
05903,Diego del Carpio,municipio,0.0,0.0,0.0,0.0,0.0,0.0,0.0,0.0,0.0,0.0,0.0,0.0,0.0,0.0
05904,Santiago del Tormes,municipio,0.0,0.0,0.0,0.0,0.0,0.0,0.0,0.0,0.0,0.0,0.0,0.0,0.0,0.0
05905,Villanueva de Ávila,municipio,0.0,0.0,0.0,0.0,0.0,0.0,0.0,0.0,0.0,0.0,0.0,0.0,0.0,0.0
05,Ávila,provincia,4935.0,4839.0,4697.0,4634.0,4543.0,4521.0,4465.0,4352.0,4308.0,4221.0,4170.0,3952.0,3916.0,3878.0
06001,Acedera,municipio,0.0,0.0,0.0,0.0,0.0,0.0,0.0,0.0,0.0,0.0,0.0,0.0,0.0,0.0
06002,Aceuchal,municipio,204.0,196.0,198.0,212.0,214.0,216.0,220.0,226.0,218.0,212.0,205.0,194.0,190.0,189.0
06003,Ahillones,municipio,19.0,0.0,0.0,0.0,0.0,0.0,0.0,0.0,0.0,0.0,0.0,0.0,0.0,0.0
06004,Alange,municipio,47.0,50.0,49.0,50.0,49.0,48.0,49.0,51.0,48.0,49.0,49.0,46.0,44.0,41.0
06005,"Albuera, La",municipio,38.0,44.0,44.0,41.0,39.0,47.0,39.0,36.0,36.0,43.0,42.0,35.0,34.0,31.0
06006,Alburquerque,municipio,135.0,149.0,145.0,148.0,136.0,133.0,142.0,144.0,152.0,141.0,139.0,140.0,145.0,132.0
06007,Alconchel,municipio,43.0,44.0,42.0,40.0,39.0,39.0,43.0,42.0,39.0,42.0,40.0,38.0,38.0,36.0
06008,Alconera,municipio,0.0,0.0,0.0,0.0,0.0,0.0,0.0,0.0,0.0,0.0,0.0,0.0,0.0,0.0
06009,Aljucén,municipio,0.0,0.0,0.0,0.0,0.0,0.0,0.0,0.0,0.0,0.0,0.0,0.0,0.0,0.0
06010,Almendral,municipio,39.0,30.0,33.0,34.0,32.0,35.0,32.0,33.0,32.0,34.0,30.0,28.0,30.0,30.0
06011,Almendralejo,municipio,1049.0,1073.0,1075.0,1075.0,1080.0,1075.0,1076.0,1136.0,1096.0,1075.0,1078.0,1028.0,1021.0,984.0
06012,Arroyo de San Serván,municipio,114.0,110.0,98.0,102.0,106.0,108.0,107.0,120.0,132.0,129.0,131.0,127.0,118.0,112.0
06013,Atalaya,municipio,0.0,0.0,0.0,0.0,0.0,0.0,0.0,0.0,0.0,0.0,0.0,0.0,0.0,0.0
06014,Azuaga,municipio,251.0,235.0,235.0,238.0,235.0,224.0,232.0,227.0,229.0,230.0,233.0,225.0,217.0,209.0
06015,Badajoz,municipio,3863.0,3868.0,3720.0,3801.0,3791.0,3759.0,3803.0,3808.0,3732.0,3638.0,3654.0,3255.0,3275.0,3333.0
06016,Barcarrota,municipio,117.0,126.0,120.0,117.0,118.0,126.0,125.0,125.0,128.0,123.0,125.0,115.0,118.0,116.0
06017,Baterno,municipio,0.0,0.0,0.0,0.0,0.0,0.0,0.0,0.0,0.0,0.0,0.0,0.0,0.0,0.0
06018,Benquerencia de la Serena,municipio,0.0,0.0,0.0,0.0,0.0,0.0,0.0,0.0,0.0,0.0,0.0,0.0,0.0,0.0
06019,Berlanga,municipio,65.0,68.0,70.0,70.0,66.0,68.0,60.0,73.0,74.0,77.0,71.0,55.0,53.0,54.0
06020,Bienvenida,municipio,48.0,47.0,46.0,46.0,42.0,44.0,46.0,49.0,46.0,43.0,42.0,41.0,38.0,40.0
06021,Bodonal de la Sierra,municipio,31.0,34.0,35.0,32.0,33.0,34.0,35.0,36.0,36.0,32.0,32.0,35.0,28.0,0.0
06022,Burguillos del Cerro,municipio,82.0,88.0,88.0,84.0,85.0,89.0,95.0,96.0,87.0,84.0,83.0,72.0,70.0,66.0
06023,Cabeza del Buey,municipio,122.0,127.0,131.0,128.0,119.0,124.0,122.0,123.0,124.0,120.0,119.0,111.0,116.0,110.0
06024,Cabeza la Vaca,municipio,41.0,38.0,40.0,42.0,40.0,44.0,43.0,45.0,45.0,39.0,40.0,39.0,42.0,42.0
06025,Calamonte,municipio,150.0,147.0,135.0,143.0,154.0,158.0,151.0,158.0,151.0,152.0,151.0,149.0,138.0,131.0
06026,Calera de León,municipio,28.0,32.0,31.0,27.0,33.0,36.0,0.0,0.0,0.0,0.0,0.0,0.0,0.0,0.0
06027,Calzadilla de los Barros,municipio,0.0,0.0,0.0,0.0,0.0,0.0,0.0,0.0,0.0,0.0,0.0,0.0,0.0,0.0
06028,Campanario,municipio,124.0,123.0,132.0,130.0,132.0,132.0,131.0,135.0,131.0,120.0,116.0,105.0,105.0,112.0
06029,Campillo de Llerena,municipio,39.0,36.0,33.0,35.0,35.0,36.0,33.0,31.0,33.0,28.0,24.0,24.0,24.0,29.0
06030,Capilla,municipio,0.0,0.0,0.0,0.0,0.0,0.0,0.0,0.0,0.0,0.0,0.0,0.0,0.0,0.0
06031,Carmonita,municipio,0.0,0.0,0.0,0.0,0.0,0.0,0.0,0.0,0.0,0.0,0.0,0.0,0.0,0.0
06032,"Carrascalejo, El",municipio,0.0,0.0,0.0,0.0,0.0,0.0,0.0,0.0,0.0,0.0,0.0,0.0,0.0,0.0
06033,Casas de Don Pedro,municipio,36.0,38.0,41.0,40.0,39.0,39.0,37.0,41.0,37.0,34.0,31.0,29.0,35.0,34.0
06034,Casas de Reina,municipio,0.0,0.0,0.0,0.0,0.0,0.0,0.0,0.0,0.0,0.0,0.0,0.0,0.0,0.0
06035,Castilblanco,municipio,30.0,28.0,29.0,29.0,27.0,29.0,28.0,0.0,0.0,0.0,0.0,0.0,0.0,0.0
06036,Castuera,municipio,220.0,222.0,226.0,220.0,220.0,212.0,208.0,211.0,227.0,231.0,222.0,221.0,205.0,198.0
06037,"Codosera, La",municipio,62.0,59.0,54.0,52.0,55.0,53.0,52.0,57.0,51.0,50.0,50.0,51.0,50.0,47.0
06038,Cordobilla de Lácara,municipio,0.0,0.0,0.0,0.0,0.0,0.0,0.0,0.0,0.0,0.0,0.0,0.0,0.0,0.0
06039,"Coronada, La",municipio,30.0,28.0,26.0,27.0,30.0,29.0,29.0,28.0,29.0,28.0,29.0,25.0,25.0,23.0
06040,Corte de Peleas,municipio,29.0,29.0,28.0,28.0,26.0,26.0,27.0,27.0,25.0,22.0,24.0,20.0,21.0,23.0
06041,Cristina,municipio,0.0,0.0,0.0,0.0,0.0,0.0,0.0,0.0,0.0,0.0,0.0,0.0,0.0,0.0
06042,Cheles,municipio,17.0,18.0,16.0,16.0,17.0,17.0,16.0,17.0,22.0,20.0,19.0,17.0,17.0,15.0
06043,Don Álvaro,municipio,0.0,0.0,0.0,0.0,0.0,0.0,0.0,0.0,0.0,0.0,0.0,0.0,0.0,0.0
06044,Don Benito,municipio,1033.0,1018.0,995.0,998.0,1018.0,1006.0,1012.0,1000.0,1030.0,995.0,1011.0,948.0,922.0,945.0
06045,Entrín Bajo,municipio,0.0,0.0,0.0,0.0,0.0,0.0,0.0,0.0,0.0,0.0,0.0,0.0,0.0,0.0
06046,Esparragalejo,municipio,21.0,24.0,23.0,21.0,20.0,15.0,21.0,21.0,21.0,21.0,21.0,21.0,24.0,23.0
06047,Esparragosa de la Serena,municipio,18.0,16.0,13.0,13.0,14.0,18.0,15.0,13.0,14.0,0.0,0.0,0.0,0.0,0.0
06048,Esparragosa de Lares,municipio,17.0,15.0,0.0,0.0,0.0,0.0,0.0,0.0,0.0,0.0,0.0,0.0,0.0,0.0
06049,Feria,municipio,34.0,32.0,35.0,34.0,32.0,33.0,32.0,31.0,30.0,33.0,32.0,30.0,28.0,27.0
06050,Fregenal de la Sierra,municipio,204.0,213.0,200.0,213.0,216.0,204.0,204.0,201.0,197.0,195.0,196.0,168.0,166.0,164.0
06051,Fuenlabrada de los Montes,municipio,47.0,47.0,37.0,40.0,43.0,42.0,44.0,39.0,40.0,38.0,40.0,36.0,38.0,36.0
06052,Fuente de Cantos,municipio,153.0,162.0,159.0,149.0,145.0,150.0,152.0,141.0,135.0,127.0,135.0,127.0,134.0,135.0
06053,Fuente del Arco,municipio,0.0,0.0,0.0,0.0,0.0,0.0,0.0,0.0,0.0,0.0,0.0,0.0,0.0,0.0
06054,Fuente del Maestre,municipio,206.0,206.0,201.0,212.0,205.0,201.0,198.0,207.0,201.0,199.0,200.0,184.0,173.0,166.0
06055,Fuentes de León,municipio,66.0,63.0,63.0,66.0,65.0,72.0,68.0,69.0,77.0,71.0,73.0,66.0,61.0,64.0
06056,Garbayuela,municipio,0.0,0.0,0.0,0.0,0.0,0.0,0.0,0.0,0.0,0.0,0.0,0.0,0.0,0.0
06057,Garlitos,municipio,0.0,0.0,0.0,0.0,0.0,0.0,0.0,0.0,0.0,0.0,0.0,0.0,0.0,0.0
06058,"Garrovilla, La",municipio,55.0,50.0,48.0,49.0,45.0,44.0,46.0,44.0,46.0,49.0,51.0,46.0,47.0,45.0
06059,Granja de Torrehermosa,municipio,57.0,62.0,58.0,58.0,57.0,54.0,57.0,56.0,51.0,50.0,55.0,51.0,51.0,53.0
06060,Guareña,municipio,182.0,189.0,187.0,185.0,190.0,193.0,193.0,183.0,177.0,178.0,175.0,167.0,164.0,162.0
06061,"Haba, La",municipio,36.0,38.0,39.0,38.0,35.0,30.0,32.0,31.0,29.0,25.0,21.0,21.0,19.0,16.0
06062,Helechosa de los Montes,municipio,0.0,0.0,0.0,0.0,0.0,0.0,0.0,0.0,0.0,0.0,0.0,0.0,0.0,0.0
06063,Herrera del Duque,municipio,90.0,96.0,102.0,98.0,98.0,101.0,111.0,107.0,105.0,107.0,106.0,107.0,112.0,107.0
06064,Higuera de la Serena,municipio,29.0,31.0,27.0,26.0,0.0,0.0,0.0,0.0,0.0,0.0,0.0,0.0,0.0,0.0
06065,Higuera de Llerena,municipio,0.0,0.0,0.0,0.0,0.0,0.0,0.0,0.0,0.0,0.0,0.0,0.0,0.0,0.0
06066,Higuera de Vargas,municipio,35.0,35.0,35.0,35.0,38.0,35.0,31.0,31.0,35.0,36.0,35.0,31.0,33.0,37.0
06067,Higuera la Real,municipio,72.0,83.0,77.0,73.0,74.0,71.0,74.0,80.0,88.0,84.0,84.0,74.0,74.0,72.0
06068,Hinojosa del Valle,municipio,0.0,0.0,0.0,0.0,0.0,0.0,0.0,0.0,0.0,0.0,0.0,0.0,0.0,0.0
06069,Hornachos,municipio,78.0,77.0,82.0,83.0,89.0,91.0,89.0,90.0,86.0,90.0,94.0,93.0,85.0,80.0
06070,Jerez de los Caballeros,municipio,293.0,303.0,292.0,299.0,300.0,303.0,301.0,308.0,302.0,306.0,292.0,285.0,274.0,265.0
06071,"Lapa, La",municipio,0.0,0.0,0.0,0.0,0.0,0.0,0.0,0.0,0.0,0.0,0.0,0.0,0.0,0.0
06072,Lobón,municipio,60.0,64.0,62.0,67.0,63.0,60.0,60.0,61.0,65.0,60.0,54.0,49.0,53.0,56.0
06073,Llera,municipio,0.0,0.0,0.0,0.0,0.0,0.0,0.0,0.0,0.0,0.0,0.0,0.0,0.0,0.0
06074,Llerena,municipio,195.0,196.0,198.0,207.0,198.0,192.0,193.0,190.0,197.0,211.0,207.0,184.0,186.0,188.0
06075,Magacela,municipio,0.0,0.0,0.0,0.0,0.0,0.0,0.0,0.0,0.0,0.0,0.0,0.0,0.0,0.0
06076,Maguilla,municipio,25.0,19.0,20.0,17.0,21.0,0.0,0.0,0.0,0.0,0.0,0.0,0.0,0.0,0.0
06077,Malcocinado,municipio,0.0,0.0,0.0,0.0,0.0,0.0,0.0,0.0,0.0,0.0,0.0,0.0,0.0,0.0
06078,Malpartida de la Serena,municipio,0.0,0.0,0.0,0.0,0.0,0.0,0.0,0.0,0.0,0.0,0.0,0.0,0.0,0.0
06079,Manchita,municipio,0.0,0.0,0.0,0.0,0.0,0.0,0.0,0.0,0.0,0.0,0.0,0.0,0.0,0.0
06080,Medellín,municipio,56.0,60.0,67.0,61.0,63.0,55.0,53.0,54.0,60.0,51.0,48.0,48.0,53.0,51.0
06081,Medina de las Torres,municipio,27.0,24.0,24.0,22.0,20.0,19.0,18.0,16.0,18.0,16.0,16.0,20.0,21.0,23.0
06082,Mengabril,municipio,0.0,0.0,0.0,0.0,0.0,0.0,0.0,0.0,0.0,0.0,0.0,0.0,0.0,0.0
06083,Mérida,municipio,1744.0,1749.0,1683.0,1736.0,1782.0,1778.0,1796.0,1760.0,1706.0,1651.0,1708.0,1597.0,1620.0,1598.0
06084,Mirandilla,municipio,18.0,21.0,21.0,22.0,20.0,21.0,19.0,21.0,21.0,23.0,23.0,20.0,18.0,22.0
06085,Monesterio,municipio,143.0,144.0,146.0,150.0,160.0,156.0,162.0,167.0,168.0,163.0,166.0,153.0,155.0,158.0
06086,Montemolín,municipio,38.0,33.0,31.0,30.0,31.0,31.0,26.0,27.0,29.0,26.0,25.0,24.0,26.0,23.0
06087,Monterrubio de la Serena,municipio,59.0,58.0,52.0,49.0,47.0,43.0,45.0,49.0,46.0,45.0,44.0,40.0,38.0,35.0
06088,Montijo,municipio,419.0,414.0,370.0,383.0,391.0,417.0,422.0,425.0,408.0,381.0,411.0,386.0,380.0,377.0
06089,"Morera, La",municipio,0.0,0.0,0.0,0.0,0.0,0.0,0.0,0.0,0.0,0.0,0.0,0.0,0.0,0.0
06090,"Nava de Santiago, La",municipio,18.0,16.0,17.0,19.0,18.0,0.0,0.0,0.0,0.0,0.0,0.0,0.0,0.0,0.0
06091,Navalvillar de Pela,municipio,139.0,136.0,131.0,139.0,143.0,134.0,127.0,131.0,128.0,126.0,124.0,106.0,113.0,112.0
06092,Nogales,municipio,0.0,0.0,0.0,0.0,0.0,0.0,0.0,0.0,0.0,0.0,0.0,0.0,0.0,0.0
06093,Oliva de la Frontera,municipio,149.0,161.0,172.0,157.0,149.0,159.0,159.0,162.0,160.0,157.0,162.0,153.0,142.0,137.0
06094,Oliva de Mérida,municipio,27.0,31.0,29.0,26.0,24.0,26.0,22.0,22.0,19.0,23.0,24.0,23.0,22.0,24.0
06095,Olivenza,municipio,302.0,289.0,302.0,317.0,305.0,296.0,299.0,315.0,315.0,310.0,314.0,279.0,279.0,272.0
06096,Orellana de la Sierra,municipio,0.0,0.0,0.0,0.0,0.0,0.0,0.0,0.0,0.0,0.0,0.0,0.0,0.0,0.0
06097,Orellana la Vieja,municipio,90.0,92.0,89.0,87.0,87.0,89.0,86.0,91.0,94.0,93.0,93.0,93.0,81.0,81.0
06098,Palomas,municipio,0.0,0.0,0.0,0.0,0.0,0.0,0.0,0.0,0.0,0.0,0.0,0.0,0.0,0.0
06099,"Parra, La",municipio,41.0,43.0,40.0,37.0,37.0,37.0,40.0,35.0,38.0,39.0,38.0,34.0,33.0,34.0
06100,Peñalsordo,municipio,23.0,21.0,23.0,23.0,22.0,21.0,22.0,0.0,0.0,0.0,0.0,0.0,0.0,0.0
06101,Peraleda del Zaucejo,municipio,0.0,0.0,0.0,0.0,0.0,0.0,0.0,0.0,0.0,0.0,0.0,0.0,0.0,0.0
06102,Puebla de Alcocer,municipio,44.0,47.0,47.0,39.0,40.0,41.0,39.0,38.0,37.0,39.0,37.0,37.0,36.0,33.0
06103,Puebla de la Calzada,municipio,162.0,167.0,157.0,153.0,158.0,159.0,155.0,154.0,147.0,144.0,143.0,150.0,148.0,145.0
06104,Puebla de la Reina,municipio,0.0,0.0,0.0,0.0,0.0,0.0,0.0,0.0,0.0,0.0,0.0,0.0,0.0,0.0
06105,Puebla del Maestre,municipio,0.0,0.0,0.0,0.0,0.0,0.0,0.0,0.0,0.0,0.0,0.0,0.0,0.0,0.0
06106,Puebla del Prior,municipio,0.0,0.0,0.0,0.0,0.0,0.0,0.0,0.0,0.0,0.0,0.0,0.0,0.0,0.0
06107,Puebla de Obando,municipio,26.0,27.0,31.0,29.0,28.0,28.0,26.0,27.0,31.0,28.0,24.0,25.0,26.0,26.0
06108,Puebla de Sancho Pérez,municipio,70.0,74.0,72.0,66.0,69.0,73.0,69.0,82.0,79.0,76.0,75.0,61.0,62.0,64.0
06109,Quintana de la Serena,municipio,126.0,128.0,125.0,121.0,135.0,133.0,131.0,130.0,123.0,116.0,114.0,115.0,122.0,127.0
06110,Reina,municipio,0.0,0.0,0.0,0.0,0.0,0.0,0.0,0.0,0.0,0.0,0.0,0.0,0.0,0.0
06111,Rena,municipio,0.0,0.0,0.0,0.0,0.0,0.0,0.0,0.0,0.0,0.0,0.0,0.0,0.0,0.0
06112,Retamal de Llerena,municipio,0.0,0.0,0.0,0.0,0.0,0.0,0.0,0.0,0.0,0.0,0.0,0.0,0.0,0.0
06113,Ribera del Fresno,municipio,123.0,124.0,118.0,124.0,121.0,109.0,103.0,111.0,97.0,101.0,105.0,100.0,101.0,102.0
06114,Risco,municipio,0.0,0.0,0.0,0.0,0.0,0.0,0.0,0.0,0.0,0.0,0.0,0.0,0.0,0.0
06115,"Roca de la Sierra, La",municipio,41.0,42.0,41.0,39.0,40.0,35.0,35.0,39.0,48.0,51.0,47.0,40.0,38.0,38.0
06116,Salvaleón,municipio,47.0,41.0,39.0,41.0,40.0,41.0,39.0,32.0,34.0,34.0,35.0,28.0,30.0,29.0
06117,Salvatierra de los Barros,municipio,64.0,66.0,61.0,57.0,57.0,54.0,59.0,58.0,59.0,61.0,61.0,60.0,55.0,61.0
06118,Sancti-Spíritus,municipio,0.0,0.0,0.0,0.0,0.0,0.0,0.0,0.0,0.0,0.0,0.0,0.0,0.0,0.0
06119,San Pedro de Mérida,municipio,0.0,0.0,0.0,0.0,0.0,0.0,0.0,0.0,0.0,0.0,0.0,0.0,0.0,0.0
06120,Santa Amalia,municipio,116.0,109.0,101.0,101.0,110.0,113.0,116.0,111.0,120.0,123.0,120.0,109.0,119.0,112.0
06121,Santa Marta,municipio,141.0,133.0,127.0,128.0,132.0,131.0,122.0,125.0,121.0,114.0,117.0,112.0,110.0,108.0
06122,"Santos de Maimona, Los",municipio,220.0,228.0,228.0,233.0,241.0,229.0,228.0,233.0,233.0,221.0,217.0,206.0,217.0,211.0
06123,San Vicente de Alcántara,municipio,172.0,184.0,172.0,177.0,170.0,169.0,172.0,174.0,171.0,165.0,168.0,158.0,164.0,146.0
06124,Segura de León,municipio,64.0,61.0,54.0,51.0,49.0,51.0,45.0,53.0,52.0,56.0,55.0,51.0,49.0,49.0
06125,Siruela,municipio,51.0,55.0,55.0,53.0,60.0,56.0,52.0,52.0,53.0,54.0,53.0,48.0,49.0,47.0
06126,Solana de los Barros,municipio,62.0,62.0,57.0,64.0,65.0,68.0,70.0,68.0,66.0,63.0,63.0,58.0,53.0,52.0
06127,Talarrubias,municipio,112.0,103.0,104.0,102.0,102.0,100.0,104.0,102.0,98.0,95.0,93.0,101.0,98.0,91.0
06128,Talavera la Real,municipio,177.0,182.0,172.0,178.0,182.0,180.0,180.0,180.0,183.0,182.0,185.0,173.0,163.0,165.0
06129,Táliga,municipio,0.0,0.0,0.0,0.0,0.0,0.0,0.0,0.0,0.0,0.0,0.0,0.0,0.0,0.0
06130,Tamurejo,municipio,0.0,0.0,0.0,0.0,0.0,0.0,0.0,0.0,0.0,0.0,0.0,0.0,0.0,0.0
06131,Torre de Miguel Sesmero,municipio,35.0,37.0,37.0,36.0,37.0,38.0,35.0,41.0,38.0,36.0,38.0,35.0,31.0,32.0
06132,Torremayor,municipio,14.0,9.0,11.0,12.0,9.0,6.0,0.0,0.0,0.0,0.0,0.0,0.0,5.0,6.0
06133,Torremejía,municipio,80.0,86.0,75.0,77.0,79.0,77.0,87.0,84.0,76.0,77.0,78.0,71.0,66.0,63.0
06134,Trasierra,municipio,0.0,0.0,0.0,0.0,0.0,0.0,0.0,0.0,0.0,0.0,0.0,0.0,0.0,0.0
06135,Trujillanos,municipio,50.0,47.0,53.0,55.0,53.0,55.0,57.0,56.0,56.0,57.0,56.0,47.0,46.0,50.0
06136,Usagre,municipio,41.0,38.0,34.0,36.0,34.0,36.0,35.0,35.0,38.0,35.0,33.0,30.0,29.0,34.0
06137,Valdecaballeros,municipio,42.0,39.0,35.0,32.0,37.0,37.0,37.0,38.0,36.0,29.0,31.0,30.0,34.0,33.0
06138,Valdetorres,municipio,20.0,20.0,19.0,21.0,21.0,22.0,22.0,15.0,17.0,19.0,19.0,17.0,17.0,20.0
06139,Valencia de las Torres,municipio,0.0,0.0,0.0,0.0,0.0,0.0,0.0,0.0,0.0,0.0,0.0,0.0,0.0,0.0
06140,Valencia del Mombuey,municipio,0.0,0.0,0.0,0.0,0.0,0.0,0.0,0.0,0.0,0.0,0.0,0.0,0.0,0.0
06141,Valencia del Ventoso,municipio,49.0,44.0,45.0,46.0,46.0,47.0,44.0,41.0,39.0,39.0,44.0,37.0,43.0,41.0
06142,Valverde de Burguillos,municipio,0.0,0.0,0.0,0.0,0.0,0.0,0.0,0.0,0.0,0.0,0.0,0.0,0.0,0.0
06143,Valverde de Leganés,municipio,125.0,124.0,129.0,122.0,123.0,127.0,121.0,127.0,126.0,121.0,127.0,123.0,122.0,124.0
06144,Valverde de Llerena,municipio,0.0,0.0,0.0,0.0,0.0,0.0,0.0,0.0,0.0,0.0,0.0,0.0,0.0,0.0
06145,Valverde de Mérida,municipio,16.0,17.0,16.0,15.0,17.0,16.0,19.0,19.0,20.0,17.0,16.0,16.0,14.0,15.0
06146,Valle de la Serena,municipio,28.0,26.0,27.0,26.0,25.0,24.0,24.0,20.0,20.0,19.0,23.0,21.0,24.0,24.0
06147,Valle de Matamoros,municipio,0.0,0.0,0.0,0.0,0.0,0.0,0.0,0.0,0.0,0.0,0.0,0.0,0.0,0.0
06148,Valle de Santa Ana,municipio,23.0,22.0,20.0,20.0,19.0,16.0,17.0,15.0,15.0,15.0,15.0,16.0,17.0,21.0
06149,Villafranca de los Barros,municipio,322.0,335.0,336.0,329.0,331.0,320.0,321.0,332.0,337.0,322.0,326.0,313.0,306.0,296.0
06150,Villagarcía de la Torre,municipio,27.0,0.0,0.0,0.0,0.0,0.0,0.0,0.0,0.0,0.0,0.0,0.0,0.0,0.0
06151,Villagonzalo,municipio,28.0,25.0,21.0,20.0,22.0,21.0,22.0,20.0,20.0,22.0,24.0,23.0,21.0,20.0
06152,Villalba de los Barros,municipio,46.0,43.0,45.0,43.0,44.0,41.0,39.0,38.0,32.0,30.0,33.0,35.0,33.0,35.0
06153,Villanueva de la Serena,municipio,710.0,711.0,682.0,683.0,696.0,680.0,670.0,651.0,664.0,646.0,628.0,568.0,579.0,565.0
06154,Villanueva del Fresno,municipio,88.0,89.0,87.0,83.0,94.0,91.0,78.0,84.0,82.0,85.0,84.0,83.0,84.0,85.0
06155,Villar del Rey,municipio,54.0,51.0,52.0,52.0,52.0,52.0,53.0,56.0,51.0,48.0,51.0,42.0,40.0,36.0
06156,Villar de Rena,municipio,24.0,26.0,26.0,28.0,26.0,27.0,26.0,22.0,22.0,22.0,20.0,24.0,20.0,24.0
06157,Villarta de los Montes,municipio,0.0,0.0,0.0,0.0,0.0,0.0,0.0,0.0,0.0,0.0,0.0,0.0,0.0,0.0
06158,Zafra,municipio,538.0,531.0,540.0,558.0,530.0,525.0,523.0,523.0,508.0,501.0,495.0,448.0,454.0,436.0
06159,Zahínos,municipio,66.0,62.0,67.0,66.0,61.0,59.0,56.0,59.0,66.0,65.0,70.0,63.0,66.0,70.0
06160,Zalamea de la Serena,municipio,118.0,118.0,115.0,120.0,115.0,112.0,115.0,117.0,121.0,120.0,119.0,106.0,111.0,107.0
06161,Zarza-Capilla,municipio,0.0,0.0,0.0,0.0,0.0,0.0,0.0,0.0,0.0,0.0,0.0,0.0,0.0,0.0
06162,"Zarza, La",municipio,117.0,116.0,108.0,110.0,116.0,113.0,109.0,107.0,109.0,111.0,110.0,104.0,116.0,110.0
06901,Valdelacalzada,municipio,74.0,80.0,70.0,76.0,71.0,65.0,70.0,73.0,69.0,68.0,71.0,64.0,65.0,64.0
06902,Pueblonuevo del Guadiana,municipio,51.0,56.0,52.0,47.0,46.0,49.0,49.0,50.0,45.0,43.0,41.0,41.0,45.0,40.0
06903,Guadiana,municipio,0.0,0.0,65.0,65.0,71.0,69.0,70.0,70.0,72.0,70.0,69.0,63.0,67.0,68.0
06,Badajoz,provincia,18552.0,18626.0,18234.0,18420.0,18489.0,18377.0,18366.0,18461.0,18266.0,17847.0,17949.0,16648.0,16615.0,16469.0
07001,Alaró,municipio,92.0,91.0,98.0,91.0,92.0,96.0,86.0,100.0,103.0,100.0,95.0,84.0,88.0,97.0
07002,Alaior,municipio,225.0,245.0,247.0,251.0,242.0,236.0,237.0,228.0,233.0,245.0,248.0,236.0,232.0,239.0
07003,Alcúdia,municipio,543.0,539.0,524.0,546.0,533.0,563.0,560.0,544.0,547.0,543.0,589.0,546.0,546.0,561.0
07004,Algaida,municipio,127.0,122.0,120.0,131.0,139.0,143.0,149.0,143.0,132.0,119.0,121.0,116.0,125.0,124.0
07005,Andratx,municipio,371.0,366.0,353.0,352.0,361.0,376.0,377.0,379.0,384.0,376.0,394.0,345.0,351.0,377.0
07006,Artà,municipio,245.0,224.0,213.0,215.0,224.0,215.0,240.0,236.0,237.0,235.0,239.0,215.0,211.0,208.0
07007,Banyalbufar,municipio,0.0,0.0,0.0,0.0,0.0,0.0,0.0,0.0,0.0,0.0,0.0,0.0,0.0,0.0
07008,Binissalem,municipio,202.0,198.0,193.0,193.0,201.0,212.0,202.0,200.0,197.0,184.0,188.0,188.0,197.0,195.0
07009,Búger,municipio,0.0,14.0,12.0,13.0,19.0,16.0,21.0,19.0,20.0,21.0,18.0,18.0,17.0,17.0
07010,Bunyola,municipio,159.0,153.0,158.0,154.0,154.0,160.0,163.0,162.0,156.0,156.0,162.0,150.0,147.0,145.0
07011,Calvià,municipio,1878.0,1775.0,1692.0,1624.0,1633.0,1690.0,1723.0,1683.0,1685.0,1667.0,1715.0,1616.0,1614.0,1660.0
07012,Campanet,municipio,46.0,42.0,45.0,40.0,44.0,48.0,45.0,50.0,48.0,49.0,53.0,41.0,41.0,38.0
07013,Campos,municipio,319.0,309.0,302.0,300.0,301.0,301.0,308.0,312.0,314.0,299.0,305.0,288.0,303.0,321.0
07014,Capdepera,municipio,362.0,359.0,345.0,360.0,365.0,386.0,384.0,375.0,398.0,367.0,377.0,363.0,365.0,364.0
07015,Ciutadella de Menorca,municipio,845.0,842.0,825.0,812.0,790.0,806.0,806.0,803.0,804.0,816.0,810.0,785.0,778.0,765.0
07016,Consell,municipio,103.0,104.0,102.0,104.0,105.0,95.0,105.0,107.0,101.0,99.0,98.0,95.0,93.0,93.0
07017,Costitx,municipio,22.0,0.0,0.0,20.0,20.0,22.0,24.0,21.0,23.0,21.0,24.0,20.0,22.0,20.0
07018,Deià,municipio,0.0,0.0,0.0,0.0,0.0,0.0,0.0,0.0,0.0,0.0,0.0,0.0,0.0,0.0
07019,Escorca,municipio,0.0,0.0,0.0,0.0,0.0,0.0,0.0,0.0,0.0,0.0,0.0,0.0,0.0,0.0
07020,Esporles,municipio,99.0,102.0,85.0,89.0,91.0,97.0,89.0,94.0,88.0,79.0,81.0,85.0,82.0,84.0
07021,Estellencs,municipio,0.0,0.0,0.0,0.0,0.0,0.0,0.0,0.0,0.0,0.0,0.0,0.0,0.0,0.0
07022,Felanitx,municipio,481.0,494.0,481.0,460.0,470.0,471.0,494.0,492.0,496.0,488.0,481.0,446.0,448.0,435.0
07023,Ferreries,municipio,126.0,120.0,121.0,119.0,115.0,113.0,116.0,106.0,117.0,115.0,112.0,115.0,116.0,114.0
07024,Formentera,municipio,362.0,368.0,365.0,370.0,379.0,391.0,391.0,403.0,424.0,422.0,442.0,434.0,435.0,440.0
07025,Fornalutx,municipio,0.0,0.0,0.0,0.0,0.0,0.0,0.0,0.0,0.0,0.0,0.0,0.0,0.0,0.0
07026,Eivissa,municipio,1701.0,1690.0,1718.0,1752.0,1704.0,1767.0,1830.0,1795.0,1841.0,1825.0,1870.0,1704.0,1754.0,1796.0
07027,Inca,municipio,745.0,747.0,733.0,742.0,722.0,724.0,737.0,712.0,720.0,703.0,716.0,680.0,681.0,680.0
07028,Lloret de Vistalegre,municipio,26.0,26.0,24.0,25.0,25.0,25.0,26.0,28.0,29.0,24.0,24.0,26.0,29.0,30.0
07029,Lloseta,municipio,128.0,129.0,128.0,128.0,128.0,128.0,125.0,128.0,123.0,118.0,118.0,97.0,100.0,107.0
07030,Llubí,municipio,52.0,52.0,55.0,53.0,54.0,52.0,51.0,50.0,46.0,46.0,48.0,44.0,43.0,48.0
07031,Llucmajor,municipio,955.0,939.0,929.0,921.0,896.0,913.0,917.0,909.0,907.0,884.0,902.0,844.0,836.0,846.0
07032,Maó,municipio,912.0,877.0,866.0,851.0,805.0,848.0,840.0,820.0,802.0,791.0,811.0,752.0,747.0,744.0
07033,Manacor,municipio,1150.0,1123.0,1089.0,1115.0,1136.0,1155.0,1154.0,1150.0,1139.0,1109.0,1096.0,1051.0,1042.0,1037.0
07034,Mancor de la Vall,municipio,23.0,23.0,26.0,29.0,35.0,32.0,30.0,33.0,29.0,29.0,32.0,34.0,34.0,31.0
07035,Maria de la Salut,municipio,52.0,51.0,50.0,54.0,53.0,52.0,51.0,49.0,41.0,43.0,41.0,49.0,48.0,49.0
07036,Marratxí,municipio,1050.0,1047.0,1025.0,1021.0,1012.0,1029.0,1002.0,984.0,969.0,952.0,980.0,947.0,922.0,891.0
07037,"Mercadal, Es",municipio,123.0,129.0,126.0,126.0,125.0,133.0,130.0,128.0,115.0,117.0,118.0,116.0,118.0,127.0
07038,Montuïri,municipio,74.0,76.0,73.0,66.0,67.0,68.0,66.0,69.0,68.0,67.0,61.0,63.0,56.0,60.0
07039,Muro,municipio,213.0,214.0,205.0,205.0,205.0,213.0,201.0,189.0,186.0,189.0,186.0,190.0,184.0,187.0
07040,Palma,municipio,11284.0,11129.0,10811.0,10832.0,10774.0,10977.0,11158.0,11058.0,10853.0,10522.0,10752.0,9812.0,9906.0,10054.0
07041,Petra,municipio,77.0,77.0,74.0,75.0,76.0,77.0,74.0,67.0,63.0,68.0,65.0,63.0,70.0,65.0
07042,Pollença,municipio,504.0,508.0,500.0,512.0,529.0,538.0,537.0,533.0,527.0,510.0,524.0,496.0,516.0,504.0
07043,Porreres,municipio,130.0,130.0,128.0,129.0,126.0,123.0,112.0,122.0,119.0,122.0,122.0,117.0,112.0,104.0
07044,"Pobla, Sa",municipio,316.0,321.0,309.0,314.0,316.0,305.0,326.0,304.0,301.0,286.0,276.0,268.0,271.0,247.0
07045,Puigpunyent,municipio,34.0,35.0,35.0,38.0,33.0,33.0,34.0,32.0,27.0,29.0,29.0,32.0,34.0,31.0
07046,Sant Antoni de Portmany,municipio,653.0,632.0,656.0,661.0,672.0,701.0,713.0,728.0,733.0,720.0,740.0,706.0,725.0,739.0
07047,Sencelles,municipio,63.0,58.0,65.0,67.0,75.0,69.0,63.0,70.0,66.0,74.0,73.0,72.0,68.0,75.0
07048,Sant Josep de sa Talaia,municipio,662.0,637.0,643.0,667.0,677.0,678.0,708.0,693.0,709.0,685.0,711.0,748.0,744.0,762.0
07049,Sant Joan,municipio,56.0,59.0,58.0,55.0,58.0,55.0,56.0,53.0,48.0,44.0,44.0,49.0,47.0,46.0
07050,Sant Joan de Labritja,municipio,134.0,139.0,148.0,143.0,140.0,157.0,170.0,187.0,199.0,198.0,202.0,191.0,217.0,208.0
07051,Sant Llorenç des Cardassar,municipio,228.0,223.0,217.0,221.0,230.0,232.0,221.0,237.0,242.0,259.0,267.0,246.0,245.0,234.0
07052,Sant Lluís,municipio,136.0,139.0,148.0,149.0,157.0,157.0,162.0,157.0,158.0,156.0,158.0,155.0,160.0,165.0
07053,Santa Eugènia,municipio,29.0,24.0,27.0,25.0,31.0,31.0,34.0,32.0,31.0,34.0,35.0,31.0,28.0,28.0
07054,Santa Eulària des Riu,municipio,1052.0,1054.0,1037.0,1050.0,1080.0,1095.0,1139.0,1167.0,1158.0,1169.0,1237.0,1187.0,1217.0,1229.0
07055,Santa Margalida,municipio,318.0,320.0,293.0,297.0,309.0,317.0,330.0,313.0,311.0,313.0,317.0,310.0,314.0,322.0
07056,Santa María del Camí,municipio,160.0,164.0,160.0,166.0,171.0,166.0,160.0,170.0,159.0,155.0,157.0,150.0,152.0,152.0
07057,Santanyí,municipio,417.0,431.0,427.0,435.0,451.0,459.0,467.0,485.0,485.0,482.0,491.0,451.0,465.0,480.0
07058,Selva,municipio,100.0,103.0,92.0,101.0,101.0,103.0,107.0,116.0,118.0,104.0,116.0,113.0,107.0,93.0
07059,"Salines, Ses",municipio,156.0,160.0,153.0,151.0,149.0,152.0,153.0,144.0,133.0,137.0,142.0,140.0,136.0,140.0
07060,Sineu,municipio,103.0,107.0,104.0,100.0,107.0,109.0,107.0,97.0,99.0,108.0,107.0,103.0,104.0,106.0
07061,Sóller,municipio,417.0,409.0,401.0,388.0,388.0,404.0,403.0,407.0,415.0,423.0,428.0,420.0,410.0,403.0
07062,Son Servera,municipio,320.0,298.0,277.0,279.0,279.0,286.0,284.0,272.0,282.0,282.0,276.0,243.0,252.0,254.0
07063,Valldemossa,municipio,66.0,65.0,68.0,70.0,63.0,64.0,69.0,68.0,62.0,66.0,73.0,73.0,67.0,70.0
07064,"Castell, Es",municipio,176.0,179.0,172.0,174.0,161.0,168.0,165.0,156.0,148.0,152.0,165.0,137.0,145.0,131.0
07065,Vilafranca de Bonany,municipio,77.0,75.0,82.0,80.0,78.0,88.0,85.0,84.0,70.0,72.0,78.0,70.0,77.0,69.0
07901,Ariany,municipio,0.0,0.0,0.0,0.0,0.0,0.0,0.0,0.0,0.0,0.0,0.0,0.0,0.0,16.0
07902,"Migjorn Gran, Es",municipio,42.0,42.0,42.0,38.0,35.0,35.0,0.0,29.0,0.0,0.0,27.0,0.0,27.0,29.0
07,"Balears, Illes",provincia,31633.0,31229.0,30567.0,30644.0,30607.0,31252.0,31648.0,31379.0,31172.0,30590.0,31277.0,29293.0,29529.0,29774.0
08001,Abrera,municipio,380.0,373.0,360.0,347.0,353.0,351.0,336.0,320.0,323.0,304.0,313.0,286.0,296.0,289.0
08002,Aguilar de Segarra,municipio,0.0,0.0,0.0,0.0,0.0,0.0,0.0,0.0,0.0,0.0,0.0,0.0,0.0,0.0
08003,Alella,municipio,359.0,346.0,335.0,332.0,346.0,360.0,348.0,324.0,320.0,332.0,335.0,318.0,317.0,295.0
08004,Alpens,municipio,0.0,0.0,0.0,0.0,0.0,0.0,0.0,0.0,0.0,0.0,0.0,0.0,0.0,0.0
08005,"Ametlla del Vallès, L'",municipio,339.0,333.0,331.0,320.0,325.0,333.0,328.0,325.0,329.0,334.0,334.0,321.0,320.0,300.0
08006,Arenys de Mar,municipio,456.0,434.0,408.0,396.0,395.0,406.0,405.0,418.0,443.0,428.0,428.0,389.0,385.0,376.0
08007,Arenys de Munt,municipio,280.0,278.0,270.0,274.0,264.0,262.0,255.0,252.0,253.0,260.0,263.0,245.0,237.0,228.0
08008,Argençola,municipio,0.0,0.0,0.0,0.0,0.0,0.0,0.0,0.0,0.0,0.0,0.0,0.0,0.0,0.0
08009,Argentona,municipio,398.0,386.0,399.0,394.0,383.0,369.0,367.0,353.0,364.0,354.0,349.0,318.0,322.0,307.0
08010,Artés,municipio,126.0,122.0,122.0,122.0,125.0,111.0,108.0,113.0,113.0,113.0,116.0,108.0,109.0,113.0
08011,Avià,municipio,56.0,57.0,53.0,50.0,52.0,51.0,55.0,55.0,59.0,57.0,65.0,61.0,57.0,58.0
08012,Avinyó,municipio,53.0,53.0,50.0,53.0,56.0,54.0,56.0,49.0,47.0,48.0,46.0,40.0,44.0,47.0
08013,Avinyonet del Penedès,municipio,62.0,61.0,64.0,71.0,71.0,74.0,76.0,64.0,74.0,65.0,69.0,67.0,65.0,65.0
08014,Aiguafreda,municipio,63.0,61.0,59.0,60.0,58.0,59.0,56.0,56.0,56.0,62.0,61.0,59.0,55.0,60.0
08015,Badalona,municipio,6206.0,6001.0,5922.0,5868.0,5836.0,5891.0,6033.0,5887.0,6055.0,5986.0,6024.0,5577.0,5672.0,5684.0
08016,Bagà,municipio,72.0,69.0,67.0,61.0,62.0,63.0,67.0,60.0,60.0,64.0,68.0,63.0,66.0,57.0
08017,Balenyà,municipio,130.0,129.0,132.0,122.0,132.0,115.0,124.0,120.0,119.0,116.0,103.0,88.0,88.0,92.0
08018,Balsareny,municipio,78.0,71.0,65.0,68.0,67.0,66.0,69.0,69.0,70.0,70.0,69.0,64.0,64.0,61.0
08019,Barcelona,municipio,54005.0,52431.0,51677.0,51266.0,51228.0,51826.0,52456.0,51935.0,52074.0,51701.0,51672.0,44703.0,45446.0,45249.0
08020,Begues,municipio,200.0,195.0,179.0,181.0,176.0,187.0,193.0,195.0,202.0,200.0,206.0,194.0,195.0,186.0
08021,Bellprat,municipio,0.0,0.0,0.0,0.0,0.0,0.0,0.0,0.0,0.0,0.0,0.0,0.0,0.0,0.0
08022,Berga,municipio,466.0,460.0,446.0,444.0,441.0,423.0,430.0,406.0,409.0,407.0,391.0,362.0,383.0,365.0
08023,Bigues i Riells del Fai,municipio,328.0,317.0,334.0,296.0,297.0,307.0,297.0,304.0,300.0,297.0,291.0,279.0,275.0,273.0
08024,Borredà,municipio,0.0,0.0,0.0,0.0,0.0,0.0,0.0,0.0,0.0,0.0,0.0,0.0,0.0,0.0
08025,"Bruc, El",municipio,73.0,71.0,73.0,75.0,77.0,86.0,73.0,74.0,76.0,75.0,77.0,75.0,73.0,72.0
08026,"Brull, El",municipio,0.0,0.0,0.0,0.0,0.0,0.0,0.0,0.0,0.0,0.0,0.0,0.0,0.0,0.0
08027,"Cabanyes, Les",municipio,0.0,0.0,0.0,0.0,0.0,0.0,0.0,0.0,0.0,0.0,25.0,0.0,0.0,21.0
08028,Cabrera d'Anoia,municipio,20.0,26.0,28.0,28.0,26.0,24.0,30.0,26.0,30.0,28.0,28.0,28.0,31.0,25.0
08029,Cabrera de Mar,municipio,271.0,261.0,262.0,253.0,256.0,258.0,276.0,265.0,273.0,273.0,266.0,238.0,243.0,235.0
08030,Cabrils,municipio,232.0,221.0,228.0,226.0,224.0,249.0,241.0,243.0,241.0,228.0,228.0,214.0,212.0,214.0
08031,Calaf,municipio,109.0,107.0,104.0,107.0,103.0,100.0,99.0,97.0,90.0,89.0,86.0,78.0,75.0,74.0
08032,Caldes d'Estrac,municipio,102.0,100.0,93.0,86.0,78.0,76.0,78.0,75.0,76.0,72.0,71.0,74.0,74.0,69.0
08033,Caldes de Montbui,municipio,579.0,586.0,587.0,567.0,556.0,559.0,570.0,563.0,554.0,538.0,553.0,523.0,503.0,500.0
08034,Calders,municipio,0.0,0.0,0.0,0.0,0.0,0.0,0.0,0.0,0.0,33.0,33.0,33.0,30.0,31.0
08035,Calella,municipio,622.0,596.0,554.0,583.0,563.0,545.0,559.0,558.0,544.0,539.0,561.0,537.0,526.0,529.0
08036,Calonge de Segarra,municipio,0.0,0.0,0.0,0.0,0.0,0.0,0.0,0.0,0.0,0.0,0.0,0.0,0.0,0.0
08037,Calldetenes,municipio,76.0,75.0,76.0,69.0,71.0,78.0,71.0,77.0,75.0,70.0,74.0,68.0,62.0,54.0
08038,Callús,municipio,51.0,52.0,49.0,47.0,51.0,51.0,47.0,50.0,46.0,43.0,43.0,40.0,40.0,45.0
08039,Campins,municipio,0.0,0.0,0.0,0.0,0.0,0.0,0.0,0.0,0.0,0.0,0.0,0.0,0.0,0.0
08040,Canet de Mar,municipio,418.0,406.0,393.0,401.0,388.0,394.0,387.0,368.0,364.0,363.0,371.0,354.0,336.0,334.0
08041,Canovelles,municipio,386.0,380.0,373.0,397.0,384.0,401.0,397.0,398.0,419.0,410.0,407.0,368.0,368.0,349.0
08042,Cànoves i Samalús,municipio,99.0,105.0,91.0,89.0,90.0,96.0,96.0,92.0,98.0,97.0,95.0,92.0,89.0,89.0
08043,Canyelles,municipio,144.0,132.0,126.0,124.0,120.0,132.0,123.0,129.0,121.0,116.0,118.0,124.0,139.0,137.0
08044,Capellades,municipio,120.0,109.0,109.0,99.0,100.0,105.0,100.0,95.0,95.0,94.0,94.0,89.0,90.0,80.0
08045,Capolat,municipio,0.0,0.0,0.0,0.0,0.0,0.0,0.0,0.0,0.0,0.0,0.0,0.0,0.0,0.0
08046,Cardedeu,municipio,513.0,495.0,502.0,485.0,473.0,484.0,478.0,477.0,465.0,469.0,475.0,421.0,419.0,418.0
08047,Cardona,municipio,146.0,136.0,132.0,133.0,132.0,136.0,129.0,121.0,117.0,113.0,111.0,109.0,102.0,99.0
08048,Carme,municipio,0.0,0.0,0.0,0.0,0.0,0.0,0.0,0.0,0.0,0.0,0.0,0.0,0.0,0.0
08049,Casserres,municipio,54.0,56.0,60.0,57.0,57.0,57.0,57.0,58.0,63.0,60.0,60.0,56.0,51.0,53.0
08050,Castellar del Riu,municipio,0.0,0.0,0.0,0.0,0.0,0.0,0.0,0.0,0.0,0.0,0.0,0.0,0.0,0.0
08051,Castellar del Vallès,municipio,710.0,697.0,693.0,699.0,707.0,716.0,687.0,666.0,670.0,669.0,660.0,636.0,627.0,597.0
08052,Castellar de n'Hug,municipio,0.0,0.0,0.0,0.0,0.0,0.0,0.0,0.0,0.0,0.0,0.0,0.0,0.0,0.0
08053,Castellbell i el Vilar,municipio,94.0,83.0,86.0,91.0,91.0,91.0,88.0,92.0,93.0,83.0,85.0,84.0,85.0,84.0
08054,Castellbisbal,municipio,476.0,463.0,462.0,461.0,459.0,473.0,460.0,436.0,417.0,411.0,409.0,382.0,374.0,369.0
08055,Castellcir,municipio,0.0,0.0,0.0,0.0,0.0,0.0,0.0,0.0,0.0,0.0,0.0,0.0,0.0,0.0
08056,Castelldefels,municipio,1987.0,1954.0,1911.0,1888.0,1935.0,1954.0,1947.0,1903.0,1918.0,1893.0,1905.0,1759.0,1781.0,1773.0
08057,Castell de l'Areny,municipio,0.0,0.0,0.0,0.0,0.0,0.0,0.0,0.0,0.0,0.0,0.0,0.0,0.0,0.0
08058,Castellet i la Gornal,municipio,49.0,44.0,42.0,40.0,41.0,55.0,49.0,56.0,46.0,50.0,52.0,56.0,58.0,51.0
08059,Castellfollit del Boix,municipio,0.0,0.0,0.0,0.0,0.0,0.0,0.0,0.0,0.0,0.0,0.0,0.0,0.0,0.0
08060,Castellfollit de Riubregós,municipio,0.0,0.0,0.0,0.0,0.0,0.0,0.0,0.0,0.0,0.0,0.0,0.0,0.0,0.0
08061,Castellgalí,municipio,51.0,47.0,43.0,48.0,45.0,48.0,49.0,42.0,43.0,44.0,48.0,50.0,52.0,56.0
08062,Castellnou de Bages,municipio,30.0,28.0,31.0,29.0,29.0,30.0,28.0,33.0,33.0,30.0,32.0,34.0,34.0,33.0
08063,Castellolí,municipio,0.0,0.0,0.0,0.0,0.0,0.0,0.0,0.0,0.0,0.0,0.0,0.0,0.0,0.0
08064,Castellterçol,municipio,71.0,68.0,67.0,65.0,66.0,68.0,70.0,72.0,75.0,69.0,73.0,64.0,66.0,64.0
08065,Castellví de la Marca,municipio,52.0,48.0,46.0,45.0,50.0,39.0,43.0,46.0,51.0,50.0,46.0,35.0,34.0,31.0
08066,Castellví de Rosanes,municipio,60.0,58.0,57.0,63.0,66.0,69.0,74.0,71.0,68.0,73.0,68.0,69.0,65.0,63.0
08067,Centelles,municipio,206.0,205.0,202.0,207.0,191.0,198.0,202.0,199.0,184.0,181.0,174.0,165.0,166.0,166.0
08068,Cervelló,municipio,338.0,337.0,338.0,340.0,343.0,342.0,320.0,309.0,302.0,296.0,294.0,279.0,263.0,256.0
08069,Collbató,municipio,134.0,142.0,147.0,153.0,145.0,144.0,137.0,129.0,127.0,125.0,121.0,111.0,117.0,108.0
08070,Collsuspina,municipio,0.0,0.0,0.0,0.0,0.0,0.0,0.0,0.0,0.0,0.0,0.0,0.0,0.0,0.0
08071,Copons,municipio,0.0,0.0,0.0,0.0,0.0,0.0,0.0,0.0,0.0,0.0,0.0,0.0,0.0,0.0
08072,Corbera de Llobregat,municipio,428.0,432.0,413.0,404.0,383.0,395.0,388.0,399.0,414.0,406.0,396.0,364.0,359.0,367.0
08073,Cornellà de Llobregat,municipio,2267.0,2161.0,2146.0,2151.0,2117.0,2138.0,2203.0,2114.0,2159.0,2118.0,2143.0,1935.0,2012.0,2031.0
08074,Cubelles,municipio,390.0,378.0,387.0,386.0,379.0,389.0,378.0,359.0,375.0,373.0,377.0,369.0,361.0,377.0
08075,Dosrius,municipio,175.0,178.0,172.0,177.0,178.0,180.0,165.0,180.0,175.0,166.0,166.0,168.0,168.0,166.0
08076,Esparreguera,municipio,598.0,591.0,587.0,576.0,574.0,574.0,564.0,549.0,527.0,511.0,512.0,484.0,481.0,475.0
08077,Esplugues de Llobregat,municipio,1342.0,1278.0,1265.0,1265.0,1223.0,1231.0,1238.0,1201.0,1205.0,1180.0,1189.0,1091.0,1063.0,1057.0
08078,"Espunyola, L'",municipio,0.0,0.0,0.0,0.0,0.0,0.0,0.0,0.0,0.0,0.0,0.0,0.0,0.0,0.0
08079,"Estany, L'",municipio,0.0,0.0,0.0,0.0,0.0,0.0,0.0,0.0,0.0,0.0,0.0,0.0,0.0,0.0
08080,Fígols,municipio,0.0,0.0,0.0,0.0,0.0,0.0,0.0,0.0,0.0,0.0,0.0,0.0,0.0,0.0
08081,Fogars de Montclús,municipio,0.0,0.0,0.0,0.0,0.0,0.0,0.0,0.0,0.0,0.0,0.0,0.0,0.0,0.0
08082,Fogars de la Selva,municipio,55.0,53.0,53.0,47.0,44.0,43.0,50.0,56.0,53.0,50.0,43.0,37.0,46.0,47.0
08083,Folgueroles,municipio,46.0,40.0,41.0,47.0,45.0,49.0,46.0,43.0,41.0,42.0,45.0,39.0,37.0,43.0
08084,Fonollosa,municipio,42.0,37.0,35.0,35.0,37.0,37.0,33.0,32.0,33.0,30.0,34.0,35.0,41.0,41.0
08085,Font-rubí,municipio,30.0,26.0,28.0,31.0,30.0,32.0,30.0,29.0,27.0,27.0,27.0,27.0,27.0,28.0
08086,"Franqueses del Vallès, Les",municipio,561.0,555.0,549.0,565.0,559.0,553.0,553.0,531.0,535.0,524.0,533.0,478.0,510.0,495.0
08087,Gallifa,municipio,0.0,0.0,0.0,0.0,0.0,0.0,0.0,0.0,0.0,0.0,0.0,0.0,0.0,0.0
08088,"Garriga, La",municipio,458.0,435.0,451.0,448.0,457.0,467.0,464.0,460.0,441.0,442.0,443.0,422.0,417.0,410.0
08089,Gavà,municipio,1359.0,1355.0,1326.0,1275.0,1289.0,1275.0,1281.0,1259.0,1230.0,1224.0,1228.0,1119.0,1123.0,1101.0
08090,Gaià,municipio,0.0,0.0,0.0,0.0,0.0,0.0,0.0,0.0,0.0,0.0,0.0,0.0,0.0,0.0
08091,Gelida,municipio,152.0,154.0,158.0,161.0,161.0,162.0,167.0,158.0,150.0,146.0,146.0,128.0,128.0,135.0
08092,Gironella,municipio,143.0,145.0,146.0,153.0,145.0,132.0,129.0,124.0,125.0,118.0,112.0,94.0,93.0,101.0
08093,Gisclareny,municipio,0.0,0.0,0.0,0.0,0.0,0.0,0.0,0.0,0.0,0.0,0.0,0.0,0.0,0.0
08094,"Granada, La",municipio,52.0,53.0,52.0,55.0,57.0,68.0,64.0,60.0,63.0,62.0,62.0,56.0,59.0,55.0
08095,Granera,municipio,0.0,0.0,0.0,0.0,0.0,0.0,0.0,0.0,0.0,0.0,0.0,0.0,0.0,0.0
08096,Granollers,municipio,1897.0,1845.0,1833.0,1833.0,1774.0,1818.0,1805.0,1694.0,1677.0,1670.0,1656.0,1499.0,1537.0,1531.0
08097,Gualba,municipio,44.0,46.0,45.0,42.0,39.0,42.0,42.0,36.0,40.0,38.0,37.0,33.0,35.0,36.0
08098,Sant Salvador de Guardiola,municipio,93.0,90.0,98.0,100.0,95.0,94.0,90.0,93.0,92.0,95.0,99.0,102.0,98.0,96.0
08099,Guardiola de Berguedà,municipio,36.0,0.0,0.0,0.0,0.0,0.0,0.0,0.0,0.0,0.0,0.0,0.0,0.0,0.0
08100,Gurb,municipio,147.0,152.0,153.0,157.0,154.0,147.0,151.0,154.0,151.0,150.0,150.0,124.0,122.0,122.0
08101,"Hospitalet de Llobregat, L'",municipio,5896.0,5739.0,5684.0,5658.0,5598.0,5739.0,5958.0,5961.0,6340.0,6399.0,6532.0,5897.0,6105.0,6175.0
08102,Igualada,municipio,1081.0,1092.0,1064.0,1080.0,1079.0,1057.0,1020.0,1008.0,1015.0,991.0,1021.0,970.0,969.0,973.0
08103,Jorba,municipio,0.0,0.0,0.0,0.0,0.0,0.0,0.0,0.0,0.0,0.0,0.0,0.0,0.0,0.0
08104,"Llacuna, La",municipio,0.0,0.0,0.0,0.0,0.0,0.0,0.0,0.0,0.0,0.0,0.0,0.0,0.0,0.0
08105,"Llagosta, La",municipio,344.0,331.0,321.0,321.0,313.0,330.0,324.0,324.0,332.0,320.0,329.0,287.0,272.0,265.0
08106,Llinars del Vallès,municipio,298.0,290.0,291.0,284.0,278.0,283.0,281.0,290.0,302.0,286.0,288.0,265.0,265.0,286.0
08107,Lliçà d'Amunt,municipio,529.0,525.0,500.0,501.0,500.0,504.0,493.0,478.0,472.0,484.0,487.0,446.0,449.0,448.0
08108,Lliçà de Vall,municipio,344.0,334.0,333.0,313.0,313.0,337.0,339.0,312.0,316.0,324.0,310.0,287.0,285.0,269.0
08109,Lluçà,municipio,0.0,0.0,0.0,0.0,0.0,0.0,0.0,0.0,0.0,0.0,0.0,0.0,0.0,0.0
08110,Malgrat de Mar,municipio,527.0,519.0,508.0,520.0,522.0,512.0,495.0,490.0,504.0,477.0,489.0,426.0,429.0,411.0
08111,Malla,municipio,0.0,0.0,0.0,0.0,0.0,0.0,0.0,0.0,0.0,0.0,0.0,0.0,0.0,0.0
08112,Manlleu,municipio,500.0,483.0,487.0,476.0,478.0,480.0,455.0,448.0,445.0,443.0,441.0,406.0,432.0,437.0
08113,Manresa,municipio,1865.0,1799.0,1792.0,1788.0,1769.0,1778.0,1749.0,1715.0,1750.0,1758.0,1747.0,1662.0,1643.0,1614.0
08114,Martorell,municipio,637.0,622.0,620.0,600.0,588.0,593.0,587.0,576.0,585.0,565.0,572.0,527.0,534.0,540.0
08115,Martorelles,municipio,163.0,159.0,156.0,156.0,157.0,155.0,152.0,142.0,143.0,137.0,143.0,125.0,116.0,115.0
08116,"Masies de Roda, Les",municipio,0.0,0.0,0.0,0.0,0.0,0.0,0.0,0.0,0.0,0.0,0.0,0.0,0.0,0.0
08117,"Masies de Voltregà, Les",municipio,82.0,82.0,88.0,94.0,94.0,95.0,95.0,92.0,92.0,90.0,79.0,83.0,81.0,82.0
08118,"Masnou, El",municipio,671.0,660.0,658.0,641.0,678.0,660.0,623.0,617.0,626.0,619.0,616.0,546.0,532.0,515.0
08119,Masquefa,municipio,248.0,253.0,227.0,211.0,212.0,213.0,210.0,194.0,194.0,195.0,204.0,186.0,199.0,197.0
08120,Matadepera,municipio,258.0,262.0,256.0,249.0,245.0,257.0,275.0,274.0,244.0,246.0,239.0,216.0,210.0,215.0
08121,Mataró,municipio,3307.0,3175.0,3169.0,3177.0,3162.0,3239.0,3269.0,3196.0,3248.0,3211.0,3235.0,2971.0,2985.0,3010.0
08122,Mediona,municipio,46.0,44.0,41.0,41.0,43.0,40.0,34.0,34.0,41.0,41.0,42.0,40.0,37.0,34.0
08123,Molins de Rei,municipio,839.0,826.0,830.0,813.0,820.0,809.0,798.0,774.0,749.0,735.0,778.0,718.0,704.0,684.0
08124,Mollet del Vallès,municipio,1159.0,1117.0,1072.0,1079.0,1064.0,1057.0,1055.0,1042.0,1059.0,1020.0,1049.0,947.0,981.0,1010.0
08125,Montcada i Reixac,municipio,1144.0,1173.0,1147.0,1148.0,1144.0,1125.0,1145.0,1091.0,1113.0,1100.0,1081.0,991.0,1030.0,1006.0
08126,Montgat,municipio,363.0,386.0,386.0,395.0,388.0,369.0,380.0,373.0,367.0,360.0,362.0,352.0,344.0,339.0
08127,Monistrol de Montserrat,municipio,72.0,68.0,67.0,74.0,73.0,77.0,81.0,73.0,82.0,74.0,77.0,66.0,64.0,64.0
08128,Monistrol de Calders,municipio,0.0,0.0,0.0,0.0,0.0,0.0,0.0,0.0,0.0,0.0,0.0,0.0,0.0,0.0
08129,Muntanyola,municipio,0.0,0.0,0.0,0.0,0.0,0.0,0.0,0.0,0.0,0.0,0.0,0.0,0.0,0.0
08130,Montclar,municipio,0.0,0.0,0.0,0.0,0.0,0.0,0.0,0.0,0.0,0.0,0.0,0.0,0.0,0.0
08131,Montesquiu,municipio,0.0,0.0,0.0,0.0,0.0,0.0,0.0,0.0,0.0,15.0,14.0,10.0,11.0,11.0
08132,Montmajor,municipio,0.0,0.0,0.0,0.0,0.0,0.0,0.0,0.0,0.0,0.0,0.0,0.0,0.0,0.0
08133,Montmaneu,municipio,0.0,0.0,0.0,0.0,0.0,0.0,0.0,0.0,0.0,0.0,0.0,0.0,0.0,0.0
08134,Figaró-Montmany,municipio,28.0,30.0,28.0,24.0,23.0,24.0,30.0,28.0,29.0,25.0,25.0,19.0,20.0,17.0
08135,Montmeló,municipio,263.0,257.0,270.0,258.0,255.0,248.0,236.0,227.0,209.0,203.0,202.0,187.0,186.0,179.0
08136,Montornès del Vallès,municipio,426.0,433.0,455.0,410.0,407.0,392.0,395.0,384.0,385.0,381.0,366.0,341.0,356.0,363.0
08137,Montseny,municipio,0.0,0.0,0.0,0.0,0.0,0.0,0.0,0.0,0.0,0.0,0.0,0.0,0.0,0.0
08138,Moià,municipio,168.0,157.0,165.0,168.0,166.0,172.0,173.0,172.0,168.0,167.0,173.0,177.0,163.0,169.0
08139,Mura,municipio,0.0,0.0,0.0,0.0,0.0,0.0,0.0,0.0,0.0,0.0,0.0,0.0,0.0,0.0
08140,Navarcles,municipio,129.0,136.0,137.0,132.0,121.0,119.0,118.0,120.0,120.0,122.0,119.0,109.0,109.0,108.0
08141,Navàs,municipio,160.0,163.0,168.0,168.0,165.0,164.0,160.0,162.0,156.0,156.0,156.0,141.0,149.0,148.0
08142,"Nou de Berguedà, La",municipio,0.0,0.0,0.0,0.0,0.0,0.0,0.0,0.0,0.0,0.0,0.0,0.0,0.0,0.0
08143,Òdena,municipio,89.0,93.0,91.0,98.0,110.0,107.0,107.0,113.0,114.0,107.0,108.0,91.0,93.0,90.0
08144,Olvan,municipio,0.0,0.0,0.0,0.0,0.0,0.0,0.0,0.0,0.0,0.0,0.0,0.0,0.0,0.0
08145,Olèrdola,municipio,168.0,165.0,176.0,173.0,163.0,158.0,155.0,139.0,147.0,135.0,134.0,121.0,127.0,135.0
08146,Olesa de Bonesvalls,municipio,66.0,67.0,67.0,66.0,63.0,61.0,56.0,49.0,52.0,51.0,51.0,51.0,50.0,55.0
08147,Olesa de Montserrat,municipio,587.0,567.0,569.0,548.0,563.0,557.0,533.0,517.0,510.0,506.0,518.0,461.0,480.0,462.0
08148,Olivella,municipio,88.0,83.0,80.0,88.0,91.0,94.0,106.0,100.0,88.0,80.0,80.0,75.0,86.0,92.0
08149,Olost,municipio,42.0,38.0,36.0,36.0,34.0,36.0,34.0,36.0,38.0,37.0,32.0,31.0,34.0,31.0
08150,Orís,municipio,0.0,0.0,0.0,0.0,0.0,0.0,0.0,0.0,0.0,0.0,0.0,0.0,0.0,0.0
08151,Oristà,municipio,0.0,0.0,0.0,0.0,0.0,0.0,0.0,0.0,0.0,0.0,0.0,0.0,0.0,0.0
08152,Orpí,municipio,0.0,0.0,0.0,0.0,0.0,0.0,0.0,0.0,0.0,0.0,0.0,0.0,0.0,0.0
08153,Òrrius,municipio,0.0,0.0,0.0,0.0,0.0,0.0,0.0,0.0,0.0,0.0,0.0,0.0,0.0,0.0
08154,Pacs del Penedès,municipio,0.0,0.0,0.0,0.0,0.0,0.0,0.0,0.0,0.0,0.0,0.0,0.0,0.0,0.0
08155,Palafolls,municipio,260.0,260.0,257.0,255.0,259.0,266.0,273.0,257.0,261.0,254.0,252.0,240.0,234.0,231.0
08156,Palau-solità i Plegamans,municipio,596.0,585.0,593.0,596.0,590.0,602.0,588.0,587.0,574.0,564.0,534.0,504.0,500.0,478.0
08157,Pallejà,municipio,351.0,355.0,340.0,344.0,346.0,356.0,357.0,338.0,336.0,337.0,332.0,330.0,330.0,318.0
08158,"Papiol, El",municipio,164.0,154.0,156.0,162.0,163.0,167.0,171.0,166.0,157.0,151.0,148.0,141.0,153.0,147.0
08159,Parets del Vallès,municipio,566.0,563.0,558.0,580.0,579.0,563.0,564.0,543.0,544.0,542.0,519.0,473.0,468.0,469.0
08160,Perafita,municipio,0.0,0.0,0.0,0.0,0.0,0.0,0.0,0.0,0.0,0.0,0.0,0.0,0.0,0.0
08161,Piera,municipio,373.0,371.0,364.0,354.0,366.0,353.0,369.0,366.0,392.0,384.0,395.0,370.0,385.0,382.0
08162,"Hostalets de Pierola, Els",municipio,63.0,62.0,66.0,68.0,67.0,61.0,63.0,60.0,46.0,54.0,52.0,44.0,52.0,54.0
08163,Pineda de Mar,municipio,791.0,742.0,728.0,700.0,722.0,711.0,704.0,679.0,670.0,652.0,691.0,630.0,637.0,651.0
08164,"Pla del Penedès, El",municipio,25.0,26.0,27.0,23.0,26.0,23.0,23.0,20.0,21.0,25.0,24.0,24.0,23.0,23.0
08165,"Pobla de Claramunt, La",municipio,66.0,64.0,59.0,64.0,57.0,50.0,50.0,49.0,46.0,45.0,46.0,44.0,47.0,47.0
08166,"Pobla de Lillet, La",municipio,42.0,41.0,36.0,36.0,32.0,32.0,30.0,32.0,32.0,31.0,32.0,31.0,31.0,29.0
08167,Polinyà,municipio,344.0,347.0,354.0,331.0,339.0,351.0,320.0,313.0,310.0,307.0,304.0,285.0,285.0,278.0
08168,Pontons,municipio,0.0,0.0,0.0,0.0,0.0,0.0,0.0,0.0,0.0,0.0,0.0,0.0,0.0,0.0
08169,"Prat de Llobregat, El",municipio,1668.0,1662.0,1618.0,1626.0,1612.0,1673.0,1605.0,1535.0,1562.0,1525.0,1516.0,1399.0,1408.0,1397.0
08170,"Prats de Rei, Els",municipio,0.0,0.0,0.0,0.0,0.0,0.0,0.0,0.0,0.0,0.0,0.0,0.0,0.0,0.0
08171,Prats de Lluçanès,municipio,95.0,94.0,86.0,85.0,82.0,77.0,76.0,80.0,78.0,75.0,72.0,76.0,70.0,64.0
08172,Premià de Mar,municipio,691.0,663.0,666.0,683.0,700.0,699.0,698.0,689.0,660.0,646.0,662.0,578.0,577.0,556.0
08174,Puigdàlber,municipio,0.0,0.0,0.0,0.0,0.0,0.0,0.0,0.0,0.0,0.0,0.0,0.0,0.0,0.0
08175,Puig-reig,municipio,124.0,123.0,122.0,120.0,115.0,122.0,121.0,114.0,110.0,106.0,109.0,103.0,97.0,93.0
08176,Pujalt,municipio,0.0,0.0,0.0,0.0,0.0,0.0,0.0,0.0,0.0,0.0,0.0,0.0,0.0,0.0
08177,"Quar, La",municipio,0.0,0.0,0.0,0.0,0.0,0.0,0.0,0.0,0.0,0.0,0.0,0.0,0.0,0.0
08178,Rajadell,municipio,0.0,0.0,0.0,0.0,0.0,0.0,0.0,0.0,0.0,0.0,0.0,0.0,0.0,0.0
08179,Rellinars,municipio,0.0,0.0,0.0,0.0,0.0,0.0,0.0,0.0,0.0,0.0,0.0,0.0,0.0,0.0
08180,Ripollet,municipio,991.0,966.0,953.0,962.0,958.0,960.0,947.0,908.0,951.0,959.0,968.0,908.0,884.0,893.0
08181,"Roca del Vallès, La",municipio,330.0,325.0,337.0,347.0,344.0,335.0,321.0,320.0,313.0,308.0,321.0,304.0,322.0,311.0
08182,"Pont de Vilomara i Rocafort, El",municipio,79.0,75.0,71.0,73.0,65.0,72.0,74.0,71.0,72.0,71.0,70.0,67.0,66.0,67.0
08183,Roda de Ter,municipio,126.0,132.0,136.0,140.0,140.0,148.0,155.0,151.0,149.0,137.0,137.0,132.0,137.0,136.0
08184,Rubí,municipio,1983.0,1908.0,1890.0,1911.0,1890.0,1948.0,1911.0,1847.0,1922.0,1896.0,1843.0,1703.0,1769.0,1755.0
08185,Rubió,municipio,0.0,0.0,0.0,0.0,0.0,0.0,0.0,0.0,0.0,0.0,0.0,0.0,0.0,0.0
08187,Sabadell,municipio,5321.0,5181.0,5167.0,5145.0,5155.0,5129.0,5112.0,5054.0,5133.0,5140.0,5172.0,4736.0,4805.0,4803.0
08188,Sagàs,municipio,0.0,0.0,0.0,0.0,0.0,0.0,0.0,0.0,0.0,0.0,0.0,0.0,0.0,0.0
08189,Sant Pere Sallavinera,municipio,0.0,0.0,0.0,0.0,0.0,0.0,0.0,0.0,0.0,0.0,0.0,0.0,0.0,0.0
08190,Saldes,municipio,0.0,0.0,0.0,0.0,0.0,0.0,0.0,0.0,0.0,0.0,0.0,0.0,0.0,0.0
08191,Sallent,municipio,191.0,186.0,186.0,181.0,174.0,174.0,181.0,177.0,170.0,164.0,166.0,155.0,147.0,139.0
08192,Santpedor,municipio,189.0,190.0,182.0,170.0,178.0,166.0,170.0,163.0,158.0,153.0,153.0,154.0,162.0,159.0
08193,Sant Iscle de Vallalta,municipio,33.0,35.0,33.0,35.0,36.0,27.0,29.0,30.0,35.0,31.0,27.0,23.0,25.0,24.0
08194,Sant Adrià de Besòs,municipio,994.0,1008.0,996.0,1001.0,1000.0,1031.0,1058.0,1046.0,1063.0,1082.0,1091.0,1033.0,1072.0,1067.0
08195,Sant Agustí de Lluçanès,municipio,0.0,0.0,0.0,0.0,0.0,0.0,0.0,0.0,0.0,0.0,0.0,0.0,0.0,0.0
08196,Sant Andreu de la Barca,municipio,723.0,687.0,691.0,677.0,681.0,670.0,681.0,663.0,662.0,653.0,641.0,598.0,606.0,600.0
08197,Sant Andreu de Llavaneres,municipio,323.0,306.0,291.0,281.0,285.0,299.0,309.0,317.0,313.0,297.0,322.0,321.0,309.0,311.0
08198,Sant Antoni de Vilamajor,municipio,190.0,184.0,187.0,188.0,194.0,198.0,190.0,187.0,185.0,173.0,168.0,157.0,156.0,145.0
08199,Sant Bartomeu del Grau,municipio,0.0,0.0,0.0,0.0,0.0,0.0,0.0,0.0,0.0,0.0,0.0,0.0,0.0,0.0
08200,Sant Boi de Llobregat,municipio,2177.0,2106.0,2087.0,2079.0,2090.0,2095.0,2064.0,1962.0,1960.0,1950.0,1941.0,1757.0,1801.0,1712.0
08201,Sant Boi de Lluçanès,municipio,0.0,0.0,0.0,0.0,0.0,0.0,0.0,0.0,0.0,0.0,0.0,0.0,0.0,0.0
08202,Sant Celoni,municipio,428.0,416.0,409.0,390.0,375.0,379.0,393.0,408.0,385.0,394.0,402.0,375.0,394.0,366.0
08203,Sant Cebrià de Vallalta,municipio,122.0,111.0,111.0,108.0,109.0,113.0,110.0,104.0,106.0,103.0,109.0,104.0,101.0,100.0
08204,Sant Climent de Llobregat,municipio,119.0,116.0,121.0,129.0,132.0,137.0,131.0,121.0,124.0,115.0,112.0,98.0,94.0,93.0
08205,Sant Cugat del Vallès,municipio,2287.0,2287.0,2334.0,2362.0,2397.0,2407.0,2369.0,2332.0,2320.0,2324.0,2370.0,2193.0,2128.0,2116.0
08206,Sant Cugat Sesgarrigues,municipio,0.0,0.0,0.0,0.0,0.0,0.0,0.0,0.0,41.0,36.0,34.0,34.0,41.0,38.0
08207,Sant Esteve de Palautordera,municipio,68.0,67.0,74.0,71.0,76.0,78.0,70.0,74.0,78.0,83.0,85.0,79.0,81.0,78.0
08208,Sant Esteve Sesrovires,municipio,253.0,250.0,239.0,235.0,240.0,242.0,235.0,231.0,211.0,207.0,207.0,194.0,189.0,195.0
08209,Sant Fost de Campsentelles,municipio,339.0,333.0,326.0,306.0,307.0,318.0,303.0,304.0,297.0,298.0,300.0,297.0,287.0,274.0
08210,Sant Feliu de Codines,municipio,154.0,142.0,134.0,127.0,141.0,148.0,150.0,138.0,144.0,136.0,141.0,127.0,129.0,137.0
08211,Sant Feliu de Llobregat,municipio,1080.0,1073.0,1037.0,1032.0,1042.0,1071.0,1038.0,1026.0,1045.0,1021.0,1033.0,953.0,962.0,955.0
08212,Sant Feliu Sasserra,municipio,0.0,0.0,0.0,0.0,0.0,0.0,0.0,0.0,0.0,0.0,0.0,0.0,0.0,0.0
08213,Sant Fruitós de Bages,municipio,279.0,269.0,281.0,272.0,274.0,276.0,271.0,265.0,265.0,264.0,281.0,255.0,255.0,262.0
08214,Vilassar de Dalt,municipio,287.0,279.0,294.0,284.0,270.0,283.0,280.0,289.0,294.0,290.0,289.0,269.0,279.0,263.0
08215,Sant Hipòlit de Voltregà,municipio,85.0,95.0,92.0,89.0,94.0,90.0,78.0,80.0,77.0,78.0,79.0,79.0,85.0,79.0
08216,Sant Jaume de Frontanyà,municipio,0.0,0.0,0.0,0.0,0.0,0.0,0.0,0.0,0.0,0.0,0.0,0.0,0.0,0.0
08217,Sant Joan Despí,municipio,923.0,918.0,899.0,886.0,869.0,856.0,828.0,813.0,819.0,805.0,798.0,752.0,790.0,757.0
08218,Sant Joan de Vilatorrada,municipio,250.0,248.0,236.0,223.0,229.0,231.0,231.0,219.0,220.0,212.0,206.0,196.0,200.0,195.0
08219,Vilassar de Mar,municipio,651.0,622.0,607.0,619.0,612.0,596.0,601.0,584.0,589.0,583.0,589.0,550.0,563.0,561.0
08220,Sant Julià de Vilatorta,municipio,100.0,89.0,90.0,97.0,91.0,87.0,82.0,76.0,82.0,86.0,89.0,89.0,87.0,84.0
08221,Sant Just Desvern,municipio,575.0,571.0,563.0,562.0,584.0,618.0,598.0,568.0,575.0,557.0,572.0,558.0,534.0,515.0
08222,Sant Llorenç d'Hortons,municipio,71.0,65.0,63.0,62.0,64.0,67.0,55.0,52.0,46.0,48.0,53.0,48.0,50.0,52.0
08223,Sant Llorenç Savall,municipio,73.0,66.0,66.0,70.0,64.0,57.0,60.0,60.0,57.0,53.0,52.0,46.0,47.0,52.0
08224,Sant Martí de Centelles,municipio,20.0,20.0,18.0,18.0,19.0,17.0,19.0,22.0,22.0,22.0,21.0,20.0,21.0,22.0
08225,Sant Martí d'Albars,municipio,0.0,0.0,0.0,0.0,0.0,0.0,0.0,0.0,0.0,0.0,0.0,0.0,0.0,0.0
08226,Sant Martí de Tous,municipio,25.0,27.0,27.0,27.0,26.0,29.0,27.0,28.0,28.0,25.0,25.0,21.0,20.0,23.0
08227,Sant Martí Sarroca,municipio,92.0,87.0,87.0,85.0,86.0,87.0,84.0,78.0,75.0,83.0,80.0,70.0,73.0,68.0
08228,Sant Martí Sesgueioles,municipio,0.0,0.0,0.0,0.0,0.0,0.0,0.0,0.0,0.0,0.0,0.0,0.0,0.0,0.0
08229,Sant Mateu de Bages,municipio,0.0,0.0,0.0,0.0,0.0,0.0,0.0,0.0,0.0,0.0,0.0,0.0,0.0,0.0
08230,Premià de Dalt,municipio,331.0,319.0,295.0,293.0,307.0,324.0,315.0,308.0,317.0,321.0,312.0,297.0,289.0,292.0
08231,Sant Pere de Ribes,municipio,712.0,705.0,677.0,718.0,693.0,730.0,724.0,688.0,731.0,729.0,721.0,663.0,669.0,664.0
08232,Sant Pere de Riudebitlles,municipio,72.0,69.0,64.0,62.0,59.0,59.0,57.0,55.0,49.0,49.0,54.0,52.0,52.0,59.0
08233,Sant Pere de Torelló,municipio,56.0,63.0,56.0,58.0,63.0,68.0,66.0,63.0,57.0,59.0,60.0,53.0,54.0,49.0
08234,Sant Pere de Vilamajor,municipio,121.0,120.0,121.0,111.0,113.0,115.0,115.0,114.0,109.0,109.0,116.0,119.0,122.0,112.0
08235,Sant Pol de Mar,municipio,170.0,161.0,156.0,149.0,156.0,156.0,156.0,144.0,146.0,139.0,140.0,140.0,149.0,137.0
08236,Sant Quintí de Mediona,municipio,44.0,43.0,41.0,42.0,42.0,44.0,43.0,35.0,27.0,29.0,28.0,32.0,36.0,34.0
08237,Sant Quirze de Besora,municipio,69.0,65.0,66.0,67.0,67.0,62.0,58.0,54.0,50.0,55.0,54.0,50.0,51.0,49.0
08238,Sant Quirze del Vallès,municipio,691.0,661.0,683.0,658.0,626.0,639.0,642.0,632.0,608.0,587.0,592.0,574.0,592.0,585.0
08239,Sant Quirze Safaja,municipio,0.0,0.0,0.0,0.0,0.0,0.0,0.0,0.0,0.0,0.0,0.0,0.0,0.0,0.0
08240,Sant Sadurní d'Anoia,municipio,322.0,303.0,306.0,301.0,288.0,290.0,298.0,292.0,289.0,281.0,282.0,264.0,256.0,248.0
08241,Sant Sadurní d'Osormort,municipio,0.0,0.0,0.0,0.0,0.0,0.0,0.0,0.0,0.0,0.0,0.0,0.0,0.0,0.0
08242,Marganell,municipio,0.0,0.0,0.0,0.0,0.0,0.0,0.0,0.0,0.0,0.0,0.0,0.0,0.0,0.0
08243,Santa Cecília de Voltregà,municipio,0.0,0.0,0.0,0.0,0.0,0.0,0.0,0.0,0.0,0.0,0.0,0.0,0.0,0.0
08244,Santa Coloma de Cervelló,municipio,247.0,235.0,237.0,232.0,221.0,223.0,222.0,220.0,218.0,210.0,211.0,181.0,182.0,186.0
08245,Santa Coloma de Gramenet,municipio,2662.0,2597.0,2568.0,2550.0,2548.0,2597.0,2569.0,2518.0,2690.0,2675.0,2734.0,2463.0,2501.0,2531.0
08246,Santa Eugènia de Berga,municipio,75.0,76.0,80.0,75.0,76.0,71.0,64.0,62.0,56.0,57.0,54.0,54.0,56.0,53.0
08247,Santa Eulàlia de Riuprimer,municipio,27.0,25.0,31.0,34.0,36.0,34.0,30.0,33.0,35.0,33.0,34.0,29.0,32.0,33.0
08248,Santa Eulàlia de Ronçana,municipio,251.0,250.0,250.0,244.0,240.0,236.0,241.0,231.0,220.0,212.0,221.0,212.0,206.0,213.0
08249,Santa Fe del Penedès,municipio,0.0,0.0,0.0,0.0,0.0,0.0,0.0,0.0,0.0,0.0,0.0,0.0,0.0,0.0
08250,Santa Margarida de Montbui,municipio,134.0,130.0,148.0,132.0,137.0,139.0,139.0,135.0,152.0,142.0,140.0,134.0,132.0,139.0
08251,Santa Margarida i els Monjos,municipio,151.0,146.0,148.0,143.0,146.0,153.0,145.0,146.0,142.0,129.0,124.0,123.0,121.0,128.0
08252,Barberà del Vallès,municipio,1119.0,1087.0,1124.0,1108.0,1095.0,1112.0,1096.0,1035.0,1023.0,1009.0,1001.0,972.0,944.0,935.0
08253,Santa Maria de Besora,municipio,0.0,0.0,0.0,0.0,0.0,0.0,0.0,0.0,0.0,0.0,0.0,0.0,0.0,0.0
08254,"Esquirol, L'",municipio,58.0,61.0,61.0,56.0,61.0,58.0,61.0,61.0,66.0,65.0,65.0,61.0,60.0,58.0
08255,Santa Maria de Merlès,municipio,0.0,0.0,0.0,0.0,0.0,0.0,0.0,0.0,0.0,0.0,0.0,0.0,0.0,0.0
08256,Santa Maria de Martorelles,municipio,0.0,0.0,0.0,0.0,0.0,0.0,0.0,0.0,0.0,0.0,0.0,0.0,0.0,0.0
08257,Santa Maria de Miralles,municipio,0.0,0.0,0.0,0.0,0.0,0.0,0.0,0.0,0.0,0.0,0.0,0.0,0.0,0.0
08258,Santa Maria d'Oló,municipio,20.0,18.0,15.0,14.0,18.0,19.0,18.0,21.0,20.0,20.0,17.0,20.0,20.0,18.0
08259,Santa Maria de Palautordera,municipio,247.0,228.0,237.0,247.0,251.0,260.0,252.0,228.0,220.0,228.0,232.0,215.0,209.0,215.0
08260,Santa Perpètua de Mogoda,municipio,997.0,983.0,953.0,933.0,950.0,948.0,952.0,924.0,926.0,925.0,893.0,799.0,814.0,817.0
08261,Santa Susanna,municipio,148.0,136.0,139.0,148.0,142.0,145.0,148.0,138.0,145.0,144.0,152.0,147.0,155.0,146.0
08262,Sant Vicenç de Castellet,municipio,242.0,227.0,232.0,224.0,218.0,228.0,214.0,204.0,195.0,199.0,187.0,172.0,177.0,168.0
08263,Sant Vicenç dels Horts,municipio,788.0,756.0,728.0,728.0,728.0,720.0,682.0,663.0,674.0,658.0,673.0,622.0,613.0,621.0
08264,Sant Vicenç de Montalt,municipio,201.0,191.0,195.0,200.0,199.0,205.0,193.0,208.0,196.0,191.0,196.0,177.0,168.0,163.0
08265,Sant Vicenç de Torelló,municipio,49.0,47.0,43.0,43.0,43.0,51.0,43.0,39.0,43.0,39.0,40.0,40.0,39.0,42.0
08266,Cerdanyola del Vallès,municipio,1707.0,1639.0,1609.0,1544.0,1539.0,1528.0,1498.0,1463.0,1487.0,1423.0,1414.0,1268.0,1270.0,1235.0
08267,Sentmenat,municipio,311.0,296.0,297.0,306.0,290.0,304.0,292.0,296.0,285.0,283.0,289.0,264.0,275.0,263.0
08268,Cercs,municipio,33.0,28.0,28.0,30.0,32.0,30.0,22.0,22.0,24.0,25.0,26.0,24.0,23.0,20.0
08269,Seva,municipio,116.0,112.0,108.0,107.0,113.0,105.0,101.0,95.0,104.0,105.0,111.0,111.0,109.0,104.0
08270,Sitges,municipio,957.0,1005.0,1005.0,1021.0,1016.0,1049.0,1076.0,1068.0,1042.0,1015.0,1047.0,981.0,975.0,975.0
08271,Sobremunt,municipio,0.0,0.0,0.0,0.0,0.0,0.0,0.0,0.0,0.0,0.0,0.0,0.0,0.0,0.0
08272,Sora,municipio,0.0,0.0,0.0,0.0,0.0,0.0,0.0,0.0,0.0,0.0,0.0,0.0,0.0,0.0
08273,Subirats,municipio,126.0,122.0,115.0,113.0,114.0,99.0,102.0,104.0,110.0,108.0,105.0,93.0,96.0,95.0
08274,Súria,municipio,144.0,139.0,146.0,154.0,146.0,137.0,136.0,130.0,126.0,123.0,119.0,114.0,113.0,109.0
08275,Tavèrnoles,municipio,0.0,0.0,0.0,0.0,0.0,0.0,0.0,0.0,0.0,0.0,0.0,0.0,0.0,0.0
08276,Tagamanent,municipio,0.0,0.0,0.0,0.0,0.0,0.0,0.0,0.0,0.0,0.0,0.0,0.0,0.0,0.0
08277,Talamanca,municipio,0.0,0.0,0.0,0.0,0.0,0.0,0.0,0.0,0.0,0.0,0.0,0.0,0.0,0.0
08278,Taradell,municipio,173.0,175.0,176.0,170.0,179.0,182.0,174.0,164.0,167.0,165.0,167.0,167.0,162.0,157.0
08279,Terrassa,municipio,5094.0,5035.0,5055.0,5019.0,5053.0,5078.0,4954.0,4792.0,4857.0,4831.0,4916.0,4530.0,4496.0,4505.0
08280,Tavertet,municipio,0.0,0.0,0.0,0.0,0.0,0.0,0.0,0.0,0.0,0.0,0.0,0.0,0.0,0.0
08281,Teià,municipio,194.0,196.0,203.0,196.0,182.0,185.0,199.0,185.0,190.0,201.0,206.0,196.0,200.0,187.0
08282,Tiana,municipio,245.0,241.0,244.0,239.0,235.0,251.0,243.0,248.0,256.0,254.0,240.0,234.0,228.0,226.0
08283,Tona,municipio,238.0,230.0,224.0,232.0,231.0,222.0,222.0,225.0,218.0,219.0,214.0,203.0,210.0,211.0
08284,Tordera,municipio,433.0,394.0,399.0,386.0,402.0,418.0,416.0,406.0,425.0,413.0,443.0,396.0,402.0,407.0
08285,Torelló,municipio,335.0,310.0,308.0,297.0,296.0,305.0,296.0,292.0,283.0,271.0,272.0,259.0,266.0,265.0
08286,"Torre de Claramunt, La",municipio,80.0,75.0,68.0,68.0,68.0,59.0,64.0,55.0,58.0,64.0,64.0,65.0,63.0,63.0
08287,Torrelavit,municipio,41.0,43.0,40.0,36.0,38.0,37.0,36.0,35.0,35.0,31.0,30.0,31.0,31.0,29.0
08288,Torrelles de Foix,municipio,37.0,36.0,40.0,39.0,36.0,38.0,41.0,42.0,41.0,46.0,46.0,45.0,37.0,36.0
08289,Torrelles de Llobregat,municipio,182.0,170.0,183.0,187.0,170.0,174.0,169.0,180.0,173.0,174.0,168.0,130.0,135.0,135.0
08290,Ullastrell,municipio,55.0,56.0,56.0,60.0,64.0,59.0,61.0,63.0,60.0,62.0,61.0,58.0,61.0,62.0
08291,Vacarisses,municipio,159.0,155.0,146.0,139.0,156.0,143.0,153.0,149.0,141.0,137.0,138.0,133.0,134.0,132.0
08292,Vallbona d'Anoia,municipio,33.0,34.0,34.0,34.0,36.0,32.0,33.0,35.0,38.0,37.0,36.0,30.0,31.0,31.0
08293,Vallcebre,municipio,0.0,0.0,0.0,0.0,0.0,0.0,0.0,0.0,0.0,0.0,0.0,0.0,0.0,0.0
08294,Vallgorguina,municipio,83.0,79.0,74.0,82.0,84.0,76.0,66.0,74.0,75.0,69.0,65.0,64.0,67.0,67.0
08295,Vallirana,municipio,508.0,498.0,487.0,475.0,456.0,450.0,434.0,440.0,422.0,400.0,398.0,400.0,405.0,407.0
08296,Vallromanes,municipio,88.0,81.0,88.0,96.0,93.0,93.0,90.0,98.0,92.0,90.0,85.0,84.0,88.0,83.0
08297,Veciana,municipio,0.0,0.0,0.0,0.0,0.0,0.0,0.0,0.0,0.0,0.0,0.0,0.0,0.0,0.0
08298,Vic,municipio,1311.0,1293.0,1302.0,1293.0,1297.0,1297.0,1288.0,1227.0,1221.0,1207.0,1234.0,1158.0,1163.0,1193.0
08299,Vilada,municipio,0.0,0.0,0.0,0.0,0.0,0.0,0.0,0.0,0.0,0.0,0.0,0.0,0.0,0.0
08300,Viladecavalls,municipio,234.0,231.0,220.0,225.0,225.0,232.0,229.0,225.0,210.0,214.0,205.0,199.0,194.0,184.0
08301,Viladecans,municipio,1842.0,1762.0,1721.0,1714.0,1682.0,1700.0,1658.0,1602.0,1634.0,1617.0,1570.0,1502.0,1487.0,1504.0
08302,Vilanova del Camí,municipio,230.0,219.0,223.0,219.0,219.0,224.0,213.0,209.0,221.0,215.0,214.0,191.0,199.0,180.0
08303,Vilanova de Sau,municipio,0.0,0.0,0.0,0.0,0.0,0.0,0.0,0.0,0.0,0.0,0.0,0.0,0.0,0.0
08304,Vilobí del Penedès,municipio,34.0,31.0,28.0,29.0,28.0,21.0,26.0,25.0,24.0,27.0,26.0,28.0,27.0,23.0
08305,Vilafranca del Penedès,municipio,1007.0,976.0,965.0,975.0,975.0,988.0,995.0,991.0,941.0,962.0,962.0,875.0,895.0,909.0
08306,Vilalba Sasserra,municipio,0.0,0.0,0.0,0.0,0.0,0.0,0.0,0.0,0.0,0.0,0.0,0.0,0.0,0.0
08307,Vilanova i la Geltrú,municipio,1552.0,1522.0,1472.0,1497.0,1466.0,1459.0,1502.0,1462.0,1486.0,1477.0,1474.0,1356.0,1377.0,1368.0
08308,Viver i Serrateix,municipio,0.0,0.0,0.0,0.0,0.0,0.0,0.0,0.0,0.0,0.0,0.0,0.0,0.0,0.0
08901,Rupit i Pruit,municipio,0.0,0.0,0.0,0.0,0.0,0.0,0.0,0.0,0.0,0.0,0.0,0.0,0.0,0.0
08902,Vilanova del Vallès,municipio,193.0,186.0,187.0,189.0,183.0,192.0,187.0,192.0,205.0,197.0,194.0,185.0,183.0,186.0
08903,Sant Julià de Cerdanyola,municipio,0.0,0.0,0.0,0.0,0.0,0.0,0.0,0.0,0.0,0.0,0.0,0.0,0.0,0.0
08904,Badia del Vallès,municipio,171.0,152.0,143.0,138.0,141.0,147.0,154.0,158.0,163.0,166.0,160.0,137.0,149.0,138.0
08905,"Palma de Cervelló, La",municipio,135.0,130.0,131.0,127.0,128.0,125.0,115.0,115.0,105.0,108.0,109.0,94.0,86.0,82.0
08,Barcelona,provincia,162613.0,158446.0,156788.0,155779.0,155384.0,156843.0,156936.0,154043.0,155173.0,153688.0,154227.0,139596.0,141123.0,140310.0
09001,Abajas,municipio,0.0,0.0,0.0,0.0,0.0,0.0,0.0,0.0,0.0,0.0,0.0,0.0,0.0,0.0
09003,Adrada de Haza,municipio,0.0,0.0,0.0,0.0,0.0,0.0,0.0,0.0,0.0,0.0,0.0,0.0,0.0,0.0
09006,Aguas Cándidas,municipio,0.0,0.0,0.0,0.0,0.0,0.0,0.0,0.0,0.0,0.0,0.0,0.0,0.0,0.0
09007,Aguilar de Bureba,municipio,0.0,0.0,0.0,0.0,0.0,0.0,0.0,0.0,0.0,0.0,0.0,0.0,0.0,0.0
09009,Albillos,municipio,0.0,0.0,0.0,0.0,0.0,0.0,0.0,0.0,0.0,0.0,0.0,0.0,0.0,0.0
09010,Alcocero de Mola,municipio,0.0,0.0,0.0,0.0,0.0,0.0,0.0,0.0,0.0,0.0,0.0,0.0,0.0,0.0
09011,Alfoz de Bricia,municipio,0.0,0.0,0.0,0.0,0.0,0.0,0.0,0.0,0.0,0.0,0.0,0.0,0.0,0.0
09012,Alfoz de Santa Gadea,municipio,0.0,0.0,0.0,0.0,0.0,0.0,0.0,0.0,0.0,0.0,0.0,0.0,0.0,0.0
09013,Altable,municipio,0.0,0.0,0.0,0.0,0.0,0.0,0.0,0.0,0.0,0.0,0.0,0.0,0.0,0.0
09014,"Altos, Los",municipio,0.0,0.0,0.0,0.0,0.0,0.0,0.0,0.0,0.0,0.0,0.0,0.0,0.0,0.0
09016,Ameyugo,municipio,0.0,0.0,0.0,0.0,0.0,0.0,0.0,0.0,0.0,0.0,0.0,0.0,0.0,0.0
09017,Anguix,municipio,0.0,0.0,0.0,0.0,0.0,0.0,0.0,0.0,0.0,0.0,0.0,0.0,0.0,0.0
09018,Aranda de Duero,municipio,1069.0,1050.0,1060.0,1045.0,1032.0,1016.0,976.0,983.0,961.0,943.0,934.0,860.0,867.0,850.0
09019,Arandilla,municipio,0.0,0.0,0.0,0.0,0.0,0.0,0.0,0.0,0.0,0.0,0.0,0.0,0.0,0.0
09020,Arauzo de Miel,municipio,0.0,0.0,0.0,0.0,0.0,0.0,0.0,0.0,0.0,0.0,0.0,0.0,0.0,0.0
09021,Arauzo de Salce,municipio,0.0,0.0,0.0,0.0,0.0,0.0,0.0,0.0,0.0,0.0,0.0,0.0,0.0,0.0
09022,Arauzo de Torre,municipio,0.0,0.0,0.0,0.0,0.0,0.0,0.0,0.0,0.0,0.0,0.0,0.0,0.0,0.0
09023,Arcos,municipio,35.0,38.0,36.0,36.0,40.0,40.0,37.0,40.0,39.0,40.0,39.0,32.0,32.0,30.0
09024,Arenillas de Riopisuerga,municipio,0.0,0.0,0.0,0.0,0.0,0.0,0.0,0.0,0.0,0.0,0.0,0.0,0.0,0.0
09025,Arija,municipio,0.0,0.0,0.0,0.0,0.0,0.0,0.0,0.0,0.0,0.0,0.0,0.0,0.0,0.0
09026,Arlanzón,municipio,0.0,0.0,0.0,0.0,0.0,0.0,0.0,0.0,0.0,0.0,0.0,0.0,0.0,0.0
09027,Arraya de Oca,municipio,0.0,0.0,0.0,0.0,0.0,0.0,0.0,0.0,0.0,0.0,0.0,0.0,0.0,0.0
09029,Atapuerca,municipio,0.0,0.0,0.0,0.0,0.0,0.0,0.0,0.0,0.0,0.0,0.0,0.0,0.0,0.0
09030,"Ausines, Los",municipio,0.0,0.0,0.0,0.0,0.0,0.0,0.0,0.0,0.0,0.0,0.0,0.0,0.0,0.0
09032,Avellanosa de Muñó,municipio,0.0,0.0,0.0,0.0,0.0,0.0,0.0,0.0,0.0,0.0,0.0,0.0,0.0,0.0
09033,Bahabón de Esgueva,municipio,0.0,0.0,0.0,0.0,0.0,0.0,0.0,0.0,0.0,0.0,0.0,0.0,0.0,0.0
09034,"Balbases, Los",municipio,0.0,0.0,0.0,0.0,0.0,0.0,0.0,0.0,0.0,0.0,0.0,0.0,0.0,0.0
09035,Baños de Valdearados,municipio,0.0,0.0,0.0,0.0,0.0,0.0,0.0,0.0,0.0,0.0,0.0,0.0,0.0,0.0
09036,Bañuelos de Bureba,municipio,0.0,0.0,0.0,0.0,0.0,0.0,0.0,0.0,0.0,0.0,0.0,0.0,0.0,0.0
09037,Barbadillo de Herreros,municipio,0.0,0.0,0.0,0.0,0.0,0.0,0.0,0.0,0.0,0.0,0.0,0.0,0.0,0.0
09038,Barbadillo del Mercado,municipio,0.0,0.0,0.0,0.0,0.0,0.0,0.0,0.0,0.0,0.0,0.0,0.0,0.0,0.0
09039,Barbadillo del Pez,municipio,0.0,0.0,0.0,0.0,0.0,0.0,0.0,0.0,0.0,0.0,0.0,0.0,0.0,0.0
09041,Barrio de Muñó,municipio,0.0,0.0,0.0,0.0,0.0,0.0,0.0,0.0,0.0,0.0,0.0,0.0,0.0,0.0
09043,"Barrios de Bureba, Los",municipio,0.0,0.0,0.0,0.0,0.0,0.0,0.0,0.0,0.0,0.0,0.0,0.0,0.0,0.0
09044,Barrios de Colina,municipio,0.0,0.0,0.0,0.0,0.0,0.0,0.0,0.0,0.0,0.0,0.0,0.0,0.0,0.0
09045,Basconcillos del Tozo,municipio,0.0,0.0,0.0,0.0,0.0,0.0,0.0,0.0,0.0,0.0,0.0,0.0,0.0,0.0
09046,Bascuñana,municipio,0.0,0.0,0.0,0.0,0.0,0.0,0.0,0.0,0.0,0.0,0.0,0.0,0.0,0.0
09047,Belbimbre,municipio,0.0,0.0,0.0,0.0,0.0,0.0,0.0,0.0,0.0,0.0,0.0,0.0,0.0,0.0
09048,Belorado,municipio,81.0,85.0,82.0,87.0,84.0,84.0,80.0,75.0,67.0,67.0,61.0,59.0,58.0,60.0
09050,Berberana,municipio,0.0,0.0,0.0,0.0,0.0,0.0,0.0,0.0,0.0,0.0,0.0,0.0,0.0,0.0
09051,Berlangas de Roa,municipio,0.0,0.0,0.0,0.0,0.0,0.0,0.0,0.0,0.0,0.0,0.0,0.0,0.0,0.0
09052,Berzosa de Bureba,municipio,0.0,0.0,0.0,0.0,0.0,0.0,0.0,0.0,0.0,0.0,0.0,0.0,0.0,0.0
09054,Bozoó,municipio,0.0,0.0,0.0,0.0,0.0,0.0,0.0,0.0,0.0,0.0,0.0,0.0,0.0,0.0
09055,Brazacorta,municipio,0.0,0.0,0.0,0.0,0.0,0.0,0.0,0.0,0.0,0.0,0.0,0.0,0.0,0.0
09056,Briviesca,municipio,222.0,220.0,207.0,201.0,194.0,199.0,202.0,187.0,186.0,185.0,188.0,172.0,162.0,153.0
09057,Bugedo,municipio,0.0,0.0,0.0,0.0,0.0,0.0,0.0,0.0,0.0,0.0,0.0,0.0,0.0,0.0
09058,Buniel,municipio,0.0,0.0,0.0,0.0,0.0,0.0,0.0,0.0,0.0,0.0,0.0,0.0,0.0,0.0
09059,Burgos,municipio,4610.0,4521.0,4425.0,4470.0,4451.0,4411.0,4382.0,4260.0,4126.0,4056.0,4010.0,3745.0,3717.0,3673.0
09060,Busto de Bureba,municipio,0.0,0.0,0.0,0.0,0.0,0.0,0.0,0.0,0.0,0.0,0.0,0.0,0.0,0.0
09061,Cabañes de Esgueva,municipio,0.0,0.0,0.0,0.0,0.0,0.0,0.0,0.0,0.0,0.0,0.0,0.0,0.0,0.0
09062,Cabezón de la Sierra,municipio,0.0,0.0,0.0,0.0,0.0,0.0,0.0,0.0,0.0,0.0,0.0,0.0,0.0,0.0
09063,Cavia,municipio,0.0,0.0,0.0,0.0,0.0,0.0,0.0,0.0,0.0,0.0,0.0,0.0,0.0,0.0
09064,Caleruega,municipio,0.0,0.0,0.0,0.0,0.0,0.0,0.0,0.0,0.0,0.0,0.0,0.0,0.0,0.0
09065,Campillo de Aranda,municipio,0.0,0.0,0.0,0.0,0.0,0.0,0.0,0.0,0.0,0.0,0.0,0.0,0.0,0.0
09066,Campolara,municipio,0.0,0.0,0.0,0.0,0.0,0.0,0.0,0.0,0.0,0.0,0.0,0.0,0.0,0.0
09067,Canicosa de la Sierra,municipio,0.0,0.0,0.0,0.0,0.0,0.0,0.0,0.0,0.0,0.0,0.0,0.0,0.0,0.0
09068,Cantabrana,municipio,0.0,0.0,0.0,0.0,0.0,0.0,0.0,0.0,0.0,0.0,0.0,0.0,0.0,0.0
09070,Carazo,municipio,0.0,0.0,0.0,0.0,0.0,0.0,0.0,0.0,0.0,0.0,0.0,0.0,0.0,0.0
09071,Carcedo de Bureba,municipio,0.0,0.0,0.0,0.0,0.0,0.0,0.0,0.0,0.0,0.0,0.0,0.0,0.0,0.0
09072,Carcedo de Burgos,municipio,0.0,0.0,0.0,0.0,0.0,0.0,0.0,0.0,0.0,0.0,0.0,0.0,0.0,0.0
09073,Cardeñadijo,municipio,39.0,38.0,38.0,38.0,42.0,39.0,37.0,32.0,37.0,36.0,33.0,27.0,29.0,26.0
09074,Cardeñajimeno,municipio,0.0,0.0,23.0,23.0,30.0,34.0,31.0,25.0,28.0,28.0,25.0,27.0,29.0,30.0
09075,Cardeñuela Riopico,municipio,0.0,0.0,0.0,0.0,0.0,0.0,0.0,0.0,0.0,0.0,0.0,0.0,0.0,0.0
09076,Carrias,municipio,0.0,0.0,0.0,0.0,0.0,0.0,0.0,0.0,0.0,0.0,0.0,0.0,0.0,0.0
09077,Cascajares de Bureba,municipio,0.0,0.0,0.0,0.0,0.0,0.0,0.0,0.0,0.0,0.0,0.0,0.0,0.0,0.0
09078,Cascajares de la Sierra,municipio,0.0,0.0,0.0,0.0,0.0,0.0,0.0,0.0,0.0,0.0,0.0,0.0,0.0,0.0
09079,Castellanos de Castro,municipio,0.0,0.0,0.0,0.0,0.0,0.0,0.0,0.0,0.0,0.0,0.0,0.0,0.0,0.0
09082,Castildelgado,municipio,0.0,0.0,0.0,0.0,0.0,0.0,0.0,0.0,0.0,0.0,0.0,0.0,0.0,0.0
09083,Castil de Peones,municipio,0.0,0.0,0.0,0.0,0.0,0.0,0.0,0.0,0.0,0.0,0.0,0.0,0.0,0.0
09084,Castrillo de la Reina,municipio,0.0,0.0,0.0,0.0,0.0,0.0,0.0,0.0,0.0,0.0,0.0,0.0,0.0,0.0
09085,Castrillo de la Vega,municipio,0.0,0.0,0.0,0.0,0.0,0.0,0.0,0.0,0.0,0.0,0.0,0.0,0.0,0.0
09086,Castrillo del Val,municipio,0.0,0.0,0.0,0.0,0.0,0.0,0.0,0.0,0.0,0.0,0.0,0.0,0.0,0.0
09088,Castrillo de Riopisuerga,municipio,0.0,0.0,0.0,0.0,0.0,0.0,0.0,0.0,0.0,0.0,0.0,0.0,0.0,0.0
09090,Castrillo Mota de Judíos,municipio,0.0,0.0,0.0,0.0,0.0,0.0,0.0,0.0,0.0,0.0,0.0,0.0,0.0,0.0
09091,Castrojeriz,municipio,0.0,0.0,0.0,0.0,0.0,0.0,0.0,0.0,0.0,0.0,0.0,0.0,0.0,0.0
09093,Cayuela,municipio,0.0,0.0,0.0,0.0,0.0,0.0,0.0,0.0,0.0,0.0,0.0,0.0,0.0,0.0
09094,Cebrecos,municipio,0.0,0.0,0.0,0.0,0.0,0.0,0.0,0.0,0.0,0.0,0.0,0.0,0.0,0.0
09095,Celada del Camino,municipio,0.0,0.0,0.0,0.0,0.0,0.0,0.0,0.0,0.0,0.0,0.0,0.0,0.0,0.0
09098,Cerezo de Río Tirón,municipio,0.0,0.0,0.0,0.0,0.0,0.0,0.0,0.0,0.0,0.0,0.0,0.0,0.0,0.0
09100,Cerratón de Juarros,municipio,0.0,0.0,0.0,0.0,0.0,0.0,0.0,0.0,0.0,0.0,0.0,0.0,0.0,0.0
09101,Ciadoncha,municipio,0.0,0.0,0.0,0.0,0.0,0.0,0.0,0.0,0.0,0.0,0.0,0.0,0.0,0.0
09102,Cillaperlata,municipio,0.0,0.0,0.0,0.0,0.0,0.0,0.0,0.0,0.0,0.0,0.0,0.0,0.0,0.0
09103,Cilleruelo de Abajo,municipio,0.0,0.0,0.0,0.0,0.0,0.0,0.0,0.0,0.0,0.0,0.0,0.0,0.0,0.0
09104,Cilleruelo de Arriba,municipio,0.0,0.0,0.0,0.0,0.0,0.0,0.0,0.0,0.0,0.0,0.0,0.0,0.0,0.0
09105,Ciruelos de Cervera,municipio,0.0,0.0,0.0,0.0,0.0,0.0,0.0,0.0,0.0,0.0,0.0,0.0,0.0,0.0
09108,Cogollos,municipio,0.0,0.0,0.0,0.0,0.0,0.0,0.0,0.0,0.0,0.0,0.0,0.0,0.0,0.0
09109,Condado de Treviño,municipio,38.0,46.0,37.0,36.0,36.0,37.0,34.0,30.0,34.0,31.0,30.0,31.0,27.0,29.0
09110,Contreras,municipio,0.0,0.0,0.0,0.0,0.0,0.0,0.0,0.0,0.0,0.0,0.0,0.0,0.0,0.0
09112,Coruña del Conde,municipio,0.0,0.0,0.0,0.0,0.0,0.0,0.0,0.0,0.0,0.0,0.0,0.0,0.0,0.0
09113,Covarrubias,municipio,0.0,0.0,0.0,0.0,0.0,0.0,0.0,0.0,0.0,0.0,0.0,0.0,0.0,0.0
09114,Cubillo del Campo,municipio,0.0,0.0,0.0,0.0,0.0,0.0,0.0,0.0,0.0,0.0,0.0,0.0,0.0,0.0
09115,Cubo de Bureba,municipio,0.0,0.0,0.0,0.0,0.0,0.0,0.0,0.0,0.0,0.0,0.0,0.0,0.0,0.0
09117,"Cueva de Roa, La",municipio,0.0,0.0,0.0,0.0,0.0,0.0,0.0,0.0,0.0,0.0,0.0,0.0,0.0,0.0
09119,Cuevas de San Clemente,municipio,0.0,0.0,0.0,0.0,0.0,0.0,0.0,0.0,0.0,0.0,0.0,0.0,0.0,0.0
09120,Encío,municipio,0.0,0.0,0.0,0.0,0.0,0.0,0.0,0.0,0.0,0.0,0.0,0.0,0.0,0.0
09122,Espinosa de Cervera,municipio,0.0,0.0,0.0,0.0,0.0,0.0,0.0,0.0,0.0,0.0,0.0,0.0,0.0,0.0
09123,Espinosa del Camino,municipio,0.0,0.0,0.0,0.0,0.0,0.0,0.0,0.0,0.0,0.0,0.0,0.0,0.0,0.0
09124,Espinosa de los Monteros,municipio,72.0,75.0,75.0,73.0,76.0,77.0,73.0,76.0,74.0,73.0,76.0,66.0,65.0,65.0
09125,Estépar,municipio,0.0,0.0,0.0,0.0,0.0,0.0,0.0,0.0,0.0,0.0,0.0,0.0,0.0,0.0
09127,Fontioso,municipio,0.0,0.0,0.0,0.0,0.0,0.0,0.0,0.0,0.0,0.0,0.0,0.0,0.0,0.0
09128,Frandovínez,municipio,0.0,0.0,0.0,0.0,0.0,0.0,0.0,0.0,0.0,0.0,0.0,0.0,0.0,0.0
09129,Fresneda de la Sierra Tirón,municipio,0.0,0.0,0.0,0.0,0.0,0.0,0.0,0.0,0.0,0.0,0.0,0.0,0.0,0.0
09130,Fresneña,municipio,0.0,0.0,0.0,0.0,0.0,0.0,0.0,0.0,0.0,0.0,0.0,0.0,0.0,0.0
09131,Fresnillo de las Dueñas,municipio,0.0,0.0,0.0,0.0,0.0,0.0,0.0,0.0,0.0,0.0,0.0,0.0,0.0,0.0
09132,Fresno de Río Tirón,municipio,0.0,0.0,0.0,0.0,0.0,0.0,0.0,0.0,0.0,0.0,0.0,0.0,0.0,0.0
09133,Fresno de Rodilla,municipio,0.0,0.0,0.0,0.0,0.0,0.0,0.0,0.0,0.0,0.0,0.0,0.0,0.0,0.0
09134,Frías,municipio,0.0,0.0,0.0,0.0,0.0,0.0,0.0,0.0,0.0,0.0,0.0,0.0,0.0,0.0
09135,Fuentebureba,municipio,0.0,0.0,0.0,0.0,0.0,0.0,0.0,0.0,0.0,0.0,0.0,0.0,0.0,0.0
09136,Fuentecén,municipio,0.0,0.0,0.0,0.0,0.0,0.0,0.0,0.0,0.0,0.0,0.0,0.0,0.0,0.0
09137,Fuentelcésped,municipio,0.0,0.0,0.0,0.0,0.0,0.0,0.0,0.0,0.0,0.0,0.0,0.0,0.0,0.0
09138,Fuentelisendo,municipio,0.0,0.0,0.0,0.0,0.0,0.0,0.0,0.0,0.0,0.0,0.0,0.0,0.0,0.0
09139,Fuentemolinos,municipio,0.0,0.0,0.0,0.0,0.0,0.0,0.0,0.0,0.0,0.0,0.0,0.0,0.0,0.0
09140,Fuentenebro,municipio,0.0,0.0,0.0,0.0,0.0,0.0,0.0,0.0,0.0,0.0,0.0,0.0,0.0,0.0
09141,Fuentespina,municipio,0.0,0.0,0.0,0.0,0.0,0.0,0.0,0.0,0.0,0.0,0.0,0.0,0.0,0.0
09143,Galbarros,municipio,0.0,0.0,0.0,0.0,0.0,0.0,0.0,0.0,0.0,0.0,0.0,0.0,0.0,0.0
09144,"Gallega, La",municipio,0.0,0.0,0.0,0.0,0.0,0.0,0.0,0.0,0.0,0.0,0.0,0.0,0.0,0.0
09148,Grijalba,municipio,0.0,0.0,0.0,0.0,0.0,0.0,0.0,0.0,0.0,0.0,0.0,0.0,0.0,0.0
09149,Grisaleña,municipio,0.0,0.0,0.0,0.0,0.0,0.0,0.0,0.0,0.0,0.0,0.0,0.0,0.0,0.0
09151,Gumiel de Izán,municipio,0.0,0.0,0.0,0.0,0.0,0.0,0.0,0.0,0.0,0.0,0.0,0.0,0.0,0.0
09152,Gumiel de Mercado,municipio,0.0,0.0,0.0,0.0,0.0,0.0,0.0,0.0,0.0,0.0,0.0,0.0,0.0,0.0
09154,Hacinas,municipio,0.0,0.0,0.0,0.0,0.0,0.0,0.0,0.0,0.0,0.0,0.0,0.0,0.0,0.0
09155,Haza,municipio,0.0,0.0,0.0,0.0,0.0,0.0,0.0,0.0,0.0,0.0,0.0,0.0,0.0,0.0
09159,Hontanas,municipio,0.0,0.0,0.0,0.0,0.0,0.0,0.0,0.0,0.0,0.0,0.0,0.0,0.0,0.0
09160,Hontangas,municipio,0.0,0.0,0.0,0.0,0.0,0.0,0.0,0.0,0.0,0.0,0.0,0.0,0.0,0.0
09162,Hontoria de la Cantera,municipio,0.0,0.0,0.0,0.0,0.0,0.0,0.0,0.0,0.0,0.0,0.0,0.0,0.0,0.0
09163,Hontoria del Pinar,municipio,0.0,0.0,0.0,0.0,0.0,0.0,0.0,0.0,0.0,0.0,0.0,0.0,0.0,0.0
09164,Hontoria de Valdearados,municipio,0.0,0.0,0.0,0.0,0.0,0.0,0.0,0.0,0.0,0.0,0.0,0.0,0.0,0.0
09166,"Hormazas, Las",municipio,0.0,0.0,0.0,0.0,0.0,0.0,0.0,0.0,0.0,0.0,0.0,0.0,0.0,0.0
09167,Hornillos del Camino,municipio,0.0,0.0,0.0,0.0,0.0,0.0,0.0,0.0,0.0,0.0,0.0,0.0,0.0,0.0
09168,"Horra, La",municipio,0.0,0.0,0.0,0.0,0.0,0.0,0.0,0.0,0.0,0.0,0.0,0.0,0.0,0.0
09169,Hortigüela,municipio,0.0,0.0,0.0,0.0,0.0,0.0,0.0,0.0,0.0,0.0,0.0,0.0,0.0,0.0
09170,Hoyales de Roa,municipio,0.0,0.0,0.0,0.0,0.0,0.0,0.0,0.0,0.0,0.0,0.0,0.0,0.0,0.0
09172,Huérmeces,municipio,0.0,0.0,0.0,0.0,0.0,0.0,0.0,0.0,0.0,0.0,0.0,0.0,0.0,0.0
09173,Huerta de Arriba,municipio,0.0,0.0,0.0,0.0,0.0,0.0,0.0,0.0,0.0,0.0,0.0,0.0,0.0,0.0
09174,Huerta de Rey,municipio,32.0,31.0,30.0,32.0,29.0,0.0,0.0,0.0,0.0,0.0,0.0,0.0,0.0,0.0
09175,Humada,municipio,0.0,0.0,0.0,0.0,0.0,0.0,0.0,0.0,0.0,0.0,0.0,0.0,0.0,0.0
09176,Hurones,municipio,0.0,0.0,0.0,0.0,0.0,0.0,0.0,0.0,0.0,0.0,0.0,0.0,0.0,0.0
09177,Ibeas de Juarros,municipio,43.0,41.0,40.0,44.0,44.0,46.0,51.0,43.0,49.0,47.0,45.0,43.0,46.0,41.0
09178,Ibrillos,municipio,0.0,0.0,0.0,0.0,0.0,0.0,0.0,0.0,0.0,0.0,0.0,0.0,0.0,0.0
09179,Iglesiarrubia,municipio,0.0,0.0,0.0,0.0,0.0,0.0,0.0,0.0,0.0,0.0,0.0,0.0,0.0,0.0
09180,Iglesias,municipio,0.0,0.0,0.0,0.0,0.0,0.0,0.0,0.0,0.0,0.0,0.0,0.0,0.0,0.0
09181,Isar,municipio,0.0,0.0,0.0,0.0,0.0,0.0,0.0,0.0,0.0,0.0,0.0,0.0,0.0,0.0
09182,Itero del Castillo,municipio,0.0,0.0,0.0,0.0,0.0,0.0,0.0,0.0,0.0,0.0,0.0,0.0,0.0,0.0
09183,Jaramillo de la Fuente,municipio,0.0,0.0,0.0,0.0,0.0,0.0,0.0,0.0,0.0,0.0,0.0,0.0,0.0,0.0
09184,Jaramillo Quemado,municipio,0.0,0.0,0.0,0.0,0.0,0.0,0.0,0.0,0.0,0.0,0.0,0.0,0.0,0.0
09189,Junta de Traslaloma,municipio,0.0,0.0,0.0,0.0,0.0,0.0,0.0,0.0,0.0,0.0,0.0,0.0,0.0,0.0
09190,Junta de Villalba de Losa,municipio,0.0,0.0,0.0,0.0,0.0,0.0,0.0,0.0,0.0,0.0,0.0,0.0,0.0,0.0
09191,Jurisdicción de Lara,municipio,0.0,0.0,0.0,0.0,0.0,0.0,0.0,0.0,0.0,0.0,0.0,0.0,0.0,0.0
09192,Jurisdicción de San Zadornil,municipio,0.0,0.0,0.0,0.0,0.0,0.0,0.0,0.0,0.0,0.0,0.0,0.0,0.0,0.0
09194,Lerma,municipio,126.0,121.0,117.0,122.0,121.0,116.0,117.0,113.0,118.0,108.0,105.0,111.0,107.0,104.0
09195,Llano de Bureba,municipio,0.0,0.0,0.0,0.0,0.0,0.0,0.0,0.0,0.0,0.0,0.0,0.0,0.0,0.0
09196,Madrigal del Monte,municipio,0.0,0.0,0.0,0.0,0.0,0.0,0.0,0.0,0.0,0.0,0.0,0.0,0.0,0.0
09197,Madrigalejo del Monte,municipio,0.0,0.0,0.0,0.0,0.0,0.0,0.0,0.0,0.0,0.0,0.0,0.0,0.0,0.0
09198,Mahamud,municipio,0.0,0.0,0.0,0.0,0.0,0.0,0.0,0.0,0.0,0.0,0.0,0.0,0.0,0.0
09199,Mambrilla de Castrejón,municipio,0.0,0.0,0.0,0.0,0.0,0.0,0.0,0.0,0.0,0.0,0.0,0.0,0.0,0.0
09200,Mambrillas de Lara,municipio,0.0,0.0,0.0,0.0,0.0,0.0,0.0,0.0,0.0,0.0,0.0,0.0,0.0,0.0
09201,Mamolar,municipio,0.0,0.0,0.0,0.0,0.0,0.0,0.0,0.0,0.0,0.0,0.0,0.0,0.0,0.0
09202,Manciles,municipio,0.0,0.0,0.0,0.0,0.0,0.0,0.0,0.0,0.0,0.0,0.0,0.0,0.0,0.0
09206,Mazuela,municipio,0.0,0.0,0.0,0.0,0.0,0.0,0.0,0.0,0.0,0.0,0.0,0.0,0.0,0.0
09208,Mecerreyes,municipio,0.0,0.0,0.0,0.0,0.0,0.0,0.0,0.0,0.0,0.0,0.0,0.0,0.0,0.0
09209,Medina de Pomar,municipio,254.0,247.0,244.0,242.0,250.0,243.0,234.0,241.0,236.0,230.0,236.0,212.0,208.0,205.0
09211,Melgar de Fernamental,municipio,65.0,64.0,65.0,61.0,58.0,56.0,58.0,58.0,49.0,47.0,45.0,43.0,47.0,48.0
09213,Merindad de Cuesta-Urria,municipio,0.0,0.0,0.0,0.0,0.0,0.0,0.0,0.0,0.0,0.0,0.0,0.0,0.0,0.0
09214,Merindad de Montija,municipio,0.0,0.0,0.0,0.0,0.0,0.0,0.0,0.0,0.0,0.0,0.0,0.0,0.0,0.0
09215,Merindad de Sotoscueva,municipio,0.0,0.0,0.0,0.0,0.0,0.0,0.0,0.0,0.0,0.0,0.0,0.0,0.0,0.0
09216,Merindad de Valdeporres,municipio,0.0,0.0,0.0,0.0,0.0,0.0,0.0,0.0,0.0,0.0,0.0,0.0,0.0,0.0
09217,Merindad de Valdivielso,municipio,0.0,0.0,0.0,0.0,0.0,0.0,0.0,0.0,0.0,0.0,0.0,0.0,0.0,0.0
09218,Milagros,municipio,0.0,0.0,0.0,0.0,0.0,0.0,0.0,0.0,0.0,0.0,0.0,0.0,0.0,0.0
09219,Miranda de Ebro,municipio,950.0,930.0,900.0,874.0,866.0,865.0,842.0,821.0,810.0,771.0,766.0,724.0,704.0,711.0
09220,Miraveche,municipio,0.0,0.0,0.0,0.0,0.0,0.0,0.0,0.0,0.0,0.0,0.0,0.0,0.0,0.0
09221,Modúbar de la Emparedada,municipio,0.0,0.0,0.0,0.0,0.0,0.0,0.0,0.0,0.0,0.0,0.0,0.0,0.0,0.0
09223,Monasterio de la Sierra,municipio,0.0,0.0,0.0,0.0,0.0,0.0,0.0,0.0,0.0,0.0,0.0,0.0,0.0,0.0
09224,Monasterio de Rodilla,municipio,0.0,0.0,0.0,0.0,0.0,0.0,0.0,0.0,0.0,0.0,0.0,0.0,0.0,0.0
09225,Moncalvillo,municipio,0.0,0.0,0.0,0.0,0.0,0.0,0.0,0.0,0.0,0.0,0.0,0.0,0.0,0.0
09226,Monterrubio de la Demanda,municipio,0.0,0.0,0.0,0.0,0.0,0.0,0.0,0.0,0.0,0.0,0.0,0.0,0.0,0.0
09227,Montorio,municipio,0.0,0.0,0.0,0.0,0.0,0.0,0.0,0.0,0.0,0.0,0.0,0.0,0.0,0.0
09228,Moradillo de Roa,municipio,0.0,0.0,0.0,0.0,0.0,0.0,0.0,0.0,0.0,0.0,0.0,0.0,0.0,0.0
09229,Nava de Roa,municipio,0.0,0.0,0.0,0.0,0.0,0.0,0.0,0.0,0.0,0.0,0.0,0.0,0.0,0.0
09230,Navas de Bureba,municipio,0.0,0.0,0.0,0.0,0.0,0.0,0.0,0.0,0.0,0.0,0.0,0.0,0.0,0.0
09231,Nebreda,municipio,0.0,0.0,0.0,0.0,0.0,0.0,0.0,0.0,0.0,0.0,0.0,0.0,0.0,0.0
09232,Neila,municipio,0.0,0.0,0.0,0.0,0.0,0.0,0.0,0.0,0.0,0.0,0.0,0.0,0.0,0.0
09235,Olmedillo de Roa,municipio,0.0,0.0,0.0,0.0,0.0,0.0,0.0,0.0,0.0,0.0,0.0,0.0,0.0,0.0
09236,Olmillos de Muñó,municipio,0.0,0.0,0.0,0.0,0.0,0.0,0.0,0.0,0.0,0.0,0.0,0.0,0.0,0.0
09238,Oña,municipio,29.0,33.0,32.0,29.0,27.0,27.0,28.0,25.0,24.0,21.0,23.0,0.0,0.0,0.0
09239,Oquillas,municipio,0.0,0.0,0.0,0.0,0.0,0.0,0.0,0.0,0.0,0.0,0.0,0.0,0.0,0.0
09241,Orbaneja Riopico,municipio,0.0,0.0,0.0,0.0,0.0,0.0,0.0,0.0,0.0,0.0,0.0,0.0,0.0,0.0
09242,Padilla de Abajo,municipio,0.0,0.0,0.0,0.0,0.0,0.0,0.0,0.0,0.0,0.0,0.0,0.0,0.0,0.0
09243,Padilla de Arriba,municipio,0.0,0.0,0.0,0.0,0.0,0.0,0.0,0.0,0.0,0.0,0.0,0.0,0.0,0.0
09244,Padrones de Bureba,municipio,0.0,0.0,0.0,0.0,0.0,0.0,0.0,0.0,0.0,0.0,0.0,0.0,0.0,0.0
09246,Palacios de la Sierra,municipio,0.0,0.0,0.0,0.0,0.0,0.0,0.0,0.0,0.0,0.0,0.0,0.0,0.0,0.0
09247,Palacios de Riopisuerga,municipio,0.0,0.0,0.0,0.0,0.0,0.0,0.0,0.0,0.0,0.0,0.0,0.0,0.0,0.0
09248,Palazuelos de la Sierra,municipio,0.0,0.0,0.0,0.0,0.0,0.0,0.0,0.0,0.0,0.0,0.0,0.0,0.0,0.0
09249,Palazuelos de Muñó,municipio,0.0,0.0,0.0,0.0,0.0,0.0,0.0,0.0,0.0,0.0,0.0,0.0,0.0,0.0
09250,Pampliega,municipio,0.0,0.0,0.0,0.0,0.0,0.0,0.0,0.0,0.0,0.0,0.0,0.0,0.0,0.0
09251,Pancorbo,municipio,0.0,0.0,0.0,0.0,0.0,0.0,0.0,0.0,0.0,0.0,0.0,0.0,0.0,0.0
09253,Pardilla,municipio,0.0,0.0,0.0,0.0,0.0,0.0,0.0,0.0,0.0,0.0,0.0,0.0,0.0,0.0
09255,Partido de la Sierra en Tobalina,municipio,0.0,0.0,0.0,0.0,0.0,0.0,0.0,0.0,0.0,0.0,0.0,0.0,0.0,0.0
09256,Pedrosa de Duero,municipio,0.0,0.0,0.0,0.0,0.0,0.0,0.0,0.0,0.0,0.0,0.0,0.0,0.0,0.0
09257,Pedrosa del Páramo,municipio,0.0,0.0,0.0,0.0,0.0,0.0,0.0,0.0,0.0,0.0,0.0,0.0,0.0,0.0
09258,Pedrosa del Príncipe,municipio,0.0,0.0,0.0,0.0,0.0,0.0,0.0,0.0,0.0,0.0,0.0,0.0,0.0,0.0
09259,Pedrosa de Río Úrbel,municipio,0.0,0.0,0.0,0.0,0.0,0.0,0.0,0.0,0.0,0.0,0.0,0.0,0.0,0.0
09261,Peñaranda de Duero,municipio,0.0,0.0,0.0,0.0,0.0,0.0,0.0,0.0,0.0,0.0,0.0,0.0,0.0,0.0
09262,Peral de Arlanza,municipio,0.0,0.0,0.0,0.0,0.0,0.0,0.0,0.0,0.0,0.0,0.0,0.0,0.0,0.0
09265,Piérnigas,municipio,0.0,0.0,0.0,0.0,0.0,0.0,0.0,0.0,0.0,0.0,0.0,0.0,0.0,0.0
09266,Pineda de la Sierra,municipio,0.0,0.0,0.0,0.0,0.0,0.0,0.0,0.0,0.0,0.0,0.0,0.0,0.0,0.0
09267,Pineda Trasmonte,municipio,0.0,0.0,0.0,0.0,0.0,0.0,0.0,0.0,0.0,0.0,0.0,0.0,0.0,0.0
09268,Pinilla de los Barruecos,municipio,0.0,0.0,0.0,0.0,0.0,0.0,0.0,0.0,0.0,0.0,0.0,0.0,0.0,0.0
09269,Pinilla de los Moros,municipio,0.0,0.0,0.0,0.0,0.0,0.0,0.0,0.0,0.0,0.0,0.0,0.0,0.0,0.0
09270,Pinilla Trasmonte,municipio,0.0,0.0,0.0,0.0,0.0,0.0,0.0,0.0,0.0,0.0,0.0,0.0,0.0,0.0
09272,Poza de la Sal,municipio,0.0,0.0,0.0,0.0,0.0,0.0,0.0,0.0,0.0,0.0,0.0,0.0,0.0,0.0
09273,Prádanos de Bureba,municipio,0.0,0.0,0.0,0.0,0.0,0.0,0.0,0.0,0.0,0.0,0.0,0.0,0.0,0.0
09274,Pradoluengo,municipio,35.0,39.0,34.0,34.0,36.0,34.0,32.0,30.0,29.0,29.0,29.0,31.0,28.0,28.0
09275,Presencio,municipio,0.0,0.0,0.0,0.0,0.0,0.0,0.0,0.0,0.0,0.0,0.0,0.0,0.0,0.0
09276,"Puebla de Arganzón, La",municipio,0.0,0.0,0.0,0.0,0.0,0.0,0.0,0.0,0.0,0.0,0.0,0.0,0.0,0.0
09277,Puentedura,municipio,0.0,0.0,0.0,0.0,0.0,0.0,0.0,0.0,0.0,0.0,0.0,0.0,0.0,0.0
09279,Quemada,municipio,0.0,0.0,0.0,0.0,0.0,0.0,0.0,0.0,0.0,0.0,0.0,0.0,0.0,0.0
09280,Quintanabureba,municipio,0.0,0.0,0.0,0.0,0.0,0.0,0.0,0.0,0.0,0.0,0.0,0.0,0.0,0.0
09281,Quintana del Pidio,municipio,0.0,0.0,0.0,0.0,0.0,0.0,0.0,0.0,0.0,0.0,0.0,0.0,0.0,0.0
09283,Quintanaélez,municipio,0.0,0.0,0.0,0.0,0.0,0.0,0.0,0.0,0.0,0.0,0.0,0.0,0.0,0.0
09287,Quintanaortuño,municipio,0.0,0.0,0.0,0.0,0.0,0.0,0.0,0.0,0.0,0.0,0.0,0.0,0.0,0.0
09288,Quintanapalla,municipio,0.0,0.0,0.0,0.0,0.0,0.0,0.0,0.0,0.0,0.0,0.0,0.0,0.0,0.0
09289,Quintanar de la Sierra,municipio,65.0,57.0,48.0,49.0,56.0,57.0,51.0,53.0,54.0,51.0,49.0,47.0,43.0,41.0
09292,Quintanavides,municipio,0.0,0.0,0.0,0.0,0.0,0.0,0.0,0.0,0.0,0.0,0.0,0.0,0.0,0.0
09294,Quintanilla de la Mata,municipio,0.0,0.0,0.0,0.0,0.0,0.0,0.0,0.0,0.0,0.0,0.0,0.0,0.0,0.0
09295,Quintanilla del Coco,municipio,0.0,0.0,0.0,0.0,0.0,0.0,0.0,0.0,0.0,0.0,0.0,0.0,0.0,0.0
09297,"Quintanillas, Las",municipio,0.0,0.0,0.0,0.0,0.0,0.0,0.0,0.0,0.0,0.0,0.0,0.0,0.0,0.0
09298,Quintanilla San García,municipio,0.0,0.0,0.0,0.0,0.0,0.0,0.0,0.0,0.0,0.0,0.0,0.0,0.0,0.0
09301,Quintanilla Vivar,municipio,0.0,0.0,0.0,0.0,0.0,0.0,0.0,0.0,0.0,0.0,0.0,0.0,0.0,0.0
09302,Rabanera del Pinar,municipio,0.0,0.0,0.0,0.0,0.0,0.0,0.0,0.0,0.0,0.0,0.0,0.0,0.0,0.0
09303,Rábanos,municipio,0.0,0.0,0.0,0.0,0.0,0.0,0.0,0.0,0.0,0.0,0.0,0.0,0.0,0.0
09304,Rabé de las Calzadas,municipio,0.0,0.0,0.0,0.0,0.0,0.0,0.0,0.0,0.0,0.0,0.0,0.0,0.0,0.0
09306,Rebolledo de la Torre,municipio,0.0,0.0,0.0,0.0,0.0,0.0,0.0,0.0,0.0,0.0,0.0,0.0,0.0,0.0
09307,Redecilla del Camino,municipio,0.0,0.0,0.0,0.0,0.0,0.0,0.0,0.0,0.0,0.0,0.0,0.0,0.0,0.0
09308,Redecilla del Campo,municipio,0.0,0.0,0.0,0.0,0.0,0.0,0.0,0.0,0.0,0.0,0.0,0.0,0.0,0.0
09309,Regumiel de la Sierra,municipio,0.0,0.0,0.0,0.0,0.0,0.0,0.0,0.0,0.0,0.0,0.0,0.0,0.0,0.0
09310,Reinoso,municipio,0.0,0.0,0.0,0.0,0.0,0.0,0.0,0.0,0.0,0.0,0.0,0.0,0.0,0.0
09311,Retuerta,municipio,0.0,0.0,0.0,0.0,0.0,0.0,0.0,0.0,0.0,0.0,0.0,0.0,0.0,0.0
09312,"Revilla y Ahedo, La",municipio,0.0,0.0,0.0,0.0,0.0,0.0,0.0,0.0,0.0,0.0,0.0,0.0,0.0,0.0
09314,Revilla del Campo,municipio,0.0,0.0,0.0,0.0,0.0,0.0,0.0,0.0,0.0,0.0,0.0,0.0,0.0,0.0
09315,Revillarruz,municipio,0.0,0.0,0.0,0.0,0.0,0.0,0.0,0.0,0.0,0.0,0.0,0.0,0.0,0.0
09316,Revilla Vallejera,municipio,0.0,0.0,0.0,0.0,0.0,0.0,0.0,0.0,0.0,0.0,0.0,0.0,0.0,0.0
09317,Rezmondo,municipio,0.0,0.0,0.0,0.0,0.0,0.0,0.0,0.0,0.0,0.0,0.0,0.0,0.0,0.0
09318,Riocavado de la Sierra,municipio,0.0,0.0,0.0,0.0,0.0,0.0,0.0,0.0,0.0,0.0,0.0,0.0,0.0,0.0
09321,Roa,municipio,75.0,79.0,83.0,77.0,80.0,75.0,77.0,76.0,68.0,64.0,62.0,65.0,64.0,59.0
09323,Rojas,municipio,0.0,0.0,0.0,0.0,0.0,0.0,0.0,0.0,0.0,0.0,0.0,0.0,0.0,0.0
09325,Royuela de Río Franco,municipio,0.0,0.0,0.0,0.0,0.0,0.0,0.0,0.0,0.0,0.0,0.0,0.0,0.0,0.0
09326,Rubena,municipio,0.0,0.0,0.0,0.0,0.0,0.0,0.0,0.0,0.0,0.0,0.0,0.0,0.0,0.0
09327,Rublacedo de Abajo,municipio,0.0,0.0,0.0,0.0,0.0,0.0,0.0,0.0,0.0,0.0,0.0,0.0,0.0,0.0
09328,Rucandio,municipio,0.0,0.0,0.0,0.0,0.0,0.0,0.0,0.0,0.0,0.0,0.0,0.0,0.0,0.0
09329,Salas de Bureba,municipio,0.0,0.0,0.0,0.0,0.0,0.0,0.0,0.0,0.0,0.0,0.0,0.0,0.0,0.0
09330,Salas de los Infantes,municipio,104.0,102.0,98.0,98.0,96.0,95.0,93.0,92.0,91.0,87.0,85.0,83.0,80.0,77.0
09332,Saldaña de Burgos,municipio,0.0,0.0,0.0,0.0,0.0,0.0,0.0,0.0,0.0,0.0,0.0,0.0,0.0,0.0
09334,Salinillas de Bureba,municipio,0.0,0.0,0.0,0.0,0.0,0.0,0.0,0.0,0.0,0.0,0.0,0.0,0.0,0.0
09335,San Adrián de Juarros,municipio,0.0,0.0,0.0,0.0,0.0,0.0,0.0,0.0,0.0,0.0,0.0,0.0,0.0,0.0
09337,San Juan del Monte,municipio,0.0,0.0,0.0,0.0,0.0,0.0,0.0,0.0,0.0,0.0,0.0,0.0,0.0,0.0
09338,San Mamés de Burgos,municipio,0.0,0.0,0.0,0.0,0.0,0.0,0.0,0.0,0.0,0.0,0.0,0.0,0.0,0.0
09339,San Martín de Rubiales,municipio,0.0,0.0,0.0,0.0,0.0,0.0,0.0,0.0,0.0,0.0,0.0,0.0,0.0,0.0
09340,San Millán de Lara,municipio,0.0,0.0,0.0,0.0,0.0,0.0,0.0,0.0,0.0,0.0,0.0,0.0,0.0,0.0
09343,Santa Cecilia,municipio,0.0,0.0,0.0,0.0,0.0,0.0,0.0,0.0,0.0,0.0,0.0,0.0,0.0,0.0
09345,Santa Cruz de la Salceda,municipio,0.0,0.0,0.0,0.0,0.0,0.0,0.0,0.0,0.0,0.0,0.0,0.0,0.0,0.0
09346,Santa Cruz del Valle Urbión,municipio,0.0,0.0,0.0,0.0,0.0,0.0,0.0,0.0,0.0,0.0,0.0,0.0,0.0,0.0
09347,Santa Gadea del Cid,municipio,0.0,0.0,0.0,0.0,0.0,0.0,0.0,0.0,0.0,0.0,0.0,0.0,0.0,0.0
09348,Santa Inés,municipio,0.0,0.0,0.0,0.0,0.0,0.0,0.0,0.0,0.0,0.0,0.0,0.0,0.0,0.0
09350,Santa María del Campo,municipio,0.0,0.0,0.0,0.0,0.0,0.0,0.0,0.0,0.0,0.0,0.0,0.0,0.0,0.0
09351,Santa María del Invierno,municipio,0.0,0.0,0.0,0.0,0.0,0.0,0.0,0.0,0.0,0.0,0.0,0.0,0.0,0.0
09352,Santa María del Mercadillo,municipio,0.0,0.0,0.0,0.0,0.0,0.0,0.0,0.0,0.0,0.0,0.0,0.0,0.0,0.0
09353,Santa María Ribarredonda,municipio,0.0,0.0,0.0,0.0,0.0,0.0,0.0,0.0,0.0,0.0,0.0,0.0,0.0,0.0
09354,Santa Olalla de Bureba,municipio,0.0,0.0,0.0,0.0,0.0,0.0,0.0,0.0,0.0,0.0,0.0,0.0,0.0,0.0
09355,Santibáñez de Esgueva,municipio,0.0,0.0,0.0,0.0,0.0,0.0,0.0,0.0,0.0,0.0,0.0,0.0,0.0,0.0
09356,Santibáñez del Val,municipio,0.0,0.0,0.0,0.0,0.0,0.0,0.0,0.0,0.0,0.0,0.0,0.0,0.0,0.0
09358,Santo Domingo de Silos,municipio,0.0,0.0,0.0,0.0,0.0,0.0,0.0,0.0,0.0,0.0,0.0,0.0,0.0,0.0
09360,San Vicente del Valle,municipio,0.0,0.0,0.0,0.0,0.0,0.0,0.0,0.0,0.0,0.0,0.0,0.0,0.0,0.0
09361,Sargentes de la Lora,municipio,0.0,0.0,0.0,0.0,0.0,0.0,0.0,0.0,0.0,0.0,0.0,0.0,0.0,0.0
09362,Sarracín,municipio,0.0,0.0,0.0,0.0,0.0,0.0,0.0,0.0,0.0,0.0,0.0,0.0,0.0,0.0
09363,Sasamón,municipio,33.0,31.0,28.0,24.0,22.0,23.0,21.0,0.0,0.0,0.0,0.0,0.0,0.0,0.0
09365,"Sequera de Haza, La",municipio,0.0,0.0,0.0,0.0,0.0,0.0,0.0,0.0,0.0,0.0,0.0,0.0,0.0,0.0
09366,Solarana,municipio,0.0,0.0,0.0,0.0,0.0,0.0,0.0,0.0,0.0,0.0,0.0,0.0,0.0,0.0
09368,Sordillos,municipio,0.0,0.0,0.0,0.0,0.0,0.0,0.0,0.0,0.0,0.0,0.0,0.0,0.0,0.0
09369,Sotillo de la Ribera,municipio,0.0,0.0,0.0,0.0,0.0,0.0,0.0,0.0,0.0,0.0,0.0,0.0,0.0,0.0
09372,Sotragero,municipio,0.0,0.0,0.0,0.0,0.0,0.0,0.0,0.0,0.0,0.0,0.0,0.0,0.0,0.0
09373,Sotresgudo,municipio,0.0,0.0,0.0,0.0,0.0,0.0,0.0,0.0,0.0,0.0,0.0,0.0,0.0,0.0
09374,Susinos del Páramo,municipio,0.0,0.0,0.0,0.0,0.0,0.0,0.0,0.0,0.0,0.0,0.0,0.0,0.0,0.0
09375,Tamarón,municipio,0.0,0.0,0.0,0.0,0.0,0.0,0.0,0.0,0.0,0.0,0.0,0.0,0.0,0.0
09377,Tardajos,municipio,0.0,0.0,0.0,0.0,0.0,0.0,0.0,0.0,0.0,0.0,0.0,0.0,0.0,0.0
09378,Tejada,municipio,0.0,0.0,0.0,0.0,0.0,0.0,0.0,0.0,0.0,0.0,0.0,0.0,0.0,0.0
09380,Terradillos de Esgueva,municipio,0.0,0.0,0.0,0.0,0.0,0.0,0.0,0.0,0.0,0.0,0.0,0.0,0.0,0.0
09381,Tinieblas de la Sierra,municipio,0.0,0.0,0.0,0.0,0.0,0.0,0.0,0.0,0.0,0.0,0.0,0.0,0.0,0.0
09382,Tobar,municipio,0.0,0.0,0.0,0.0,0.0,0.0,0.0,0.0,0.0,0.0,0.0,0.0,0.0,0.0
09384,Tordómar,municipio,0.0,0.0,0.0,0.0,0.0,0.0,0.0,0.0,0.0,0.0,0.0,0.0,0.0,0.0
09386,Torrecilla del Monte,municipio,0.0,0.0,0.0,0.0,0.0,0.0,0.0,0.0,0.0,0.0,0.0,0.0,0.0,0.0
09387,Torregalindo,municipio,0.0,0.0,0.0,0.0,0.0,0.0,0.0,0.0,0.0,0.0,0.0,0.0,0.0,0.0
09388,Torrelara,municipio,0.0,0.0,0.0,0.0,0.0,0.0,0.0,0.0,0.0,0.0,0.0,0.0,0.0,0.0
09389,Torrepadre,municipio,0.0,0.0,0.0,0.0,0.0,0.0,0.0,0.0,0.0,0.0,0.0,0.0,0.0,0.0
09390,Torresandino,municipio,0.0,0.0,0.0,0.0,0.0,0.0,0.0,0.0,0.0,0.0,0.0,0.0,0.0,0.0
09391,Tórtoles de Esgueva,municipio,0.0,0.0,0.0,0.0,0.0,0.0,0.0,0.0,0.0,0.0,0.0,0.0,0.0,0.0
09392,Tosantos,municipio,0.0,0.0,0.0,0.0,0.0,0.0,0.0,0.0,0.0,0.0,0.0,0.0,0.0,0.0
09394,Trespaderne,municipio,35.0,32.0,0.0,0.0,0.0,0.0,0.0,0.0,0.0,0.0,0.0,0.0,0.0,0.0
09395,Tubilla del Agua,municipio,0.0,0.0,0.0,0.0,0.0,0.0,0.0,0.0,0.0,0.0,0.0,0.0,0.0,0.0
09396,Tubilla del Lago,municipio,0.0,0.0,0.0,0.0,0.0,0.0,0.0,0.0,0.0,0.0,0.0,0.0,0.0,0.0
09398,Úrbel del Castillo,municipio,0.0,0.0,0.0,0.0,0.0,0.0,0.0,0.0,0.0,0.0,0.0,0.0,0.0,0.0
09400,Vadocondes,municipio,0.0,0.0,0.0,0.0,0.0,0.0,0.0,0.0,0.0,0.0,0.0,0.0,0.0,0.0
09403,Valdeande,municipio,0.0,0.0,0.0,0.0,0.0,0.0,0.0,0.0,0.0,0.0,0.0,0.0,0.0,0.0
09405,Valdezate,municipio,0.0,0.0,0.0,0.0,0.0,0.0,0.0,0.0,0.0,0.0,0.0,0.0,0.0,0.0
09406,Valdorros,municipio,0.0,0.0,0.0,0.0,0.0,0.0,0.0,0.0,0.0,0.0,0.0,0.0,0.0,0.0
09407,Valmala,municipio,0.0,0.0,0.0,0.0,0.0,0.0,0.0,0.0,0.0,0.0,0.0,0.0,0.0,0.0
09408,Vallarta de Bureba,municipio,0.0,0.0,0.0,0.0,0.0,0.0,0.0,0.0,0.0,0.0,0.0,0.0,0.0,0.0
09409,Valle de Manzanedo,municipio,0.0,0.0,0.0,0.0,0.0,0.0,0.0,0.0,0.0,0.0,0.0,0.0,0.0,0.0
09410,Valle de Mena,municipio,141.0,140.0,133.0,133.0,134.0,131.0,128.0,122.0,124.0,121.0,118.0,106.0,115.0,114.0
09411,Valle de Oca,municipio,0.0,0.0,0.0,0.0,0.0,0.0,0.0,0.0,0.0,0.0,0.0,0.0,0.0,0.0
09412,Valle de Tobalina,municipio,23.0,20.0,0.0,22.0,25.0,0.0,0.0,0.0,0.0,0.0,0.0,0.0,0.0,0.0
09413,Valle de Valdebezana,municipio,0.0,0.0,0.0,0.0,0.0,0.0,0.0,0.0,0.0,0.0,0.0,0.0,0.0,0.0
09414,Valle de Valdelaguna,municipio,0.0,0.0,0.0,0.0,0.0,0.0,0.0,0.0,0.0,0.0,0.0,0.0,0.0,0.0
09415,Valle de Valdelucio,municipio,0.0,0.0,0.0,0.0,0.0,0.0,0.0,0.0,0.0,0.0,0.0,0.0,0.0,0.0
09416,Valle de Zamanzas,municipio,0.0,0.0,0.0,0.0,0.0,0.0,0.0,0.0,0.0,0.0,0.0,0.0,0.0,0.0
09417,Vallejera,municipio,0.0,0.0,0.0,0.0,0.0,0.0,0.0,0.0,0.0,0.0,0.0,0.0,0.0,0.0
09418,Valles de Palenzuela,municipio,0.0,0.0,0.0,0.0,0.0,0.0,0.0,0.0,0.0,0.0,0.0,0.0,0.0,0.0
09419,Valluércanes,municipio,0.0,0.0,0.0,0.0,0.0,0.0,0.0,0.0,0.0,0.0,0.0,0.0,0.0,0.0
09421,"Vid y Barrios, La",municipio,0.0,0.0,0.0,0.0,0.0,0.0,0.0,0.0,0.0,0.0,0.0,0.0,0.0,0.0
09422,"Vid de Bureba, La",municipio,0.0,0.0,0.0,0.0,0.0,0.0,0.0,0.0,0.0,0.0,0.0,0.0,0.0,0.0
09423,Vileña,municipio,0.0,0.0,0.0,0.0,0.0,0.0,0.0,0.0,0.0,0.0,0.0,0.0,0.0,0.0
09424,Viloria de Rioja,municipio,0.0,0.0,0.0,0.0,0.0,0.0,0.0,0.0,0.0,0.0,0.0,0.0,0.0,0.0
09425,Vilviestre del Pinar,municipio,0.0,0.0,0.0,0.0,0.0,0.0,0.0,0.0,0.0,0.0,0.0,0.0,0.0,0.0
09427,Villadiego,municipio,49.0,48.0,48.0,50.0,45.0,48.0,49.0,48.0,47.0,49.0,46.0,44.0,45.0,40.0
09428,Villaescusa de Roa,municipio,0.0,0.0,0.0,0.0,0.0,0.0,0.0,0.0,0.0,0.0,0.0,0.0,0.0,0.0
09429,Villaescusa la Sombría,municipio,0.0,0.0,0.0,0.0,0.0,0.0,0.0,0.0,0.0,0.0,0.0,0.0,0.0,0.0
09430,Villaespasa,municipio,0.0,0.0,0.0,0.0,0.0,0.0,0.0,0.0,0.0,0.0,0.0,0.0,0.0,0.0
09431,Villafranca Montes de Oca,municipio,0.0,0.0,0.0,0.0,0.0,0.0,0.0,0.0,0.0,0.0,0.0,0.0,0.0,0.0
09432,Villafruela,municipio,0.0,0.0,0.0,0.0,0.0,0.0,0.0,0.0,0.0,0.0,0.0,0.0,0.0,0.0
09433,Villagalijo,municipio,0.0,0.0,0.0,0.0,0.0,0.0,0.0,0.0,0.0,0.0,0.0,0.0,0.0,0.0
09434,Villagonzalo Pedernales,municipio,89.0,89.0,86.0,88.0,86.0,85.0,92.0,101.0,98.0,100.0,98.0,88.0,85.0,86.0
09437,Villahoz,municipio,0.0,0.0,0.0,0.0,0.0,0.0,0.0,0.0,0.0,0.0,0.0,0.0,0.0,0.0
09438,Villalba de Duero,municipio,0.0,0.0,0.0,0.0,0.0,0.0,0.0,0.0,0.0,0.0,0.0,0.0,0.0,0.0
09439,Villalbilla de Burgos,municipio,55.0,54.0,54.0,55.0,54.0,55.0,53.0,51.0,51.0,52.0,52.0,50.0,48.0,49.0
09440,Villalbilla de Gumiel,municipio,0.0,0.0,0.0,0.0,0.0,0.0,0.0,0.0,0.0,0.0,0.0,0.0,0.0,0.0
09441,Villaldemiro,municipio,0.0,0.0,0.0,0.0,0.0,0.0,0.0,0.0,0.0,0.0,0.0,0.0,0.0,0.0
09442,Villalmanzo,municipio,0.0,0.0,0.0,0.0,0.0,0.0,0.0,0.0,0.0,0.0,0.0,0.0,0.0,0.0
09443,Villamayor de los Montes,municipio,0.0,0.0,0.0,0.0,0.0,0.0,0.0,0.0,0.0,0.0,0.0,0.0,0.0,0.0
09444,Villamayor de Treviño,municipio,0.0,0.0,0.0,0.0,0.0,0.0,0.0,0.0,0.0,0.0,0.0,0.0,0.0,0.0
09445,Villambistia,municipio,0.0,0.0,0.0,0.0,0.0,0.0,0.0,0.0,0.0,0.0,0.0,0.0,0.0,0.0
09446,Villamedianilla,municipio,0.0,0.0,0.0,0.0,0.0,0.0,0.0,0.0,0.0,0.0,0.0,0.0,0.0,0.0
09447,Villamiel de la Sierra,municipio,0.0,0.0,0.0,0.0,0.0,0.0,0.0,0.0,0.0,0.0,0.0,0.0,0.0,0.0
09448,Villangómez,municipio,0.0,0.0,0.0,0.0,0.0,0.0,0.0,0.0,0.0,0.0,0.0,0.0,0.0,0.0
09449,Villanueva de Argaño,municipio,0.0,0.0,0.0,0.0,0.0,0.0,0.0,0.0,0.0,0.0,0.0,0.0,0.0,0.0
09450,Villanueva de Carazo,municipio,0.0,0.0,0.0,0.0,0.0,0.0,0.0,0.0,0.0,0.0,0.0,0.0,0.0,0.0
09451,Villanueva de Gumiel,municipio,0.0,0.0,0.0,0.0,0.0,0.0,0.0,0.0,0.0,0.0,0.0,0.0,0.0,0.0
09454,Villanueva de Teba,municipio,0.0,0.0,0.0,0.0,0.0,0.0,0.0,0.0,0.0,0.0,0.0,0.0,0.0,0.0
09455,Villaquirán de la Puebla,municipio,0.0,0.0,0.0,0.0,0.0,0.0,0.0,0.0,0.0,0.0,0.0,0.0,0.0,0.0
09456,Villaquirán de los Infantes,municipio,0.0,0.0,0.0,0.0,0.0,0.0,0.0,0.0,0.0,0.0,0.0,0.0,0.0,0.0
09458,Villariezo,municipio,0.0,0.0,0.0,0.0,0.0,0.0,0.0,0.0,0.0,0.0,0.0,0.0,0.0,0.0
09460,Villasandino,municipio,0.0,0.0,0.0,0.0,0.0,0.0,0.0,0.0,0.0,0.0,0.0,0.0,0.0,0.0
09463,Villasur de Herreros,municipio,0.0,0.0,0.0,0.0,0.0,0.0,0.0,0.0,0.0,0.0,0.0,0.0,0.0,0.0
09464,Villatuelda,municipio,0.0,0.0,0.0,0.0,0.0,0.0,0.0,0.0,0.0,0.0,0.0,0.0,0.0,0.0
09466,Villaverde del Monte,municipio,0.0,0.0,0.0,0.0,0.0,0.0,0.0,0.0,0.0,0.0,0.0,0.0,0.0,0.0
09467,Villaverde-Mogina,municipio,0.0,0.0,0.0,0.0,0.0,0.0,0.0,0.0,0.0,0.0,0.0,0.0,0.0,0.0
09471,Villayerno Morquillas,municipio,0.0,0.0,0.0,0.0,0.0,0.0,0.0,0.0,0.0,0.0,0.0,0.0,0.0,0.0
09472,Villazopeque,municipio,0.0,0.0,0.0,0.0,0.0,0.0,0.0,0.0,0.0,0.0,0.0,0.0,0.0,0.0
09473,Villegas,municipio,0.0,0.0,0.0,0.0,0.0,0.0,0.0,0.0,0.0,0.0,0.0,0.0,0.0,0.0
09476,Villoruebo,municipio,0.0,0.0,0.0,0.0,0.0,0.0,0.0,0.0,0.0,0.0,0.0,0.0,0.0,0.0
09478,Vizcaínos,municipio,0.0,0.0,0.0,0.0,0.0,0.0,0.0,0.0,0.0,0.0,0.0,0.0,0.0,0.0
09480,Zael,municipio,0.0,0.0,0.0,0.0,0.0,0.0,0.0,0.0,0.0,0.0,0.0,0.0,0.0,0.0
09482,Zarzosa de Río Pisuerga,municipio,0.0,0.0,0.0,0.0,0.0,0.0,0.0,0.0,0.0,0.0,0.0,0.0,0.0,0.0
09483,Zazuar,municipio,0.0,0.0,0.0,0.0,0.0,0.0,0.0,0.0,0.0,0.0,0.0,0.0,0.0,0.0
09485,Zuñeda,municipio,0.0,0.0,0.0,0.0,0.0,0.0,0.0,0.0,0.0,0.0,0.0,0.0,0.0,0.0
09901,Quintanilla del Agua y Tordueles,municipio,0.0,0.0,0.0,0.0,0.0,0.0,0.0,0.0,0.0,0.0,0.0,0.0,0.0,0.0
09902,Valle de Santibáñez,municipio,0.0,0.0,0.0,0.0,0.0,0.0,0.0,0.0,0.0,0.0,0.0,0.0,0.0,0.0
09903,Villarcayo de Merindad de Castilla la Vieja,municipio,177.0,173.0,168.0,160.0,161.0,170.0,176.0,164.0,158.0,157.0,152.0,145.0,142.0,144.0
09904,Valle de las Navas,municipio,0.0,0.0,0.0,0.0,0.0,0.0,0.0,0.0,0.0,0.0,0.0,0.0,0.0,0.0
09905,Valle de Sedano,municipio,0.0,0.0,0.0,0.0,0.0,0.0,0.0,0.0,0.0,0.0,0.0,0.0,0.0,0.0
09906,Merindad de Río Ubierna,municipio,32.0,31.0,31.0,35.0,35.0,37.0,30.0,30.0,23.0,25.0,25.0,24.0,24.0,22.0
09907,Alfoz de Quintanadueñas,municipio,38.0,34.0,33.0,25.0,28.0,31.0,34.0,43.0,43.0,42.0,45.0,46.0,48.0,52.0
09908,Valle de Losa,municipio,0.0,0.0,0.0,0.0,0.0,0.0,0.0,0.0,0.0,0.0,0.0,0.0,0.0,0.0
09,Burgos,provincia,10130.0,9991.0,9796.0,9763.0,9717.0,9670.0,9544.0,9308.0,9132.0,8923.0,8836.0,8295.0,8237.0,8146.0
10001,Abadía,municipio,0.0,0.0,0.0,0.0,0.0,0.0,0.0,0.0,0.0,0.0,0.0,0.0,0.0,0.0
10002,Abertura,municipio,0.0,0.0,0.0,0.0,0.0,0.0,0.0,0.0,0.0,0.0,0.0,0.0,0.0,0.0
10003,Acebo,municipio,0.0,0.0,0.0,0.0,0.0,0.0,0.0,0.0,0.0,0.0,0.0,0.0,0.0,0.0
10004,Acehúche,municipio,0.0,0.0,0.0,0.0,0.0,0.0,0.0,0.0,0.0,0.0,0.0,0.0,0.0,0.0
10005,Aceituna,municipio,0.0,0.0,0.0,0.0,0.0,0.0,0.0,0.0,0.0,0.0,0.0,0.0,0.0,0.0
10006,Ahigal,municipio,50.0,55.0,55.0,56.0,56.0,53.0,50.0,50.0,48.0,43.0,50.0,52.0,48.0,47.0
10007,Albalá,municipio,0.0,0.0,0.0,0.0,0.0,0.0,0.0,0.0,0.0,0.0,0.0,0.0,0.0,0.0
10008,Alcántara,municipio,39.0,37.0,36.0,32.0,32.0,35.0,35.0,33.0,37.0,39.0,33.0,30.0,34.0,33.0
10009,Alcollarín,municipio,0.0,0.0,0.0,0.0,0.0,0.0,0.0,0.0,0.0,0.0,0.0,0.0,0.0,0.0
10010,Alcuéscar,municipio,68.0,77.0,73.0,75.0,71.0,74.0,76.0,70.0,60.0,63.0,63.0,61.0,63.0,66.0
10011,Aldeacentenera,municipio,0.0,0.0,0.0,0.0,0.0,0.0,0.0,0.0,0.0,0.0,0.0,0.0,0.0,0.0
10012,Aldea del Cano,municipio,0.0,0.0,0.0,0.0,0.0,0.0,0.0,0.0,0.0,0.0,0.0,0.0,0.0,0.0
10013,"Aldea del Obispo, La",municipio,0.0,0.0,0.0,0.0,0.0,0.0,0.0,0.0,0.0,0.0,0.0,0.0,0.0,0.0
10014,Aldeanueva de la Vera,municipio,50.0,48.0,45.0,45.0,44.0,45.0,46.0,47.0,49.0,44.0,44.0,37.0,39.0,34.0
10015,Aldeanueva del Camino,municipio,0.0,0.0,0.0,0.0,0.0,0.0,0.0,0.0,0.0,0.0,0.0,0.0,0.0,0.0
10016,Aldehuela del Jerte,municipio,0.0,0.0,0.0,0.0,0.0,0.0,0.0,0.0,0.0,0.0,0.0,0.0,0.0,0.0
10017,Alía,municipio,29.0,0.0,0.0,0.0,0.0,0.0,0.0,0.0,0.0,0.0,0.0,0.0,0.0,0.0
10018,Aliseda,municipio,50.0,45.0,43.0,42.0,44.0,43.0,47.0,47.0,47.0,43.0,43.0,41.0,39.0,40.0
10019,Almaraz,municipio,37.0,33.0,31.0,32.0,32.0,31.0,27.0,26.0,30.0,25.0,26.0,25.0,23.0,18.0
10020,Almoharín,municipio,58.0,55.0,52.0,51.0,49.0,47.0,45.0,47.0,48.0,43.0,42.0,39.0,37.0,36.0
10021,Arroyo de la Luz,municipio,153.0,153.0,152.0,151.0,148.0,149.0,140.0,147.0,142.0,136.0,132.0,125.0,127.0,121.0
10022,Arroyomolinos de la Vera,municipio,0.0,0.0,0.0,0.0,0.0,0.0,0.0,0.0,0.0,0.0,0.0,0.0,0.0,0.0
10023,Arroyomolinos,municipio,0.0,0.0,0.0,0.0,0.0,0.0,0.0,0.0,0.0,0.0,0.0,0.0,0.0,0.0
10024,Baños de Montemayor,municipio,0.0,0.0,0.0,0.0,0.0,0.0,0.0,0.0,0.0,0.0,0.0,0.0,0.0,0.0
10025,Barrado,municipio,0.0,0.0,0.0,0.0,0.0,0.0,0.0,0.0,0.0,0.0,0.0,0.0,0.0,0.0
10026,Belvís de Monroy,municipio,0.0,0.0,0.0,0.0,0.0,0.0,0.0,0.0,0.0,0.0,0.0,0.0,0.0,0.0
10027,Benquerencia,municipio,0.0,0.0,0.0,0.0,0.0,0.0,0.0,0.0,0.0,0.0,0.0,0.0,0.0,0.0
10028,Berrocalejo,municipio,0.0,0.0,0.0,0.0,0.0,0.0,0.0,0.0,0.0,0.0,0.0,0.0,0.0,0.0
10029,Berzocana,municipio,0.0,0.0,0.0,0.0,0.0,0.0,0.0,0.0,0.0,0.0,0.0,0.0,0.0,0.0
10030,Bohonal de Ibor,municipio,0.0,0.0,0.0,0.0,0.0,0.0,0.0,0.0,0.0,0.0,0.0,0.0,0.0,0.0
10031,Botija,municipio,0.0,0.0,0.0,0.0,0.0,0.0,0.0,0.0,0.0,0.0,0.0,0.0,0.0,0.0
10032,Brozas,municipio,50.0,47.0,49.0,50.0,47.0,49.0,55.0,59.0,58.0,56.0,54.0,47.0,47.0,41.0
10033,Cabañas del Castillo,municipio,0.0,0.0,0.0,0.0,0.0,0.0,0.0,0.0,0.0,0.0,0.0,0.0,0.0,0.0
10034,Cabezabellosa,municipio,0.0,0.0,0.0,0.0,0.0,0.0,0.0,0.0,0.0,0.0,0.0,0.0,0.0,0.0
10035,Cabezuela del Valle,municipio,57.0,52.0,53.0,49.0,49.0,49.0,51.0,53.0,57.0,54.0,53.0,50.0,51.0,49.0
10036,Cabrero,municipio,0.0,0.0,0.0,0.0,0.0,0.0,0.0,0.0,0.0,0.0,0.0,0.0,0.0,0.0
10037,Cáceres,municipio,2457.0,2385.0,2354.0,2413.0,2412.0,2359.0,2374.0,2406.0,2342.0,2285.0,2285.0,2093.0,2081.0,2113.0
10038,Cachorrilla,municipio,0.0,0.0,0.0,0.0,0.0,0.0,0.0,0.0,0.0,0.0,0.0,0.0,0.0,0.0
10039,Cadalso,municipio,0.0,0.0,0.0,0.0,0.0,0.0,0.0,0.0,0.0,0.0,0.0,0.0,0.0,0.0
10040,Calzadilla,municipio,0.0,0.0,0.0,0.0,0.0,0.0,0.0,0.0,0.0,0.0,0.0,0.0,0.0,0.0
10041,Caminomorisco,municipio,33.0,31.0,32.0,33.0,30.0,27.0,32.0,32.0,35.0,34.0,31.0,27.0,29.0,31.0
10042,Campillo de Deleitosa,municipio,0.0,0.0,0.0,0.0,0.0,0.0,0.0,0.0,0.0,0.0,0.0,0.0,0.0,0.0
10043,Campo Lugar,municipio,22.0,0.0,0.0,0.0,0.0,0.0,0.0,0.0,0.0,0.0,0.0,0.0,0.0,0.0
10044,Cañamero,municipio,63.0,62.0,62.0,62.0,56.0,57.0,57.0,61.0,57.0,51.0,50.0,56.0,54.0,55.0
10045,Cañaveral,municipio,52.0,49.0,50.0,49.0,46.0,48.0,47.0,49.0,46.0,44.0,45.0,39.0,36.0,35.0
10046,Carbajo,municipio,0.0,0.0,0.0,0.0,0.0,0.0,0.0,0.0,0.0,0.0,0.0,0.0,0.0,0.0
10047,Carcaboso,municipio,28.0,27.0,25.0,23.0,27.0,32.0,34.0,36.0,33.0,29.0,31.0,31.0,32.0,31.0
10048,Carrascalejo,municipio,0.0,0.0,0.0,0.0,0.0,0.0,0.0,0.0,0.0,0.0,0.0,0.0,0.0,0.0
10049,Casar de Cáceres,municipio,129.0,121.0,121.0,116.0,119.0,123.0,122.0,116.0,117.0,115.0,116.0,99.0,98.0,106.0
10050,Casar de Palomero,municipio,28.0,30.0,28.0,25.0,26.0,26.0,28.0,31.0,32.0,31.0,28.0,24.0,25.0,0.0
10051,Casares de las Hurdes,municipio,0.0,0.0,0.0,0.0,0.0,0.0,0.0,0.0,0.0,0.0,0.0,0.0,0.0,0.0
10052,Casas de Don Antonio,municipio,0.0,0.0,0.0,0.0,0.0,0.0,0.0,0.0,0.0,0.0,0.0,0.0,0.0,0.0
10053,Casas de Don Gómez,municipio,0.0,0.0,0.0,0.0,0.0,0.0,0.0,0.0,0.0,0.0,0.0,0.0,0.0,0.0
10054,Casas del Castañar,municipio,0.0,0.0,0.0,0.0,0.0,0.0,0.0,0.0,0.0,0.0,0.0,0.0,0.0,0.0
10055,Casas del Monte,municipio,0.0,0.0,0.0,0.0,0.0,0.0,0.0,0.0,0.0,0.0,0.0,0.0,0.0,0.0
10056,Casas de Millán,municipio,0.0,0.0,0.0,0.0,0.0,0.0,0.0,0.0,0.0,0.0,0.0,0.0,0.0,0.0
10057,Casas de Miravete,municipio,0.0,0.0,0.0,0.0,0.0,0.0,0.0,0.0,0.0,0.0,0.0,0.0,0.0,0.0
10058,Casatejada,municipio,30.0,32.0,28.0,30.0,26.0,24.0,28.0,30.0,28.0,27.0,25.0,23.0,21.0,24.0
10059,Casillas de Coria,municipio,0.0,0.0,0.0,0.0,0.0,0.0,0.0,0.0,0.0,0.0,0.0,0.0,0.0,0.0
10060,Castañar de Ibor,municipio,32.0,36.0,35.0,32.0,33.0,32.0,35.0,34.0,38.0,34.0,32.0,31.0,25.0,25.0
10061,Ceclavín,municipio,46.0,40.0,40.0,40.0,33.0,33.0,31.0,38.0,40.0,41.0,43.0,35.0,36.0,34.0
10062,Cedillo,municipio,0.0,0.0,0.0,0.0,0.0,0.0,0.0,0.0,0.0,0.0,0.0,0.0,0.0,0.0
10063,Cerezo,municipio,0.0,0.0,0.0,0.0,0.0,0.0,0.0,0.0,0.0,0.0,0.0,0.0,0.0,0.0
10064,Cilleros,municipio,59.0,52.0,49.0,45.0,42.0,41.0,39.0,37.0,38.0,35.0,38.0,30.0,32.0,35.0
10065,Collado de la Vera,municipio,0.0,0.0,0.0,0.0,0.0,0.0,0.0,0.0,0.0,0.0,0.0,0.0,0.0,0.0
10066,Conquista de la Sierra,municipio,0.0,0.0,0.0,0.0,0.0,0.0,0.0,0.0,0.0,0.0,0.0,0.0,0.0,0.0
10067,Coria,municipio,414.0,397.0,408.0,398.0,391.0,373.0,382.0,386.0,373.0,371.0,372.0,349.0,337.0,310.0
10068,Cuacos de Yuste,municipio,0.0,0.0,0.0,0.0,0.0,0.0,0.0,0.0,0.0,0.0,0.0,0.0,0.0,0.0
10069,"Cumbre, La",municipio,0.0,0.0,0.0,0.0,0.0,0.0,0.0,0.0,0.0,0.0,0.0,0.0,0.0,0.0
10070,Deleitosa,municipio,0.0,0.0,0.0,0.0,0.0,0.0,0.0,0.0,0.0,0.0,0.0,0.0,0.0,0.0
10071,Descargamaría,municipio,0.0,0.0,0.0,0.0,0.0,0.0,0.0,0.0,0.0,0.0,0.0,0.0,0.0,0.0
10072,Eljas,municipio,20.0,0.0,0.0,0.0,0.0,0.0,0.0,0.0,0.0,0.0,0.0,0.0,0.0,0.0
10073,Escurial,municipio,0.0,0.0,0.0,0.0,0.0,0.0,0.0,0.0,0.0,0.0,0.0,0.0,0.0,0.0
10075,Fresnedoso de Ibor,municipio,0.0,0.0,0.0,0.0,0.0,0.0,0.0,0.0,0.0,0.0,0.0,0.0,0.0,0.0
10076,Galisteo,municipio,34.0,37.0,0.0,34.0,0.0,25.0,0.0,0.0,0.0,0.0,0.0,0.0,0.0,0.0
10077,Garciaz,municipio,0.0,0.0,0.0,0.0,0.0,0.0,0.0,0.0,0.0,0.0,0.0,0.0,0.0,0.0
10078,"Garganta, La",municipio,0.0,0.0,0.0,0.0,0.0,0.0,0.0,0.0,0.0,0.0,0.0,0.0,0.0,0.0
10079,Garganta la Olla,municipio,28.0,29.0,0.0,0.0,29.0,29.0,0.0,0.0,0.0,0.0,0.0,0.0,0.0,0.0
10080,Gargantilla,municipio,0.0,0.0,0.0,0.0,0.0,0.0,0.0,0.0,0.0,0.0,0.0,0.0,0.0,0.0
10081,Gargüera,municipio,0.0,0.0,0.0,0.0,0.0,0.0,0.0,0.0,0.0,0.0,0.0,0.0,0.0,0.0
10082,Garrovillas de Alconétar,municipio,48.0,47.0,44.0,45.0,43.0,45.0,50.0,49.0,50.0,48.0,44.0,35.0,36.0,37.0
10083,Garvín,municipio,0.0,0.0,0.0,0.0,0.0,0.0,0.0,0.0,0.0,0.0,0.0,0.0,0.0,0.0
10084,Gata,municipio,39.0,40.0,40.0,42.0,38.0,32.0,33.0,37.0,34.0,29.0,30.0,30.0,30.0,27.0
10085,"Gordo, El",municipio,0.0,0.0,0.0,0.0,0.0,0.0,0.0,0.0,0.0,0.0,0.0,0.0,0.0,0.0
10086,"Granja, La",municipio,0.0,0.0,0.0,0.0,0.0,0.0,0.0,0.0,0.0,0.0,0.0,0.0,0.0,0.0
10087,Guadalupe,municipio,68.0,68.0,62.0,63.0,58.0,57.0,68.0,66.0,63.0,70.0,71.0,62.0,66.0,68.0
10088,Guijo de Coria,municipio,0.0,0.0,0.0,0.0,0.0,0.0,0.0,0.0,0.0,0.0,0.0,0.0,0.0,0.0
10089,Guijo de Galisteo,municipio,48.0,47.0,47.0,44.0,46.0,41.0,40.0,39.0,40.0,41.0,39.0,46.0,47.0,52.0
10090,Guijo de Granadilla,municipio,0.0,0.0,0.0,0.0,0.0,0.0,0.0,0.0,0.0,0.0,0.0,0.0,0.0,0.0
10091,Guijo de Santa Bárbara,municipio,0.0,0.0,0.0,0.0,0.0,0.0,0.0,0.0,0.0,0.0,0.0,0.0,0.0,0.0
10092,Herguijuela,municipio,0.0,0.0,0.0,0.0,0.0,0.0,0.0,0.0,0.0,0.0,0.0,0.0,0.0,0.0
10093,Hernán-Pérez,municipio,0.0,0.0,0.0,0.0,0.0,0.0,0.0,0.0,0.0,0.0,0.0,0.0,0.0,0.0
10094,Herrera de Alcántara,municipio,0.0,0.0,0.0,0.0,0.0,0.0,0.0,0.0,0.0,0.0,0.0,0.0,0.0,0.0
10095,Herreruela,municipio,0.0,0.0,0.0,0.0,0.0,0.0,0.0,0.0,0.0,0.0,0.0,0.0,0.0,0.0
10096,Hervás,municipio,147.0,143.0,142.0,149.0,144.0,148.0,146.0,149.0,146.0,140.0,137.0,119.0,124.0,129.0
10097,Higuera de Albalat,municipio,0.0,0.0,0.0,0.0,0.0,0.0,0.0,0.0,0.0,0.0,0.0,0.0,0.0,0.0
10098,Hinojal,municipio,0.0,0.0,0.0,0.0,0.0,0.0,0.0,0.0,0.0,0.0,0.0,0.0,0.0,0.0
10099,Holguera,municipio,0.0,0.0,0.0,0.0,0.0,0.0,0.0,0.0,0.0,0.0,0.0,0.0,0.0,0.0
10100,Hoyos,municipio,0.0,0.0,0.0,0.0,0.0,0.0,0.0,0.0,0.0,0.0,0.0,0.0,0.0,0.0
10101,Huélaga,municipio,0.0,0.0,0.0,0.0,0.0,0.0,0.0,0.0,0.0,0.0,0.0,0.0,0.0,0.0
10102,Ibahernando,municipio,0.0,0.0,0.0,0.0,0.0,0.0,0.0,0.0,0.0,0.0,0.0,0.0,0.0,0.0
10103,Jaraicejo,municipio,0.0,0.0,0.0,0.0,0.0,0.0,0.0,0.0,0.0,0.0,0.0,0.0,0.0,0.0
10104,Jaraíz de la Vera,municipio,209.0,216.0,211.0,213.0,198.0,198.0,201.0,208.0,206.0,203.0,191.0,186.0,187.0,176.0
10105,Jarandilla de la Vera,municipio,112.0,112.0,117.0,117.0,117.0,122.0,115.0,113.0,116.0,118.0,115.0,106.0,109.0,109.0
10106,Jarilla,municipio,0.0,0.0,0.0,0.0,0.0,0.0,0.0,0.0,0.0,0.0,0.0,0.0,0.0,0.0
10107,Jerte,municipio,52.0,48.0,42.0,37.0,42.0,37.0,29.0,34.0,40.0,39.0,39.0,36.0,33.0,34.0
10108,Ladrillar,municipio,0.0,0.0,0.0,0.0,0.0,0.0,0.0,0.0,0.0,0.0,0.0,0.0,0.0,0.0
10109,Logrosán,municipio,62.0,59.0,59.0,55.0,58.0,53.0,51.0,54.0,57.0,50.0,51.0,45.0,46.0,39.0
10110,Losar de la Vera,municipio,102.0,103.0,98.0,98.0,97.0,91.0,91.0,94.0,101.0,112.0,116.0,101.0,94.0,87.0
10111,Madrigal de la Vera,municipio,74.0,68.0,63.0,61.0,64.0,57.0,62.0,65.0,66.0,63.0,62.0,56.0,57.0,58.0
10112,Madrigalejo,municipio,47.0,44.0,39.0,40.0,42.0,42.0,46.0,46.0,43.0,35.0,38.0,38.0,36.0,36.0
10113,Madroñera,municipio,72.0,70.0,64.0,62.0,63.0,63.0,63.0,58.0,62.0,63.0,61.0,60.0,54.0,60.0
10114,Majadas,municipio,20.0,21.0,17.0,20.0,19.0,14.0,16.0,16.0,17.0,19.0,18.0,17.0,17.0,14.0
10115,Malpartida de Cáceres,municipio,126.0,119.0,118.0,126.0,120.0,127.0,118.0,114.0,107.0,106.0,105.0,93.0,89.0,98.0
10116,Malpartida de Plasencia,municipio,99.0,98.0,94.0,88.0,93.0,96.0,95.0,96.0,104.0,109.0,105.0,104.0,110.0,103.0
10117,Marchagaz,municipio,0.0,0.0,0.0,0.0,0.0,0.0,0.0,0.0,0.0,0.0,0.0,0.0,0.0,0.0
10118,Mata de Alcántara,municipio,0.0,0.0,0.0,0.0,0.0,0.0,0.0,0.0,0.0,0.0,0.0,0.0,0.0,0.0
10119,Membrío,municipio,0.0,0.0,0.0,0.0,0.0,0.0,0.0,0.0,0.0,0.0,0.0,0.0,0.0,0.0
10120,Mesas de Ibor,municipio,0.0,0.0,0.0,0.0,0.0,0.0,0.0,0.0,0.0,0.0,0.0,0.0,0.0,0.0
10121,Miajadas,municipio,356.0,337.0,330.0,338.0,345.0,341.0,347.0,346.0,348.0,332.0,329.0,306.0,304.0,312.0
10122,Millanes,municipio,0.0,0.0,0.0,0.0,0.0,0.0,0.0,0.0,0.0,0.0,0.0,0.0,0.0,0.0
10123,Mirabel,municipio,0.0,0.0,0.0,0.0,0.0,0.0,0.0,0.0,0.0,0.0,0.0,0.0,0.0,0.0
10124,Mohedas de Granadilla,municipio,0.0,0.0,0.0,0.0,0.0,0.0,0.0,0.0,0.0,0.0,0.0,0.0,0.0,0.0
10125,Monroy,municipio,23.0,24.0,24.0,22.0,24.0,25.0,0.0,0.0,0.0,0.0,0.0,0.0,0.0,0.0
10126,Montánchez,municipio,67.0,66.0,64.0,66.0,64.0,61.0,60.0,58.0,60.0,59.0,59.0,49.0,52.0,49.0
10127,Montehermoso,municipio,185.0,172.0,175.0,192.0,192.0,204.0,198.0,207.0,213.0,201.0,198.0,183.0,191.0,188.0
10128,Moraleja,municipio,304.0,288.0,267.0,250.0,245.0,248.0,258.0,258.0,265.0,259.0,265.0,241.0,234.0,241.0
10129,Morcillo,municipio,0.0,0.0,0.0,0.0,0.0,0.0,0.0,0.0,0.0,0.0,0.0,0.0,0.0,0.0
10130,Navaconcejo,municipio,62.0,64.0,64.0,65.0,63.0,64.0,65.0,59.0,65.0,62.0,60.0,55.0,55.0,53.0
10131,Navalmoral de la Mata,municipio,513.0,482.0,461.0,457.0,461.0,456.0,454.0,475.0,496.0,477.0,484.0,434.0,431.0,419.0
10132,Navalvillar de Ibor,municipio,0.0,0.0,0.0,0.0,0.0,0.0,0.0,0.0,0.0,0.0,0.0,0.0,0.0,0.0
10133,Navas del Madroño,municipio,38.0,37.0,34.0,32.0,32.0,35.0,37.0,32.0,35.0,36.0,33.0,32.0,30.0,33.0
10134,Navezuelas,municipio,0.0,0.0,0.0,0.0,0.0,0.0,0.0,0.0,0.0,0.0,0.0,0.0,0.0,0.0
10135,Nuñomoral,municipio,32.0,31.0,33.0,31.0,28.0,28.0,27.0,29.0,29.0,28.0,25.0,23.0,23.0,23.0
10136,Oliva de Plasencia,municipio,0.0,0.0,0.0,0.0,0.0,0.0,0.0,0.0,0.0,0.0,0.0,0.0,0.0,0.0
10137,Palomero,municipio,0.0,0.0,0.0,0.0,0.0,0.0,0.0,0.0,0.0,0.0,0.0,0.0,0.0,0.0
10138,Pasarón de la Vera,municipio,0.0,0.0,0.0,0.0,0.0,0.0,0.0,0.0,0.0,0.0,0.0,0.0,0.0,0.0
10139,Pedroso de Acim,municipio,0.0,0.0,0.0,0.0,0.0,0.0,0.0,0.0,0.0,0.0,0.0,0.0,0.0,0.0
10140,Peraleda de la Mata,municipio,34.0,34.0,36.0,34.0,36.0,40.0,38.0,41.0,42.0,33.0,32.0,29.0,29.0,25.0
10141,Peraleda de San Román,municipio,0.0,0.0,0.0,0.0,0.0,0.0,0.0,0.0,0.0,0.0,0.0,0.0,0.0,0.0
10142,Perales del Puerto,municipio,0.0,0.0,0.0,0.0,0.0,0.0,0.0,0.0,0.0,0.0,0.0,0.0,0.0,0.0
10143,Pescueza,municipio,0.0,0.0,0.0,0.0,0.0,0.0,0.0,0.0,0.0,0.0,0.0,0.0,0.0,0.0
10144,"Pesga, La",municipio,27.0,26.0,23.0,25.0,22.0,22.0,20.0,20.0,18.0,17.0,21.0,15.0,0.0,0.0
10145,Piedras Albas,municipio,0.0,0.0,0.0,0.0,0.0,0.0,0.0,0.0,0.0,0.0,0.0,0.0,0.0,0.0
10146,Pinofranqueado,municipio,43.0,43.0,40.0,35.0,35.0,36.0,32.0,40.0,38.0,37.0,40.0,37.0,40.0,43.0
10147,Piornal,municipio,28.0,23.0,24.0,28.0,23.0,28.0,30.0,29.0,31.0,30.0,28.0,26.0,28.0,29.0
10148,Plasencia,municipio,1220.0,1194.0,1181.0,1162.0,1113.0,1084.0,1091.0,1093.0,1079.0,1077.0,1089.0,1016.0,1000.0,992.0
10149,Plasenzuela,municipio,0.0,0.0,0.0,0.0,0.0,0.0,0.0,0.0,0.0,0.0,0.0,0.0,0.0,0.0
10150,Portaje,municipio,0.0,0.0,0.0,0.0,0.0,0.0,0.0,0.0,0.0,0.0,0.0,0.0,0.0,0.0
10151,Portezuelo,municipio,0.0,0.0,0.0,0.0,0.0,0.0,0.0,0.0,0.0,0.0,0.0,0.0,0.0,0.0
10152,Pozuelo de Zarzón,municipio,0.0,0.0,0.0,0.0,0.0,0.0,0.0,0.0,0.0,0.0,0.0,0.0,0.0,0.0
10153,Puerto de Santa Cruz,municipio,0.0,0.0,0.0,0.0,0.0,0.0,0.0,0.0,0.0,0.0,0.0,0.0,0.0,0.0
10154,Rebollar,municipio,0.0,0.0,0.0,0.0,0.0,0.0,0.0,0.0,0.0,0.0,0.0,0.0,0.0,0.0
10155,Riolobos,municipio,30.0,33.0,33.0,32.0,29.0,26.0,27.0,28.0,32.0,33.0,36.0,35.0,36.0,36.0
10156,Robledillo de Gata,municipio,0.0,0.0,0.0,0.0,0.0,0.0,0.0,0.0,0.0,0.0,0.0,0.0,0.0,0.0
10157,Robledillo de la Vera,municipio,0.0,0.0,0.0,0.0,0.0,0.0,0.0,0.0,0.0,0.0,0.0,0.0,0.0,0.0
10158,Robledillo de Trujillo,municipio,0.0,0.0,0.0,0.0,0.0,0.0,0.0,0.0,0.0,0.0,0.0,0.0,0.0,0.0
10159,Robledollano,municipio,0.0,0.0,0.0,0.0,0.0,0.0,0.0,0.0,0.0,0.0,0.0,0.0,0.0,0.0
10160,Romangordo,municipio,0.0,0.0,0.0,0.0,0.0,0.0,0.0,0.0,0.0,0.0,0.0,0.0,0.0,0.0
10161,Ruanes,municipio,0.0,0.0,0.0,0.0,0.0,0.0,0.0,0.0,0.0,0.0,0.0,0.0,0.0,0.0
10162,Salorino,municipio,0.0,0.0,0.0,0.0,0.0,0.0,0.0,0.0,0.0,0.0,0.0,0.0,0.0,0.0
10163,Salvatierra de Santiago,municipio,0.0,0.0,0.0,0.0,0.0,0.0,0.0,0.0,0.0,0.0,0.0,0.0,0.0,0.0
10164,San Martín de Trevejo,municipio,0.0,0.0,0.0,0.0,0.0,0.0,0.0,0.0,0.0,0.0,0.0,0.0,0.0,0.0
10165,Santa Ana,municipio,0.0,0.0,0.0,0.0,0.0,0.0,0.0,0.0,0.0,0.0,0.0,0.0,0.0,0.0
10166,Santa Cruz de la Sierra,municipio,0.0,0.0,0.0,0.0,0.0,0.0,0.0,0.0,0.0,0.0,0.0,0.0,0.0,0.0
10167,Santa Cruz de Paniagua,municipio,0.0,0.0,0.0,0.0,0.0,0.0,0.0,0.0,0.0,0.0,0.0,0.0,0.0,0.0
10168,Santa Marta de Magasca,municipio,0.0,0.0,0.0,0.0,0.0,0.0,0.0,0.0,0.0,0.0,0.0,0.0,0.0,0.0
10169,Santiago de Alcántara,municipio,0.0,0.0,0.0,0.0,0.0,0.0,0.0,0.0,0.0,0.0,0.0,0.0,0.0,0.0
10170,Santiago del Campo,municipio,0.0,0.0,0.0,0.0,0.0,0.0,0.0,0.0,0.0,0.0,0.0,0.0,0.0,0.0
10171,Santibáñez el Alto,municipio,0.0,0.0,0.0,0.0,0.0,0.0,0.0,0.0,0.0,0.0,0.0,0.0,0.0,0.0
10172,Santibáñez el Bajo,municipio,0.0,0.0,0.0,0.0,0.0,0.0,0.0,0.0,0.0,0.0,0.0,0.0,0.0,0.0
10173,Saucedilla,municipio,0.0,0.0,0.0,0.0,0.0,0.0,0.0,0.0,0.0,0.0,0.0,0.0,0.0,0.0
10174,Segura de Toro,municipio,0.0,0.0,0.0,0.0,0.0,0.0,0.0,0.0,0.0,0.0,0.0,0.0,0.0,0.0
10175,Serradilla,municipio,31.0,30.0,25.0,34.0,32.0,34.0,36.0,31.0,28.0,25.0,22.0,25.0,26.0,31.0
10176,Serrejón,municipio,0.0,0.0,0.0,0.0,0.0,0.0,0.0,0.0,0.0,0.0,0.0,0.0,0.0,0.0
10177,Sierra de Fuentes,municipio,50.0,51.0,51.0,56.0,59.0,55.0,52.0,52.0,51.0,48.0,45.0,44.0,45.0,44.0
10178,Talaván,municipio,0.0,0.0,0.0,0.0,0.0,0.0,0.0,0.0,0.0,0.0,0.0,0.0,0.0,0.0
10179,Talaveruela de la Vera,municipio,0.0,0.0,0.0,0.0,0.0,0.0,0.0,0.0,0.0,0.0,0.0,0.0,0.0,0.0
10180,Talayuela,municipio,208.0,200.0,199.0,186.0,182.0,189.0,196.0,205.0,216.0,217.0,217.0,186.0,181.0,177.0
10181,Tejeda de Tiétar,municipio,0.0,0.0,0.0,0.0,0.0,0.0,0.0,0.0,0.0,0.0,0.0,0.0,0.0,0.0
10182,Toril,municipio,0.0,0.0,0.0,0.0,0.0,0.0,0.0,0.0,0.0,0.0,0.0,0.0,0.0,0.0
10183,Tornavacas,municipio,38.0,35.0,36.0,34.0,30.0,33.0,39.0,41.0,37.0,36.0,39.0,35.0,0.0,0.0
10184,"Torno, El",municipio,0.0,0.0,0.0,0.0,0.0,0.0,0.0,0.0,0.0,0.0,0.0,0.0,0.0,0.0
10185,Torrecilla de los Ángeles,municipio,0.0,0.0,0.0,0.0,0.0,0.0,0.0,0.0,0.0,0.0,0.0,0.0,0.0,0.0
10186,Torrecillas de la Tiesa,municipio,35.0,32.0,32.0,32.0,33.0,32.0,30.0,24.0,23.0,23.0,23.0,21.0,23.0,20.0
10187,Torre de Don Miguel,municipio,0.0,0.0,0.0,0.0,0.0,0.0,0.0,0.0,0.0,0.0,0.0,0.0,0.0,0.0
10188,Torre de Santa María,municipio,0.0,0.0,0.0,0.0,0.0,0.0,0.0,0.0,0.0,0.0,0.0,0.0,0.0,0.0
10189,Torrejoncillo,municipio,99.0,97.0,98.0,97.0,97.0,89.0,91.0,94.0,87.0,81.0,81.0,70.0,62.0,61.0
10190,Torrejón el Rubio,municipio,0.0,0.0,0.0,0.0,0.0,0.0,0.0,0.0,0.0,0.0,0.0,0.0,0.0,0.0
10191,Torremenga,municipio,0.0,0.0,0.0,0.0,0.0,0.0,0.0,0.0,0.0,0.0,0.0,0.0,0.0,0.0
10192,Torremocha,municipio,0.0,0.0,0.0,0.0,0.0,0.0,0.0,0.0,0.0,0.0,0.0,0.0,0.0,0.0
10193,Torreorgaz,municipio,50.0,46.0,43.0,44.0,40.0,40.0,39.0,43.0,44.0,44.0,42.0,45.0,49.0,47.0
10194,Torrequemada,municipio,0.0,0.0,0.0,0.0,0.0,0.0,0.0,0.0,0.0,0.0,0.0,0.0,0.0,0.0
10195,Trujillo,municipio,312.0,303.0,288.0,297.0,301.0,300.0,321.0,312.0,288.0,285.0,279.0,254.0,262.0,257.0
10196,Valdastillas,municipio,0.0,0.0,0.0,0.0,0.0,0.0,0.0,0.0,0.0,0.0,0.0,0.0,0.0,0.0
10197,Valdecañas de Tajo,municipio,0.0,0.0,0.0,0.0,0.0,0.0,0.0,0.0,0.0,0.0,0.0,0.0,0.0,0.0
10198,Valdefuentes,municipio,41.0,38.0,36.0,39.0,42.0,45.0,48.0,46.0,44.0,43.0,44.0,43.0,43.0,41.0
10199,Valdehúncar,municipio,0.0,0.0,0.0,0.0,0.0,0.0,0.0,0.0,0.0,0.0,0.0,0.0,0.0,0.0
10200,Valdelacasa de Tajo,municipio,0.0,0.0,0.0,0.0,0.0,0.0,0.0,0.0,0.0,0.0,0.0,0.0,0.0,0.0
10201,Valdemorales,municipio,0.0,0.0,0.0,0.0,0.0,0.0,0.0,0.0,0.0,0.0,0.0,0.0,0.0,0.0
10202,Valdeobispo,municipio,0.0,0.0,0.0,0.0,0.0,0.0,0.0,0.0,0.0,0.0,0.0,0.0,0.0,0.0
10203,Valencia de Alcántara,municipio,197.0,197.0,188.0,188.0,181.0,186.0,186.0,189.0,183.0,180.0,179.0,166.0,156.0,150.0
10204,Valverde de la Vera,municipio,0.0,0.0,0.0,0.0,0.0,0.0,0.0,0.0,0.0,0.0,0.0,0.0,0.0,0.0
10205,Valverde del Fresno,municipio,85.0,81.0,82.0,86.0,84.0,87.0,83.0,84.0,79.0,72.0,74.0,71.0,74.0,67.0
10206,Viandar de la Vera,municipio,0.0,0.0,0.0,0.0,0.0,0.0,0.0,0.0,0.0,0.0,0.0,0.0,0.0,0.0
10207,Villa del Campo,municipio,0.0,0.0,0.0,0.0,0.0,0.0,0.0,0.0,0.0,0.0,0.0,0.0,0.0,0.0
10208,Villa del Rey,municipio,0.0,0.0,0.0,0.0,0.0,0.0,0.0,0.0,0.0,0.0,0.0,0.0,0.0,0.0
10209,Villamesías,municipio,0.0,0.0,0.0,0.0,0.0,0.0,0.0,0.0,0.0,0.0,0.0,0.0,0.0,0.0
10210,Villamiel,municipio,0.0,0.0,0.0,0.0,0.0,0.0,0.0,0.0,0.0,0.0,0.0,0.0,0.0,0.0
10211,Villanueva de la Sierra,municipio,0.0,0.0,0.0,0.0,0.0,0.0,0.0,0.0,0.0,0.0,0.0,0.0,0.0,0.0
10212,Villanueva de la Vera,municipio,71.0,67.0,65.0,66.0,72.0,70.0,68.0,66.0,68.0,69.0,75.0,72.0,73.0,70.0
10213,Villar del Pedroso,municipio,0.0,0.0,0.0,0.0,0.0,0.0,0.0,0.0,0.0,0.0,0.0,0.0,0.0,0.0
10214,Villar de Plasencia,municipio,0.0,0.0,0.0,0.0,0.0,0.0,0.0,0.0,0.0,0.0,0.0,0.0,0.0,0.0
10215,Villasbuenas de Gata,municipio,0.0,0.0,0.0,0.0,0.0,0.0,0.0,0.0,0.0,0.0,0.0,0.0,0.0,0.0
10216,Zarza de Granadilla,municipio,83.0,86.0,82.0,83.0,79.0,74.0,83.0,78.0,79.0,82.0,77.0,73.0,76.0,74.0
10217,Zarza de Montánchez,municipio,0.0,0.0,0.0,0.0,0.0,0.0,0.0,0.0,0.0,0.0,0.0,0.0,0.0,0.0
10218,Zarza la Mayor,municipio,32.0,35.0,33.0,36.0,39.0,37.0,36.0,34.0,32.0,28.0,28.0,27.0,22.0,19.0
10219,Zorita,municipio,36.0,37.0,39.0,39.0,37.0,36.0,34.0,33.0,32.0,31.0,28.0,27.0,26.0,28.0
10901,Rosalejo,municipio,34.0,36.0,38.0,40.0,37.0,33.0,30.0,36.0,37.0,34.0,34.0,29.0,29.0,30.0
10902,Vegaviana,municipio,0.0,0.0,0.0,0.0,0.0,0.0,0.0,0.0,0.0,0.0,0.0,0.0,0.0,0.0
10903,Alagón del Río,municipio,0.0,0.0,0.0,0.0,0.0,0.0,0.0,0.0,0.0,0.0,0.0,0.0,0.0,0.0
10904,Tiétar,municipio,0.0,0.0,0.0,0.0,0.0,0.0,0.0,0.0,0.0,0.0,0.0,0.0,0.0,0.0
10905,Pueblonuevo de Miramontes,municipio,0.0,0.0,0.0,0.0,0.0,0.0,0.0,0.0,0.0,0.0,0.0,0.0,0.0,0.0
10,Cáceres,provincia,11392.0,11107.0,10899.0,10963.0,10841.0,10742.0,10752.0,10849.0,10769.0,10512.0,10501.0,9693.0,9626.0,9583.0
11001,Alcalá de los Gazules,municipio,138.0,137.0,139.0,141.0,135.0,134.0,134.0,142.0,148.0,146.0,130.0,136.0,132.0,126.0
11002,Alcalá del Valle,municipio,89.0,94.0,99.0,102.0,102.0,94.0,95.0,97.0,102.0,104.0,110.0,106.0,104.0,107.0
11003,Algar,municipio,39.0,39.0,40.0,41.0,38.0,38.0,39.0,35.0,41.0,44.0,40.0,43.0,41.0,42.0
11004,Algeciras,municipio,2770.0,2614.0,2593.0,2649.0,2639.0,2672.0,2639.0,2576.0,2597.0,2603.0,2635.0,2416.0,2435.0,2439.0
11005,Algodonales,municipio,138.0,136.0,134.0,135.0,133.0,151.0,149.0,150.0,147.0,145.0,146.0,130.0,126.0,131.0
11006,Arcos de la Frontera,municipio,626.0,614.0,600.0,602.0,612.0,626.0,626.0,626.0,628.0,624.0,638.0,631.0,616.0,637.0
11007,Barbate,municipio,533.0,524.0,522.0,520.0,526.0,547.0,560.0,552.0,561.0,577.0,587.0,584.0,558.0,594.0
11008,"Barrios, Los",municipio,574.0,592.0,608.0,619.0,629.0,613.0,607.0,642.0,646.0,626.0,647.0,602.0,585.0,593.0
11009,Benaocaz,municipio,0.0,0.0,0.0,0.0,0.0,0.0,0.0,0.0,0.0,0.0,0.0,0.0,0.0,0.0
11010,Bornos,municipio,151.0,146.0,139.0,145.0,148.0,151.0,149.0,150.0,153.0,158.0,162.0,150.0,156.0,150.0
11011,"Bosque, El",municipio,70.0,70.0,64.0,70.0,72.0,72.0,71.0,74.0,67.0,66.0,68.0,71.0,72.0,63.0
11012,Cádiz,municipio,2703.0,2614.0,2523.0,2380.0,2343.0,2394.0,2369.0,2296.0,2281.0,2327.0,2285.0,2127.0,2065.0,2061.0
11013,Castellar de la Frontera,municipio,73.0,74.0,77.0,79.0,78.0,75.0,77.0,77.0,65.0,70.0,71.0,64.0,69.0,66.0
11014,Conil de la Frontera,municipio,708.0,684.0,703.0,693.0,711.0,742.0,740.0,748.0,778.0,776.0,795.0,780.0,787.0,785.0
11015,Chiclana de la Frontera,municipio,1890.0,1877.0,1851.0,1819.0,1816.0,1893.0,1857.0,1886.0,1934.0,1955.0,2011.0,1945.0,1931.0,1955.0
11016,Chipiona,municipio,566.0,550.0,536.0,533.0,541.0,542.0,532.0,556.0,581.0,600.0,628.0,618.0,636.0,628.0
11017,Espera,municipio,68.0,65.0,72.0,68.0,72.0,66.0,65.0,65.0,61.0,64.0,62.0,63.0,60.0,59.0
11018,"Gastor, El",municipio,41.0,42.0,46.0,47.0,47.0,48.0,41.0,46.0,46.0,46.0,51.0,49.0,54.0,47.0
11019,Grazalema,municipio,72.0,69.0,75.0,66.0,70.0,71.0,66.0,70.0,72.0,69.0,72.0,65.0,64.0,66.0
11020,Jerez de la Frontera,municipio,4809.0,4703.0,4668.0,4693.0,4626.0,4716.0,4679.0,4560.0,4609.0,4666.0,4770.0,4502.0,4535.0,4505.0
11021,Jimena de la Frontera,municipio,224.0,232.0,227.0,233.0,228.0,223.0,209.0,169.0,173.0,166.0,167.0,160.0,153.0,156.0
11022,"Línea de la Concepción, La",municipio,1376.0,1329.0,1309.0,1283.0,1266.0,1281.0,1277.0,1264.0,1286.0,1293.0,1317.0,1191.0,1192.0,1190.0
11023,Medina Sidonia,municipio,253.0,241.0,234.0,233.0,236.0,239.0,252.0,230.0,224.0,237.0,241.0,237.0,240.0,236.0
11024,Olvera,municipio,206.0,190.0,198.0,194.0,196.0,198.0,192.0,208.0,213.0,214.0,212.0,198.0,197.0,189.0
11025,Paterna de Rivera,municipio,117.0,123.0,118.0,120.0,129.0,131.0,122.0,127.0,120.0,116.0,116.0,110.0,115.0,118.0
11026,Prado del Rey,municipio,188.0,177.0,172.0,179.0,177.0,167.0,169.0,181.0,177.0,174.0,177.0,179.0,170.0,166.0
11027,"Puerto de Santa María, El",municipio,1983.0,1953.0,1922.0,1926.0,1910.0,1981.0,1954.0,1897.0,1905.0,1935.0,1937.0,1827.0,1824.0,1800.0
11028,Puerto Real,municipio,789.0,812.0,811.0,818.0,818.0,815.0,803.0,792.0,833.0,819.0,825.0,778.0,755.0,737.0
11029,Puerto Serrano,municipio,114.0,117.0,114.0,117.0,118.0,117.0,120.0,120.0,111.0,111.0,107.0,103.0,103.0,105.0
11030,Rota,municipio,725.0,701.0,707.0,708.0,706.0,691.0,677.0,677.0,678.0,681.0,674.0,654.0,652.0,647.0
11031,San Fernando,municipio,1451.0,1392.0,1398.0,1415.0,1382.0,1394.0,1396.0,1415.0,1364.0,1388.0,1389.0,1311.0,1314.0,1310.0
11032,Sanlúcar de Barrameda,municipio,1481.0,1471.0,1464.0,1487.0,1494.0,1525.0,1515.0,1537.0,1571.0,1577.0,1599.0,1514.0,1499.0,1505.0
11033,San Roque,municipio,708.0,661.0,665.0,673.0,658.0,666.0,659.0,667.0,719.0,717.0,748.0,708.0,701.0,719.0
11034,Setenil de las Bodegas,municipio,91.0,94.0,91.0,92.0,96.0,97.0,99.0,97.0,93.0,86.0,91.0,94.0,96.0,92.0
11035,Tarifa,municipio,557.0,551.0,550.0,563.0,543.0,573.0,584.0,601.0,630.0,625.0,656.0,614.0,638.0,623.0
11036,Torre Alháquime,municipio,0.0,0.0,0.0,0.0,0.0,0.0,0.0,0.0,0.0,0.0,0.0,0.0,0.0,0.0
11037,Trebujena,municipio,137.0,144.0,140.0,138.0,145.0,139.0,147.0,146.0,155.0,153.0,159.0,141.0,137.0,145.0
11038,Ubrique,municipio,438.0,426.0,442.0,424.0,400.0,396.0,392.0,390.0,390.0,379.0,380.0,346.0,329.0,332.0
11039,Vejer de la Frontera,municipio,353.0,369.0,349.0,361.0,359.0,365.0,378.0,391.0,393.0,419.0,423.0,410.0,408.0,424.0
11040,Villaluenga del Rosario,municipio,0.0,0.0,0.0,0.0,0.0,0.0,0.0,0.0,0.0,0.0,0.0,0.0,0.0,0.0
11041,Villamartín,municipio,294.0,302.0,291.0,307.0,308.0,305.0,296.0,299.0,303.0,308.0,318.0,297.0,280.0,277.0
11042,Zahara,municipio,35.0,34.0,32.0,34.0,34.0,38.0,37.0,33.0,35.0,39.0,33.0,33.0,31.0,33.0
11901,Benalup-Casas Viejas,municipio,181.0,170.0,165.0,166.0,166.0,167.0,170.0,175.0,170.0,168.0,173.0,154.0,155.0,157.0
11902,San José del Valle,municipio,112.0,111.0,112.0,109.0,115.0,113.0,117.0,114.0,117.0,121.0,117.0,109.0,111.0,108.0
11903,San Martín del Tesorillo,municipio,0.0,0.0,0.0,0.0,0.0,0.0,0.0,48.0,51.0,52.0,53.0,53.0,56.0,53.0
11,Cádiz,provincia,27913.0,27282.0,27037.0,27017.0,26860.0,27302.0,27096.0,26965.0,27266.0,27484.0,27860.0,26338.0,26212.0,26209.0
12001,Atzeneta del Maestrat,municipio,34.0,31.0,31.0,38.0,37.0,38.0,42.0,40.0,39.0,33.0,36.0,35.0,34.0,36.0
12002,Aín,municipio,0.0,0.0,0.0,0.0,0.0,0.0,0.0,0.0,0.0,0.0,0.0,0.0,0.0,0.0
12003,Albocàsser,municipio,43.0,43.0,46.0,43.0,42.0,45.0,44.0,46.0,46.0,43.0,44.0,42.0,44.0,41.0
12004,Alcalà de Xivert,municipio,261.0,255.0,263.0,272.0,261.0,248.0,249.0,246.0,248.0,249.0,237.0,232.0,243.0,230.0
12005,"Alcora, l'",municipio,266.0,281.0,283.0,283.0,274.0,287.0,301.0,284.0,283.0,277.0,269.0,240.0,241.0,238.0
12006,Alcudia de Veo,municipio,0.0,0.0,0.0,0.0,0.0,0.0,0.0,0.0,0.0,0.0,0.0,0.0,0.0,0.0
12007,Alfondeguilla,municipio,0.0,0.0,0.0,0.0,0.0,0.0,0.0,0.0,0.0,0.0,0.0,0.0,0.0,0.0
12008,Algimia de Almonacid,municipio,0.0,0.0,0.0,0.0,0.0,0.0,0.0,0.0,0.0,0.0,0.0,0.0,0.0,0.0
12009,Almassora,municipio,664.0,661.0,662.0,663.0,669.0,669.0,666.0,647.0,674.0,664.0,654.0,621.0,645.0,651.0
12010,Almedíjar,municipio,0.0,0.0,0.0,0.0,0.0,0.0,0.0,0.0,0.0,0.0,0.0,0.0,0.0,0.0
12011,Almenara,municipio,154.0,145.0,137.0,126.0,121.0,120.0,122.0,129.0,114.0,114.0,119.0,118.0,130.0,130.0
12012,Altura,municipio,101.0,102.0,95.0,97.0,87.0,90.0,84.0,81.0,84.0,82.0,84.0,75.0,76.0,82.0
12013,Arañuel,municipio,0.0,0.0,0.0,0.0,0.0,0.0,0.0,0.0,0.0,0.0,0.0,0.0,0.0,0.0
12014,Ares del Maestrat,municipio,0.0,0.0,0.0,0.0,0.0,0.0,0.0,0.0,0.0,0.0,0.0,0.0,0.0,0.0
12015,Argelita,municipio,0.0,0.0,0.0,0.0,0.0,0.0,0.0,0.0,0.0,0.0,0.0,0.0,0.0,0.0
12016,Artana,municipio,49.0,48.0,36.0,35.0,35.0,32.0,36.0,35.0,32.0,35.0,35.0,36.0,40.0,41.0
12017,Ayódar,municipio,0.0,0.0,0.0,0.0,0.0,0.0,0.0,0.0,0.0,0.0,0.0,0.0,0.0,0.0
12018,Azuébar,municipio,0.0,0.0,0.0,0.0,0.0,0.0,0.0,0.0,0.0,0.0,0.0,0.0,0.0,0.0
12020,Barracas,municipio,0.0,0.0,0.0,0.0,0.0,0.0,0.0,0.0,0.0,0.0,0.0,0.0,0.0,0.0
12021,Betxí,municipio,172.0,165.0,144.0,146.0,146.0,159.0,156.0,151.0,148.0,150.0,149.0,141.0,148.0,147.0
12022,Bejís,municipio,0.0,0.0,0.0,0.0,0.0,0.0,0.0,0.0,0.0,0.0,0.0,0.0,0.0,0.0
12024,Benafer,municipio,0.0,0.0,0.0,0.0,0.0,0.0,0.0,0.0,0.0,0.0,0.0,0.0,0.0,0.0
12025,Benafigos,municipio,0.0,0.0,0.0,0.0,0.0,0.0,0.0,0.0,0.0,0.0,0.0,0.0,0.0,0.0
12026,Benassal,municipio,45.0,47.0,43.0,40.0,36.0,35.0,34.0,32.0,30.0,29.0,30.0,26.0,26.0,25.0
12027,Benicarló,municipio,765.0,766.0,749.0,740.0,720.0,715.0,711.0,678.0,671.0,673.0,687.0,657.0,656.0,661.0
12028,Benicàssim/Benicasim,municipio,498.0,467.0,464.0,464.0,479.0,484.0,477.0,475.0,484.0,491.0,496.0,464.0,455.0,471.0
12029,Benlloc,municipio,30.0,33.0,28.0,29.0,28.0,29.0,28.0,25.0,24.0,23.0,20.0,24.0,22.0,21.0
12031,Borriol,municipio,142.0,134.0,124.0,129.0,131.0,143.0,158.0,150.0,134.0,144.0,135.0,127.0,127.0,119.0
12032,Borriana/Burriana,municipio,877.0,871.0,821.0,831.0,828.0,821.0,810.0,786.0,770.0,776.0,778.0,701.0,714.0,711.0
12033,Cabanes,municipio,110.0,103.0,94.0,94.0,98.0,98.0,102.0,104.0,112.0,109.0,118.0,106.0,114.0,116.0
12034,Càlig,municipio,55.0,52.0,51.0,53.0,50.0,54.0,55.0,51.0,47.0,48.0,47.0,40.0,41.0,39.0
12036,Canet lo Roig,municipio,0.0,0.0,0.0,0.0,0.0,0.0,0.0,0.0,0.0,0.0,0.0,0.0,0.0,0.0
12037,Castell de Cabres,municipio,0.0,0.0,0.0,0.0,0.0,0.0,0.0,0.0,0.0,0.0,0.0,0.0,0.0,0.0
12038,Castellfort,municipio,0.0,0.0,0.0,0.0,0.0,0.0,0.0,0.0,0.0,0.0,0.0,0.0,0.0,0.0
12039,Castellnovo,municipio,27.0,29.0,28.0,0.0,27.0,0.0,0.0,0.0,0.0,0.0,0.0,0.0,0.0,0.0
12040,Castelló de la Plana/Castellón de la Plana,municipio,4679.0,4505.0,4375.0,4332.0,4401.0,4449.0,4380.0,4333.0,5033.0,5079.0,5190.0,4452.0,4353.0,4330.0
12041,Castillo de Villamalefa,municipio,0.0,0.0,0.0,0.0,0.0,0.0,0.0,0.0,0.0,0.0,0.0,0.0,0.0,0.0
12042,Catí,municipio,0.0,0.0,0.0,0.0,0.0,0.0,0.0,0.0,0.0,0.0,0.0,0.0,0.0,0.0
12043,Caudiel,municipio,0.0,0.0,0.0,0.0,0.0,0.0,0.0,0.0,0.0,0.0,0.0,0.0,0.0,0.0
12044,Cervera del Maestre,municipio,0.0,0.0,0.0,0.0,0.0,0.0,0.0,0.0,0.0,0.0,0.0,0.0,0.0,0.0
12045,Cinctorres,municipio,0.0,0.0,0.0,0.0,0.0,0.0,0.0,0.0,0.0,0.0,0.0,0.0,0.0,0.0
12046,Cirat,municipio,0.0,0.0,0.0,0.0,0.0,0.0,0.0,0.0,0.0,0.0,0.0,0.0,0.0,0.0
12048,Cortes de Arenoso,municipio,0.0,0.0,0.0,0.0,0.0,0.0,0.0,0.0,0.0,0.0,0.0,0.0,0.0,0.0
12049,Costur,municipio,0.0,0.0,0.0,0.0,0.0,0.0,0.0,0.0,0.0,0.0,0.0,0.0,0.0,0.0
12050,"Coves de Vinromà, les",municipio,47.0,47.0,46.0,49.0,46.0,45.0,44.0,42.0,41.0,40.0,39.0,37.0,39.0,38.0
12051,Culla,municipio,0.0,0.0,0.0,0.0,0.0,0.0,0.0,0.0,0.0,0.0,0.0,0.0,0.0,0.0
12052,Xert,municipio,0.0,0.0,0.0,0.0,0.0,0.0,0.0,0.0,0.0,0.0,0.0,0.0,0.0,0.0
12053,Chilches/Xilxes,municipio,78.0,78.0,72.0,68.0,67.0,76.0,69.0,60.0,59.0,57.0,59.0,48.0,51.0,47.0
12055,Xodos/Chodos,municipio,0.0,0.0,0.0,0.0,0.0,0.0,0.0,0.0,0.0,0.0,0.0,0.0,0.0,0.0
12056,Chóvar,municipio,0.0,0.0,0.0,0.0,0.0,0.0,0.0,0.0,0.0,0.0,0.0,0.0,0.0,0.0
12057,Eslida,municipio,0.0,0.0,0.0,0.0,0.0,0.0,0.0,0.0,0.0,0.0,0.0,0.0,0.0,0.0
12058,Espadilla,municipio,0.0,0.0,0.0,0.0,0.0,0.0,0.0,0.0,0.0,0.0,0.0,0.0,0.0,0.0
12059,Fanzara,municipio,0.0,0.0,0.0,0.0,0.0,0.0,0.0,0.0,0.0,0.0,0.0,0.0,0.0,0.0
12060,Figueroles,municipio,0.0,0.0,0.0,0.0,0.0,0.0,0.0,0.0,0.0,0.0,0.0,0.0,0.0,0.0
12061,Forcall,municipio,0.0,0.0,0.0,0.0,0.0,0.0,0.0,0.0,0.0,0.0,0.0,0.0,0.0,0.0
12063,Fuente la Reina,municipio,0.0,0.0,0.0,0.0,0.0,0.0,0.0,0.0,0.0,0.0,0.0,0.0,0.0,0.0
12064,Fuentes de Ayódar,municipio,0.0,0.0,0.0,0.0,0.0,0.0,0.0,0.0,0.0,0.0,0.0,0.0,0.0,0.0
12065,Gaibiel,municipio,0.0,0.0,0.0,0.0,0.0,0.0,0.0,0.0,0.0,0.0,0.0,0.0,0.0,0.0
12067,Geldo,municipio,0.0,0.0,0.0,0.0,0.0,0.0,0.0,0.0,0.0,0.0,0.0,0.0,0.0,0.0
12068,Herbers,municipio,0.0,0.0,0.0,0.0,0.0,0.0,0.0,0.0,0.0,0.0,0.0,0.0,0.0,0.0
12069,Higueras,municipio,0.0,0.0,0.0,0.0,0.0,0.0,0.0,0.0,0.0,0.0,0.0,0.0,0.0,0.0
12070,"Jana, la",municipio,0.0,0.0,0.0,0.0,0.0,0.0,0.0,0.0,0.0,0.0,0.0,0.0,0.0,0.0
12071,Jérica,municipio,52.0,48.0,41.0,49.0,46.0,46.0,48.0,43.0,43.0,40.0,45.0,40.0,41.0,38.0
12072,Llucena/Lucena del Cid,municipio,31.0,28.0,29.0,29.0,30.0,31.0,24.0,25.0,29.0,30.0,31.0,27.0,29.0,29.0
12073,Ludiente,municipio,0.0,0.0,0.0,0.0,0.0,0.0,0.0,0.0,0.0,0.0,0.0,0.0,0.0,0.0
12074,"Llosa, la",municipio,0.0,0.0,0.0,0.0,0.0,0.0,0.0,0.0,0.0,0.0,0.0,0.0,29.0,26.0
12075,"Mata de Morella, la",municipio,0.0,0.0,0.0,0.0,0.0,0.0,0.0,0.0,0.0,0.0,0.0,0.0,0.0,0.0
12076,Matet,municipio,0.0,0.0,0.0,0.0,0.0,0.0,0.0,0.0,0.0,0.0,0.0,0.0,0.0,0.0
12077,Moncofa,municipio,224.0,227.0,217.0,206.0,217.0,209.0,206.0,201.0,202.0,197.0,199.0,184.0,187.0,188.0
12078,Montán,municipio,0.0,0.0,0.0,0.0,0.0,0.0,0.0,0.0,0.0,0.0,0.0,0.0,0.0,0.0
12079,Montanejos,municipio,0.0,0.0,0.0,0.0,0.0,0.0,0.0,0.0,0.0,0.0,0.0,0.0,0.0,0.0
12080,Morella,municipio,145.0,139.0,139.0,132.0,130.0,135.0,136.0,137.0,132.0,130.0,128.0,126.0,136.0,138.0
12081,Navajas,municipio,0.0,0.0,0.0,0.0,0.0,0.0,0.0,0.0,0.0,0.0,0.0,0.0,0.0,0.0
12082,Nules,municipio,378.0,368.0,332.0,329.0,332.0,329.0,317.0,317.0,332.0,336.0,345.0,300.0,297.0,289.0
12083,Olocau del Rey,municipio,0.0,0.0,0.0,0.0,0.0,0.0,0.0,0.0,0.0,0.0,0.0,0.0,0.0,0.0
12084,Onda,municipio,806.0,820.0,802.0,823.0,810.0,846.0,833.0,810.0,808.0,783.0,777.0,727.0,707.0,718.0
12085,Orpesa/Oropesa del Mar,municipio,313.0,290.0,291.0,268.0,261.0,271.0,282.0,286.0,297.0,302.0,312.0,301.0,319.0,352.0
12087,Palanques,municipio,0.0,0.0,0.0,0.0,0.0,0.0,0.0,0.0,0.0,0.0,0.0,0.0,0.0,0.0
12088,Pavías,municipio,0.0,0.0,0.0,0.0,0.0,0.0,0.0,0.0,0.0,0.0,0.0,0.0,0.0,0.0
12089,Peníscola/Peñíscola,municipio,269.0,265.0,251.0,252.0,248.0,256.0,254.0,273.0,275.0,289.0,305.0,305.0,321.0,339.0
12090,Pina de Montalgrao,municipio,0.0,0.0,0.0,0.0,0.0,0.0,0.0,0.0,0.0,0.0,0.0,0.0,0.0,0.0
12091,Portell de Morella,municipio,0.0,0.0,0.0,0.0,0.0,0.0,0.0,0.0,0.0,0.0,0.0,0.0,0.0,0.0
12092,Puebla de Arenoso,municipio,0.0,0.0,0.0,0.0,0.0,0.0,0.0,0.0,0.0,0.0,0.0,0.0,0.0,0.0
12093,"Pobla de Benifassà, la",municipio,0.0,0.0,0.0,0.0,0.0,0.0,0.0,0.0,0.0,0.0,0.0,0.0,0.0,0.0
12094,"Pobla Tornesa, la",municipio,34.0,38.0,38.0,38.0,32.0,29.0,32.0,31.0,37.0,38.0,36.0,35.0,31.0,30.0
12095,Ribesalbes,municipio,26.0,26.0,29.0,30.0,28.0,24.0,26.0,24.0,20.0,22.0,21.0,18.0,21.0,20.0
12096,Rossell,municipio,38.0,38.0,35.0,32.0,29.0,27.0,0.0,0.0,0.0,0.0,0.0,0.0,0.0,0.0
12097,Sacañet,municipio,0.0,0.0,0.0,0.0,0.0,0.0,0.0,0.0,0.0,0.0,0.0,0.0,0.0,0.0
12098,"Salzadella, la",municipio,0.0,0.0,0.0,0.0,0.0,0.0,0.0,0.0,0.0,0.0,0.0,0.0,0.0,0.0
12099,Sant Jordi/San Jorge,municipio,21.0,21.0,20.0,22.0,22.0,0.0,0.0,0.0,0.0,0.0,26.0,29.0,34.0,33.0
12100,Sant Mateu,municipio,65.0,67.0,71.0,76.0,76.0,78.0,77.0,74.0,71.0,68.0,66.0,61.0,64.0,60.0
12101,San Rafael del Río,municipio,0.0,0.0,0.0,0.0,0.0,0.0,0.0,0.0,0.0,0.0,0.0,0.0,0.0,0.0
12102,Santa Magdalena de Pulpis,municipio,0.0,0.0,0.0,0.0,0.0,0.0,0.0,0.0,0.0,0.0,0.0,0.0,0.0,0.0
12103,"Serratella, la",municipio,0.0,0.0,0.0,0.0,0.0,0.0,0.0,0.0,0.0,0.0,0.0,0.0,0.0,0.0
12104,Segorbe,municipio,312.0,309.0,313.0,315.0,314.0,310.0,292.0,302.0,287.0,291.0,280.0,263.0,265.0,276.0
12105,Sierra Engarcerán,municipio,32.0,31.0,30.0,32.0,32.0,32.0,31.0,30.0,0.0,0.0,0.0,0.0,32.0,34.0
12106,Soneja,municipio,45.0,43.0,41.0,38.0,33.0,32.0,31.0,30.0,33.0,30.0,32.0,33.0,30.0,29.0
12107,Sot de Ferrer,municipio,0.0,0.0,0.0,0.0,0.0,0.0,0.0,0.0,0.0,0.0,0.0,0.0,0.0,0.0
12108,Suera/Sueras,municipio,0.0,0.0,0.0,0.0,0.0,0.0,0.0,0.0,0.0,0.0,0.0,0.0,0.0,0.0
12109,Tales,municipio,0.0,0.0,0.0,0.0,0.0,0.0,0.0,0.0,0.0,0.0,0.0,0.0,0.0,0.0
12110,Teresa,municipio,0.0,0.0,0.0,0.0,0.0,0.0,0.0,0.0,0.0,0.0,0.0,0.0,0.0,0.0
12111,Tírig,municipio,0.0,0.0,0.0,0.0,0.0,0.0,0.0,0.0,0.0,0.0,0.0,0.0,0.0,0.0
12112,Todolella,municipio,0.0,0.0,0.0,0.0,0.0,0.0,0.0,0.0,0.0,0.0,0.0,0.0,0.0,0.0
12113,Toga,municipio,0.0,0.0,0.0,0.0,0.0,0.0,0.0,0.0,0.0,0.0,0.0,0.0,0.0,0.0
12114,Torás,municipio,0.0,0.0,0.0,0.0,0.0,0.0,0.0,0.0,0.0,0.0,0.0,0.0,0.0,0.0
12115,"Toro, El",municipio,0.0,0.0,0.0,0.0,0.0,0.0,0.0,0.0,0.0,0.0,0.0,0.0,0.0,0.0
12116,Torralba del Pinar,municipio,0.0,0.0,0.0,0.0,0.0,0.0,0.0,0.0,0.0,0.0,0.0,0.0,0.0,0.0
12117,Torreblanca,municipio,174.0,169.0,157.0,150.0,148.0,146.0,149.0,154.0,148.0,145.0,141.0,142.0,139.0,136.0
12118,Torrechiva,municipio,0.0,0.0,0.0,0.0,0.0,0.0,0.0,0.0,0.0,0.0,0.0,0.0,0.0,0.0
12119,"Torre d'en Besora, la",municipio,0.0,0.0,0.0,0.0,0.0,0.0,0.0,0.0,0.0,0.0,0.0,0.0,0.0,0.0
12120,"Torre d'en Doménec, la",municipio,0.0,0.0,0.0,0.0,0.0,0.0,0.0,0.0,0.0,0.0,0.0,0.0,0.0,0.0
12121,Traiguera,municipio,33.0,40.0,37.0,41.0,39.0,37.0,36.0,37.0,33.0,36.0,36.0,31.0,30.0,29.0
12122,"Useres, les/Useras",municipio,21.0,22.0,0.0,0.0,21.0,0.0,0.0,0.0,0.0,0.0,0.0,0.0,0.0,0.0
12123,Vallat,municipio,0.0,0.0,0.0,0.0,0.0,0.0,0.0,0.0,0.0,0.0,0.0,0.0,0.0,0.0
12124,Vall d'Alba,municipio,80.0,81.0,76.0,82.0,79.0,82.0,86.0,83.0,83.0,86.0,87.0,75.0,74.0,73.0
12125,Vall de Almonacid,municipio,0.0,0.0,0.0,0.0,0.0,0.0,0.0,0.0,0.0,0.0,0.0,0.0,0.0,0.0
12126,"Vall d'Uixó, la",municipio,772.0,765.0,726.0,699.0,690.0,717.0,695.0,643.0,636.0,637.0,613.0,565.0,566.0,543.0
12127,Vallibona,municipio,0.0,0.0,0.0,0.0,0.0,0.0,0.0,0.0,0.0,0.0,0.0,0.0,0.0,0.0
12128,Vilafamés,municipio,55.0,51.0,45.0,50.0,47.0,49.0,54.0,44.0,48.0,49.0,53.0,50.0,52.0,46.0
12129,Vilafranca/Villafranca del Cid,municipio,49.0,51.0,54.0,58.0,53.0,51.0,53.0,55.0,56.0,52.0,53.0,52.0,53.0,52.0
12130,Villahermosa del Río,municipio,0.0,0.0,0.0,0.0,0.0,0.0,0.0,0.0,0.0,0.0,0.0,0.0,0.0,0.0
12131,Villamalur,municipio,0.0,0.0,0.0,0.0,0.0,0.0,0.0,0.0,0.0,0.0,0.0,0.0,0.0,0.0
12132,Vilanova d'Alcolea,municipio,0.0,0.0,0.0,0.0,0.0,0.0,0.0,0.0,0.0,0.0,0.0,0.0,0.0,0.0
12133,Villanueva de Viver,municipio,0.0,0.0,0.0,0.0,0.0,0.0,0.0,0.0,0.0,0.0,0.0,0.0,0.0,0.0
12134,Vilar de Canes,municipio,0.0,0.0,0.0,0.0,0.0,0.0,0.0,0.0,0.0,0.0,0.0,0.0,0.0,0.0
12135,Vila-real,municipio,1255.0,1223.0,1179.0,1149.0,1172.0,1156.0,1127.0,1140.0,1119.0,1081.0,1096.0,991.0,1007.0,1023.0
12136,"Vilavella, la",municipio,88.0,83.0,72.0,69.0,62.0,64.0,62.0,69.0,74.0,68.0,72.0,63.0,61.0,56.0
12137,Villores,municipio,0.0,0.0,0.0,0.0,0.0,0.0,0.0,0.0,0.0,0.0,0.0,0.0,0.0,0.0
12138,Vinaròs,municipio,938.0,897.0,885.0,885.0,894.0,878.0,859.0,853.0,848.0,860.0,862.0,797.0,787.0,770.0
12139,Vistabella del Maestrat,municipio,0.0,0.0,0.0,0.0,0.0,0.0,0.0,0.0,0.0,0.0,0.0,0.0,0.0,0.0
12140,Viver,municipio,44.0,52.0,52.0,54.0,51.0,48.0,48.0,53.0,52.0,49.0,44.0,40.0,43.0,41.0
12141,Zorita del Maestrazgo,municipio,0.0,0.0,0.0,0.0,0.0,0.0,0.0,0.0,0.0,0.0,0.0,0.0,0.0,0.0
12142,Zucaina,municipio,0.0,0.0,0.0,0.0,0.0,0.0,0.0,0.0,0.0,0.0,0.0,0.0,0.0,0.0
12901,"Alqueries, les/Alquerías del Niño Perdido",municipio,142.0,127.0,118.0,114.0,121.0,124.0,134.0,127.0,126.0,131.0,124.0,112.0,106.0,114.0
12902,Sant Joan de Moró,municipio,72.0,75.0,73.0,83.0,80.0,69.0,75.0,67.0,65.0,69.0,69.0,61.0,66.0,67.0
12,Castellón/Castelló,provincia,16424.0,16064.0,15542.0,15449.0,15426.0,15519.0,15371.0,15118.0,15772.0,15783.0,15891.0,14449.0,14453.0,14428.0
13001,Abenójar,municipio,27.0,25.0,25.0,28.0,28.0,23.0,25.0,29.0,26.0,26.0,25.0,24.0,28.0,24.0
13002,Agudo,municipio,59.0,58.0,58.0,59.0,58.0,53.0,53.0,48.0,45.0,46.0,50.0,52.0,49.0,49.0
13003,Alamillo,municipio,0.0,0.0,0.0,0.0,0.0,0.0,0.0,0.0,0.0,0.0,0.0,0.0,0.0,0.0
13004,Albaladejo,municipio,40.0,39.0,32.0,34.0,31.0,31.0,28.0,28.0,24.0,25.0,27.0,28.0,27.0,26.0
13005,Alcázar de San Juan,municipio,795.0,775.0,720.0,722.0,720.0,712.0,712.0,700.0,674.0,683.0,682.0,665.0,648.0,646.0
13006,Alcoba,municipio,0.0,0.0,0.0,0.0,0.0,0.0,0.0,0.0,0.0,0.0,0.0,0.0,0.0,0.0
13007,Alcolea de Calatrava,municipio,28.0,28.0,28.0,27.0,25.0,22.0,25.0,24.0,20.0,21.0,21.0,20.0,19.0,17.0
13008,Alcubillas,municipio,0.0,0.0,0.0,0.0,0.0,0.0,0.0,0.0,0.0,0.0,0.0,0.0,0.0,0.0
13009,Aldea del Rey,municipio,39.0,36.0,34.0,31.0,31.0,31.0,31.0,31.0,32.0,29.0,29.0,25.0,24.0,23.0
13010,Alhambra,municipio,14.0,17.0,17.0,19.0,20.0,21.0,19.0,0.0,21.0,18.0,0.0,0.0,0.0,0.0
13011,Almadén,municipio,182.0,171.0,170.0,169.0,173.0,168.0,162.0,156.0,155.0,154.0,149.0,132.0,134.0,137.0
13012,Almadenejos,municipio,0.0,0.0,0.0,0.0,0.0,0.0,0.0,0.0,0.0,0.0,0.0,0.0,0.0,0.0
13013,Almagro,municipio,369.0,362.0,347.0,344.0,334.0,341.0,335.0,337.0,333.0,324.0,320.0,295.0,288.0,291.0
13014,Almedina,municipio,0.0,0.0,0.0,0.0,0.0,0.0,0.0,0.0,0.0,0.0,0.0,0.0,0.0,0.0
13015,Almodóvar del Campo,municipio,150.0,154.0,159.0,156.0,148.0,146.0,138.0,142.0,143.0,128.0,133.0,126.0,113.0,108.0
13016,Almuradiel,municipio,0.0,0.0,0.0,0.0,0.0,0.0,0.0,0.0,0.0,0.0,0.0,0.0,0.0,0.0
13017,Anchuras,municipio,0.0,0.0,0.0,0.0,0.0,0.0,0.0,0.0,0.0,0.0,0.0,0.0,0.0,0.0
13018,Arenas de San Juan,municipio,14.0,19.0,22.0,22.0,18.0,20.0,19.0,18.0,18.0,15.0,16.0,21.0,17.0,19.0
13019,Argamasilla de Alba,municipio,212.0,206.0,192.0,191.0,183.0,181.0,188.0,185.0,179.0,180.0,178.0,177.0,163.0,154.0
13020,Argamasilla de Calatrava,municipio,161.0,156.0,153.0,165.0,155.0,168.0,177.0,183.0,170.0,160.0,159.0,152.0,151.0,146.0
13021,Arroba de los Montes,municipio,0.0,0.0,0.0,0.0,0.0,0.0,0.0,0.0,0.0,0.0,0.0,0.0,0.0,0.0
13022,Ballesteros de Calatrava,municipio,0.0,0.0,0.0,0.0,0.0,0.0,0.0,0.0,0.0,0.0,0.0,0.0,0.0,0.0
13023,Bolaños de Calatrava,municipio,522.0,524.0,532.0,524.0,510.0,520.0,523.0,518.0,517.0,520.0,518.0,485.0,484.0,479.0
13024,Brazatortas,municipio,26.0,24.0,20.0,22.0,24.0,20.0,21.0,0.0,24.0,0.0,24.0,23.0,24.0,19.0
13025,Cabezarados,municipio,0.0,0.0,0.0,0.0,0.0,0.0,0.0,0.0,0.0,0.0,0.0,0.0,0.0,0.0
13026,Cabezarrubias del Puerto,municipio,0.0,0.0,0.0,0.0,0.0,0.0,0.0,0.0,0.0,0.0,0.0,0.0,0.0,0.0
13027,Calzada de Calatrava,municipio,116.0,120.0,119.0,122.0,112.0,108.0,103.0,104.0,99.0,94.0,94.0,89.0,85.0,76.0
13028,Campo de Criptana,municipio,358.0,351.0,327.0,339.0,346.0,337.0,330.0,332.0,336.0,331.0,337.0,308.0,296.0,301.0
13029,Cañada de Calatrava,municipio,0.0,0.0,0.0,0.0,0.0,0.0,0.0,0.0,0.0,0.0,0.0,0.0,0.0,0.0
13030,Caracuel de Calatrava,municipio,0.0,0.0,0.0,0.0,0.0,0.0,0.0,0.0,0.0,0.0,0.0,0.0,0.0,0.0
13031,Carrión de Calatrava,municipio,86.0,90.0,89.0,94.0,92.0,92.0,84.0,79.0,88.0,90.0,90.0,82.0,79.0,76.0
13032,Carrizosa,municipio,26.0,23.0,23.0,25.0,29.0,31.0,33.0,31.0,28.0,30.0,31.0,30.0,30.0,30.0
13033,Castellar de Santiago,municipio,40.0,46.0,48.0,49.0,44.0,44.0,49.0,48.0,49.0,49.0,49.0,51.0,55.0,52.0
13034,Ciudad Real,municipio,1822.0,1787.0,1803.0,1785.0,1788.0,1737.0,1753.0,1726.0,1663.0,1640.0,1686.0,1530.0,1520.0,1523.0
13035,Corral de Calatrava,municipio,41.0,42.0,41.0,43.0,45.0,46.0,44.0,43.0,46.0,43.0,44.0,38.0,32.0,29.0
13036,"Cortijos, Los",municipio,0.0,0.0,0.0,0.0,0.0,0.0,0.0,0.0,0.0,0.0,0.0,0.0,0.0,0.0
13037,Cózar,municipio,34.0,37.0,30.0,28.0,31.0,23.0,21.0,0.0,0.0,0.0,0.0,0.0,0.0,0.0
13038,Chillón,municipio,36.0,34.0,37.0,34.0,36.0,36.0,34.0,32.0,27.0,29.0,32.0,32.0,33.0,33.0
13039,Daimiel,municipio,451.0,457.0,467.0,470.0,463.0,471.0,460.0,444.0,434.0,418.0,417.0,397.0,386.0,385.0
13040,Fernán Caballero,municipio,32.0,29.0,26.0,23.0,20.0,20.0,21.0,24.0,18.0,0.0,0.0,0.0,0.0,0.0
13041,Fontanarejo,municipio,0.0,0.0,0.0,0.0,0.0,0.0,0.0,0.0,0.0,0.0,0.0,0.0,0.0,0.0
13042,Fuencaliente,municipio,41.0,35.0,35.0,32.0,33.0,35.0,34.0,34.0,35.0,30.0,30.0,31.0,25.0,32.0
13043,Fuenllana,municipio,0.0,0.0,0.0,0.0,0.0,0.0,0.0,0.0,0.0,0.0,0.0,0.0,0.0,0.0
13044,Fuente el Fresno,municipio,95.0,96.0,105.0,101.0,93.0,98.0,87.0,85.0,87.0,87.0,84.0,78.0,84.0,81.0
13045,Granátula de Calatrava,municipio,0.0,0.0,0.0,0.0,0.0,0.0,0.0,0.0,0.0,0.0,0.0,0.0,0.0,0.0
13046,Guadalmez,municipio,0.0,0.0,0.0,0.0,0.0,0.0,0.0,0.0,0.0,0.0,0.0,0.0,0.0,0.0
13047,Herencia,municipio,255.0,252.0,248.0,258.0,247.0,256.0,263.0,260.0,266.0,261.0,267.0,248.0,235.0,231.0
13048,Hinojosas de Calatrava,municipio,0.0,0.0,0.0,0.0,0.0,0.0,0.0,0.0,0.0,0.0,0.0,0.0,0.0,0.0
13049,Horcajo de los Montes,municipio,35.0,31.0,0.0,0.0,0.0,0.0,0.0,0.0,0.0,0.0,0.0,0.0,0.0,0.0
13050,"Labores, Las",municipio,0.0,0.0,0.0,0.0,0.0,0.0,0.0,0.0,0.0,0.0,0.0,0.0,0.0,0.0
13051,Luciana,municipio,0.0,0.0,0.0,0.0,0.0,0.0,0.0,0.0,0.0,0.0,0.0,0.0,0.0,0.0
13052,Malagón,municipio,305.0,281.0,275.0,286.0,282.0,273.0,275.0,269.0,267.0,281.0,279.0,259.0,248.0,238.0
13053,Manzanares,municipio,506.0,498.0,476.0,497.0,500.0,487.0,472.0,468.0,461.0,437.0,429.0,377.0,358.0,350.0
13054,Membrilla,municipio,178.0,169.0,164.0,163.0,159.0,155.0,148.0,151.0,145.0,141.0,134.0,130.0,134.0,119.0
13055,Mestanza,municipio,0.0,0.0,0.0,0.0,0.0,0.0,0.0,0.0,0.0,0.0,0.0,0.0,0.0,0.0
13056,Miguelturra,municipio,392.0,407.0,413.0,411.0,424.0,408.0,390.0,408.0,387.0,388.0,391.0,370.0,377.0,364.0
13057,Montiel,municipio,55.0,55.0,52.0,56.0,51.0,50.0,48.0,47.0,50.0,49.0,47.0,47.0,46.0,42.0
13058,Moral de Calatrava,municipio,152.0,150.0,137.0,145.0,142.0,145.0,145.0,152.0,152.0,151.0,160.0,146.0,135.0,129.0
13059,Navalpino,municipio,0.0,0.0,0.0,0.0,0.0,0.0,0.0,0.0,0.0,0.0,0.0,0.0,0.0,0.0
13060,Navas de Estena,municipio,0.0,0.0,0.0,0.0,0.0,0.0,0.0,0.0,0.0,0.0,0.0,0.0,0.0,0.0
13061,Pedro Muñoz,municipio,261.0,276.0,258.0,254.0,241.0,251.0,247.0,232.0,233.0,225.0,238.0,221.0,215.0,221.0
13062,Picón,municipio,0.0,0.0,0.0,0.0,0.0,0.0,0.0,0.0,0.0,0.0,0.0,0.0,0.0,0.0
13063,Piedrabuena,municipio,129.0,125.0,123.0,122.0,126.0,121.0,115.0,109.0,102.0,106.0,110.0,104.0,107.0,102.0
13064,Poblete,municipio,48.0,56.0,60.0,67.0,73.0,73.0,69.0,68.0,63.0,62.0,66.0,54.0,54.0,60.0
13065,Porzuna,municipio,84.0,80.0,88.0,80.0,80.0,90.0,88.0,79.0,83.0,86.0,85.0,80.0,76.0,79.0
13066,Pozuelo de Calatrava,municipio,96.0,101.0,101.0,107.0,105.0,101.0,105.0,99.0,107.0,100.0,103.0,98.0,98.0,101.0
13067,"Pozuelos de Calatrava, Los",municipio,0.0,0.0,0.0,0.0,0.0,0.0,0.0,0.0,0.0,0.0,0.0,0.0,0.0,0.0
13068,Puebla de Don Rodrigo,municipio,23.0,21.0,23.0,26.0,26.0,30.0,27.0,26.0,24.0,23.0,24.0,21.0,20.0,19.0
13069,Puebla del Príncipe,municipio,0.0,0.0,0.0,0.0,0.0,0.0,0.0,0.0,0.0,0.0,0.0,0.0,0.0,0.0
13070,Puerto Lápice,municipio,30.0,28.0,25.0,0.0,0.0,0.0,0.0,0.0,0.0,0.0,0.0,0.0,0.0,0.0
13071,Puertollano,municipio,988.0,974.0,964.0,940.0,920.0,912.0,918.0,872.0,856.0,855.0,861.0,771.0,725.0,715.0
13072,Retuerta del Bullaque,municipio,32.0,29.0,27.0,25.0,23.0,25.0,0.0,0.0,0.0,0.0,0.0,0.0,0.0,0.0
13073,Saceruela,municipio,0.0,0.0,0.0,0.0,0.0,0.0,0.0,0.0,0.0,0.0,0.0,0.0,0.0,0.0
13074,San Carlos del Valle,municipio,17.0,16.0,17.0,22.0,22.0,24.0,20.0,19.0,18.0,18.0,19.0,22.0,23.0,21.0
13075,San Lorenzo de Calatrava,municipio,0.0,0.0,0.0,0.0,0.0,0.0,0.0,0.0,0.0,0.0,0.0,0.0,0.0,0.0
13076,Santa Cruz de los Cáñamos,municipio,0.0,0.0,0.0,0.0,0.0,0.0,0.0,0.0,0.0,0.0,0.0,0.0,0.0,0.0
13077,Santa Cruz de Mudela,municipio,134.0,128.0,127.0,138.0,137.0,138.0,139.0,132.0,132.0,132.0,137.0,132.0,123.0,119.0
13078,Socuéllamos,municipio,408.0,396.0,389.0,381.0,373.0,382.0,376.0,382.0,368.0,368.0,357.0,336.0,322.0,316.0
13079,"Solana, La",municipio,365.0,358.0,355.0,363.0,378.0,365.0,369.0,380.0,377.0,369.0,367.0,343.0,335.0,326.0
13080,Solana del Pino,municipio,0.0,0.0,0.0,0.0,0.0,0.0,0.0,0.0,0.0,0.0,0.0,0.0,0.0,0.0
13081,Terrinches,municipio,0.0,0.0,0.0,0.0,0.0,0.0,0.0,0.0,0.0,0.0,0.0,0.0,0.0,0.0
13082,Tomelloso,municipio,984.0,989.0,952.0,968.0,955.0,977.0,978.0,961.0,934.0,943.0,963.0,875.0,872.0,890.0
13083,Torralba de Calatrava,municipio,108.0,105.0,112.0,110.0,100.0,103.0,105.0,105.0,99.0,94.0,91.0,90.0,94.0,93.0
13084,Torre de Juan Abad,municipio,37.0,36.0,34.0,33.0,33.0,30.0,29.0,29.0,0.0,0.0,0.0,27.0,0.0,0.0
13085,Torrenueva,municipio,121.0,117.0,114.0,118.0,118.0,116.0,120.0,120.0,127.0,125.0,119.0,110.0,109.0,112.0
13086,Valdemanco del Esteras,municipio,0.0,0.0,0.0,0.0,0.0,0.0,0.0,0.0,0.0,0.0,0.0,0.0,0.0,0.0
13087,Valdepeñas,municipio,875.0,851.0,846.0,878.0,870.0,850.0,846.0,833.0,801.0,782.0,815.0,751.0,736.0,740.0
13088,Valenzuela de Calatrava,municipio,0.0,0.0,0.0,0.0,0.0,0.0,0.0,0.0,0.0,0.0,0.0,0.0,0.0,0.0
13089,Villahermosa,municipio,51.0,49.0,49.0,48.0,53.0,49.0,45.0,49.0,51.0,48.0,49.0,48.0,42.0,39.0
13090,Villamanrique,municipio,30.0,30.0,33.0,29.0,26.0,27.0,29.0,28.0,29.0,29.0,29.0,25.0,21.0,20.0
13091,Villamayor de Calatrava,municipio,0.0,0.0,0.0,0.0,0.0,0.0,0.0,0.0,0.0,0.0,0.0,0.0,0.0,0.0
13092,Villanueva de la Fuente,municipio,91.0,92.0,85.0,84.0,88.0,83.0,82.0,81.0,76.0,72.0,64.0,71.0,66.0,67.0
13093,Villanueva de los Infantes,municipio,170.0,172.0,177.0,162.0,157.0,154.0,154.0,161.0,164.0,161.0,161.0,147.0,140.0,149.0
13094,Villanueva de San Carlos,municipio,0.0,0.0,0.0,0.0,0.0,0.0,0.0,0.0,0.0,0.0,0.0,0.0,0.0,0.0
13095,Villar del Pozo,municipio,0.0,0.0,0.0,0.0,0.0,0.0,0.0,0.0,0.0,0.0,0.0,0.0,0.0,0.0
13096,Villarrubia de los Ojos,municipio,213.0,219.0,206.0,211.0,219.0,214.0,213.0,218.0,219.0,210.0,211.0,200.0,215.0,196.0
13097,Villarta de San Juan,municipio,87.0,92.0,86.0,81.0,82.0,79.0,85.0,86.0,85.0,89.0,84.0,72.0,74.0,70.0
13098,Viso del Marqués,municipio,73.0,75.0,69.0,74.0,69.0,73.0,68.0,69.0,65.0,68.0,68.0,56.0,49.0,44.0
13901,"Robledo, El",municipio,37.0,40.0,36.0,37.0,35.0,34.0,38.0,38.0,45.0,44.0,45.0,44.0,41.0,45.0
13902,Ruidera,municipio,0.0,0.0,0.0,0.0,0.0,0.0,0.0,0.0,0.0,0.0,0.0,0.0,0.0,0.0
13903,Arenales de San Gregorio,municipio,0.0,0.0,0.0,0.0,0.0,0.0,0.0,0.0,0.0,0.0,0.0,0.0,0.0,0.0
13904,Llanos del Caudillo,municipio,0.0,0.0,0.0,0.0,0.0,0.0,0.0,0.0,0.0,0.0,0.0,0.0,0.0,0.0
13,Ciudad Real,provincia,13682.0,13525.0,13291.0,13357.0,13231.0,13141.0,13061.0,12924.0,12634.0,12482.0,12609.0,11713.0,11440.0,11298.0
14001,Adamuz,municipio,104.0,106.0,100.0,101.0,98.0,101.0,106.0,102.0,99.0,95.0,95.0,89.0,85.0,85.0
14002,Aguilar de la Frontera,municipio,323.0,324.0,317.0,322.0,326.0,321.0,313.0,324.0,322.0,319.0,322.0,302.0,302.0,290.0
14003,Alcaracejos,municipio,49.0,51.0,49.0,46.0,49.0,49.0,51.0,49.0,46.0,49.0,50.0,50.0,51.0,51.0
14004,Almedinilla,municipio,57.0,61.0,60.0,65.0,66.0,67.0,67.0,64.0,66.0,63.0,61.0,59.0,61.0,62.0
14005,Almodóvar del Río,municipio,173.0,177.0,181.0,177.0,177.0,168.0,162.0,155.0,164.0,162.0,167.0,154.0,148.0,132.0
14006,Añora,municipio,45.0,45.0,40.0,40.0,35.0,41.0,39.0,35.0,31.0,29.0,33.0,32.0,31.0,31.0
14007,Baena,municipio,583.0,572.0,593.0,596.0,590.0,588.0,577.0,558.0,555.0,545.0,553.0,524.0,512.0,497.0
14008,Belalcázar,municipio,104.0,96.0,94.0,101.0,96.0,93.0,94.0,94.0,92.0,94.0,94.0,80.0,81.0,80.0
14009,Belmez,municipio,76.0,67.0,62.0,67.0,58.0,56.0,63.0,56.0,55.0,51.0,56.0,48.0,51.0,47.0
14010,Benamejí,municipio,148.0,148.0,145.0,151.0,161.0,165.0,168.0,165.0,165.0,173.0,168.0,165.0,167.0,163.0
14011,"Blázquez, Los",municipio,0.0,0.0,0.0,0.0,0.0,0.0,0.0,0.0,0.0,0.0,0.0,0.0,0.0,0.0
14012,Bujalance,municipio,200.0,204.0,204.0,204.0,187.0,188.0,179.0,176.0,170.0,162.0,163.0,143.0,148.0,147.0
14013,Cabra,municipio,527.0,512.0,501.0,492.0,483.0,484.0,476.0,492.0,474.0,476.0,477.0,468.0,450.0,436.0
14014,Cañete de las Torres,municipio,89.0,89.0,83.0,80.0,81.0,81.0,81.0,76.0,74.0,75.0,72.0,58.0,58.0,58.0
14015,Carcabuey,municipio,67.0,60.0,57.0,62.0,65.0,64.0,62.0,68.0,64.0,63.0,61.0,65.0,58.0,57.0
14016,Cardeña,municipio,35.0,34.0,39.0,41.0,42.0,42.0,40.0,36.0,38.0,36.0,39.0,34.0,34.0,32.0
14017,"Carlota, La",municipio,415.0,414.0,423.0,428.0,432.0,431.0,443.0,431.0,435.0,437.0,454.0,429.0,418.0,419.0
14018,"Carpio, El",municipio,120.0,117.0,112.0,123.0,121.0,119.0,110.0,115.0,114.0,106.0,102.0,100.0,94.0,92.0
14019,Castro del Río,municipio,241.0,238.0,228.0,230.0,225.0,225.0,224.0,216.0,226.0,218.0,208.0,194.0,195.0,204.0
14020,Conquista,municipio,0.0,0.0,0.0,0.0,0.0,0.0,0.0,0.0,0.0,0.0,0.0,0.0,0.0,0.0
14021,Córdoba,municipio,8637.0,8432.0,8496.0,8477.0,8346.0,8440.0,8272.0,8192.0,8153.0,8153.0,8111.0,7522.0,7493.0,7530.0
14022,Doña Mencía,municipio,118.0,119.0,108.0,113.0,106.0,110.0,109.0,110.0,110.0,103.0,106.0,97.0,92.0,94.0
14023,Dos Torres,municipio,66.0,64.0,64.0,69.0,65.0,65.0,67.0,67.0,66.0,64.0,68.0,64.0,61.0,64.0
14024,Encinas Reales,municipio,73.0,63.0,55.0,56.0,50.0,61.0,57.0,58.0,64.0,60.0,64.0,64.0,60.0,57.0
14025,Espejo,municipio,67.0,66.0,65.0,65.0,59.0,61.0,55.0,62.0,56.0,56.0,51.0,53.0,51.0,47.0
14026,Espiel,municipio,57.0,56.0,51.0,51.0,46.0,43.0,43.0,40.0,37.0,37.0,38.0,38.0,37.0,37.0
14027,Fernán-Núñez,municipio,260.0,257.0,267.0,271.0,277.0,278.0,274.0,259.0,247.0,246.0,234.0,216.0,217.0,214.0
14028,Fuente la Lancha,municipio,0.0,0.0,0.0,0.0,0.0,0.0,0.0,0.0,0.0,0.0,0.0,0.0,0.0,0.0
14029,Fuente Obejuna,municipio,123.0,114.0,106.0,104.0,100.0,99.0,95.0,97.0,109.0,103.0,104.0,94.0,86.0,92.0
14030,Fuente Palmera,municipio,314.0,302.0,303.0,312.0,312.0,317.0,306.0,293.0,294.0,293.0,294.0,274.0,270.0,259.0
14031,Fuente-Tójar,municipio,0.0,0.0,0.0,0.0,0.0,0.0,0.0,0.0,0.0,0.0,0.0,0.0,0.0,0.0
14032,"Granjuela, La",municipio,0.0,0.0,0.0,0.0,0.0,0.0,0.0,0.0,0.0,0.0,0.0,0.0,0.0,0.0
14033,Guadalcázar,municipio,24.0,20.0,23.0,23.0,24.0,24.0,24.0,17.0,20.0,21.0,15.0,17.0,19.0,21.0
14034,"Guijo, El",municipio,0.0,0.0,0.0,0.0,0.0,0.0,0.0,0.0,0.0,0.0,0.0,0.0,0.0,0.0
14035,Hinojosa del Duque,municipio,264.0,248.0,242.0,245.0,255.0,236.0,220.0,219.0,220.0,220.0,219.0,209.0,202.0,208.0
14036,Hornachuelos,municipio,94.0,97.0,96.0,90.0,91.0,100.0,97.0,88.0,94.0,84.0,88.0,98.0,104.0,102.0
14037,Iznájar,municipio,100.0,104.0,107.0,103.0,101.0,104.0,95.0,99.0,97.0,93.0,93.0,85.0,87.0,85.0
14038,Lucena,municipio,1222.0,1173.0,1177.0,1198.0,1200.0,1222.0,1211.0,1210.0,1222.0,1196.0,1179.0,1117.0,1123.0,1128.0
14039,Luque,municipio,83.0,75.0,74.0,83.0,90.0,85.0,80.0,87.0,86.0,83.0,83.0,74.0,70.0,63.0
14040,Montalbán de Córdoba,municipio,171.0,172.0,165.0,163.0,167.0,152.0,148.0,151.0,141.0,134.0,137.0,130.0,131.0,124.0
14041,Montemayor,municipio,96.0,101.0,98.0,107.0,105.0,107.0,105.0,112.0,105.0,102.0,105.0,99.0,93.0,89.0
14042,Montilla,municipio,623.0,618.0,610.0,601.0,613.0,609.0,600.0,598.0,590.0,578.0,588.0,544.0,528.0,522.0
14043,Montoro,municipio,259.0,250.0,245.0,253.0,243.0,254.0,254.0,255.0,247.0,243.0,246.0,251.0,243.0,241.0
14044,Monturque,municipio,39.0,44.0,46.0,50.0,45.0,47.0,43.0,43.0,42.0,44.0,43.0,38.0,34.0,33.0
14045,Moriles,municipio,94.0,94.0,89.0,90.0,83.0,92.0,93.0,96.0,97.0,97.0,108.0,103.0,96.0,94.0
14046,Nueva Carteya,municipio,123.0,118.0,117.0,114.0,117.0,114.0,118.0,109.0,113.0,111.0,109.0,106.0,107.0,110.0
14047,Obejo,municipio,32.0,38.0,36.0,40.0,33.0,30.0,33.0,33.0,34.0,34.0,29.0,38.0,35.0,33.0
14048,Palenciana,municipio,32.0,34.0,34.0,35.0,38.0,34.0,31.0,28.0,30.0,29.0,30.0,31.0,32.0,32.0
14049,Palma del Río,municipio,511.0,505.0,501.0,510.0,507.0,507.0,511.0,515.0,524.0,510.0,513.0,487.0,479.0,470.0
14050,Pedro Abad,municipio,70.0,70.0,74.0,69.0,66.0,70.0,68.0,66.0,63.0,63.0,66.0,66.0,66.0,64.0
14051,Pedroche,municipio,32.0,31.0,37.0,36.0,35.0,36.0,31.0,31.0,32.0,32.0,35.0,30.0,36.0,34.0
14052,Peñarroya-Pueblonuevo,municipio,285.0,295.0,286.0,286.0,293.0,290.0,268.0,255.0,247.0,251.0,251.0,240.0,235.0,216.0
14053,Posadas,municipio,181.0,172.0,178.0,177.0,183.0,186.0,185.0,181.0,186.0,179.0,181.0,176.0,171.0,165.0
14054,Pozoblanco,municipio,510.0,516.0,529.0,535.0,519.0,531.0,526.0,523.0,529.0,512.0,514.0,479.0,472.0,446.0
14055,Priego de Córdoba,municipio,674.0,659.0,649.0,646.0,649.0,664.0,642.0,666.0,651.0,633.0,627.0,598.0,592.0,573.0
14056,Puente Genil,municipio,865.0,830.0,839.0,822.0,830.0,835.0,828.0,822.0,797.0,765.0,775.0,713.0,698.0,691.0
14057,"Rambla, La",municipio,245.0,240.0,232.0,232.0,220.0,222.0,220.0,215.0,208.0,206.0,214.0,213.0,215.0,217.0
14058,Rute,municipio,301.0,290.0,290.0,294.0,292.0,290.0,282.0,272.0,262.0,252.0,258.0,251.0,255.0,248.0
14059,San Sebastián de los Ballesteros,municipio,0.0,0.0,0.0,0.0,0.0,0.0,0.0,0.0,0.0,0.0,0.0,0.0,0.0,0.0
14060,Santaella,municipio,153.0,143.0,151.0,163.0,152.0,163.0,162.0,132.0,116.0,124.0,121.0,116.0,111.0,111.0
14061,Santa Eufemia,municipio,0.0,0.0,0.0,0.0,0.0,0.0,0.0,0.0,0.0,0.0,0.0,0.0,0.0,0.0
14062,Torrecampo,municipio,27.0,27.0,24.0,23.0,20.0,21.0,23.0,24.0,27.0,27.0,26.0,26.0,27.0,0.0
14063,Valenzuela,municipio,25.0,27.0,25.0,24.0,23.0,24.0,27.0,23.0,22.0,24.0,24.0,22.0,21.0,20.0
14064,Valsequillo,municipio,0.0,0.0,0.0,0.0,0.0,0.0,0.0,0.0,0.0,0.0,0.0,0.0,0.0,0.0
14065,"Victoria, La",municipio,61.0,63.0,63.0,59.0,57.0,57.0,52.0,58.0,57.0,53.0,54.0,54.0,55.0,56.0
14066,Villa del Río,municipio,197.0,206.0,204.0,212.0,201.0,198.0,196.0,200.0,197.0,196.0,200.0,190.0,187.0,186.0
14067,Villafranca de Córdoba,municipio,124.0,122.0,118.0,128.0,119.0,114.0,114.0,117.0,117.0,124.0,119.0,101.0,96.0,102.0
14068,Villaharta,municipio,0.0,0.0,0.0,0.0,0.0,0.0,0.0,0.0,0.0,0.0,0.0,0.0,0.0,0.0
14069,Villanueva de Córdoba,municipio,294.0,291.0,295.0,292.0,295.0,280.0,278.0,288.0,270.0,272.0,276.0,256.0,248.0,247.0
14070,Villanueva del Duque,municipio,38.0,42.0,40.0,34.0,36.0,39.0,44.0,45.0,43.0,41.0,39.0,36.0,32.0,31.0
14071,Villanueva del Rey,municipio,21.0,23.0,23.0,21.0,20.0,23.0,22.0,21.0,19.0,20.0,0.0,18.0,0.0,17.0
14072,Villaralto,municipio,21.0,18.0,19.0,20.0,21.0,22.0,16.0,16.0,16.0,15.0,17.0,15.0,15.0,17.0
14073,Villaviciosa de Córdoba,municipio,91.0,92.0,102.0,93.0,94.0,96.0,95.0,93.0,86.0,82.0,81.0,78.0,85.0,80.0
14074,"Viso, El",municipio,90.0,93.0,88.0,88.0,88.0,92.0,85.0,84.0,80.0,80.0,81.0,76.0,75.0,66.0
14075,Zuheros,municipio,0.0,0.0,0.0,0.0,0.0,0.0,0.0,0.0,0.0,0.0,0.0,0.0,0.0,0.0
14901,Fuente Carreteros,municipio,0.0,0.0,0.0,0.0,0.0,0.0,0.0,21.0,21.0,21.0,23.0,19.0,16.0,18.0
14902,"Guijarrosa, La",municipio,0.0,0.0,0.0,0.0,0.0,0.0,0.0,32.0,33.0,35.0,37.0,30.0,31.0,32.0
14,Córdoba,provincia,21299.0,20880.0,20870.0,20936.0,20708.0,20861.0,20489.0,20369.0,20196.0,19982.0,19991.0,18756.0,18562.0,18400.0
15001,Abegondo,municipio,146.0,138.0,135.0,130.0,129.0,137.0,132.0,127.0,124.0,122.0,121.0,115.0,117.0,124.0
15002,Ames,municipio,713.0,723.0,714.0,733.0,714.0,722.0,747.0,731.0,741.0,721.0,717.0,691.0,675.0,677.0
15003,Aranga,municipio,58.0,57.0,55.0,52.0,52.0,51.0,50.0,50.0,49.0,48.0,46.0,40.0,39.0,39.0
15004,Ares,municipio,113.0,111.0,117.0,113.0,106.0,105.0,108.0,110.0,112.0,110.0,110.0,104.0,97.0,99.0
15005,Arteixo,municipio,997.0,1003.0,998.0,997.0,973.0,962.0,974.0,943.0,882.0,898.0,895.0,842.0,830.0,832.0
15006,Arzúa,municipio,227.0,226.0,226.0,226.0,222.0,214.0,215.0,223.0,223.0,213.0,203.0,202.0,206.0,205.0
15007,"Baña, A",municipio,56.0,58.0,59.0,60.0,51.0,50.0,53.0,54.0,53.0,53.0,54.0,52.0,44.0,40.0
15008,Bergondo,municipio,351.0,355.0,357.0,357.0,336.0,332.0,330.0,316.0,293.0,286.0,279.0,269.0,279.0,302.0
15009,Betanzos,municipio,468.0,463.0,453.0,448.0,447.0,440.0,439.0,420.0,399.0,392.0,395.0,379.0,357.0,344.0
15010,Boimorto,municipio,52.0,50.0,51.0,48.0,51.0,52.0,48.0,47.0,46.0,43.0,41.0,40.0,38.0,38.0
15011,Boiro,municipio,519.0,532.0,523.0,519.0,510.0,519.0,510.0,505.0,503.0,480.0,492.0,447.0,452.0,456.0
15012,Boqueixón,municipio,123.0,124.0,129.0,123.0,124.0,127.0,131.0,125.0,127.0,124.0,121.0,112.0,117.0,108.0
15013,Brión,municipio,144.0,133.0,134.0,144.0,146.0,147.0,156.0,154.0,152.0,142.0,141.0,152.0,154.0,162.0
15014,Cabana de Bergantiños,municipio,116.0,111.0,107.0,108.0,105.0,104.0,100.0,102.0,103.0,106.0,108.0,109.0,98.0,96.0
15015,Cabanas,municipio,83.0,83.0,83.0,83.0,82.0,83.0,87.0,89.0,86.0,84.0,85.0,82.0,73.0,79.0
15016,Camariñas,municipio,166.0,158.0,166.0,162.0,167.0,167.0,163.0,171.0,168.0,154.0,153.0,135.0,145.0,147.0
15017,Cambre,municipio,777.0,762.0,741.0,756.0,748.0,724.0,702.0,698.0,681.0,665.0,664.0,606.0,594.0,578.0
15018,"Capela, A",municipio,31.0,32.0,27.0,29.0,28.0,30.0,27.0,29.0,29.0,29.0,30.0,28.0,25.0,25.0
15019,Carballo,municipio,1058.0,1057.0,1028.0,1020.0,1033.0,1011.0,1006.0,964.0,942.0,932.0,936.0,892.0,878.0,844.0
15020,Carnota,municipio,130.0,126.0,127.0,122.0,114.0,112.0,111.0,116.0,115.0,112.0,105.0,101.0,103.0,100.0
15021,Carral,municipio,193.0,204.0,189.0,199.0,195.0,197.0,183.0,178.0,181.0,181.0,178.0,172.0,166.0,158.0
15022,Cedeira,municipio,215.0,216.0,220.0,227.0,219.0,233.0,234.0,230.0,218.0,212.0,207.0,195.0,183.0,181.0
15023,Cee,municipio,307.0,307.0,297.0,294.0,283.0,273.0,263.0,263.0,251.0,236.0,240.0,219.0,223.0,219.0
15024,Cerceda,municipio,122.0,127.0,140.0,143.0,141.0,140.0,133.0,134.0,131.0,129.0,117.0,115.0,117.0,119.0
15025,Cerdido,municipio,31.0,32.0,35.0,34.0,34.0,32.0,31.0,29.0,27.0,21.0,21.0,23.0,23.0,26.0
15026,Cesuras,municipio,30.0,36.0,34.0,0.0,0.0,0.0,0.0,0.0,0.0,0.0,0.0,0.0,0.0,0.0
15027,Coirós,municipio,40.0,43.0,49.0,47.0,52.0,54.0,54.0,55.0,57.0,54.0,56.0,52.0,53.0,51.0
15028,Corcubión,municipio,49.0,47.0,47.0,49.0,52.0,49.0,49.0,44.0,42.0,42.0,41.0,41.0,43.0,43.0
15029,Coristanco,municipio,176.0,174.0,171.0,163.0,152.0,147.0,145.0,146.0,133.0,128.0,136.0,117.0,117.0,119.0
15030,"Coruña, A",municipio,7601.0,7464.0,7298.0,7299.0,7095.0,6887.0,6845.0,6759.0,6397.0,6251.0,6201.0,5668.0,5639.0,5651.0
15031,Culleredo,municipio,805.0,822.0,839.0,835.0,819.0,793.0,801.0,787.0,751.0,752.0,766.0,711.0,728.0,723.0
15032,Curtis,municipio,183.0,181.0,177.0,184.0,175.0,177.0,174.0,172.0,158.0,150.0,156.0,149.0,140.0,139.0
15033,Dodro,municipio,78.0,74.0,73.0,80.0,75.0,71.0,69.0,64.0,58.0,56.0,51.0,48.0,48.0,50.0
15034,Dumbría,municipio,80.0,77.0,67.0,71.0,70.0,69.0,71.0,67.0,66.0,62.0,65.0,76.0,75.0,70.0
15035,Fene,municipio,273.0,277.0,270.0,264.0,251.0,264.0,267.0,250.0,250.0,247.0,255.0,230.0,234.0,229.0
15036,Ferrol,municipio,1559.0,1532.0,1479.0,1469.0,1440.0,1437.0,1465.0,1424.0,1335.0,1301.0,1270.0,1132.0,1124.0,1122.0
15037,Fisterra,municipio,150.0,150.0,156.0,145.0,150.0,155.0,159.0,153.0,159.0,160.0,173.0,170.0,164.0,171.0
15038,Frades,municipio,69.0,68.0,68.0,68.0,63.0,58.0,55.0,51.0,46.0,47.0,48.0,45.0,49.0,49.0
15039,Irixoa,municipio,39.0,34.0,32.0,34.0,31.0,32.0,30.0,32.0,32.0,29.0,27.0,26.0,27.0,30.0
15040,Laxe,municipio,107.0,99.0,96.0,88.0,94.0,95.0,89.0,93.0,93.0,86.0,80.0,78.0,76.0,77.0
15041,"Laracha, A",municipio,341.0,342.0,334.0,337.0,335.0,332.0,313.0,297.0,288.0,278.0,277.0,266.0,260.0,279.0
15042,Lousame,municipio,45.0,45.0,46.0,48.0,49.0,52.0,53.0,52.0,52.0,50.0,48.0,44.0,44.0,43.0
15043,Malpica de Bergantiños,municipio,201.0,189.0,193.0,191.0,178.0,185.0,184.0,173.0,165.0,160.0,154.0,146.0,149.0,149.0
15044,Mañón,municipio,34.0,42.0,42.0,39.0,40.0,46.0,40.0,42.0,45.0,41.0,39.0,43.0,38.0,36.0
15045,Mazaricos,municipio,116.0,118.0,114.0,111.0,112.0,106.0,104.0,112.0,113.0,111.0,110.0,103.0,103.0,109.0
15046,Melide,municipio,357.0,358.0,352.0,350.0,346.0,339.0,347.0,350.0,332.0,322.0,334.0,310.0,309.0,312.0
15047,Mesía,municipio,71.0,74.0,73.0,73.0,63.0,59.0,61.0,60.0,52.0,49.0,47.0,51.0,49.0,47.0
15048,Miño,municipio,183.0,182.0,188.0,195.0,206.0,196.0,192.0,196.0,188.0,190.0,185.0,168.0,176.0,174.0
15049,Moeche,municipio,34.0,35.0,35.0,33.0,30.0,29.0,32.0,31.0,34.0,34.0,32.0,31.0,32.0,35.0
15050,Monfero,municipio,42.0,41.0,43.0,43.0,45.0,47.0,47.0,44.0,39.0,39.0,40.0,40.0,43.0,43.0
15051,Mugardos,municipio,111.0,105.0,108.0,109.0,109.0,111.0,110.0,103.0,99.0,105.0,105.0,104.0,104.0,105.0
15052,Muxía,municipio,133.0,142.0,142.0,145.0,146.0,146.0,137.0,136.0,138.0,130.0,129.0,116.0,117.0,115.0
15053,Muros,municipio,246.0,243.0,235.0,237.0,227.0,217.0,221.0,223.0,206.0,202.0,201.0,196.0,201.0,191.0
15054,Narón,municipio,897.0,902.0,903.0,908.0,911.0,899.0,889.0,876.0,856.0,825.0,847.0,782.0,758.0,731.0
15055,Neda,municipio,139.0,137.0,139.0,135.0,130.0,135.0,127.0,115.0,110.0,98.0,90.0,90.0,90.0,84.0
15056,Negreira,municipio,227.0,224.0,215.0,206.0,206.0,193.0,196.0,196.0,189.0,192.0,182.0,179.0,173.0,169.0
15057,Noia,municipio,437.0,446.0,434.0,445.0,458.0,445.0,429.0,416.0,398.0,394.0,408.0,366.0,362.0,355.0
15058,Oleiros,municipio,915.0,913.0,881.0,875.0,889.0,880.0,884.0,909.0,896.0,899.0,902.0,841.0,802.0,808.0
15059,Ordes,municipio,422.0,424.0,401.0,406.0,402.0,404.0,405.0,400.0,384.0,381.0,379.0,356.0,335.0,341.0
15060,Oroso,municipio,227.0,223.0,218.0,230.0,220.0,210.0,222.0,228.0,212.0,206.0,200.0,198.0,185.0,187.0
15061,Ortigueira,municipio,227.0,218.0,216.0,200.0,194.0,193.0,179.0,184.0,168.0,159.0,154.0,147.0,148.0,150.0
15062,Outes,municipio,177.0,178.0,169.0,171.0,166.0,163.0,165.0,172.0,159.0,149.0,151.0,143.0,147.0,143.0
15063,Oza dos Ríos,municipio,77.0,73.0,82.0,0.0,0.0,0.0,0.0,0.0,0.0,0.0,0.0,0.0,0.0,0.0
15064,Paderne,municipio,51.0,55.0,54.0,54.0,51.0,57.0,58.0,65.0,68.0,65.0,63.0,58.0,54.0,57.0
15065,Padrón,municipio,317.0,308.0,309.0,321.0,306.0,312.0,316.0,318.0,312.0,311.0,319.0,285.0,278.0,272.0
15066,"Pino, O",municipio,145.0,144.0,143.0,149.0,148.0,146.0,152.0,149.0,140.0,142.0,147.0,144.0,148.0,150.0
15067,"Pobra do Caramiñal, A",municipio,256.0,259.0,254.0,259.0,255.0,252.0,252.0,256.0,250.0,247.0,239.0,224.0,229.0,222.0
15068,Ponteceso,municipio,175.0,177.0,170.0,169.0,164.0,170.0,162.0,158.0,156.0,154.0,162.0,150.0,147.0,136.0
15069,Pontedeume,municipio,248.0,237.0,232.0,226.0,220.0,223.0,224.0,207.0,203.0,201.0,205.0,194.0,186.0,182.0
15070,"Pontes de García Rodríguez, As",municipio,298.0,293.0,293.0,290.0,282.0,290.0,286.0,283.0,259.0,252.0,248.0,227.0,225.0,223.0
15071,Porto do Son,municipio,231.0,228.0,230.0,222.0,220.0,218.0,219.0,203.0,204.0,198.0,196.0,187.0,189.0,178.0
15072,Rianxo,municipio,311.0,307.0,302.0,296.0,293.0,276.0,268.0,255.0,248.0,245.0,253.0,248.0,251.0,241.0
15073,Ribeira,municipio,705.0,737.0,709.0,706.0,682.0,681.0,685.0,677.0,635.0,610.0,609.0,564.0,567.0,559.0
15074,Rois,municipio,121.0,120.0,118.0,112.0,111.0,114.0,110.0,114.0,109.0,107.0,95.0,93.0,98.0,95.0
15075,Sada,municipio,496.0,497.0,486.0,468.0,453.0,455.0,447.0,457.0,455.0,443.0,445.0,433.0,433.0,443.0
15076,San Sadurniño,municipio,64.0,59.0,59.0,63.0,68.0,70.0,72.0,71.0,70.0,68.0,70.0,63.0,61.0,58.0
15077,Santa Comba,municipio,334.0,334.0,326.0,317.0,307.0,297.0,304.0,287.0,282.0,277.0,284.0,267.0,254.0,249.0
15078,Santiago de Compostela,municipio,3261.0,3229.0,3123.0,3130.0,3126.0,3135.0,3154.0,3097.0,2988.0,2925.0,2957.0,2704.0,2663.0,2668.0
15079,Santiso,municipio,38.0,35.0,36.0,35.0,33.0,35.0,34.0,33.0,35.0,36.0,35.0,32.0,31.0,32.0
15080,Sobrado,municipio,55.0,57.0,54.0,52.0,53.0,53.0,57.0,52.0,57.0,54.0,53.0,50.0,47.0,50.0
15081,"Somozas, As",municipio,26.0,21.0,23.0,25.0,21.0,17.0,17.0,16.0,15.0,16.0,16.0,18.0,22.0,20.0
15082,Teo,municipio,490.0,478.0,473.0,464.0,471.0,473.0,471.0,468.0,448.0,443.0,465.0,447.0,437.0,420.0
15083,Toques,municipio,20.0,19.0,20.0,21.0,20.0,21.0,22.0,21.0,21.0,21.0,21.0,18.0,18.0,18.0
15084,Tordoia,municipio,70.0,67.0,71.0,73.0,71.0,70.0,70.0,70.0,76.0,69.0,67.0,60.0,55.0,53.0
15085,Touro,municipio,79.0,83.0,77.0,89.0,93.0,84.0,75.0,74.0,74.0,69.0,75.0,70.0,66.0,69.0
15086,Trazo,municipio,68.0,72.0,73.0,78.0,79.0,79.0,73.0,67.0,69.0,67.0,64.0,54.0,54.0,54.0
15087,Valdoviño,municipio,138.0,147.0,151.0,154.0,149.0,147.0,153.0,158.0,158.0,153.0,159.0,151.0,137.0,138.0
15088,Val do Dubra,municipio,132.0,125.0,115.0,118.0,119.0,115.0,119.0,123.0,125.0,125.0,128.0,111.0,106.0,103.0
15089,Vedra,municipio,160.0,165.0,164.0,157.0,151.0,157.0,163.0,158.0,146.0,145.0,152.0,134.0,139.0,141.0
15090,Vilasantar,municipio,42.0,45.0,48.0,43.0,42.0,40.0,39.0,38.0,39.0,38.0,36.0,31.0,31.0,32.0
15091,Vilarmaior,municipio,20.0,19.0,23.0,25.0,25.0,22.0,22.0,20.0,18.0,17.0,18.0,18.0,17.0,18.0
15092,Vimianzo,municipio,277.0,269.0,265.0,266.0,274.0,256.0,254.0,247.0,235.0,235.0,231.0,210.0,207.0,206.0
15093,Zas,municipio,184.0,178.0,174.0,175.0,170.0,172.0,169.0,173.0,162.0,152.0,148.0,122.0,124.0,120.0
15901,Cariño,municipio,133.0,133.0,132.0,123.0,121.0,120.0,121.0,112.0,115.0,107.0,110.0,111.0,105.0,100.0
15902,Oza-Cesuras,municipio,0.0,0.0,0.0,126.0,113.0,115.0,115.0,118.0,112.0,113.0,116.0,105.0,109.0,110.0
15,"Coruña, A",provincia,33039.0,32817.0,32237.0,32216.0,31682.0,31311.0,31226.0,30765.0,29620.0,28977.0,28984.0,26968.0,26663.0,26545.0
16001,Abia de la Obispalía,municipio,0.0,0.0,0.0,0.0,0.0,0.0,0.0,0.0,0.0,0.0,0.0,0.0,0.0,0.0
16002,"Acebrón, El",municipio,0.0,0.0,0.0,0.0,0.0,0.0,0.0,0.0,0.0,0.0,0.0,0.0,0.0,0.0
16003,Alarcón,municipio,0.0,0.0,0.0,0.0,0.0,0.0,0.0,0.0,0.0,0.0,0.0,0.0,0.0,0.0
16004,Albaladejo del Cuende,municipio,0.0,0.0,0.0,0.0,0.0,0.0,0.0,0.0,0.0,0.0,0.0,0.0,0.0,0.0
16005,Albalate de las Nogueras,municipio,0.0,0.0,0.0,0.0,0.0,0.0,0.0,0.0,0.0,0.0,0.0,0.0,0.0,0.0
16006,Albendea,municipio,0.0,0.0,0.0,0.0,0.0,0.0,0.0,0.0,0.0,0.0,0.0,0.0,0.0,0.0
16007,"Alberca de Záncara, La",municipio,41.0,45.0,44.0,39.0,46.0,46.0,43.0,40.0,43.0,41.0,38.0,34.0,35.0,36.0
16008,Alcalá de la Vega,municipio,0.0,0.0,0.0,0.0,0.0,0.0,0.0,0.0,0.0,0.0,0.0,0.0,0.0,0.0
16009,Alcantud,municipio,0.0,0.0,0.0,0.0,0.0,0.0,0.0,0.0,0.0,0.0,0.0,0.0,0.0,0.0
16010,Alcázar del Rey,municipio,0.0,0.0,0.0,0.0,0.0,0.0,0.0,0.0,0.0,0.0,0.0,0.0,0.0,0.0
16011,Alcohujate,municipio,0.0,0.0,0.0,0.0,0.0,0.0,0.0,0.0,0.0,0.0,0.0,0.0,0.0,0.0
16012,Alconchel de la Estrella,municipio,0.0,0.0,0.0,0.0,0.0,0.0,0.0,0.0,0.0,0.0,0.0,0.0,0.0,0.0
16013,Algarra,municipio,0.0,0.0,0.0,0.0,0.0,0.0,0.0,0.0,0.0,0.0,0.0,0.0,0.0,0.0
16014,Aliaguilla,municipio,0.0,0.0,0.0,0.0,0.0,0.0,0.0,0.0,0.0,0.0,0.0,0.0,0.0,0.0
16015,"Almarcha, La",municipio,0.0,0.0,0.0,0.0,0.0,0.0,0.0,0.0,0.0,0.0,0.0,0.0,0.0,0.0
16016,Almendros,municipio,0.0,0.0,0.0,0.0,0.0,0.0,0.0,0.0,0.0,0.0,0.0,0.0,0.0,0.0
16017,Almodóvar del Pinar,municipio,0.0,0.0,0.0,0.0,0.0,0.0,0.0,0.0,0.0,0.0,0.0,0.0,0.0,0.0
16018,Almonacid del Marquesado,municipio,0.0,0.0,0.0,0.0,0.0,0.0,0.0,0.0,0.0,0.0,0.0,0.0,0.0,0.0
16019,Altarejos,municipio,0.0,0.0,0.0,0.0,0.0,0.0,0.0,0.0,0.0,0.0,0.0,0.0,0.0,0.0
16020,Arandilla del Arroyo,municipio,0.0,0.0,0.0,0.0,0.0,0.0,0.0,0.0,0.0,0.0,0.0,0.0,0.0,0.0
16022,Arcos de la Sierra,municipio,0.0,0.0,0.0,0.0,0.0,0.0,0.0,0.0,0.0,0.0,0.0,0.0,0.0,0.0
16023,Chillarón de Cuenca,municipio,0.0,0.0,0.0,0.0,0.0,0.0,0.0,0.0,0.0,0.0,0.0,0.0,0.0,0.0
16024,Arguisuelas,municipio,0.0,0.0,0.0,0.0,0.0,0.0,0.0,0.0,0.0,0.0,0.0,0.0,0.0,0.0
16025,Arrancacepas,municipio,0.0,0.0,0.0,0.0,0.0,0.0,0.0,0.0,0.0,0.0,0.0,0.0,0.0,0.0
16026,Atalaya del Cañavate,municipio,0.0,0.0,0.0,0.0,0.0,0.0,0.0,0.0,0.0,0.0,0.0,0.0,0.0,0.0
16027,Barajas de Melo,municipio,21.0,19.0,19.0,0.0,0.0,0.0,0.0,0.0,0.0,0.0,23.0,0.0,19.0,0.0
16029,Barchín del Hoyo,municipio,0.0,0.0,0.0,0.0,0.0,0.0,0.0,0.0,0.0,0.0,0.0,0.0,0.0,0.0
16030,Bascuñana de San Pedro,municipio,0.0,0.0,0.0,0.0,0.0,0.0,0.0,0.0,0.0,0.0,0.0,0.0,0.0,0.0
16031,Beamud,municipio,0.0,0.0,0.0,0.0,0.0,0.0,0.0,0.0,0.0,0.0,0.0,0.0,0.0,0.0
16032,Belinchón,municipio,0.0,0.0,0.0,0.0,0.0,0.0,0.0,0.0,0.0,0.0,0.0,0.0,0.0,0.0
16033,Belmonte,municipio,59.0,60.0,56.0,53.0,58.0,53.0,59.0,62.0,64.0,63.0,63.0,58.0,57.0,57.0
16034,Belmontejo,municipio,0.0,0.0,0.0,0.0,0.0,0.0,0.0,0.0,0.0,0.0,0.0,0.0,0.0,0.0
16035,Beteta,municipio,0.0,0.0,0.0,0.0,0.0,0.0,0.0,0.0,0.0,0.0,0.0,0.0,0.0,0.0
16036,Boniches,municipio,0.0,0.0,0.0,0.0,0.0,0.0,0.0,0.0,0.0,0.0,0.0,0.0,0.0,0.0
16038,Buciegas,municipio,0.0,0.0,0.0,0.0,0.0,0.0,0.0,0.0,0.0,0.0,0.0,0.0,0.0,0.0
16039,Buenache de Alarcón,municipio,0.0,0.0,0.0,0.0,0.0,0.0,0.0,0.0,0.0,0.0,0.0,0.0,0.0,0.0
16040,Buenache de la Sierra,municipio,0.0,0.0,0.0,0.0,0.0,0.0,0.0,0.0,0.0,0.0,0.0,0.0,0.0,0.0
16041,Buendía,municipio,0.0,0.0,0.0,0.0,0.0,0.0,0.0,0.0,0.0,0.0,0.0,0.0,0.0,0.0
16042,Campillo de Altobuey,municipio,52.0,54.0,51.0,52.0,53.0,48.0,52.0,49.0,46.0,45.0,43.0,40.0,39.0,40.0
16043,Campillos-Paravientos,municipio,0.0,0.0,0.0,0.0,0.0,0.0,0.0,0.0,0.0,0.0,0.0,0.0,0.0,0.0
16044,Campillos-Sierra,municipio,0.0,0.0,0.0,0.0,0.0,0.0,0.0,0.0,0.0,0.0,0.0,0.0,0.0,0.0
16045,Canalejas del Arroyo,municipio,0.0,0.0,0.0,0.0,0.0,0.0,0.0,0.0,0.0,0.0,0.0,0.0,0.0,0.0
16046,Cañada del Hoyo,municipio,0.0,0.0,0.0,0.0,0.0,0.0,0.0,0.0,0.0,0.0,0.0,0.0,0.0,0.0
16047,Cañada Juncosa,municipio,0.0,0.0,0.0,0.0,0.0,0.0,0.0,0.0,0.0,0.0,0.0,0.0,0.0,0.0
16048,Cañamares,municipio,0.0,0.0,0.0,0.0,0.0,0.0,0.0,0.0,0.0,0.0,0.0,0.0,0.0,0.0
16049,"Cañavate, El",municipio,0.0,0.0,0.0,0.0,0.0,0.0,0.0,0.0,0.0,0.0,0.0,0.0,0.0,0.0
16050,Cañaveras,municipio,0.0,0.0,0.0,0.0,0.0,0.0,0.0,0.0,0.0,0.0,0.0,0.0,0.0,0.0
16051,Cañaveruelas,municipio,0.0,0.0,0.0,0.0,0.0,0.0,0.0,0.0,0.0,0.0,0.0,0.0,0.0,0.0
16052,Cañete,municipio,0.0,0.0,0.0,0.0,0.0,0.0,0.0,0.0,0.0,0.0,0.0,0.0,0.0,0.0
16053,Cañizares,municipio,0.0,0.0,0.0,0.0,0.0,0.0,0.0,0.0,0.0,0.0,0.0,0.0,0.0,0.0
16055,Carboneras de Guadazaón,municipio,0.0,0.0,0.0,0.0,0.0,0.0,0.0,0.0,0.0,0.0,0.0,0.0,0.0,0.0
16056,Cardenete,municipio,0.0,0.0,0.0,0.0,0.0,0.0,0.0,0.0,0.0,0.0,0.0,0.0,0.0,0.0
16057,Carrascosa,municipio,0.0,0.0,0.0,0.0,0.0,0.0,0.0,0.0,0.0,0.0,0.0,0.0,0.0,0.0
16058,Carrascosa de Haro,municipio,0.0,0.0,0.0,0.0,0.0,0.0,0.0,0.0,0.0,0.0,0.0,0.0,0.0,0.0
16060,Casas de Benítez,municipio,17.0,16.0,0.0,0.0,0.0,0.0,0.0,0.0,0.0,0.0,0.0,0.0,0.0,0.0
16061,Casas de Fernando Alonso,municipio,40.0,36.0,36.0,37.0,39.0,37.0,41.0,38.0,38.0,35.0,37.0,37.0,37.0,37.0
16062,Casas de Garcimolina,municipio,0.0,0.0,0.0,0.0,0.0,0.0,0.0,0.0,0.0,0.0,0.0,0.0,0.0,0.0
16063,Casas de Guijarro,municipio,0.0,0.0,0.0,0.0,0.0,0.0,0.0,0.0,0.0,0.0,0.0,0.0,0.0,0.0
16064,Casas de Haro,municipio,0.0,0.0,0.0,0.0,0.0,0.0,0.0,0.0,0.0,0.0,0.0,0.0,0.0,0.0
16065,Casas de los Pinos,municipio,0.0,0.0,0.0,0.0,0.0,0.0,0.0,0.0,0.0,0.0,0.0,0.0,0.0,0.0
16066,Casasimarro,municipio,123.0,123.0,119.0,116.0,113.0,113.0,118.0,118.0,120.0,121.0,115.0,106.0,113.0,111.0
16067,Castejón,municipio,0.0,0.0,0.0,0.0,0.0,0.0,0.0,0.0,0.0,0.0,0.0,0.0,0.0,0.0
16068,Castillejo de Iniesta,municipio,0.0,0.0,0.0,0.0,0.0,0.0,0.0,0.0,0.0,0.0,0.0,0.0,0.0,0.0
16070,Castillejo-Sierra,municipio,0.0,0.0,0.0,0.0,0.0,0.0,0.0,0.0,0.0,0.0,0.0,0.0,0.0,0.0
16071,Castillo-Albaráñez,municipio,0.0,0.0,0.0,0.0,0.0,0.0,0.0,0.0,0.0,0.0,0.0,0.0,0.0,0.0
16072,Castillo de Garcimuñoz,municipio,0.0,0.0,0.0,0.0,0.0,0.0,0.0,0.0,0.0,0.0,0.0,0.0,0.0,0.0
16073,Cervera del Llano,municipio,0.0,0.0,0.0,0.0,0.0,0.0,0.0,0.0,0.0,0.0,0.0,0.0,0.0,0.0
16074,"Cierva, La",municipio,0.0,0.0,0.0,0.0,0.0,0.0,0.0,0.0,0.0,0.0,0.0,0.0,0.0,0.0
16078,Cuenca,municipio,1432.0,1447.0,1411.0,1420.0,1401.0,1398.0,1378.0,1347.0,1320.0,1285.0,1312.0,1201.0,1189.0,1199.0
16079,Cueva del Hierro,municipio,0.0,0.0,0.0,0.0,0.0,0.0,0.0,0.0,0.0,0.0,0.0,0.0,0.0,0.0
16081,Chumillas,municipio,0.0,0.0,0.0,0.0,0.0,0.0,0.0,0.0,0.0,0.0,0.0,0.0,0.0,0.0
16082,Enguídanos,municipio,0.0,0.0,0.0,0.0,0.0,0.0,0.0,0.0,0.0,0.0,0.0,0.0,0.0,0.0
16083,Fresneda de Altarejos,municipio,0.0,0.0,0.0,0.0,0.0,0.0,0.0,0.0,0.0,0.0,0.0,0.0,0.0,0.0
16084,Fresneda de la Sierra,municipio,0.0,0.0,0.0,0.0,0.0,0.0,0.0,0.0,0.0,0.0,0.0,0.0,0.0,0.0
16085,"Frontera, La",municipio,0.0,0.0,0.0,0.0,0.0,0.0,0.0,0.0,0.0,0.0,0.0,0.0,0.0,0.0
16086,Fuente de Pedro Naharro,municipio,23.0,24.0,20.0,20.0,19.0,22.0,23.0,21.0,23.0,22.0,21.0,21.0,21.0,21.0
16087,Fuentelespino de Haro,municipio,0.0,0.0,0.0,0.0,0.0,0.0,0.0,0.0,0.0,0.0,0.0,0.0,0.0,0.0
16088,Fuentelespino de Moya,municipio,0.0,0.0,0.0,0.0,0.0,0.0,0.0,0.0,0.0,0.0,0.0,0.0,0.0,0.0
16089,Fuentes,municipio,0.0,0.0,0.0,0.0,0.0,0.0,0.0,0.0,0.0,0.0,0.0,0.0,0.0,0.0
16091,Fuertescusa,municipio,0.0,0.0,0.0,0.0,0.0,0.0,0.0,0.0,0.0,0.0,0.0,0.0,0.0,0.0
16092,Gabaldón,municipio,0.0,0.0,0.0,0.0,0.0,0.0,0.0,0.0,0.0,0.0,0.0,0.0,0.0,0.0
16093,Garaballa,municipio,0.0,0.0,0.0,0.0,0.0,0.0,0.0,0.0,0.0,0.0,0.0,0.0,0.0,0.0
16094,Gascueña,municipio,0.0,0.0,0.0,0.0,0.0,0.0,0.0,0.0,0.0,0.0,0.0,0.0,0.0,0.0
16095,Graja de Campalbo,municipio,0.0,0.0,0.0,0.0,0.0,0.0,0.0,0.0,0.0,0.0,0.0,0.0,0.0,0.0
16096,Graja de Iniesta,municipio,0.0,0.0,0.0,0.0,0.0,0.0,0.0,0.0,0.0,0.0,0.0,0.0,0.0,0.0
16097,Henarejos,municipio,0.0,0.0,0.0,0.0,0.0,0.0,0.0,0.0,0.0,0.0,0.0,0.0,0.0,0.0
16098,"Herrumblar, El",municipio,0.0,0.0,0.0,0.0,0.0,0.0,0.0,0.0,0.0,0.0,0.0,0.0,0.0,0.0
16099,"Hinojosa, La",municipio,0.0,0.0,0.0,0.0,0.0,0.0,0.0,0.0,0.0,0.0,0.0,0.0,0.0,0.0
16100,"Hinojosos, Los",municipio,23.0,0.0,0.0,0.0,0.0,0.0,0.0,0.0,0.0,0.0,0.0,0.0,0.0,0.0
16101,"Hito, El",municipio,0.0,0.0,0.0,0.0,0.0,0.0,0.0,0.0,0.0,0.0,0.0,0.0,0.0,0.0
16102,Honrubia,municipio,106.0,108.0,107.0,104.0,109.0,105.0,107.0,100.0,104.0,101.0,101.0,98.0,96.0,95.0
16103,Hontanaya,municipio,0.0,0.0,0.0,0.0,0.0,0.0,0.0,0.0,0.0,0.0,0.0,0.0,0.0,0.0
16104,Hontecillas,municipio,0.0,0.0,0.0,0.0,0.0,0.0,0.0,0.0,0.0,0.0,0.0,0.0,0.0,0.0
16106,Horcajo de Santiago,municipio,87.0,95.0,90.0,86.0,89.0,83.0,80.0,73.0,76.0,75.0,82.0,80.0,74.0,71.0
16107,Huélamo,municipio,0.0,0.0,0.0,0.0,0.0,0.0,0.0,0.0,0.0,0.0,0.0,0.0,0.0,0.0
16108,Huelves,municipio,0.0,0.0,0.0,0.0,0.0,0.0,0.0,0.0,0.0,0.0,0.0,0.0,0.0,0.0
16109,Huérguina,municipio,0.0,0.0,0.0,0.0,0.0,0.0,0.0,0.0,0.0,0.0,0.0,0.0,0.0,0.0
16110,Huerta de la Obispalía,municipio,0.0,0.0,0.0,0.0,0.0,0.0,0.0,0.0,0.0,0.0,0.0,0.0,0.0,0.0
16111,Huerta del Marquesado,municipio,0.0,0.0,0.0,0.0,0.0,0.0,0.0,0.0,0.0,0.0,0.0,0.0,0.0,0.0
16112,Huete,municipio,58.0,54.0,50.0,52.0,52.0,53.0,56.0,56.0,53.0,52.0,47.0,43.0,48.0,45.0
16113,Iniesta,municipio,239.0,241.0,232.0,216.0,214.0,215.0,213.0,213.0,215.0,217.0,226.0,220.0,225.0,214.0
16115,Laguna del Marquesado,municipio,0.0,0.0,0.0,0.0,0.0,0.0,0.0,0.0,0.0,0.0,0.0,0.0,0.0,0.0
16116,Lagunaseca,municipio,0.0,0.0,0.0,0.0,0.0,0.0,0.0,0.0,0.0,0.0,0.0,0.0,0.0,0.0
16117,Landete,municipio,49.0,51.0,50.0,43.0,42.0,45.0,44.0,42.0,41.0,42.0,41.0,47.0,48.0,44.0
16118,Ledaña,municipio,38.0,36.0,30.0,32.0,32.0,33.0,35.0,35.0,39.0,31.0,33.0,32.0,29.0,29.0
16119,Leganiel,municipio,0.0,0.0,0.0,0.0,0.0,0.0,0.0,0.0,0.0,0.0,0.0,0.0,0.0,0.0
16121,"Majadas, Las",municipio,0.0,0.0,0.0,0.0,0.0,0.0,0.0,0.0,0.0,0.0,0.0,0.0,0.0,0.0
16122,Mariana,municipio,0.0,0.0,0.0,0.0,0.0,0.0,0.0,0.0,0.0,0.0,0.0,0.0,0.0,0.0
16123,Masegosa,municipio,0.0,0.0,0.0,0.0,0.0,0.0,0.0,0.0,0.0,0.0,0.0,0.0,0.0,0.0
16124,"Mesas, Las",municipio,49.0,46.0,44.0,47.0,52.0,50.0,55.0,58.0,57.0,59.0,57.0,49.0,42.0,49.0
16125,Minglanilla,municipio,97.0,100.0,100.0,95.0,98.0,101.0,108.0,99.0,109.0,110.0,105.0,97.0,90.0,91.0
16126,Mira,municipio,0.0,30.0,27.0,0.0,0.0,0.0,0.0,0.0,0.0,0.0,0.0,0.0,0.0,0.0
16128,Monreal del Llano,municipio,0.0,0.0,0.0,0.0,0.0,0.0,0.0,0.0,0.0,0.0,0.0,0.0,0.0,0.0
16129,Montalbanejo,municipio,0.0,0.0,0.0,0.0,0.0,0.0,0.0,0.0,0.0,0.0,0.0,0.0,0.0,0.0
16130,Montalbo,municipio,0.0,0.0,0.0,0.0,0.0,0.0,0.0,0.0,0.0,0.0,0.0,0.0,0.0,0.0
16131,Monteagudo de las Salinas,municipio,0.0,0.0,0.0,0.0,0.0,0.0,0.0,0.0,0.0,0.0,0.0,0.0,0.0,0.0
16132,Mota de Altarejos,municipio,0.0,0.0,0.0,0.0,0.0,0.0,0.0,0.0,0.0,0.0,0.0,0.0,0.0,0.0
16133,Mota del Cuervo,municipio,223.0,223.0,204.0,210.0,211.0,196.0,191.0,200.0,196.0,199.0,195.0,193.0,190.0,192.0
16134,Motilla del Palancar,municipio,234.0,243.0,248.0,252.0,248.0,246.0,243.0,227.0,218.0,203.0,202.0,187.0,178.0,189.0
16135,Moya,municipio,0.0,0.0,0.0,0.0,0.0,0.0,0.0,0.0,0.0,0.0,0.0,0.0,0.0,0.0
16137,Narboneta,municipio,0.0,0.0,0.0,0.0,0.0,0.0,0.0,0.0,0.0,0.0,0.0,0.0,0.0,0.0
16139,Olivares de Júcar,municipio,0.0,0.0,0.0,0.0,0.0,0.0,0.0,0.0,0.0,0.0,0.0,0.0,0.0,0.0
16140,Olmeda de la Cuesta,municipio,0.0,0.0,0.0,0.0,0.0,0.0,0.0,0.0,0.0,0.0,0.0,0.0,0.0,0.0
16141,Olmeda del Rey,municipio,0.0,0.0,0.0,0.0,0.0,0.0,0.0,0.0,0.0,0.0,0.0,0.0,0.0,0.0
16142,Olmedilla de Alarcón,municipio,0.0,0.0,0.0,0.0,0.0,0.0,0.0,0.0,0.0,0.0,0.0,0.0,0.0,0.0
16143,Olmedilla de Eliz,municipio,0.0,0.0,0.0,0.0,0.0,0.0,0.0,0.0,0.0,0.0,0.0,0.0,0.0,0.0
16145,Osa de la Vega,municipio,0.0,0.0,0.0,0.0,0.0,0.0,0.0,0.0,0.0,0.0,0.0,0.0,0.0,0.0
16146,Pajarón,municipio,0.0,0.0,0.0,0.0,0.0,0.0,0.0,0.0,0.0,0.0,0.0,0.0,0.0,0.0
16147,Pajaroncillo,municipio,0.0,0.0,0.0,0.0,0.0,0.0,0.0,0.0,0.0,0.0,0.0,0.0,0.0,0.0
16148,Palomares del Campo,municipio,0.0,0.0,0.0,0.0,0.0,0.0,0.0,0.0,0.0,0.0,0.0,0.0,0.0,0.0
16149,Palomera,municipio,0.0,0.0,0.0,0.0,0.0,0.0,0.0,0.0,0.0,0.0,0.0,0.0,0.0,0.0
16150,Paracuellos,municipio,0.0,0.0,0.0,0.0,0.0,0.0,0.0,0.0,0.0,0.0,0.0,0.0,0.0,0.0
16151,Paredes,municipio,0.0,0.0,0.0,0.0,0.0,0.0,0.0,0.0,0.0,0.0,0.0,0.0,0.0,0.0
16152,"Parra de las Vegas, La",municipio,0.0,0.0,0.0,0.0,0.0,0.0,0.0,0.0,0.0,0.0,0.0,0.0,0.0,0.0
16153,"Pedernoso, El",municipio,33.0,34.0,38.0,39.0,38.0,35.0,36.0,37.0,35.0,34.0,32.0,29.0,29.0,30.0
16154,"Pedroñeras, Las",municipio,187.0,189.0,204.0,198.0,204.0,217.0,211.0,213.0,209.0,201.0,202.0,192.0,187.0,180.0
16155,"Peral, El",municipio,0.0,0.0,0.0,0.0,0.0,0.0,0.0,0.0,0.0,0.0,0.0,0.0,0.0,0.0
16156,"Peraleja, La",municipio,0.0,0.0,0.0,0.0,0.0,0.0,0.0,0.0,0.0,0.0,0.0,0.0,0.0,0.0
16157,"Pesquera, La",municipio,0.0,0.0,0.0,0.0,0.0,0.0,0.0,0.0,0.0,0.0,0.0,0.0,0.0,0.0
16158,"Picazo, El",municipio,0.0,0.0,0.0,0.0,0.0,0.0,0.0,0.0,0.0,0.0,0.0,0.0,0.0,0.0
16159,Pinarejo,municipio,0.0,0.0,0.0,0.0,0.0,0.0,0.0,0.0,0.0,0.0,0.0,0.0,0.0,0.0
16160,Pineda de Gigüela,municipio,0.0,0.0,0.0,0.0,0.0,0.0,0.0,0.0,0.0,0.0,0.0,0.0,0.0,0.0
16161,Piqueras del Castillo,municipio,0.0,0.0,0.0,0.0,0.0,0.0,0.0,0.0,0.0,0.0,0.0,0.0,0.0,0.0
16162,Portalrubio de Guadamejud,municipio,0.0,0.0,0.0,0.0,0.0,0.0,0.0,0.0,0.0,0.0,0.0,0.0,0.0,0.0
16163,Portilla,municipio,0.0,0.0,0.0,0.0,0.0,0.0,0.0,0.0,0.0,0.0,0.0,0.0,0.0,0.0
16165,Poyatos,municipio,0.0,0.0,0.0,0.0,0.0,0.0,0.0,0.0,0.0,0.0,0.0,0.0,0.0,0.0
16166,Pozoamargo,municipio,0.0,0.0,0.0,0.0,0.0,0.0,0.0,0.0,0.0,0.0,0.0,0.0,0.0,0.0
16167,Pozorrubio de Santiago,municipio,0.0,0.0,0.0,0.0,0.0,0.0,0.0,0.0,0.0,0.0,0.0,0.0,0.0,0.0
16169,"Pozuelo, El",municipio,0.0,0.0,0.0,0.0,0.0,0.0,0.0,0.0,0.0,0.0,0.0,0.0,0.0,0.0
16170,Priego,municipio,35.0,31.0,30.0,33.0,29.0,0.0,0.0,0.0,0.0,0.0,0.0,0.0,0.0,0.0
16171,"Provencio, El",municipio,80.0,77.0,77.0,80.0,80.0,82.0,77.0,77.0,73.0,71.0,68.0,63.0,58.0,56.0
16172,Puebla de Almenara,municipio,0.0,0.0,0.0,0.0,0.0,0.0,0.0,0.0,0.0,0.0,0.0,0.0,0.0,0.0
16173,"Valle de Altomira, El",municipio,0.0,0.0,0.0,0.0,0.0,0.0,0.0,0.0,0.0,0.0,0.0,0.0,0.0,0.0
16174,Puebla del Salvador,municipio,0.0,0.0,0.0,0.0,0.0,0.0,0.0,0.0,0.0,0.0,0.0,0.0,0.0,0.0
16175,Quintanar del Rey,municipio,223.0,228.0,221.0,222.0,220.0,219.0,208.0,215.0,220.0,233.0,243.0,211.0,214.0,213.0
16176,Rada de Haro,municipio,0.0,0.0,0.0,0.0,0.0,0.0,0.0,0.0,0.0,0.0,0.0,0.0,0.0,0.0
16177,Reíllo,municipio,0.0,0.0,0.0,0.0,0.0,0.0,0.0,0.0,0.0,0.0,0.0,0.0,0.0,0.0
16181,Rozalén del Monte,municipio,0.0,0.0,0.0,0.0,0.0,0.0,0.0,0.0,0.0,0.0,0.0,0.0,0.0,0.0
16185,Saceda-Trasierra,municipio,0.0,0.0,0.0,0.0,0.0,0.0,0.0,0.0,0.0,0.0,0.0,0.0,0.0,0.0
16186,Saelices,municipio,0.0,0.0,0.0,0.0,0.0,0.0,0.0,0.0,0.0,0.0,0.0,0.0,0.0,0.0
16187,Salinas del Manzano,municipio,0.0,0.0,0.0,0.0,0.0,0.0,0.0,0.0,0.0,0.0,0.0,0.0,0.0,0.0
16188,Salmeroncillos,municipio,0.0,0.0,0.0,0.0,0.0,0.0,0.0,0.0,0.0,0.0,0.0,0.0,0.0,0.0
16189,Salvacañete,municipio,0.0,0.0,0.0,0.0,0.0,0.0,0.0,0.0,0.0,0.0,0.0,0.0,0.0,0.0
16190,San Clemente,municipio,278.0,292.0,282.0,286.0,267.0,276.0,275.0,277.0,280.0,275.0,272.0,256.0,257.0,252.0
16191,San Lorenzo de la Parrilla,municipio,89.0,84.0,86.0,83.0,80.0,74.0,72.0,66.0,64.0,61.0,64.0,55.0,62.0,62.0
16192,San Martín de Boniches,municipio,0.0,0.0,0.0,0.0,0.0,0.0,0.0,0.0,0.0,0.0,0.0,0.0,0.0,0.0
16193,San Pedro Palmiches,municipio,0.0,0.0,0.0,0.0,0.0,0.0,0.0,0.0,0.0,0.0,0.0,0.0,0.0,0.0
16194,Santa Cruz de Moya,municipio,0.0,0.0,0.0,0.0,0.0,0.0,0.0,0.0,0.0,0.0,0.0,0.0,0.0,0.0
16195,Santa María del Campo Rus,municipio,0.0,0.0,0.0,0.0,0.0,0.0,0.0,0.0,0.0,0.0,0.0,0.0,0.0,0.0
16196,Santa María de los Llanos,municipio,0.0,0.0,0.0,0.0,0.0,0.0,0.0,0.0,0.0,0.0,0.0,0.0,0.0,0.0
16197,Santa María del Val,municipio,0.0,0.0,0.0,0.0,0.0,0.0,0.0,0.0,0.0,0.0,0.0,0.0,0.0,0.0
16198,Sisante,municipio,52.0,52.0,50.0,45.0,45.0,47.0,48.0,50.0,50.0,53.0,65.0,51.0,49.0,48.0
16199,Solera de Gabaldón,municipio,0.0,0.0,0.0,0.0,0.0,0.0,0.0,0.0,0.0,0.0,0.0,0.0,0.0,0.0
16202,Talayuelas,municipio,33.0,36.0,0.0,0.0,0.0,0.0,0.0,0.0,0.0,0.0,0.0,0.0,0.0,0.0
16203,Tarancón,municipio,442.0,450.0,444.0,457.0,439.0,423.0,414.0,422.0,408.0,396.0,408.0,371.0,381.0,383.0
16204,Tébar,municipio,0.0,0.0,0.0,0.0,0.0,0.0,0.0,0.0,0.0,0.0,0.0,0.0,0.0,0.0
16205,Tejadillos,municipio,0.0,0.0,0.0,0.0,0.0,0.0,0.0,0.0,0.0,0.0,0.0,0.0,0.0,0.0
16206,Tinajas,municipio,0.0,0.0,0.0,0.0,0.0,0.0,0.0,0.0,0.0,0.0,0.0,0.0,0.0,0.0
16209,Torralba,municipio,0.0,0.0,0.0,0.0,0.0,0.0,0.0,0.0,0.0,0.0,0.0,0.0,0.0,0.0
16211,Torrejoncillo del Rey,municipio,0.0,0.0,0.0,0.0,0.0,0.0,0.0,0.0,0.0,0.0,0.0,0.0,0.0,0.0
16212,Torrubia del Campo,municipio,0.0,0.0,0.0,0.0,0.0,0.0,0.0,0.0,0.0,0.0,0.0,0.0,0.0,0.0
16213,Torrubia del Castillo,municipio,0.0,0.0,0.0,0.0,0.0,0.0,0.0,0.0,0.0,0.0,0.0,0.0,0.0,0.0
16215,Tragacete,municipio,0.0,0.0,0.0,0.0,0.0,0.0,0.0,0.0,0.0,0.0,0.0,0.0,0.0,0.0
16216,Tresjuncos,municipio,0.0,0.0,0.0,0.0,0.0,0.0,0.0,0.0,0.0,0.0,0.0,0.0,0.0,0.0
16217,Tribaldos,municipio,0.0,0.0,0.0,0.0,0.0,0.0,0.0,0.0,0.0,0.0,0.0,0.0,0.0,0.0
16218,Uclés,municipio,0.0,0.0,0.0,0.0,0.0,0.0,0.0,0.0,0.0,0.0,0.0,0.0,0.0,0.0
16219,Uña,municipio,0.0,0.0,0.0,0.0,0.0,0.0,0.0,0.0,0.0,0.0,0.0,0.0,0.0,0.0
16224,Valdemeca,municipio,0.0,0.0,0.0,0.0,0.0,0.0,0.0,0.0,0.0,0.0,0.0,0.0,0.0,0.0
16225,Valdemorillo de la Sierra,municipio,0.0,0.0,0.0,0.0,0.0,0.0,0.0,0.0,0.0,0.0,0.0,0.0,0.0,0.0
16227,Valdemoro-Sierra,municipio,0.0,0.0,0.0,0.0,0.0,0.0,0.0,0.0,0.0,0.0,0.0,0.0,0.0,0.0
16228,Valdeolivas,municipio,0.0,0.0,0.0,0.0,0.0,0.0,0.0,0.0,0.0,0.0,0.0,0.0,0.0,0.0
16231,Valhermoso de la Fuente,municipio,0.0,0.0,0.0,0.0,0.0,0.0,0.0,0.0,0.0,0.0,0.0,0.0,0.0,0.0
16234,Valsalobre,municipio,0.0,0.0,0.0,0.0,0.0,0.0,0.0,0.0,0.0,0.0,0.0,0.0,0.0,0.0
16236,Valverde de Júcar,municipio,64.0,66.0,67.0,67.0,62.0,60.0,56.0,57.0,56.0,58.0,54.0,55.0,54.0,54.0
16237,Valverdejo,municipio,0.0,0.0,0.0,0.0,0.0,0.0,0.0,0.0,0.0,0.0,0.0,0.0,0.0,0.0
16238,Vara de Rey,municipio,0.0,0.0,0.0,0.0,0.0,0.0,0.0,0.0,0.0,0.0,0.0,0.0,0.0,0.0
16239,Vega del Codorno,municipio,0.0,0.0,0.0,0.0,0.0,0.0,0.0,0.0,0.0,0.0,0.0,0.0,0.0,0.0
16240,Vellisca,municipio,0.0,0.0,0.0,0.0,0.0,0.0,0.0,0.0,0.0,0.0,0.0,0.0,0.0,0.0
16242,Villaconejos de Trabaque,municipio,0.0,0.0,0.0,0.0,0.0,0.0,0.0,0.0,0.0,0.0,0.0,0.0,0.0,0.0
16243,Villaescusa de Haro,municipio,0.0,0.0,0.0,0.0,0.0,0.0,0.0,0.0,0.0,0.0,0.0,0.0,0.0,0.0
16244,Villagarcía del Llano,municipio,0.0,0.0,0.0,0.0,0.0,0.0,0.0,0.0,0.0,0.0,0.0,0.0,0.0,0.0
16245,Villalba de la Sierra,municipio,0.0,0.0,0.0,0.0,0.0,0.0,0.0,0.0,0.0,0.0,0.0,0.0,0.0,0.0
16246,Villalba del Rey,municipio,0.0,0.0,0.0,0.0,0.0,0.0,0.0,0.0,0.0,0.0,0.0,0.0,0.0,0.0
16247,Villalgordo del Marquesado,municipio,0.0,0.0,0.0,0.0,0.0,0.0,0.0,0.0,0.0,0.0,0.0,0.0,0.0,0.0
16248,Villalpardo,municipio,29.0,28.0,26.0,29.0,0.0,0.0,0.0,29.0,29.0,28.0,0.0,27.0,27.0,0.0
16249,Villamayor de Santiago,municipio,69.0,66.0,63.0,62.0,60.0,55.0,59.0,60.0,63.0,62.0,58.0,50.0,50.0,47.0
16250,Villanueva de Guadamejud,municipio,0.0,0.0,0.0,0.0,0.0,0.0,0.0,0.0,0.0,0.0,0.0,0.0,0.0,0.0
16251,Villanueva de la Jara,municipio,99.0,95.0,97.0,99.0,96.0,90.0,90.0,88.0,87.0,90.0,89.0,86.0,78.0,86.0
16253,Villar de Cañas,municipio,0.0,0.0,0.0,0.0,0.0,0.0,0.0,0.0,0.0,0.0,0.0,0.0,0.0,0.0
16254,Villar de Domingo García,municipio,0.0,0.0,0.0,0.0,0.0,0.0,0.0,0.0,0.0,0.0,0.0,0.0,0.0,0.0
16255,Villar de la Encina,municipio,0.0,0.0,0.0,0.0,0.0,0.0,0.0,0.0,0.0,0.0,0.0,0.0,0.0,0.0
16258,Villar del Humo,municipio,0.0,0.0,0.0,0.0,0.0,0.0,0.0,0.0,0.0,0.0,0.0,0.0,0.0,0.0
16259,Villar del Infantado,municipio,0.0,0.0,0.0,0.0,0.0,0.0,0.0,0.0,0.0,0.0,0.0,0.0,0.0,0.0
16263,Villar de Olalla,municipio,21.0,25.0,19.0,20.0,21.0,20.0,24.0,24.0,27.0,27.0,30.0,33.0,36.0,34.0
16264,Villarejo de Fuentes,municipio,0.0,0.0,0.0,0.0,0.0,0.0,0.0,0.0,0.0,0.0,0.0,0.0,0.0,0.0
16265,Villarejo de la Peñuela,municipio,0.0,0.0,0.0,0.0,0.0,0.0,0.0,0.0,0.0,0.0,0.0,0.0,0.0,0.0
16266,Villarejo-Periesteban,municipio,0.0,0.0,0.0,0.0,0.0,0.0,0.0,0.0,0.0,0.0,0.0,0.0,0.0,0.0
16269,Villares del Saz,municipio,0.0,0.0,0.0,0.0,0.0,0.0,0.0,0.0,0.0,0.0,0.0,0.0,0.0,0.0
16270,Villarrubio,municipio,0.0,0.0,0.0,0.0,0.0,0.0,0.0,0.0,0.0,0.0,0.0,0.0,0.0,0.0
16271,Villarta,municipio,0.0,0.0,0.0,0.0,0.0,0.0,0.0,0.0,0.0,0.0,0.0,0.0,0.0,0.0
16272,Villas de la Ventosa,municipio,0.0,0.0,0.0,0.0,0.0,0.0,0.0,0.0,0.0,0.0,0.0,0.0,0.0,0.0
16273,Villaverde y Pasaconsol,municipio,0.0,0.0,0.0,0.0,0.0,0.0,0.0,0.0,0.0,0.0,0.0,0.0,0.0,0.0
16274,Víllora,municipio,0.0,0.0,0.0,0.0,0.0,0.0,0.0,0.0,0.0,0.0,0.0,0.0,0.0,0.0
16275,Vindel,municipio,0.0,0.0,0.0,0.0,0.0,0.0,0.0,0.0,0.0,0.0,0.0,0.0,0.0,0.0
16276,Yémeda,municipio,0.0,0.0,0.0,0.0,0.0,0.0,0.0,0.0,0.0,0.0,0.0,0.0,0.0,0.0
16277,Zafra de Záncara,municipio,0.0,0.0,0.0,0.0,0.0,0.0,0.0,0.0,0.0,0.0,0.0,0.0,0.0,0.0
16278,Zafrilla,municipio,0.0,0.0,0.0,0.0,0.0,0.0,0.0,0.0,0.0,0.0,0.0,0.0,0.0,0.0
16279,Zarza de Tajo,municipio,0.0,0.0,0.0,0.0,0.0,0.0,0.0,0.0,0.0,0.0,0.0,0.0,0.0,0.0
16280,Zarzuela,municipio,0.0,0.0,0.0,0.0,0.0,0.0,0.0,0.0,0.0,0.0,0.0,0.0,0.0,0.0
16901,Campos del Paraíso,municipio,0.0,0.0,0.0,0.0,0.0,0.0,0.0,0.0,0.0,0.0,0.0,0.0,0.0,0.0
16902,Valdetórtola,municipio,0.0,0.0,0.0,0.0,0.0,0.0,0.0,0.0,0.0,0.0,0.0,0.0,0.0,0.0
16903,"Valeras, Las",municipio,62.0,61.0,58.0,57.0,52.0,48.0,46.0,44.0,48.0,48.0,45.0,41.0,41.0,43.0
16904,Fuentenava de Jábaga,municipio,0.0,0.0,0.0,0.0,0.0,0.0,0.0,0.0,0.0,0.0,0.0,0.0,0.0,0.0
16905,Arcas,municipio,42.0,51.0,46.0,53.0,40.0,42.0,39.0,44.0,38.0,43.0,42.0,50.0,50.0,50.0
16906,"Valdecolmenas, Los",municipio,0.0,0.0,0.0,0.0,0.0,0.0,0.0,0.0,0.0,0.0,0.0,0.0,0.0,0.0
16908,Pozorrubielos de la Mancha,municipio,0.0,0.0,0.0,0.0,0.0,0.0,0.0,0.0,0.0,0.0,0.0,0.0,0.0,0.0
16909,Sotorribas,municipio,0.0,0.0,0.0,0.0,0.0,0.0,0.0,0.0,0.0,0.0,0.0,0.0,0.0,0.0
16910,Villar y Velasco,municipio,0.0,0.0,0.0,0.0,0.0,0.0,0.0,0.0,0.0,0.0,0.0,0.0,0.0,0.0
16,Cuenca,provincia,6294.0,6343.0,6200.0,6192.0,6091.0,6034.0,5954.0,5884.0,5859.0,5761.0,5786.0,5407.0,5399.0,5390.0
17001,Agullana,municipio,0.0,0.0,0.0,0.0,0.0,0.0,0.0,0.0,0.0,0.0,0.0,0.0,0.0,0.0
17002,Aiguaviva,municipio,0.0,0.0,0.0,0.0,0.0,0.0,0.0,0.0,0.0,0.0,0.0,0.0,0.0,0.0
17003,Albanyà,municipio,0.0,0.0,0.0,0.0,0.0,0.0,0.0,0.0,0.0,0.0,0.0,0.0,0.0,0.0
17004,Albons,municipio,0.0,0.0,0.0,0.0,0.0,0.0,0.0,0.0,0.0,0.0,0.0,0.0,0.0,0.0
17005,"Far d'Empordà, El",municipio,0.0,0.0,0.0,0.0,0.0,0.0,0.0,0.0,0.0,0.0,0.0,0.0,0.0,0.0
17006,Alp,municipio,80.0,73.0,73.0,68.0,71.0,70.0,77.0,73.0,72.0,71.0,72.0,68.0,66.0,70.0
17007,Amer,municipio,59.0,55.0,58.0,58.0,56.0,53.0,49.0,45.0,43.0,43.0,41.0,46.0,47.0,47.0
17008,Anglès,municipio,133.0,123.0,115.0,113.0,104.0,102.0,105.0,117.0,113.0,114.0,116.0,107.0,100.0,105.0
17009,Arbúcies,municipio,166.0,158.0,144.0,156.0,159.0,154.0,146.0,142.0,144.0,146.0,132.0,131.0,128.0,122.0
17010,Argelaguer,municipio,0.0,0.0,0.0,0.0,0.0,0.0,0.0,0.0,0.0,0.0,0.0,0.0,0.0,0.0
17011,"Armentera, L'",municipio,0.0,0.0,0.0,0.0,0.0,0.0,0.0,0.0,0.0,0.0,0.0,20.0,27.0,24.0
17012,Avinyonet de Puigventós,municipio,45.0,45.0,46.0,46.0,45.0,45.0,49.0,44.0,47.0,48.0,49.0,46.0,46.0,43.0
17013,Begur,municipio,108.0,111.0,116.0,118.0,122.0,131.0,131.0,126.0,123.0,130.0,134.0,136.0,141.0,142.0
17014,"Vajol, La",municipio,0.0,0.0,0.0,0.0,0.0,0.0,0.0,0.0,0.0,0.0,0.0,0.0,0.0,0.0
17015,Banyoles,municipio,490.0,480.0,481.0,485.0,484.0,486.0,486.0,463.0,450.0,443.0,445.0,414.0,403.0,385.0
17016,Bàscara,municipio,0.0,0.0,0.0,0.0,0.0,0.0,0.0,0.0,45.0,49.0,44.0,39.0,45.0,41.0
17018,Bellcaire d'Empordà,municipio,0.0,0.0,0.0,0.0,0.0,0.0,0.0,0.0,0.0,0.0,0.0,0.0,0.0,0.0
17019,Besalú,municipio,87.0,80.0,75.0,78.0,77.0,83.0,90.0,85.0,89.0,86.0,85.0,78.0,79.0,81.0
17020,Bescanó,municipio,134.0,135.0,132.0,123.0,129.0,118.0,136.0,132.0,143.0,141.0,137.0,144.0,137.0,140.0
17021,Beuda,municipio,0.0,0.0,0.0,0.0,0.0,0.0,0.0,0.0,0.0,0.0,0.0,0.0,0.0,0.0
17022,"Bisbal d'Empordà, La",municipio,277.0,277.0,278.0,270.0,255.0,248.0,247.0,246.0,244.0,233.0,245.0,229.0,241.0,231.0
17023,Blanes,municipio,961.0,960.0,929.0,936.0,936.0,939.0,884.0,884.0,857.0,873.0,896.0,846.0,880.0,886.0
17024,Bolvir,municipio,0.0,0.0,0.0,0.0,0.0,0.0,0.0,0.0,0.0,0.0,0.0,0.0,0.0,0.0
17025,Bordils,municipio,26.0,29.0,28.0,25.0,26.0,29.0,27.0,28.0,28.0,29.0,35.0,34.0,42.0,43.0
17026,Borrassà,municipio,0.0,0.0,0.0,0.0,0.0,0.0,0.0,0.0,0.0,0.0,0.0,0.0,0.0,0.0
17027,Breda,municipio,86.0,88.0,84.0,81.0,86.0,85.0,81.0,82.0,87.0,89.0,87.0,76.0,78.0,74.0
17028,Brunyola i Sant Martí Sapresa,municipio,0.0,0.0,0.0,0.0,0.0,0.0,0.0,0.0,0.0,0.0,0.0,0.0,0.0,0.0
17029,Boadella i les Escaules,municipio,0.0,0.0,0.0,0.0,0.0,0.0,0.0,0.0,0.0,0.0,0.0,0.0,0.0,0.0
17030,Cabanes,municipio,0.0,0.0,0.0,0.0,0.0,0.0,0.0,0.0,0.0,0.0,0.0,0.0,0.0,0.0
17031,Cabanelles,municipio,0.0,0.0,0.0,0.0,0.0,0.0,0.0,0.0,0.0,0.0,0.0,0.0,0.0,0.0
17032,Cadaqués,municipio,126.0,133.0,132.0,132.0,121.0,128.0,133.0,135.0,148.0,149.0,156.0,157.0,165.0,167.0
17033,Caldes de Malavella,municipio,144.0,150.0,143.0,158.0,177.0,184.0,190.0,185.0,187.0,189.0,188.0,178.0,209.0,210.0
17034,Calonge i Sant Antoni,municipio,281.0,285.0,265.0,262.0,267.0,287.0,278.0,268.0,268.0,269.0,285.0,283.0,298.0,292.0
17035,Camós,municipio,0.0,0.0,0.0,0.0,0.0,0.0,0.0,0.0,0.0,0.0,0.0,0.0,0.0,0.0
17036,Campdevànol,municipio,68.0,65.0,63.0,71.0,69.0,66.0,63.0,61.0,61.0,58.0,57.0,57.0,63.0,68.0
17037,Campelles,municipio,0.0,0.0,0.0,0.0,0.0,0.0,0.0,0.0,0.0,0.0,0.0,0.0,0.0,0.0
17038,Campllong,municipio,0.0,0.0,0.0,0.0,0.0,0.0,0.0,0.0,0.0,0.0,0.0,0.0,0.0,0.0
17039,Camprodon,municipio,110.0,113.0,112.0,105.0,105.0,101.0,100.0,96.0,100.0,104.0,103.0,92.0,93.0,93.0
17040,Canet d'Adri,municipio,0.0,0.0,0.0,0.0,0.0,0.0,0.0,0.0,0.0,0.0,0.0,0.0,0.0,0.0
17041,Cantallops,municipio,0.0,0.0,0.0,0.0,0.0,0.0,0.0,0.0,0.0,0.0,0.0,0.0,0.0,0.0
17042,Capmany,municipio,0.0,0.0,0.0,0.0,0.0,0.0,0.0,0.0,0.0,0.0,0.0,0.0,0.0,0.0
17043,Queralbs,municipio,0.0,0.0,0.0,0.0,0.0,0.0,0.0,0.0,0.0,0.0,0.0,0.0,0.0,0.0
17044,Cassà de la Selva,municipio,240.0,237.0,233.0,246.0,240.0,243.0,244.0,223.0,220.0,214.0,215.0,203.0,197.0,189.0
17046,Castellfollit de la Roca,municipio,25.0,0.0,26.0,29.0,0.0,0.0,0.0,0.0,0.0,0.0,0.0,0.0,0.0,0.0
17047,Castelló d'Empúries,municipio,522.0,501.0,478.0,472.0,471.0,473.0,471.0,486.0,494.0,502.0,490.0,425.0,431.0,438.0
17048,"Castell d'Aro, Platja d'Aro i s'Agaró",municipio,459.0,456.0,466.0,451.0,432.0,437.0,441.0,436.0,435.0,426.0,438.0,403.0,417.0,421.0
17049,Celrà,municipio,142.0,140.0,148.0,154.0,157.0,178.0,153.0,144.0,155.0,168.0,182.0,155.0,165.0,173.0
17050,Cervià de Ter,municipio,0.0,0.0,0.0,0.0,0.0,0.0,0.0,0.0,0.0,0.0,0.0,0.0,20.0,0.0
17051,Cistella,municipio,0.0,0.0,0.0,0.0,0.0,0.0,0.0,0.0,0.0,0.0,0.0,0.0,0.0,0.0
17052,Siurana,municipio,0.0,0.0,0.0,0.0,0.0,0.0,0.0,0.0,0.0,0.0,0.0,0.0,0.0,0.0
17054,Colera,municipio,0.0,0.0,0.0,0.0,0.0,0.0,0.0,0.0,0.0,0.0,0.0,0.0,0.0,0.0
17055,Colomers,municipio,0.0,0.0,0.0,0.0,0.0,0.0,0.0,0.0,0.0,0.0,0.0,0.0,0.0,0.0
17056,Cornellà del Terri,municipio,96.0,90.0,97.0,99.0,101.0,98.0,99.0,93.0,92.0,95.0,86.0,83.0,89.0,88.0
17057,Corçà,municipio,58.0,57.0,56.0,54.0,48.0,49.0,48.0,48.0,50.0,50.0,47.0,43.0,44.0,38.0
17058,Crespià,municipio,0.0,0.0,0.0,0.0,0.0,0.0,0.0,0.0,0.0,0.0,0.0,0.0,0.0,0.0
17060,Darnius,municipio,0.0,0.0,0.0,0.0,0.0,0.0,0.0,0.0,0.0,0.0,0.0,0.0,0.0,0.0
17061,Das,municipio,0.0,0.0,0.0,0.0,0.0,0.0,0.0,0.0,0.0,0.0,0.0,0.0,0.0,0.0
17062,"Escala, L'",municipio,365.0,361.0,348.0,350.0,328.0,323.0,318.0,318.0,330.0,336.0,342.0,318.0,304.0,329.0
17063,Espinelves,municipio,0.0,0.0,0.0,0.0,0.0,0.0,0.0,0.0,0.0,0.0,0.0,0.0,0.0,0.0
17064,Espolla,municipio,0.0,0.0,0.0,0.0,0.0,0.0,0.0,0.0,0.0,0.0,0.0,0.0,0.0,0.0
17065,Esponellà,municipio,0.0,0.0,0.0,0.0,0.0,0.0,0.0,0.0,0.0,0.0,0.0,0.0,0.0,0.0
17066,Figueres,municipio,1493.0,1503.0,1497.0,1500.0,1487.0,1447.0,1421.0,1400.0,1377.0,1317.0,1332.0,1211.0,1218.0,1220.0
17067,Flaçà,municipio,27.0,25.0,26.0,29.0,29.0,27.0,31.0,30.0,26.0,24.0,26.0,22.0,29.0,36.0
17068,Foixà,municipio,0.0,0.0,0.0,0.0,0.0,0.0,0.0,0.0,0.0,0.0,0.0,0.0,0.0,0.0
17069,Fontanals de Cerdanya,municipio,0.0,0.0,0.0,0.0,0.0,0.0,0.0,0.0,0.0,0.0,0.0,0.0,0.0,0.0
17070,Fontanilles,municipio,0.0,0.0,0.0,0.0,0.0,0.0,0.0,0.0,0.0,0.0,0.0,0.0,0.0,0.0
17071,Fontcoberta,municipio,32.0,33.0,37.0,45.0,46.0,45.0,40.0,37.0,35.0,38.0,37.0,34.0,32.0,30.0
17073,Fornells de la Selva,municipio,117.0,126.0,132.0,134.0,125.0,132.0,125.0,121.0,116.0,121.0,125.0,115.0,121.0,122.0
17074,Fortià,municipio,0.0,0.0,0.0,0.0,0.0,0.0,0.0,0.0,0.0,0.0,0.0,0.0,0.0,0.0
17075,Garrigàs,municipio,0.0,0.0,0.0,0.0,0.0,0.0,0.0,0.0,0.0,0.0,0.0,0.0,0.0,0.0
17076,Garrigoles,municipio,0.0,0.0,0.0,0.0,0.0,0.0,0.0,0.0,0.0,0.0,0.0,0.0,0.0,0.0
17077,Garriguella,municipio,0.0,0.0,0.0,0.0,0.0,0.0,0.0,0.0,0.0,0.0,0.0,0.0,0.0,0.0
17078,Ger,municipio,0.0,0.0,0.0,0.0,0.0,0.0,0.0,0.0,0.0,0.0,0.0,0.0,0.0,0.0
17079,Girona,municipio,2576.0,2596.0,2589.0,2593.0,2588.0,2602.0,2591.0,2493.0,2589.0,2592.0,2650.0,2524.0,2570.0,2560.0
17080,Gombrèn,municipio,0.0,0.0,0.0,0.0,0.0,0.0,0.0,0.0,0.0,0.0,0.0,0.0,0.0,0.0
17081,Gualta,municipio,0.0,0.0,0.0,0.0,0.0,0.0,0.0,0.0,0.0,0.0,0.0,0.0,0.0,0.0
17082,Guils de Cerdanya,municipio,0.0,0.0,0.0,0.0,0.0,0.0,0.0,0.0,0.0,0.0,0.0,0.0,0.0,0.0
17083,Hostalric,municipio,88.0,95.0,87.0,92.0,87.0,89.0,93.0,86.0,82.0,84.0,88.0,82.0,89.0,83.0
17084,Isòvol,municipio,0.0,0.0,0.0,0.0,0.0,0.0,0.0,0.0,0.0,0.0,0.0,0.0,0.0,0.0
17085,Jafre,municipio,0.0,0.0,0.0,0.0,0.0,0.0,0.0,0.0,0.0,0.0,0.0,0.0,0.0,0.0
17086,"Jonquera, La",municipio,319.0,309.0,315.0,311.0,308.0,286.0,291.0,292.0,271.0,263.0,253.0,203.0,208.0,198.0
17087,Juià,municipio,0.0,0.0,0.0,0.0,0.0,0.0,0.0,0.0,0.0,0.0,0.0,0.0,0.0,0.0
17088,Lladó,municipio,0.0,0.0,0.0,0.0,0.0,0.0,0.0,0.0,0.0,0.0,0.0,0.0,0.0,0.0
17089,Llagostera,municipio,203.0,196.0,203.0,208.0,211.0,216.0,220.0,203.0,209.0,207.0,215.0,201.0,206.0,199.0
17090,Llambilles,municipio,0.0,0.0,0.0,0.0,0.0,0.0,0.0,0.0,0.0,0.0,0.0,0.0,0.0,0.0
17091,Llanars,municipio,0.0,0.0,0.0,0.0,0.0,0.0,0.0,0.0,0.0,0.0,0.0,0.0,0.0,0.0
17092,Llançà,municipio,187.0,177.0,172.0,163.0,159.0,156.0,153.0,159.0,146.0,145.0,144.0,144.0,139.0,139.0
17093,Llers,municipio,51.0,54.0,63.0,62.0,61.0,65.0,60.0,65.0,64.0,59.0,52.0,47.0,46.0,40.0
17094,Llívia,municipio,54.0,59.0,52.0,54.0,57.0,60.0,71.0,70.0,68.0,66.0,65.0,64.0,67.0,65.0
17095,Lloret de Mar,municipio,1089.0,1079.0,1039.0,1044.0,1036.0,1136.0,1114.0,1113.0,1124.0,1201.0,1235.0,1091.0,1087.0,1117.0
17096,"Llosses, Les",municipio,0.0,0.0,0.0,0.0,0.0,0.0,0.0,0.0,0.0,0.0,0.0,0.0,0.0,0.0
17097,Madremanya,municipio,0.0,0.0,0.0,0.0,0.0,0.0,0.0,0.0,0.0,0.0,0.0,0.0,0.0,0.0
17098,Maià de Montcal,municipio,0.0,0.0,0.0,0.0,0.0,0.0,0.0,0.0,0.0,0.0,0.0,0.0,0.0,0.0
17099,Meranges,municipio,0.0,0.0,0.0,0.0,0.0,0.0,0.0,0.0,0.0,0.0,0.0,0.0,0.0,0.0
17100,Masarac i Vilarnadal,municipio,0.0,0.0,0.0,0.0,0.0,0.0,0.0,0.0,0.0,0.0,0.0,0.0,0.0,0.0
17101,Massanes,municipio,0.0,0.0,0.0,0.0,0.0,0.0,0.0,0.0,0.0,0.0,0.0,0.0,0.0,0.0
17102,Maçanet de Cabrenys,municipio,0.0,0.0,0.0,0.0,0.0,0.0,0.0,0.0,0.0,0.0,0.0,0.0,0.0,0.0
17103,Maçanet de la Selva,municipio,175.0,169.0,167.0,162.0,151.0,141.0,143.0,160.0,154.0,151.0,152.0,138.0,150.0,158.0
17105,Mieres,municipio,0.0,0.0,0.0,0.0,0.0,0.0,0.0,0.0,0.0,0.0,0.0,0.0,0.0,0.0
17106,Mollet de Peralada,municipio,0.0,0.0,0.0,0.0,0.0,0.0,0.0,0.0,0.0,0.0,0.0,0.0,0.0,0.0
17107,Molló,municipio,0.0,0.0,0.0,0.0,0.0,0.0,0.0,0.0,0.0,0.0,0.0,0.0,0.0,0.0
17109,Montagut i Oix,municipio,0.0,0.0,0.0,0.0,0.0,0.0,0.0,0.0,0.0,0.0,0.0,0.0,0.0,0.0
17110,Mont-ras,municipio,58.0,53.0,56.0,56.0,59.0,62.0,63.0,64.0,62.0,59.0,63.0,59.0,66.0,64.0
17111,Navata,municipio,34.0,34.0,34.0,35.0,32.0,37.0,39.0,36.0,32.0,27.0,33.0,29.0,31.0,36.0
17112,Ogassa,municipio,0.0,0.0,0.0,0.0,0.0,0.0,0.0,0.0,0.0,0.0,0.0,0.0,0.0,0.0
17114,Olot,municipio,855.0,829.0,804.0,792.0,763.0,769.0,789.0,785.0,775.0,767.0,758.0,697.0,717.0,698.0
17115,Ordis,municipio,0.0,0.0,0.0,0.0,0.0,0.0,0.0,0.0,0.0,0.0,0.0,0.0,0.0,0.0
17116,Osor,municipio,0.0,0.0,0.0,0.0,0.0,0.0,0.0,0.0,0.0,0.0,0.0,0.0,0.0,0.0
17117,Palafrugell,municipio,543.0,536.0,521.0,547.0,563.0,558.0,574.0,557.0,555.0,542.0,567.0,547.0,551.0,555.0
17118,Palamós,municipio,534.0,515.0,497.0,494.0,476.0,498.0,514.0,509.0,511.0,496.0,506.0,457.0,461.0,450.0
17119,Palau de Santa Eulàlia,municipio,0.0,0.0,0.0,0.0,0.0,0.0,0.0,0.0,0.0,0.0,0.0,0.0,0.0,0.0
17120,Palau-saverdera,municipio,39.0,45.0,43.0,40.0,38.0,33.0,30.0,27.0,35.0,39.0,38.0,39.0,35.0,33.0
17121,Palau-sator,municipio,0.0,0.0,0.0,0.0,0.0,0.0,0.0,0.0,0.0,0.0,0.0,0.0,0.0,0.0
17122,Palmerola,municipio,0.0,0.0,0.0,0.0,0.0,0.0,0.0,0.0,0.0,0.0,0.0,0.0,0.0,0.0
17123,Palol de Revardit,municipio,0.0,0.0,0.0,0.0,0.0,0.0,0.0,0.0,0.0,0.0,0.0,0.0,0.0,0.0
17124,Pals,municipio,78.0,81.0,81.0,80.0,81.0,78.0,91.0,88.0,89.0,95.0,89.0,88.0,84.0,80.0
17125,Pardines,municipio,0.0,0.0,0.0,0.0,0.0,0.0,0.0,0.0,0.0,0.0,0.0,0.0,0.0,0.0
17126,Parlavà,municipio,0.0,0.0,0.0,0.0,0.0,0.0,0.0,0.0,0.0,0.0,0.0,0.0,0.0,0.0
17128,Pau,municipio,0.0,0.0,0.0,0.0,0.0,0.0,0.0,0.0,0.0,0.0,0.0,0.0,0.0,0.0
17129,Pedret i Marzà,municipio,0.0,0.0,0.0,0.0,0.0,0.0,0.0,0.0,0.0,0.0,0.0,0.0,0.0,0.0
17130,"Pera, La",municipio,0.0,0.0,0.0,0.0,0.0,0.0,0.0,0.0,0.0,0.0,0.0,0.0,0.0,0.0
17132,Peralada,municipio,54.0,61.0,62.0,62.0,59.0,59.0,63.0,62.0,65.0,64.0,67.0,67.0,73.0,69.0
17133,"Planes d'Hostoles, Les",municipio,62.0,54.0,54.0,53.0,57.0,54.0,47.0,40.0,44.0,43.0,39.0,35.0,35.0,35.0
17134,Planoles,municipio,0.0,0.0,0.0,0.0,0.0,0.0,0.0,0.0,0.0,0.0,0.0,0.0,0.0,0.0
17135,Pont de Molins,municipio,0.0,0.0,0.0,0.0,0.0,0.0,0.0,0.0,0.0,0.0,0.0,0.0,0.0,0.0
17136,Pontós,municipio,0.0,0.0,0.0,0.0,0.0,0.0,0.0,0.0,0.0,0.0,0.0,0.0,0.0,0.0
17137,Porqueres,municipio,103.0,99.0,104.0,102.0,105.0,100.0,107.0,101.0,97.0,97.0,100.0,97.0,94.0,93.0
17138,Portbou,municipio,44.0,42.0,36.0,35.0,34.0,35.0,33.0,32.0,26.0,28.0,28.0,26.0,27.0,28.0
17139,"Preses, Les",municipio,56.0,52.0,54.0,55.0,53.0,59.0,55.0,57.0,57.0,54.0,55.0,54.0,54.0,59.0
17140,"Port de la Selva, El",municipio,47.0,45.0,0.0,0.0,43.0,0.0,0.0,0.0,0.0,0.0,49.0,47.0,51.0,47.0
17141,Puigcerdà,municipio,400.0,380.0,375.0,364.0,361.0,363.0,353.0,364.0,356.0,349.0,355.0,326.0,324.0,333.0
17142,Quart,municipio,74.0,82.0,83.0,78.0,74.0,74.0,72.0,76.0,91.0,95.0,96.0,77.0,86.0,73.0
17143,Rabós,municipio,0.0,0.0,0.0,0.0,0.0,0.0,0.0,0.0,0.0,0.0,0.0,0.0,0.0,0.0
17144,Regencós,municipio,0.0,0.0,0.0,0.0,0.0,0.0,0.0,0.0,0.0,0.0,0.0,0.0,0.0,0.0
17145,Ribes de Freser,municipio,75.0,68.0,61.0,68.0,64.0,64.0,62.0,64.0,63.0,63.0,68.0,71.0,69.0,65.0
17146,Riells i Viabrea,municipio,97.0,101.0,96.0,107.0,109.0,106.0,111.0,107.0,92.0,96.0,94.0,92.0,94.0,96.0
17147,Ripoll,municipio,304.0,300.0,287.0,274.0,264.0,262.0,251.0,250.0,251.0,250.0,260.0,224.0,223.0,211.0
17148,Riudarenes,municipio,60.0,60.0,53.0,51.0,46.0,51.0,49.0,49.0,47.0,43.0,49.0,53.0,58.0,59.0
17149,Riudaura,municipio,0.0,0.0,0.0,0.0,0.0,0.0,0.0,0.0,0.0,0.0,0.0,0.0,0.0,0.0
17150,Riudellots de la Selva,municipio,117.0,115.0,118.0,130.0,126.0,125.0,138.0,133.0,133.0,127.0,135.0,128.0,137.0,134.0
17151,Riumors,municipio,0.0,0.0,0.0,0.0,0.0,0.0,0.0,0.0,0.0,0.0,0.0,0.0,0.0,0.0
17152,Roses,municipio,623.0,606.0,613.0,616.0,612.0,634.0,639.0,618.0,605.0,591.0,617.0,551.0,573.0,564.0
17153,Rupià,municipio,0.0,0.0,0.0,0.0,0.0,0.0,0.0,0.0,0.0,0.0,0.0,0.0,0.0,0.0
17154,Sales de Llierca,municipio,0.0,0.0,0.0,0.0,0.0,0.0,0.0,0.0,0.0,0.0,0.0,0.0,0.0,0.0
17155,Salt,municipio,522.0,516.0,488.0,523.0,523.0,553.0,558.0,563.0,600.0,630.0,608.0,549.0,585.0,635.0
17157,Sant Andreu Salou,municipio,0.0,0.0,0.0,0.0,0.0,0.0,0.0,0.0,0.0,0.0,0.0,0.0,0.0,0.0
17158,Sant Climent Sescebes,municipio,0.0,0.0,0.0,0.0,0.0,0.0,0.0,0.0,0.0,0.0,0.0,0.0,0.0,0.0
17159,Sant Feliu de Buixalleu,municipio,0.0,0.0,0.0,0.0,0.0,0.0,0.0,0.0,0.0,0.0,0.0,0.0,0.0,0.0
17160,Sant Feliu de Guíxols,municipio,528.0,509.0,521.0,517.0,529.0,526.0,513.0,483.0,488.0,507.0,501.0,457.0,466.0,458.0
17161,Sant Feliu de Pallerols,municipio,35.0,35.0,27.0,29.0,24.0,24.0,31.0,23.0,24.0,27.0,29.0,29.0,31.0,33.0
17162,Sant Ferriol,municipio,0.0,0.0,0.0,0.0,0.0,0.0,0.0,0.0,0.0,0.0,0.0,0.0,0.0,0.0
17163,Sant Gregori,municipio,102.0,112.0,103.0,96.0,98.0,106.0,103.0,95.0,99.0,99.0,99.0,96.0,98.0,94.0
17164,Sant Hilari Sacalm,municipio,158.0,155.0,143.0,147.0,148.0,155.0,144.0,140.0,136.0,133.0,132.0,125.0,115.0,112.0
17165,Sant Jaume de Llierca,municipio,0.0,0.0,0.0,0.0,0.0,0.0,0.0,0.0,0.0,0.0,0.0,0.0,0.0,0.0
17166,Sant Jordi Desvalls,municipio,0.0,0.0,0.0,0.0,0.0,0.0,0.0,0.0,0.0,0.0,0.0,0.0,0.0,0.0
17167,Sant Joan de les Abadesses,municipio,98.0,91.0,94.0,87.0,87.0,91.0,93.0,83.0,77.0,76.0,77.0,75.0,71.0,70.0
17168,Sant Joan de Mollet,municipio,0.0,0.0,0.0,0.0,0.0,0.0,0.0,0.0,0.0,0.0,0.0,0.0,0.0,0.0
17169,Sant Julià de Ramis,municipio,113.0,112.0,108.0,115.0,112.0,110.0,118.0,109.0,110.0,99.0,101.0,98.0,87.0,93.0
17170,Vallfogona de Ripollès,municipio,0.0,0.0,0.0,0.0,0.0,0.0,0.0,0.0,0.0,0.0,0.0,0.0,0.0,0.0
17171,Sant Llorenç de la Muga,municipio,0.0,0.0,0.0,0.0,0.0,0.0,0.0,0.0,0.0,0.0,0.0,0.0,0.0,0.0
17172,Sant Martí de Llémena,municipio,0.0,0.0,0.0,0.0,0.0,0.0,0.0,0.0,0.0,0.0,0.0,0.0,0.0,0.0
17173,Sant Martí Vell,municipio,0.0,0.0,0.0,0.0,0.0,0.0,0.0,0.0,0.0,0.0,0.0,0.0,0.0,0.0
17174,Sant Miquel de Campmajor,municipio,0.0,0.0,0.0,0.0,0.0,0.0,0.0,0.0,0.0,0.0,0.0,0.0,0.0,0.0
17175,Sant Miquel de Fluvià,municipio,0.0,0.0,0.0,0.0,0.0,0.0,0.0,0.0,0.0,0.0,0.0,0.0,0.0,0.0
17176,Sant Mori,municipio,0.0,0.0,0.0,0.0,0.0,0.0,0.0,0.0,0.0,0.0,0.0,0.0,0.0,0.0
17177,Sant Pau de Segúries,municipio,0.0,0.0,0.0,0.0,0.0,0.0,0.0,0.0,0.0,0.0,0.0,0.0,0.0,0.0
17178,Sant Pere Pescador,municipio,76.0,73.0,72.0,68.0,72.0,73.0,72.0,73.0,78.0,72.0,71.0,69.0,72.0,76.0
17180,Santa Coloma de Farners,municipio,339.0,333.0,339.0,333.0,341.0,350.0,335.0,324.0,348.0,340.0,338.0,340.0,346.0,351.0
17181,Santa Cristina d'Aro,municipio,130.0,127.0,125.0,132.0,138.0,152.0,149.0,141.0,143.0,146.0,145.0,143.0,142.0,148.0
17182,Santa Llogaia d'Àlguema,municipio,0.0,0.0,0.0,0.0,0.0,0.0,0.0,0.0,0.0,0.0,0.0,0.0,0.0,0.0
17183,Sant Aniol de Finestres,municipio,0.0,0.0,0.0,0.0,0.0,0.0,0.0,0.0,0.0,0.0,0.0,0.0,0.0,0.0
17184,Santa Pau,municipio,50.0,47.0,46.0,47.0,49.0,47.0,43.0,43.0,53.0,52.0,50.0,43.0,47.0,49.0
17185,Sant Joan les Fonts,municipio,88.0,81.0,80.0,77.0,76.0,80.0,78.0,74.0,71.0,68.0,70.0,66.0,66.0,63.0
17186,Sarrià de Ter,municipio,135.0,133.0,135.0,135.0,137.0,144.0,129.0,141.0,146.0,141.0,141.0,104.0,114.0,122.0
17187,"Saus, Camallera i Llampaies",municipio,0.0,0.0,0.0,0.0,0.0,0.0,0.0,0.0,0.0,0.0,0.0,0.0,0.0,0.0
17188,"Selva de Mar, La",municipio,0.0,0.0,0.0,0.0,0.0,0.0,0.0,0.0,0.0,0.0,0.0,0.0,0.0,0.0
17189,"Cellera de Ter, La",municipio,56.0,60.0,57.0,50.0,52.0,52.0,54.0,52.0,50.0,48.0,46.0,40.0,39.0,40.0
17190,Serinyà,municipio,25.0,25.0,28.0,28.0,25.0,23.0,25.0,27.0,25.0,25.0,26.0,22.0,23.0,26.0
17191,Serra de Daró,municipio,0.0,0.0,0.0,0.0,0.0,0.0,0.0,0.0,0.0,0.0,0.0,0.0,0.0,0.0
17192,Setcases,municipio,0.0,0.0,0.0,0.0,0.0,0.0,0.0,0.0,0.0,0.0,0.0,0.0,0.0,0.0
17193,Sils,municipio,169.0,169.0,160.0,149.0,150.0,151.0,152.0,161.0,164.0,168.0,156.0,153.0,156.0,161.0
17194,Susqueda,municipio,0.0,0.0,0.0,0.0,0.0,0.0,0.0,0.0,0.0,0.0,0.0,0.0,0.0,0.0
17195,"Tallada d'Empordà, La",municipio,0.0,0.0,0.0,0.0,0.0,0.0,0.0,0.0,0.0,0.0,0.0,0.0,0.0,0.0
17196,Terrades,municipio,0.0,0.0,0.0,0.0,0.0,0.0,0.0,0.0,0.0,0.0,0.0,0.0,0.0,0.0
17197,Torrent,municipio,0.0,0.0,0.0,0.0,0.0,0.0,0.0,0.0,0.0,0.0,0.0,0.0,0.0,0.0
17198,Torroella de Fluvià,municipio,0.0,0.0,0.0,0.0,0.0,0.0,0.0,0.0,0.0,0.0,0.0,0.0,0.0,0.0
17199,Torroella de Montgrí,municipio,361.0,354.0,351.0,342.0,353.0,362.0,374.0,372.0,376.0,367.0,380.0,361.0,362.0,373.0
17200,Tortellà,municipio,0.0,0.0,0.0,0.0,0.0,0.0,0.0,0.0,0.0,0.0,0.0,0.0,0.0,0.0
17201,Toses,municipio,0.0,0.0,0.0,0.0,0.0,0.0,0.0,0.0,0.0,0.0,0.0,0.0,0.0,0.0
17202,Tossa de Mar,municipio,211.0,201.0,193.0,187.0,184.0,195.0,198.0,203.0,211.0,218.0,226.0,227.0,242.0,245.0
17203,Ultramort,municipio,0.0,0.0,0.0,0.0,0.0,0.0,0.0,0.0,0.0,0.0,0.0,0.0,0.0,0.0
17204,Ullà,municipio,35.0,34.0,31.0,30.0,31.0,27.0,27.0,27.0,30.0,24.0,27.0,31.0,30.0,28.0
17205,Ullastret,municipio,0.0,0.0,0.0,0.0,0.0,0.0,0.0,0.0,0.0,0.0,0.0,0.0,0.0,0.0
17206,Urús,municipio,0.0,0.0,0.0,0.0,0.0,0.0,0.0,0.0,0.0,0.0,0.0,0.0,0.0,0.0
17207,"Vall d'en Bas, La",municipio,80.0,84.0,84.0,88.0,87.0,86.0,87.0,81.0,82.0,88.0,87.0,84.0,79.0,79.0
17208,"Vall de Bianya, La",municipio,47.0,50.0,49.0,50.0,46.0,50.0,49.0,46.0,44.0,42.0,44.0,41.0,41.0,40.0
17209,Vall-llobrega,municipio,0.0,0.0,0.0,0.0,0.0,0.0,0.0,0.0,0.0,0.0,0.0,0.0,0.0,0.0
17210,Ventalló,municipio,0.0,0.0,0.0,0.0,0.0,0.0,0.0,0.0,0.0,0.0,0.0,0.0,0.0,0.0
17211,Verges,municipio,33.0,33.0,31.0,0.0,33.0,0.0,0.0,24.0,29.0,24.0,24.0,26.0,25.0,27.0
17212,Vidrà,municipio,0.0,0.0,0.0,0.0,0.0,0.0,0.0,0.0,0.0,0.0,0.0,0.0,0.0,0.0
17213,Vidreres,municipio,203.0,192.0,201.0,189.0,196.0,198.0,196.0,193.0,195.0,197.0,201.0,208.0,208.0,210.0
17214,Vilabertran,municipio,0.0,0.0,0.0,0.0,0.0,0.0,0.0,0.0,0.0,0.0,0.0,0.0,0.0,0.0
17215,Vilablareix,municipio,113.0,114.0,111.0,113.0,112.0,115.0,110.0,102.0,106.0,104.0,105.0,114.0,121.0,126.0
17216,Viladasens,municipio,0.0,0.0,0.0,0.0,0.0,0.0,0.0,0.0,0.0,0.0,0.0,0.0,0.0,0.0
17217,Viladamat,municipio,0.0,0.0,0.0,0.0,0.0,0.0,0.0,0.0,0.0,0.0,0.0,0.0,0.0,0.0
17218,Vilademuls,municipio,0.0,0.0,0.0,0.0,0.0,0.0,0.0,0.0,0.0,0.0,0.0,0.0,0.0,0.0
17220,Viladrau,municipio,43.0,37.0,43.0,41.0,46.0,43.0,42.0,41.0,40.0,38.0,43.0,49.0,47.0,41.0
17221,Vilafant,municipio,139.0,146.0,146.0,139.0,127.0,135.0,128.0,132.0,125.0,121.0,120.0,114.0,106.0,112.0
17222,Vilaür,municipio,0.0,0.0,0.0,0.0,0.0,0.0,0.0,0.0,0.0,0.0,0.0,0.0,0.0,0.0
17223,Vilajuïga,municipio,17.0,18.0,22.0,22.0,26.0,25.0,20.0,25.0,23.0,25.0,30.0,35.0,33.0,35.0
17224,Vilallonga de Ter,municipio,0.0,0.0,0.0,0.0,0.0,0.0,0.0,0.0,0.0,0.0,0.0,0.0,0.0,0.0
17225,Vilamacolum,municipio,0.0,0.0,0.0,0.0,0.0,0.0,0.0,0.0,0.0,0.0,0.0,0.0,0.0,0.0
17226,Vilamalla,municipio,107.0,109.0,116.0,115.0,118.0,123.0,124.0,114.0,109.0,107.0,106.0,98.0,95.0,99.0
17227,Vilamaniscle,municipio,0.0,0.0,0.0,0.0,0.0,0.0,0.0,0.0,0.0,0.0,0.0,0.0,0.0,0.0
17228,Vilanant,municipio,0.0,0.0,0.0,0.0,0.0,0.0,0.0,0.0,0.0,0.0,0.0,0.0,0.0,0.0
17230,Vila-sacra,municipio,0.0,0.0,0.0,0.0,0.0,0.0,0.0,0.0,0.0,0.0,0.0,0.0,0.0,0.0
17232,Vilopriu,municipio,0.0,0.0,0.0,0.0,0.0,0.0,0.0,0.0,0.0,0.0,0.0,0.0,0.0,0.0
17233,Vilobí d'Onyar,municipio,117.0,121.0,116.0,115.0,113.0,114.0,117.0,114.0,118.0,117.0,118.0,109.0,105.0,105.0
17234,Biure,municipio,0.0,0.0,0.0,0.0,0.0,0.0,0.0,0.0,0.0,0.0,0.0,0.0,0.0,0.0
17901,"Cruïlles, Monells i Sant Sadurní de l'Heura",municipio,36.0,38.0,41.0,38.0,33.0,36.0,32.0,32.0,31.0,32.0,34.0,35.0,36.0,41.0
17902,Forallac,municipio,68.0,67.0,74.0,79.0,81.0,74.0,78.0,74.0,73.0,65.0,66.0,68.0,78.0,71.0
17903,Sant Julià del Llor i Bonmatí,municipio,31.0,30.0,31.0,33.0,37.0,33.0,33.0,32.0,30.0,29.0,30.0,26.0,26.0,26.0
17,Girona,provincia,22055.0,21852.0,21594.0,21602.0,21450.0,21686.0,21615.0,21211.0,21335.0,21301.0,21544.0,20177.0,20548.0,20599.0
18001,Agrón,municipio,0.0,0.0,0.0,0.0,0.0,0.0,0.0,0.0,0.0,0.0,0.0,0.0,0.0,0.0
18002,Alamedilla,municipio,0.0,0.0,0.0,0.0,0.0,0.0,0.0,0.0,0.0,0.0,0.0,0.0,0.0,0.0
18003,Albolote,municipio,678.0,682.0,699.0,709.0,728.0,738.0,759.0,743.0,741.0,730.0,752.0,714.0,692.0,686.0
18004,Albondón,municipio,0.0,0.0,0.0,0.0,0.0,0.0,0.0,0.0,0.0,0.0,0.0,0.0,0.0,0.0
18005,Albuñán,municipio,0.0,0.0,0.0,0.0,0.0,0.0,0.0,0.0,0.0,0.0,0.0,0.0,0.0,0.0
18006,Albuñol,municipio,127.0,126.0,123.0,122.0,121.0,125.0,121.0,124.0,118.0,115.0,113.0,98.0,98.0,90.0
18007,Albuñuelas,municipio,0.0,0.0,0.0,0.0,0.0,0.0,0.0,0.0,0.0,0.0,0.0,0.0,0.0,0.0
18010,Aldeire,municipio,0.0,0.0,0.0,0.0,0.0,0.0,0.0,0.0,0.0,0.0,0.0,0.0,0.0,0.0
18011,Alfacar,municipio,152.0,162.0,165.0,165.0,167.0,167.0,157.0,159.0,156.0,155.0,159.0,145.0,142.0,145.0
18012,Algarinejo,municipio,49.0,52.0,47.0,49.0,48.0,55.0,46.0,46.0,46.0,49.0,49.0,45.0,40.0,42.0
18013,Alhama de Granada,municipio,158.0,156.0,157.0,160.0,154.0,159.0,159.0,158.0,164.0,165.0,170.0,161.0,149.0,143.0
18014,Alhendín,municipio,188.0,197.0,202.0,185.0,189.0,210.0,216.0,210.0,218.0,215.0,220.0,219.0,224.0,217.0
18015,Alicún de Ortega,municipio,0.0,0.0,0.0,0.0,0.0,0.0,0.0,0.0,0.0,0.0,0.0,0.0,0.0,0.0
18016,Almegíjar,municipio,0.0,0.0,0.0,0.0,0.0,0.0,0.0,0.0,0.0,0.0,0.0,0.0,0.0,0.0
18017,Almuñécar,municipio,916.0,870.0,853.0,866.0,850.0,865.0,871.0,887.0,865.0,868.0,884.0,844.0,835.0,828.0
18018,Alquife,municipio,0.0,0.0,0.0,0.0,0.0,0.0,0.0,0.0,0.0,0.0,0.0,0.0,0.0,0.0
18020,Arenas del Rey,municipio,23.0,26.0,23.0,26.0,21.0,24.0,23.0,13.0,0.0,0.0,0.0,0.0,0.0,0.0
18021,Armilla,municipio,611.0,633.0,588.0,620.0,646.0,700.0,747.0,771.0,772.0,737.0,682.0,635.0,627.0,610.0
18022,Atarfe,municipio,512.0,496.0,498.0,499.0,533.0,551.0,578.0,580.0,567.0,559.0,582.0,531.0,538.0,541.0
18023,Baza,municipio,752.0,755.0,743.0,753.0,763.0,754.0,748.0,720.0,709.0,697.0,687.0,638.0,618.0,620.0
18024,Beas de Granada,municipio,17.0,21.0,22.0,25.0,27.0,28.0,0.0,0.0,0.0,0.0,0.0,0.0,0.0,27.0
18025,Beas de Guadix,municipio,0.0,0.0,0.0,0.0,0.0,0.0,0.0,0.0,0.0,0.0,0.0,0.0,0.0,0.0
18027,Benalúa,municipio,78.0,83.0,76.0,72.0,73.0,71.0,77.0,76.0,74.0,64.0,63.0,58.0,61.0,60.0
18028,Benalúa de las Villas,municipio,33.0,25.0,25.0,27.0,26.0,26.0,28.0,25.0,27.0,26.0,25.0,27.0,28.0,26.0
18029,Benamaurel,municipio,57.0,54.0,58.0,57.0,58.0,57.0,53.0,51.0,57.0,54.0,53.0,54.0,54.0,53.0
18030,Bérchules,municipio,0.0,0.0,0.0,0.0,0.0,0.0,0.0,0.0,0.0,0.0,0.0,0.0,0.0,0.0
18032,Bubión,municipio,0.0,0.0,0.0,0.0,0.0,0.0,0.0,0.0,0.0,0.0,0.0,0.0,0.0,0.0
18033,Busquístar,municipio,0.0,0.0,0.0,0.0,0.0,0.0,0.0,0.0,0.0,0.0,0.0,0.0,0.0,0.0
18034,Cacín,municipio,0.0,0.0,0.0,0.0,0.0,0.0,0.0,0.0,0.0,0.0,0.0,0.0,0.0,0.0
18035,Cádiar,municipio,51.0,50.0,44.0,46.0,47.0,46.0,50.0,50.0,52.0,49.0,50.0,50.0,43.0,47.0
18036,Cájar,municipio,85.0,87.0,90.0,94.0,95.0,98.0,93.0,100.0,99.0,100.0,104.0,92.0,91.0,88.0
18037,Calicasas,municipio,0.0,0.0,0.0,0.0,0.0,0.0,0.0,0.0,0.0,0.0,0.0,0.0,0.0,0.0
18038,Campotéjar,municipio,20.0,21.0,20.0,25.0,24.0,20.0,19.0,21.0,20.0,24.0,23.0,21.0,27.0,27.0
18039,Caniles,municipio,127.0,121.0,118.0,130.0,125.0,120.0,124.0,114.0,116.0,116.0,118.0,108.0,112.0,111.0
18040,Cáñar,municipio,0.0,0.0,0.0,0.0,0.0,0.0,0.0,0.0,0.0,0.0,0.0,0.0,0.0,0.0
18042,Capileira,municipio,0.0,0.0,0.0,0.0,0.0,0.0,0.0,0.0,0.0,0.0,0.0,0.0,0.0,0.0
18043,Carataunas,municipio,0.0,0.0,0.0,0.0,0.0,0.0,0.0,0.0,0.0,0.0,0.0,0.0,0.0,0.0
18044,Cástaras,municipio,0.0,0.0,0.0,0.0,0.0,0.0,0.0,0.0,0.0,0.0,0.0,0.0,0.0,0.0
18045,Castilléjar,municipio,35.0,37.0,35.0,34.0,33.0,31.0,30.0,27.0,27.0,27.0,32.0,27.0,26.0,26.0
18046,Castril,municipio,58.0,57.0,61.0,63.0,62.0,63.0,66.0,66.0,60.0,60.0,58.0,48.0,44.0,59.0
18047,Cenes de la Vega,municipio,190.0,196.0,181.0,194.0,205.0,213.0,214.0,211.0,225.0,221.0,213.0,200.0,202.0,188.0
18048,Cijuela,municipio,96.0,102.0,98.0,101.0,99.0,90.0,81.0,84.0,90.0,87.0,96.0,89.0,88.0,85.0
18049,Cogollos de Guadix,municipio,0.0,0.0,0.0,0.0,0.0,0.0,0.0,0.0,0.0,0.0,0.0,0.0,0.0,0.0
18050,Cogollos de la Vega,municipio,42.0,42.0,39.0,38.0,36.0,36.0,31.0,34.0,35.0,29.0,30.0,25.0,25.0,25.0
18051,Colomera,municipio,30.0,31.0,27.0,26.0,26.0,28.0,31.0,35.0,35.0,34.0,34.0,33.0,29.0,28.0
18053,Cortes de Baza,municipio,36.0,34.0,31.0,30.0,30.0,31.0,37.0,35.0,39.0,43.0,40.0,35.0,34.0,31.0
18054,Cortes y Graena,municipio,15.0,19.0,19.0,19.0,14.0,16.0,0.0,0.0,0.0,0.0,0.0,0.0,0.0,0.0
18056,Cúllar,municipio,146.0,141.0,141.0,138.0,145.0,136.0,122.0,122.0,124.0,128.0,118.0,112.0,115.0,114.0
18057,Cúllar Vega,municipio,178.0,186.0,181.0,184.0,186.0,191.0,182.0,193.0,192.0,200.0,198.0,198.0,189.0,192.0
18059,Chauchina,municipio,173.0,178.0,172.0,172.0,161.0,184.0,180.0,195.0,183.0,179.0,194.0,186.0,178.0,189.0
18061,Chimeneas,municipio,22.0,21.0,23.0,22.0,20.0,21.0,21.0,20.0,21.0,23.0,21.0,23.0,23.0,21.0
18062,Churriana de la Vega,municipio,366.0,374.0,358.0,354.0,382.0,391.0,396.0,399.0,421.0,417.0,413.0,390.0,381.0,405.0
18063,Darro,municipio,34.0,31.0,33.0,30.0,28.0,30.0,29.0,28.0,29.0,32.0,37.0,37.0,34.0,38.0
18064,Dehesas de Guadix,municipio,0.0,0.0,0.0,0.0,0.0,0.0,0.0,0.0,0.0,0.0,0.0,0.0,0.0,0.0
18065,Dehesas Viejas,municipio,0.0,0.0,0.0,0.0,0.0,0.0,0.0,0.0,0.0,0.0,0.0,0.0,0.0,0.0
18066,Deifontes,municipio,49.0,51.0,51.0,51.0,55.0,56.0,50.0,49.0,51.0,48.0,46.0,47.0,51.0,55.0
18067,Diezma,municipio,0.0,0.0,0.0,0.0,0.0,0.0,0.0,0.0,0.0,0.0,0.0,0.0,0.0,0.0
18068,Dílar,municipio,32.0,28.0,27.0,31.0,35.0,31.0,29.0,21.0,28.0,30.0,34.0,33.0,35.0,45.0
18069,Dólar,municipio,0.0,0.0,0.0,0.0,0.0,0.0,0.0,0.0,0.0,0.0,0.0,0.0,0.0,0.0
18070,Dúdar,municipio,0.0,0.0,0.0,0.0,0.0,0.0,0.0,0.0,0.0,0.0,0.0,0.0,0.0,0.0
18071,Dúrcal,municipio,236.0,234.0,215.0,222.0,216.0,207.0,202.0,200.0,197.0,196.0,185.0,177.0,173.0,174.0
18072,Escúzar,municipio,0.0,0.0,0.0,0.0,0.0,0.0,0.0,0.0,0.0,0.0,0.0,0.0,0.0,0.0
18074,Ferreira,municipio,0.0,0.0,0.0,0.0,0.0,0.0,0.0,0.0,0.0,0.0,0.0,0.0,0.0,0.0
18076,Fonelas,municipio,10.0,13.0,12.0,11.0,13.0,14.0,0.0,0.0,0.0,0.0,0.0,0.0,0.0,0.0
18077,Fornes,municipio,0.0,0.0,0.0,0.0,0.0,0.0,0.0,0.0,0.0,0.0,0.0,0.0,0.0,0.0
18078,Freila,municipio,19.0,20.0,0.0,0.0,0.0,0.0,0.0,0.0,0.0,0.0,0.0,0.0,0.0,0.0
18079,Fuente Vaqueros,municipio,121.0,118.0,115.0,121.0,124.0,126.0,123.0,124.0,133.0,134.0,134.0,119.0,122.0,122.0
18082,Galera,municipio,26.0,26.0,24.0,23.0,25.0,23.0,25.0,25.0,23.0,23.0,25.0,24.0,22.0,21.0
18083,Gobernador,municipio,0.0,0.0,0.0,0.0,0.0,0.0,0.0,0.0,0.0,0.0,0.0,0.0,0.0,0.0
18084,Gójar,municipio,138.0,142.0,141.0,138.0,148.0,145.0,136.0,148.0,155.0,150.0,149.0,131.0,130.0,128.0
18085,Gor,municipio,0.0,0.0,0.0,0.0,0.0,0.0,0.0,0.0,0.0,0.0,0.0,0.0,0.0,0.0
18086,Gorafe,municipio,0.0,0.0,0.0,0.0,0.0,0.0,0.0,0.0,0.0,0.0,0.0,0.0,0.0,0.0
18087,Granada,municipio,6426.0,6281.0,6122.0,6226.0,6187.0,6348.0,6228.0,6148.0,6234.0,6075.0,6131.0,5656.0,5586.0,5635.0
18088,Guadahortuna,municipio,34.0,31.0,28.0,30.0,29.0,27.0,32.0,31.0,34.0,32.0,35.0,23.0,22.0,20.0
18089,Guadix,municipio,602.0,597.0,606.0,605.0,569.0,581.0,567.0,556.0,541.0,528.0,532.0,507.0,496.0,481.0
18093,Gualchos,municipio,61.0,67.0,59.0,57.0,65.0,64.0,79.0,76.0,85.0,88.0,97.0,86.0,91.0,81.0
18094,Güéjar Sierra,municipio,78.0,73.0,70.0,65.0,69.0,70.0,71.0,63.0,64.0,65.0,67.0,62.0,60.0,59.0
18095,Güevéjar,municipio,54.0,53.0,55.0,62.0,69.0,68.0,61.0,58.0,57.0,53.0,57.0,53.0,54.0,47.0
18096,Huélago,municipio,0.0,0.0,0.0,0.0,0.0,0.0,0.0,0.0,0.0,0.0,0.0,0.0,0.0,0.0
18097,Huéneja,municipio,18.0,22.0,20.0,20.0,25.0,26.0,23.0,23.0,24.0,23.0,24.0,15.0,14.0,15.0
18098,Huéscar,municipio,246.0,240.0,240.0,244.0,232.0,227.0,228.0,229.0,231.0,231.0,221.0,212.0,204.0,208.0
18099,Huétor de Santillán,municipio,47.0,44.0,42.0,47.0,49.0,45.0,46.0,45.0,41.0,44.0,45.0,39.0,44.0,44.0
18100,Huétor Tájar,municipio,261.0,253.0,246.0,242.0,246.0,249.0,252.0,259.0,258.0,261.0,271.0,249.0,243.0,241.0
18101,Huétor Vega,municipio,295.0,293.0,283.0,306.0,318.0,305.0,301.0,302.0,296.0,306.0,306.0,276.0,268.0,268.0
18102,Íllora,municipio,270.0,269.0,266.0,258.0,247.0,261.0,260.0,265.0,273.0,267.0,268.0,241.0,228.0,231.0
18103,Ítrabo,municipio,7.0,6.0,8.0,8.0,11.0,10.0,11.0,10.0,0.0,0.0,0.0,0.0,0.0,0.0
18105,Iznalloz,municipio,158.0,165.0,163.0,157.0,153.0,160.0,146.0,140.0,150.0,146.0,152.0,121.0,127.0,123.0
18106,Játar,municipio,0.0,0.0,0.0,0.0,0.0,0.0,0.0,0.0,0.0,0.0,0.0,0.0,0.0,0.0
18107,Jayena,municipio,23.0,20.0,19.0,24.0,23.0,23.0,25.0,26.0,25.0,23.0,24.0,23.0,0.0,0.0
18108,Jérez del Marquesado,municipio,23.0,24.0,25.0,21.0,18.0,17.0,17.0,0.0,0.0,0.0,0.0,0.0,0.0,0.0
18109,Jete,municipio,0.0,0.0,0.0,0.0,0.0,0.0,0.0,0.0,0.0,0.0,0.0,8.0,0.0,0.0
18111,Jun,municipio,109.0,114.0,105.0,107.0,105.0,98.0,110.0,106.0,108.0,111.0,109.0,111.0,108.0,97.0
18112,Juviles,municipio,0.0,0.0,0.0,0.0,0.0,0.0,0.0,0.0,0.0,0.0,0.0,0.0,0.0,0.0
18114,"Calahorra, La",municipio,0.0,0.0,0.0,0.0,0.0,0.0,0.0,0.0,0.0,0.0,0.0,0.0,0.0,0.0
18115,Láchar,municipio,100.0,98.0,99.0,95.0,94.0,100.0,99.0,95.0,93.0,95.0,95.0,96.0,95.0,98.0
18116,Lanjarón,municipio,121.0,120.0,117.0,118.0,115.0,125.0,112.0,108.0,112.0,116.0,119.0,115.0,112.0,115.0
18117,Lanteira,municipio,0.0,0.0,0.0,0.0,0.0,0.0,0.0,0.0,0.0,0.0,0.0,0.0,0.0,0.0
18119,Lecrín,municipio,59.0,66.0,66.0,64.0,63.0,60.0,61.0,61.0,58.0,57.0,58.0,50.0,55.0,52.0
18120,Lentegí,municipio,0.0,0.0,0.0,0.0,0.0,0.0,0.0,0.0,0.0,0.0,0.0,0.0,0.0,0.0
18121,Lobras,municipio,0.0,0.0,0.0,0.0,0.0,0.0,0.0,0.0,0.0,0.0,0.0,0.0,0.0,0.0
18122,Loja,municipio,587.0,579.0,574.0,570.0,590.0,603.0,601.0,572.0,549.0,531.0,522.0,495.0,485.0,482.0
18123,Lugros,municipio,0.0,0.0,0.0,0.0,0.0,0.0,0.0,0.0,0.0,0.0,0.0,0.0,0.0,0.0
18124,Lújar,municipio,0.0,0.0,0.0,0.0,0.0,0.0,0.0,0.0,0.0,0.0,0.0,0.0,0.0,0.0
18126,"Malahá, La",municipio,35.0,33.0,28.0,26.0,27.0,33.0,35.0,34.0,31.0,32.0,34.0,31.0,37.0,33.0
18127,Maracena,municipio,581.0,576.0,549.0,579.0,589.0,612.0,611.0,609.0,594.0,577.0,594.0,562.0,547.0,529.0
18128,Marchal,municipio,0.0,0.0,0.0,0.0,0.0,0.0,0.0,0.0,0.0,0.0,0.0,0.0,0.0,0.0
18132,Moclín,municipio,75.0,71.0,83.0,82.0,76.0,72.0,80.0,73.0,70.0,74.0,74.0,74.0,74.0,74.0
18133,Molvízar,municipio,43.0,47.0,44.0,46.0,44.0,47.0,42.0,42.0,43.0,42.0,42.0,32.0,31.0,34.0
18134,Monachil,municipio,223.0,222.0,215.0,210.0,204.0,217.0,215.0,228.0,239.0,232.0,241.0,240.0,228.0,224.0
18135,Montefrío,municipio,131.0,124.0,128.0,132.0,133.0,138.0,130.0,129.0,133.0,125.0,131.0,122.0,123.0,127.0
18136,Montejícar,municipio,47.0,53.0,50.0,54.0,54.0,49.0,50.0,55.0,54.0,49.0,51.0,46.0,46.0,49.0
18137,Montillana,municipio,24.0,23.0,25.0,26.0,21.0,23.0,27.0,29.0,23.0,24.0,28.0,21.0,21.0,19.0
18138,Moraleda de Zafayona,municipio,108.0,96.0,97.0,86.0,90.0,93.0,92.0,102.0,109.0,103.0,97.0,91.0,83.0,85.0
18140,Motril,municipio,1515.0,1500.0,1487.0,1476.0,1451.0,1439.0,1418.0,1367.0,1357.0,1345.0,1358.0,1241.0,1245.0,1281.0
18141,Murtas,municipio,0.0,0.0,0.0,0.0,0.0,0.0,0.0,0.0,0.0,0.0,0.0,0.0,0.0,0.0
18143,Nigüelas,municipio,27.0,25.0,30.0,29.0,28.0,24.0,31.0,29.0,29.0,29.0,29.0,20.0,21.0,29.0
18144,Nívar,municipio,0.0,0.0,0.0,0.0,0.0,0.0,0.0,0.0,0.0,24.0,22.0,17.0,15.0,18.0
18145,Ogíjares,municipio,434.0,418.0,435.0,460.0,467.0,484.0,484.0,479.0,480.0,461.0,461.0,445.0,442.0,438.0
18146,Orce,municipio,31.0,33.0,30.0,32.0,28.0,30.0,25.0,30.0,28.0,30.0,26.0,26.0,22.0,25.0
18147,Órgiva,municipio,173.0,162.0,164.0,156.0,150.0,159.0,161.0,165.0,175.0,179.0,178.0,163.0,167.0,157.0
18148,Otívar,municipio,20.0,17.0,16.0,19.0,24.0,26.0,24.0,22.0,20.0,20.0,21.0,19.0,18.0,16.0
18149,Villa de Otura,municipio,176.0,190.0,177.0,189.0,188.0,202.0,198.0,200.0,201.0,202.0,198.0,182.0,187.0,192.0
18150,Padul,municipio,243.0,247.0,240.0,225.0,245.0,250.0,256.0,249.0,252.0,241.0,255.0,249.0,231.0,229.0
18151,Pampaneira,municipio,0.0,0.0,0.0,0.0,0.0,0.0,0.0,0.0,0.0,0.0,0.0,0.0,0.0,0.0
18152,Pedro Martínez,municipio,17.0,17.0,17.0,16.0,18.0,18.0,19.0,16.0,17.0,17.0,15.0,15.0,15.0,17.0
18153,Peligros,municipio,466.0,457.0,445.0,458.0,479.0,484.0,465.0,454.0,446.0,456.0,476.0,457.0,441.0,440.0
18154,"Peza, La",municipio,24.0,24.0,21.0,17.0,21.0,21.0,18.0,17.0,14.0,16.0,18.0,19.0,19.0,23.0
18157,Pinos Genil,municipio,51.0,55.0,53.0,55.0,48.0,53.0,52.0,53.0,53.0,50.0,54.0,59.0,60.0,60.0
18158,Pinos Puente,municipio,329.0,329.0,340.0,349.0,276.0,274.0,261.0,268.0,254.0,250.0,259.0,235.0,224.0,205.0
18159,Píñar,municipio,19.0,18.0,13.0,14.0,14.0,13.0,18.0,17.0,14.0,15.0,16.0,18.0,18.0,22.0
18161,Polícar,municipio,0.0,0.0,0.0,0.0,0.0,0.0,0.0,0.0,0.0,0.0,0.0,0.0,0.0,0.0
18162,Polopos,municipio,40.0,42.0,35.0,35.0,31.0,29.0,31.0,33.0,33.0,34.0,33.0,28.0,26.0,26.0
18163,Pórtugos,municipio,0.0,0.0,0.0,0.0,0.0,0.0,0.0,0.0,0.0,0.0,0.0,0.0,0.0,0.0
18164,Puebla de Don Fadrique,municipio,58.0,57.0,57.0,54.0,52.0,53.0,54.0,50.0,49.0,47.0,47.0,43.0,49.0,53.0
18165,Pulianas,municipio,172.0,165.0,151.0,147.0,153.0,153.0,159.0,160.0,167.0,164.0,176.0,165.0,159.0,172.0
18167,Purullena,municipio,93.0,83.0,77.0,78.0,85.0,81.0,89.0,83.0,80.0,81.0,83.0,73.0,71.0,79.0
18168,Quéntar,municipio,16.0,17.0,15.0,0.0,0.0,0.0,0.0,0.0,0.0,0.0,0.0,0.0,0.0,0.0
18170,Rubite,municipio,0.0,0.0,0.0,0.0,0.0,0.0,0.0,0.0,0.0,0.0,0.0,0.0,0.0,0.0
18171,Salar,municipio,49.0,48.0,49.0,47.0,51.0,57.0,55.0,55.0,59.0,56.0,56.0,52.0,49.0,48.0
18173,Salobreña,municipio,339.0,326.0,320.0,321.0,316.0,325.0,327.0,317.0,326.0,318.0,315.0,307.0,290.0,310.0
18174,Santa Cruz del Comercio,municipio,0.0,0.0,0.0,0.0,0.0,0.0,0.0,0.0,0.0,0.0,0.0,0.0,0.0,0.0
18175,Santa Fe,municipio,448.0,449.0,444.0,444.0,438.0,441.0,421.0,438.0,423.0,429.0,450.0,412.0,418.0,412.0
18176,Soportújar,municipio,0.0,0.0,0.0,0.0,0.0,0.0,0.0,0.0,0.0,0.0,0.0,0.0,0.0,0.0
18177,Sorvilán,municipio,0.0,0.0,0.0,0.0,0.0,0.0,0.0,0.0,0.0,0.0,0.0,0.0,0.0,0.0
18178,Torre-Cardela,municipio,0.0,0.0,0.0,0.0,0.0,0.0,0.0,0.0,0.0,0.0,0.0,0.0,0.0,0.0
18179,Torvizcón,municipio,0.0,0.0,0.0,0.0,0.0,0.0,0.0,0.0,0.0,0.0,0.0,0.0,0.0,0.0
18180,Trevélez,municipio,0.0,0.0,0.0,0.0,0.0,0.0,0.0,0.0,0.0,0.0,0.0,0.0,0.0,0.0
18181,Turón,municipio,0.0,0.0,0.0,0.0,0.0,0.0,0.0,0.0,0.0,0.0,0.0,0.0,0.0,0.0
18182,Ugíjar,municipio,72.0,74.0,72.0,76.0,68.0,71.0,64.0,66.0,69.0,63.0,60.0,51.0,53.0,57.0
18183,Válor,municipio,0.0,0.0,0.0,0.0,0.0,0.0,0.0,0.0,0.0,0.0,0.0,0.0,0.0,0.0
18184,Vélez de Benaudalla,municipio,60.0,60.0,58.0,62.0,62.0,66.0,64.0,64.0,69.0,64.0,66.0,63.0,58.0,59.0
18185,Ventas de Huelma,municipio,0.0,0.0,0.0,0.0,0.0,0.0,0.0,0.0,0.0,0.0,0.0,0.0,0.0,0.0
18187,Villanueva de las Torres,municipio,0.0,0.0,0.0,0.0,0.0,0.0,0.0,0.0,0.0,0.0,0.0,0.0,0.0,0.0
18188,Villanueva Mesía,municipio,43.0,46.0,50.0,52.0,48.0,61.0,53.0,48.0,48.0,49.0,49.0,43.0,44.0,43.0
18189,Víznar,municipio,0.0,0.0,0.0,0.0,0.0,0.0,0.0,0.0,0.0,0.0,0.0,0.0,16.0,0.0
18192,Zafarraya,municipio,70.0,68.0,71.0,70.0,65.0,69.0,64.0,58.0,62.0,63.0,62.0,60.0,56.0,52.0
18193,"Zubia, La",municipio,508.0,482.0,471.0,484.0,476.0,476.0,498.0,503.0,509.0,509.0,492.0,461.0,449.0,446.0
18194,Zújar,municipio,66.0,67.0,70.0,68.0,73.0,66.0,65.0,64.0,65.0,70.0,73.0,72.0,80.0,73.0
18901,"Taha, La",municipio,0.0,0.0,0.0,0.0,0.0,0.0,0.0,0.0,0.0,0.0,0.0,0.0,0.0,0.0
18902,"Valle, El",municipio,28.0,25.0,24.0,23.0,21.0,0.0,0.0,0.0,0.0,0.0,0.0,0.0,0.0,0.0
18903,Nevada,municipio,26.0,23.0,25.0,26.0,28.0,24.0,21.0,23.0,22.0,20.0,18.0,16.0,15.0,15.0
18904,Alpujarra de la Sierra,municipio,22.0,21.0,22.0,20.0,19.0,18.0,19.0,0.0,0.0,0.0,0.0,0.0,0.0,0.0
18905,"Gabias, Las",municipio,422.0,429.0,411.0,457.0,466.0,468.0,494.0,526.0,517.0,519.0,530.0,505.0,487.0,483.0
18906,"Guájares, Los",municipio,8.0,7.0,6.0,6.0,8.0,5.0,6.0,8.0,11.0,8.0,10.0,11.0,13.0,16.0
18907,Valle del Zalabí,municipio,56.0,55.0,54.0,48.0,49.0,49.0,46.0,52.0,55.0,49.0,47.0,35.0,36.0,36.0
18908,Villamena,municipio,27.0,26.0,25.0,25.0,28.0,0.0,0.0,0.0,0.0,0.0,0.0,0.0,0.0,20.0
18909,Morelábor,municipio,0.0,0.0,0.0,0.0,0.0,0.0,0.0,0.0,0.0,0.0,0.0,0.0,0.0,0.0
18910,"Pinar, El",municipio,17.0,18.0,16.0,15.0,0.0,0.0,0.0,0.0,0.0,0.0,0.0,0.0,0.0,0.0
18911,Vegas del Genil,municipio,249.0,257.0,240.0,241.0,231.0,241.0,235.0,235.0,233.0,237.0,239.0,244.0,237.0,223.0
18912,Cuevas del Campo,municipio,48.0,48.0,52.0,49.0,48.0,53.0,46.0,44.0,47.0,44.0,50.0,44.0,47.0,41.0
18913,Zagra,municipio,0.0,0.0,0.0,0.0,0.0,0.0,0.0,0.0,0.0,0.0,0.0,0.0,0.0,0.0
18914,Valderrubio,municipio,0.0,0.0,0.0,0.0,51.0,49.0,54.0,54.0,59.0,56.0,56.0,52.0,52.0,54.0
18915,Domingo Pérez de Granada,municipio,0.0,0.0,0.0,0.0,0.0,0.0,0.0,0.0,0.0,0.0,0.0,0.0,0.0,0.0
18916,Torrenueva Costa,municipio,0.0,0.0,0.0,0.0,0.0,0.0,0.0,46.0,44.0,49.0,50.0,57.0,52.0,55.0
18,Granada,provincia,24732.0,24451.0,23966.0,24283.0,24325.0,24775.0,24625.0,24553.0,24650.0,24287.0,24508.0,22863.0,22535.0,22586.0
19001,Abánades,municipio,0.0,0.0,0.0,0.0,0.0,0.0,0.0,0.0,0.0,0.0,0.0,0.0,0.0,0.0
19002,Ablanque,municipio,0.0,0.0,0.0,0.0,0.0,0.0,0.0,0.0,0.0,0.0,0.0,0.0,0.0,0.0
19003,Adobes,municipio,0.0,0.0,0.0,0.0,0.0,0.0,0.0,0.0,0.0,0.0,0.0,0.0,0.0,0.0
19004,Alaminos,municipio,0.0,0.0,0.0,0.0,0.0,0.0,0.0,0.0,0.0,0.0,0.0,0.0,0.0,0.0
19005,Alarilla,municipio,0.0,0.0,0.0,0.0,0.0,0.0,0.0,0.0,0.0,0.0,0.0,0.0,0.0,0.0
19006,Albalate de Zorita,municipio,24.0,24.0,24.0,25.0,0.0,0.0,0.0,0.0,0.0,0.0,27.0,23.0,29.0,26.0
19007,Albares,municipio,0.0,0.0,0.0,0.0,0.0,0.0,0.0,0.0,0.0,0.0,0.0,0.0,0.0,0.0
19008,Albendiego,municipio,0.0,0.0,0.0,0.0,0.0,0.0,0.0,0.0,0.0,0.0,0.0,0.0,0.0,0.0
19009,Alcocer,municipio,0.0,0.0,0.0,0.0,0.0,0.0,0.0,0.0,0.0,0.0,0.0,0.0,0.0,0.0
19010,Alcolea de las Peñas,municipio,0.0,0.0,0.0,0.0,0.0,0.0,0.0,0.0,0.0,0.0,0.0,0.0,0.0,0.0
19011,Alcolea del Pinar,municipio,0.0,0.0,0.0,0.0,0.0,0.0,0.0,0.0,0.0,0.0,0.0,0.0,0.0,0.0
19013,Alcoroches,municipio,0.0,0.0,0.0,0.0,0.0,0.0,0.0,0.0,0.0,0.0,0.0,0.0,0.0,0.0
19015,Aldeanueva de Guadalajara,municipio,0.0,0.0,0.0,0.0,0.0,0.0,0.0,0.0,0.0,0.0,0.0,0.0,0.0,0.0
19016,Algar de Mesa,municipio,0.0,0.0,0.0,0.0,0.0,0.0,0.0,0.0,0.0,0.0,0.0,0.0,0.0,0.0
19017,Algora,municipio,0.0,0.0,0.0,0.0,0.0,0.0,0.0,0.0,0.0,0.0,0.0,0.0,0.0,0.0
19018,Alhóndiga,municipio,0.0,0.0,0.0,0.0,0.0,0.0,0.0,0.0,0.0,0.0,0.0,0.0,0.0,0.0
19019,Alique,municipio,0.0,0.0,0.0,0.0,0.0,0.0,0.0,0.0,0.0,0.0,0.0,0.0,0.0,0.0
19020,Almadrones,municipio,0.0,0.0,0.0,0.0,0.0,0.0,0.0,0.0,0.0,0.0,0.0,0.0,0.0,0.0
19021,Almoguera,municipio,17.0,14.0,16.0,19.0,17.0,17.0,18.0,14.0,17.0,16.0,17.0,12.0,14.0,14.0
19022,Almonacid de Zorita,municipio,0.0,0.0,0.0,0.0,0.0,0.0,0.0,0.0,0.0,0.0,0.0,0.0,0.0,0.0
19023,Alocén,municipio,0.0,0.0,0.0,0.0,0.0,0.0,0.0,0.0,0.0,0.0,0.0,0.0,0.0,0.0
19024,Alovera,municipio,231.0,223.0,212.0,201.0,219.0,218.0,230.0,226.0,224.0,218.0,218.0,202.0,201.0,218.0
19027,Alustante,municipio,0.0,0.0,0.0,0.0,0.0,0.0,0.0,0.0,0.0,0.0,0.0,0.0,0.0,0.0
19031,Angón,municipio,0.0,0.0,0.0,0.0,0.0,0.0,0.0,0.0,0.0,0.0,0.0,0.0,0.0,0.0
19032,Anguita,municipio,0.0,0.0,0.0,0.0,0.0,0.0,0.0,0.0,0.0,0.0,0.0,0.0,0.0,0.0
19033,Anquela del Ducado,municipio,0.0,0.0,0.0,0.0,0.0,0.0,0.0,0.0,0.0,0.0,0.0,0.0,0.0,0.0
19034,Anquela del Pedregal,municipio,0.0,0.0,0.0,0.0,0.0,0.0,0.0,0.0,0.0,0.0,0.0,0.0,0.0,0.0
19036,Aranzueque,municipio,0.0,0.0,0.0,0.0,0.0,0.0,0.0,0.0,0.0,0.0,0.0,0.0,0.0,0.0
19037,Arbancón,municipio,0.0,0.0,0.0,0.0,0.0,0.0,0.0,0.0,0.0,0.0,0.0,0.0,0.0,0.0
19038,Arbeteta,municipio,0.0,0.0,0.0,0.0,0.0,0.0,0.0,0.0,0.0,0.0,0.0,0.0,0.0,0.0
19039,Argecilla,municipio,0.0,0.0,0.0,0.0,0.0,0.0,0.0,0.0,0.0,0.0,0.0,0.0,0.0,0.0
19040,Armallones,municipio,0.0,0.0,0.0,0.0,0.0,0.0,0.0,0.0,0.0,0.0,0.0,0.0,0.0,0.0
19041,Armuña de Tajuña,municipio,0.0,0.0,0.0,0.0,0.0,0.0,0.0,0.0,0.0,0.0,0.0,0.0,0.0,0.0
19042,Arroyo de las Fraguas,municipio,0.0,0.0,0.0,0.0,0.0,0.0,0.0,0.0,0.0,0.0,0.0,0.0,0.0,0.0
19043,Atanzón,municipio,0.0,0.0,0.0,0.0,0.0,0.0,0.0,0.0,0.0,0.0,0.0,0.0,0.0,0.0
19044,Atienza,municipio,0.0,0.0,0.0,0.0,0.0,0.0,0.0,0.0,0.0,0.0,0.0,0.0,0.0,0.0
19045,Auñón,municipio,0.0,0.0,0.0,0.0,0.0,0.0,0.0,0.0,0.0,0.0,0.0,0.0,0.0,0.0
19046,Azuqueca de Henares,municipio,505.0,499.0,493.0,524.0,529.0,518.0,537.0,506.0,514.0,500.0,508.0,470.0,444.0,447.0
19047,Baides,municipio,0.0,0.0,0.0,0.0,0.0,0.0,0.0,0.0,0.0,0.0,0.0,0.0,0.0,0.0
19048,Baños de Tajo,municipio,0.0,0.0,0.0,0.0,0.0,0.0,0.0,0.0,0.0,0.0,0.0,0.0,0.0,0.0
19049,Bañuelos,municipio,0.0,0.0,0.0,0.0,0.0,0.0,0.0,0.0,0.0,0.0,0.0,0.0,0.0,0.0
19050,Barriopedro,municipio,0.0,0.0,0.0,0.0,0.0,0.0,0.0,0.0,0.0,0.0,0.0,0.0,0.0,0.0
19051,Berninches,municipio,0.0,0.0,0.0,0.0,0.0,0.0,0.0,0.0,0.0,0.0,0.0,0.0,0.0,0.0
19052,"Bodera, La",municipio,0.0,0.0,0.0,0.0,0.0,0.0,0.0,0.0,0.0,0.0,0.0,0.0,0.0,0.0
19053,Brihuega,municipio,91.0,90.0,76.0,76.0,73.0,75.0,73.0,71.0,77.0,73.0,76.0,73.0,73.0,72.0
19054,Budia,municipio,0.0,0.0,0.0,0.0,0.0,0.0,0.0,0.0,0.0,0.0,0.0,0.0,0.0,0.0
19055,Bujalaro,municipio,0.0,0.0,0.0,0.0,0.0,0.0,0.0,0.0,0.0,0.0,0.0,0.0,0.0,0.0
19057,Bustares,municipio,0.0,0.0,0.0,0.0,0.0,0.0,0.0,0.0,0.0,0.0,0.0,0.0,0.0,0.0
19058,Cabanillas del Campo,municipio,283.0,293.0,275.0,286.0,276.0,292.0,283.0,277.0,278.0,287.0,286.0,279.0,292.0,291.0
19059,Campillo de Dueñas,municipio,0.0,0.0,0.0,0.0,0.0,0.0,0.0,0.0,0.0,0.0,0.0,0.0,0.0,0.0
19060,Campillo de Ranas,municipio,0.0,0.0,0.0,0.0,0.0,0.0,0.0,0.0,0.0,0.0,0.0,0.0,0.0,0.0
19061,Campisábalos,municipio,0.0,0.0,0.0,0.0,0.0,0.0,0.0,0.0,0.0,0.0,0.0,0.0,0.0,0.0
19064,Canredondo,municipio,0.0,0.0,0.0,0.0,0.0,0.0,0.0,0.0,0.0,0.0,0.0,0.0,0.0,0.0
19065,Cantalojas,municipio,0.0,0.0,0.0,0.0,0.0,0.0,0.0,0.0,0.0,0.0,0.0,0.0,0.0,0.0
19066,Cañizar,municipio,0.0,0.0,0.0,0.0,0.0,0.0,0.0,0.0,0.0,0.0,0.0,0.0,0.0,0.0
19067,"Cardoso de la Sierra, El",municipio,0.0,0.0,0.0,0.0,0.0,0.0,0.0,0.0,0.0,0.0,0.0,0.0,0.0,0.0
19070,Casa de Uceda,municipio,0.0,0.0,0.0,0.0,0.0,0.0,0.0,0.0,0.0,0.0,0.0,0.0,0.0,0.0
19071,"Casar, El",municipio,248.0,252.0,242.0,242.0,241.0,237.0,242.0,229.0,258.0,239.0,248.0,247.0,263.0,255.0
19073,Casas de San Galindo,municipio,0.0,0.0,0.0,0.0,0.0,0.0,0.0,0.0,0.0,0.0,0.0,0.0,0.0,0.0
19074,Caspueñas,municipio,0.0,0.0,0.0,0.0,0.0,0.0,0.0,0.0,0.0,0.0,0.0,0.0,0.0,0.0
19075,Castejón de Henares,municipio,0.0,0.0,0.0,0.0,0.0,0.0,0.0,0.0,0.0,0.0,0.0,0.0,0.0,0.0
19076,Castellar de la Muela,municipio,0.0,0.0,0.0,0.0,0.0,0.0,0.0,0.0,0.0,0.0,0.0,0.0,0.0,0.0
19078,Castilforte,municipio,0.0,0.0,0.0,0.0,0.0,0.0,0.0,0.0,0.0,0.0,0.0,0.0,0.0,0.0
19079,Castilnuevo,municipio,0.0,0.0,0.0,0.0,0.0,0.0,0.0,0.0,0.0,0.0,0.0,0.0,0.0,0.0
19080,Cendejas de Enmedio,municipio,0.0,0.0,0.0,0.0,0.0,0.0,0.0,0.0,0.0,0.0,0.0,0.0,0.0,0.0
19081,Cendejas de la Torre,municipio,0.0,0.0,0.0,0.0,0.0,0.0,0.0,0.0,0.0,0.0,0.0,0.0,0.0,0.0
19082,Centenera,municipio,0.0,0.0,0.0,0.0,0.0,0.0,0.0,0.0,0.0,0.0,0.0,0.0,0.0,0.0
19086,Cifuentes,municipio,72.0,71.0,67.0,68.0,70.0,60.0,51.0,48.0,51.0,51.0,47.0,45.0,43.0,44.0
19087,Cincovillas,municipio,0.0,0.0,0.0,0.0,0.0,0.0,0.0,0.0,0.0,0.0,0.0,0.0,0.0,0.0
19088,Ciruelas,municipio,0.0,0.0,0.0,0.0,0.0,0.0,0.0,0.0,0.0,0.0,0.0,0.0,0.0,0.0
19089,Ciruelos del Pinar,municipio,0.0,0.0,0.0,0.0,0.0,0.0,0.0,0.0,0.0,0.0,0.0,0.0,0.0,0.0
19090,Cobeta,municipio,0.0,0.0,0.0,0.0,0.0,0.0,0.0,0.0,0.0,0.0,0.0,0.0,0.0,0.0
19091,Cogollor,municipio,0.0,0.0,0.0,0.0,0.0,0.0,0.0,0.0,0.0,0.0,0.0,0.0,0.0,0.0
19092,Cogolludo,municipio,0.0,0.0,0.0,0.0,0.0,0.0,0.0,0.0,0.0,0.0,0.0,0.0,0.0,0.0
19095,Condemios de Abajo,municipio,0.0,0.0,0.0,0.0,0.0,0.0,0.0,0.0,0.0,0.0,0.0,0.0,0.0,0.0
19096,Condemios de Arriba,municipio,0.0,0.0,0.0,0.0,0.0,0.0,0.0,0.0,0.0,0.0,0.0,0.0,0.0,0.0
19097,Congostrina,municipio,0.0,0.0,0.0,0.0,0.0,0.0,0.0,0.0,0.0,0.0,0.0,0.0,0.0,0.0
19098,Copernal,municipio,0.0,0.0,0.0,0.0,0.0,0.0,0.0,0.0,0.0,0.0,0.0,0.0,0.0,0.0
19099,Corduente,municipio,0.0,0.0,0.0,0.0,0.0,0.0,0.0,0.0,0.0,0.0,0.0,0.0,0.0,0.0
19102,"Cubillo de Uceda, El",municipio,0.0,0.0,0.0,0.0,0.0,0.0,0.0,0.0,0.0,0.0,0.0,0.0,0.0,0.0
19103,Checa,municipio,0.0,0.0,0.0,0.0,0.0,0.0,0.0,0.0,0.0,0.0,0.0,0.0,0.0,0.0
19104,Chequilla,municipio,0.0,0.0,0.0,0.0,0.0,0.0,0.0,0.0,0.0,0.0,0.0,0.0,0.0,0.0
19105,Chiloeches,municipio,54.0,55.0,60.0,68.0,66.0,69.0,74.0,75.0,78.0,78.0,76.0,71.0,73.0,70.0
19106,Chillarón del Rey,municipio,0.0,0.0,0.0,0.0,0.0,0.0,0.0,0.0,0.0,0.0,0.0,0.0,0.0,0.0
19107,Driebes,municipio,0.0,0.0,0.0,0.0,0.0,0.0,0.0,0.0,0.0,0.0,0.0,0.0,0.0,0.0
19108,Durón,municipio,0.0,0.0,0.0,0.0,0.0,0.0,0.0,0.0,0.0,0.0,0.0,0.0,0.0,0.0
19109,Embid,municipio,0.0,0.0,0.0,0.0,0.0,0.0,0.0,0.0,0.0,0.0,0.0,0.0,0.0,0.0
19110,Escamilla,municipio,0.0,0.0,0.0,0.0,0.0,0.0,0.0,0.0,0.0,0.0,0.0,0.0,0.0,0.0
19111,Escariche,municipio,0.0,0.0,0.0,0.0,0.0,0.0,0.0,0.0,0.0,0.0,0.0,0.0,0.0,0.0
19112,Escopete,municipio,0.0,0.0,0.0,0.0,0.0,0.0,0.0,0.0,0.0,0.0,0.0,0.0,0.0,0.0
19113,Espinosa de Henares,municipio,0.0,0.0,0.0,0.0,0.0,0.0,0.0,0.0,0.0,0.0,0.0,0.0,0.0,0.0
19114,Esplegares,municipio,0.0,0.0,0.0,0.0,0.0,0.0,0.0,0.0,0.0,0.0,0.0,0.0,0.0,0.0
19115,Establés,municipio,0.0,0.0,0.0,0.0,0.0,0.0,0.0,0.0,0.0,0.0,0.0,0.0,0.0,0.0
19116,Estriégana,municipio,0.0,0.0,0.0,0.0,0.0,0.0,0.0,0.0,0.0,0.0,0.0,0.0,0.0,0.0
19117,Fontanar,municipio,49.0,51.0,54.0,54.0,47.0,39.0,38.0,39.0,36.0,35.0,28.0,33.0,35.0,32.0
19118,Fuembellida,municipio,0.0,0.0,0.0,0.0,0.0,0.0,0.0,0.0,0.0,0.0,0.0,0.0,0.0,0.0
19119,Fuencemillán,municipio,0.0,0.0,0.0,0.0,0.0,0.0,0.0,0.0,0.0,0.0,0.0,0.0,0.0,0.0
19120,Fuentelahiguera de Albatages,municipio,0.0,0.0,0.0,0.0,0.0,0.0,0.0,0.0,0.0,0.0,0.0,0.0,0.0,0.0
19121,Fuentelencina,municipio,0.0,0.0,0.0,0.0,0.0,0.0,0.0,0.0,0.0,0.0,0.0,0.0,0.0,0.0
19122,Fuentelsaz,municipio,0.0,0.0,0.0,0.0,0.0,0.0,0.0,0.0,0.0,0.0,0.0,0.0,0.0,0.0
19123,Fuentelviejo,municipio,0.0,0.0,0.0,0.0,0.0,0.0,0.0,0.0,0.0,0.0,0.0,0.0,0.0,0.0
19124,Fuentenovilla,municipio,0.0,0.0,0.0,0.0,0.0,0.0,0.0,0.0,0.0,0.0,0.0,0.0,0.0,0.0
19125,Gajanejos,municipio,0.0,0.0,0.0,0.0,0.0,0.0,0.0,0.0,0.0,0.0,0.0,0.0,0.0,0.0
19126,Galápagos,municipio,44.0,45.0,51.0,43.0,40.0,42.0,48.0,53.0,41.0,37.0,37.0,33.0,0.0,33.0
19127,Galve de Sorbe,municipio,0.0,0.0,0.0,0.0,0.0,0.0,0.0,0.0,0.0,0.0,0.0,0.0,0.0,0.0
19129,Gascueña de Bornova,municipio,0.0,0.0,0.0,0.0,0.0,0.0,0.0,0.0,0.0,0.0,0.0,0.0,0.0,0.0
19130,Guadalajara,municipio,1510.0,1517.0,1475.0,1498.0,1470.0,1436.0,1411.0,1372.0,1360.0,1321.0,1325.0,1208.0,1200.0,1208.0
19132,Henche,municipio,0.0,0.0,0.0,0.0,0.0,0.0,0.0,0.0,0.0,0.0,0.0,0.0,0.0,0.0
19133,Heras de Ayuso,municipio,0.0,0.0,0.0,0.0,0.0,0.0,0.0,0.0,0.0,0.0,0.0,0.0,0.0,0.0
19134,Herrería,municipio,0.0,0.0,0.0,0.0,0.0,0.0,0.0,0.0,0.0,0.0,0.0,0.0,0.0,0.0
19135,Hiendelaencina,municipio,0.0,0.0,0.0,0.0,0.0,0.0,0.0,0.0,0.0,0.0,0.0,0.0,0.0,0.0
19136,Hijes,municipio,0.0,0.0,0.0,0.0,0.0,0.0,0.0,0.0,0.0,0.0,0.0,0.0,0.0,0.0
19138,Hita,municipio,0.0,0.0,0.0,0.0,0.0,0.0,0.0,0.0,0.0,0.0,0.0,0.0,0.0,0.0
19139,Hombrados,municipio,0.0,0.0,0.0,0.0,0.0,0.0,0.0,0.0,0.0,0.0,0.0,0.0,0.0,0.0
19142,Hontoba,municipio,0.0,0.0,0.0,0.0,0.0,0.0,0.0,0.0,0.0,0.0,0.0,0.0,0.0,0.0
19143,Horche,municipio,36.0,32.0,31.0,35.0,39.0,40.0,40.0,35.0,34.0,36.0,37.0,36.0,34.0,38.0
19145,Hortezuela de Océn,municipio,0.0,0.0,0.0,0.0,0.0,0.0,0.0,0.0,0.0,0.0,0.0,0.0,0.0,0.0
19146,"Huerce, La",municipio,0.0,0.0,0.0,0.0,0.0,0.0,0.0,0.0,0.0,0.0,0.0,0.0,0.0,0.0
19147,Huérmeces del Cerro,municipio,0.0,0.0,0.0,0.0,0.0,0.0,0.0,0.0,0.0,0.0,0.0,0.0,0.0,0.0
19148,Huertahernando,municipio,0.0,0.0,0.0,0.0,0.0,0.0,0.0,0.0,0.0,0.0,0.0,0.0,0.0,0.0
19150,Hueva,municipio,0.0,0.0,0.0,0.0,0.0,0.0,0.0,0.0,0.0,0.0,0.0,0.0,0.0,0.0
19151,Humanes,municipio,37.0,34.0,30.0,29.0,28.0,24.0,27.0,26.0,29.0,32.0,31.0,28.0,32.0,29.0
19152,Illana,municipio,0.0,0.0,0.0,0.0,0.0,0.0,0.0,0.0,0.0,0.0,0.0,0.0,0.0,0.0
19153,Iniéstola,municipio,0.0,0.0,0.0,0.0,0.0,0.0,0.0,0.0,0.0,0.0,0.0,0.0,0.0,0.0
19154,"Inviernas, Las",municipio,0.0,0.0,0.0,0.0,0.0,0.0,0.0,0.0,0.0,0.0,0.0,0.0,0.0,0.0
19155,Irueste,municipio,0.0,0.0,0.0,0.0,0.0,0.0,0.0,0.0,0.0,0.0,0.0,0.0,0.0,0.0
19156,Jadraque,municipio,58.0,58.0,56.0,57.0,52.0,47.0,47.0,50.0,51.0,56.0,58.0,58.0,58.0,54.0
19157,Jirueque,municipio,0.0,0.0,0.0,0.0,0.0,0.0,0.0,0.0,0.0,0.0,0.0,0.0,0.0,0.0
19159,Ledanca,municipio,0.0,0.0,0.0,0.0,0.0,0.0,0.0,0.0,0.0,0.0,0.0,0.0,0.0,0.0
19160,Loranca de Tajuña,municipio,33.0,28.0,30.0,29.0,24.0,27.0,27.0,25.0,28.0,28.0,36.0,38.0,37.0,33.0
19161,Lupiana,municipio,0.0,0.0,0.0,0.0,0.0,0.0,0.0,0.0,0.0,0.0,0.0,0.0,0.0,0.0
19162,Luzaga,municipio,0.0,0.0,0.0,0.0,0.0,0.0,0.0,0.0,0.0,0.0,0.0,0.0,0.0,0.0
19163,Luzón,municipio,0.0,0.0,0.0,0.0,0.0,0.0,0.0,0.0,0.0,0.0,0.0,0.0,0.0,0.0
19165,Majaelrayo,municipio,0.0,0.0,0.0,0.0,0.0,0.0,0.0,0.0,0.0,0.0,0.0,0.0,0.0,0.0
19166,Málaga del Fresno,municipio,0.0,0.0,0.0,0.0,0.0,0.0,0.0,0.0,0.0,0.0,0.0,0.0,0.0,0.0
19167,Malaguilla,municipio,0.0,0.0,0.0,0.0,0.0,0.0,0.0,0.0,0.0,0.0,0.0,0.0,0.0,0.0
19168,Mandayona,municipio,0.0,0.0,0.0,0.0,0.0,0.0,0.0,0.0,0.0,0.0,0.0,0.0,0.0,0.0
19169,Mantiel,municipio,0.0,0.0,0.0,0.0,0.0,0.0,0.0,0.0,0.0,0.0,0.0,0.0,0.0,0.0
19170,Maranchón,municipio,0.0,0.0,0.0,0.0,0.0,0.0,0.0,0.0,0.0,0.0,0.0,0.0,0.0,0.0
19171,Marchamalo,municipio,108.0,115.0,116.0,120.0,106.0,107.0,112.0,114.0,114.0,113.0,106.0,103.0,99.0,99.0
19172,Masegoso de Tajuña,municipio,0.0,0.0,0.0,0.0,0.0,0.0,0.0,0.0,0.0,0.0,0.0,0.0,0.0,0.0
19173,Matarrubia,municipio,0.0,0.0,0.0,0.0,0.0,0.0,0.0,0.0,0.0,0.0,0.0,0.0,0.0,0.0
19174,Matillas,municipio,0.0,0.0,0.0,0.0,0.0,0.0,0.0,0.0,0.0,0.0,0.0,0.0,0.0,0.0
19175,Mazarete,municipio,0.0,0.0,0.0,0.0,0.0,0.0,0.0,0.0,0.0,0.0,0.0,0.0,0.0,0.0
19176,Mazuecos,municipio,0.0,0.0,0.0,0.0,0.0,0.0,0.0,0.0,0.0,0.0,0.0,0.0,0.0,0.0
19177,Medranda,municipio,0.0,0.0,0.0,0.0,0.0,0.0,0.0,0.0,0.0,0.0,0.0,0.0,0.0,0.0
19178,Megina,municipio,0.0,0.0,0.0,0.0,0.0,0.0,0.0,0.0,0.0,0.0,0.0,0.0,0.0,0.0
19179,Membrillera,municipio,0.0,0.0,0.0,0.0,0.0,0.0,0.0,0.0,0.0,0.0,0.0,0.0,0.0,0.0
19181,Miedes de Atienza,municipio,0.0,0.0,0.0,0.0,0.0,0.0,0.0,0.0,0.0,0.0,0.0,0.0,0.0,0.0
19182,"Mierla, La",municipio,0.0,0.0,0.0,0.0,0.0,0.0,0.0,0.0,0.0,0.0,0.0,0.0,0.0,0.0
19183,Milmarcos,municipio,0.0,0.0,0.0,0.0,0.0,0.0,0.0,0.0,0.0,0.0,0.0,0.0,0.0,0.0
19184,Millana,municipio,0.0,0.0,0.0,0.0,0.0,0.0,0.0,0.0,0.0,0.0,0.0,0.0,0.0,0.0
19185,"Miñosa, La",municipio,0.0,0.0,0.0,0.0,0.0,0.0,0.0,0.0,0.0,0.0,0.0,0.0,0.0,0.0
19186,Mirabueno,municipio,0.0,0.0,0.0,0.0,0.0,0.0,0.0,0.0,0.0,0.0,0.0,0.0,0.0,0.0
19187,Miralrío,municipio,0.0,0.0,0.0,0.0,0.0,0.0,0.0,0.0,0.0,0.0,0.0,0.0,0.0,0.0
19188,Mochales,municipio,0.0,0.0,0.0,0.0,0.0,0.0,0.0,0.0,0.0,0.0,0.0,0.0,0.0,0.0
19189,Mohernando,municipio,0.0,0.0,0.0,0.0,0.0,0.0,0.0,0.0,0.0,0.0,0.0,0.0,0.0,0.0
19190,Molina de Aragón,municipio,135.0,132.0,127.0,127.0,120.0,115.0,111.0,106.0,105.0,101.0,102.0,102.0,95.0,100.0
19191,Monasterio,municipio,0.0,0.0,0.0,0.0,0.0,0.0,0.0,0.0,0.0,0.0,0.0,0.0,0.0,0.0
19192,Mondéjar,municipio,95.0,100.0,92.0,93.0,91.0,92.0,93.0,88.0,90.0,94.0,94.0,88.0,81.0,80.0
19193,Montarrón,municipio,0.0,0.0,0.0,0.0,0.0,0.0,0.0,0.0,0.0,0.0,0.0,0.0,0.0,0.0
19194,Moratilla de los Meleros,municipio,0.0,0.0,0.0,0.0,0.0,0.0,0.0,0.0,0.0,0.0,0.0,0.0,0.0,0.0
19195,Morenilla,municipio,0.0,0.0,0.0,0.0,0.0,0.0,0.0,0.0,0.0,0.0,0.0,0.0,0.0,0.0
19196,Muduex,municipio,0.0,0.0,0.0,0.0,0.0,0.0,0.0,0.0,0.0,0.0,0.0,0.0,0.0,0.0
19197,"Navas de Jadraque, Las",municipio,0.0,0.0,0.0,0.0,0.0,0.0,0.0,0.0,0.0,0.0,0.0,0.0,0.0,0.0
19198,Negredo,municipio,0.0,0.0,0.0,0.0,0.0,0.0,0.0,0.0,0.0,0.0,0.0,0.0,0.0,0.0
19199,Ocentejo,municipio,0.0,0.0,0.0,0.0,0.0,0.0,0.0,0.0,0.0,0.0,0.0,0.0,0.0,0.0
19200,"Olivar, El",municipio,0.0,0.0,0.0,0.0,0.0,0.0,0.0,0.0,0.0,0.0,0.0,0.0,0.0,0.0
19201,Olmeda de Cobeta,municipio,0.0,0.0,0.0,0.0,0.0,0.0,0.0,0.0,0.0,0.0,0.0,0.0,0.0,0.0
19202,"Olmeda de Jadraque, La",municipio,0.0,0.0,0.0,0.0,0.0,0.0,0.0,0.0,0.0,0.0,0.0,0.0,0.0,0.0
19203,"Ordial, El",municipio,0.0,0.0,0.0,0.0,0.0,0.0,0.0,0.0,0.0,0.0,0.0,0.0,0.0,0.0
19204,Orea,municipio,0.0,0.0,0.0,0.0,0.0,0.0,0.0,0.0,0.0,0.0,0.0,0.0,0.0,0.0
19208,Pálmaces de Jadraque,municipio,0.0,0.0,0.0,0.0,0.0,0.0,0.0,0.0,0.0,0.0,0.0,0.0,0.0,0.0
19209,Pardos,municipio,0.0,0.0,0.0,0.0,0.0,0.0,0.0,0.0,0.0,0.0,0.0,0.0,0.0,0.0
19210,Paredes de Sigüenza,municipio,0.0,0.0,0.0,0.0,0.0,0.0,0.0,0.0,0.0,0.0,0.0,0.0,0.0,0.0
19211,Pareja,municipio,0.0,0.0,0.0,0.0,0.0,0.0,0.0,0.0,0.0,0.0,0.0,0.0,0.0,0.0
19212,Pastrana,municipio,39.0,41.0,42.0,41.0,0.0,0.0,0.0,0.0,0.0,0.0,0.0,0.0,0.0,0.0
19213,"Pedregal, El",municipio,0.0,0.0,0.0,0.0,0.0,0.0,0.0,0.0,0.0,0.0,0.0,0.0,0.0,0.0
19214,Peñalén,municipio,0.0,0.0,0.0,0.0,0.0,0.0,0.0,0.0,0.0,0.0,0.0,0.0,0.0,0.0
19215,Peñalver,municipio,0.0,0.0,0.0,0.0,0.0,0.0,0.0,0.0,0.0,0.0,0.0,0.0,0.0,0.0
19216,Peralejos de las Truchas,municipio,0.0,0.0,0.0,0.0,0.0,0.0,0.0,0.0,0.0,0.0,0.0,0.0,0.0,0.0
19217,Peralveche,municipio,0.0,0.0,0.0,0.0,0.0,0.0,0.0,0.0,0.0,0.0,0.0,0.0,0.0,0.0
19218,Pinilla de Jadraque,municipio,0.0,0.0,0.0,0.0,0.0,0.0,0.0,0.0,0.0,0.0,0.0,0.0,0.0,0.0
19219,Pinilla de Molina,municipio,0.0,0.0,0.0,0.0,0.0,0.0,0.0,0.0,0.0,0.0,0.0,0.0,0.0,0.0
19220,Pioz,municipio,77.0,79.0,65.0,73.0,78.0,72.0,76.0,79.0,84.0,90.0,89.0,85.0,81.0,96.0
19221,Piqueras,municipio,0.0,0.0,0.0,0.0,0.0,0.0,0.0,0.0,0.0,0.0,0.0,0.0,0.0,0.0
19222,"Pobo de Dueñas, El",municipio,0.0,0.0,0.0,0.0,0.0,0.0,0.0,0.0,0.0,0.0,0.0,0.0,0.0,0.0
19223,Poveda de la Sierra,municipio,0.0,0.0,0.0,0.0,0.0,0.0,0.0,0.0,0.0,0.0,0.0,0.0,0.0,0.0
19224,Pozo de Almoguera,municipio,0.0,0.0,0.0,0.0,0.0,0.0,0.0,0.0,0.0,0.0,0.0,0.0,0.0,0.0
19225,Pozo de Guadalajara,municipio,36.0,39.0,37.0,41.0,37.0,40.0,42.0,44.0,52.0,55.0,55.0,46.0,48.0,47.0
19226,Prádena de Atienza,municipio,0.0,0.0,0.0,0.0,0.0,0.0,0.0,0.0,0.0,0.0,0.0,0.0,0.0,0.0
19227,Prados Redondos,municipio,0.0,0.0,0.0,0.0,0.0,0.0,0.0,0.0,0.0,0.0,0.0,0.0,0.0,0.0
19228,Puebla de Beleña,municipio,0.0,0.0,0.0,0.0,0.0,0.0,0.0,0.0,0.0,0.0,0.0,0.0,0.0,0.0
19229,Puebla de Valles,municipio,0.0,0.0,0.0,0.0,0.0,0.0,0.0,0.0,0.0,0.0,0.0,0.0,0.0,0.0
19230,Quer,municipio,0.0,0.0,0.0,0.0,0.0,0.0,0.0,0.0,0.0,0.0,0.0,0.0,25.0,27.0
19231,Rebollosa de Jadraque,municipio,0.0,0.0,0.0,0.0,0.0,0.0,0.0,0.0,0.0,0.0,0.0,0.0,0.0,0.0
19232,"Recuenco, El",municipio,0.0,0.0,0.0,0.0,0.0,0.0,0.0,0.0,0.0,0.0,0.0,0.0,0.0,0.0
19233,Renera,municipio,0.0,0.0,0.0,0.0,0.0,0.0,0.0,0.0,0.0,0.0,0.0,0.0,0.0,0.0
19234,Retiendas,municipio,0.0,0.0,0.0,0.0,0.0,0.0,0.0,0.0,0.0,0.0,0.0,0.0,0.0,0.0
19235,Riba de Saelices,municipio,0.0,0.0,0.0,0.0,0.0,0.0,0.0,0.0,0.0,0.0,0.0,0.0,0.0,0.0
19237,Rillo de Gallo,municipio,0.0,0.0,0.0,0.0,0.0,0.0,0.0,0.0,0.0,0.0,0.0,0.0,0.0,0.0
19238,Riofrío del Llano,municipio,0.0,0.0,0.0,0.0,0.0,0.0,0.0,0.0,0.0,0.0,0.0,0.0,0.0,0.0
19239,Robledillo de Mohernando,municipio,0.0,0.0,0.0,0.0,0.0,0.0,0.0,0.0,0.0,0.0,0.0,0.0,0.0,0.0
19240,Robledo de Corpes,municipio,0.0,0.0,0.0,0.0,0.0,0.0,0.0,0.0,0.0,0.0,0.0,0.0,0.0,0.0
19241,Romanillos de Atienza,municipio,0.0,0.0,0.0,0.0,0.0,0.0,0.0,0.0,0.0,0.0,0.0,0.0,0.0,0.0
19242,Romanones,municipio,0.0,0.0,0.0,0.0,0.0,0.0,0.0,0.0,0.0,0.0,0.0,0.0,0.0,0.0
19243,Rueda de la Sierra,municipio,0.0,0.0,0.0,0.0,0.0,0.0,0.0,0.0,0.0,0.0,0.0,0.0,0.0,0.0
19244,Sacecorbo,municipio,0.0,0.0,0.0,0.0,0.0,0.0,0.0,0.0,0.0,0.0,0.0,0.0,0.0,0.0
19245,Sacedón,municipio,46.0,40.0,40.0,37.0,37.0,35.0,36.0,38.0,41.0,40.0,39.0,41.0,45.0,37.0
19246,Saelices de la Sal,municipio,0.0,0.0,0.0,0.0,0.0,0.0,0.0,0.0,0.0,0.0,0.0,0.0,0.0,0.0
19247,Salmerón,municipio,0.0,0.0,0.0,0.0,0.0,0.0,0.0,0.0,0.0,0.0,0.0,0.0,0.0,0.0
19248,San Andrés del Congosto,municipio,0.0,0.0,0.0,0.0,0.0,0.0,0.0,0.0,0.0,0.0,0.0,0.0,0.0,0.0
19249,San Andrés del Rey,municipio,0.0,0.0,0.0,0.0,0.0,0.0,0.0,0.0,0.0,0.0,0.0,0.0,0.0,0.0
19250,Santiuste,municipio,0.0,0.0,0.0,0.0,0.0,0.0,0.0,0.0,0.0,0.0,0.0,0.0,0.0,0.0
19251,Saúca,municipio,0.0,0.0,0.0,0.0,0.0,0.0,0.0,0.0,0.0,0.0,0.0,0.0,0.0,0.0
19252,Sayatón,municipio,0.0,0.0,0.0,0.0,0.0,0.0,0.0,0.0,0.0,0.0,0.0,0.0,0.0,0.0
19254,Selas,municipio,0.0,0.0,0.0,0.0,0.0,0.0,0.0,0.0,0.0,0.0,0.0,0.0,0.0,0.0
19255,Setiles,municipio,0.0,0.0,0.0,0.0,0.0,0.0,0.0,0.0,0.0,0.0,0.0,0.0,0.0,0.0
19256,Sienes,municipio,0.0,0.0,0.0,0.0,0.0,0.0,0.0,0.0,0.0,0.0,0.0,0.0,0.0,0.0
19257,Sigüenza,municipio,168.0,161.0,161.0,162.0,161.0,160.0,161.0,156.0,162.0,159.0,161.0,167.0,161.0,160.0
19258,Solanillos del Extremo,municipio,0.0,0.0,0.0,0.0,0.0,0.0,0.0,0.0,0.0,0.0,0.0,0.0,0.0,0.0
19259,Somolinos,municipio,0.0,0.0,0.0,0.0,0.0,0.0,0.0,0.0,0.0,0.0,0.0,0.0,0.0,0.0
19260,"Sotillo, El",municipio,0.0,0.0,0.0,0.0,0.0,0.0,0.0,0.0,0.0,0.0,0.0,0.0,0.0,0.0
19261,Sotodosos,municipio,0.0,0.0,0.0,0.0,0.0,0.0,0.0,0.0,0.0,0.0,0.0,0.0,0.0,0.0
19262,Tamajón,municipio,0.0,0.0,0.0,0.0,0.0,0.0,0.0,0.0,0.0,0.0,0.0,0.0,0.0,0.0
19263,Taragudo,municipio,0.0,0.0,0.0,0.0,0.0,0.0,0.0,0.0,0.0,0.0,0.0,0.0,0.0,0.0
19264,Taravilla,municipio,0.0,0.0,0.0,0.0,0.0,0.0,0.0,0.0,0.0,0.0,0.0,0.0,0.0,0.0
19265,Tartanedo,municipio,0.0,0.0,0.0,0.0,0.0,0.0,0.0,0.0,0.0,0.0,0.0,0.0,0.0,0.0
19266,Tendilla,municipio,0.0,0.0,0.0,0.0,0.0,0.0,0.0,0.0,0.0,0.0,0.0,0.0,0.0,0.0
19267,Terzaga,municipio,0.0,0.0,0.0,0.0,0.0,0.0,0.0,0.0,0.0,0.0,0.0,0.0,0.0,0.0
19268,Tierzo,municipio,0.0,0.0,0.0,0.0,0.0,0.0,0.0,0.0,0.0,0.0,0.0,0.0,0.0,0.0
19269,"Toba, La",municipio,0.0,0.0,0.0,0.0,0.0,0.0,0.0,0.0,0.0,0.0,0.0,0.0,0.0,0.0
19270,Tordelrábano,municipio,0.0,0.0,0.0,0.0,0.0,0.0,0.0,0.0,0.0,0.0,0.0,0.0,0.0,0.0
19271,Tordellego,municipio,0.0,0.0,0.0,0.0,0.0,0.0,0.0,0.0,0.0,0.0,0.0,0.0,0.0,0.0
19272,Tordesilos,municipio,0.0,0.0,0.0,0.0,0.0,0.0,0.0,0.0,0.0,0.0,0.0,0.0,0.0,0.0
19274,Torija,municipio,20.0,17.0,19.0,22.0,24.0,27.0,25.0,25.0,25.0,27.0,27.0,22.0,19.0,25.0
19277,Torrecuadrada de Molina,municipio,0.0,0.0,0.0,0.0,0.0,0.0,0.0,0.0,0.0,0.0,0.0,0.0,0.0,0.0
19278,Torrecuadradilla,municipio,0.0,0.0,0.0,0.0,0.0,0.0,0.0,0.0,0.0,0.0,0.0,0.0,0.0,0.0
19279,Torre del Burgo,municipio,0.0,0.0,0.0,0.0,0.0,0.0,0.0,0.0,0.0,0.0,0.0,0.0,0.0,0.0
19280,Torrejón del Rey,municipio,114.0,122.0,109.0,112.0,114.0,109.0,115.0,113.0,109.0,115.0,112.0,99.0,105.0,98.0
19281,Torremocha de Jadraque,municipio,0.0,0.0,0.0,0.0,0.0,0.0,0.0,0.0,0.0,0.0,0.0,0.0,0.0,0.0
19282,Torremocha del Campo,municipio,0.0,0.0,0.0,0.0,0.0,0.0,0.0,0.0,0.0,0.0,0.0,0.0,0.0,0.0
19283,Torremocha del Pinar,municipio,0.0,0.0,0.0,0.0,0.0,0.0,0.0,0.0,0.0,0.0,0.0,0.0,0.0,0.0
19284,Torremochuela,municipio,0.0,0.0,0.0,0.0,0.0,0.0,0.0,0.0,0.0,0.0,0.0,0.0,0.0,0.0
19285,Torrubia,municipio,0.0,0.0,0.0,0.0,0.0,0.0,0.0,0.0,0.0,0.0,0.0,0.0,0.0,0.0
19286,Tórtola de Henares,municipio,0.0,0.0,0.0,0.0,0.0,0.0,0.0,25.0,18.0,18.0,17.0,20.0,19.0,20.0
19287,Tortuera,municipio,0.0,0.0,0.0,0.0,0.0,0.0,0.0,0.0,0.0,0.0,0.0,0.0,0.0,0.0
19288,Tortuero,municipio,0.0,0.0,0.0,0.0,0.0,0.0,0.0,0.0,0.0,0.0,0.0,0.0,0.0,0.0
19289,Traíd,municipio,0.0,0.0,0.0,0.0,0.0,0.0,0.0,0.0,0.0,0.0,0.0,0.0,0.0,0.0
19290,Trijueque,municipio,25.0,21.0,16.0,16.0,16.0,19.0,23.0,22.0,24.0,26.0,27.0,31.0,33.0,45.0
19291,Trillo,municipio,19.0,21.0,19.0,19.0,13.0,13.0,15.0,15.0,15.0,12.0,14.0,16.0,18.0,17.0
19293,Uceda,municipio,57.0,59.0,62.0,61.0,58.0,58.0,56.0,47.0,55.0,56.0,56.0,58.0,48.0,49.0
19294,Ujados,municipio,0.0,0.0,0.0,0.0,0.0,0.0,0.0,0.0,0.0,0.0,0.0,0.0,0.0,0.0
19296,Utande,municipio,0.0,0.0,0.0,0.0,0.0,0.0,0.0,0.0,0.0,0.0,0.0,0.0,0.0,0.0
19297,Valdarachas,municipio,0.0,0.0,0.0,0.0,0.0,0.0,0.0,0.0,0.0,0.0,0.0,0.0,0.0,0.0
19298,Valdearenas,municipio,0.0,0.0,0.0,0.0,0.0,0.0,0.0,0.0,0.0,0.0,0.0,0.0,0.0,0.0
19299,Valdeavellano,municipio,0.0,0.0,0.0,0.0,0.0,0.0,0.0,0.0,0.0,0.0,0.0,0.0,0.0,0.0
19300,Valdeaveruelo,municipio,22.0,23.0,21.0,25.0,23.0,26.0,26.0,27.0,23.0,26.0,25.0,25.0,26.0,23.0
19301,Valdeconcha,municipio,0.0,0.0,0.0,0.0,0.0,0.0,0.0,0.0,0.0,0.0,0.0,0.0,0.0,0.0
19302,Valdegrudas,municipio,0.0,0.0,0.0,0.0,0.0,0.0,0.0,0.0,0.0,0.0,0.0,0.0,0.0,0.0
19303,Valdelcubo,municipio,0.0,0.0,0.0,0.0,0.0,0.0,0.0,0.0,0.0,0.0,0.0,0.0,0.0,0.0
19304,Valdenuño Fernández,municipio,0.0,0.0,0.0,0.0,0.0,0.0,0.0,0.0,0.0,0.0,0.0,0.0,0.0,0.0
19305,Valdepeñas de la Sierra,municipio,0.0,0.0,0.0,0.0,0.0,0.0,0.0,0.0,0.0,0.0,0.0,0.0,0.0,0.0
19306,Valderrebollo,municipio,0.0,0.0,0.0,0.0,0.0,0.0,0.0,0.0,0.0,0.0,0.0,0.0,0.0,0.0
19307,Valdesotos,municipio,0.0,0.0,0.0,0.0,0.0,0.0,0.0,0.0,0.0,0.0,0.0,0.0,0.0,0.0
19308,Valfermoso de Tajuña,municipio,0.0,0.0,0.0,0.0,0.0,0.0,0.0,0.0,0.0,0.0,0.0,0.0,0.0,0.0
19309,Valhermoso,municipio,0.0,0.0,0.0,0.0,0.0,0.0,0.0,0.0,0.0,0.0,0.0,0.0,0.0,0.0
19310,Valtablado del Río,municipio,0.0,0.0,0.0,0.0,0.0,0.0,0.0,0.0,0.0,0.0,0.0,0.0,0.0,0.0
19311,Valverde de los Arroyos,municipio,0.0,0.0,0.0,0.0,0.0,0.0,0.0,0.0,0.0,0.0,0.0,0.0,0.0,0.0
19314,Viana de Jadraque,municipio,0.0,0.0,0.0,0.0,0.0,0.0,0.0,0.0,0.0,0.0,0.0,0.0,0.0,0.0
19317,Villanueva de Alcorón,municipio,0.0,0.0,0.0,0.0,0.0,0.0,0.0,0.0,0.0,0.0,0.0,0.0,0.0,0.0
19318,Villanueva de Argecilla,municipio,0.0,0.0,0.0,0.0,0.0,0.0,0.0,0.0,0.0,0.0,0.0,0.0,0.0,0.0
19319,Villanueva de la Torre,municipio,140.0,134.0,126.0,138.0,127.0,130.0,116.0,112.0,105.0,109.0,115.0,109.0,108.0,102.0
19321,Villares de Jadraque,municipio,0.0,0.0,0.0,0.0,0.0,0.0,0.0,0.0,0.0,0.0,0.0,0.0,0.0,0.0
19322,Villaseca de Henares,municipio,0.0,0.0,0.0,0.0,0.0,0.0,0.0,0.0,0.0,0.0,0.0,0.0,0.0,0.0
19323,Villaseca de Uceda,municipio,0.0,0.0,0.0,0.0,0.0,0.0,0.0,0.0,0.0,0.0,0.0,0.0,0.0,0.0
19324,Villel de Mesa,municipio,0.0,0.0,0.0,0.0,0.0,0.0,0.0,0.0,0.0,0.0,0.0,0.0,0.0,0.0
19325,Viñuelas,municipio,0.0,0.0,0.0,0.0,0.0,0.0,0.0,0.0,0.0,0.0,0.0,0.0,0.0,0.0
19326,Yebes,municipio,22.0,23.0,26.0,22.0,31.0,40.0,42.0,42.0,53.0,64.0,62.0,57.0,70.0,59.0
19327,Yebra,municipio,0.0,0.0,0.0,0.0,0.0,0.0,0.0,0.0,0.0,0.0,0.0,0.0,0.0,0.0
19329,Yélamos de Abajo,municipio,0.0,0.0,0.0,0.0,0.0,0.0,0.0,0.0,0.0,0.0,0.0,0.0,0.0,0.0
19330,Yélamos de Arriba,municipio,0.0,0.0,0.0,0.0,0.0,0.0,0.0,0.0,0.0,0.0,0.0,0.0,0.0,0.0
19331,Yunquera de Henares,municipio,75.0,72.0,59.0,64.0,63.0,65.0,77.0,76.0,70.0,78.0,71.0,66.0,66.0,60.0
19332,"Yunta, La",municipio,0.0,0.0,0.0,0.0,0.0,0.0,0.0,0.0,0.0,0.0,0.0,0.0,0.0,0.0
19333,Zaorejas,municipio,0.0,0.0,0.0,0.0,0.0,0.0,0.0,0.0,0.0,0.0,0.0,0.0,0.0,0.0
19334,Zarzuela de Jadraque,municipio,0.0,0.0,0.0,0.0,0.0,0.0,0.0,0.0,0.0,0.0,0.0,0.0,0.0,0.0
19335,Zorita de los Canes,municipio,0.0,0.0,0.0,0.0,0.0,0.0,0.0,0.0,0.0,0.0,0.0,0.0,0.0,0.0
19901,Semillas,municipio,0.0,0.0,0.0,0.0,0.0,0.0,0.0,0.0,0.0,0.0,0.0,0.0,0.0,0.0
19,Guadalajara,provincia,5182.0,5168.0,4982.0,5074.0,5005.0,4941.0,4971.0,4855.0,4880.0,4840.0,4865.0,4632.0,4647.0,4651.0
20001,Abaltzisketa,municipio,0.0,0.0,0.0,0.0,0.0,0.0,0.0,0.0,0.0,0.0,0.0,0.0,0.0,0.0
20002,Aduna,municipio,0.0,0.0,0.0,0.0,0.0,0.0,0.0,0.0,0.0,0.0,0.0,0.0,0.0,0.0
20003,Aizarnazabal,municipio,0.0,0.0,0.0,0.0,0.0,0.0,0.0,0.0,0.0,0.0,0.0,0.0,0.0,0.0
20004,Albiztur,municipio,0.0,0.0,0.0,0.0,0.0,0.0,0.0,0.0,0.0,0.0,0.0,0.0,0.0,0.0
20005,Alegia,municipio,45.0,54.0,54.0,52.0,53.0,40.0,43.0,36.0,33.0,34.0,38.0,35.0,38.0,38.0
20006,Alkiza,municipio,0.0,0.0,0.0,0.0,0.0,0.0,0.0,0.0,0.0,0.0,0.0,0.0,0.0,0.0
20007,Altzo,municipio,0.0,0.0,0.0,0.0,0.0,0.0,0.0,0.0,0.0,0.0,0.0,0.0,0.0,0.0
20008,Amezketa,municipio,0.0,0.0,0.0,0.0,0.0,0.0,0.0,0.0,0.0,0.0,0.0,0.0,0.0,0.0
20009,Andoain,municipio,388.0,388.0,370.0,369.0,373.0,342.0,336.0,340.0,337.0,322.0,306.0,293.0,286.0,271.0
20010,Anoeta,municipio,56.0,55.0,53.0,53.0,56.0,55.0,64.0,59.0,60.0,58.0,59.0,56.0,53.0,51.0
20011,Antzuola,municipio,37.0,40.0,40.0,43.0,43.0,37.0,37.0,35.0,35.0,33.0,35.0,38.0,40.0,33.0
20012,Arama,municipio,0.0,0.0,0.0,0.0,0.0,0.0,0.0,0.0,0.0,0.0,0.0,0.0,0.0,0.0
20013,Aretxabaleta,municipio,112.0,111.0,114.0,112.0,116.0,108.0,119.0,119.0,120.0,109.0,103.0,101.0,97.0,91.0
20014,Asteasu,municipio,67.0,65.0,59.0,57.0,59.0,55.0,57.0,54.0,61.0,60.0,59.0,54.0,54.0,52.0
20015,Ataun,municipio,36.0,39.0,41.0,41.0,40.0,35.0,37.0,31.0,33.0,30.0,29.0,25.0,25.0,21.0
20016,Aia,municipio,65.0,64.0,67.0,67.0,70.0,68.0,68.0,73.0,71.0,64.0,63.0,56.0,57.0,61.0
20017,Azkoitia,municipio,232.0,237.0,232.0,222.0,232.0,204.0,213.0,212.0,209.0,196.0,197.0,182.0,186.0,168.0
20018,Azpeitia,municipio,446.0,439.0,429.0,420.0,429.0,391.0,410.0,405.0,398.0,384.0,375.0,367.0,351.0,358.0
20019,Beasain,municipio,357.0,338.0,332.0,326.0,337.0,302.0,319.0,309.0,294.0,287.0,281.0,261.0,243.0,240.0
20020,Beizama,municipio,0.0,0.0,0.0,0.0,0.0,0.0,0.0,0.0,0.0,0.0,0.0,0.0,0.0,0.0
20021,Belauntza,municipio,0.0,0.0,0.0,0.0,0.0,0.0,0.0,0.0,0.0,0.0,0.0,0.0,0.0,0.0
20022,Berastegi,municipio,23.0,24.0,22.0,27.0,26.0,24.0,24.0,23.0,21.0,21.0,22.0,23.0,21.0,23.0
20023,Berrobi,municipio,0.0,0.0,0.0,0.0,0.0,0.0,0.0,0.0,0.0,0.0,0.0,0.0,0.0,0.0
20024,Bidania-Goiatz,municipio,0.0,0.0,0.0,0.0,0.0,0.0,0.0,0.0,0.0,0.0,0.0,0.0,0.0,0.0
20025,Zegama,municipio,34.0,32.0,31.0,36.0,36.0,36.0,33.0,36.0,39.0,37.0,35.0,32.0,35.0,31.0
20026,Zerain,municipio,0.0,0.0,0.0,0.0,0.0,0.0,0.0,0.0,0.0,0.0,0.0,0.0,0.0,0.0
20027,Zestoa,municipio,92.0,96.0,93.0,106.0,105.0,101.0,102.0,104.0,98.0,92.0,94.0,93.0,96.0,96.0
20028,Zizurkil,municipio,82.0,80.0,72.0,70.0,73.0,64.0,66.0,63.0,61.0,57.0,61.0,56.0,52.0,55.0
20029,Deba,municipio,177.0,176.0,175.0,176.0,179.0,152.0,153.0,155.0,163.0,159.0,163.0,153.0,144.0,132.0
20030,Eibar,municipio,675.0,656.0,639.0,639.0,659.0,587.0,607.0,598.0,567.0,573.0,559.0,521.0,515.0,497.0
20031,Elduain,municipio,0.0,0.0,0.0,0.0,0.0,0.0,0.0,0.0,0.0,0.0,0.0,0.0,0.0,0.0
20032,Elgoibar,municipio,310.0,304.0,287.0,290.0,296.0,265.0,262.0,244.0,243.0,231.0,230.0,218.0,214.0,220.0
20033,Elgeta,municipio,34.0,35.0,35.0,38.0,39.0,35.0,35.0,33.0,31.0,31.0,30.0,30.0,32.0,36.0
20034,Eskoriatza,municipio,79.0,79.0,71.0,72.0,74.0,70.0,75.0,68.0,67.0,67.0,76.0,71.0,71.0,69.0
20035,Ezkio-Itsaso,municipio,0.0,0.0,0.0,0.0,0.0,0.0,0.0,0.0,0.0,0.0,0.0,0.0,0.0,0.0
20036,Hondarribia,municipio,468.0,470.0,449.0,445.0,455.0,440.0,450.0,445.0,422.0,417.0,429.0,401.0,404.0,393.0
20037,Gaintza,municipio,0.0,0.0,0.0,0.0,0.0,0.0,0.0,0.0,0.0,0.0,0.0,0.0,0.0,0.0
20038,Gabiria,municipio,0.0,0.0,0.0,0.0,0.0,0.0,0.0,0.0,0.0,0.0,0.0,0.0,0.0,0.0
20039,Getaria,municipio,84.0,91.0,89.0,92.0,94.0,88.0,91.0,84.0,85.0,84.0,84.0,79.0,80.0,80.0
20040,Hernani,municipio,558.0,541.0,549.0,550.0,560.0,498.0,513.0,495.0,496.0,466.0,463.0,455.0,441.0,410.0
20041,Hernialde,municipio,0.0,0.0,0.0,0.0,0.0,0.0,0.0,0.0,0.0,0.0,0.0,0.0,0.0,0.0
20042,Ibarra,municipio,123.0,119.0,117.0,108.0,106.0,94.0,96.0,94.0,93.0,92.0,87.0,85.0,84.0,84.0
20043,Idiazabal,municipio,70.0,63.0,61.0,58.0,60.0,57.0,63.0,60.0,59.0,52.0,52.0,50.0,53.0,48.0
20044,Ikaztegieta,municipio,0.0,0.0,0.0,0.0,0.0,0.0,0.0,0.0,0.0,0.0,0.0,0.0,0.0,0.0
20045,Irun,municipio,2357.0,2210.0,2093.0,2067.0,2127.0,1877.0,1939.0,1888.0,1851.0,1717.0,1724.0,1648.0,1615.0,1571.0
20046,Irura,municipio,61.0,56.0,56.0,62.0,61.0,61.0,60.0,58.0,64.0,64.0,60.0,56.0,55.0,60.0
20047,Itsasondo,municipio,0.0,0.0,0.0,0.0,0.0,0.0,0.0,0.0,0.0,0.0,0.0,0.0,0.0,0.0
20048,Larraul,municipio,0.0,0.0,0.0,0.0,0.0,0.0,0.0,0.0,0.0,0.0,0.0,0.0,0.0,0.0
20049,Lazkao,municipio,124.0,124.0,126.0,118.0,122.0,113.0,117.0,118.0,115.0,118.0,113.0,109.0,116.0,116.0
20050,Leaburu,municipio,0.0,0.0,0.0,0.0,0.0,0.0,0.0,0.0,0.0,0.0,0.0,0.0,0.0,0.0
20051,Legazpi,municipio,191.0,187.0,187.0,181.0,181.0,156.0,160.0,151.0,157.0,140.0,141.0,143.0,132.0,135.0
20052,Legorreta,municipio,37.0,37.0,36.0,35.0,36.0,35.0,35.0,29.0,29.0,30.0,30.0,31.0,33.0,29.0
20053,Lezo,municipio,210.0,209.0,200.0,199.0,205.0,193.0,200.0,192.0,188.0,183.0,181.0,170.0,162.0,169.0
20054,Lizartza,municipio,0.0,0.0,0.0,0.0,0.0,0.0,0.0,0.0,0.0,0.0,0.0,0.0,0.0,0.0
20055,Arrasate/Mondragón,municipio,456.0,441.0,409.0,419.0,428.0,384.0,405.0,404.0,390.0,372.0,391.0,376.0,369.0,350.0
20056,Mutriku,municipio,132.0,121.0,121.0,116.0,120.0,112.0,123.0,119.0,117.0,106.0,112.0,107.0,109.0,109.0
20057,Mutiloa,municipio,0.0,0.0,0.0,0.0,0.0,0.0,0.0,0.0,0.0,0.0,0.0,0.0,0.0,0.0
20058,Olaberria,municipio,0.0,0.0,0.0,0.0,0.0,0.0,0.0,0.0,0.0,0.0,0.0,0.0,0.0,0.0
20059,Oñati,municipio,219.0,218.0,215.0,200.0,209.0,199.0,211.0,206.0,208.0,199.0,202.0,189.0,184.0,174.0
20060,Orexa,municipio,0.0,0.0,0.0,0.0,0.0,0.0,0.0,0.0,0.0,0.0,0.0,0.0,0.0,0.0
20061,Orio,municipio,133.0,143.0,137.0,139.0,140.0,137.0,139.0,137.0,134.0,130.0,129.0,131.0,135.0,137.0
20062,Ormaiztegi,municipio,43.0,40.0,38.0,38.0,40.0,36.0,43.0,37.0,41.0,37.0,38.0,32.0,34.0,35.0
20063,Oiartzun,municipio,462.0,448.0,425.0,429.0,444.0,441.0,443.0,429.0,411.0,398.0,389.0,366.0,357.0,348.0
20064,Pasaia,municipio,448.0,444.0,411.0,403.0,417.0,390.0,403.0,382.0,380.0,367.0,364.0,339.0,345.0,342.0
20065,Soraluze-Placencia de las Armas,municipio,84.0,77.0,71.0,76.0,78.0,69.0,74.0,71.0,68.0,65.0,68.0,66.0,60.0,60.0
20066,Errezil,municipio,0.0,0.0,0.0,0.0,0.0,0.0,0.0,0.0,0.0,0.0,0.0,0.0,0.0,0.0
20067,Errenteria,municipio,908.0,906.0,897.0,883.0,905.0,811.0,830.0,837.0,816.0,774.0,752.0,714.0,714.0,683.0
20068,Leintz-Gatzaga,municipio,0.0,0.0,0.0,0.0,0.0,0.0,0.0,0.0,0.0,0.0,0.0,0.0,0.0,0.0
20069,Donostia/San Sebastián,municipio,5802.0,5627.0,5521.0,5418.0,5518.0,5032.0,5204.0,5016.0,4993.0,4809.0,4767.0,4537.0,4512.0,4460.0
20070,Segura,municipio,28.0,28.0,27.0,29.0,30.0,26.0,27.0,24.0,24.0,21.0,19.0,20.0,16.0,17.0
20071,Tolosa,municipio,561.0,553.0,526.0,506.0,501.0,478.0,481.0,475.0,462.0,428.0,408.0,382.0,380.0,373.0
20072,Urnieta,municipio,203.0,207.0,207.0,213.0,217.0,214.0,228.0,212.0,199.0,190.0,193.0,182.0,165.0,163.0
20073,Usurbil,municipio,207.0,203.0,207.0,197.0,201.0,192.0,190.0,189.0,184.0,182.0,181.0,169.0,163.0,162.0
20074,Bergara,municipio,393.0,382.0,377.0,367.0,375.0,335.0,353.0,335.0,329.0,306.0,312.0,283.0,272.0,269.0
20075,Villabona,municipio,162.0,153.0,141.0,138.0,142.0,123.0,122.0,115.0,109.0,108.0,110.0,98.0,98.0,97.0
20076,Ordizia,municipio,225.0,223.0,225.0,223.0,227.0,202.0,206.0,203.0,203.0,194.0,191.0,170.0,178.0,188.0
20077,Urretxu,municipio,199.0,200.0,198.0,198.0,204.0,183.0,186.0,181.0,174.0,165.0,166.0,160.0,153.0,150.0
20078,Zaldibia,municipio,33.0,39.0,39.0,41.0,41.0,42.0,41.0,38.0,39.0,33.0,34.0,30.0,32.0,32.0
20079,Zarautz,municipio,716.0,719.0,706.0,680.0,694.0,642.0,674.0,640.0,629.0,603.0,588.0,556.0,552.0,533.0
20080,Zumarraga,municipio,236.0,241.0,231.0,225.0,227.0,205.0,212.0,211.0,208.0,194.0,200.0,195.0,185.0,185.0
20081,Zumaia,municipio,238.0,240.0,237.0,240.0,247.0,235.0,242.0,240.0,228.0,217.0,219.0,208.0,198.0,195.0
20901,Mendaro,municipio,41.0,42.0,44.0,41.0,42.0,44.0,46.0,44.0,43.0,41.0,38.0,33.0,30.0,31.0
20902,Lasarte-Oria,municipio,456.0,448.0,439.0,426.0,437.0,390.0,405.0,393.0,398.0,394.0,390.0,366.0,374.0,382.0
20903,Astigarraga,municipio,269.0,268.0,268.0,286.0,288.0,273.0,286.0,290.0,288.0,276.0,286.0,279.0,269.0,278.0
20904,Baliarrain,municipio,0.0,0.0,0.0,0.0,0.0,0.0,0.0,0.0,0.0,0.0,0.0,0.0,0.0,0.0
20905,Orendain,municipio,0.0,0.0,0.0,0.0,0.0,0.0,0.0,0.0,0.0,0.0,0.0,0.0,0.0,0.0
20906,Altzaga,municipio,0.0,0.0,0.0,0.0,0.0,0.0,0.0,0.0,0.0,0.0,0.0,0.0,0.0,0.0
20907,Gaztelu,municipio,0.0,0.0,0.0,0.0,0.0,0.0,0.0,0.0,0.0,0.0,0.0,0.0,0.0,0.0
20,Gipuzkoa,provincia,20675.0,20229.0,19674.0,19456.0,19878.0,18136.0,18726.0,18205.0,17925.0,17147.0,17066.0,16191.0,15981.0,15690.0
21001,Alájar,municipio,0.0,0.0,0.0,0.0,0.0,0.0,0.0,0.0,0.0,0.0,0.0,0.0,0.0,0.0
21002,Aljaraque,municipio,424.0,419.0,422.0,429.0,417.0,427.0,394.0,405.0,397.0,398.0,404.0,396.0,404.0,404.0
21003,"Almendro, El",municipio,0.0,0.0,0.0,0.0,0.0,0.0,0.0,0.0,0.0,0.0,0.0,0.0,0.0,0.0
21004,Almonaster la Real,municipio,45.0,45.0,42.0,38.0,36.0,34.0,34.0,36.0,42.0,40.0,39.0,42.0,41.0,39.0
21005,Almonte,municipio,550.0,547.0,538.0,529.0,528.0,545.0,544.0,557.0,598.0,590.0,624.0,595.0,581.0,605.0
21006,Alosno,municipio,87.0,79.0,76.0,72.0,70.0,67.0,67.0,67.0,69.0,65.0,62.0,60.0,61.0,69.0
21007,Aracena,municipio,276.0,274.0,264.0,255.0,256.0,272.0,277.0,268.0,280.0,270.0,280.0,274.0,264.0,262.0
21008,Aroche,municipio,65.0,64.0,65.0,71.0,63.0,65.0,64.0,65.0,68.0,67.0,65.0,61.0,63.0,57.0
21009,Arroyomolinos de León,municipio,24.0,23.0,21.0,0.0,26.0,0.0,0.0,0.0,0.0,0.0,0.0,0.0,0.0,0.0
21010,Ayamonte,municipio,557.0,547.0,542.0,542.0,526.0,535.0,534.0,551.0,553.0,543.0,548.0,520.0,529.0,533.0
21011,Beas,municipio,92.0,99.0,93.0,97.0,99.0,99.0,103.0,98.0,96.0,99.0,97.0,90.0,82.0,75.0
21012,Berrocal,municipio,0.0,0.0,0.0,0.0,0.0,0.0,0.0,0.0,0.0,0.0,0.0,0.0,0.0,0.0
21013,Bollullos Par del Condado,municipio,328.0,322.0,316.0,328.0,325.0,339.0,321.0,334.0,318.0,308.0,321.0,318.0,300.0,300.0
21014,Bonares,municipio,133.0,135.0,130.0,129.0,131.0,137.0,129.0,125.0,135.0,129.0,133.0,129.0,124.0,126.0
21015,Cabezas Rubias,municipio,0.0,0.0,0.0,0.0,0.0,0.0,0.0,0.0,0.0,0.0,0.0,0.0,0.0,0.0
21016,Cala,municipio,32.0,30.0,22.0,23.0,25.0,25.0,27.0,29.0,33.0,31.0,30.0,25.0,24.0,23.0
21017,Calañas,municipio,106.0,98.0,93.0,92.0,89.0,91.0,87.0,89.0,94.0,89.0,89.0,73.0,76.0,77.0
21018,"Campillo, El",municipio,42.0,43.0,37.0,36.0,35.0,36.0,41.0,39.0,44.0,41.0,43.0,38.0,37.0,37.0
21019,Campofrío,municipio,0.0,0.0,0.0,0.0,0.0,0.0,0.0,0.0,0.0,0.0,0.0,0.0,0.0,0.0
21020,Cañaveral de León,municipio,0.0,0.0,0.0,0.0,0.0,0.0,0.0,0.0,0.0,0.0,0.0,0.0,0.0,0.0
21021,Cartaya,municipio,396.0,371.0,370.0,387.0,393.0,396.0,383.0,381.0,402.0,408.0,421.0,432.0,425.0,432.0
21022,Castaño del Robledo,municipio,0.0,0.0,0.0,0.0,0.0,0.0,0.0,0.0,0.0,0.0,0.0,0.0,0.0,0.0
21023,"Cerro de Andévalo, El",municipio,68.0,70.0,72.0,69.0,69.0,68.0,63.0,60.0,61.0,65.0,63.0,67.0,63.0,55.0
21024,Corteconcepción,municipio,0.0,0.0,0.0,0.0,0.0,0.0,0.0,0.0,0.0,0.0,0.0,0.0,0.0,0.0
21025,Cortegana,municipio,126.0,127.0,115.0,123.0,125.0,118.0,122.0,128.0,119.0,114.0,114.0,112.0,108.0,100.0
21026,Cortelazor,municipio,0.0,0.0,0.0,0.0,0.0,0.0,0.0,0.0,0.0,0.0,0.0,0.0,0.0,0.0
21027,Cumbres de Enmedio,municipio,0.0,0.0,0.0,0.0,0.0,0.0,0.0,0.0,0.0,0.0,0.0,0.0,0.0,0.0
21028,Cumbres de San Bartolomé,municipio,0.0,0.0,0.0,0.0,0.0,0.0,0.0,0.0,0.0,0.0,0.0,0.0,0.0,0.0
21029,Cumbres Mayores,municipio,61.0,59.0,57.0,55.0,56.0,58.0,55.0,54.0,53.0,55.0,54.0,57.0,56.0,52.0
21030,Chucena,municipio,40.0,43.0,44.0,38.0,41.0,41.0,44.0,47.0,45.0,43.0,44.0,44.0,41.0,38.0
21031,Encinasola,municipio,38.0,38.0,34.0,39.0,38.0,35.0,33.0,32.0,33.0,32.0,29.0,29.0,28.0,28.0
21032,Escacena del Campo,municipio,53.0,57.0,56.0,53.0,51.0,54.0,52.0,50.0,52.0,52.0,57.0,55.0,53.0,52.0
21033,Fuenteheridos,municipio,0.0,0.0,0.0,0.0,0.0,0.0,0.0,0.0,0.0,0.0,0.0,0.0,0.0,0.0
21034,Galaroza,municipio,52.0,52.0,45.0,44.0,48.0,49.0,45.0,46.0,45.0,40.0,41.0,38.0,38.0,39.0
21035,Gibraleón,municipio,232.0,244.0,240.0,241.0,244.0,226.0,221.0,217.0,223.0,236.0,241.0,232.0,236.0,240.0
21036,"Granada de Río-Tinto, La",municipio,0.0,0.0,0.0,0.0,0.0,0.0,0.0,0.0,0.0,0.0,0.0,0.0,0.0,0.0
21037,"Granado, El",municipio,0.0,0.0,0.0,0.0,0.0,0.0,0.0,0.0,0.0,0.0,0.0,0.0,0.0,0.0
21038,Higuera de la Sierra,municipio,38.0,34.0,34.0,27.0,27.0,30.0,32.0,28.0,32.0,31.0,37.0,33.0,38.0,35.0
21039,Hinojales,municipio,0.0,0.0,0.0,0.0,0.0,0.0,0.0,0.0,0.0,0.0,0.0,0.0,0.0,0.0
21040,Hinojos,municipio,78.0,84.0,73.0,73.0,78.0,76.0,72.0,78.0,74.0,70.0,73.0,70.0,65.0,68.0
21041,Huelva,municipio,3168.0,3109.0,3041.0,3033.0,3005.0,3030.0,3061.0,2994.0,2972.0,2952.0,2996.0,2743.0,2704.0,2731.0
21042,Isla Cristina,municipio,502.0,483.0,453.0,451.0,441.0,456.0,461.0,465.0,450.0,463.0,480.0,453.0,456.0,446.0
21043,Jabugo,municipio,68.0,68.0,62.0,60.0,57.0,58.0,62.0,56.0,62.0,56.0,58.0,63.0,56.0,55.0
21044,Lepe,municipio,576.0,576.0,573.0,587.0,572.0,581.0,566.0,599.0,632.0,635.0,651.0,610.0,603.0,597.0
21045,Linares de la Sierra,municipio,0.0,0.0,0.0,0.0,0.0,0.0,0.0,0.0,0.0,0.0,0.0,0.0,0.0,0.0
21046,Lucena del Puerto,municipio,38.0,41.0,46.0,49.0,46.0,49.0,49.0,52.0,52.0,53.0,57.0,52.0,50.0,53.0
21047,Manzanilla,municipio,64.0,68.0,57.0,52.0,48.0,53.0,52.0,51.0,54.0,59.0,60.0,60.0,55.0,58.0
21048,"Marines, Los",municipio,0.0,0.0,0.0,0.0,0.0,0.0,0.0,0.0,0.0,0.0,0.0,0.0,0.0,0.0
21049,Minas de Riotinto,municipio,67.0,64.0,62.0,58.0,59.0,56.0,56.0,47.0,48.0,50.0,52.0,55.0,49.0,50.0
21050,Moguer,municipio,427.0,411.0,411.0,392.0,401.0,402.0,414.0,416.0,424.0,433.0,439.0,378.0,388.0,394.0
21051,"Nava, La",municipio,0.0,0.0,0.0,0.0,0.0,0.0,0.0,0.0,0.0,0.0,0.0,0.0,0.0,0.0
21052,Nerva,municipio,150.0,144.0,143.0,145.0,135.0,134.0,128.0,128.0,130.0,129.0,125.0,124.0,115.0,111.0
21053,Niebla,municipio,113.0,110.0,109.0,108.0,118.0,116.0,121.0,125.0,117.0,116.0,110.0,102.0,106.0,96.0
21054,"Palma del Condado, La",municipio,264.0,259.0,262.0,251.0,234.0,252.0,251.0,252.0,237.0,243.0,241.0,234.0,238.0,252.0
21055,Palos de la Frontera,municipio,217.0,213.0,212.0,207.0,208.0,228.0,243.0,218.0,245.0,244.0,266.0,257.0,242.0,248.0
21056,Paterna del Campo,municipio,63.0,65.0,60.0,62.0,69.0,70.0,66.0,74.0,77.0,77.0,78.0,71.0,71.0,67.0
21057,Paymogo,municipio,27.0,26.0,27.0,27.0,27.0,26.0,23.0,25.0,24.0,25.0,27.0,25.0,24.0,23.0
21058,Puebla de Guzmán,municipio,74.0,77.0,78.0,87.0,77.0,71.0,74.0,72.0,80.0,75.0,76.0,67.0,63.0,66.0
21059,Puerto Moral,municipio,0.0,0.0,0.0,0.0,0.0,0.0,0.0,0.0,0.0,0.0,0.0,0.0,0.0,0.0
21060,Punta Umbría,municipio,398.0,374.0,354.0,361.0,377.0,391.0,376.0,391.0,410.0,420.0,438.0,426.0,412.0,398.0
21061,Rociana del Condado,municipio,116.0,110.0,116.0,114.0,125.0,125.0,118.0,124.0,126.0,135.0,132.0,125.0,136.0,144.0
21062,Rosal de la Frontera,municipio,53.0,54.0,55.0,55.0,57.0,58.0,59.0,55.0,53.0,45.0,44.0,41.0,43.0,45.0
21063,San Bartolomé de la Torre,municipio,82.0,70.0,73.0,70.0,67.0,56.0,59.0,63.0,66.0,65.0,60.0,63.0,62.0,57.0
21064,San Juan del Puerto,municipio,231.0,211.0,208.0,206.0,207.0,216.0,225.0,224.0,230.0,221.0,220.0,198.0,208.0,203.0
21065,Sanlúcar de Guadiana,municipio,0.0,0.0,0.0,0.0,0.0,0.0,0.0,0.0,0.0,0.0,0.0,0.0,0.0,0.0
21066,San Silvestre de Guzmán,municipio,0.0,0.0,0.0,0.0,0.0,0.0,0.0,0.0,0.0,0.0,0.0,0.0,0.0,0.0
21067,Santa Ana la Real,municipio,0.0,0.0,0.0,0.0,0.0,0.0,0.0,0.0,0.0,0.0,0.0,0.0,0.0,0.0
21068,Santa Bárbara de Casa,municipio,32.0,33.0,32.0,30.0,26.0,24.0,27.0,25.0,26.0,26.0,27.0,26.0,30.0,28.0
21069,Santa Olalla del Cala,municipio,72.0,70.0,70.0,72.0,68.0,70.0,66.0,62.0,67.0,64.0,69.0,66.0,62.0,61.0
21070,Trigueros,municipio,188.0,184.0,180.0,171.0,170.0,176.0,178.0,199.0,191.0,191.0,183.0,169.0,160.0,159.0
21071,Valdelarco,municipio,0.0,0.0,0.0,0.0,0.0,0.0,0.0,0.0,0.0,0.0,0.0,0.0,0.0,0.0
21072,Valverde del Camino,municipio,322.0,307.0,303.0,299.0,300.0,277.0,276.0,279.0,279.0,278.0,275.0,272.0,270.0,253.0
21073,Villablanca,municipio,64.0,65.0,67.0,67.0,72.0,68.0,73.0,69.0,69.0,66.0,68.0,67.0,66.0,65.0
21074,Villalba del Alcor,municipio,79.0,85.0,84.0,84.0,80.0,80.0,78.0,81.0,86.0,86.0,86.0,86.0,85.0,87.0
21075,Villanueva de las Cruces,municipio,0.0,0.0,0.0,0.0,0.0,0.0,0.0,0.0,0.0,0.0,0.0,0.0,0.0,0.0
21076,Villanueva de los Castillejos,municipio,83.0,78.0,76.0,73.0,70.0,63.0,68.0,64.0,61.0,60.0,66.0,58.0,58.0,60.0
21077,Villarrasa,municipio,56.0,57.0,51.0,50.0,51.0,51.0,49.0,51.0,53.0,51.0,50.0,45.0,46.0,47.0
21078,Zalamea la Real,municipio,67.0,62.0,64.0,63.0,63.0,65.0,62.0,66.0,63.0,59.0,54.0,59.0,54.0,49.0
21079,Zufre,municipio,0.0,0.0,0.0,0.0,0.0,0.0,0.0,0.0,0.0,0.0,0.0,0.0,0.0,0.0
21902,"Zarza-Perrunal, La",municipio,0.0,0.0,0.0,0.0,0.0,0.0,0.0,0.0,0.0,0.0,0.0,10.0,11.0,11.0
21,Huelva,provincia,11899.0,11671.0,11413.0,11389.0,11315.0,11437.0,11396.0,11413.0,11559.0,11500.0,11718.0,11100.0,10972.0,10945.0
22001,Abiego,municipio,0.0,0.0,0.0,0.0,0.0,0.0,0.0,0.0,0.0,0.0,0.0,0.0,0.0,0.0
22002,Abizanda,municipio,0.0,0.0,0.0,0.0,0.0,0.0,0.0,0.0,0.0,0.0,0.0,0.0,0.0,0.0
22003,Adahuesca,municipio,0.0,0.0,0.0,0.0,0.0,0.0,0.0,0.0,0.0,0.0,0.0,0.0,0.0,0.0
22004,Agüero,municipio,0.0,0.0,0.0,0.0,0.0,0.0,0.0,0.0,0.0,0.0,0.0,0.0,0.0,0.0
22006,Aisa,municipio,0.0,0.0,0.0,0.0,0.0,0.0,0.0,0.0,0.0,0.0,0.0,0.0,0.0,0.0
22007,Albalate de Cinca,municipio,40.0,39.0,42.0,41.0,38.0,37.0,36.0,34.0,37.0,38.0,35.0,32.0,33.0,28.0
22008,Albalatillo,municipio,0.0,0.0,0.0,0.0,0.0,0.0,0.0,0.0,0.0,0.0,0.0,0.0,0.0,0.0
22009,Albelda,municipio,0.0,0.0,0.0,0.0,0.0,0.0,0.0,0.0,0.0,0.0,0.0,0.0,0.0,0.0
22011,Albero Alto,municipio,0.0,0.0,0.0,0.0,0.0,0.0,0.0,0.0,0.0,0.0,0.0,0.0,0.0,0.0
22012,Albero Bajo,municipio,0.0,0.0,0.0,0.0,0.0,0.0,0.0,0.0,0.0,0.0,0.0,0.0,0.0,0.0
22013,Alberuela de Tubo,municipio,0.0,0.0,0.0,0.0,0.0,0.0,0.0,0.0,0.0,0.0,0.0,0.0,0.0,0.0
22014,Alcalá de Gurrea,municipio,0.0,0.0,0.0,0.0,0.0,0.0,0.0,0.0,0.0,0.0,0.0,0.0,0.0,0.0
22015,Alcalá del Obispo,municipio,0.0,0.0,0.0,0.0,0.0,0.0,0.0,0.0,0.0,0.0,0.0,0.0,0.0,0.0
22016,Alcampell,municipio,0.0,0.0,0.0,0.0,0.0,0.0,0.0,0.0,0.0,0.0,0.0,0.0,0.0,0.0
22017,Alcolea de Cinca,municipio,44.0,45.0,46.0,45.0,44.0,45.0,43.0,46.0,45.0,45.0,41.0,37.0,40.0,41.0
22018,Alcubierre,municipio,0.0,0.0,0.0,0.0,0.0,0.0,0.0,0.0,0.0,0.0,0.0,0.0,0.0,0.0
22019,Alerre,municipio,0.0,0.0,0.0,0.0,0.0,0.0,0.0,0.0,0.0,0.0,0.0,0.0,0.0,0.0
22020,Alfántega,municipio,0.0,0.0,0.0,0.0,0.0,0.0,0.0,0.0,0.0,0.0,0.0,0.0,0.0,0.0
22021,Almudévar,municipio,45.0,48.0,50.0,53.0,50.0,50.0,45.0,45.0,50.0,53.0,53.0,50.0,50.0,50.0
22022,Almunia de San Juan,municipio,0.0,0.0,0.0,0.0,0.0,0.0,0.0,0.0,0.0,0.0,0.0,0.0,0.0,0.0
22023,Almuniente,municipio,0.0,0.0,0.0,0.0,0.0,0.0,0.0,0.0,0.0,0.0,0.0,0.0,0.0,0.0
22024,Alquézar,municipio,0.0,0.0,0.0,0.0,0.0,0.0,0.0,0.0,0.0,0.0,0.0,0.0,0.0,0.0
22025,Altorricón,municipio,40.0,41.0,41.0,38.0,39.0,38.0,42.0,39.0,37.0,35.0,33.0,35.0,32.0,30.0
22027,Angüés,municipio,0.0,0.0,0.0,0.0,0.0,0.0,0.0,0.0,0.0,0.0,0.0,0.0,0.0,0.0
22028,Ansó,municipio,0.0,0.0,0.0,0.0,0.0,0.0,0.0,0.0,0.0,0.0,0.0,0.0,0.0,0.0
22029,Antillón,municipio,0.0,0.0,0.0,0.0,0.0,0.0,0.0,0.0,0.0,0.0,0.0,0.0,0.0,0.0
22032,Aragüés del Puerto,municipio,0.0,0.0,0.0,0.0,0.0,0.0,0.0,0.0,0.0,0.0,0.0,0.0,0.0,0.0
22035,Arén,municipio,0.0,0.0,0.0,0.0,0.0,0.0,0.0,0.0,0.0,0.0,0.0,0.0,0.0,0.0
22036,Argavieso,municipio,0.0,0.0,0.0,0.0,0.0,0.0,0.0,0.0,0.0,0.0,0.0,0.0,0.0,0.0
22037,Arguis,municipio,0.0,0.0,0.0,0.0,0.0,0.0,0.0,0.0,0.0,0.0,0.0,0.0,0.0,0.0
22039,Ayerbe,municipio,44.0,42.0,41.0,41.0,39.0,34.0,33.0,36.0,34.0,33.0,30.0,28.0,29.0,32.0
22040,Azanuy-Alins,municipio,0.0,0.0,0.0,0.0,0.0,0.0,0.0,0.0,0.0,0.0,0.0,0.0,0.0,0.0
22041,Azara,municipio,0.0,0.0,0.0,0.0,0.0,0.0,0.0,0.0,0.0,0.0,0.0,0.0,0.0,0.0
22042,Azlor,municipio,0.0,0.0,0.0,0.0,0.0,0.0,0.0,0.0,0.0,0.0,0.0,0.0,0.0,0.0
22043,Baélls,municipio,0.0,0.0,0.0,0.0,0.0,0.0,0.0,0.0,0.0,0.0,0.0,0.0,0.0,0.0
22044,Bailo,municipio,0.0,0.0,0.0,0.0,0.0,0.0,0.0,0.0,0.0,0.0,0.0,0.0,0.0,0.0
22045,Baldellou,municipio,0.0,0.0,0.0,0.0,0.0,0.0,0.0,0.0,0.0,0.0,0.0,0.0,0.0,0.0
22046,Ballobar,municipio,0.0,0.0,0.0,0.0,0.0,0.0,0.0,0.0,0.0,0.0,0.0,0.0,0.0,0.0
22047,Banastás,municipio,0.0,0.0,0.0,0.0,0.0,0.0,0.0,0.0,0.0,0.0,0.0,0.0,0.0,0.0
22048,Barbastro,municipio,495.0,491.0,481.0,476.0,465.0,428.0,415.0,411.0,387.0,378.0,373.0,359.0,361.0,352.0
22049,Barbués,municipio,0.0,0.0,0.0,0.0,0.0,0.0,0.0,0.0,0.0,0.0,0.0,0.0,0.0,0.0
22050,Barbuñales,municipio,0.0,0.0,0.0,0.0,0.0,0.0,0.0,0.0,0.0,0.0,0.0,0.0,0.0,0.0
22051,Bárcabo,municipio,0.0,0.0,0.0,0.0,0.0,0.0,0.0,0.0,0.0,0.0,0.0,0.0,0.0,0.0
22052,Belver de Cinca,municipio,39.0,35.0,36.0,32.0,35.0,34.0,30.0,32.0,30.0,31.0,28.0,27.0,30.0,30.0
22053,Benabarre,municipio,38.0,35.0,32.0,30.0,30.0,28.0,28.0,26.0,27.0,29.0,28.0,30.0,28.0,26.0
22054,Benasque,municipio,113.0,109.0,108.0,105.0,102.0,94.0,94.0,99.0,105.0,94.0,91.0,95.0,97.0,102.0
22055,Berbegal,municipio,0.0,0.0,0.0,0.0,0.0,0.0,0.0,0.0,0.0,0.0,0.0,0.0,0.0,0.0
22057,Bielsa,municipio,0.0,0.0,0.0,0.0,0.0,0.0,0.0,0.0,0.0,0.0,0.0,0.0,0.0,0.0
22058,Bierge,municipio,0.0,0.0,0.0,0.0,0.0,0.0,0.0,0.0,0.0,0.0,0.0,0.0,0.0,0.0
22059,Biescas,municipio,57.0,57.0,64.0,64.0,57.0,59.0,61.0,62.0,63.0,63.0,59.0,60.0,69.0,68.0
22060,Binaced,municipio,35.0,34.0,35.0,30.0,30.0,37.0,32.0,36.0,34.0,31.0,28.0,28.0,29.0,27.0
22061,Binéfar,municipio,336.0,340.0,321.0,334.0,315.0,305.0,316.0,289.0,271.0,276.0,264.0,253.0,250.0,242.0
22062,Bisaurri,municipio,0.0,0.0,0.0,0.0,0.0,0.0,0.0,0.0,0.0,0.0,0.0,0.0,0.0,0.0
22063,Biscarrués,municipio,0.0,0.0,0.0,0.0,0.0,0.0,0.0,0.0,0.0,0.0,0.0,0.0,0.0,0.0
22064,Blecua y Torres,municipio,0.0,0.0,0.0,0.0,0.0,0.0,0.0,0.0,0.0,0.0,0.0,0.0,0.0,0.0
22066,Boltaña,municipio,32.0,31.0,27.0,30.0,0.0,0.0,0.0,0.0,31.0,32.0,37.0,37.0,37.0,43.0
22067,Bonansa,municipio,0.0,0.0,0.0,0.0,0.0,0.0,0.0,0.0,0.0,0.0,0.0,0.0,0.0,0.0
22068,Borau,municipio,0.0,0.0,0.0,0.0,0.0,0.0,0.0,0.0,0.0,0.0,0.0,0.0,0.0,0.0
22069,Broto,municipio,0.0,0.0,0.0,0.0,0.0,0.0,0.0,0.0,0.0,0.0,0.0,0.0,0.0,0.0
22072,Caldearenas,municipio,0.0,0.0,0.0,0.0,0.0,0.0,0.0,0.0,0.0,0.0,0.0,0.0,0.0,0.0
22074,Campo,municipio,0.0,0.0,0.0,0.0,0.0,0.0,0.0,0.0,0.0,0.0,0.0,0.0,0.0,0.0
22075,Camporrélls,municipio,0.0,0.0,0.0,0.0,0.0,0.0,0.0,0.0,0.0,0.0,0.0,0.0,0.0,0.0
22076,Canal de Berdún,municipio,0.0,0.0,0.0,0.0,0.0,0.0,0.0,0.0,0.0,0.0,0.0,0.0,0.0,0.0
22077,Candasnos,municipio,0.0,0.0,0.0,0.0,0.0,0.0,0.0,0.0,0.0,0.0,0.0,0.0,0.0,0.0
22078,Canfranc,municipio,0.0,0.0,0.0,0.0,0.0,0.0,0.0,0.0,0.0,0.0,0.0,0.0,0.0,0.0
22079,Capdesaso,municipio,0.0,0.0,0.0,0.0,0.0,0.0,0.0,0.0,0.0,0.0,0.0,0.0,0.0,0.0
22080,Capella,municipio,0.0,0.0,0.0,0.0,0.0,0.0,0.0,0.0,0.0,0.0,0.0,0.0,0.0,0.0
22081,Casbas de Huesca,municipio,0.0,0.0,0.0,0.0,0.0,0.0,0.0,0.0,0.0,0.0,0.0,0.0,0.0,0.0
22082,Castejón del Puente,municipio,0.0,0.0,0.0,0.0,0.0,0.0,0.0,0.0,0.0,0.0,0.0,0.0,0.0,0.0
22083,Castejón de Monegros,municipio,0.0,0.0,0.0,0.0,0.0,0.0,0.0,0.0,0.0,0.0,0.0,0.0,0.0,0.0
22084,Castejón de Sos,municipio,0.0,0.0,0.0,0.0,0.0,0.0,0.0,0.0,0.0,0.0,0.0,0.0,0.0,0.0
22085,Castelflorite,municipio,0.0,0.0,0.0,0.0,0.0,0.0,0.0,0.0,0.0,0.0,0.0,0.0,0.0,0.0
22086,Castiello de Jaca,municipio,0.0,0.0,0.0,0.0,0.0,0.0,0.0,0.0,0.0,0.0,0.0,0.0,0.0,0.0
22087,Castigaleu,municipio,0.0,0.0,0.0,0.0,0.0,0.0,0.0,0.0,0.0,0.0,0.0,0.0,0.0,0.0
22088,Castillazuelo,municipio,0.0,0.0,0.0,0.0,0.0,0.0,0.0,0.0,0.0,0.0,0.0,0.0,0.0,0.0
22089,Castillonroy,municipio,0.0,0.0,0.0,0.0,0.0,0.0,0.0,0.0,0.0,0.0,0.0,0.0,0.0,0.0
22090,Colungo,municipio,0.0,0.0,0.0,0.0,0.0,0.0,0.0,0.0,0.0,0.0,0.0,0.0,0.0,0.0
22094,Chalamera,municipio,0.0,0.0,0.0,0.0,0.0,0.0,0.0,0.0,0.0,0.0,0.0,0.0,0.0,0.0
22095,Chía,municipio,0.0,0.0,0.0,0.0,0.0,0.0,0.0,0.0,0.0,0.0,0.0,0.0,0.0,0.0
22096,Chimillas,municipio,0.0,0.0,0.0,0.0,0.0,0.0,0.0,0.0,0.0,0.0,0.0,0.0,0.0,0.0
22099,Esplús,municipio,0.0,0.0,0.0,0.0,0.0,0.0,0.0,0.0,0.0,0.0,0.0,0.0,0.0,0.0
22102,Estada,municipio,0.0,0.0,0.0,0.0,0.0,0.0,0.0,0.0,0.0,0.0,0.0,0.0,0.0,0.0
22103,Estadilla,municipio,0.0,0.0,0.0,0.0,0.0,0.0,0.0,0.0,0.0,0.0,0.0,0.0,0.0,0.0
22105,Estopiñán del Castillo,municipio,0.0,0.0,0.0,0.0,0.0,0.0,0.0,0.0,0.0,0.0,0.0,0.0,0.0,0.0
22106,Fago,municipio,0.0,0.0,0.0,0.0,0.0,0.0,0.0,0.0,0.0,0.0,0.0,0.0,0.0,0.0
22107,Fanlo,municipio,0.0,0.0,0.0,0.0,0.0,0.0,0.0,0.0,0.0,0.0,0.0,0.0,0.0,0.0
22109,Fiscal,municipio,0.0,0.0,0.0,0.0,0.0,0.0,0.0,0.0,0.0,0.0,0.0,0.0,0.0,0.0
22110,Fonz,municipio,27.0,0.0,0.0,0.0,0.0,0.0,0.0,0.0,0.0,0.0,0.0,0.0,0.0,0.0
22111,Foradada del Toscar,municipio,0.0,0.0,0.0,0.0,0.0,0.0,0.0,0.0,0.0,0.0,0.0,0.0,0.0,0.0
22112,Fraga,municipio,421.0,422.0,424.0,410.0,421.0,419.0,419.0,402.0,395.0,384.0,383.0,365.0,363.0,366.0
22113,"Fueva, La",municipio,0.0,0.0,0.0,0.0,0.0,0.0,0.0,0.0,0.0,0.0,0.0,0.0,0.0,0.0
22114,Gistaín,municipio,0.0,0.0,0.0,0.0,0.0,0.0,0.0,0.0,0.0,0.0,0.0,0.0,0.0,0.0
22115,"Grado, El",municipio,0.0,0.0,0.0,0.0,0.0,0.0,0.0,0.0,0.0,0.0,0.0,0.0,0.0,0.0
22116,Grañén,municipio,55.0,55.0,52.0,50.0,51.0,52.0,50.0,47.0,40.0,39.0,38.0,34.0,33.0,35.0
22117,Graus,municipio,117.0,116.0,105.0,111.0,114.0,107.0,109.0,111.0,108.0,104.0,105.0,101.0,108.0,102.0
22119,Gurrea de Gállego,municipio,35.0,33.0,33.0,32.0,32.0,30.0,30.0,28.0,31.0,29.0,27.0,26.0,25.0,23.0
22122,Hoz de Jaca,municipio,0.0,0.0,0.0,0.0,0.0,0.0,0.0,0.0,0.0,0.0,0.0,0.0,0.0,0.0
22124,Huerto,municipio,0.0,0.0,0.0,0.0,0.0,0.0,0.0,0.0,0.0,0.0,0.0,0.0,0.0,0.0
22125,Huesca,municipio,1337.0,1333.0,1340.0,1357.0,1351.0,1297.0,1270.0,1221.0,1183.0,1156.0,1165.0,1072.0,1057.0,1055.0
22126,Ibieca,municipio,0.0,0.0,0.0,0.0,0.0,0.0,0.0,0.0,0.0,0.0,0.0,0.0,0.0,0.0
22127,Igriés,municipio,0.0,0.0,0.0,0.0,0.0,0.0,0.0,0.0,0.0,0.0,0.0,0.0,0.0,0.0
22128,Ilche,municipio,0.0,0.0,0.0,0.0,0.0,0.0,0.0,0.0,0.0,0.0,0.0,0.0,0.0,0.0
22129,Isábena,municipio,0.0,0.0,0.0,0.0,0.0,0.0,0.0,0.0,0.0,0.0,0.0,0.0,0.0,0.0
22130,Jaca,municipio,462.0,461.0,440.0,437.0,427.0,417.0,409.0,410.0,373.0,354.0,356.0,332.0,329.0,332.0
22131,Jasa,municipio,0.0,0.0,0.0,0.0,0.0,0.0,0.0,0.0,0.0,0.0,0.0,0.0,0.0,0.0
22133,Labuerda,municipio,0.0,0.0,0.0,0.0,0.0,0.0,0.0,0.0,0.0,0.0,0.0,0.0,0.0,0.0
22135,Laluenga,municipio,0.0,0.0,0.0,0.0,0.0,0.0,0.0,0.0,0.0,0.0,0.0,0.0,0.0,0.0
22136,Lalueza,municipio,26.0,26.0,27.0,28.0,0.0,0.0,0.0,0.0,0.0,0.0,0.0,0.0,0.0,0.0
22137,Lanaja,municipio,21.0,22.0,25.0,23.0,21.0,22.0,18.0,15.0,13.0,14.0,14.0,15.0,14.0,14.0
22139,Laperdiguera,municipio,0.0,0.0,0.0,0.0,0.0,0.0,0.0,0.0,0.0,0.0,0.0,0.0,0.0,0.0
22141,Lascellas-Ponzano,municipio,0.0,0.0,0.0,0.0,0.0,0.0,0.0,0.0,0.0,0.0,0.0,0.0,0.0,0.0
22142,Lascuarre,municipio,0.0,0.0,0.0,0.0,0.0,0.0,0.0,0.0,0.0,0.0,0.0,0.0,0.0,0.0
22143,Laspaúles,municipio,0.0,0.0,0.0,0.0,0.0,0.0,0.0,0.0,0.0,0.0,0.0,0.0,0.0,0.0
22144,Laspuña,municipio,0.0,0.0,0.0,0.0,0.0,0.0,0.0,0.0,0.0,0.0,0.0,0.0,0.0,0.0
22149,Loarre,municipio,0.0,0.0,0.0,0.0,0.0,0.0,0.0,0.0,0.0,0.0,0.0,0.0,0.0,0.0
22150,Loporzano,municipio,0.0,0.0,0.0,0.0,0.0,0.0,0.0,0.0,0.0,0.0,0.0,0.0,0.0,0.0
22151,Loscorrales,municipio,0.0,0.0,0.0,0.0,0.0,0.0,0.0,0.0,0.0,0.0,0.0,0.0,0.0,0.0
22155,Monesma y Cajigar,municipio,0.0,0.0,0.0,0.0,0.0,0.0,0.0,0.0,0.0,0.0,0.0,0.0,0.0,0.0
22156,Monflorite-Lascasas,municipio,0.0,0.0,0.0,0.0,0.0,0.0,0.0,0.0,0.0,0.0,0.0,0.0,0.0,0.0
22157,Montanuy,municipio,0.0,0.0,0.0,0.0,0.0,0.0,0.0,0.0,0.0,0.0,0.0,0.0,0.0,0.0
22158,Monzón,municipio,443.0,447.0,427.0,429.0,425.0,412.0,408.0,398.0,388.0,375.0,386.0,354.0,352.0,349.0
22160,Naval,municipio,0.0,0.0,0.0,0.0,0.0,0.0,0.0,0.0,0.0,0.0,0.0,0.0,0.0,0.0
22162,Novales,municipio,0.0,0.0,0.0,0.0,0.0,0.0,0.0,0.0,0.0,0.0,0.0,0.0,0.0,0.0
22163,Nueno,municipio,0.0,0.0,0.0,0.0,0.0,0.0,0.0,0.0,0.0,0.0,0.0,0.0,0.0,0.0
22164,Olvena,municipio,0.0,0.0,0.0,0.0,0.0,0.0,0.0,0.0,0.0,0.0,0.0,0.0,0.0,0.0
22165,Ontiñena,municipio,0.0,0.0,0.0,0.0,0.0,0.0,0.0,0.0,0.0,0.0,0.0,0.0,0.0,0.0
22167,Osso de Cinca,municipio,0.0,0.0,0.0,0.0,0.0,0.0,0.0,0.0,0.0,0.0,0.0,0.0,0.0,0.0
22168,Palo,municipio,0.0,0.0,0.0,0.0,0.0,0.0,0.0,0.0,0.0,0.0,0.0,0.0,0.0,0.0
22170,Panticosa,municipio,0.0,0.0,0.0,0.0,0.0,0.0,0.0,0.0,0.0,0.0,0.0,0.0,0.0,0.0
22172,Peñalba,municipio,0.0,0.0,0.0,0.0,0.0,0.0,0.0,0.0,0.0,0.0,0.0,0.0,0.0,0.0
22173,"Peñas de Riglos, Las",municipio,0.0,0.0,0.0,0.0,0.0,0.0,0.0,0.0,0.0,0.0,0.0,0.0,0.0,0.0
22174,Peralta de Alcofea,municipio,0.0,0.0,0.0,0.0,0.0,0.0,0.0,0.0,0.0,0.0,0.0,0.0,0.0,0.0
22175,Peralta de Calasanz,municipio,0.0,0.0,0.0,0.0,0.0,0.0,0.0,0.0,0.0,0.0,0.0,0.0,0.0,0.0
22176,Peraltilla,municipio,0.0,0.0,0.0,0.0,0.0,0.0,0.0,0.0,0.0,0.0,0.0,0.0,0.0,0.0
22177,Perarrúa,municipio,0.0,0.0,0.0,0.0,0.0,0.0,0.0,0.0,0.0,0.0,0.0,0.0,0.0,0.0
22178,Pertusa,municipio,0.0,0.0,0.0,0.0,0.0,0.0,0.0,0.0,0.0,0.0,0.0,0.0,0.0,0.0
22181,Piracés,municipio,0.0,0.0,0.0,0.0,0.0,0.0,0.0,0.0,0.0,0.0,0.0,0.0,0.0,0.0
22182,Plan,municipio,0.0,0.0,0.0,0.0,0.0,0.0,0.0,0.0,0.0,0.0,0.0,0.0,0.0,0.0
22184,Poleñino,municipio,0.0,0.0,0.0,0.0,0.0,0.0,0.0,0.0,0.0,0.0,0.0,0.0,0.0,0.0
22186,Pozán de Vero,municipio,0.0,0.0,0.0,0.0,0.0,0.0,0.0,0.0,0.0,0.0,0.0,0.0,0.0,0.0
22187,"Puebla de Castro, La",municipio,0.0,0.0,0.0,0.0,0.0,0.0,0.0,0.0,0.0,0.0,0.0,0.0,0.0,0.0
22188,Puente de Montañana,municipio,0.0,0.0,0.0,0.0,0.0,0.0,0.0,0.0,0.0,0.0,0.0,0.0,0.0,0.0
22189,Puértolas,municipio,0.0,0.0,0.0,0.0,0.0,0.0,0.0,0.0,0.0,0.0,0.0,0.0,0.0,0.0
22190,"Pueyo de Araguás, El",municipio,0.0,0.0,0.0,0.0,0.0,0.0,0.0,0.0,0.0,0.0,0.0,0.0,0.0,0.0
22193,Pueyo de Santa Cruz,municipio,0.0,0.0,0.0,0.0,0.0,0.0,0.0,0.0,0.0,0.0,0.0,0.0,0.0,0.0
22195,Quicena,municipio,0.0,0.0,0.0,0.0,0.0,0.0,0.0,0.0,0.0,0.0,0.0,0.0,0.0,0.0
22197,Robres,municipio,0.0,0.0,0.0,0.0,0.0,0.0,0.0,0.0,0.0,0.0,0.0,0.0,0.0,0.0
22199,Sabiñánigo,municipio,268.0,250.0,238.0,236.0,229.0,228.0,226.0,214.0,217.0,217.0,222.0,215.0,207.0,208.0
22200,Sahún,municipio,0.0,0.0,0.0,0.0,0.0,0.0,0.0,0.0,0.0,0.0,0.0,0.0,0.0,0.0
22201,Salas Altas,municipio,0.0,0.0,0.0,0.0,0.0,0.0,0.0,0.0,0.0,0.0,0.0,0.0,0.0,0.0
22202,Salas Bajas,municipio,0.0,0.0,0.0,0.0,0.0,0.0,0.0,0.0,0.0,0.0,0.0,0.0,0.0,0.0
22203,Salillas,municipio,0.0,0.0,0.0,0.0,0.0,0.0,0.0,0.0,0.0,0.0,0.0,0.0,0.0,0.0
22204,Sallent de Gállego,municipio,107.0,109.0,104.0,105.0,100.0,105.0,106.0,93.0,95.0,94.0,102.0,105.0,105.0,100.0
22205,San Esteban de Litera,municipio,0.0,0.0,0.0,0.0,0.0,0.0,0.0,0.0,0.0,0.0,0.0,0.0,0.0,0.0
22206,Sangarrén,municipio,0.0,0.0,0.0,0.0,0.0,0.0,0.0,0.0,0.0,0.0,0.0,0.0,0.0,0.0
22207,San Juan de Plan,municipio,0.0,0.0,0.0,0.0,0.0,0.0,0.0,0.0,0.0,0.0,0.0,0.0,0.0,0.0
22208,Santa Cilia,municipio,0.0,0.0,0.0,0.0,0.0,0.0,0.0,0.0,0.0,0.0,0.0,0.0,0.0,0.0
22209,Santa Cruz de la Serós,municipio,0.0,0.0,0.0,0.0,0.0,0.0,0.0,0.0,0.0,0.0,0.0,0.0,0.0,0.0
22212,Santaliestra y San Quílez,municipio,0.0,0.0,0.0,0.0,0.0,0.0,0.0,0.0,0.0,0.0,0.0,0.0,0.0,0.0
22213,Sariñena,municipio,138.0,131.0,118.0,120.0,119.0,123.0,116.0,120.0,123.0,114.0,110.0,109.0,118.0,109.0
22214,Secastilla,municipio,0.0,0.0,0.0,0.0,0.0,0.0,0.0,0.0,0.0,0.0,0.0,0.0,0.0,0.0
22215,Seira,municipio,0.0,0.0,0.0,0.0,0.0,0.0,0.0,0.0,0.0,0.0,0.0,0.0,0.0,0.0
22217,Sena,municipio,0.0,0.0,0.0,0.0,0.0,0.0,0.0,0.0,0.0,0.0,0.0,0.0,0.0,0.0
22218,Senés de Alcubierre,municipio,0.0,0.0,0.0,0.0,0.0,0.0,0.0,0.0,0.0,0.0,0.0,0.0,0.0,0.0
22220,Sesa,municipio,0.0,0.0,0.0,0.0,0.0,0.0,0.0,0.0,0.0,0.0,0.0,0.0,0.0,0.0
22221,Sesué,municipio,0.0,0.0,0.0,0.0,0.0,0.0,0.0,0.0,0.0,0.0,0.0,0.0,0.0,0.0
22222,Siétamo,municipio,0.0,0.0,0.0,0.0,0.0,0.0,0.0,0.0,0.0,0.0,0.0,0.0,0.0,0.0
22223,Sopeira,municipio,0.0,0.0,0.0,0.0,0.0,0.0,0.0,0.0,0.0,0.0,0.0,0.0,0.0,0.0
22225,Tamarite de Litera,municipio,128.0,127.0,127.0,126.0,127.0,121.0,122.0,113.0,111.0,108.0,101.0,94.0,87.0,86.0
22226,Tardienta,municipio,0.0,0.0,0.0,31.0,0.0,0.0,0.0,0.0,0.0,0.0,0.0,0.0,0.0,0.0
22227,Tella-Sin,municipio,0.0,0.0,0.0,0.0,0.0,0.0,0.0,0.0,0.0,0.0,0.0,0.0,0.0,0.0
22228,Tierz,municipio,0.0,0.0,0.0,0.0,0.0,0.0,0.0,0.0,0.0,0.0,0.0,0.0,0.0,0.0
22229,Tolva,municipio,0.0,0.0,0.0,0.0,0.0,0.0,0.0,0.0,0.0,0.0,0.0,0.0,0.0,0.0
22230,Torla-Ordesa,municipio,0.0,0.0,0.0,0.0,0.0,0.0,0.0,0.0,0.0,0.0,0.0,0.0,0.0,0.0
22232,Torralba de Aragón,municipio,0.0,0.0,0.0,0.0,0.0,0.0,0.0,0.0,0.0,0.0,0.0,0.0,0.0,0.0
22233,Torre la Ribera,municipio,0.0,0.0,0.0,0.0,0.0,0.0,0.0,0.0,0.0,0.0,0.0,0.0,0.0,0.0
22234,Torrente de Cinca,municipio,27.0,26.0,21.0,24.0,21.0,28.0,30.0,27.0,26.0,26.0,26.0,22.0,23.0,21.0
22235,Torres de Alcanadre,municipio,0.0,0.0,0.0,0.0,0.0,0.0,0.0,0.0,0.0,0.0,0.0,0.0,0.0,0.0
22236,Torres de Barbués,municipio,0.0,0.0,0.0,0.0,0.0,0.0,0.0,0.0,0.0,0.0,0.0,0.0,0.0,0.0
22239,Tramaced,municipio,0.0,0.0,0.0,0.0,0.0,0.0,0.0,0.0,0.0,0.0,0.0,0.0,0.0,0.0
22242,Valfarta,municipio,0.0,0.0,0.0,0.0,0.0,0.0,0.0,0.0,0.0,0.0,0.0,0.0,0.0,0.0
22243,Valle de Bardají,municipio,0.0,0.0,0.0,0.0,0.0,0.0,0.0,0.0,0.0,0.0,0.0,0.0,0.0,0.0
22244,Valle de Lierp,municipio,0.0,0.0,0.0,0.0,0.0,0.0,0.0,0.0,0.0,0.0,0.0,0.0,0.0,0.0
22245,Velilla de Cinca,municipio,0.0,0.0,0.0,0.0,0.0,0.0,0.0,0.0,0.0,0.0,0.0,0.0,0.0,0.0
22246,Beranuy,municipio,0.0,0.0,0.0,0.0,0.0,0.0,0.0,0.0,0.0,0.0,0.0,0.0,0.0,0.0
22248,Vicién,municipio,0.0,0.0,0.0,0.0,0.0,0.0,0.0,0.0,0.0,0.0,0.0,0.0,0.0,0.0
22249,Villanova,municipio,0.0,0.0,0.0,0.0,0.0,0.0,0.0,0.0,0.0,0.0,0.0,0.0,0.0,0.0
22250,Villanúa,municipio,0.0,0.0,0.0,0.0,0.0,0.0,0.0,0.0,0.0,0.0,0.0,0.0,0.0,0.0
22251,Villanueva de Sigena,municipio,0.0,0.0,0.0,0.0,0.0,0.0,0.0,0.0,0.0,0.0,0.0,0.0,0.0,0.0
22252,Yebra de Basa,municipio,0.0,0.0,0.0,0.0,0.0,0.0,0.0,0.0,0.0,0.0,0.0,0.0,0.0,0.0
22253,Yésero,municipio,0.0,0.0,0.0,0.0,0.0,0.0,0.0,0.0,0.0,0.0,0.0,0.0,0.0,0.0
22254,Zaidín,municipio,58.0,50.0,47.0,51.0,48.0,48.0,49.0,50.0,41.0,38.0,37.0,36.0,35.0,34.0
22901,Valle de Hecho,municipio,0.0,0.0,0.0,0.0,0.0,0.0,0.0,0.0,0.0,0.0,0.0,0.0,0.0,0.0
22902,Puente la Reina de Jaca,municipio,0.0,0.0,0.0,0.0,0.0,0.0,0.0,0.0,0.0,0.0,0.0,0.0,0.0,0.0
22903,San Miguel del Cinca,municipio,0.0,0.0,0.0,0.0,0.0,0.0,0.0,0.0,0.0,0.0,0.0,0.0,0.0,0.0
22904,"Sotonera, La",municipio,21.0,20.0,17.0,22.0,0.0,0.0,0.0,0.0,0.0,0.0,0.0,0.0,0.0,0.0
22905,Lupiñén-Ortilla,municipio,0.0,0.0,0.0,0.0,0.0,0.0,0.0,0.0,0.0,0.0,0.0,0.0,0.0,0.0
22906,Santa María de Dulcis,municipio,0.0,0.0,0.0,0.0,0.0,0.0,0.0,0.0,0.0,0.0,0.0,0.0,0.0,0.0
22907,Aínsa-Sobrarbe,municipio,91.0,88.0,92.0,86.0,87.0,94.0,95.0,99.0,100.0,94.0,99.0,101.0,106.0,108.0
22908,Hoz y Costean,municipio,0.0,0.0,0.0,0.0,0.0,0.0,0.0,0.0,0.0,0.0,0.0,0.0,0.0,0.0
22909,Vencillón,municipio,0.0,0.0,0.0,0.0,0.0,0.0,0.0,0.0,0.0,0.0,0.0,0.0,0.0,0.0
22,Huesca,provincia,6522.0,6471.0,6351.0,6365.0,6276.0,6162.0,6064.0,5901.0,5800.0,5632.0,5640.0,5379.0,5343.0,5301.0
23001,Albanchez de Mágina,municipio,18.0,18.0,21.0,14.0,16.0,18.0,18.0,20.0,20.0,19.0,0.0,0.0,0.0,0.0
23002,Alcalá la Real,municipio,624.0,614.0,605.0,587.0,591.0,590.0,593.0,576.0,585.0,567.0,575.0,548.0,545.0,525.0
23003,Alcaudete,municipio,284.0,283.0,275.0,273.0,276.0,275.0,269.0,272.0,276.0,274.0,276.0,255.0,255.0,239.0
23004,Aldeaquemada,municipio,0.0,0.0,0.0,0.0,0.0,0.0,0.0,0.0,0.0,0.0,0.0,0.0,0.0,0.0
23005,Andújar,municipio,1009.0,1004.0,1008.0,1022.0,1021.0,1006.0,1007.0,986.0,986.0,969.0,983.0,913.0,914.0,911.0
23006,Arjona,municipio,127.0,130.0,125.0,128.0,132.0,130.0,128.0,123.0,129.0,139.0,129.0,116.0,121.0,116.0
23007,Arjonilla,municipio,84.0,88.0,80.0,78.0,77.0,83.0,82.0,83.0,95.0,90.0,92.0,91.0,92.0,97.0
23008,Arquillos,municipio,39.0,43.0,39.0,38.0,39.0,43.0,45.0,42.0,42.0,46.0,41.0,43.0,43.0,39.0
23009,Baeza,municipio,455.0,472.0,451.0,453.0,459.0,470.0,455.0,457.0,447.0,451.0,455.0,427.0,410.0,385.0
23010,Bailén,municipio,621.0,607.0,551.0,549.0,554.0,547.0,551.0,545.0,557.0,553.0,561.0,540.0,558.0,554.0
23011,Baños de la Encina,municipio,47.0,44.0,44.0,45.0,53.0,52.0,57.0,59.0,64.0,64.0,68.0,64.0,68.0,59.0
23012,Beas de Segura,municipio,134.0,123.0,117.0,121.0,120.0,120.0,123.0,137.0,156.0,147.0,156.0,135.0,130.0,130.0
23014,Begíjar,municipio,86.0,80.0,82.0,81.0,78.0,78.0,79.0,91.0,84.0,93.0,88.0,84.0,73.0,72.0
23015,Bélmez de la Moraleda,municipio,31.0,34.0,34.0,37.0,32.0,30.0,31.0,37.0,38.0,42.0,40.0,28.0,33.0,29.0
23016,Benatae,municipio,0.0,0.0,0.0,0.0,0.0,0.0,0.0,0.0,0.0,0.0,0.0,0.0,0.0,0.0
23017,Cabra del Santo Cristo,municipio,38.0,38.0,37.0,38.0,37.0,35.0,33.0,35.0,35.0,37.0,36.0,32.0,31.0,33.0
23018,Cambil,municipio,40.0,42.0,38.0,36.0,35.0,41.0,45.0,43.0,45.0,44.0,52.0,59.0,48.0,52.0
23019,Campillo de Arenas,municipio,52.0,53.0,53.0,53.0,49.0,50.0,50.0,55.0,57.0,52.0,55.0,51.0,49.0,50.0
23020,Canena,municipio,50.0,55.0,52.0,49.0,53.0,52.0,51.0,52.0,53.0,55.0,52.0,47.0,44.0,42.0
23021,Carboneros,municipio,0.0,0.0,0.0,0.0,0.0,0.0,0.0,0.0,0.0,0.0,0.0,0.0,0.0,0.0
23024,"Carolina, La",municipio,325.0,310.0,299.0,306.0,311.0,314.0,316.0,331.0,326.0,332.0,320.0,296.0,279.0,273.0
23025,Castellar,municipio,87.0,94.0,86.0,91.0,85.0,92.0,91.0,88.0,95.0,94.0,95.0,92.0,95.0,94.0
23026,Castillo de Locubín,municipio,97.0,91.0,93.0,91.0,81.0,80.0,76.0,74.0,82.0,86.0,85.0,77.0,84.0,78.0
23027,Cazalilla,municipio,0.0,0.0,0.0,0.0,0.0,0.0,0.0,0.0,0.0,0.0,0.0,0.0,0.0,0.0
23028,Cazorla,municipio,229.0,232.0,232.0,234.0,218.0,235.0,239.0,240.0,238.0,227.0,224.0,215.0,211.0,229.0
23029,Chiclana de Segura,municipio,15.0,18.0,18.0,14.0,15.0,15.0,0.0,0.0,0.0,0.0,0.0,0.0,0.0,0.0
23030,Chilluévar,municipio,33.0,32.0,36.0,35.0,31.0,34.0,36.0,35.0,33.0,39.0,38.0,42.0,44.0,44.0
23031,Escañuela,municipio,0.0,0.0,0.0,0.0,0.0,0.0,0.0,0.0,0.0,0.0,0.0,0.0,0.0,0.0
23032,Espeluy,municipio,0.0,0.0,0.0,0.0,0.0,0.0,0.0,0.0,0.0,0.0,0.0,0.0,0.0,0.0
23033,Frailes,municipio,40.0,39.0,40.0,35.0,36.0,41.0,39.0,34.0,35.0,35.0,39.0,40.0,37.0,38.0
23034,Fuensanta de Martos,municipio,85.0,85.0,88.0,82.0,83.0,88.0,80.0,80.0,80.0,90.0,97.0,91.0,86.0,89.0
23035,Fuerte del Rey,municipio,22.0,20.0,20.0,20.0,20.0,21.0,22.0,18.0,17.0,15.0,15.0,17.0,20.0,22.0
23037,Génave,municipio,0.0,0.0,0.0,0.0,0.0,0.0,0.0,0.0,0.0,0.0,0.0,0.0,0.0,0.0
23038,"Guardia de Jaén, La",municipio,102.0,105.0,104.0,104.0,109.0,97.0,108.0,101.0,111.0,111.0,121.0,119.0,116.0,106.0
23039,Guarromán,municipio,85.0,84.0,80.0,86.0,84.0,73.0,76.0,80.0,79.0,81.0,79.0,78.0,82.0,83.0
23040,Lahiguera,municipio,19.0,17.0,20.0,22.0,19.0,19.0,18.0,18.0,19.0,19.0,19.0,19.0,15.0,13.0
23041,Higuera de Calatrava,municipio,0.0,0.0,0.0,0.0,0.0,0.0,0.0,0.0,0.0,0.0,0.0,0.0,0.0,0.0
23042,Hinojares,municipio,0.0,0.0,0.0,0.0,0.0,0.0,0.0,0.0,0.0,0.0,0.0,0.0,0.0,0.0
23043,Hornos,municipio,0.0,0.0,0.0,0.0,0.0,0.0,0.0,0.0,0.0,0.0,0.0,0.0,0.0,0.0
23044,Huelma,municipio,156.0,150.0,142.0,139.0,133.0,137.0,140.0,136.0,129.0,130.0,138.0,130.0,126.0,130.0
23045,Huesa,municipio,53.0,50.0,49.0,52.0,46.0,50.0,50.0,50.0,49.0,48.0,53.0,53.0,51.0,52.0
23046,Ibros,municipio,64.0,59.0,61.0,63.0,62.0,58.0,58.0,59.0,70.0,70.0,70.0,69.0,67.0,68.0
23047,"Iruela, La",municipio,55.0,53.0,58.0,58.0,54.0,61.0,63.0,60.0,57.0,51.0,57.0,62.0,64.0,59.0
23048,Iznatoraf,municipio,21.0,17.0,20.0,21.0,22.0,20.0,0.0,0.0,0.0,0.0,0.0,0.0,0.0,0.0
23049,Jabalquinto,municipio,30.0,28.0,28.0,31.0,39.0,35.0,40.0,39.0,41.0,42.0,44.0,37.0,39.0,34.0
23050,Jaén,municipio,2837.0,2727.0,2706.0,2646.0,2622.0,2675.0,2665.0,2566.0,2544.0,2526.0,2526.0,2368.0,2319.0,2335.0
23051,Jamilena,municipio,83.0,88.0,91.0,86.0,80.0,78.0,80.0,81.0,73.0,74.0,80.0,83.0,83.0,81.0
23052,Jimena,municipio,35.0,34.0,35.0,37.0,34.0,32.0,27.0,31.0,30.0,29.0,31.0,28.0,30.0,30.0
23053,Jódar,municipio,208.0,207.0,203.0,207.0,219.0,225.0,217.0,216.0,217.0,218.0,212.0,207.0,199.0,193.0
23054,Larva,municipio,0.0,0.0,0.0,0.0,0.0,0.0,0.0,0.0,0.0,0.0,0.0,0.0,0.0,0.0
23055,Linares,municipio,1267.0,1269.0,1169.0,1195.0,1222.0,1218.0,1185.0,1167.0,1185.0,1194.0,1214.0,1140.0,1100.0,1109.0
23056,Lopera,municipio,90.0,87.0,94.0,105.0,95.0,92.0,88.0,89.0,90.0,89.0,90.0,82.0,73.0,75.0
23057,Lupión,municipio,11.0,0.0,0.0,0.0,0.0,0.0,0.0,0.0,0.0,0.0,0.0,0.0,0.0,0.0
23058,Mancha Real,municipio,276.0,272.0,270.0,266.0,257.0,255.0,251.0,248.0,256.0,255.0,265.0,254.0,236.0,240.0
23059,Marmolejo,municipio,172.0,169.0,172.0,171.0,172.0,167.0,158.0,164.0,160.0,137.0,141.0,136.0,136.0,130.0
23060,Martos,municipio,561.0,585.0,549.0,539.0,531.0,531.0,512.0,482.0,493.0,519.0,523.0,483.0,478.0,482.0
23061,Mengíbar,municipio,256.0,254.0,248.0,247.0,252.0,260.0,263.0,263.0,277.0,279.0,291.0,253.0,244.0,238.0
23062,Montizón,municipio,40.0,38.0,31.0,38.0,35.0,33.0,33.0,25.0,24.0,29.0,29.0,33.0,28.0,29.0
23063,Navas de San Juan,municipio,122.0,122.0,108.0,111.0,111.0,112.0,115.0,115.0,118.0,118.0,122.0,119.0,112.0,113.0
23064,Noalejo,municipio,45.0,47.0,40.0,42.0,40.0,47.0,43.0,46.0,47.0,48.0,48.0,48.0,54.0,55.0
23065,Orcera,municipio,54.0,53.0,53.0,51.0,48.0,51.0,50.0,50.0,57.0,58.0,57.0,46.0,50.0,54.0
23066,Peal de Becerro,municipio,187.0,191.0,178.0,165.0,169.0,178.0,177.0,169.0,176.0,179.0,180.0,172.0,166.0,159.0
23067,Pegalajar,municipio,57.0,60.0,58.0,59.0,55.0,59.0,57.0,54.0,56.0,56.0,55.0,54.0,53.0,55.0
23069,Porcuna,municipio,184.0,185.0,175.0,184.0,176.0,174.0,164.0,169.0,170.0,170.0,180.0,172.0,154.0,143.0
23070,Pozo Alcón,municipio,150.0,155.0,156.0,152.0,150.0,152.0,136.0,136.0,137.0,141.0,148.0,141.0,139.0,143.0
23071,Puente de Génave,municipio,74.0,73.0,73.0,65.0,60.0,61.0,68.0,66.0,66.0,61.0,68.0,72.0,74.0,69.0
23072,"Puerta de Segura, La",municipio,82.0,89.0,92.0,84.0,81.0,81.0,81.0,78.0,75.0,72.0,79.0,79.0,72.0,78.0
23073,Quesada,municipio,132.0,135.0,135.0,134.0,131.0,133.0,136.0,144.0,143.0,144.0,144.0,135.0,121.0,112.0
23074,Rus,municipio,83.0,87.0,90.0,91.0,94.0,95.0,86.0,85.0,90.0,84.0,86.0,81.0,70.0,71.0
23075,Sabiote,municipio,82.0,90.0,83.0,86.0,95.0,101.0,92.0,97.0,101.0,97.0,94.0,87.0,81.0,79.0
23076,Santa Elena,municipio,0.0,0.0,0.0,17.0,0.0,0.0,0.0,0.0,0.0,0.0,0.0,0.0,0.0,0.0
23077,Santiago de Calatrava,municipio,0.0,0.0,0.0,0.0,0.0,0.0,0.0,0.0,0.0,0.0,0.0,0.0,0.0,0.0
23079,Santisteban del Puerto,municipio,118.0,111.0,109.0,105.0,115.0,116.0,109.0,104.0,113.0,119.0,121.0,124.0,123.0,122.0
23080,Santo Tomé,municipio,68.0,71.0,65.0,62.0,58.0,57.0,57.0,55.0,56.0,56.0,63.0,57.0,60.0,63.0
23081,Segura de la Sierra,municipio,59.0,60.0,59.0,58.0,58.0,66.0,63.0,62.0,64.0,63.0,61.0,58.0,57.0,56.0
23082,Siles,municipio,53.0,60.0,58.0,58.0,61.0,57.0,59.0,63.0,70.0,65.0,69.0,59.0,57.0,50.0
23084,Sorihuela del Guadalimar,municipio,27.0,28.0,21.0,23.0,22.0,21.0,20.0,18.0,22.0,22.0,22.0,21.0,21.0,24.0
23085,Torreblascopedro,municipio,59.0,58.0,53.0,51.0,46.0,44.0,43.0,37.0,35.0,37.0,39.0,35.0,29.0,28.0
23086,Torredelcampo,municipio,351.0,347.0,342.0,359.0,352.0,347.0,348.0,337.0,348.0,335.0,350.0,340.0,318.0,317.0
23087,Torredonjimeno,municipio,390.0,382.0,397.0,377.0,381.0,369.0,362.0,367.0,359.0,353.0,339.0,334.0,307.0,313.0
23088,Torreperogil,municipio,185.0,168.0,163.0,153.0,156.0,161.0,149.0,152.0,152.0,152.0,155.0,163.0,153.0,159.0
23090,Torres,municipio,37.0,37.0,36.0,35.0,38.0,36.0,36.0,35.0,34.0,33.0,33.0,34.0,25.0,29.0
23091,Torres de Albánchez,municipio,0.0,0.0,0.0,0.0,0.0,0.0,0.0,0.0,0.0,0.0,0.0,0.0,0.0,0.0
23092,Úbeda,municipio,1040.0,1044.0,1038.0,1036.0,1041.0,1048.0,1040.0,1024.0,1031.0,1025.0,1032.0,970.0,943.0,914.0
23093,Valdepeñas de Jaén,municipio,97.0,96.0,98.0,100.0,90.0,96.0,98.0,99.0,100.0,96.0,96.0,92.0,95.0,91.0
23094,Vilches,municipio,93.0,89.0,78.0,87.0,94.0,88.0,89.0,86.0,94.0,95.0,92.0,93.0,101.0,91.0
23095,Villacarrillo,municipio,291.0,294.0,289.0,282.0,277.0,280.0,273.0,265.0,277.0,268.0,273.0,255.0,261.0,243.0
23096,Villanueva de la Reina,municipio,74.0,65.0,63.0,71.0,69.0,74.0,68.0,66.0,60.0,64.0,65.0,52.0,49.0,48.0
23097,Villanueva del Arzobispo,municipio,204.0,195.0,197.0,192.0,191.0,201.0,200.0,213.0,218.0,213.0,222.0,203.0,195.0,192.0
23098,Villardompardo,municipio,15.0,15.0,16.0,14.0,14.0,11.0,13.0,0.0,0.0,0.0,0.0,0.0,0.0,0.0
23099,"Villares, Los",municipio,111.0,113.0,108.0,120.0,105.0,107.0,111.0,122.0,124.0,121.0,122.0,116.0,118.0,114.0
23101,Villarrodrigo,municipio,0.0,0.0,0.0,0.0,0.0,0.0,0.0,0.0,0.0,0.0,0.0,0.0,0.0,0.0
23901,Cárcheles,municipio,26.0,30.0,29.0,28.0,26.0,28.0,29.0,25.0,25.0,21.0,20.0,21.0,21.0,20.0
23902,Bedmar y Garcíez,municipio,59.0,60.0,55.0,58.0,56.0,57.0,52.0,55.0,52.0,52.0,46.0,46.0,45.0,43.0
23903,Villatorres,municipio,75.0,76.0,73.0,74.0,76.0,79.0,79.0,74.0,68.0,71.0,72.0,66.0,72.0,76.0
23904,Santiago-Pontones,municipio,68.0,70.0,75.0,73.0,77.0,73.0,74.0,75.0,80.0,79.0,77.0,79.0,72.0,72.0
23905,Arroyo del Ojanco,municipio,76.0,72.0,73.0,67.0,69.0,69.0,62.0,60.0,68.0,72.0,67.0,68.0,68.0,63.0
23,Jaén,provincia,16122.0,15987.0,15603.0,15527.0,15468.0,15596.0,15429.0,15236.0,15426.0,15368.0,15534.0,14706.0,14354.0,14197.0
24001,Acebedo,municipio,0.0,0.0,0.0,0.0,0.0,0.0,0.0,0.0,0.0,0.0,0.0,0.0,0.0,0.0
24002,Algadefe,municipio,0.0,0.0,0.0,0.0,0.0,0.0,0.0,0.0,0.0,0.0,0.0,0.0,0.0,0.0
24003,Alija del Infantado,municipio,0.0,0.0,0.0,0.0,0.0,0.0,0.0,0.0,0.0,0.0,0.0,0.0,0.0,0.0
24004,Almanza,municipio,0.0,0.0,0.0,0.0,0.0,0.0,0.0,0.0,0.0,0.0,0.0,0.0,0.0,0.0
24005,"Antigua, La",municipio,0.0,0.0,0.0,0.0,0.0,0.0,0.0,0.0,0.0,0.0,0.0,0.0,0.0,0.0
24006,Ardón,municipio,0.0,0.0,0.0,0.0,0.0,0.0,0.0,0.0,0.0,0.0,0.0,0.0,0.0,0.0
24007,Arganza,municipio,0.0,0.0,0.0,0.0,0.0,0.0,0.0,0.0,0.0,0.0,0.0,0.0,0.0,0.0
24008,Astorga,municipio,476.0,456.0,436.0,429.0,411.0,413.0,400.0,401.0,379.0,364.0,369.0,352.0,336.0,321.0
24009,Balboa,municipio,0.0,0.0,0.0,0.0,0.0,0.0,0.0,0.0,0.0,0.0,0.0,0.0,0.0,0.0
24010,"Bañeza, La",municipio,493.0,480.0,467.0,466.0,458.0,450.0,433.0,430.0,422.0,382.0,389.0,350.0,343.0,341.0
24011,Barjas,municipio,0.0,0.0,0.0,0.0,0.0,0.0,0.0,0.0,0.0,0.0,0.0,0.0,0.0,0.0
24012,"Barrios de Luna, Los",municipio,0.0,0.0,0.0,0.0,0.0,0.0,0.0,0.0,0.0,0.0,0.0,0.0,0.0,0.0
24014,Bembibre,municipio,326.0,297.0,293.0,289.0,282.0,267.0,267.0,256.0,248.0,239.0,245.0,214.0,214.0,210.0
24015,Benavides,municipio,102.0,98.0,98.0,96.0,94.0,89.0,87.0,82.0,82.0,76.0,76.0,74.0,73.0,72.0
24016,Benuza,municipio,0.0,0.0,0.0,0.0,0.0,0.0,0.0,0.0,0.0,0.0,0.0,0.0,0.0,0.0
24017,Bercianos del Páramo,municipio,0.0,0.0,0.0,0.0,0.0,0.0,0.0,0.0,0.0,0.0,0.0,0.0,0.0,0.0
24018,Bercianos del Real Camino,municipio,0.0,0.0,0.0,0.0,0.0,0.0,0.0,0.0,0.0,0.0,0.0,0.0,0.0,0.0
24019,Berlanga del Bierzo,municipio,0.0,0.0,0.0,0.0,0.0,0.0,0.0,0.0,0.0,0.0,0.0,0.0,0.0,0.0
24020,Boca de Huérgano,municipio,0.0,0.0,0.0,0.0,0.0,0.0,0.0,0.0,0.0,0.0,0.0,0.0,0.0,0.0
24021,Boñar,municipio,80.0,77.0,73.0,69.0,66.0,66.0,68.0,68.0,59.0,52.0,51.0,50.0,50.0,55.0
24022,Borrenes,municipio,0.0,0.0,0.0,0.0,0.0,0.0,0.0,0.0,0.0,0.0,0.0,0.0,0.0,0.0
24023,Brazuelo,municipio,0.0,0.0,0.0,0.0,0.0,0.0,0.0,0.0,0.0,0.0,0.0,0.0,0.0,0.0
24024,"Burgo Ranero, El",municipio,0.0,0.0,0.0,0.0,0.0,0.0,0.0,0.0,0.0,0.0,0.0,0.0,0.0,0.0
24025,Burón,municipio,0.0,0.0,0.0,0.0,0.0,0.0,0.0,0.0,0.0,0.0,0.0,0.0,0.0,0.0
24026,Bustillo del Páramo,municipio,16.0,18.0,20.0,19.0,18.0,18.0,22.0,19.0,21.0,20.0,19.0,19.0,19.0,18.0
24027,Cabañas Raras,municipio,58.0,55.0,58.0,60.0,56.0,50.0,50.0,45.0,51.0,48.0,42.0,41.0,37.0,39.0
24028,Cabreros del Río,municipio,0.0,0.0,0.0,0.0,0.0,0.0,0.0,0.0,0.0,0.0,0.0,0.0,0.0,0.0
24029,Cabrillanes,municipio,0.0,0.0,0.0,0.0,0.0,0.0,0.0,0.0,0.0,0.0,0.0,0.0,0.0,0.0
24030,Cacabelos,municipio,168.0,157.0,168.0,160.0,154.0,153.0,149.0,158.0,146.0,144.0,142.0,130.0,127.0,122.0
24031,Calzada del Coto,municipio,0.0,0.0,0.0,0.0,0.0,0.0,0.0,0.0,0.0,0.0,0.0,0.0,0.0,0.0
24032,Campazas,municipio,0.0,0.0,0.0,0.0,0.0,0.0,0.0,0.0,0.0,0.0,0.0,0.0,0.0,0.0
24033,Campo de Villavidel,municipio,0.0,0.0,0.0,0.0,0.0,0.0,0.0,0.0,0.0,0.0,0.0,0.0,0.0,0.0
24034,Camponaraya,municipio,140.0,133.0,138.0,150.0,154.0,158.0,153.0,153.0,165.0,161.0,153.0,157.0,160.0,148.0
24036,Valle de Ancares,municipio,0.0,0.0,0.0,0.0,0.0,0.0,0.0,0.0,0.0,0.0,0.0,0.0,0.0,0.0
24037,Cármenes,municipio,0.0,0.0,0.0,0.0,0.0,0.0,0.0,0.0,0.0,0.0,0.0,0.0,0.0,0.0
24038,Carracedelo,municipio,100.0,100.0,96.0,89.0,96.0,100.0,97.0,98.0,85.0,88.0,89.0,90.0,85.0,71.0
24039,Carrizo,municipio,98.0,93.0,89.0,84.0,87.0,83.0,80.0,84.0,88.0,85.0,82.0,76.0,80.0,76.0
24040,Carrocera,municipio,0.0,0.0,0.0,0.0,0.0,0.0,0.0,0.0,0.0,0.0,0.0,0.0,0.0,0.0
24041,Carucedo,municipio,0.0,0.0,0.0,0.0,0.0,0.0,0.0,0.0,0.0,0.0,0.0,0.0,0.0,0.0
24042,Castilfalé,municipio,0.0,0.0,0.0,0.0,0.0,0.0,0.0,0.0,0.0,0.0,0.0,0.0,0.0,0.0
24043,Castrillo de Cabrera,municipio,0.0,0.0,0.0,0.0,0.0,0.0,0.0,0.0,0.0,0.0,0.0,0.0,0.0,0.0
24044,Castrillo de la Valduerna,municipio,0.0,0.0,0.0,0.0,0.0,0.0,0.0,0.0,0.0,0.0,0.0,0.0,0.0,0.0
24046,Castrocalbón,municipio,20.0,19.0,19.0,20.0,20.0,21.0,19.0,0.0,0.0,0.0,0.0,0.0,0.0,0.0
24047,Castrocontrigo,municipio,0.0,0.0,0.0,0.0,0.0,0.0,0.0,0.0,0.0,0.0,0.0,0.0,0.0,0.0
24049,Castropodame,municipio,24.0,26.0,23.0,20.0,20.0,24.0,22.0,21.0,21.0,24.0,24.0,23.0,20.0,23.0
24050,Castrotierra de Valmadrigal,municipio,0.0,0.0,0.0,0.0,0.0,0.0,0.0,0.0,0.0,0.0,0.0,0.0,0.0,0.0
24051,Cea,municipio,0.0,0.0,0.0,0.0,0.0,0.0,0.0,0.0,0.0,0.0,0.0,0.0,0.0,0.0
24052,Cebanico,municipio,0.0,0.0,0.0,0.0,0.0,0.0,0.0,0.0,0.0,0.0,0.0,0.0,0.0,0.0
24053,Cebrones del Río,municipio,0.0,0.0,0.0,0.0,0.0,0.0,0.0,0.0,0.0,0.0,0.0,0.0,0.0,0.0
24054,Cimanes de la Vega,municipio,0.0,0.0,0.0,0.0,0.0,0.0,0.0,0.0,0.0,0.0,0.0,0.0,0.0,0.0
24055,Cimanes del Tejar,municipio,0.0,0.0,0.0,0.0,0.0,0.0,0.0,0.0,0.0,0.0,0.0,0.0,0.0,0.0
24056,Cistierna,municipio,106.0,105.0,105.0,104.0,102.0,104.0,103.0,103.0,101.0,93.0,92.0,92.0,90.0,93.0
24057,Congosto,municipio,49.0,52.0,57.0,57.0,54.0,54.0,54.0,51.0,53.0,53.0,59.0,49.0,49.0,45.0
24058,Corbillos de los Oteros,municipio,0.0,0.0,0.0,0.0,0.0,0.0,0.0,0.0,0.0,0.0,0.0,0.0,0.0,0.0
24059,Corullón,municipio,14.0,12.0,12.0,13.0,0.0,0.0,0.0,0.0,0.0,0.0,0.0,0.0,0.0,0.0
24060,Crémenes,municipio,0.0,0.0,0.0,0.0,0.0,0.0,0.0,0.0,0.0,0.0,0.0,0.0,0.0,0.0
24061,Cuadros,municipio,37.0,36.0,43.0,45.0,44.0,42.0,39.0,35.0,38.0,38.0,41.0,38.0,38.0,38.0
24062,Cubillas de los Oteros,municipio,0.0,0.0,0.0,0.0,0.0,0.0,0.0,0.0,0.0,0.0,0.0,0.0,0.0,0.0
24063,Cubillas de Rueda,municipio,0.0,0.0,0.0,0.0,0.0,0.0,0.0,0.0,0.0,0.0,0.0,0.0,0.0,0.0
24064,Cubillos del Sil,municipio,46.0,38.0,38.0,32.0,30.0,35.0,35.0,38.0,35.0,30.0,33.0,36.0,36.0,34.0
24065,Chozas de Abajo,municipio,56.0,59.0,61.0,54.0,60.0,57.0,58.0,52.0,58.0,55.0,58.0,61.0,59.0,58.0
24066,Destriana,municipio,0.0,0.0,0.0,0.0,0.0,0.0,0.0,0.0,0.0,0.0,0.0,0.0,0.0,0.0
24067,Encinedo,municipio,0.0,0.0,0.0,0.0,0.0,0.0,0.0,0.0,0.0,0.0,0.0,0.0,0.0,0.0
24068,"Ercina, La",municipio,0.0,0.0,0.0,0.0,0.0,0.0,0.0,0.0,0.0,0.0,0.0,0.0,0.0,0.0
24069,Escobar de Campos,municipio,0.0,0.0,0.0,0.0,0.0,0.0,0.0,0.0,0.0,0.0,0.0,0.0,0.0,0.0
24070,Fabero,municipio,124.0,120.0,119.0,114.0,111.0,112.0,99.0,101.0,89.0,93.0,89.0,82.0,81.0,84.0
24071,Folgoso de la Ribera,municipio,12.0,12.0,13.0,14.0,17.0,14.0,13.0,14.0,15.0,18.0,18.0,13.0,15.0,0.0
24073,Fresno de la Vega,municipio,0.0,0.0,0.0,0.0,0.0,0.0,0.0,0.0,0.0,0.0,0.0,0.0,0.0,0.0
24074,Fuentes de Carbajal,municipio,0.0,0.0,0.0,0.0,0.0,0.0,0.0,0.0,0.0,0.0,0.0,0.0,0.0,0.0
24076,Garrafe de Torío,municipio,19.0,22.0,21.0,21.0,0.0,25.0,20.0,19.0,20.0,25.0,25.0,21.0,29.0,0.0
24077,Gordaliza del Pino,municipio,0.0,0.0,0.0,0.0,0.0,0.0,0.0,0.0,0.0,0.0,0.0,0.0,0.0,0.0
24078,Gordoncillo,municipio,0.0,0.0,0.0,0.0,0.0,0.0,0.0,0.0,0.0,0.0,0.0,0.0,0.0,0.0
24079,Gradefes,municipio,12.0,11.0,11.0,0.0,0.0,0.0,0.0,0.0,0.0,0.0,0.0,0.0,0.0,0.0
24080,Grajal de Campos,municipio,0.0,0.0,0.0,0.0,0.0,0.0,0.0,0.0,0.0,0.0,0.0,0.0,0.0,0.0
24081,Gusendos de los Oteros,municipio,0.0,0.0,0.0,0.0,0.0,0.0,0.0,0.0,0.0,0.0,0.0,0.0,0.0,0.0
24082,Hospital de Órbigo,municipio,31.0,33.0,32.0,0.0,0.0,0.0,0.0,0.0,0.0,0.0,0.0,0.0,0.0,0.0
24083,Igüeña,municipio,18.0,16.0,15.0,14.0,16.0,15.0,14.0,16.0,16.0,17.0,16.0,15.0,12.0,14.0
24084,Izagre,municipio,0.0,0.0,0.0,0.0,0.0,0.0,0.0,0.0,0.0,0.0,0.0,0.0,0.0,0.0
24086,Joarilla de las Matas,municipio,0.0,0.0,0.0,0.0,0.0,0.0,0.0,0.0,0.0,0.0,0.0,0.0,0.0,0.0
24087,Laguna Dalga,municipio,0.0,0.0,0.0,0.0,0.0,0.0,0.0,0.0,0.0,0.0,0.0,0.0,0.0,0.0
24088,Laguna de Negrillos,municipio,34.0,36.0,33.0,32.0,30.0,32.0,28.0,30.0,30.0,31.0,30.0,28.0,27.0,26.0
24089,León,municipio,3749.0,3668.0,3545.0,3501.0,3413.0,3313.0,3304.0,3212.0,3179.0,3113.0,3088.0,2785.0,2739.0,2721.0
24090,Lucillo,municipio,0.0,0.0,0.0,0.0,0.0,0.0,0.0,0.0,0.0,0.0,0.0,0.0,0.0,0.0
24091,Luyego,municipio,0.0,0.0,0.0,0.0,0.0,0.0,0.0,0.0,0.0,0.0,0.0,0.0,0.0,0.0
24092,Llamas de la Ribera,municipio,0.0,0.0,0.0,0.0,0.0,0.0,0.0,0.0,0.0,0.0,0.0,0.0,0.0,0.0
24093,Magaz de Cepeda,municipio,0.0,0.0,0.0,0.0,0.0,0.0,0.0,0.0,0.0,0.0,0.0,0.0,0.0,0.0
24094,Mansilla de las Mulas,municipio,91.0,90.0,85.0,77.0,75.0,74.0,76.0,71.0,69.0,71.0,72.0,68.0,64.0,69.0
24095,Mansilla Mayor,municipio,0.0,0.0,0.0,0.0,0.0,0.0,0.0,0.0,0.0,0.0,0.0,0.0,0.0,0.0
24096,Maraña,municipio,0.0,0.0,0.0,0.0,0.0,0.0,0.0,0.0,0.0,0.0,0.0,0.0,0.0,0.0
24097,Matadeón de los Oteros,municipio,0.0,0.0,0.0,0.0,0.0,0.0,0.0,0.0,0.0,0.0,0.0,0.0,0.0,0.0
24098,Matallana de Torío,municipio,30.0,29.0,30.0,31.0,29.0,35.0,33.0,33.0,27.0,28.0,32.0,33.0,29.0,31.0
24099,Matanza,municipio,0.0,0.0,0.0,0.0,0.0,0.0,0.0,0.0,0.0,0.0,0.0,0.0,0.0,0.0
24100,Molinaseca,municipio,0.0,0.0,0.0,0.0,0.0,0.0,0.0,0.0,0.0,0.0,0.0,0.0,0.0,0.0
24101,Murias de Paredes,municipio,0.0,0.0,0.0,0.0,0.0,0.0,0.0,0.0,0.0,0.0,0.0,0.0,0.0,0.0
24102,Noceda del Bierzo,municipio,0.0,0.0,0.0,0.0,0.0,0.0,0.0,0.0,0.0,0.0,0.0,0.0,0.0,0.0
24103,Oencia,municipio,0.0,0.0,0.0,0.0,0.0,0.0,0.0,0.0,0.0,0.0,0.0,0.0,0.0,0.0
24104,"Omañas, Las",municipio,0.0,0.0,0.0,0.0,0.0,0.0,0.0,0.0,0.0,0.0,0.0,0.0,0.0,0.0
24105,Onzonilla,municipio,132.0,129.0,117.0,111.0,115.0,109.0,108.0,109.0,111.0,107.0,104.0,103.0,106.0,105.0
24106,Oseja de Sajambre,municipio,0.0,0.0,0.0,0.0,0.0,0.0,0.0,0.0,0.0,0.0,0.0,0.0,0.0,0.0
24107,Pajares de los Oteros,municipio,0.0,0.0,0.0,0.0,0.0,0.0,0.0,0.0,0.0,0.0,0.0,0.0,0.0,0.0
24108,Palacios de la Valduerna,municipio,0.0,0.0,0.0,0.0,0.0,0.0,0.0,0.0,0.0,0.0,0.0,0.0,0.0,0.0
24109,Palacios del Sil,municipio,16.0,16.0,14.0,16.0,15.0,18.0,19.0,0.0,0.0,0.0,0.0,0.0,0.0,0.0
24110,Páramo del Sil,municipio,26.0,25.0,23.0,20.0,20.0,23.0,22.0,23.0,24.0,22.0,22.0,23.0,20.0,20.0
24112,Peranzanes,municipio,0.0,0.0,0.0,0.0,0.0,0.0,0.0,0.0,0.0,0.0,0.0,0.0,0.0,0.0
24113,Pobladura de Pelayo García,municipio,0.0,0.0,0.0,0.0,0.0,0.0,0.0,0.0,0.0,0.0,0.0,0.0,0.0,0.0
24114,"Pola de Gordón, La",municipio,68.0,69.0,66.0,67.0,62.0,66.0,70.0,72.0,63.0,61.0,66.0,53.0,57.0,57.0
24115,Ponferrada,municipio,2321.0,2308.0,2273.0,2286.0,2266.0,2179.0,2150.0,2114.0,2092.0,1965.0,1946.0,1747.0,1694.0,1676.0
24116,Posada de Valdeón,municipio,0.0,0.0,0.0,0.0,0.0,0.0,0.0,0.0,0.0,0.0,0.0,0.0,0.0,0.0
24117,Pozuelo del Páramo,municipio,0.0,0.0,0.0,0.0,0.0,0.0,0.0,0.0,0.0,0.0,0.0,0.0,0.0,0.0
24118,Prado de la Guzpeña,municipio,0.0,0.0,0.0,0.0,0.0,0.0,0.0,0.0,0.0,0.0,0.0,0.0,0.0,0.0
24119,Priaranza del Bierzo,municipio,0.0,0.0,0.0,0.0,0.0,0.0,0.0,0.0,0.0,0.0,0.0,0.0,0.0,0.0
24120,Prioro,municipio,0.0,0.0,0.0,0.0,0.0,0.0,0.0,0.0,0.0,0.0,0.0,0.0,0.0,0.0
24121,Puebla de Lillo,municipio,0.0,0.0,0.0,0.0,0.0,0.0,0.0,0.0,0.0,0.0,0.0,0.0,0.0,0.0
24122,Puente de Domingo Flórez,municipio,49.0,46.0,50.0,49.0,49.0,48.0,44.0,45.0,47.0,47.0,45.0,39.0,36.0,37.0
24123,Quintana del Castillo,municipio,0.0,0.0,0.0,0.0,0.0,0.0,0.0,0.0,0.0,0.0,0.0,0.0,0.0,0.0
24124,Quintana del Marco,municipio,0.0,0.0,0.0,0.0,0.0,0.0,0.0,0.0,0.0,0.0,0.0,0.0,0.0,0.0
24125,Quintana y Congosto,municipio,0.0,0.0,0.0,0.0,0.0,0.0,0.0,0.0,0.0,0.0,0.0,0.0,0.0,0.0
24127,Regueras de Arriba,municipio,0.0,0.0,0.0,0.0,0.0,0.0,0.0,0.0,0.0,0.0,0.0,0.0,0.0,0.0
24129,Reyero,municipio,0.0,0.0,0.0,0.0,0.0,0.0,0.0,0.0,0.0,0.0,0.0,0.0,0.0,0.0
24130,Riaño,municipio,0.0,0.0,0.0,0.0,0.0,0.0,0.0,0.0,0.0,0.0,0.0,0.0,0.0,0.0
24131,Riego de la Vega,municipio,0.0,0.0,0.0,0.0,0.0,0.0,0.0,0.0,0.0,0.0,0.0,0.0,0.0,0.0
24132,Riello,municipio,0.0,0.0,0.0,0.0,0.0,0.0,0.0,0.0,0.0,0.0,0.0,0.0,0.0,0.0
24133,Rioseco de Tapia,municipio,0.0,0.0,0.0,0.0,0.0,0.0,0.0,0.0,0.0,0.0,0.0,0.0,0.0,0.0
24134,"Robla, La",municipio,93.0,96.0,88.0,84.0,76.0,72.0,72.0,69.0,70.0,72.0,66.0,55.0,54.0,55.0
24136,Roperuelos del Páramo,municipio,0.0,0.0,0.0,0.0,0.0,0.0,0.0,0.0,0.0,0.0,0.0,0.0,0.0,0.0
24137,Sabero,municipio,25.0,24.0,23.0,25.0,26.0,26.0,27.0,26.0,25.0,27.0,22.0,19.0,18.0,19.0
24139,Sahagún,municipio,124.0,123.0,124.0,124.0,128.0,128.0,119.0,117.0,111.0,110.0,103.0,96.0,93.0,92.0
24141,San Adrián del Valle,municipio,0.0,0.0,0.0,0.0,0.0,0.0,0.0,0.0,0.0,0.0,0.0,0.0,0.0,0.0
24142,San Andrés del Rabanedo,municipio,772.0,774.0,772.0,762.0,729.0,731.0,733.0,726.0,703.0,662.0,664.0,647.0,619.0,598.0
24143,Sancedo,municipio,0.0,0.0,0.0,0.0,0.0,0.0,0.0,0.0,0.0,0.0,0.0,0.0,0.0,0.0
24144,San Cristóbal de la Polantera,municipio,0.0,0.0,0.0,0.0,0.0,0.0,0.0,0.0,0.0,0.0,0.0,0.0,0.0,0.0
24145,San Emiliano,municipio,0.0,0.0,0.0,0.0,0.0,0.0,0.0,0.0,0.0,0.0,0.0,0.0,0.0,0.0
24146,San Esteban de Nogales,municipio,0.0,0.0,0.0,0.0,0.0,0.0,0.0,0.0,0.0,0.0,0.0,0.0,0.0,0.0
24148,San Justo de la Vega,municipio,50.0,52.0,51.0,50.0,50.0,50.0,46.0,47.0,46.0,40.0,41.0,42.0,41.0,44.0
24149,San Millán de los Caballeros,municipio,0.0,0.0,0.0,0.0,0.0,0.0,0.0,0.0,0.0,0.0,0.0,0.0,0.0,0.0
24150,San Pedro Bercianos,municipio,0.0,0.0,0.0,0.0,0.0,0.0,0.0,0.0,0.0,0.0,0.0,0.0,0.0,0.0
24151,Santa Colomba de Curueño,municipio,0.0,0.0,0.0,0.0,0.0,0.0,0.0,0.0,0.0,0.0,0.0,0.0,0.0,0.0
24152,Santa Colomba de Somoza,municipio,0.0,0.0,0.0,0.0,0.0,0.0,0.0,0.0,0.0,0.0,0.0,0.0,0.0,0.0
24153,Santa Cristina de Valmadrigal,municipio,0.0,0.0,0.0,0.0,0.0,0.0,0.0,0.0,0.0,0.0,0.0,0.0,0.0,0.0
24154,Santa Elena de Jamuz,municipio,27.0,26.0,25.0,25.0,27.0,31.0,26.0,25.0,25.0,24.0,25.0,23.0,24.0,24.0
24155,Santa María de la Isla,municipio,0.0,0.0,0.0,0.0,0.0,0.0,0.0,0.0,0.0,0.0,0.0,0.0,0.0,0.0
24156,Santa María del Monte de Cea,municipio,0.0,0.0,0.0,0.0,0.0,0.0,0.0,0.0,0.0,0.0,0.0,0.0,0.0,0.0
24157,Santa María del Páramo,municipio,162.0,163.0,159.0,161.0,153.0,151.0,144.0,136.0,139.0,141.0,133.0,135.0,132.0,119.0
24158,Santa María de Ordás,municipio,0.0,0.0,0.0,0.0,0.0,0.0,0.0,0.0,0.0,0.0,0.0,0.0,0.0,0.0
24159,Santa Marina del Rey,municipio,56.0,55.0,50.0,51.0,50.0,48.0,44.0,39.0,37.0,37.0,38.0,34.0,32.0,32.0
24160,Santas Martas,municipio,0.0,0.0,0.0,0.0,0.0,0.0,0.0,0.0,0.0,0.0,0.0,0.0,0.0,0.0
24161,Santiago Millas,municipio,0.0,0.0,0.0,0.0,0.0,0.0,0.0,0.0,0.0,0.0,0.0,0.0,0.0,0.0
24162,Santovenia de la Valdoncina,municipio,121.0,113.0,116.0,118.0,121.0,121.0,122.0,120.0,115.0,119.0,111.0,99.0,98.0,95.0
24163,Sariegos,municipio,137.0,123.0,118.0,128.0,113.0,116.0,121.0,126.0,119.0,113.0,117.0,109.0,98.0,98.0
24164,Sena de Luna,municipio,0.0,0.0,0.0,0.0,0.0,0.0,0.0,0.0,0.0,0.0,0.0,0.0,0.0,0.0
24165,Sobrado,municipio,0.0,0.0,0.0,0.0,0.0,0.0,0.0,0.0,0.0,0.0,0.0,0.0,0.0,0.0
24166,Soto de la Vega,municipio,53.0,55.0,53.0,56.0,60.0,60.0,60.0,55.0,51.0,46.0,47.0,45.0,42.0,44.0
24167,Soto y Amío,municipio,0.0,0.0,0.0,0.0,0.0,0.0,0.0,0.0,0.0,0.0,0.0,0.0,0.0,0.0
24168,Toral de los Guzmanes,municipio,0.0,0.0,0.0,0.0,0.0,0.0,0.0,0.0,0.0,0.0,0.0,0.0,0.0,0.0
24169,Toreno,municipio,86.0,84.0,83.0,80.0,73.0,77.0,68.0,63.0,66.0,62.0,54.0,49.0,47.0,44.0
24170,Torre del Bierzo,municipio,44.0,39.0,36.0,38.0,38.0,41.0,42.0,38.0,41.0,35.0,35.0,34.0,40.0,38.0
24171,Trabadelo,municipio,0.0,0.0,0.0,0.0,0.0,0.0,0.0,0.0,0.0,0.0,0.0,0.0,0.0,0.0
24172,Truchas,municipio,0.0,0.0,0.0,0.0,0.0,0.0,0.0,0.0,0.0,0.0,0.0,0.0,0.0,0.0
24173,Turcia,municipio,26.0,27.0,25.0,24.0,27.0,26.0,24.0,21.0,0.0,0.0,20.0,0.0,0.0,0.0
24174,Urdiales del Páramo,municipio,0.0,0.0,0.0,0.0,0.0,0.0,0.0,0.0,0.0,0.0,0.0,0.0,0.0,0.0
24175,Valdefresno,municipio,118.0,119.0,119.0,119.0,120.0,112.0,105.0,100.0,104.0,101.0,96.0,90.0,94.0,92.0
24176,Valdefuentes del Páramo,municipio,0.0,0.0,0.0,0.0,0.0,0.0,0.0,0.0,0.0,0.0,0.0,0.0,0.0,0.0
24177,Valdelugueros,municipio,0.0,0.0,0.0,0.0,0.0,0.0,0.0,0.0,0.0,0.0,0.0,0.0,0.0,0.0
24178,Valdemora,municipio,0.0,0.0,0.0,0.0,0.0,0.0,0.0,0.0,0.0,0.0,0.0,0.0,0.0,0.0
24179,Valdepiélago,municipio,0.0,0.0,0.0,0.0,0.0,0.0,0.0,0.0,0.0,0.0,0.0,0.0,0.0,0.0
24180,Valdepolo,municipio,23.0,22.0,23.0,28.0,28.0,28.0,22.0,21.0,21.0,20.0,24.0,18.0,17.0,15.0
24181,Valderas,municipio,54.0,48.0,44.0,51.0,48.0,52.0,55.0,52.0,49.0,49.0,45.0,44.0,45.0,44.0
24182,Valderrey,municipio,0.0,0.0,0.0,0.0,0.0,0.0,0.0,0.0,0.0,0.0,0.0,0.0,0.0,0.0
24183,Valderrueda,municipio,32.0,0.0,0.0,0.0,0.0,0.0,0.0,0.0,0.0,0.0,0.0,0.0,0.0,0.0
24184,Valdesamario,municipio,0.0,0.0,0.0,0.0,0.0,0.0,0.0,0.0,0.0,0.0,0.0,0.0,0.0,0.0
24185,Val de San Lorenzo,municipio,0.0,0.0,0.0,0.0,0.0,0.0,0.0,0.0,0.0,0.0,0.0,0.0,0.0,0.0
24187,Valdevimbre,municipio,31.0,31.0,32.0,33.0,0.0,36.0,36.0,35.0,0.0,0.0,0.0,0.0,0.0,0.0
24188,Valencia de Don Juan,municipio,205.0,202.0,191.0,184.0,182.0,186.0,183.0,181.0,185.0,173.0,172.0,161.0,162.0,155.0
24189,Valverde de la Virgen,municipio,168.0,160.0,163.0,159.0,152.0,161.0,173.0,170.0,176.0,173.0,170.0,146.0,154.0,158.0
24190,Valverde-Enrique,municipio,0.0,0.0,0.0,0.0,0.0,0.0,0.0,0.0,0.0,0.0,0.0,0.0,0.0,0.0
24191,Vallecillo,municipio,0.0,0.0,0.0,0.0,0.0,0.0,0.0,0.0,0.0,0.0,0.0,0.0,0.0,0.0
24193,"Vecilla, La",municipio,0.0,0.0,0.0,0.0,0.0,0.0,0.0,0.0,0.0,0.0,0.0,0.0,0.0,0.0
24194,Vegacervera,municipio,0.0,0.0,0.0,0.0,0.0,0.0,0.0,0.0,0.0,0.0,0.0,0.0,0.0,0.0
24196,Vega de Espinareda,municipio,65.0,68.0,65.0,71.0,69.0,66.0,69.0,58.0,60.0,58.0,57.0,50.0,51.0,54.0
24197,Vega de Infanzones,municipio,0.0,0.0,0.0,0.0,0.0,0.0,0.0,0.0,0.0,0.0,0.0,0.0,0.0,0.0
24198,Vega de Valcarce,municipio,0.0,0.0,0.0,0.0,0.0,0.0,0.0,0.0,0.0,0.0,0.0,0.0,0.0,0.0
24199,Vegaquemada,municipio,0.0,0.0,0.0,0.0,0.0,0.0,0.0,0.0,0.0,0.0,0.0,0.0,0.0,0.0
24201,Vegas del Condado,municipio,12.0,14.0,12.0,14.0,18.0,17.0,17.0,14.0,14.0,12.0,12.0,13.0,12.0,14.0
24202,Villablino,municipio,276.0,267.0,255.0,250.0,247.0,243.0,238.0,238.0,231.0,223.0,222.0,203.0,203.0,191.0
24203,Villabraz,municipio,0.0,0.0,0.0,0.0,0.0,0.0,0.0,0.0,0.0,0.0,0.0,0.0,0.0,0.0
24205,Villadangos del Páramo,municipio,41.0,39.0,39.0,39.0,40.0,41.0,44.0,44.0,42.0,39.0,38.0,40.0,44.0,47.0
24206,Toral de los Vados,municipio,64.0,67.0,70.0,70.0,66.0,63.0,66.0,58.0,56.0,53.0,50.0,51.0,47.0,43.0
24207,Villademor de la Vega,municipio,0.0,0.0,0.0,0.0,0.0,0.0,0.0,0.0,0.0,0.0,0.0,0.0,0.0,0.0
24209,Villafranca del Bierzo,municipio,122.0,123.0,125.0,128.0,125.0,132.0,125.0,111.0,108.0,112.0,112.0,98.0,94.0,90.0
24210,Villagatón,municipio,0.0,0.0,0.0,0.0,0.0,0.0,0.0,0.0,0.0,0.0,0.0,0.0,0.0,0.0
24211,Villamandos,municipio,0.0,0.0,0.0,0.0,0.0,0.0,0.0,0.0,0.0,0.0,0.0,0.0,0.0,0.0
24212,Villamañán,municipio,32.0,30.0,28.0,28.0,26.0,22.0,20.0,24.0,28.0,26.0,27.0,21.0,22.0,26.0
24213,Villamartín de Don Sancho,municipio,0.0,0.0,0.0,0.0,0.0,0.0,0.0,0.0,0.0,0.0,0.0,0.0,0.0,0.0
24214,Villamejil,municipio,0.0,0.0,0.0,0.0,0.0,0.0,0.0,0.0,0.0,0.0,0.0,0.0,0.0,0.0
24215,Villamol,municipio,0.0,0.0,0.0,0.0,0.0,0.0,0.0,0.0,0.0,0.0,0.0,0.0,0.0,0.0
24216,Villamontán de la Valduerna,municipio,0.0,0.0,0.0,0.0,0.0,0.0,0.0,0.0,0.0,0.0,0.0,0.0,0.0,0.0
24217,Villamoratiel de las Matas,municipio,0.0,0.0,0.0,0.0,0.0,0.0,0.0,0.0,0.0,0.0,0.0,0.0,0.0,0.0
24218,Villanueva de las Manzanas,municipio,0.0,0.0,0.0,0.0,0.0,0.0,0.0,0.0,0.0,0.0,0.0,0.0,0.0,0.0
24219,Villaobispo de Otero,municipio,0.0,0.0,0.0,0.0,0.0,0.0,0.0,0.0,0.0,0.0,0.0,0.0,0.0,0.0
24221,Villaquejida,municipio,0.0,0.0,0.0,0.0,0.0,0.0,0.0,0.0,0.0,0.0,0.0,0.0,0.0,0.0
24222,Villaquilambre,municipio,408.0,404.0,385.0,412.0,423.0,436.0,418.0,417.0,424.0,420.0,406.0,382.0,370.0,353.0
24223,Villarejo de Órbigo,municipio,93.0,88.0,81.0,86.0,89.0,85.0,83.0,81.0,79.0,70.0,69.0,63.0,62.0,62.0
24224,Villares de Órbigo,municipio,0.0,0.0,0.0,0.0,0.0,0.0,0.0,0.0,0.0,0.0,0.0,0.0,0.0,0.0
24225,Villasabariego,municipio,29.0,27.0,26.0,24.0,25.0,32.0,31.0,37.0,36.0,36.0,35.0,33.0,33.0,28.0
24226,Villaselán,municipio,0.0,0.0,0.0,0.0,0.0,0.0,0.0,0.0,0.0,0.0,0.0,0.0,0.0,0.0
24227,Villaturiel,municipio,67.0,70.0,70.0,67.0,72.0,64.0,72.0,65.0,58.0,61.0,64.0,65.0,65.0,63.0
24228,Villazala,municipio,0.0,0.0,0.0,0.0,0.0,0.0,0.0,0.0,0.0,0.0,0.0,0.0,0.0,0.0
24229,Villazanzo de Valderaduey,municipio,0.0,0.0,0.0,0.0,0.0,0.0,0.0,0.0,0.0,0.0,0.0,0.0,0.0,0.0
24230,Zotes del Páramo,municipio,0.0,0.0,0.0,0.0,0.0,0.0,0.0,0.0,0.0,0.0,0.0,0.0,0.0,0.0
24901,Villamanín,municipio,23.0,23.0,23.0,22.0,24.0,21.0,0.0,0.0,0.0,0.0,0.0,0.0,0.0,0.0
24902,Villaornate y Castro,municipio,0.0,0.0,0.0,0.0,0.0,0.0,0.0,0.0,0.0,0.0,0.0,0.0,0.0,0.0
24,León,provincia,14133.0,13857.0,13545.0,13511.0,13292.0,13093.0,12955.0,12664.0,12509.0,12054.0,11975.0,10999.0,10845.0,10644.0
25001,Abella de la Conca,municipio,0.0,0.0,0.0,0.0,0.0,0.0,0.0,0.0,0.0,0.0,0.0,0.0,0.0,0.0
25002,Àger,municipio,0.0,0.0,0.0,0.0,0.0,0.0,0.0,0.0,0.0,0.0,0.0,0.0,0.0,0.0
25003,Agramunt,municipio,201.0,184.0,188.0,175.0,169.0,161.0,169.0,175.0,184.0,172.0,171.0,168.0,162.0,169.0
25004,"Alamús, Els",municipio,0.0,0.0,0.0,0.0,0.0,0.0,0.0,0.0,0.0,0.0,0.0,0.0,0.0,0.0
25005,Alàs i Cerc,municipio,0.0,0.0,0.0,0.0,0.0,0.0,0.0,0.0,0.0,0.0,0.0,0.0,0.0,0.0
25006,"Albagés, L'",municipio,0.0,0.0,0.0,0.0,0.0,0.0,0.0,0.0,0.0,0.0,0.0,0.0,0.0,0.0
25007,Albatàrrec,municipio,57.0,52.0,50.0,45.0,47.0,48.0,54.0,47.0,46.0,44.0,46.0,47.0,47.0,50.0
25008,Albesa,municipio,34.0,35.0,36.0,37.0,35.0,36.0,32.0,26.0,25.0,22.0,22.0,19.0,21.0,22.0
25009,"Albi, L'",municipio,0.0,0.0,0.0,0.0,0.0,0.0,0.0,0.0,0.0,0.0,0.0,0.0,0.0,0.0
25010,Alcanó,municipio,0.0,0.0,0.0,0.0,0.0,0.0,0.0,0.0,0.0,0.0,0.0,0.0,0.0,0.0
25011,Alcarràs,municipio,232.0,231.0,232.0,221.0,224.0,224.0,241.0,240.0,247.0,237.0,249.0,237.0,236.0,231.0
25012,Alcoletge,municipio,104.0,97.0,91.0,100.0,100.0,103.0,100.0,105.0,102.0,91.0,85.0,83.0,80.0,74.0
25013,Alfarràs,municipio,108.0,103.0,102.0,96.0,89.0,89.0,82.0,89.0,91.0,87.0,88.0,81.0,73.0,72.0
25014,Alfés,municipio,0.0,0.0,0.0,0.0,0.0,0.0,0.0,0.0,0.0,0.0,0.0,0.0,0.0,0.0
25015,Algerri,municipio,0.0,0.0,0.0,0.0,0.0,0.0,0.0,0.0,0.0,0.0,0.0,0.0,0.0,0.0
25016,Alguaire,municipio,79.0,77.0,73.0,69.0,74.0,79.0,73.0,65.0,64.0,61.0,65.0,59.0,59.0,63.0
25017,Alins,municipio,0.0,0.0,0.0,0.0,0.0,0.0,0.0,0.0,0.0,0.0,0.0,0.0,0.0,0.0
25019,Almacelles,municipio,182.0,178.0,173.0,169.0,158.0,165.0,165.0,161.0,157.0,154.0,159.0,144.0,152.0,148.0
25020,Almatret,municipio,0.0,0.0,0.0,0.0,0.0,0.0,0.0,0.0,0.0,0.0,0.0,0.0,0.0,0.0
25021,Almenar,municipio,105.0,103.0,98.0,94.0,87.0,88.0,82.0,80.0,79.0,72.0,71.0,66.0,64.0,64.0
25022,Alòs de Balaguer,municipio,0.0,0.0,0.0,0.0,0.0,0.0,0.0,0.0,0.0,0.0,0.0,0.0,0.0,0.0
25023,Alpicat,municipio,152.0,155.0,152.0,146.0,152.0,153.0,149.0,144.0,138.0,128.0,128.0,125.0,124.0,125.0
25024,Alt Àneu,municipio,0.0,0.0,0.0,0.0,0.0,0.0,0.0,0.0,0.0,0.0,0.0,0.0,0.0,0.0
25025,Naut Aran,municipio,109.0,109.0,102.0,97.0,97.0,97.0,102.0,103.0,105.0,100.0,117.0,113.0,115.0,116.0
25027,Anglesola,municipio,63.0,60.0,60.0,65.0,62.0,61.0,59.0,61.0,60.0,61.0,61.0,54.0,49.0,55.0
25029,Arbeca,municipio,57.0,59.0,57.0,57.0,54.0,56.0,48.0,49.0,46.0,46.0,47.0,39.0,41.0,39.0
25030,"Pont de Bar, El",municipio,0.0,0.0,0.0,0.0,0.0,0.0,0.0,0.0,0.0,0.0,0.0,0.0,0.0,0.0
25031,Arres,municipio,0.0,0.0,0.0,0.0,0.0,0.0,0.0,0.0,0.0,0.0,0.0,0.0,0.0,0.0
25032,Arsèguel,municipio,0.0,0.0,0.0,0.0,0.0,0.0,0.0,0.0,0.0,0.0,0.0,0.0,0.0,0.0
25033,Artesa de Lleida,municipio,40.0,42.0,40.0,38.0,38.0,38.0,38.0,34.0,34.0,35.0,36.0,31.0,32.0,36.0
25034,Artesa de Segre,municipio,137.0,142.0,137.0,130.0,129.0,125.0,126.0,125.0,122.0,124.0,123.0,107.0,101.0,105.0
25035,"Sentiu de Sió, La",municipio,0.0,0.0,0.0,0.0,0.0,0.0,0.0,0.0,0.0,0.0,0.0,0.0,0.0,0.0
25036,Aspa,municipio,0.0,0.0,0.0,0.0,0.0,0.0,0.0,0.0,0.0,0.0,0.0,0.0,0.0,0.0
25037,"Avellanes i Santa Linya, Les",municipio,0.0,0.0,0.0,0.0,0.0,0.0,0.0,0.0,0.0,0.0,0.0,0.0,0.0,0.0
25038,Aitona,municipio,48.0,48.0,48.0,46.0,47.0,50.0,55.0,51.0,50.0,53.0,54.0,58.0,55.0,56.0
25039,Baix Pallars,municipio,0.0,0.0,0.0,0.0,0.0,0.0,0.0,0.0,0.0,0.0,0.0,0.0,0.0,0.0
25040,Balaguer,municipio,524.0,486.0,492.0,487.0,462.0,480.0,476.0,463.0,477.0,475.0,462.0,427.0,428.0,439.0
25041,Barbens,municipio,0.0,0.0,0.0,0.0,0.0,0.0,0.0,0.0,0.0,0.0,0.0,0.0,0.0,0.0
25042,"Baronia de Rialb, La",municipio,0.0,0.0,0.0,0.0,0.0,0.0,0.0,0.0,0.0,0.0,0.0,0.0,0.0,0.0
25043,"Vall de Boí, La",municipio,97.0,93.0,93.0,0.0,84.0,81.0,81.0,84.0,89.0,83.0,83.0,88.0,83.0,81.0
25044,Bassella,municipio,0.0,0.0,0.0,0.0,0.0,0.0,0.0,0.0,0.0,0.0,0.0,0.0,0.0,0.0
25045,Bausen,municipio,0.0,0.0,0.0,0.0,0.0,0.0,0.0,0.0,0.0,0.0,0.0,0.0,0.0,0.0
25046,Belianes,municipio,0.0,0.0,0.0,0.0,0.0,0.0,0.0,0.0,0.0,0.0,0.0,0.0,0.0,0.0
25047,Bellcaire d'Urgell,municipio,42.0,44.0,45.0,40.0,39.0,37.0,37.0,39.0,35.0,35.0,38.0,34.0,30.0,33.0
25048,Bell-lloc d'Urgell,municipio,65.0,63.0,57.0,61.0,57.0,60.0,58.0,61.0,55.0,54.0,55.0,58.0,63.0,57.0
25049,Bellmunt d'Urgell,municipio,0.0,0.0,0.0,0.0,0.0,0.0,0.0,0.0,0.0,0.0,0.0,0.0,0.0,0.0
25050,Bellpuig,municipio,182.0,176.0,170.0,169.0,168.0,167.0,151.0,167.0,159.0,163.0,164.0,149.0,145.0,136.0
25051,Bellver de Cerdanya,municipio,80.0,79.0,84.0,89.0,83.0,85.0,80.0,81.0,84.0,86.0,87.0,83.0,84.0,84.0
25052,Bellvís,municipio,55.0,50.0,49.0,50.0,48.0,41.0,39.0,39.0,41.0,40.0,47.0,35.0,34.0,34.0
25053,Benavent de Segrià,municipio,42.0,45.0,38.0,41.0,42.0,36.0,40.0,42.0,42.0,45.0,45.0,36.0,34.0,35.0
25055,Biosca,municipio,0.0,0.0,0.0,0.0,0.0,0.0,0.0,0.0,0.0,0.0,0.0,0.0,0.0,0.0
25056,Bovera,municipio,0.0,0.0,0.0,0.0,0.0,0.0,0.0,0.0,0.0,0.0,0.0,0.0,0.0,0.0
25057,"Bòrdes, Es",municipio,0.0,0.0,0.0,0.0,0.0,0.0,0.0,0.0,0.0,0.0,0.0,0.0,0.0,0.0
25058,"Borges Blanques, Les",municipio,181.0,175.0,166.0,161.0,159.0,153.0,152.0,161.0,151.0,142.0,141.0,137.0,133.0,134.0
25059,Bossòst,municipio,84.0,82.0,80.0,75.0,72.0,74.0,68.0,65.0,67.0,69.0,68.0,62.0,60.0,60.0
25060,Cabanabona,municipio,0.0,0.0,0.0,0.0,0.0,0.0,0.0,0.0,0.0,0.0,0.0,0.0,0.0,0.0
25061,Cabó,municipio,0.0,0.0,0.0,0.0,0.0,0.0,0.0,0.0,0.0,0.0,0.0,0.0,0.0,0.0
25062,Camarasa,municipio,0.0,0.0,0.0,0.0,0.0,0.0,0.0,0.0,0.0,0.0,0.0,0.0,0.0,0.0
25063,Canejan,municipio,0.0,0.0,0.0,0.0,0.0,0.0,0.0,0.0,0.0,0.0,0.0,0.0,0.0,0.0
25064,Castellar de la Ribera,municipio,0.0,0.0,0.0,0.0,0.0,0.0,0.0,0.0,0.0,0.0,0.0,0.0,0.0,0.0
25067,Castelldans,municipio,31.0,30.0,0.0,0.0,0.0,0.0,0.0,0.0,0.0,0.0,0.0,0.0,0.0,0.0
25068,Castellnou de Seana,municipio,0.0,0.0,0.0,0.0,0.0,0.0,0.0,0.0,0.0,0.0,0.0,0.0,0.0,0.0
25069,Castelló de Farfanya,municipio,0.0,0.0,0.0,0.0,0.0,0.0,0.0,0.0,0.0,0.0,0.0,0.0,0.0,0.0
25070,Castellserà,municipio,19.0,15.0,18.0,14.0,15.0,15.0,18.0,0.0,18.0,0.0,0.0,0.0,0.0,0.0
25071,Cava,municipio,0.0,0.0,0.0,0.0,0.0,0.0,0.0,0.0,0.0,0.0,0.0,0.0,0.0,0.0
25072,Cervera,municipio,321.0,293.0,286.0,291.0,293.0,286.0,277.0,256.0,265.0,270.0,257.0,245.0,249.0,237.0
25073,Cervià de les Garrigues,municipio,0.0,0.0,0.0,0.0,0.0,0.0,0.0,0.0,0.0,0.0,0.0,0.0,0.0,0.0
25074,Ciutadilla,municipio,0.0,0.0,0.0,0.0,0.0,0.0,0.0,0.0,0.0,0.0,0.0,0.0,0.0,0.0
25075,Clariana de Cardener,municipio,0.0,0.0,0.0,0.0,0.0,0.0,0.0,0.0,0.0,0.0,0.0,0.0,0.0,0.0
25076,"Cogul, El",municipio,0.0,0.0,0.0,0.0,0.0,0.0,0.0,0.0,0.0,0.0,0.0,0.0,0.0,0.0
25077,Coll de Nargó,municipio,0.0,0.0,0.0,0.0,0.0,0.0,0.0,0.0,0.0,0.0,0.0,0.0,0.0,0.0
25078,Corbins,municipio,29.0,28.0,25.0,27.0,25.0,24.0,22.0,24.0,26.0,24.0,20.0,18.0,18.0,21.0
25079,Cubells,municipio,0.0,0.0,0.0,0.0,0.0,0.0,0.0,0.0,0.0,0.0,0.0,0.0,0.0,0.0
25081,"Espluga Calba, L'",municipio,0.0,0.0,0.0,0.0,0.0,0.0,0.0,0.0,0.0,0.0,0.0,0.0,0.0,0.0
25082,Espot,municipio,0.0,0.0,0.0,0.0,0.0,0.0,0.0,0.0,0.0,0.0,0.0,0.0,0.0,0.0
25085,Estaràs,municipio,0.0,0.0,0.0,0.0,0.0,0.0,0.0,0.0,0.0,0.0,0.0,0.0,0.0,0.0
25086,Esterri d'Àneu,municipio,0.0,0.0,0.0,0.0,0.0,0.0,0.0,0.0,0.0,0.0,0.0,0.0,0.0,0.0
25087,Esterri de Cardós,municipio,0.0,0.0,0.0,0.0,0.0,0.0,0.0,0.0,0.0,0.0,0.0,0.0,0.0,0.0
25088,Estamariu,municipio,0.0,0.0,0.0,0.0,0.0,0.0,0.0,0.0,0.0,0.0,0.0,0.0,0.0,0.0
25089,Farrera,municipio,0.0,0.0,0.0,0.0,0.0,0.0,0.0,0.0,0.0,0.0,0.0,0.0,0.0,0.0
25092,"Floresta, La",municipio,0.0,0.0,0.0,0.0,0.0,0.0,0.0,0.0,0.0,0.0,0.0,0.0,0.0,0.0
25093,Fondarella,municipio,0.0,0.0,0.0,0.0,0.0,0.0,0.0,0.0,0.0,0.0,0.0,0.0,0.0,0.0
25094,Foradada,municipio,0.0,0.0,0.0,0.0,0.0,0.0,0.0,0.0,0.0,0.0,0.0,0.0,0.0,0.0
25096,"Fuliola, La",municipio,46.0,48.0,45.0,39.0,39.0,39.0,35.0,31.0,33.0,30.0,32.0,26.0,27.0,24.0
25097,Fulleda,municipio,0.0,0.0,0.0,0.0,0.0,0.0,0.0,0.0,0.0,0.0,0.0,0.0,0.0,0.0
25098,Gavet de la Conca,municipio,0.0,0.0,0.0,0.0,0.0,0.0,0.0,0.0,0.0,0.0,0.0,0.0,0.0,0.0
25099,Golmés,municipio,96.0,92.0,90.0,85.0,85.0,84.0,93.0,82.0,79.0,75.0,72.0,73.0,81.0,82.0
25100,Gósol,municipio,0.0,0.0,0.0,0.0,0.0,0.0,0.0,0.0,0.0,0.0,0.0,0.0,0.0,0.0
25101,"Granadella, La",municipio,0.0,0.0,0.0,0.0,0.0,0.0,0.0,0.0,0.0,0.0,0.0,0.0,0.0,0.0
25102,"Granja d'Escarp, La",municipio,0.0,0.0,0.0,0.0,24.0,0.0,0.0,0.0,0.0,0.0,0.0,0.0,0.0,0.0
25103,Granyanella,municipio,0.0,0.0,0.0,0.0,0.0,0.0,0.0,0.0,0.0,0.0,0.0,0.0,0.0,0.0
25104,Granyena de Segarra,municipio,0.0,0.0,0.0,0.0,0.0,0.0,0.0,0.0,0.0,0.0,0.0,0.0,0.0,0.0
25105,Granyena de les Garrigues,municipio,0.0,0.0,0.0,0.0,0.0,0.0,0.0,0.0,0.0,0.0,0.0,0.0,0.0,0.0
25109,Guimerà,municipio,0.0,0.0,0.0,0.0,0.0,0.0,0.0,0.0,0.0,0.0,0.0,0.0,0.0,0.0
25110,Guissona,municipio,216.0,216.0,229.0,261.0,271.0,285.0,289.0,276.0,312.0,307.0,301.0,256.0,263.0,255.0
25111,Guixers,municipio,0.0,0.0,0.0,0.0,0.0,0.0,0.0,0.0,0.0,0.0,0.0,0.0,0.0,0.0
25112,Ivars de Noguera,municipio,0.0,0.0,0.0,0.0,0.0,0.0,0.0,0.0,0.0,0.0,0.0,0.0,0.0,0.0
25113,Ivars d'Urgell,municipio,44.0,39.0,36.0,37.0,35.0,33.0,36.0,36.0,32.0,34.0,32.0,31.0,30.0,27.0
25114,Ivorra,municipio,0.0,0.0,0.0,0.0,0.0,0.0,0.0,0.0,0.0,0.0,0.0,0.0,0.0,0.0
25115,Isona i Conca Dellà,municipio,29.0,29.0,30.0,30.0,28.0,25.0,27.0,27.0,25.0,24.0,24.0,28.0,25.0,25.0
25118,Juncosa,municipio,0.0,0.0,0.0,0.0,0.0,0.0,0.0,0.0,0.0,0.0,0.0,0.0,0.0,0.0
25119,Juneda,municipio,83.0,78.0,79.0,78.0,80.0,78.0,76.0,80.0,79.0,81.0,82.0,69.0,70.0,65.0
25120,Lleida,municipio,4131.0,3965.0,3853.0,3790.0,3775.0,3786.0,3744.0,3647.0,3579.0,3529.0,3533.0,3262.0,3271.0,3209.0
25121,Les,municipio,45.0,41.0,0.0,0.0,0.0,0.0,0.0,0.0,0.0,0.0,0.0,0.0,0.0,35.0
25122,Linyola,municipio,80.0,81.0,84.0,76.0,80.0,75.0,72.0,72.0,69.0,67.0,66.0,61.0,59.0,61.0
25123,Lladorre,municipio,0.0,0.0,0.0,0.0,0.0,0.0,0.0,0.0,0.0,0.0,0.0,0.0,0.0,0.0
25124,Lladurs,municipio,0.0,0.0,0.0,0.0,0.0,0.0,0.0,0.0,0.0,0.0,0.0,0.0,0.0,0.0
25125,Llardecans,municipio,0.0,0.0,0.0,0.0,0.0,0.0,0.0,0.0,0.0,0.0,0.0,0.0,0.0,0.0
25126,Llavorsí,municipio,0.0,0.0,0.0,0.0,0.0,0.0,0.0,0.0,0.0,0.0,0.0,0.0,0.0,0.0
25127,Lles de Cerdanya,municipio,0.0,0.0,0.0,0.0,0.0,0.0,0.0,0.0,0.0,0.0,0.0,0.0,0.0,0.0
25128,Llimiana,municipio,0.0,0.0,0.0,0.0,0.0,0.0,0.0,0.0,0.0,0.0,0.0,0.0,0.0,0.0
25129,Llobera,municipio,0.0,0.0,0.0,0.0,0.0,0.0,0.0,0.0,0.0,0.0,0.0,0.0,0.0,0.0
25130,Maldà,municipio,0.0,0.0,0.0,0.0,0.0,0.0,0.0,0.0,0.0,0.0,0.0,0.0,0.0,0.0
25131,Massalcoreig,municipio,0.0,0.0,0.0,0.0,0.0,0.0,0.0,0.0,0.0,0.0,0.0,0.0,0.0,0.0
25132,Massoteres,municipio,0.0,0.0,0.0,0.0,0.0,0.0,0.0,0.0,0.0,0.0,0.0,0.0,0.0,0.0
25133,Maials,municipio,0.0,0.0,0.0,0.0,0.0,0.0,0.0,0.0,0.0,0.0,0.0,0.0,0.0,0.0
25134,Menàrguens,municipio,0.0,0.0,0.0,0.0,0.0,0.0,0.0,0.0,0.0,0.0,0.0,0.0,0.0,0.0
25135,Miralcamp,municipio,32.0,33.0,38.0,40.0,35.0,33.0,29.0,30.0,31.0,33.0,32.0,28.0,30.0,29.0
25136,"Molsosa, La",municipio,0.0,0.0,0.0,0.0,0.0,0.0,0.0,0.0,0.0,0.0,0.0,0.0,0.0,0.0
25137,Mollerussa,municipio,386.0,371.0,366.0,366.0,339.0,351.0,360.0,337.0,329.0,323.0,329.0,315.0,310.0,300.0
25138,Montgai,municipio,0.0,0.0,0.0,0.0,0.0,0.0,0.0,0.0,0.0,0.0,0.0,0.0,0.0,0.0
25139,Montellà i Martinet,municipio,0.0,0.0,0.0,0.0,0.0,0.0,0.0,0.0,0.0,0.0,0.0,0.0,0.0,0.0
25140,Montferrer i Castellbò,municipio,49.0,46.0,46.0,44.0,46.0,49.0,55.0,48.0,45.0,45.0,46.0,44.0,45.0,44.0
25141,Montoliu de Segarra,municipio,0.0,0.0,0.0,0.0,0.0,0.0,0.0,0.0,0.0,0.0,0.0,0.0,0.0,0.0
25142,Montoliu de Lleida,municipio,0.0,0.0,0.0,0.0,0.0,0.0,0.0,0.0,0.0,0.0,0.0,0.0,0.0,0.0
25143,Montornès de Segarra,municipio,0.0,0.0,0.0,0.0,0.0,0.0,0.0,0.0,0.0,0.0,0.0,0.0,0.0,0.0
25145,Nalec,municipio,0.0,0.0,0.0,0.0,0.0,0.0,0.0,0.0,0.0,0.0,0.0,0.0,0.0,0.0
25146,Navès,municipio,0.0,0.0,0.0,0.0,0.0,0.0,0.0,0.0,0.0,0.0,0.0,0.0,0.0,0.0
25148,Odèn,municipio,0.0,0.0,0.0,0.0,0.0,0.0,0.0,0.0,0.0,0.0,0.0,0.0,0.0,0.0
25149,Oliana,municipio,62.0,60.0,62.0,58.0,62.0,62.0,60.0,61.0,54.0,53.0,55.0,57.0,50.0,52.0
25150,Oliola,municipio,0.0,0.0,0.0,0.0,0.0,0.0,0.0,0.0,0.0,0.0,0.0,0.0,0.0,0.0
25151,Olius,municipio,0.0,0.0,0.0,0.0,0.0,0.0,0.0,0.0,0.0,0.0,0.0,0.0,0.0,31.0
25152,"Oluges, Les",municipio,0.0,0.0,0.0,0.0,0.0,0.0,0.0,0.0,0.0,0.0,0.0,0.0,0.0,0.0
25153,"Omellons, Els",municipio,0.0,0.0,0.0,0.0,0.0,0.0,0.0,0.0,0.0,0.0,0.0,0.0,0.0,0.0
25154,"Omells de na Gaia, Els",municipio,0.0,0.0,0.0,0.0,0.0,0.0,0.0,0.0,0.0,0.0,0.0,0.0,0.0,0.0
25155,Organyà,municipio,0.0,0.0,0.0,0.0,0.0,0.0,0.0,0.0,0.0,0.0,0.0,0.0,0.0,0.0
25156,Os de Balaguer,municipio,0.0,0.0,26.0,26.0,0.0,29.0,37.0,25.0,0.0,0.0,0.0,28.0,25.0,27.0
25157,Ossó de Sió,municipio,0.0,0.0,0.0,0.0,0.0,0.0,0.0,0.0,0.0,0.0,0.0,0.0,0.0,0.0
25158,"Palau d'Anglesola, El",municipio,52.0,57.0,57.0,60.0,61.0,59.0,55.0,56.0,53.0,56.0,52.0,56.0,53.0,50.0
25161,Conca de Dalt,municipio,0.0,0.0,0.0,0.0,0.0,0.0,0.0,0.0,0.0,0.0,0.0,0.0,0.0,0.0
25163,"Coma i la Pedra, La",municipio,0.0,0.0,0.0,0.0,0.0,0.0,0.0,0.0,0.0,0.0,0.0,0.0,0.0,0.0
25164,Penelles,municipio,0.0,0.0,0.0,0.0,0.0,0.0,0.0,0.0,0.0,0.0,0.0,0.0,0.0,0.0
25165,Peramola,municipio,0.0,0.0,0.0,0.0,0.0,0.0,0.0,0.0,0.0,0.0,0.0,0.0,0.0,0.0
25166,Pinell de Solsonès,municipio,0.0,0.0,0.0,0.0,0.0,0.0,0.0,0.0,0.0,0.0,0.0,0.0,0.0,0.0
25167,Pinós,municipio,0.0,0.0,0.0,0.0,0.0,0.0,0.0,0.0,0.0,0.0,0.0,0.0,0.0,0.0
25168,"Poal, El",municipio,0.0,0.0,0.0,0.0,0.0,0.0,0.0,0.0,0.0,0.0,0.0,0.0,0.0,0.0
25169,"Pobla de Cérvoles, La",municipio,0.0,0.0,0.0,0.0,0.0,0.0,0.0,0.0,0.0,0.0,0.0,0.0,0.0,0.0
25170,Bellaguarda,municipio,0.0,0.0,0.0,0.0,0.0,0.0,0.0,0.0,0.0,0.0,0.0,0.0,0.0,0.0
25171,"Pobla de Segur, La",municipio,107.0,107.0,104.0,106.0,92.0,90.0,86.0,88.0,82.0,79.0,73.0,71.0,68.0,69.0
25172,Ponts,municipio,123.0,112.0,105.0,103.0,97.0,102.0,102.0,95.0,102.0,101.0,100.0,86.0,82.0,78.0
25173,"Pont de Suert, El",municipio,110.0,110.0,113.0,106.0,102.0,99.0,92.0,92.0,96.0,89.0,87.0,83.0,83.0,85.0
25174,"Portella, La",municipio,0.0,0.0,0.0,0.0,0.0,0.0,0.0,0.0,0.0,0.0,0.0,0.0,0.0,0.0
25175,Prats i Sansor,municipio,0.0,0.0,0.0,0.0,0.0,0.0,0.0,0.0,0.0,0.0,0.0,0.0,0.0,0.0
25176,Preixana,municipio,0.0,0.0,0.0,0.0,0.0,0.0,0.0,0.0,0.0,0.0,0.0,0.0,0.0,0.0
25177,Preixens,municipio,0.0,0.0,0.0,0.0,0.0,0.0,0.0,0.0,0.0,0.0,0.0,0.0,0.0,0.0
25179,Prullans,municipio,0.0,0.0,0.0,0.0,0.0,0.0,0.0,0.0,0.0,0.0,0.0,0.0,0.0,0.0
25180,Puiggròs,municipio,0.0,0.0,0.0,0.0,0.0,0.0,0.0,0.0,0.0,0.0,0.0,0.0,0.0,0.0
25181,Puigverd d'Agramunt,municipio,0.0,0.0,0.0,0.0,0.0,0.0,0.0,0.0,0.0,0.0,0.0,0.0,0.0,0.0
25182,Puigverd de Lleida,municipio,36.0,35.0,34.0,34.0,34.0,33.0,31.0,30.0,30.0,29.0,31.0,22.0,22.0,21.0
25183,Rialp,municipio,0.0,0.0,0.0,0.0,0.0,0.0,0.0,0.0,0.0,0.0,0.0,0.0,0.0,0.0
25185,Ribera d'Urgellet,municipio,0.0,0.0,0.0,0.0,0.0,0.0,0.0,0.0,0.0,0.0,0.0,0.0,0.0,0.0
25186,Riner,municipio,0.0,0.0,0.0,0.0,0.0,0.0,0.0,0.0,0.0,0.0,0.0,0.0,0.0,0.0
25189,Rosselló,municipio,62.0,62.0,64.0,63.0,66.0,69.0,74.0,63.0,64.0,62.0,64.0,69.0,65.0,60.0
25190,Salàs de Pallars,municipio,0.0,0.0,0.0,0.0,0.0,0.0,0.0,0.0,0.0,0.0,0.0,0.0,0.0,0.0
25191,Sanaüja,municipio,0.0,0.0,0.0,0.0,0.0,0.0,0.0,0.0,0.0,0.0,0.0,0.0,0.0,0.0
25192,Sant Guim de Freixenet,municipio,36.0,34.0,40.0,37.0,36.0,35.0,29.0,26.0,30.0,30.0,29.0,27.0,26.0,23.0
25193,Sant Llorenç de Morunys,municipio,51.0,50.0,0.0,0.0,0.0,0.0,0.0,0.0,0.0,0.0,0.0,0.0,37.0,33.0
25194,Sant Ramon,municipio,0.0,0.0,0.0,0.0,0.0,0.0,0.0,0.0,0.0,0.0,0.0,0.0,0.0,0.0
25196,Sant Esteve de la Sarga,municipio,0.0,0.0,0.0,0.0,0.0,0.0,0.0,0.0,0.0,0.0,0.0,0.0,0.0,0.0
25197,Sant Guim de la Plana,municipio,0.0,0.0,0.0,0.0,0.0,0.0,0.0,0.0,0.0,0.0,0.0,0.0,0.0,0.0
25200,Sarroca de Lleida,municipio,0.0,0.0,0.0,0.0,0.0,0.0,0.0,0.0,0.0,0.0,0.0,0.0,0.0,0.0
25201,Sarroca de Bellera,municipio,0.0,0.0,0.0,0.0,0.0,0.0,0.0,0.0,0.0,0.0,0.0,0.0,0.0,0.0
25202,Senterada,municipio,0.0,0.0,0.0,0.0,0.0,0.0,0.0,0.0,0.0,0.0,0.0,0.0,0.0,0.0
25203,"Seu d'Urgell, La",municipio,520.0,499.0,482.0,470.0,450.0,437.0,438.0,433.0,408.0,391.0,393.0,362.0,370.0,373.0
25204,Seròs,municipio,52.0,50.0,44.0,47.0,43.0,49.0,48.0,53.0,47.0,46.0,44.0,37.0,42.0,44.0
25205,Sidamon,municipio,0.0,0.0,0.0,0.0,0.0,0.0,0.0,0.0,0.0,0.0,0.0,0.0,0.0,0.0
25206,"Soleràs, El",municipio,0.0,0.0,0.0,0.0,0.0,0.0,0.0,0.0,0.0,0.0,0.0,0.0,0.0,0.0
25207,Solsona,municipio,313.0,309.0,311.0,303.0,305.0,301.0,299.0,286.0,295.0,296.0,305.0,284.0,294.0,291.0
25208,Soriguera,municipio,0.0,0.0,0.0,0.0,0.0,0.0,0.0,0.0,0.0,0.0,0.0,0.0,0.0,0.0
25209,Sort,municipio,128.0,125.0,124.0,131.0,141.0,143.0,144.0,131.0,125.0,121.0,129.0,120.0,122.0,117.0
25210,Soses,municipio,51.0,54.0,51.0,53.0,56.0,51.0,50.0,48.0,48.0,46.0,48.0,47.0,42.0,40.0
25211,Sudanell,municipio,0.0,0.0,0.0,0.0,0.0,0.0,0.0,0.0,0.0,0.0,0.0,0.0,0.0,0.0
25212,Sunyer,municipio,0.0,0.0,0.0,0.0,0.0,0.0,0.0,0.0,0.0,0.0,0.0,0.0,0.0,0.0
25215,Talarn,municipio,0.0,0.0,0.0,0.0,0.0,0.0,0.0,0.0,0.0,0.0,0.0,0.0,0.0,0.0
25216,Talavera,municipio,0.0,0.0,0.0,0.0,0.0,0.0,0.0,0.0,0.0,0.0,0.0,0.0,0.0,0.0
25217,Tàrrega,municipio,569.0,552.0,552.0,531.0,513.0,508.0,516.0,514.0,528.0,526.0,539.0,509.0,511.0,502.0
25218,Tarrés,municipio,0.0,0.0,0.0,0.0,0.0,0.0,0.0,0.0,0.0,0.0,0.0,0.0,0.0,0.0
25219,Tarroja de Segarra,municipio,0.0,0.0,0.0,0.0,0.0,0.0,0.0,0.0,0.0,0.0,0.0,0.0,0.0,0.0
25220,Térmens,municipio,47.0,48.0,48.0,49.0,48.0,46.0,48.0,46.0,47.0,47.0,43.0,30.0,34.0,34.0
25221,Tírvia,municipio,0.0,0.0,0.0,0.0,0.0,0.0,0.0,0.0,0.0,0.0,0.0,0.0,0.0,0.0
25222,Tiurana,municipio,0.0,0.0,0.0,0.0,0.0,0.0,0.0,0.0,0.0,0.0,0.0,0.0,0.0,0.0
25223,Torà,municipio,45.0,43.0,42.0,43.0,46.0,43.0,45.0,45.0,48.0,47.0,47.0,41.0,44.0,43.0
25224,"Torms, Els",municipio,0.0,0.0,0.0,0.0,0.0,0.0,0.0,0.0,0.0,0.0,0.0,0.0,0.0,0.0
25225,Tornabous,municipio,0.0,0.0,0.0,0.0,0.0,0.0,0.0,0.0,0.0,0.0,0.0,0.0,0.0,0.0
25226,Torrebesses,municipio,0.0,0.0,0.0,0.0,0.0,0.0,0.0,0.0,0.0,0.0,0.0,0.0,0.0,0.0
25227,"Torre de Cabdella, La",municipio,0.0,0.0,0.0,0.0,0.0,0.0,0.0,0.0,0.0,0.0,0.0,0.0,0.0,0.0
25228,Torrefarrera,municipio,202.0,206.0,216.0,204.0,210.0,214.0,231.0,219.0,207.0,203.0,199.0,199.0,199.0,209.0
25230,Torregrossa,municipio,57.0,68.0,68.0,68.0,74.0,73.0,71.0,63.0,61.0,61.0,57.0,52.0,51.0,46.0
25231,Torrelameu,municipio,0.0,0.0,0.0,0.0,0.0,0.0,0.0,0.0,0.0,0.0,0.0,0.0,0.0,0.0
25232,Torres de Segre,municipio,81.0,82.0,84.0,78.0,79.0,81.0,75.0,73.0,69.0,71.0,70.0,63.0,60.0,58.0
25233,Torre-serona,municipio,0.0,0.0,0.0,0.0,0.0,0.0,0.0,0.0,0.0,0.0,0.0,0.0,0.0,0.0
25234,Tremp,municipio,205.0,200.0,194.0,184.0,179.0,170.0,174.0,176.0,177.0,171.0,164.0,164.0,158.0,156.0
25238,Vallbona de les Monges,municipio,0.0,0.0,0.0,0.0,0.0,0.0,0.0,0.0,0.0,0.0,0.0,0.0,0.0,0.0
25239,"Valls de Valira, Les",municipio,0.0,0.0,0.0,0.0,0.0,0.0,0.0,0.0,0.0,0.0,0.0,0.0,0.0,0.0
25240,Vallfogona de Balaguer,municipio,80.0,77.0,81.0,79.0,73.0,75.0,71.0,68.0,70.0,67.0,66.0,63.0,65.0,64.0
25242,Verdú,municipio,27.0,29.0,27.0,0.0,0.0,0.0,0.0,0.0,0.0,0.0,0.0,0.0,0.0,0.0
25243,Vielha e Mijaran,municipio,257.0,239.0,239.0,237.0,243.0,247.0,243.0,248.0,257.0,247.0,246.0,247.0,238.0,237.0
25244,Vilagrassa,municipio,0.0,0.0,0.0,0.0,0.0,0.0,0.0,0.0,0.0,0.0,0.0,0.0,0.0,0.0
25245,Vilaller,municipio,0.0,0.0,0.0,0.0,0.0,0.0,0.0,0.0,0.0,0.0,0.0,0.0,0.0,0.0
25247,Vilamòs,municipio,0.0,0.0,0.0,0.0,0.0,0.0,0.0,0.0,0.0,0.0,0.0,0.0,0.0,0.0
25248,Vilanova de Bellpuig,municipio,26.0,26.0,24.0,25.0,24.0,20.0,22.0,24.0,20.0,14.0,17.0,16.0,15.0,15.0
25249,Vilanova de l'Aguda,municipio,0.0,0.0,0.0,0.0,0.0,0.0,0.0,0.0,0.0,0.0,0.0,0.0,0.0,0.0
25250,Vilanova de Meià,municipio,0.0,0.0,0.0,0.0,0.0,0.0,0.0,0.0,0.0,0.0,0.0,0.0,0.0,0.0
25251,Vilanova de Segrià,municipio,0.0,0.0,0.0,0.0,0.0,0.0,0.0,0.0,0.0,0.0,0.0,32.0,29.0,26.0
25252,Vila-sana,municipio,0.0,0.0,0.0,0.0,0.0,0.0,0.0,0.0,0.0,0.0,0.0,0.0,0.0,0.0
25253,"Vilosell, El",municipio,0.0,0.0,0.0,0.0,0.0,0.0,0.0,0.0,0.0,0.0,0.0,0.0,0.0,0.0
25254,Vilanova de la Barca,municipio,36.0,33.0,36.0,35.0,39.0,36.0,35.0,34.0,32.0,32.0,31.0,35.0,35.0,38.0
25255,Vinaixa,municipio,0.0,0.0,0.0,0.0,0.0,0.0,0.0,0.0,0.0,0.0,0.0,0.0,0.0,0.0
25901,Vall de Cardós,municipio,0.0,0.0,0.0,0.0,0.0,0.0,0.0,0.0,0.0,0.0,0.0,0.0,0.0,0.0
25902,Sant Martí de Riucorb,municipio,0.0,0.0,0.0,0.0,0.0,0.0,0.0,0.0,0.0,0.0,0.0,0.0,0.0,0.0
25903,"Guingueta d'Àneu, La",municipio,0.0,0.0,0.0,0.0,0.0,0.0,0.0,0.0,0.0,0.0,0.0,0.0,0.0,0.0
25904,Castell de Mur,municipio,0.0,0.0,0.0,0.0,0.0,0.0,0.0,0.0,0.0,0.0,0.0,0.0,0.0,0.0
25905,Ribera d'Ondara,municipio,0.0,0.0,0.0,0.0,0.0,0.0,0.0,0.0,0.0,0.0,0.0,0.0,0.0,0.0
25906,"Valls d'Aguilar, Les",municipio,0.0,0.0,0.0,0.0,0.0,0.0,0.0,0.0,0.0,0.0,0.0,0.0,0.0,0.0
25907,Torrefeta i Florejacs,municipio,0.0,0.0,0.0,0.0,0.0,0.0,0.0,0.0,0.0,0.0,0.0,0.0,0.0,0.0
25908,Fígols i Alinyà,municipio,0.0,0.0,0.0,0.0,0.0,0.0,0.0,0.0,0.0,0.0,0.0,0.0,0.0,0.0
25909,"Vansa i Fórnols, La",municipio,0.0,0.0,0.0,0.0,0.0,0.0,0.0,0.0,0.0,0.0,0.0,0.0,0.0,0.0
25910,Josa i Tuixén,municipio,0.0,0.0,0.0,0.0,0.0,0.0,0.0,0.0,0.0,0.0,0.0,0.0,0.0,0.0
25911,"Plans de Sió, Els",municipio,0.0,0.0,0.0,0.0,0.0,0.0,0.0,0.0,0.0,0.0,0.0,0.0,0.0,0.0
25912,Gimenells i el Pla de la Font,municipio,32.0,32.0,29.0,27.0,29.0,25.0,24.0,25.0,28.0,25.0,23.0,23.0,24.0,25.0
25913,Riu de Cerdanya,municipio,0.0,0.0,0.0,0.0,0.0,0.0,0.0,0.0,0.0,0.0,0.0,0.0,0.0,0.0
25,Lleida,provincia,14023.0,13563.0,13333.0,13114.0,12960.0,12969.0,12885.0,12576.0,12495.0,12272.0,12278.0,11495.0,11454.0,11326.0
26001,Ábalos,municipio,0.0,0.0,0.0,0.0,0.0,0.0,0.0,0.0,0.0,0.0,0.0,0.0,0.0,0.0
26002,Agoncillo,municipio,29.0,29.0,32.0,32.0,32.0,35.0,35.0,34.0,36.0,38.0,39.0,39.0,44.0,43.0
26003,Aguilar del Río Alhama,municipio,0.0,0.0,0.0,0.0,0.0,0.0,0.0,0.0,0.0,0.0,0.0,0.0,0.0,0.0
26004,Ajamil de Cameros,municipio,0.0,0.0,0.0,0.0,0.0,0.0,0.0,0.0,0.0,0.0,0.0,0.0,0.0,0.0
26005,Albelda de Iregua,municipio,86.0,84.0,78.0,78.0,71.0,73.0,67.0,69.0,75.0,77.0,78.0,74.0,73.0,68.0
26006,Alberite,municipio,61.0,67.0,66.0,57.0,64.0,61.0,63.0,57.0,56.0,64.0,55.0,48.0,51.0,51.0
26007,Alcanadre,municipio,0.0,0.0,0.0,0.0,0.0,0.0,0.0,0.0,0.0,0.0,0.0,0.0,0.0,0.0
26008,Aldeanueva de Ebro,municipio,62.0,59.0,61.0,61.0,58.0,58.0,57.0,43.0,45.0,48.0,45.0,45.0,42.0,43.0
26009,Alesanco,municipio,0.0,0.0,0.0,0.0,0.0,0.0,0.0,0.0,0.0,0.0,0.0,0.0,0.0,0.0
26010,Alesón,municipio,0.0,0.0,0.0,0.0,0.0,0.0,0.0,0.0,0.0,0.0,0.0,0.0,0.0,0.0
26011,Alfaro,municipio,239.0,248.0,247.0,244.0,241.0,245.0,241.0,235.0,231.0,228.0,222.0,202.0,201.0,207.0
26012,Almarza de Cameros,municipio,0.0,0.0,0.0,0.0,0.0,0.0,0.0,0.0,0.0,0.0,0.0,0.0,0.0,0.0
26013,Anguciana,municipio,0.0,0.0,0.0,0.0,0.0,0.0,0.0,0.0,0.0,0.0,0.0,0.0,0.0,0.0
26014,Anguiano,municipio,0.0,0.0,0.0,0.0,0.0,0.0,0.0,0.0,0.0,0.0,0.0,0.0,0.0,0.0
26015,Arenzana de Abajo,municipio,0.0,0.0,0.0,0.0,0.0,0.0,0.0,0.0,0.0,0.0,0.0,0.0,0.0,0.0
26016,Arenzana de Arriba,municipio,0.0,0.0,0.0,0.0,0.0,0.0,0.0,0.0,0.0,0.0,0.0,0.0,0.0,0.0
26017,Arnedillo,municipio,0.0,0.0,0.0,0.0,0.0,0.0,0.0,0.0,0.0,0.0,0.0,0.0,0.0,0.0
26018,Arnedo,municipio,453.0,440.0,430.0,438.0,426.0,432.0,413.0,394.0,398.0,396.0,390.0,372.0,364.0,365.0
26019,Arrúbal,municipio,0.0,0.0,0.0,0.0,0.0,0.0,0.0,0.0,0.0,0.0,0.0,0.0,0.0,0.0
26020,Ausejo,municipio,13.0,16.0,12.0,0.0,0.0,0.0,0.0,0.0,0.0,0.0,0.0,0.0,0.0,0.0
26021,Autol,municipio,91.0,100.0,105.0,104.0,99.0,106.0,98.0,87.0,86.0,80.0,83.0,81.0,85.0,86.0
26022,Azofra,municipio,0.0,0.0,0.0,0.0,0.0,0.0,0.0,0.0,0.0,0.0,0.0,0.0,0.0,0.0
26023,Badarán,municipio,0.0,0.0,0.0,0.0,0.0,0.0,0.0,0.0,0.0,0.0,0.0,0.0,0.0,0.0
26024,Bañares,municipio,0.0,0.0,0.0,0.0,0.0,0.0,0.0,0.0,0.0,0.0,0.0,0.0,0.0,0.0
26025,Baños de Rioja,municipio,0.0,0.0,0.0,0.0,0.0,0.0,0.0,0.0,0.0,0.0,0.0,0.0,0.0,0.0
26026,Baños de Río Tobía,municipio,58.0,61.0,57.0,60.0,56.0,56.0,55.0,49.0,51.0,46.0,48.0,51.0,46.0,45.0
26027,Berceo,municipio,0.0,0.0,0.0,0.0,0.0,0.0,0.0,0.0,0.0,0.0,0.0,0.0,0.0,0.0
26028,Bergasa,municipio,0.0,0.0,0.0,0.0,0.0,0.0,0.0,0.0,0.0,0.0,0.0,0.0,0.0,0.0
26029,Bergasillas Bajera,municipio,0.0,0.0,0.0,0.0,0.0,0.0,0.0,0.0,0.0,0.0,0.0,0.0,0.0,0.0
26030,Bezares,municipio,0.0,0.0,0.0,0.0,0.0,0.0,0.0,0.0,0.0,0.0,0.0,0.0,0.0,0.0
26031,Bobadilla,municipio,0.0,0.0,0.0,0.0,0.0,0.0,0.0,0.0,0.0,0.0,0.0,0.0,0.0,0.0
26032,Brieva de Cameros,municipio,0.0,0.0,0.0,0.0,0.0,0.0,0.0,0.0,0.0,0.0,0.0,0.0,0.0,0.0
26033,Briñas,municipio,0.0,0.0,0.0,0.0,0.0,0.0,0.0,0.0,0.0,0.0,0.0,0.0,0.0,0.0
26034,Briones,municipio,0.0,0.0,0.0,0.0,0.0,0.0,0.0,0.0,0.0,0.0,0.0,0.0,0.0,0.0
26035,Cabezón de Cameros,municipio,0.0,0.0,0.0,0.0,0.0,0.0,0.0,0.0,0.0,0.0,0.0,0.0,0.0,0.0
26036,Calahorra,municipio,743.0,713.0,699.0,692.0,689.0,673.0,672.0,643.0,640.0,620.0,614.0,576.0,587.0,597.0
26037,Camprovín,municipio,0.0,0.0,0.0,0.0,0.0,0.0,0.0,0.0,0.0,0.0,0.0,0.0,0.0,0.0
26038,Canales de la Sierra,municipio,0.0,0.0,0.0,0.0,0.0,0.0,0.0,0.0,0.0,0.0,0.0,0.0,0.0,0.0
26039,Canillas de Río Tuerto,municipio,0.0,0.0,0.0,0.0,0.0,0.0,0.0,0.0,0.0,0.0,0.0,0.0,0.0,0.0
26040,Cañas,municipio,0.0,0.0,0.0,0.0,0.0,0.0,0.0,0.0,0.0,0.0,0.0,0.0,0.0,0.0
26041,Cárdenas,municipio,0.0,0.0,0.0,0.0,0.0,0.0,0.0,0.0,0.0,0.0,0.0,0.0,0.0,0.0
26042,Casalarreina,municipio,21.0,22.0,25.0,27.0,29.0,27.0,32.0,30.0,32.0,35.0,36.0,35.0,37.0,34.0
26043,Castañares de Rioja,municipio,0.0,0.0,0.0,0.0,0.0,0.0,0.0,0.0,0.0,0.0,0.0,0.0,0.0,0.0
26044,Castroviejo,municipio,0.0,0.0,0.0,0.0,0.0,0.0,0.0,0.0,0.0,0.0,0.0,0.0,0.0,0.0
26045,Cellorigo,municipio,0.0,0.0,0.0,0.0,0.0,0.0,0.0,0.0,0.0,0.0,0.0,0.0,0.0,0.0
26046,Cenicero,municipio,56.0,52.0,58.0,49.0,51.0,53.0,53.0,52.0,56.0,49.0,54.0,56.0,56.0,57.0
26047,Cervera del Río Alhama,municipio,64.0,66.0,69.0,71.0,71.0,66.0,60.0,56.0,57.0,57.0,54.0,47.0,46.0,49.0
26048,Cidamón,municipio,0.0,0.0,0.0,0.0,0.0,0.0,0.0,0.0,0.0,0.0,0.0,0.0,0.0,0.0
26049,Cihuri,municipio,0.0,0.0,0.0,0.0,0.0,0.0,0.0,0.0,0.0,0.0,0.0,0.0,0.0,0.0
26050,Cirueña,municipio,0.0,0.0,0.0,0.0,0.0,0.0,0.0,0.0,0.0,0.0,0.0,0.0,0.0,0.0
26051,Clavijo,municipio,0.0,0.0,0.0,0.0,0.0,0.0,0.0,0.0,0.0,0.0,0.0,0.0,0.0,0.0
26052,Cordovín,municipio,0.0,0.0,0.0,0.0,0.0,0.0,0.0,0.0,0.0,0.0,0.0,0.0,0.0,0.0
26053,Corera,municipio,0.0,0.0,0.0,0.0,0.0,0.0,0.0,0.0,0.0,0.0,0.0,0.0,0.0,0.0
26054,Cornago,municipio,0.0,0.0,0.0,0.0,0.0,0.0,0.0,0.0,0.0,0.0,0.0,0.0,0.0,0.0
26055,Corporales,municipio,0.0,0.0,0.0,0.0,0.0,0.0,0.0,0.0,0.0,0.0,0.0,0.0,0.0,0.0
26056,Cuzcurrita de Río Tirón,municipio,0.0,0.0,0.0,0.0,0.0,0.0,0.0,0.0,0.0,0.0,0.0,0.0,0.0,0.0
26057,Daroca de Rioja,municipio,0.0,0.0,0.0,0.0,0.0,0.0,0.0,0.0,0.0,0.0,0.0,0.0,0.0,0.0
26058,Enciso,municipio,0.0,0.0,0.0,0.0,0.0,0.0,0.0,0.0,0.0,0.0,0.0,0.0,0.0,0.0
26059,Entrena,municipio,49.0,51.0,52.0,55.0,51.0,52.0,52.0,49.0,52.0,51.0,50.0,53.0,49.0,53.0
26060,Estollo,municipio,0.0,0.0,0.0,0.0,0.0,0.0,0.0,0.0,0.0,0.0,0.0,0.0,0.0,0.0
26061,Ezcaray,municipio,84.0,80.0,85.0,86.0,85.0,89.0,84.0,81.0,80.0,81.0,80.0,80.0,79.0,77.0
26062,Foncea,municipio,0.0,0.0,0.0,0.0,0.0,0.0,0.0,0.0,0.0,0.0,0.0,0.0,0.0,0.0
26063,Fonzaleche,municipio,0.0,0.0,0.0,0.0,0.0,0.0,0.0,0.0,0.0,0.0,0.0,0.0,0.0,0.0
26064,Fuenmayor,municipio,76.0,82.0,74.0,74.0,71.0,77.0,79.0,75.0,81.0,78.0,83.0,78.0,71.0,69.0
26065,Galbárruli,municipio,0.0,0.0,0.0,0.0,0.0,0.0,0.0,0.0,0.0,0.0,0.0,0.0,0.0,0.0
26066,Galilea,municipio,0.0,0.0,0.0,0.0,0.0,0.0,0.0,0.0,0.0,0.0,0.0,0.0,0.0,0.0
26067,Gallinero de Cameros,municipio,0.0,0.0,0.0,0.0,0.0,0.0,0.0,0.0,0.0,0.0,0.0,0.0,0.0,0.0
26068,Gimileo,municipio,0.0,0.0,0.0,0.0,0.0,0.0,0.0,0.0,0.0,0.0,0.0,0.0,0.0,0.0
26069,Grañón,municipio,0.0,0.0,0.0,0.0,0.0,0.0,0.0,0.0,0.0,0.0,0.0,0.0,0.0,0.0
26070,Grávalos,municipio,0.0,0.0,0.0,0.0,0.0,0.0,0.0,0.0,0.0,0.0,0.0,0.0,0.0,0.0
26071,Haro,municipio,358.0,366.0,360.0,346.0,339.0,343.0,341.0,343.0,336.0,314.0,322.0,307.0,299.0,298.0
26072,Herce,municipio,0.0,0.0,0.0,0.0,0.0,0.0,0.0,0.0,0.0,0.0,0.0,0.0,0.0,0.0
26073,Herramélluri,municipio,0.0,0.0,0.0,0.0,0.0,0.0,0.0,0.0,0.0,0.0,0.0,0.0,0.0,0.0
26074,Hervías,municipio,0.0,0.0,0.0,0.0,0.0,0.0,0.0,0.0,0.0,0.0,0.0,0.0,0.0,0.0
26075,Hormilla,municipio,0.0,0.0,0.0,0.0,0.0,0.0,0.0,0.0,0.0,0.0,0.0,0.0,0.0,0.0
26076,Hormilleja,municipio,0.0,0.0,0.0,0.0,0.0,0.0,0.0,0.0,0.0,0.0,0.0,0.0,0.0,0.0
26077,Hornillos de Cameros,municipio,0.0,0.0,0.0,0.0,0.0,0.0,0.0,0.0,0.0,0.0,0.0,0.0,0.0,0.0
26078,Hornos de Moncalvillo,municipio,0.0,0.0,0.0,0.0,0.0,0.0,0.0,0.0,0.0,0.0,0.0,0.0,0.0,0.0
26079,Huércanos,municipio,0.0,0.0,0.0,0.0,0.0,0.0,0.0,0.0,0.0,0.0,0.0,0.0,0.0,0.0
26080,Igea,municipio,0.0,0.0,0.0,0.0,0.0,0.0,0.0,0.0,0.0,0.0,0.0,0.0,0.0,0.0
26081,Jalón de Cameros,municipio,0.0,0.0,0.0,0.0,0.0,0.0,0.0,0.0,0.0,0.0,0.0,0.0,0.0,0.0
26082,Laguna de Cameros,municipio,0.0,0.0,0.0,0.0,0.0,0.0,0.0,0.0,0.0,0.0,0.0,0.0,0.0,0.0
26083,Lagunilla del Jubera,municipio,0.0,0.0,0.0,0.0,0.0,0.0,0.0,0.0,0.0,0.0,0.0,0.0,0.0,0.0
26084,Lardero,municipio,251.0,258.0,282.0,284.0,281.0,291.0,294.0,280.0,287.0,290.0,302.0,280.0,289.0,295.0
26086,Ledesma de la Cogolla,municipio,0.0,0.0,0.0,0.0,0.0,0.0,0.0,0.0,0.0,0.0,0.0,0.0,0.0,0.0
26087,Leiva,municipio,0.0,0.0,0.0,0.0,0.0,0.0,0.0,0.0,0.0,0.0,0.0,0.0,0.0,0.0
26088,Leza de Río Leza,municipio,0.0,0.0,0.0,0.0,0.0,0.0,0.0,0.0,0.0,0.0,0.0,0.0,0.0,0.0
26089,Logroño,municipio,3857.0,3858.0,3767.0,3769.0,3699.0,3678.0,3647.0,3460.0,3449.0,3399.0,3382.0,3185.0,3126.0,3137.0
26091,Lumbreras de Cameros,municipio,0.0,0.0,0.0,0.0,0.0,0.0,0.0,0.0,0.0,0.0,0.0,0.0,0.0,0.0
26092,Manjarrés,municipio,0.0,0.0,0.0,0.0,0.0,0.0,0.0,0.0,0.0,0.0,0.0,0.0,0.0,0.0
26093,Mansilla de la Sierra,municipio,0.0,0.0,0.0,0.0,0.0,0.0,0.0,0.0,0.0,0.0,0.0,0.0,0.0,0.0
26094,Manzanares de Rioja,municipio,0.0,0.0,0.0,0.0,0.0,0.0,0.0,0.0,0.0,0.0,0.0,0.0,0.0,0.0
26095,Matute,municipio,0.0,0.0,0.0,0.0,0.0,0.0,0.0,0.0,0.0,0.0,0.0,0.0,0.0,0.0
26096,Medrano,municipio,0.0,0.0,0.0,0.0,0.0,0.0,0.0,0.0,0.0,0.0,0.0,0.0,0.0,0.0
26098,Munilla,municipio,0.0,0.0,0.0,0.0,0.0,0.0,0.0,0.0,0.0,0.0,0.0,0.0,0.0,0.0
26099,Murillo de Río Leza,municipio,45.0,43.0,43.0,40.0,37.0,39.0,41.0,42.0,43.0,43.0,43.0,39.0,39.0,35.0
26100,Muro de Aguas,municipio,0.0,0.0,0.0,0.0,0.0,0.0,0.0,0.0,0.0,0.0,0.0,0.0,0.0,0.0
26101,Muro en Cameros,municipio,0.0,0.0,0.0,0.0,0.0,0.0,0.0,0.0,0.0,0.0,0.0,0.0,0.0,0.0
26102,Nájera,municipio,326.0,328.0,311.0,302.0,281.0,285.0,278.0,277.0,269.0,265.0,264.0,255.0,256.0,248.0
26103,Nalda,municipio,32.0,27.0,0.0,0.0,0.0,0.0,0.0,0.0,30.0,30.0,28.0,25.0,26.0,27.0
26104,Navajún,municipio,0.0,0.0,0.0,0.0,0.0,0.0,0.0,0.0,0.0,0.0,0.0,0.0,0.0,0.0
26105,Navarrete,municipio,87.0,89.0,84.0,98.0,98.0,97.0,105.0,95.0,91.0,88.0,91.0,86.0,80.0,86.0
26106,Nestares,municipio,0.0,0.0,0.0,0.0,0.0,0.0,0.0,0.0,0.0,0.0,0.0,0.0,0.0,0.0
26107,Nieva de Cameros,municipio,0.0,0.0,0.0,0.0,0.0,0.0,0.0,0.0,0.0,0.0,0.0,0.0,0.0,0.0
26108,Ocón,municipio,0.0,0.0,0.0,0.0,0.0,0.0,0.0,0.0,0.0,0.0,0.0,0.0,0.0,0.0
26109,Ochánduri,municipio,0.0,0.0,0.0,0.0,0.0,0.0,0.0,0.0,0.0,0.0,0.0,0.0,0.0,0.0
26110,Ojacastro,municipio,0.0,0.0,0.0,0.0,0.0,0.0,0.0,0.0,0.0,0.0,0.0,0.0,0.0,0.0
26111,Ollauri,municipio,0.0,0.0,0.0,0.0,0.0,0.0,0.0,0.0,0.0,0.0,0.0,0.0,0.0,0.0
26112,Ortigosa de Cameros,municipio,0.0,0.0,0.0,0.0,0.0,0.0,0.0,0.0,0.0,0.0,0.0,0.0,0.0,0.0
26113,Pazuengos,municipio,0.0,0.0,0.0,0.0,0.0,0.0,0.0,0.0,0.0,0.0,0.0,0.0,0.0,0.0
26114,Pedroso,municipio,0.0,0.0,0.0,0.0,0.0,0.0,0.0,0.0,0.0,0.0,0.0,0.0,0.0,0.0
26115,Pinillos,municipio,0.0,0.0,0.0,0.0,0.0,0.0,0.0,0.0,0.0,0.0,0.0,0.0,0.0,0.0
26117,Pradejón,municipio,96.0,95.0,97.0,86.0,85.0,89.0,85.0,81.0,79.0,78.0,75.0,69.0,73.0,81.0
26118,Pradillo,municipio,0.0,0.0,0.0,0.0,0.0,0.0,0.0,0.0,0.0,0.0,0.0,0.0,0.0,0.0
26119,Préjano,municipio,0.0,0.0,0.0,0.0,0.0,0.0,0.0,0.0,0.0,0.0,0.0,0.0,0.0,0.0
26120,Quel,municipio,58.0,64.0,59.0,59.0,59.0,62.0,64.0,60.0,54.0,55.0,56.0,49.0,50.0,46.0
26121,Rabanera,municipio,0.0,0.0,0.0,0.0,0.0,0.0,0.0,0.0,0.0,0.0,0.0,0.0,0.0,0.0
26122,"Rasillo de Cameros, El",municipio,0.0,0.0,0.0,0.0,0.0,0.0,0.0,0.0,0.0,0.0,0.0,0.0,0.0,0.0
26123,"Redal, El",municipio,0.0,0.0,0.0,0.0,0.0,0.0,0.0,0.0,0.0,0.0,0.0,0.0,0.0,0.0
26124,Ribafrecha,municipio,14.0,19.0,19.0,19.0,19.0,17.0,0.0,0.0,0.0,0.0,20.0,15.0,15.0,14.0
26125,Rincón de Soto,municipio,97.0,98.0,95.0,105.0,99.0,93.0,95.0,91.0,96.0,92.0,87.0,83.0,85.0,79.0
26126,Robres del Castillo,municipio,0.0,0.0,0.0,0.0,0.0,0.0,0.0,0.0,0.0,0.0,0.0,0.0,0.0,0.0
26127,Rodezno,municipio,0.0,0.0,0.0,0.0,0.0,0.0,0.0,0.0,0.0,0.0,0.0,0.0,0.0,0.0
26128,Sajazarra,municipio,0.0,0.0,0.0,0.0,0.0,0.0,0.0,0.0,0.0,0.0,0.0,0.0,0.0,0.0
26129,San Asensio,municipio,39.0,41.0,41.0,43.0,41.0,43.0,37.0,31.0,34.0,36.0,32.0,30.0,28.0,28.0
26130,San Millán de la Cogolla,municipio,0.0,0.0,0.0,0.0,0.0,0.0,0.0,0.0,0.0,0.0,0.0,0.0,0.0,0.0
26131,San Millán de Yécora,municipio,0.0,0.0,0.0,0.0,0.0,0.0,0.0,0.0,0.0,0.0,0.0,0.0,0.0,0.0
26132,San Román de Cameros,municipio,0.0,0.0,0.0,0.0,0.0,0.0,0.0,0.0,0.0,0.0,0.0,0.0,0.0,0.0
26134,Santa Coloma,municipio,0.0,0.0,0.0,0.0,0.0,0.0,0.0,0.0,0.0,0.0,0.0,0.0,0.0,0.0
26135,Santa Engracia del Jubera,municipio,0.0,0.0,0.0,0.0,0.0,0.0,0.0,0.0,0.0,0.0,0.0,0.0,0.0,0.0
26136,Santa Eulalia Bajera,municipio,0.0,0.0,0.0,0.0,0.0,0.0,0.0,0.0,0.0,0.0,0.0,0.0,0.0,0.0
26138,Santo Domingo de la Calzada,municipio,232.0,234.0,227.0,222.0,205.0,202.0,202.0,197.0,193.0,195.0,196.0,180.0,188.0,193.0
26139,San Torcuato,municipio,0.0,0.0,0.0,0.0,0.0,0.0,0.0,0.0,0.0,0.0,0.0,0.0,0.0,0.0
26140,Santurde de Rioja,municipio,0.0,0.0,0.0,0.0,0.0,0.0,0.0,0.0,0.0,0.0,0.0,0.0,0.0,0.0
26141,Santurdejo,municipio,0.0,0.0,0.0,0.0,0.0,0.0,0.0,0.0,0.0,0.0,0.0,0.0,0.0,0.0
26142,San Vicente de la Sonsierra,municipio,29.0,35.0,31.0,31.0,29.0,27.0,27.0,25.0,0.0,0.0,28.0,31.0,30.0,33.0
26143,Sojuela,municipio,0.0,0.0,0.0,0.0,0.0,0.0,0.0,0.0,0.0,0.0,0.0,0.0,0.0,0.0
26144,Sorzano,municipio,0.0,0.0,0.0,0.0,0.0,0.0,0.0,0.0,0.0,0.0,0.0,0.0,0.0,0.0
26145,Sotés,municipio,0.0,0.0,0.0,0.0,0.0,0.0,0.0,0.0,0.0,0.0,0.0,0.0,0.0,0.0
26146,Soto en Cameros,municipio,0.0,0.0,0.0,0.0,0.0,0.0,0.0,0.0,0.0,0.0,0.0,0.0,0.0,0.0
26147,Terroba,municipio,0.0,0.0,0.0,0.0,0.0,0.0,0.0,0.0,0.0,0.0,0.0,0.0,0.0,0.0
26148,Tirgo,municipio,0.0,0.0,0.0,0.0,0.0,0.0,0.0,0.0,0.0,0.0,0.0,0.0,0.0,0.0
26149,Tobía,municipio,0.0,0.0,0.0,0.0,0.0,0.0,0.0,0.0,0.0,0.0,0.0,0.0,0.0,0.0
26150,Tormantos,municipio,0.0,0.0,0.0,0.0,0.0,0.0,0.0,0.0,0.0,0.0,0.0,0.0,0.0,0.0
26151,Torrecilla en Cameros,municipio,0.0,0.0,0.0,0.0,0.0,0.0,0.0,0.0,0.0,0.0,0.0,0.0,0.0,0.0
26152,Torrecilla sobre Alesanco,municipio,0.0,0.0,0.0,0.0,0.0,0.0,0.0,0.0,0.0,0.0,0.0,0.0,0.0,0.0
26153,Torre en Cameros,municipio,0.0,0.0,0.0,0.0,0.0,0.0,0.0,0.0,0.0,0.0,0.0,0.0,0.0,0.0
26154,Torremontalbo,municipio,0.0,0.0,0.0,0.0,0.0,0.0,0.0,0.0,0.0,0.0,0.0,0.0,0.0,0.0
26155,Treviana,municipio,0.0,0.0,0.0,0.0,0.0,0.0,0.0,0.0,0.0,0.0,0.0,0.0,0.0,0.0
26157,Tricio,municipio,0.0,0.0,0.0,0.0,0.0,0.0,0.0,0.0,0.0,0.0,0.0,0.0,0.0,0.0
26158,Tudelilla,municipio,0.0,0.0,0.0,0.0,0.0,0.0,0.0,0.0,0.0,0.0,0.0,0.0,0.0,0.0
26160,Uruñuela,municipio,0.0,0.0,0.0,0.0,0.0,0.0,0.0,0.0,0.0,0.0,0.0,0.0,0.0,0.0
26161,Valdemadera,municipio,0.0,0.0,0.0,0.0,0.0,0.0,0.0,0.0,0.0,0.0,0.0,0.0,0.0,0.0
26162,Valgañón,municipio,0.0,0.0,0.0,0.0,0.0,0.0,0.0,0.0,0.0,0.0,0.0,0.0,0.0,0.0
26163,Ventosa,municipio,0.0,0.0,0.0,0.0,0.0,0.0,0.0,0.0,0.0,0.0,0.0,0.0,0.0,0.0
26164,Ventrosa,municipio,0.0,0.0,0.0,0.0,0.0,0.0,0.0,0.0,0.0,0.0,0.0,0.0,0.0,0.0
26165,Viguera,municipio,0.0,0.0,0.0,0.0,0.0,0.0,0.0,0.0,0.0,0.0,0.0,0.0,0.0,0.0
26166,Villalba de Rioja,municipio,0.0,0.0,0.0,0.0,0.0,0.0,0.0,0.0,0.0,0.0,0.0,0.0,0.0,0.0
26167,Villalobar de Rioja,municipio,0.0,0.0,0.0,0.0,0.0,0.0,0.0,0.0,0.0,0.0,0.0,0.0,0.0,0.0
26168,Villamediana de Iregua,municipio,180.0,184.0,174.0,174.0,181.0,178.0,173.0,172.0,179.0,174.0,174.0,182.0,181.0,176.0
26169,Villanueva de Cameros,municipio,0.0,0.0,0.0,0.0,0.0,0.0,0.0,0.0,0.0,0.0,0.0,0.0,0.0,0.0
26170,"Villar de Arnedo, El",municipio,0.0,0.0,0.0,0.0,0.0,0.0,0.0,0.0,0.0,0.0,0.0,0.0,0.0,0.0
26171,Villar de Torre,municipio,0.0,0.0,0.0,0.0,0.0,0.0,0.0,0.0,0.0,0.0,0.0,0.0,0.0,0.0
26172,Villarejo,municipio,0.0,0.0,0.0,0.0,0.0,0.0,0.0,0.0,0.0,0.0,0.0,0.0,0.0,0.0
26173,Villarroya,municipio,0.0,0.0,0.0,0.0,0.0,0.0,0.0,0.0,0.0,0.0,0.0,0.0,0.0,0.0
26174,Villarta-Quintana,municipio,0.0,0.0,0.0,0.0,0.0,0.0,0.0,0.0,0.0,0.0,0.0,0.0,0.0,0.0
26175,Villavelayo,municipio,0.0,0.0,0.0,0.0,0.0,0.0,0.0,0.0,0.0,0.0,0.0,0.0,0.0,0.0
26176,Villaverde de Rioja,municipio,0.0,0.0,0.0,0.0,0.0,0.0,0.0,0.0,0.0,0.0,0.0,0.0,0.0,0.0
26177,Villoslada de Cameros,municipio,0.0,0.0,0.0,0.0,0.0,0.0,0.0,0.0,0.0,0.0,0.0,0.0,0.0,0.0
26178,Viniegra de Abajo,municipio,0.0,0.0,0.0,0.0,0.0,0.0,0.0,0.0,0.0,0.0,0.0,0.0,0.0,0.0
26179,Viniegra de Arriba,municipio,0.0,0.0,0.0,0.0,0.0,0.0,0.0,0.0,0.0,0.0,0.0,0.0,0.0,0.0
26180,Zarratón,municipio,0.0,0.0,0.0,0.0,0.0,0.0,0.0,0.0,0.0,0.0,0.0,0.0,0.0,0.0
26181,Zarzosa,municipio,0.0,0.0,0.0,0.0,0.0,0.0,0.0,0.0,0.0,0.0,0.0,0.0,0.0,0.0
26183,Zorraquín,municipio,0.0,0.0,0.0,0.0,0.0,0.0,0.0,0.0,0.0,0.0,0.0,0.0,0.0,0.0
26,"Rioja, La",provincia,8629.0,8637.0,8484.0,8488.0,8303.0,8301.0,8193.0,7830.0,7833.0,7714.0,7677.0,7260.0,7213.0,7245.0
27001,Abadín,municipio,68.0,67.0,67.0,62.0,68.0,67.0,62.0,60.0,58.0,55.0,57.0,59.0,56.0,53.0
27002,Alfoz,municipio,39.0,41.0,40.0,42.0,42.0,38.0,43.0,36.0,35.0,36.0,33.0,31.0,33.0,35.0
27003,Antas de Ulla,municipio,43.0,40.0,36.0,40.0,42.0,44.0,45.0,42.0,41.0,41.0,40.0,36.0,37.0,36.0
27004,Baleira,municipio,40.0,35.0,33.0,36.0,34.0,34.0,36.0,39.0,34.0,33.0,33.0,34.0,35.0,35.0
27005,Barreiros,municipio,106.0,102.0,106.0,109.0,110.0,116.0,108.0,105.0,101.0,103.0,100.0,99.0,101.0,109.0
27006,Becerreá,municipio,112.0,116.0,114.0,113.0,112.0,110.0,106.0,106.0,106.0,104.0,107.0,100.0,96.0,93.0
27007,Begonte,municipio,79.0,80.0,85.0,79.0,81.0,82.0,78.0,85.0,78.0,76.0,68.0,74.0,74.0,70.0
27008,Bóveda,municipio,49.0,49.0,45.0,37.0,39.0,38.0,40.0,42.0,41.0,38.0,37.0,40.0,36.0,36.0
27009,Carballedo,municipio,61.0,65.0,61.0,57.0,59.0,64.0,67.0,63.0,62.0,60.0,61.0,52.0,55.0,51.0
27010,Castro de Rei,municipio,138.0,138.0,131.0,134.0,125.0,125.0,127.0,116.0,115.0,119.0,123.0,122.0,116.0,121.0
27011,Castroverde,municipio,89.0,96.0,89.0,90.0,88.0,95.0,91.0,89.0,88.0,86.0,81.0,72.0,79.0,78.0
27012,Cervantes,municipio,33.0,32.0,32.0,30.0,31.0,31.0,27.0,25.0,29.0,30.0,30.0,29.0,27.0,25.0
27013,Cervo,municipio,122.0,116.0,107.0,105.0,104.0,105.0,106.0,100.0,99.0,94.0,87.0,83.0,78.0,79.0
27014,"Corgo, O",municipio,126.0,128.0,125.0,129.0,123.0,124.0,117.0,118.0,107.0,112.0,114.0,111.0,108.0,108.0
27015,Cospeito,municipio,170.0,173.0,172.0,170.0,166.0,171.0,163.0,156.0,150.0,144.0,144.0,138.0,135.0,127.0
27016,Chantada,municipio,356.0,343.0,334.0,334.0,339.0,339.0,339.0,336.0,336.0,337.0,339.0,311.0,308.0,304.0
27017,Folgoso do Courel,municipio,31.0,30.0,28.0,27.0,29.0,30.0,29.0,28.0,25.0,25.0,0.0,0.0,22.0,0.0
27018,"Fonsagrada, A",municipio,124.0,123.0,118.0,121.0,113.0,112.0,117.0,110.0,113.0,110.0,105.0,103.0,96.0,95.0
27019,Foz,municipio,288.0,280.0,265.0,281.0,278.0,269.0,262.0,268.0,248.0,238.0,242.0,225.0,233.0,227.0
27020,Friol,municipio,91.0,95.0,97.0,95.0,95.0,90.0,94.0,90.0,93.0,94.0,96.0,91.0,92.0,83.0
27021,Xermade,municipio,51.0,52.0,51.0,48.0,46.0,48.0,46.0,46.0,42.0,42.0,39.0,33.0,26.0,26.0
27022,Guitiriz,municipio,164.0,166.0,160.0,162.0,159.0,156.0,146.0,153.0,152.0,149.0,148.0,142.0,147.0,143.0
27023,Guntín,municipio,60.0,60.0,60.0,56.0,55.0,57.0,58.0,54.0,54.0,54.0,50.0,48.0,51.0,48.0
27024,"Incio, O",municipio,42.0,45.0,37.0,37.0,35.0,36.0,39.0,37.0,37.0,33.0,32.0,29.0,27.0,29.0
27025,Xove,municipio,80.0,78.0,80.0,83.0,77.0,65.0,67.0,68.0,69.0,75.0,73.0,72.0,67.0,69.0
27026,Láncara,municipio,77.0,79.0,75.0,78.0,84.0,77.0,79.0,80.0,82.0,83.0,80.0,76.0,71.0,72.0
27027,Lourenzá,municipio,103.0,104.0,97.0,99.0,101.0,99.0,97.0,91.0,85.0,88.0,86.0,71.0,71.0,71.0
27028,Lugo,municipio,3389.0,3277.0,3234.0,3218.0,3174.0,3176.0,3209.0,3100.0,3042.0,2980.0,2944.0,2683.0,2625.0,2622.0
27029,Meira,municipio,91.0,99.0,101.0,106.0,104.0,107.0,102.0,95.0,93.0,88.0,87.0,85.0,78.0,83.0
27030,Mondoñedo,municipio,130.0,125.0,122.0,134.0,128.0,128.0,132.0,128.0,131.0,130.0,137.0,133.0,124.0,120.0
27031,Monforte de Lemos,municipio,598.0,589.0,546.0,563.0,561.0,569.0,569.0,567.0,551.0,526.0,511.0,511.0,502.0,492.0
27032,Monterroso,municipio,142.0,144.0,142.0,132.0,132.0,128.0,121.0,116.0,114.0,113.0,109.0,102.0,100.0,102.0
27033,Muras,municipio,0.0,0.0,0.0,0.0,0.0,0.0,0.0,0.0,0.0,0.0,0.0,0.0,0.0,0.0
27034,Navia de Suarna,municipio,44.0,39.0,36.0,35.0,37.0,38.0,35.0,37.0,36.0,34.0,34.0,0.0,0.0,0.0
27035,Negueira de Muñiz,municipio,0.0,0.0,0.0,0.0,0.0,0.0,0.0,0.0,0.0,0.0,0.0,0.0,0.0,0.0
27037,"Nogais, As",municipio,39.0,38.0,35.0,34.0,36.0,36.0,34.0,35.0,33.0,32.0,34.0,0.0,0.0,0.0
27038,Ourol,municipio,17.0,19.0,18.0,17.0,10.0,13.0,15.0,18.0,20.0,0.0,0.0,0.0,0.0,0.0
27039,Outeiro de Rei,municipio,133.0,123.0,125.0,126.0,124.0,127.0,124.0,134.0,142.0,138.0,133.0,131.0,137.0,134.0
27040,Palas de Rei,municipio,120.0,113.0,121.0,124.0,129.0,121.0,125.0,116.0,116.0,114.0,115.0,106.0,108.0,107.0
27041,Pantón,municipio,51.0,45.0,40.0,41.0,41.0,39.0,39.0,40.0,40.0,35.0,40.0,34.0,36.0,30.0
27042,Paradela,municipio,42.0,45.0,42.0,45.0,45.0,40.0,38.0,44.0,43.0,43.0,42.0,40.0,40.0,39.0
27043,"Páramo, O",municipio,24.0,21.0,18.0,20.0,23.0,22.0,23.0,26.0,28.0,27.0,23.0,21.0,18.0,20.0
27044,"Pastoriza, A",municipio,84.0,86.0,81.0,86.0,82.0,91.0,79.0,75.0,75.0,74.0,71.0,67.0,65.0,62.0
27045,Pedrafita do Cebreiro,municipio,40.0,44.0,44.0,41.0,38.0,40.0,44.0,41.0,41.0,0.0,0.0,0.0,0.0,0.0
27046,Pol,municipio,21.0,23.0,18.0,18.0,17.0,18.0,18.0,23.0,23.0,25.0,29.0,27.0,29.0,26.0
27047,"Pobra do Brollón, A",municipio,39.0,39.0,42.0,42.0,41.0,41.0,40.0,39.0,37.0,35.0,35.0,25.0,27.0,25.0
27048,"Pontenova, A",municipio,109.0,112.0,103.0,100.0,98.0,99.0,97.0,96.0,98.0,94.0,84.0,82.0,80.0,80.0
27049,Portomarín,municipio,56.0,57.0,58.0,57.0,59.0,57.0,60.0,65.0,62.0,64.0,68.0,61.0,68.0,69.0
27050,Quiroga,municipio,122.0,125.0,120.0,114.0,112.0,112.0,106.0,98.0,104.0,105.0,101.0,97.0,94.0,88.0
27051,Ribadeo,municipio,390.0,391.0,396.0,396.0,396.0,414.0,406.0,401.0,394.0,378.0,384.0,370.0,369.0,361.0
27052,Ribas de Sil,municipio,32.0,30.0,29.0,30.0,28.0,0.0,0.0,0.0,0.0,0.0,0.0,0.0,0.0,0.0
27053,Ribeira de Piquín,municipio,0.0,0.0,0.0,0.0,0.0,0.0,0.0,0.0,0.0,0.0,0.0,0.0,0.0,0.0
27054,Riotorto,municipio,55.0,54.0,54.0,59.0,60.0,55.0,51.0,49.0,50.0,42.0,42.0,36.0,40.0,39.0
27055,Samos,municipio,57.0,56.0,48.0,45.0,46.0,45.0,41.0,40.0,42.0,40.0,39.0,40.0,40.0,39.0
27056,Rábade,municipio,96.0,91.0,92.0,88.0,85.0,86.0,79.0,79.0,75.0,76.0,77.0,65.0,68.0,67.0
27057,Sarria,municipio,603.0,599.0,596.0,607.0,595.0,586.0,576.0,569.0,559.0,565.0,558.0,524.0,525.0,531.0
27058,"Saviñao, O",municipio,116.0,114.0,108.0,108.0,102.0,100.0,101.0,102.0,94.0,95.0,93.0,81.0,84.0,84.0
27059,Sober,municipio,35.0,41.0,37.0,38.0,42.0,40.0,35.0,34.0,36.0,36.0,34.0,36.0,39.0,42.0
27060,Taboada,municipio,76.0,74.0,77.0,77.0,72.0,79.0,78.0,75.0,73.0,68.0,67.0,63.0,61.0,59.0
27061,Trabada,municipio,34.0,34.0,37.0,29.0,29.0,27.0,25.0,25.0,25.0,28.0,28.0,21.0,22.0,25.0
27062,Triacastela,municipio,0.0,0.0,0.0,0.0,0.0,0.0,0.0,0.0,0.0,0.0,0.0,0.0,0.0,0.0
27063,"Valadouro, O",municipio,50.0,47.0,45.0,45.0,41.0,42.0,41.0,42.0,38.0,37.0,37.0,31.0,28.0,27.0
27064,"Vicedo, O",municipio,41.0,42.0,42.0,40.0,37.0,39.0,37.0,33.0,33.0,35.0,34.0,32.0,32.0,29.0
27065,Vilalba,municipio,559.0,557.0,540.0,542.0,538.0,539.0,545.0,539.0,530.0,521.0,517.0,478.0,473.0,451.0
27066,Viveiro,municipio,501.0,495.0,475.0,463.0,475.0,485.0,487.0,469.0,462.0,440.0,429.0,394.0,385.0,389.0
27901,Baralla,municipio,94.0,91.0,95.0,91.0,92.0,93.0,93.0,97.0,93.0,95.0,98.0,91.0,95.0,91.0
27902,Burela,municipio,303.0,303.0,298.0,287.0,299.0,290.0,277.0,280.0,262.0,249.0,253.0,228.0,223.0,212.0
27,Lugo,provincia,11161.0,10998.0,10735.0,10723.0,10629.0,10635.0,10566.0,10362.0,10155.0,9960.0,9852.0,9178.0,9066.0,8966.0
28001,"Acebeda, La",municipio,0.0,0.0,0.0,0.0,0.0,0.0,0.0,0.0,0.0,0.0,0.0,0.0,0.0,0.0
28002,Ajalvir,municipio,221.0,232.0,226.0,230.0,214.0,221.0,227.0,230.0,230.0,236.0,234.0,219.0,219.0,219.0
28003,Alameda del Valle,municipio,0.0,0.0,0.0,0.0,0.0,0.0,0.0,0.0,0.0,0.0,0.0,0.0,0.0,0.0
28004,"Álamo, El",municipio,256.0,254.0,261.0,269.0,257.0,255.0,256.0,252.0,261.0,272.0,264.0,256.0,255.0,260.0
28005,Alcalá de Henares,municipio,3524.0,3452.0,3425.0,3421.0,3391.0,3398.0,3381.0,3421.0,3462.0,3434.0,3445.0,3154.0,3216.0,3272.0
28006,Alcobendas,municipio,2802.0,2792.0,2793.0,2860.0,2814.0,2780.0,2801.0,2723.0,2764.0,2767.0,2758.0,2480.0,2557.0,2643.0
28007,Alcorcón,municipio,3760.0,3742.0,3649.0,3593.0,3477.0,3392.0,3435.0,3377.0,3463.0,3438.0,3442.0,3061.0,3093.0,3095.0
28008,Aldea del Fresno,municipio,55.0,58.0,58.0,50.0,47.0,55.0,52.0,55.0,54.0,55.0,51.0,43.0,48.0,48.0
28009,Algete,municipio,634.0,617.0,605.0,619.0,622.0,609.0,604.0,604.0,568.0,562.0,578.0,501.0,522.0,496.0
28010,Alpedrete,municipio,328.0,314.0,317.0,318.0,303.0,303.0,319.0,327.0,332.0,343.0,339.0,300.0,286.0,291.0
28011,Ambite,municipio,0.0,0.0,0.0,0.0,0.0,0.0,0.0,0.0,0.0,0.0,0.0,0.0,0.0,0.0
28012,Anchuelo,municipio,34.0,35.0,32.0,34.0,40.0,41.0,36.0,33.0,30.0,30.0,32.0,32.0,35.0,33.0
28013,Aranjuez,municipio,1095.0,1078.0,1073.0,1079.0,1044.0,1036.0,1026.0,1036.0,1059.0,1055.0,1065.0,984.0,971.0,980.0
28014,Arganda del Rey,municipio,1424.0,1430.0,1411.0,1441.0,1475.0,1480.0,1502.0,1504.0,1557.0,1574.0,1585.0,1407.0,1479.0,1501.0
28015,Arroyomolinos,municipio,622.0,665.0,697.0,730.0,732.0,746.0,776.0,815.0,839.0,846.0,874.0,877.0,911.0,904.0
28016,"Atazar, El",municipio,0.0,0.0,0.0,0.0,0.0,0.0,0.0,0.0,0.0,0.0,0.0,0.0,0.0,0.0
28017,Batres,municipio,65.0,55.0,55.0,53.0,54.0,55.0,54.0,51.0,53.0,59.0,68.0,62.0,54.0,52.0
28018,Becerril de la Sierra,municipio,152.0,151.0,143.0,146.0,165.0,163.0,160.0,153.0,148.0,146.0,145.0,144.0,141.0,146.0
28019,Belmonte de Tajo,municipio,27.0,25.0,25.0,24.0,22.0,21.0,23.0,23.0,24.0,27.0,29.0,34.0,30.0,31.0
28020,Berzosa del Lozoya,municipio,0.0,0.0,0.0,0.0,0.0,0.0,0.0,0.0,0.0,0.0,0.0,0.0,0.0,0.0
28021,"Berrueco, El",municipio,0.0,0.0,0.0,0.0,0.0,0.0,0.0,0.0,0.0,0.0,0.0,0.0,0.0,0.0
28022,Boadilla del Monte,municipio,1217.0,1219.0,1229.0,1241.0,1253.0,1256.0,1285.0,1290.0,1351.0,1355.0,1428.0,1374.0,1457.0,1472.0
28023,"Boalo, El",municipio,147.0,156.0,163.0,170.0,175.0,178.0,163.0,160.0,155.0,149.0,146.0,135.0,144.0,145.0
28024,Braojos,municipio,0.0,0.0,0.0,0.0,0.0,0.0,0.0,0.0,0.0,0.0,0.0,0.0,0.0,0.0
28025,Brea de Tajo,municipio,0.0,0.0,0.0,0.0,0.0,0.0,0.0,0.0,0.0,0.0,0.0,0.0,0.0,0.0
28026,Brunete,municipio,242.0,249.0,254.0,263.0,276.0,249.0,245.0,251.0,251.0,235.0,254.0,227.0,202.0,202.0
28027,Buitrago del Lozoya,municipio,69.0,71.0,63.0,57.0,59.0,53.0,61.0,66.0,65.0,67.0,72.0,68.0,62.0,61.0
28028,Bustarviejo,municipio,57.0,62.0,60.0,54.0,55.0,52.0,58.0,60.0,63.0,61.0,60.0,61.0,53.0,56.0
28029,Cabanillas de la Sierra,municipio,0.0,0.0,0.0,0.0,0.0,0.0,0.0,0.0,0.0,0.0,0.0,0.0,0.0,0.0
28030,"Cabrera, La",municipio,75.0,77.0,71.0,69.0,72.0,74.0,77.0,82.0,80.0,84.0,81.0,77.0,77.0,81.0
28031,Cadalso de los Vidrios,municipio,75.0,71.0,69.0,70.0,61.0,70.0,71.0,63.0,63.0,68.0,67.0,66.0,66.0,63.0
28032,Camarma de Esteruelas,municipio,197.0,204.0,195.0,192.0,178.0,190.0,201.0,200.0,194.0,198.0,207.0,199.0,190.0,205.0
28033,Campo Real,municipio,209.0,203.0,203.0,199.0,196.0,202.0,198.0,189.0,198.0,191.0,186.0,188.0,196.0,210.0
28034,Canencia,municipio,0.0,0.0,0.0,0.0,0.0,0.0,0.0,0.0,0.0,0.0,0.0,0.0,0.0,0.0
28035,Carabaña,municipio,56.0,61.0,56.0,61.0,60.0,49.0,52.0,52.0,53.0,53.0,61.0,55.0,55.0,51.0
28036,Casarrubuelos,municipio,113.0,117.0,114.0,120.0,116.0,116.0,113.0,116.0,113.0,115.0,112.0,103.0,100.0,107.0
28037,Cenicientos,municipio,58.0,55.0,50.0,48.0,48.0,46.0,46.0,49.0,46.0,41.0,43.0,44.0,47.0,43.0
28038,Cercedilla,municipio,185.0,176.0,165.0,155.0,160.0,158.0,160.0,158.0,165.0,163.0,160.0,148.0,149.0,155.0
28039,Cervera de Buitrago,municipio,0.0,0.0,0.0,0.0,0.0,0.0,0.0,0.0,0.0,0.0,0.0,0.0,0.0,0.0
28040,Ciempozuelos,municipio,441.0,455.0,448.0,441.0,420.0,428.0,435.0,445.0,459.0,458.0,447.0,422.0,451.0,459.0
28041,Cobeña,municipio,143.0,144.0,143.0,152.0,142.0,148.0,164.0,166.0,160.0,174.0,168.0,152.0,154.0,153.0
28042,Colmenar del Arroyo,municipio,42.0,47.0,42.0,39.0,38.0,35.0,35.0,36.0,35.0,33.0,37.0,41.0,40.0,41.0
28043,Colmenar de Oreja,municipio,213.0,215.0,215.0,196.0,192.0,185.0,181.0,179.0,181.0,186.0,186.0,168.0,163.0,164.0
28044,Colmenarejo,municipio,163.0,174.0,150.0,158.0,154.0,144.0,142.0,152.0,152.0,157.0,153.0,133.0,135.0,136.0
28045,Colmenar Viejo,municipio,935.0,900.0,915.0,912.0,904.0,928.0,925.0,905.0,890.0,892.0,926.0,861.0,859.0,901.0
28046,Collado Mediano,municipio,135.0,137.0,140.0,137.0,135.0,139.0,145.0,163.0,164.0,155.0,150.0,137.0,139.0,136.0
28047,Collado Villalba,municipio,1348.0,1395.0,1382.0,1343.0,1293.0,1305.0,1309.0,1274.0,1269.0,1283.0,1287.0,1181.0,1171.0,1168.0
28048,Corpa,municipio,0.0,0.0,0.0,0.0,0.0,0.0,0.0,0.0,0.0,0.0,0.0,0.0,0.0,0.0
28049,Coslada,municipio,2311.0,2276.0,2237.0,2210.0,2144.0,2143.0,2086.0,2008.0,2040.0,1992.0,1983.0,1725.0,1735.0,1731.0
28050,Cubas de la Sagra,municipio,143.0,143.0,140.0,147.0,164.0,165.0,165.0,160.0,167.0,164.0,154.0,127.0,143.0,149.0
28051,Chapinería,municipio,68.0,63.0,54.0,56.0,59.0,54.0,53.0,52.0,54.0,59.0,58.0,52.0,54.0,54.0
28052,Chinchón,municipio,163.0,153.0,155.0,154.0,155.0,155.0,161.0,163.0,166.0,155.0,158.0,149.0,145.0,149.0
28053,Daganzo de Arriba,municipio,286.0,286.0,285.0,283.0,278.0,283.0,265.0,272.0,262.0,271.0,265.0,260.0,263.0,263.0
28054,"Escorial, El",municipio,296.0,285.0,278.0,275.0,283.0,290.0,295.0,300.0,301.0,304.0,309.0,296.0,280.0,278.0
28055,Estremera,municipio,37.0,37.0,35.0,38.0,41.0,40.0,40.0,35.0,32.0,29.0,34.0,33.0,28.0,30.0
28056,Fresnedillas de la Oliva,municipio,27.0,28.0,29.0,36.0,31.0,34.0,31.0,37.0,31.0,30.0,28.0,18.0,21.0,20.0
28057,Fresno de Torote,municipio,41.0,41.0,36.0,42.0,40.0,40.0,49.0,47.0,46.0,47.0,48.0,45.0,46.0,46.0
28058,Fuenlabrada,municipio,4960.0,4992.0,4943.0,5053.0,5017.0,4968.0,4986.0,4870.0,4891.0,4824.0,4795.0,4361.0,4397.0,4433.0
28059,Fuente el Saz de Jarama,municipio,202.0,207.0,200.0,202.0,200.0,195.0,210.0,216.0,222.0,210.0,212.0,190.0,183.0,192.0
28060,Fuentidueña de Tajo,municipio,43.0,48.0,48.0,46.0,48.0,50.0,50.0,57.0,51.0,51.0,51.0,47.0,50.0,52.0
28061,Galapagar,municipio,618.0,623.0,621.0,616.0,614.0,599.0,623.0,659.0,653.0,635.0,634.0,563.0,556.0,560.0
28062,Garganta de los Montes,municipio,0.0,0.0,0.0,0.0,0.0,0.0,0.0,0.0,0.0,0.0,0.0,0.0,0.0,0.0
28063,Gargantilla del Lozoya y Pinilla de Buitrago,municipio,0.0,0.0,0.0,0.0,0.0,0.0,0.0,0.0,0.0,0.0,0.0,0.0,0.0,0.0
28064,Gascones,municipio,0.0,0.0,0.0,0.0,0.0,0.0,0.0,0.0,0.0,0.0,0.0,0.0,0.0,0.0
28065,Getafe,municipio,3467.0,3429.0,3364.0,3441.0,3462.0,3560.0,3524.0,3490.0,3573.0,3584.0,3643.0,3376.0,3423.0,3505.0
28066,Griñón,municipio,397.0,400.0,422.0,408.0,414.0,414.0,413.0,403.0,405.0,385.0,382.0,351.0,359.0,353.0
28067,Guadalix de la Sierra,municipio,143.0,139.0,135.0,128.0,126.0,137.0,134.0,140.0,144.0,138.0,135.0,130.0,120.0,123.0
28068,Guadarrama,municipio,387.0,378.0,367.0,355.0,334.0,349.0,350.0,337.0,336.0,327.0,345.0,320.0,338.0,345.0
28069,"Hiruela, La",municipio,0.0,0.0,0.0,0.0,0.0,0.0,0.0,0.0,0.0,0.0,0.0,0.0,0.0,0.0
28070,Horcajo de la Sierra-Aoslos,municipio,0.0,0.0,0.0,0.0,0.0,0.0,0.0,0.0,0.0,0.0,0.0,0.0,0.0,0.0
28071,Horcajuelo de la Sierra,municipio,0.0,0.0,0.0,0.0,0.0,0.0,0.0,0.0,0.0,0.0,0.0,0.0,0.0,0.0
28072,Hoyo de Manzanares,municipio,155.0,162.0,158.0,160.0,167.0,170.0,176.0,177.0,175.0,169.0,168.0,139.0,135.0,130.0
28073,Humanes de Madrid,municipio,819.0,807.0,796.0,810.0,827.0,842.0,846.0,825.0,855.0,838.0,863.0,781.0,779.0,772.0
28074,Leganés,municipio,4114.0,4026.0,3903.0,3910.0,3773.0,3787.0,3763.0,3714.0,3780.0,3781.0,3761.0,3471.0,3485.0,3460.0
28075,Loeches,municipio,287.0,298.0,309.0,315.0,316.0,313.0,318.0,310.0,317.0,317.0,313.0,285.0,298.0,293.0
28076,Lozoya,municipio,0.0,0.0,0.0,0.0,0.0,0.0,0.0,0.0,0.0,0.0,0.0,0.0,0.0,0.0
28078,Madarcos,municipio,0.0,0.0,0.0,0.0,0.0,0.0,0.0,0.0,0.0,0.0,0.0,0.0,0.0,0.0
28079,Madrid,municipio,84871.0,83802.0,82483.0,82527.0,80856.0,81502.0,82626.0,81920.0,82842.0,83218.0,83365.0,70378.0,71402.0,72474.0
28080,Majadahonda,municipio,1489.0,1525.0,1495.0,1565.0,1508.0,1500.0,1487.0,1466.0,1430.0,1430.0,1439.0,1220.0,1252.0,1243.0
28082,Manzanares el Real,municipio,159.0,156.0,161.0,163.0,152.0,159.0,161.0,167.0,159.0,162.0,153.0,127.0,134.0,130.0
28083,Meco,municipio,266.0,271.0,296.0,312.0,318.0,317.0,341.0,344.0,345.0,349.0,367.0,359.0,384.0,370.0
28084,Mejorada del Campo,municipio,685.0,668.0,653.0,641.0,623.0,657.0,674.0,664.0,675.0,656.0,660.0,614.0,629.0,629.0
28085,Miraflores de la Sierra,municipio,132.0,129.0,128.0,129.0,131.0,135.0,141.0,137.0,140.0,144.0,144.0,129.0,141.0,141.0
28086,"Molar, El",municipio,196.0,191.0,188.0,194.0,200.0,197.0,189.0,182.0,190.0,186.0,185.0,181.0,178.0,177.0
28087,"Molinos, Los",municipio,98.0,93.0,89.0,89.0,91.0,101.0,103.0,102.0,91.0,93.0,100.0,95.0,90.0,88.0
28088,Montejo de la Sierra,municipio,0.0,0.0,0.0,0.0,0.0,0.0,0.0,0.0,0.0,0.0,0.0,0.0,0.0,0.0
28089,Moraleja de Enmedio,municipio,211.0,225.0,224.0,219.0,215.0,215.0,228.0,232.0,237.0,227.0,239.0,202.0,204.0,201.0
28090,Moralzarzal,municipio,251.0,259.0,251.0,240.0,244.0,242.0,235.0,225.0,234.0,237.0,244.0,246.0,247.0,248.0
28091,Morata de Tajuña,municipio,173.0,162.0,148.0,155.0,157.0,158.0,149.0,149.0,156.0,146.0,153.0,142.0,136.0,142.0
28092,Móstoles,municipio,4213.0,4113.0,4038.0,4042.0,3957.0,3895.0,3875.0,3818.0,3832.0,3800.0,3807.0,3401.0,3336.0,3323.0
28093,Navacerrada,municipio,79.0,80.0,77.0,84.0,80.0,79.0,93.0,94.0,90.0,89.0,88.0,78.0,77.0,79.0
28094,Navalafuente,municipio,29.0,28.0,27.0,22.0,25.0,26.0,29.0,33.0,32.0,32.0,29.0,25.0,28.0,27.0
28095,Navalagamella,municipio,43.0,43.0,46.0,49.0,49.0,50.0,56.0,56.0,48.0,47.0,45.0,41.0,43.0,48.0
28096,Navalcarnero,municipio,615.0,600.0,599.0,617.0,602.0,606.0,619.0,631.0,643.0,656.0,683.0,635.0,623.0,651.0
28097,Navarredonda y San Mamés,municipio,0.0,0.0,0.0,0.0,0.0,0.0,0.0,0.0,0.0,0.0,0.0,0.0,0.0,0.0
28099,Navas del Rey,municipio,70.0,68.0,58.0,64.0,62.0,67.0,63.0,67.0,82.0,81.0,78.0,80.0,82.0,84.0
28100,Nuevo Baztán,municipio,193.0,196.0,191.0,192.0,183.0,189.0,192.0,196.0,207.0,192.0,197.0,185.0,191.0,193.0
28101,Olmeda de las Fuentes,municipio,0.0,0.0,0.0,0.0,0.0,0.0,0.0,0.0,0.0,0.0,0.0,0.0,0.0,0.0
28102,Orusco de Tajuña,municipio,23.0,22.0,20.0,21.0,20.0,22.0,25.0,24.0,23.0,20.0,19.0,21.0,23.0,25.0
28104,Paracuellos de Jarama,municipio,502.0,499.0,504.0,514.0,503.0,550.0,547.0,555.0,569.0,571.0,580.0,535.0,526.0,554.0
28106,Parla,municipio,1945.0,1968.0,1968.0,1983.0,1981.0,2084.0,2135.0,2131.0,2262.0,2289.0,2370.0,2194.0,2229.0,2276.0
28107,Patones,municipio,0.0,0.0,0.0,0.0,0.0,0.0,0.0,0.0,0.0,0.0,0.0,0.0,0.0,0.0
28108,Pedrezuela,municipio,95.0,88.0,100.0,105.0,109.0,102.0,107.0,117.0,116.0,111.0,118.0,105.0,106.0,106.0
28109,Pelayos de la Presa,municipio,81.0,72.0,68.0,65.0,70.0,63.0,67.0,66.0,74.0,67.0,67.0,64.0,63.0,65.0
28110,Perales de Tajuña,municipio,78.0,80.0,79.0,78.0,76.0,75.0,72.0,72.0,76.0,77.0,78.0,62.0,67.0,72.0
28111,Pezuela de las Torres,municipio,0.0,0.0,0.0,0.0,0.0,0.0,0.0,0.0,0.0,0.0,0.0,0.0,0.0,0.0
28112,Pinilla del Valle,municipio,0.0,0.0,0.0,0.0,0.0,0.0,0.0,0.0,0.0,0.0,0.0,0.0,0.0,0.0
28113,Pinto,municipio,1123.0,1140.0,1138.0,1170.0,1141.0,1150.0,1215.0,1228.0,1258.0,1272.0,1309.0,1209.0,1196.0,1260.0
28114,Piñuécar-Gandullas,municipio,0.0,0.0,0.0,0.0,0.0,0.0,0.0,0.0,0.0,0.0,0.0,0.0,0.0,0.0
28115,Pozuelo de Alarcón,municipio,2311.0,2309.0,2311.0,2305.0,2267.0,2256.0,2204.0,2143.0,2135.0,2112.0,2150.0,1823.0,1845.0,1843.0
28116,Pozuelo del Rey,municipio,0.0,25.0,27.0,25.0,21.0,23.0,29.0,26.0,31.0,28.0,26.0,24.0,25.0,24.0
28117,Prádena del Rincón,municipio,0.0,0.0,0.0,0.0,0.0,0.0,0.0,0.0,0.0,0.0,0.0,0.0,0.0,0.0
28118,Puebla de la Sierra,municipio,0.0,0.0,0.0,0.0,0.0,0.0,0.0,0.0,0.0,0.0,0.0,0.0,0.0,0.0
28119,Quijorna,municipio,80.0,81.0,77.0,81.0,77.0,76.0,80.0,94.0,84.0,79.0,84.0,81.0,77.0,83.0
28120,Rascafría,municipio,69.0,77.0,75.0,77.0,75.0,78.0,76.0,74.0,78.0,74.0,73.0,65.0,62.0,56.0
28121,Redueña,municipio,0.0,0.0,0.0,0.0,0.0,0.0,0.0,0.0,0.0,0.0,0.0,0.0,0.0,0.0
28122,Ribatejada,municipio,0.0,0.0,0.0,0.0,0.0,0.0,0.0,0.0,0.0,0.0,0.0,0.0,0.0,0.0
28123,Rivas-Vaciamadrid,municipio,2028.0,2006.0,2039.0,2089.0,2103.0,2158.0,2187.0,2202.0,2275.0,2300.0,2283.0,2157.0,2124.0,2089.0
28124,Robledillo de la Jara,municipio,0.0,0.0,0.0,0.0,0.0,0.0,0.0,0.0,0.0,0.0,0.0,0.0,0.0,0.0
28125,Robledo de Chavela,municipio,80.0,82.0,76.0,77.0,86.0,84.0,90.0,93.0,96.0,91.0,91.0,91.0,97.0,104.0
28126,Robregordo,municipio,0.0,0.0,0.0,0.0,0.0,0.0,0.0,0.0,0.0,0.0,0.0,0.0,0.0,0.0
28127,"Rozas de Madrid, Las",municipio,2408.0,2454.0,2487.0,2524.0,2482.0,2512.0,2494.0,2481.0,2446.0,2497.0,2476.0,2182.0,2185.0,2155.0
28128,Rozas de Puerto Real,municipio,0.0,0.0,0.0,0.0,0.0,0.0,0.0,0.0,0.0,0.0,0.0,0.0,0.0,0.0
28129,San Agustín del Guadalix,municipio,311.0,305.0,299.0,294.0,302.0,298.0,304.0,300.0,306.0,307.0,314.0,272.0,272.0,266.0
28130,San Fernando de Henares,municipio,1263.0,1240.0,1220.0,1259.0,1243.0,1239.0,1246.0,1235.0,1230.0,1215.0,1218.0,1036.0,1044.0,1065.0
28131,San Lorenzo de El Escorial,municipio,377.0,365.0,355.0,358.0,334.0,329.0,325.0,331.0,329.0,328.0,336.0,307.0,310.0,309.0
28132,San Martín de la Vega,municipio,527.0,517.0,485.0,500.0,488.0,499.0,496.0,521.0,538.0,541.0,537.0,480.0,474.0,473.0
28133,San Martín de Valdeiglesias,municipio,219.0,210.0,212.0,212.0,209.0,208.0,199.0,206.0,205.0,192.0,184.0,166.0,169.0,170.0
28134,San Sebastián de los Reyes,municipio,2234.0,2185.0,2235.0,2235.0,2246.0,2235.0,2277.0,2253.0,2242.0,2232.0,2215.0,1981.0,1982.0,1974.0
28135,Santa María de la Alameda,municipio,36.0,33.0,37.0,39.0,35.0,32.0,35.0,35.0,36.0,36.0,38.0,38.0,36.0,36.0
28136,Santorcaz,municipio,0.0,0.0,0.0,0.0,0.0,0.0,0.0,0.0,0.0,0.0,0.0,0.0,0.0,0.0
28137,"Santos de la Humosa, Los",municipio,57.0,58.0,61.0,65.0,65.0,62.0,64.0,66.0,73.0,78.0,79.0,66.0,67.0,75.0
28138,"Serna del Monte, La",municipio,0.0,0.0,0.0,0.0,0.0,0.0,0.0,0.0,0.0,0.0,0.0,0.0,0.0,0.0
28140,Serranillos del Valle,municipio,146.0,163.0,159.0,165.0,171.0,179.0,176.0,173.0,179.0,163.0,171.0,157.0,166.0,159.0
28141,Sevilla la Nueva,municipio,217.0,213.0,209.0,205.0,222.0,229.0,223.0,227.0,232.0,213.0,202.0,171.0,171.0,163.0
28143,Somosierra,municipio,0.0,0.0,0.0,0.0,0.0,0.0,0.0,0.0,0.0,0.0,0.0,0.0,0.0,0.0
28144,Soto del Real,municipio,181.0,175.0,166.0,172.0,164.0,163.0,177.0,179.0,177.0,178.0,184.0,174.0,178.0,163.0
28145,Talamanca de Jarama,municipio,76.0,82.0,79.0,84.0,83.0,87.0,99.0,89.0,89.0,95.0,98.0,81.0,80.0,71.0
28146,Tielmes,municipio,45.0,42.0,50.0,52.0,55.0,51.0,54.0,53.0,54.0,51.0,52.0,47.0,44.0,45.0
28147,Titulcia,municipio,33.0,26.0,28.0,30.0,32.0,38.0,37.0,37.0,37.0,35.0,35.0,28.0,25.0,26.0
28148,Torrejón de Ardoz,municipio,2535.0,2524.0,2506.0,2557.0,2511.0,2548.0,2575.0,2580.0,2640.0,2633.0,2632.0,2424.0,2444.0,2457.0
28149,Torrejón de la Calzada,municipio,263.0,277.0,280.0,285.0,280.0,282.0,291.0,292.0,304.0,314.0,318.0,297.0,305.0,319.0
28150,Torrejón de Velasco,municipio,123.0,131.0,130.0,127.0,116.0,121.0,120.0,109.0,114.0,116.0,128.0,123.0,133.0,135.0
28151,Torrelaguna,municipio,98.0,98.0,100.0,98.0,97.0,98.0,100.0,99.0,102.0,103.0,102.0,90.0,90.0,93.0
28152,Torrelodones,municipio,475.0,490.0,478.0,487.0,461.0,450.0,471.0,479.0,477.0,474.0,476.0,407.0,411.0,444.0
28153,Torremocha de Jarama,municipio,0.0,0.0,0.0,0.0,0.0,0.0,0.0,0.0,19.0,12.0,10.0,9.0,10.0,9.0
28154,Torres de la Alameda,municipio,256.0,245.0,256.0,255.0,261.0,259.0,240.0,252.0,256.0,247.0,246.0,218.0,213.0,211.0
28155,Valdaracete,municipio,0.0,0.0,0.0,0.0,0.0,0.0,0.0,0.0,0.0,0.0,0.0,0.0,0.0,0.0
28156,Valdeavero,municipio,38.0,40.0,43.0,47.0,53.0,49.0,55.0,51.0,53.0,52.0,50.0,36.0,41.0,40.0
28157,Valdelaguna,municipio,0.0,0.0,0.0,0.0,0.0,0.0,0.0,0.0,0.0,0.0,21.0,18.0,17.0,14.0
28158,Valdemanco,municipio,0.0,0.0,0.0,0.0,0.0,0.0,0.0,0.0,0.0,0.0,19.0,0.0,0.0,0.0
28159,Valdemaqueda,municipio,0.0,0.0,0.0,0.0,0.0,0.0,0.0,0.0,0.0,0.0,0.0,0.0,0.0,0.0
28160,Valdemorillo,municipio,331.0,320.0,313.0,310.0,306.0,304.0,314.0,328.0,335.0,321.0,328.0,309.0,299.0,296.0
28161,Valdemoro,municipio,1594.0,1608.0,1605.0,1595.0,1570.0,1630.0,1606.0,1604.0,1635.0,1659.0,1708.0,1617.0,1650.0,1704.0
28162,Valdeolmos-Alalpardo,municipio,84.0,83.0,78.0,85.0,79.0,87.0,90.0,96.0,91.0,90.0,91.0,83.0,85.0,93.0
28163,Valdepiélagos,municipio,0.0,0.0,0.0,0.0,0.0,0.0,0.0,0.0,0.0,0.0,0.0,0.0,0.0,0.0
28164,Valdetorres de Jarama,municipio,123.0,117.0,113.0,118.0,122.0,113.0,115.0,109.0,122.0,117.0,121.0,104.0,110.0,103.0
28165,Valdilecha,municipio,74.0,74.0,71.0,68.0,67.0,71.0,70.0,69.0,75.0,73.0,72.0,64.0,64.0,68.0
28166,Valverde de Alcalá,municipio,0.0,0.0,0.0,0.0,0.0,0.0,0.0,0.0,0.0,0.0,0.0,0.0,0.0,0.0
28167,Velilla de San Antonio,municipio,369.0,348.0,346.0,336.0,329.0,320.0,328.0,321.0,314.0,317.0,325.0,312.0,303.0,311.0
28168,"Vellón, El",municipio,38.0,40.0,40.0,33.0,37.0,46.0,43.0,43.0,50.0,47.0,49.0,42.0,41.0,33.0
28169,Venturada,municipio,53.0,54.0,42.0,42.0,41.0,40.0,52.0,57.0,61.0,60.0,66.0,65.0,62.0,68.0
28170,Villaconejos,municipio,113.0,109.0,111.0,95.0,90.0,95.0,95.0,93.0,96.0,90.0,95.0,93.0,89.0,83.0
28171,Villa del Prado,municipio,142.0,145.0,141.0,132.0,130.0,127.0,123.0,125.0,125.0,112.0,115.0,105.0,107.0,113.0
28172,Villalbilla,municipio,322.0,330.0,322.0,334.0,329.0,318.0,308.0,324.0,327.0,326.0,351.0,341.0,347.0,341.0
28173,Villamanrique de Tajo,municipio,0.0,0.0,0.0,0.0,0.0,0.0,0.0,0.0,0.0,0.0,0.0,0.0,0.0,0.0
28174,Villamanta,municipio,55.0,51.0,60.0,59.0,53.0,54.0,53.0,51.0,58.0,52.0,51.0,51.0,50.0,48.0
28175,Villamantilla,municipio,24.0,23.0,17.0,19.0,25.0,31.0,27.0,29.0,28.0,30.0,32.0,32.0,29.0,31.0
28176,Villanueva de la Cañada,municipio,486.0,501.0,499.0,499.0,489.0,508.0,511.0,525.0,500.0,500.0,501.0,472.0,482.0,498.0
28177,Villanueva del Pardillo,municipio,333.0,332.0,334.0,347.0,355.0,338.0,337.0,361.0,353.0,363.0,373.0,333.0,337.0,340.0
28178,Villanueva de Perales,municipio,53.0,57.0,57.0,56.0,54.0,60.0,52.0,52.0,53.0,54.0,56.0,54.0,59.0,58.0
28179,Villar del Olmo,municipio,61.0,57.0,58.0,58.0,60.0,57.0,56.0,55.0,66.0,63.0,64.0,60.0,57.0,53.0
28180,Villarejo de Salvanés,municipio,163.0,169.0,163.0,168.0,167.0,164.0,164.0,153.0,160.0,158.0,159.0,133.0,144.0,139.0
28181,Villaviciosa de Odón,municipio,1067.0,1039.0,1016.0,1008.0,986.0,978.0,954.0,952.0,931.0,928.0,930.0,819.0,812.0,832.0
28182,Villavieja del Lozoya,municipio,0.0,0.0,0.0,0.0,0.0,0.0,0.0,0.0,0.0,0.0,0.0,0.0,0.0,0.0
28183,Zarzalejo,municipio,32.0,32.0,30.0,34.0,36.0,33.0,31.0,27.0,29.0,28.0,27.0,23.0,27.0,27.0
28901,Lozoyuela-Navas-Sieteiglesias,municipio,37.0,42.0,40.0,41.0,38.0,41.0,44.0,42.0,44.0,47.0,46.0,49.0,50.0,47.0
28902,Puentes Viejas,municipio,0.0,0.0,0.0,0.0,0.0,0.0,0.0,0.0,0.0,0.0,0.0,0.0,0.0,0.0
28903,Tres Cantos,municipio,854.0,858.0,834.0,852.0,839.0,838.0,834.0,808.0,845.0,841.0,838.0,768.0,794.0,813.0
28,Madrid,provincia,161097.0,159694.0,157676.0,158331.0,155688.0,156640.0,158079.0,156974.0,158817.0,158920.0,159638.0,139829.0,141469.0,143109.0
29001,Alameda,municipio,114.0,121.0,128.0,127.0,119.0,123.0,113.0,123.0,118.0,122.0,124.0,121.0,126.0,117.0
29002,Alcaucín,municipio,58.0,54.0,55.0,52.0,56.0,56.0,47.0,47.0,58.0,60.0,53.0,57.0,57.0,56.0
29003,Alfarnate,municipio,23.0,24.0,26.0,25.0,26.0,28.0,25.0,31.0,28.0,27.0,29.0,23.0,25.0,26.0
29004,Alfarnatejo,municipio,0.0,0.0,0.0,0.0,0.0,0.0,0.0,0.0,0.0,0.0,0.0,0.0,0.0,0.0
29005,Algarrobo,municipio,173.0,182.0,158.0,168.0,176.0,173.0,176.0,167.0,168.0,169.0,168.0,171.0,163.0,168.0
29006,Algatocín,municipio,0.0,0.0,0.0,0.0,0.0,0.0,0.0,0.0,0.0,0.0,0.0,0.0,0.0,0.0
29007,Alhaurín de la Torre,municipio,1083.0,1106.0,1121.0,1103.0,1074.0,1091.0,1076.0,1103.0,1138.0,1125.0,1164.0,1137.0,1112.0,1127.0
29008,Alhaurín el Grande,municipio,696.0,721.0,755.0,750.0,741.0,738.0,739.0,752.0,762.0,732.0,753.0,740.0,743.0,735.0
29009,Almáchar,municipio,31.0,34.0,34.0,38.0,36.0,33.0,33.0,32.0,32.0,29.0,30.0,29.0,29.0,30.0
29010,Almargen,municipio,83.0,80.0,81.0,85.0,83.0,86.0,76.0,75.0,72.0,70.0,70.0,61.0,58.0,62.0
29011,Almogía,municipio,64.0,72.0,77.0,71.0,83.0,73.0,79.0,85.0,88.0,86.0,91.0,87.0,85.0,83.0
29012,Álora,municipio,330.0,323.0,315.0,314.0,311.0,320.0,319.0,342.0,328.0,325.0,344.0,328.0,335.0,318.0
29013,Alozaina,municipio,50.0,46.0,44.0,43.0,46.0,44.0,49.0,48.0,45.0,44.0,54.0,49.0,45.0,44.0
29014,Alpandeire,municipio,0.0,0.0,0.0,0.0,0.0,0.0,0.0,0.0,0.0,0.0,0.0,0.0,0.0,0.0
29015,Antequera,municipio,999.0,1009.0,1026.0,1001.0,972.0,993.0,981.0,960.0,958.0,961.0,954.0,875.0,849.0,847.0
29016,Árchez,municipio,0.0,0.0,0.0,0.0,0.0,0.0,0.0,0.0,0.0,0.0,0.0,0.0,0.0,0.0
29017,Archidona,municipio,197.0,204.0,203.0,200.0,207.0,204.0,194.0,195.0,200.0,196.0,189.0,175.0,171.0,181.0
29018,Ardales,municipio,59.0,69.0,68.0,66.0,60.0,64.0,60.0,64.0,63.0,70.0,64.0,64.0,63.0,65.0
29019,Arenas,municipio,19.0,20.0,16.0,18.0,18.0,16.0,18.0,17.0,20.0,22.0,24.0,22.0,26.0,24.0
29020,Arriate,municipio,120.0,118.0,116.0,108.0,108.0,116.0,119.0,113.0,112.0,112.0,111.0,104.0,108.0,109.0
29021,Atajate,municipio,0.0,0.0,0.0,0.0,0.0,0.0,0.0,0.0,0.0,0.0,0.0,0.0,0.0,0.0
29022,Benadalid,municipio,0.0,0.0,0.0,0.0,0.0,0.0,0.0,0.0,0.0,0.0,0.0,0.0,0.0,0.0
29023,Benahavís,municipio,120.0,145.0,138.0,127.0,130.0,125.0,138.0,137.0,161.0,167.0,181.0,184.0,185.0,203.0
29024,Benalauría,municipio,0.0,0.0,0.0,0.0,0.0,0.0,0.0,0.0,0.0,0.0,0.0,0.0,0.0,0.0
29025,Benalmádena,municipio,1958.0,1936.0,1918.0,1898.0,1935.0,1968.0,2035.0,2132.0,2163.0,2100.0,2186.0,2133.0,2188.0,2165.0
29026,Benamargosa,municipio,38.0,34.0,34.0,28.0,30.0,32.0,35.0,33.0,41.0,36.0,35.0,37.0,29.0,26.0
29027,Benamocarra,municipio,71.0,71.0,77.0,66.0,60.0,67.0,60.0,53.0,57.0,60.0,59.0,69.0,63.0,61.0
29028,Benaoján,municipio,54.0,49.0,52.0,53.0,51.0,51.0,57.0,51.0,56.0,50.0,57.0,48.0,49.0,56.0
29029,Benarrabá,municipio,0.0,0.0,0.0,0.0,0.0,0.0,0.0,0.0,0.0,0.0,0.0,0.0,0.0,0.0
29030,"Borge, El",municipio,21.0,25.0,0.0,0.0,0.0,0.0,0.0,0.0,0.0,0.0,0.0,0.0,0.0,0.0
29031,"Burgo, El",municipio,43.0,40.0,37.0,38.0,38.0,36.0,37.0,38.0,37.0,40.0,44.0,34.0,33.0,36.0
29032,Campillos,municipio,253.0,255.0,259.0,258.0,273.0,268.0,252.0,254.0,255.0,254.0,255.0,242.0,259.0,262.0
29033,Canillas de Aceituno,municipio,30.0,32.0,31.0,32.0,36.0,39.0,39.0,45.0,50.0,47.0,49.0,45.0,43.0,44.0
29034,Canillas de Albaida,municipio,0.0,0.0,0.0,0.0,0.0,0.0,0.0,0.0,0.0,0.0,0.0,0.0,0.0,0.0
29035,Cañete la Real,municipio,49.0,52.0,55.0,43.0,43.0,40.0,40.0,41.0,42.0,37.0,40.0,33.0,32.0,30.0
29036,Carratraca,municipio,0.0,0.0,0.0,0.0,0.0,0.0,0.0,0.0,0.0,0.0,0.0,0.0,0.0,0.0
29037,Cartajima,municipio,0.0,0.0,0.0,0.0,0.0,0.0,0.0,0.0,0.0,0.0,0.0,0.0,0.0,0.0
29038,Cártama,municipio,563.0,550.0,565.0,584.0,602.0,620.0,617.0,588.0,617.0,614.0,635.0,619.0,617.0,619.0
29039,Casabermeja,municipio,111.0,110.0,109.0,121.0,119.0,122.0,126.0,119.0,129.0,133.0,141.0,143.0,144.0,152.0
29040,Casarabonela,municipio,64.0,65.0,59.0,57.0,56.0,52.0,55.0,60.0,59.0,63.0,65.0,62.0,64.0,68.0
29041,Casares,municipio,94.0,100.0,107.0,112.0,127.0,132.0,133.0,136.0,135.0,138.0,140.0,151.0,148.0,161.0
29042,Coín,municipio,527.0,534.0,538.0,541.0,553.0,539.0,534.0,529.0,556.0,569.0,580.0,516.0,524.0,531.0
29043,Colmenar,municipio,122.0,122.0,120.0,119.0,129.0,130.0,132.0,132.0,142.0,139.0,147.0,134.0,146.0,150.0
29044,Comares,municipio,28.0,29.0,29.0,30.0,27.0,27.0,24.0,30.0,30.0,29.0,32.0,33.0,33.0,28.0
29045,Cómpeta,municipio,96.0,102.0,105.0,100.0,99.0,102.0,104.0,109.0,109.0,110.0,106.0,102.0,102.0,102.0
29046,Cortes de la Frontera,municipio,86.0,83.0,84.0,74.0,75.0,75.0,72.0,64.0,64.0,62.0,67.0,62.0,68.0,64.0
29047,Cuevas Bajas,municipio,37.0,36.0,41.0,37.0,40.0,37.0,38.0,32.0,34.0,36.0,34.0,35.0,37.0,40.0
29048,Cuevas del Becerro,municipio,42.0,39.0,36.0,35.0,40.0,43.0,44.0,44.0,44.0,44.0,44.0,41.0,37.0,39.0
29049,Cuevas de San Marcos,municipio,106.0,108.0,95.0,98.0,93.0,86.0,88.0,84.0,84.0,81.0,84.0,77.0,77.0,68.0
29050,Cútar,municipio,0.0,0.0,0.0,0.0,0.0,0.0,0.0,0.0,0.0,0.0,0.0,0.0,0.0,0.0
29051,Estepona,municipio,1713.0,1769.0,1807.0,1820.0,1839.0,1869.0,1830.0,1859.0,1849.0,1837.0,1884.0,1780.0,1774.0,1854.0
29052,Faraján,municipio,0.0,0.0,0.0,0.0,0.0,0.0,0.0,0.0,0.0,0.0,0.0,0.0,0.0,0.0
29053,Frigiliana,municipio,98.0,97.0,107.0,113.0,117.0,108.0,113.0,119.0,118.0,117.0,120.0,115.0,116.0,117.0
29054,Fuengirola,municipio,2197.0,2184.0,2219.0,2234.0,2253.0,2319.0,2401.0,2428.0,2451.0,2331.0,2390.0,2183.0,2260.0,2281.0
29055,Fuente de Piedra,municipio,73.0,69.0,74.0,84.0,75.0,71.0,66.0,77.0,71.0,71.0,76.0,62.0,67.0,70.0
29056,Gaucín,municipio,51.0,45.0,47.0,51.0,46.0,47.0,46.0,45.0,45.0,42.0,45.0,47.0,44.0,48.0
29057,Genalguacil,municipio,0.0,0.0,0.0,0.0,0.0,0.0,0.0,0.0,0.0,0.0,0.0,0.0,0.0,0.0
29058,Guaro,municipio,32.0,36.0,35.0,37.0,40.0,39.0,35.0,37.0,33.0,37.0,31.0,0.0,0.0,30.0
29059,Humilladero,municipio,90.0,89.0,88.0,94.0,86.0,87.0,83.0,85.0,87.0,86.0,89.0,80.0,74.0,75.0
29060,Igualeja,municipio,0.0,0.0,0.0,0.0,0.0,0.0,0.0,0.0,0.0,0.0,0.0,0.0,0.0,0.0
29061,Istán,municipio,26.0,24.0,23.0,27.0,26.0,23.0,26.0,25.0,30.0,35.0,32.0,25.0,30.0,24.0
29062,Iznate,municipio,0.0,0.0,0.0,0.0,0.0,0.0,0.0,0.0,0.0,0.0,0.0,0.0,0.0,0.0
29063,Jimera de Líbar,municipio,0.0,0.0,0.0,0.0,0.0,0.0,0.0,0.0,0.0,0.0,0.0,0.0,0.0,0.0
29064,Jubrique,municipio,0.0,0.0,0.0,0.0,0.0,0.0,0.0,0.0,0.0,0.0,0.0,0.0,0.0,0.0
29065,Júzcar,municipio,0.0,0.0,0.0,0.0,0.0,0.0,0.0,0.0,0.0,0.0,0.0,0.0,0.0,0.0
29066,Macharaviaya,municipio,0.0,0.0,0.0,0.0,0.0,0.0,0.0,0.0,0.0,0.0,0.0,0.0,0.0,0.0
29067,Málaga,municipio,15384.0,15279.0,15246.0,15354.0,15274.0,15244.0,15399.0,15050.0,15268.0,15080.0,15190.0,14067.0,14293.0,14442.0
29068,Manilva,municipio,328.0,341.0,356.0,354.0,361.0,371.0,387.0,397.0,408.0,386.0,399.0,410.0,415.0,431.0
29069,Marbella,municipio,5020.0,5014.0,5066.0,4991.0,5075.0,5174.0,5305.0,5145.0,5249.0,5142.0,5377.0,5041.0,5093.0,5121.0
29070,Mijas,municipio,1978.0,2010.0,2001.0,2081.0,2125.0,2225.0,2289.0,2353.0,2345.0,2340.0,2426.0,2342.0,2365.0,2497.0
29071,Moclinejo,municipio,25.0,29.0,31.0,28.0,31.0,33.0,33.0,33.0,34.0,36.0,34.0,29.0,28.0,31.0
29072,Mollina,municipio,133.0,143.0,139.0,147.0,147.0,149.0,140.0,138.0,139.0,131.0,142.0,133.0,132.0,128.0
29073,Monda,municipio,57.0,53.0,58.0,57.0,55.0,60.0,58.0,68.0,68.0,68.0,65.0,63.0,65.0,70.0
29074,Montejaque,municipio,42.0,40.0,40.0,0.0,0.0,30.0,0.0,0.0,0.0,0.0,0.0,0.0,0.0,0.0
29075,Nerja,municipio,762.0,766.0,773.0,791.0,788.0,782.0,798.0,818.0,797.0,751.0,791.0,750.0,751.0,772.0
29076,Ojén,municipio,53.0,65.0,65.0,64.0,66.0,78.0,88.0,79.0,80.0,82.0,83.0,89.0,86.0,101.0
29077,Parauta,municipio,0.0,0.0,0.0,0.0,0.0,0.0,0.0,0.0,0.0,0.0,0.0,0.0,0.0,0.0
29079,Periana,municipio,81.0,85.0,85.0,74.0,76.0,81.0,79.0,83.0,83.0,91.0,81.0,78.0,82.0,77.0
29080,Pizarra,municipio,233.0,229.0,234.0,233.0,234.0,243.0,259.0,260.0,268.0,252.0,244.0,237.0,248.0,271.0
29081,Pujerra,municipio,0.0,0.0,0.0,0.0,0.0,0.0,0.0,0.0,0.0,0.0,0.0,0.0,0.0,0.0
29082,Rincón de la Victoria,municipio,986.0,970.0,979.0,1000.0,1016.0,1046.0,1081.0,1074.0,1103.0,1061.0,1089.0,1061.0,1065.0,1066.0
29083,Riogordo,municipio,65.0,62.0,63.0,61.0,63.0,62.0,64.0,58.0,61.0,70.0,66.0,66.0,67.0,76.0
29084,Ronda,municipio,1021.0,1045.0,1026.0,1036.0,1033.0,1034.0,1017.0,1027.0,1024.0,1019.0,1043.0,1006.0,967.0,951.0
29085,Salares,municipio,0.0,0.0,0.0,0.0,0.0,0.0,0.0,0.0,0.0,0.0,0.0,0.0,0.0,0.0
29086,Sayalonga,municipio,31.0,31.0,35.0,35.0,38.0,35.0,35.0,33.0,34.0,35.0,35.0,34.0,30.0,30.0
29087,Sedella,municipio,0.0,0.0,0.0,0.0,0.0,0.0,0.0,0.0,0.0,0.0,0.0,0.0,0.0,0.0
29088,Sierra de Yeguas,municipio,94.0,95.0,93.0,91.0,100.0,101.0,90.0,100.0,101.0,99.0,103.0,104.0,97.0,107.0
29089,Teba,municipio,114.0,125.0,116.0,110.0,101.0,112.0,116.0,109.0,106.0,107.0,115.0,102.0,106.0,105.0
29090,Tolox,municipio,50.0,49.0,47.0,48.0,44.0,38.0,39.0,40.0,42.0,44.0,45.0,45.0,43.0,48.0
29091,Torrox,municipio,459.0,445.0,438.0,444.0,438.0,456.0,455.0,480.0,497.0,478.0,500.0,485.0,491.0,483.0
29092,Totalán,municipio,0.0,0.0,0.0,0.0,0.0,0.0,0.0,0.0,0.0,0.0,0.0,0.0,0.0,0.0
29093,Valle de Abdalajís,municipio,60.0,57.0,56.0,50.0,53.0,56.0,50.0,51.0,57.0,57.0,60.0,51.0,50.0,51.0
29094,Vélez-Málaga,municipio,2267.0,2264.0,2287.0,2303.0,2304.0,2373.0,2347.0,2397.0,2470.0,2422.0,2467.0,2328.0,2264.0,2257.0
29095,Villanueva de Algaidas,municipio,119.0,129.0,122.0,121.0,119.0,126.0,122.0,114.0,113.0,117.0,114.0,113.0,108.0,110.0
29096,Villanueva del Rosario,municipio,86.0,75.0,78.0,80.0,73.0,75.0,83.0,88.0,94.0,95.0,93.0,88.0,86.0,78.0
29097,Villanueva del Trabuco,municipio,166.0,176.0,171.0,173.0,184.0,186.0,176.0,168.0,177.0,173.0,178.0,180.0,186.0,182.0
29098,Villanueva de Tapia,municipio,35.0,41.0,40.0,36.0,35.0,36.0,37.0,37.0,39.0,38.0,37.0,40.0,39.0,36.0
29099,Viñuela,municipio,48.0,46.0,44.0,47.0,42.0,43.0,43.0,47.0,40.0,39.0,45.0,51.0,45.0,44.0
29100,Yunquera,municipio,70.0,77.0,77.0,74.0,65.0,64.0,59.0,63.0,60.0,62.0,67.0,60.0,56.0,54.0
29901,Torremolinos,municipio,2132.0,2100.0,2117.0,2127.0,2169.0,2254.0,2294.0,2297.0,2408.0,2312.0,2393.0,2246.0,2228.0,2257.0
29902,Villanueva de la Concepción,municipio,0.0,75.0,67.0,71.0,82.0,85.0,87.0,86.0,92.0,89.0,91.0,93.0,94.0,96.0
29903,Montecorto,municipio,0.0,0.0,0.0,0.0,0.0,0.0,0.0,0.0,0.0,0.0,0.0,0.0,0.0,0.0
29904,Serrato,municipio,0.0,0.0,0.0,0.0,0.0,0.0,0.0,0.0,0.0,0.0,0.0,0.0,0.0,0.0
29,Málaga,provincia,45111.0,45182.0,45342.0,45484.0,45651.0,46243.0,46695.0,46543.0,47309.0,46511.0,47565.0,44852.0,45161.0,45692.0
30001,Abanilla,municipio,176.0,175.0,170.0,187.0,189.0,191.0,193.0,173.0,173.0,155.0,153.0,141.0,144.0,136.0
30002,Abarán,municipio,302.0,300.0,304.0,311.0,314.0,305.0,288.0,280.0,277.0,273.0,277.0,256.0,273.0,264.0
30003,Águilas,municipio,857.0,831.0,788.0,804.0,821.0,826.0,828.0,791.0,833.0,810.0,809.0,775.0,767.0,757.0
30004,Albudeite,municipio,25.0,21.0,18.0,18.0,19.0,22.0,19.0,15.0,16.0,14.0,16.0,16.0,17.0,14.0
30005,Alcantarilla,municipio,1116.0,1083.0,1102.0,1116.0,1131.0,1136.0,1110.0,1081.0,1076.0,1052.0,1049.0,988.0,996.0,1028.0
30006,Aledo,municipio,19.0,16.0,15.0,0.0,0.0,0.0,0.0,12.0,11.0,14.0,13.0,13.0,13.0,15.0
30007,Alguazas,municipio,204.0,197.0,191.0,214.0,217.0,209.0,198.0,191.0,196.0,187.0,194.0,191.0,196.0,188.0
30008,Alhama de Murcia,municipio,489.0,502.0,494.0,495.0,499.0,485.0,500.0,502.0,502.0,482.0,486.0,459.0,455.0,455.0
30009,Archena,municipio,508.0,503.0,508.0,518.0,502.0,518.0,494.0,491.0,495.0,488.0,490.0,458.0,446.0,443.0
30010,Beniel,municipio,285.0,291.0,302.0,306.0,302.0,300.0,304.0,292.0,292.0,280.0,281.0,279.0,274.0,286.0
30011,Blanca,municipio,144.0,139.0,134.0,144.0,145.0,139.0,146.0,146.0,149.0,150.0,146.0,136.0,143.0,136.0
30012,Bullas,municipio,267.0,261.0,274.0,289.0,285.0,279.0,285.0,276.0,272.0,257.0,247.0,237.0,236.0,237.0
30013,Calasparra,municipio,322.0,332.0,329.0,324.0,313.0,297.0,295.0,297.0,313.0,304.0,308.0,274.0,271.0,254.0
30014,Campos del Río,municipio,36.0,38.0,40.0,42.0,44.0,47.0,44.0,38.0,37.0,42.0,40.0,35.0,35.0,34.0
30015,Caravaca de la Cruz,municipio,842.0,856.0,849.0,846.0,827.0,829.0,845.0,835.0,799.0,793.0,788.0,712.0,689.0,710.0
30016,Cartagena,municipio,4609.0,4580.0,4480.0,4446.0,4448.0,4553.0,4542.0,4521.0,4492.0,4405.0,4399.0,4024.0,4021.0,4013.0
30017,Cehegín,municipio,428.0,440.0,439.0,453.0,456.0,465.0,447.0,427.0,423.0,407.0,398.0,381.0,384.0,375.0
30018,Ceutí,municipio,323.0,320.0,339.0,353.0,367.0,354.0,361.0,345.0,338.0,333.0,354.0,332.0,318.0,306.0
30019,Cieza,municipio,778.0,757.0,756.0,782.0,786.0,793.0,781.0,747.0,712.0,693.0,702.0,672.0,682.0,656.0
30020,Fortuna,municipio,255.0,247.0,259.0,273.0,273.0,289.0,300.0,300.0,301.0,302.0,313.0,281.0,287.0,293.0
30021,Fuente Álamo de Murcia,municipio,480.0,475.0,473.0,482.0,484.0,487.0,482.0,491.0,468.0,460.0,464.0,438.0,451.0,446.0
30022,Jumilla,municipio,599.0,598.0,594.0,583.0,586.0,600.0,584.0,597.0,568.0,554.0,541.0,532.0,531.0,524.0
30023,Librilla,municipio,118.0,121.0,124.0,126.0,132.0,151.0,146.0,135.0,142.0,139.0,137.0,133.0,131.0,136.0
30024,Lorca,municipio,2482.0,2458.0,2329.0,2395.0,2467.0,2432.0,2367.0,2337.0,2336.0,2339.0,2357.0,2233.0,2234.0,2237.0
30025,Lorquí,municipio,324.0,329.0,343.0,359.0,343.0,351.0,368.0,370.0,359.0,336.0,345.0,324.0,338.0,345.0
30026,Mazarrón,municipio,745.0,730.0,732.0,740.0,713.0,728.0,739.0,748.0,725.0,713.0,723.0,696.0,708.0,720.0
30027,Molina de Segura,municipio,1868.0,1877.0,1828.0,1879.0,1894.0,1855.0,1935.0,1864.0,1856.0,1809.0,1850.0,1768.0,1757.0,1767.0
30028,Moratalla,municipio,203.0,205.0,216.0,223.0,225.0,221.0,224.0,228.0,227.0,235.0,233.0,210.0,196.0,201.0
30029,Mula,municipio,361.0,353.0,353.0,357.0,371.0,383.0,382.0,378.0,372.0,357.0,354.0,331.0,322.0,329.0
30030,Murcia,municipio,11536.0,11435.0,11476.0,11790.0,11777.0,11851.0,11896.0,11532.0,11555.0,11240.0,11308.0,10374.0,10243.0,10218.0
30031,Ojós,municipio,0.0,0.0,0.0,0.0,0.0,0.0,0.0,0.0,0.0,0.0,0.0,0.0,0.0,0.0
30032,Pliego,municipio,84.0,88.0,80.0,82.0,84.0,89.0,90.0,93.0,90.0,91.0,96.0,91.0,79.0,78.0
30033,Puerto Lumbreras,municipio,481.0,478.0,461.0,478.0,484.0,500.0,506.0,470.0,468.0,463.0,466.0,426.0,427.0,430.0
30034,Ricote,municipio,19.0,18.0,17.0,17.0,20.0,23.0,23.0,23.0,21.0,19.0,17.0,18.0,18.0,22.0
30035,San Javier,municipio,865.0,841.0,806.0,853.0,891.0,895.0,897.0,898.0,899.0,902.0,907.0,837.0,844.0,874.0
30036,San Pedro del Pinatar,municipio,562.0,567.0,561.0,572.0,568.0,556.0,591.0,590.0,617.0,611.0,603.0,554.0,566.0,569.0
30037,Torre-Pacheco,municipio,1037.0,1067.0,1055.0,1091.0,1096.0,1127.0,1124.0,1140.0,1166.0,1149.0,1176.0,1086.0,1047.0,1028.0
30038,"Torres de Cotillas, Las",municipio,561.0,559.0,569.0,563.0,567.0,559.0,570.0,536.0,512.0,489.0,495.0,486.0,487.0,486.0
30039,Totana,municipio,847.0,816.0,793.0,805.0,833.0,835.0,835.0,838.0,807.0,804.0,830.0,767.0,773.0,780.0
30040,Ulea,municipio,0.0,0.0,0.0,0.0,0.0,0.0,0.0,0.0,0.0,0.0,0.0,0.0,0.0,0.0
30041,"Unión, La",municipio,324.0,310.0,308.0,319.0,302.0,314.0,331.0,317.0,318.0,310.0,308.0,304.0,302.0,283.0
30042,Villanueva del Río Segura,municipio,53.0,50.0,51.0,50.0,53.0,53.0,56.0,60.0,62.0,67.0,68.0,63.0,55.0,54.0
30043,Yecla,municipio,920.0,895.0,916.0,935.0,935.0,923.0,889.0,914.0,895.0,879.0,868.0,804.0,793.0,790.0
30901,Santomera,municipio,486.0,478.0,475.0,491.0,488.0,489.0,489.0,459.0,465.0,455.0,453.0,419.0,416.0,425.0
30902,"Alcázares, Los",municipio,335.0,321.0,321.0,341.0,345.0,362.0,366.0,369.0,371.0,353.0,373.0,395.0,394.0,421.0
30,Murcia,provincia,37297.0,36977.0,36699.0,37487.0,37630.0,37852.0,37898.0,37167.0,37027.0,36236.0,36454.0,33968.0,33779.0,33785.0
31001,Abáigar,municipio,0.0,0.0,0.0,0.0,0.0,0.0,0.0,0.0,0.0,0.0,0.0,0.0,0.0,0.0
31002,Abárzuza/Abartzuza,municipio,0.0,0.0,0.0,0.0,0.0,0.0,0.0,0.0,0.0,0.0,0.0,0.0,0.0,0.0
31003,Abaurregaina/Abaurrea Alta,municipio,0.0,0.0,0.0,0.0,0.0,0.0,0.0,0.0,0.0,0.0,0.0,0.0,0.0,0.0
31004,Abaurrepea/Abaurrea Baja,municipio,0.0,0.0,0.0,0.0,0.0,0.0,0.0,0.0,0.0,0.0,0.0,0.0,0.0,0.0
31005,Aberin,municipio,0.0,0.0,0.0,0.0,0.0,0.0,0.0,0.0,0.0,0.0,0.0,0.0,0.0,0.0
31006,Ablitas,municipio,44.0,39.0,43.0,43.0,41.0,45.0,44.0,40.0,44.0,45.0,49.0,43.0,36.0,39.0
31007,Adiós,municipio,0.0,0.0,0.0,0.0,0.0,0.0,0.0,0.0,0.0,0.0,0.0,0.0,0.0,0.0
31008,Aguilar de Codés,municipio,0.0,0.0,0.0,0.0,0.0,0.0,0.0,0.0,0.0,0.0,0.0,0.0,0.0,0.0
31009,Aibar/Oibar,municipio,0.0,0.0,0.0,0.0,0.0,0.0,0.0,0.0,0.0,0.0,0.0,0.0,0.0,0.0
31010,Altsasu/Alsasua,municipio,228.0,228.0,220.0,225.0,228.0,224.0,219.0,210.0,201.0,194.0,192.0,158.0,150.0,158.0
31011,Allín/Allin,municipio,0.0,0.0,0.0,0.0,0.0,0.0,0.0,0.0,0.0,0.0,0.0,0.0,0.0,0.0
31012,Allo,municipio,30.0,32.0,31.0,31.0,30.0,30.0,0.0,0.0,0.0,0.0,0.0,0.0,0.0,0.0
31013,Améscoa Baja,municipio,0.0,0.0,0.0,0.0,0.0,0.0,0.0,0.0,0.0,0.0,0.0,0.0,0.0,0.0
31014,Ancín/Antzin,municipio,0.0,0.0,0.0,0.0,0.0,0.0,0.0,0.0,0.0,0.0,0.0,0.0,0.0,0.0
31015,Andosilla,municipio,80.0,83.0,84.0,90.0,88.0,79.0,76.0,73.0,73.0,68.0,65.0,56.0,58.0,66.0
31016,Ansoáin/Antsoain,municipio,197.0,205.0,211.0,218.0,222.0,221.0,235.0,219.0,206.0,198.0,215.0,203.0,197.0,204.0
31017,Anue,municipio,0.0,0.0,0.0,0.0,0.0,0.0,0.0,0.0,0.0,0.0,0.0,0.0,0.0,0.0
31018,Añorbe,municipio,0.0,0.0,0.0,0.0,0.0,0.0,0.0,0.0,0.0,0.0,0.0,0.0,0.0,0.0
31019,Aoiz/Agoitz,municipio,75.0,76.0,80.0,79.0,74.0,75.0,73.0,72.0,68.0,67.0,71.0,56.0,57.0,57.0
31020,Araitz,municipio,0.0,0.0,0.0,0.0,0.0,0.0,0.0,0.0,0.0,0.0,0.0,0.0,0.0,0.0
31021,Aranarache/Aranaratxe,municipio,0.0,0.0,0.0,0.0,0.0,0.0,0.0,0.0,0.0,0.0,0.0,0.0,0.0,0.0
31022,Arantza,municipio,0.0,0.0,0.0,0.0,0.0,0.0,0.0,0.0,0.0,0.0,0.0,0.0,0.0,0.0
31023,Aranguren,municipio,284.0,297.0,314.0,327.0,338.0,351.0,357.0,371.0,372.0,355.0,368.0,344.0,340.0,360.0
31024,Arano,municipio,0.0,0.0,0.0,0.0,0.0,0.0,0.0,0.0,0.0,0.0,0.0,0.0,0.0,0.0
31025,Arakil,municipio,0.0,0.0,0.0,0.0,0.0,0.0,0.0,0.0,0.0,0.0,0.0,0.0,0.0,0.0
31026,Aras,municipio,0.0,0.0,0.0,0.0,0.0,0.0,0.0,0.0,0.0,0.0,0.0,0.0,0.0,0.0
31027,Arbizu,municipio,37.0,38.0,36.0,34.0,36.0,39.0,42.0,36.0,36.0,37.0,37.0,32.0,31.0,32.0
31028,Arce/Artzi,municipio,0.0,0.0,0.0,0.0,0.0,0.0,0.0,0.0,0.0,0.0,0.0,0.0,0.0,0.0
31029,"Arcos, Los",municipio,48.0,53.0,56.0,54.0,50.0,49.0,45.0,46.0,41.0,39.0,38.0,39.0,38.0,38.0
31030,Arellano,municipio,0.0,0.0,0.0,0.0,0.0,0.0,0.0,0.0,0.0,0.0,0.0,0.0,0.0,0.0
31031,Areso,municipio,0.0,0.0,0.0,0.0,0.0,0.0,0.0,0.0,0.0,0.0,0.0,0.0,0.0,0.0
31032,Arguedas,municipio,54.0,57.0,59.0,60.0,55.0,60.0,62.0,54.0,55.0,56.0,59.0,52.0,49.0,47.0
31033,Aria,municipio,0.0,0.0,0.0,0.0,0.0,0.0,0.0,0.0,0.0,0.0,0.0,0.0,0.0,0.0
31034,Aribe,municipio,0.0,0.0,0.0,0.0,0.0,0.0,0.0,0.0,0.0,0.0,0.0,0.0,0.0,0.0
31035,Armañanzas,municipio,0.0,0.0,0.0,0.0,0.0,0.0,0.0,0.0,0.0,0.0,0.0,0.0,0.0,0.0
31036,Arróniz,municipio,27.0,28.0,27.0,28.0,29.0,25.0,24.0,23.0,22.0,20.0,23.0,22.0,22.0,19.0
31037,Arruazu,municipio,0.0,0.0,0.0,0.0,0.0,0.0,0.0,0.0,0.0,0.0,0.0,0.0,0.0,0.0
31038,Artajona,municipio,40.0,42.0,36.0,37.0,36.0,36.0,39.0,41.0,38.0,39.0,38.0,36.0,31.0,34.0
31039,Artazu,municipio,0.0,0.0,0.0,0.0,0.0,0.0,0.0,0.0,0.0,0.0,0.0,0.0,0.0,0.0
31040,Atetz,municipio,0.0,0.0,0.0,0.0,0.0,0.0,0.0,0.0,0.0,0.0,0.0,0.0,0.0,0.0
31041,Ayegui/Aiegi,municipio,40.0,47.0,49.0,48.0,51.0,51.0,54.0,49.0,47.0,48.0,46.0,41.0,43.0,48.0
31042,Azagra,municipio,85.0,92.0,99.0,92.0,86.0,86.0,80.0,87.0,90.0,86.0,77.0,73.0,67.0,74.0
31043,Azuelo,municipio,0.0,0.0,0.0,0.0,0.0,0.0,0.0,0.0,0.0,0.0,0.0,0.0,0.0,0.0
31044,Bakaiku,municipio,0.0,0.0,0.0,0.0,0.0,0.0,0.0,0.0,0.0,0.0,0.0,0.0,0.0,0.0
31045,Barásoain,municipio,0.0,0.0,0.0,0.0,0.0,0.0,0.0,0.0,0.0,0.0,0.0,0.0,0.0,0.0
31046,Barbarin,municipio,0.0,0.0,0.0,0.0,0.0,0.0,0.0,0.0,0.0,0.0,0.0,0.0,0.0,0.0
31047,Bargota,municipio,0.0,0.0,0.0,0.0,0.0,0.0,0.0,0.0,0.0,0.0,0.0,0.0,0.0,0.0
31048,Barillas,municipio,0.0,0.0,0.0,0.0,0.0,0.0,0.0,0.0,0.0,0.0,0.0,0.0,0.0,0.0
31049,Basaburua,municipio,0.0,0.0,0.0,0.0,0.0,0.0,0.0,0.0,0.0,0.0,0.0,0.0,0.0,0.0
31050,Baztan,municipio,354.0,363.0,350.0,349.0,337.0,337.0,332.0,307.0,301.0,283.0,285.0,254.0,247.0,250.0
31051,Beire,municipio,0.0,0.0,0.0,0.0,0.0,0.0,0.0,0.0,0.0,0.0,0.0,0.0,0.0,0.0
31052,Belascoáin,municipio,0.0,0.0,0.0,0.0,0.0,0.0,0.0,0.0,0.0,0.0,0.0,0.0,0.0,0.0
31053,Berbinzana,municipio,0.0,0.0,0.0,0.0,0.0,0.0,0.0,0.0,0.0,0.0,0.0,0.0,0.0,0.0
31054,Bertizarana,municipio,0.0,0.0,0.0,0.0,0.0,0.0,0.0,0.0,0.0,0.0,0.0,0.0,0.0,0.0
31055,Betelu,municipio,0.0,0.0,0.0,0.0,0.0,0.0,0.0,0.0,0.0,0.0,0.0,0.0,0.0,0.0
31056,Biurrun-Olcoz,municipio,0.0,0.0,0.0,0.0,0.0,0.0,0.0,0.0,0.0,0.0,0.0,0.0,0.0,0.0
31057,Buñuel,municipio,73.0,73.0,71.0,72.0,68.0,66.0,66.0,61.0,58.0,59.0,59.0,49.0,48.0,48.0
31058,Auritz/Burguete,municipio,0.0,0.0,0.0,0.0,0.0,0.0,0.0,0.0,0.0,0.0,0.0,0.0,0.0,0.0
31059,Burgui/Burgi,municipio,0.0,0.0,0.0,0.0,0.0,0.0,0.0,0.0,0.0,0.0,0.0,0.0,0.0,0.0
31060,Burlada/Burlata,municipio,354.0,343.0,336.0,342.0,356.0,361.0,353.0,373.0,386.0,391.0,399.0,345.0,317.0,325.0
31061,"Busto, El",municipio,0.0,0.0,0.0,0.0,0.0,0.0,0.0,0.0,0.0,0.0,0.0,0.0,0.0,0.0
31062,Cabanillas,municipio,36.0,33.0,32.0,35.0,35.0,36.0,32.0,31.0,31.0,31.0,28.0,26.0,25.0,23.0
31063,Cabredo,municipio,0.0,0.0,0.0,0.0,0.0,0.0,0.0,0.0,0.0,0.0,0.0,0.0,0.0,0.0
31064,Cadreita,municipio,49.0,53.0,54.0,50.0,54.0,56.0,52.0,47.0,44.0,43.0,40.0,38.0,38.0,38.0
31065,Caparroso,municipio,58.0,56.0,58.0,64.0,64.0,71.0,66.0,68.0,60.0,60.0,58.0,54.0,52.0,51.0
31066,Cárcar,municipio,33.0,34.0,35.0,35.0,37.0,37.0,36.0,35.0,31.0,29.0,31.0,27.0,27.0,24.0
31067,Carcastillo,municipio,57.0,65.0,67.0,68.0,64.0,55.0,58.0,56.0,55.0,53.0,56.0,47.0,46.0,47.0
31068,Cascante,municipio,88.0,91.0,103.0,92.0,93.0,96.0,88.0,89.0,80.0,81.0,84.0,78.0,76.0,74.0
31069,Cáseda,municipio,16.0,15.0,15.0,15.0,0.0,0.0,0.0,0.0,0.0,0.0,0.0,0.0,0.0,0.0
31070,Castejón,municipio,95.0,91.0,90.0,82.0,79.0,82.0,85.0,86.0,79.0,78.0,79.0,77.0,73.0,78.0
31071,Castillonuevo/Gazteluberri,municipio,0.0,0.0,0.0,0.0,0.0,0.0,0.0,0.0,0.0,0.0,0.0,0.0,0.0,0.0
31072,Cintruénigo,municipio,165.0,165.0,166.0,171.0,167.0,171.0,180.0,171.0,165.0,173.0,163.0,163.0,151.0,163.0
31073,Ziordia,municipio,0.0,0.0,0.0,0.0,0.0,0.0,0.0,0.0,0.0,0.0,0.0,0.0,0.0,0.0
31074,Cirauqui/Zirauki,municipio,0.0,0.0,0.0,0.0,0.0,0.0,0.0,0.0,0.0,0.0,0.0,0.0,0.0,0.0
31075,Ciriza/Ziritza,municipio,0.0,0.0,0.0,0.0,0.0,0.0,0.0,0.0,0.0,0.0,0.0,0.0,0.0,0.0
31076,Cizur,municipio,81.0,82.0,82.0,81.0,82.0,81.0,87.0,80.0,74.0,79.0,82.0,69.0,64.0,69.0
31077,Corella,municipio,173.0,174.0,173.0,176.0,174.0,175.0,170.0,168.0,168.0,175.0,176.0,166.0,158.0,165.0
31078,Cortes,municipio,65.0,59.0,64.0,63.0,61.0,66.0,70.0,70.0,68.0,66.0,58.0,47.0,47.0,51.0
31079,Desojo,municipio,0.0,0.0,0.0,0.0,0.0,0.0,0.0,0.0,0.0,0.0,0.0,0.0,0.0,0.0
31080,Dicastillo,municipio,0.0,0.0,0.0,0.0,0.0,0.0,0.0,0.0,0.0,0.0,0.0,0.0,0.0,0.0
31081,Donamaria,municipio,0.0,0.0,0.0,0.0,0.0,0.0,0.0,0.0,0.0,0.0,0.0,0.0,0.0,0.0
31082,Etxalar,municipio,0.0,0.0,0.0,0.0,0.0,0.0,0.0,0.0,0.0,0.0,0.0,0.0,0.0,0.0
31083,Echarri/Etxarri,municipio,0.0,0.0,0.0,0.0,0.0,0.0,0.0,0.0,0.0,0.0,0.0,0.0,0.0,0.0
31084,Etxarri Aranatz,municipio,73.0,75.0,71.0,79.0,77.0,77.0,78.0,74.0,70.0,69.0,64.0,59.0,61.0,61.0
31085,Etxauri,municipio,0.0,0.0,0.0,0.0,0.0,0.0,0.0,0.0,0.0,0.0,0.0,0.0,0.0,0.0
31086,Valle de Egüés/Eguesibar,municipio,187.0,220.0,237.0,256.0,262.0,280.0,280.0,297.0,315.0,315.0,332.0,323.0,315.0,308.0
31087,Elgorriaga,municipio,0.0,0.0,0.0,0.0,0.0,0.0,0.0,0.0,0.0,0.0,0.0,0.0,0.0,0.0
31088,Valle de Elorz/Elortzibar,municipio,286.0,299.0,323.0,318.0,320.0,312.0,321.0,305.0,321.0,309.0,316.0,281.0,272.0,295.0
31089,Enériz/Eneritz,municipio,0.0,0.0,0.0,0.0,0.0,0.0,0.0,0.0,0.0,0.0,0.0,0.0,0.0,0.0
31090,Eratsun,municipio,0.0,0.0,0.0,0.0,0.0,0.0,0.0,0.0,0.0,0.0,0.0,0.0,0.0,0.0
31091,Ergoiena,municipio,0.0,0.0,0.0,0.0,0.0,0.0,0.0,0.0,0.0,0.0,0.0,0.0,0.0,0.0
31092,Erro,municipio,0.0,0.0,0.0,0.0,0.0,0.0,0.0,0.0,0.0,0.0,0.0,0.0,0.0,0.0
31093,Ezcároz/Ezkaroze,municipio,0.0,0.0,0.0,0.0,0.0,0.0,0.0,0.0,0.0,0.0,0.0,0.0,0.0,0.0
31094,Eslava,municipio,0.0,0.0,0.0,0.0,0.0,0.0,0.0,0.0,0.0,0.0,0.0,0.0,0.0,0.0
31095,Esparza de Salazar/Espartza Zaraitzu,municipio,0.0,0.0,0.0,0.0,0.0,0.0,0.0,0.0,0.0,0.0,0.0,0.0,0.0,0.0
31096,Espronceda,municipio,0.0,0.0,0.0,0.0,0.0,0.0,0.0,0.0,0.0,0.0,0.0,0.0,0.0,0.0
31097,Estella-Lizarra,municipio,421.0,414.0,434.0,439.0,439.0,418.0,427.0,427.0,419.0,409.0,411.0,366.0,363.0,362.0
31098,Esteribar,municipio,55.0,61.0,62.0,58.0,71.0,77.0,74.0,65.0,62.0,66.0,66.0,66.0,60.0,74.0
31099,Etayo,municipio,0.0,0.0,0.0,0.0,0.0,0.0,0.0,0.0,0.0,0.0,0.0,0.0,0.0,0.0
31100,Eulate,municipio,0.0,0.0,0.0,0.0,0.0,0.0,0.0,0.0,0.0,0.0,0.0,0.0,0.0,0.0
31101,Ezcabarte,municipio,81.0,82.0,80.0,78.0,86.0,85.0,95.0,86.0,83.0,78.0,78.0,69.0,64.0,63.0
31102,Ezkurra,municipio,0.0,0.0,0.0,0.0,0.0,0.0,0.0,0.0,0.0,0.0,0.0,0.0,0.0,0.0
31103,Ezprogui,municipio,0.0,0.0,0.0,0.0,0.0,0.0,0.0,0.0,0.0,0.0,0.0,0.0,0.0,0.0
31104,Falces,municipio,63.0,64.0,64.0,66.0,65.0,61.0,62.0,67.0,66.0,55.0,54.0,43.0,47.0,42.0
31105,Fitero,municipio,42.0,46.0,45.0,51.0,53.0,52.0,48.0,50.0,48.0,43.0,42.0,32.0,34.0,37.0
31106,Fontellas,municipio,0.0,0.0,0.0,0.0,0.0,0.0,0.0,0.0,0.0,0.0,0.0,38.0,36.0,39.0
31107,Funes,municipio,59.0,54.0,59.0,60.0,53.0,49.0,52.0,51.0,45.0,47.0,49.0,43.0,46.0,46.0
31108,Fustiñana,municipio,49.0,48.0,53.0,54.0,54.0,49.0,50.0,48.0,48.0,41.0,41.0,39.0,41.0,42.0
31109,Galar,municipio,155.0,160.0,164.0,169.0,159.0,165.0,177.0,176.0,179.0,179.0,180.0,172.0,179.0,175.0
31110,Gallipienzo/Galipentzu,municipio,0.0,0.0,0.0,0.0,0.0,0.0,0.0,0.0,0.0,0.0,0.0,0.0,0.0,0.0
31111,Gallués/Galoze,municipio,0.0,0.0,0.0,0.0,0.0,0.0,0.0,0.0,0.0,0.0,0.0,0.0,0.0,0.0
31112,Garaioa,municipio,0.0,0.0,0.0,0.0,0.0,0.0,0.0,0.0,0.0,0.0,0.0,0.0,0.0,0.0
31113,Garde,municipio,0.0,0.0,0.0,0.0,0.0,0.0,0.0,0.0,0.0,0.0,0.0,0.0,0.0,0.0
31114,Garínoain,municipio,0.0,0.0,0.0,0.0,0.0,0.0,0.0,0.0,0.0,0.0,0.0,0.0,0.0,0.0
31115,Garralda,municipio,0.0,0.0,0.0,0.0,0.0,0.0,0.0,0.0,0.0,0.0,0.0,0.0,0.0,0.0
31116,Genevilla,municipio,0.0,0.0,0.0,0.0,0.0,0.0,0.0,0.0,0.0,0.0,0.0,0.0,0.0,0.0
31117,Goizueta,municipio,0.0,0.0,0.0,0.0,0.0,0.0,0.0,0.0,0.0,0.0,0.0,0.0,0.0,0.0
31118,Val de Goñi/Goñerri,municipio,0.0,0.0,0.0,0.0,0.0,0.0,0.0,0.0,0.0,0.0,0.0,0.0,0.0,0.0
31119,Güesa/Gorza,municipio,0.0,0.0,0.0,0.0,0.0,0.0,0.0,0.0,0.0,0.0,0.0,0.0,0.0,0.0
31120,Guesálaz/Gesalatz,municipio,0.0,0.0,0.0,0.0,0.0,0.0,0.0,0.0,0.0,0.0,0.0,0.0,0.0,0.0
31121,Guirguillano,municipio,0.0,0.0,0.0,0.0,0.0,0.0,0.0,0.0,0.0,0.0,0.0,0.0,0.0,0.0
31122,Huarte/Uharte,municipio,164.0,170.0,166.0,171.0,182.0,181.0,195.0,180.0,189.0,175.0,187.0,168.0,171.0,172.0
31123,Uharte Arakil,municipio,0.0,0.0,0.0,0.0,0.0,0.0,0.0,0.0,0.0,0.0,0.0,0.0,0.0,0.0
31124,Ibargoiti,municipio,0.0,0.0,0.0,0.0,0.0,0.0,0.0,0.0,0.0,0.0,0.0,0.0,0.0,0.0
31125,Igúzquiza,municipio,0.0,0.0,0.0,0.0,0.0,0.0,0.0,0.0,0.0,0.0,0.0,0.0,0.0,0.0
31126,Imotz,municipio,0.0,0.0,0.0,0.0,0.0,0.0,0.0,0.0,0.0,0.0,0.0,0.0,0.0,0.0
31127,Irañeta,municipio,0.0,0.0,0.0,0.0,0.0,0.0,0.0,0.0,0.0,0.0,0.0,0.0,0.0,0.0
31128,Isaba/Izaba,municipio,0.0,0.0,0.0,0.0,0.0,0.0,0.0,0.0,0.0,0.0,0.0,0.0,0.0,0.0
31129,Ituren,municipio,0.0,0.0,0.0,0.0,0.0,0.0,0.0,0.0,0.0,0.0,0.0,0.0,0.0,0.0
31130,Iturmendi,municipio,0.0,0.0,0.0,0.0,0.0,0.0,0.0,0.0,0.0,0.0,0.0,0.0,0.0,0.0
31131,Iza/Itza,municipio,30.0,33.0,33.0,30.0,28.0,29.0,28.0,27.0,27.0,24.0,26.0,26.0,26.0,19.0
31132,Izagaondoa,municipio,0.0,0.0,0.0,0.0,0.0,0.0,0.0,0.0,0.0,0.0,0.0,0.0,0.0,0.0
31133,Izalzu/Itzaltzu,municipio,0.0,0.0,0.0,0.0,0.0,0.0,0.0,0.0,0.0,0.0,0.0,0.0,0.0,0.0
31134,Jaurrieta,municipio,0.0,0.0,0.0,0.0,0.0,0.0,0.0,0.0,0.0,0.0,0.0,0.0,0.0,0.0
31135,Javier,municipio,0.0,0.0,0.0,0.0,0.0,0.0,0.0,0.0,0.0,0.0,0.0,0.0,0.0,0.0
31136,Juslapeña/Txulapain,municipio,0.0,0.0,0.0,0.0,0.0,0.0,0.0,0.0,0.0,0.0,0.0,0.0,0.0,0.0
31137,Beintza-Labaien,municipio,0.0,0.0,0.0,0.0,0.0,0.0,0.0,0.0,0.0,0.0,0.0,0.0,0.0,0.0
31138,Lakuntza,municipio,35.0,29.0,28.0,28.0,26.0,29.0,28.0,27.0,25.0,28.0,25.0,23.0,24.0,21.0
31139,Lana,municipio,0.0,0.0,0.0,0.0,0.0,0.0,0.0,0.0,0.0,0.0,0.0,0.0,0.0,0.0
31140,Lantz,municipio,0.0,0.0,0.0,0.0,0.0,0.0,0.0,0.0,0.0,0.0,0.0,0.0,0.0,0.0
31141,Lapoblación,municipio,0.0,0.0,0.0,0.0,0.0,0.0,0.0,0.0,0.0,0.0,0.0,0.0,0.0,0.0
31142,Larraga,municipio,41.0,47.0,44.0,46.0,49.0,46.0,50.0,52.0,47.0,43.0,43.0,39.0,40.0,42.0
31143,Larraona,municipio,0.0,0.0,0.0,0.0,0.0,0.0,0.0,0.0,0.0,0.0,0.0,0.0,0.0,0.0
31144,Larraun,municipio,44.0,40.0,0.0,42.0,0.0,0.0,0.0,0.0,0.0,0.0,0.0,0.0,0.0,0.0
31145,Lazagurría,municipio,0.0,0.0,0.0,0.0,0.0,0.0,0.0,0.0,0.0,0.0,0.0,0.0,0.0,0.0
31146,Leache/Leatxe,municipio,0.0,0.0,0.0,0.0,0.0,0.0,0.0,0.0,0.0,0.0,0.0,0.0,0.0,0.0
31147,Legarda,municipio,0.0,0.0,0.0,0.0,0.0,0.0,0.0,0.0,0.0,0.0,0.0,0.0,0.0,0.0
31148,Legaria,municipio,0.0,0.0,0.0,0.0,0.0,0.0,0.0,0.0,0.0,0.0,0.0,0.0,0.0,0.0
31149,Leitza,municipio,82.0,81.0,89.0,93.0,90.0,88.0,91.0,90.0,87.0,87.0,87.0,80.0,79.0,80.0
31150,Leoz/Leotz,municipio,0.0,0.0,0.0,0.0,0.0,0.0,0.0,0.0,0.0,0.0,0.0,0.0,0.0,0.0
31151,Lerga,municipio,0.0,0.0,0.0,0.0,0.0,0.0,0.0,0.0,0.0,0.0,0.0,0.0,0.0,0.0
31152,Lerín,municipio,47.0,45.0,45.0,47.0,46.0,45.0,45.0,41.0,39.0,41.0,39.0,39.0,35.0,34.0
31153,Lesaka,municipio,133.0,136.0,133.0,140.0,142.0,137.0,138.0,135.0,122.0,123.0,122.0,117.0,106.0,101.0
31154,Lezaun,municipio,0.0,0.0,0.0,0.0,0.0,0.0,0.0,0.0,0.0,0.0,0.0,0.0,0.0,0.0
31155,Liédena,municipio,0.0,0.0,0.0,0.0,0.0,0.0,0.0,0.0,0.0,0.0,0.0,0.0,0.0,0.0
31156,Lizoain-Arriasgoiti/Lizoainibar-Arriasgoiti,municipio,0.0,0.0,0.0,0.0,0.0,0.0,0.0,0.0,0.0,0.0,0.0,0.0,0.0,0.0
31157,Lodosa,municipio,148.0,146.0,147.0,142.0,135.0,137.0,128.0,131.0,129.0,131.0,136.0,118.0,115.0,116.0
31158,Lónguida/Longida,municipio,0.0,0.0,0.0,0.0,0.0,0.0,0.0,0.0,0.0,0.0,0.0,0.0,0.0,0.0
31159,Lumbier,municipio,42.0,39.0,39.0,36.0,37.0,34.0,35.0,35.0,36.0,37.0,34.0,33.0,30.0,31.0
31160,Luquin,municipio,0.0,0.0,0.0,0.0,0.0,0.0,0.0,0.0,0.0,0.0,0.0,0.0,0.0,0.0
31161,Mañeru,municipio,0.0,0.0,0.0,0.0,0.0,0.0,0.0,0.0,0.0,0.0,0.0,0.0,0.0,0.0
31162,Marañón,municipio,0.0,0.0,0.0,0.0,0.0,0.0,0.0,0.0,0.0,0.0,0.0,0.0,0.0,0.0
31163,Marcilla,municipio,66.0,67.0,65.0,75.0,73.0,70.0,72.0,62.0,60.0,61.0,58.0,57.0,53.0,49.0
31164,Mélida,municipio,0.0,0.0,0.0,0.0,0.0,0.0,0.0,0.0,0.0,0.0,0.0,0.0,0.0,0.0
31165,Mendavia,municipio,101.0,98.0,100.0,97.0,94.0,103.0,93.0,95.0,92.0,85.0,93.0,86.0,81.0,81.0
31166,Mendaza,municipio,0.0,0.0,0.0,0.0,0.0,0.0,0.0,0.0,0.0,0.0,0.0,0.0,0.0,0.0
31167,Mendigorria,municipio,21.0,16.0,16.0,22.0,26.0,24.0,22.0,21.0,22.0,20.0,22.0,19.0,18.0,18.0
31168,Metauten,municipio,0.0,0.0,0.0,0.0,0.0,0.0,0.0,0.0,0.0,0.0,0.0,0.0,0.0,0.0
31169,Milagro,municipio,72.0,70.0,66.0,69.0,68.0,66.0,68.0,62.0,58.0,64.0,55.0,49.0,44.0,44.0
31170,Mirafuentes,municipio,0.0,0.0,0.0,0.0,0.0,0.0,0.0,0.0,0.0,0.0,0.0,0.0,0.0,0.0
31171,Miranda de Arga,municipio,0.0,0.0,0.0,0.0,0.0,0.0,0.0,0.0,0.0,0.0,0.0,0.0,0.0,0.0
31172,Monreal/Elo,municipio,0.0,0.0,0.0,0.0,0.0,0.0,0.0,0.0,0.0,0.0,0.0,0.0,0.0,0.0
31173,Monteagudo,municipio,12.0,14.0,13.0,12.0,14.0,13.0,14.0,16.0,17.0,18.0,16.0,16.0,15.0,14.0
31174,Morentin,municipio,0.0,0.0,0.0,0.0,0.0,0.0,0.0,0.0,0.0,0.0,0.0,0.0,0.0,0.0
31175,Mues,municipio,0.0,0.0,0.0,0.0,0.0,0.0,0.0,0.0,0.0,0.0,0.0,0.0,0.0,0.0
31176,Murchante,municipio,89.0,90.0,91.0,93.0,93.0,98.0,95.0,96.0,94.0,83.0,88.0,80.0,83.0,82.0
31177,Murieta,municipio,0.0,0.0,0.0,0.0,0.0,0.0,0.0,0.0,0.0,0.0,0.0,0.0,0.0,0.0
31178,Murillo el Cuende,municipio,0.0,0.0,0.0,0.0,0.0,0.0,0.0,0.0,0.0,0.0,0.0,0.0,0.0,0.0
31179,Murillo el Fruto,municipio,0.0,0.0,0.0,0.0,0.0,0.0,0.0,0.0,0.0,0.0,0.0,0.0,0.0,0.0
31180,Muruzábal,municipio,0.0,0.0,0.0,0.0,0.0,0.0,0.0,0.0,0.0,0.0,0.0,0.0,0.0,0.0
31181,Navascués/Nabaskoze,municipio,0.0,0.0,0.0,0.0,0.0,0.0,0.0,0.0,0.0,0.0,0.0,0.0,0.0,0.0
31182,Nazar,municipio,0.0,0.0,0.0,0.0,0.0,0.0,0.0,0.0,0.0,0.0,0.0,0.0,0.0,0.0
31183,Obanos,municipio,0.0,0.0,0.0,0.0,0.0,0.0,0.0,0.0,0.0,0.0,0.0,0.0,0.0,0.0
31184,Oco,municipio,0.0,0.0,0.0,0.0,0.0,0.0,0.0,0.0,0.0,0.0,0.0,0.0,0.0,0.0
31185,Ochagavía/Otsagabia,municipio,0.0,0.0,0.0,0.0,0.0,0.0,0.0,0.0,0.0,0.0,0.0,0.0,0.0,0.0
31186,Odieta,municipio,0.0,0.0,0.0,0.0,0.0,0.0,0.0,0.0,0.0,0.0,0.0,0.0,0.0,0.0
31187,Oiz,municipio,0.0,0.0,0.0,0.0,0.0,0.0,0.0,0.0,0.0,0.0,0.0,0.0,0.0,0.0
31188,Olaibar,municipio,0.0,0.0,0.0,0.0,0.0,0.0,0.0,0.0,0.0,0.0,0.0,0.0,0.0,0.0
31189,Olazti/Olazagutía,municipio,68.0,70.0,66.0,63.0,64.0,60.0,54.0,52.0,50.0,43.0,42.0,38.0,36.0,35.0
31190,Olejua,municipio,0.0,0.0,0.0,0.0,0.0,0.0,0.0,0.0,0.0,0.0,0.0,0.0,0.0,0.0
31191,Olite/Erriberri,municipio,109.0,111.0,117.0,123.0,121.0,128.0,130.0,121.0,115.0,119.0,120.0,111.0,105.0,107.0
31192,Olóriz/Oloritz,municipio,0.0,0.0,0.0,0.0,0.0,0.0,0.0,0.0,0.0,0.0,0.0,0.0,0.0,0.0
31193,Cendea de Olza/Oltza Zendea,municipio,65.0,66.0,70.0,72.0,69.0,72.0,70.0,57.0,58.0,50.0,54.0,43.0,41.0,46.0
31194,Valle de Ollo/Ollaran,municipio,0.0,0.0,0.0,0.0,0.0,0.0,0.0,0.0,0.0,0.0,0.0,0.0,0.0,0.0
31195,Orbaizeta,municipio,0.0,0.0,0.0,0.0,0.0,0.0,0.0,0.0,0.0,0.0,0.0,0.0,0.0,0.0
31196,Orbara,municipio,0.0,0.0,0.0,0.0,0.0,0.0,0.0,0.0,0.0,0.0,0.0,0.0,0.0,0.0
31197,Orísoain,municipio,0.0,0.0,0.0,0.0,0.0,0.0,0.0,0.0,0.0,0.0,0.0,0.0,0.0,0.0
31198,Oronz/Orontze,municipio,0.0,0.0,0.0,0.0,0.0,0.0,0.0,0.0,0.0,0.0,0.0,0.0,0.0,0.0
31199,Oroz-Betelu/Orotz-Betelu,municipio,0.0,0.0,0.0,0.0,0.0,0.0,0.0,0.0,0.0,0.0,0.0,0.0,0.0,0.0
31200,Oteiza,municipio,0.0,0.0,0.0,0.0,0.0,0.0,0.0,0.0,0.0,0.0,0.0,0.0,0.0,0.0
31201,Pamplona/Iruña,municipio,4635.0,4636.0,4587.0,4652.0,4665.0,4636.0,4591.0,4482.0,4473.0,4467.0,4551.0,4075.0,4013.0,4106.0
31202,Peralta/Azkoien,municipio,154.0,147.0,147.0,151.0,159.0,149.0,146.0,144.0,147.0,144.0,145.0,124.0,121.0,125.0
31203,Petilla de Aragón,municipio,0.0,0.0,0.0,0.0,0.0,0.0,0.0,0.0,0.0,0.0,0.0,0.0,0.0,0.0
31204,Piedramillera,municipio,0.0,0.0,0.0,0.0,0.0,0.0,0.0,0.0,0.0,0.0,0.0,0.0,0.0,0.0
31205,Pitillas,municipio,0.0,0.0,0.0,0.0,0.0,0.0,0.0,0.0,0.0,0.0,0.0,0.0,0.0,0.0
31206,Puente la Reina/Gares,municipio,79.0,79.0,80.0,86.0,89.0,86.0,80.0,87.0,91.0,84.0,88.0,73.0,78.0,82.0
31207,Pueyo/Puiu,municipio,0.0,0.0,0.0,0.0,0.0,0.0,0.0,0.0,0.0,0.0,0.0,0.0,0.0,0.0
31208,Ribaforada,municipio,74.0,69.0,71.0,71.0,70.0,77.0,82.0,80.0,78.0,70.0,76.0,69.0,72.0,66.0
31209,Romanzado/Erromantzatua,municipio,0.0,0.0,0.0,0.0,0.0,0.0,0.0,0.0,0.0,0.0,0.0,0.0,0.0,0.0
31210,Roncal/Erronkari,municipio,0.0,0.0,0.0,0.0,0.0,0.0,0.0,0.0,0.0,0.0,0.0,0.0,0.0,0.0
31211,Orreaga/Roncesvalles,municipio,0.0,0.0,0.0,0.0,0.0,0.0,0.0,0.0,0.0,0.0,0.0,0.0,0.0,0.0
31212,Sada,municipio,0.0,0.0,0.0,0.0,0.0,0.0,0.0,0.0,0.0,0.0,0.0,0.0,0.0,0.0
31213,Saldías,municipio,0.0,0.0,0.0,0.0,0.0,0.0,0.0,0.0,0.0,0.0,0.0,0.0,0.0,0.0
31214,Salinas de Oro/Jaitz,municipio,0.0,0.0,0.0,0.0,0.0,0.0,0.0,0.0,0.0,0.0,0.0,0.0,0.0,0.0
31215,San Adrián,municipio,206.0,203.0,199.0,191.0,189.0,190.0,194.0,195.0,189.0,187.0,187.0,151.0,141.0,136.0
31216,Sangüesa/Zangoza,municipio,125.0,126.0,120.0,126.0,122.0,116.0,113.0,107.0,109.0,104.0,107.0,96.0,93.0,96.0
31217,San Martín de Unx,municipio,0.0,0.0,0.0,0.0,0.0,0.0,0.0,0.0,0.0,0.0,0.0,0.0,0.0,0.0
31219,Sansol,municipio,0.0,0.0,0.0,0.0,0.0,0.0,0.0,0.0,0.0,0.0,0.0,0.0,0.0,0.0
31220,Santacara,municipio,0.0,0.0,0.0,0.0,0.0,0.0,0.0,0.0,0.0,0.0,0.0,0.0,0.0,0.0
31221,Doneztebe/Santesteban,municipio,118.0,120.0,121.0,120.0,119.0,111.0,107.0,113.0,112.0,111.0,106.0,102.0,90.0,90.0
31222,Sarriés/Sartze,municipio,0.0,0.0,0.0,0.0,0.0,0.0,0.0,0.0,0.0,0.0,0.0,0.0,0.0,0.0
31223,Sartaguda,municipio,44.0,43.0,39.0,41.0,42.0,41.0,41.0,41.0,39.0,38.0,37.0,34.0,34.0,37.0
31224,Sesma,municipio,32.0,27.0,32.0,34.0,36.0,35.0,30.0,26.0,26.0,25.0,26.0,23.0,26.0,23.0
31225,Sorlada,municipio,0.0,0.0,0.0,0.0,0.0,0.0,0.0,0.0,0.0,0.0,0.0,0.0,0.0,0.0
31226,Sunbilla,municipio,0.0,0.0,0.0,0.0,0.0,0.0,0.0,0.0,0.0,0.0,0.0,0.0,0.0,0.0
31227,Tafalla,municipio,324.0,321.0,321.0,324.0,322.0,319.0,291.0,273.0,260.0,261.0,240.0,218.0,209.0,218.0
31228,Tiebas-Muruarte de Reta,municipio,0.0,0.0,0.0,0.0,0.0,0.0,0.0,0.0,0.0,0.0,0.0,0.0,0.0,0.0
31229,Tirapu,municipio,0.0,0.0,0.0,0.0,0.0,0.0,0.0,0.0,0.0,0.0,0.0,0.0,0.0,0.0
31230,Torralba del Río,municipio,0.0,0.0,0.0,0.0,0.0,0.0,0.0,0.0,0.0,0.0,0.0,0.0,0.0,0.0
31231,Torres del Río,municipio,0.0,0.0,0.0,0.0,0.0,0.0,0.0,0.0,0.0,0.0,0.0,0.0,0.0,0.0
31232,Tudela,municipio,1002.0,1012.0,1011.0,1034.0,1034.0,1049.0,1022.0,998.0,993.0,976.0,1013.0,904.0,901.0,888.0
31233,Tulebras,municipio,0.0,0.0,0.0,0.0,0.0,0.0,0.0,0.0,0.0,0.0,0.0,0.0,0.0,0.0
31234,Ucar,municipio,0.0,0.0,0.0,0.0,0.0,0.0,0.0,0.0,0.0,0.0,0.0,0.0,0.0,0.0
31235,Ujué/Uxue,municipio,0.0,0.0,0.0,0.0,0.0,0.0,0.0,0.0,0.0,0.0,0.0,0.0,0.0,0.0
31236,Ultzama,municipio,61.0,61.0,63.0,64.0,63.0,63.0,61.0,60.0,57.0,55.0,58.0,54.0,53.0,54.0
31237,Unciti,municipio,0.0,0.0,0.0,0.0,0.0,0.0,0.0,0.0,0.0,0.0,0.0,0.0,0.0,0.0
31238,Unzué/Untzue,municipio,0.0,0.0,0.0,0.0,0.0,0.0,0.0,0.0,0.0,0.0,0.0,0.0,0.0,0.0
31239,Urdazubi/Urdax,municipio,0.0,0.0,0.0,0.0,0.0,0.0,0.0,0.0,0.0,0.0,0.0,0.0,0.0,0.0
31240,Urdiain,municipio,0.0,0.0,0.0,0.0,0.0,0.0,0.0,0.0,0.0,0.0,0.0,0.0,0.0,0.0
31241,Urraul Alto,municipio,0.0,0.0,0.0,0.0,0.0,0.0,0.0,0.0,0.0,0.0,0.0,0.0,0.0,0.0
31242,Urraul Bajo,municipio,0.0,0.0,0.0,0.0,0.0,0.0,0.0,0.0,0.0,0.0,0.0,0.0,0.0,0.0
31243,Urroz-Villa,municipio,0.0,0.0,0.0,0.0,0.0,0.0,0.0,0.0,0.0,0.0,0.0,0.0,0.0,0.0
31244,Urroz,municipio,0.0,0.0,0.0,0.0,0.0,0.0,0.0,0.0,0.0,0.0,0.0,0.0,0.0,0.0
31245,Urzainqui/Urzainki,municipio,0.0,0.0,0.0,0.0,0.0,0.0,0.0,0.0,0.0,0.0,0.0,0.0,0.0,0.0
31246,Uterga,municipio,0.0,0.0,0.0,0.0,0.0,0.0,0.0,0.0,0.0,0.0,0.0,0.0,0.0,0.0
31247,Uztárroz/Uztarroze,municipio,0.0,0.0,0.0,0.0,0.0,0.0,0.0,0.0,0.0,0.0,0.0,0.0,0.0,0.0
31248,Luzaide/Valcarlos,municipio,0.0,0.0,0.0,0.0,0.0,0.0,0.0,0.0,0.0,0.0,0.0,0.0,0.0,0.0
31249,Valtierra,municipio,71.0,64.0,66.0,65.0,71.0,65.0,66.0,53.0,52.0,55.0,57.0,47.0,46.0,46.0
31250,Bera,municipio,181.0,166.0,174.0,177.0,175.0,171.0,167.0,158.0,160.0,159.0,155.0,138.0,133.0,136.0
31251,Viana,municipio,100.0,106.0,109.0,115.0,116.0,114.0,121.0,115.0,103.0,102.0,101.0,89.0,96.0,98.0
31252,Vidángoz/Bidankoze,municipio,0.0,0.0,0.0,0.0,0.0,0.0,0.0,0.0,0.0,0.0,0.0,0.0,0.0,0.0
31253,Bidaurreta,municipio,0.0,0.0,0.0,0.0,0.0,0.0,0.0,0.0,0.0,0.0,0.0,0.0,0.0,0.0
31254,Villafranca,municipio,65.0,67.0,65.0,71.0,68.0,63.0,67.0,61.0,57.0,58.0,61.0,57.0,60.0,61.0
31255,Villamayor de Monjardín,municipio,0.0,0.0,0.0,0.0,0.0,0.0,0.0,0.0,0.0,0.0,0.0,0.0,0.0,0.0
31256,Hiriberri/Villanueva de Aezkoa,municipio,0.0,0.0,0.0,0.0,0.0,0.0,0.0,0.0,0.0,0.0,0.0,0.0,0.0,0.0
31257,Villatuerta,municipio,36.0,37.0,43.0,40.0,40.0,41.0,37.0,37.0,38.0,34.0,36.0,35.0,36.0,34.0
31258,Villava/Atarrabia,municipio,187.0,189.0,187.0,194.0,195.0,205.0,193.0,189.0,193.0,183.0,175.0,163.0,161.0,164.0
31259,Igantzi,municipio,0.0,0.0,0.0,0.0,0.0,0.0,0.0,0.0,0.0,0.0,0.0,0.0,0.0,0.0
31260,Valle de Yerri/Deierri,municipio,50.0,49.0,49.0,49.0,53.0,50.0,48.0,45.0,48.0,45.0,47.0,40.0,38.0,39.0
31261,Yesa,municipio,0.0,0.0,0.0,0.0,0.0,0.0,0.0,0.0,0.0,0.0,0.0,0.0,0.0,0.0
31262,Zabalza/Zabaltza,municipio,0.0,0.0,0.0,0.0,0.0,0.0,0.0,0.0,0.0,0.0,0.0,0.0,0.0,0.0
31263,Zubieta,municipio,0.0,0.0,0.0,0.0,0.0,0.0,0.0,0.0,0.0,0.0,0.0,0.0,0.0,0.0
31264,Zugarramurdi,municipio,0.0,0.0,0.0,0.0,0.0,0.0,0.0,0.0,0.0,0.0,0.0,0.0,0.0,0.0
31265,Zúñiga,municipio,0.0,0.0,0.0,0.0,0.0,0.0,0.0,0.0,0.0,0.0,0.0,0.0,0.0,0.0
31901,Barañáin/Barañain,municipio,302.0,302.0,294.0,295.0,289.0,287.0,285.0,272.0,288.0,278.0,289.0,253.0,238.0,237.0
31902,Berrioplano/Berriobeiti,municipio,222.0,224.0,227.0,222.0,217.0,224.0,233.0,234.0,257.0,254.0,261.0,233.0,235.0,229.0
31903,Berriozar,municipio,205.0,198.0,191.0,199.0,203.0,205.0,204.0,209.0,219.0,215.0,224.0,200.0,198.0,209.0
31904,Irurtzun,municipio,58.0,55.0,58.0,59.0,57.0,53.0,59.0,55.0,60.0,57.0,64.0,65.0,62.0,59.0
31905,Beriáin,municipio,101.0,106.0,106.0,99.0,108.0,102.0,96.0,105.0,110.0,110.0,110.0,102.0,102.0,106.0
31906,Orkoien,municipio,108.0,119.0,123.0,126.0,131.0,128.0,132.0,138.0,126.0,117.0,125.0,119.0,117.0,120.0
31907,Zizur Mayor/Zizur Nagusia,municipio,242.0,242.0,239.0,245.0,236.0,231.0,221.0,243.0,242.0,243.0,243.0,224.0,219.0,213.0
31908,Lekunberri,municipio,76.0,71.0,78.0,76.0,75.0,68.0,70.0,68.0,63.0,65.0,63.0,63.0,58.0,59.0
31,Navarra,provincia,16326.0,16414.0,16451.0,16688.0,16702.0,16624.0,16526.0,16140.0,16003.0,15744.0,15935.0,14349.0,14022.0,14237.0
32001,Allariz,municipio,199.0,202.0,203.0,205.0,198.0,198.0,187.0,184.0,179.0,179.0,177.0,170.0,163.0,164.0
32002,Amoeiro,municipio,47.0,44.0,42.0,52.0,55.0,55.0,54.0,50.0,47.0,47.0,43.0,43.0,44.0,46.0
32003,"Arnoia, A",municipio,15.0,17.0,16.0,13.0,10.0,12.0,13.0,0.0,0.0,0.0,0.0,11.0,16.0,0.0
32004,Avión,municipio,33.0,32.0,33.0,29.0,25.0,25.0,25.0,27.0,32.0,28.0,25.0,28.0,25.0,26.0
32005,Baltar,municipio,17.0,16.0,17.0,19.0,20.0,0.0,0.0,0.0,0.0,0.0,0.0,0.0,0.0,0.0
32006,Bande,municipio,46.0,48.0,49.0,48.0,45.0,42.0,42.0,36.0,36.0,35.0,30.0,27.0,30.0,29.0
32007,Baños de Molgas,municipio,34.0,32.0,29.0,34.0,34.0,35.0,33.0,34.0,34.0,37.0,35.0,31.0,27.0,25.0
32008,Barbadás,municipio,283.0,293.0,312.0,305.0,311.0,298.0,300.0,293.0,290.0,301.0,286.0,264.0,263.0,255.0
32009,"Barco de Valdeorras, O",municipio,448.0,450.0,439.0,442.0,448.0,439.0,430.0,415.0,390.0,383.0,382.0,345.0,347.0,337.0
32010,Beade,municipio,0.0,0.0,0.0,0.0,0.0,0.0,0.0,0.0,0.0,0.0,0.0,0.0,0.0,0.0
32011,Beariz,municipio,14.0,15.0,14.0,13.0,12.0,11.0,0.0,0.0,0.0,0.0,0.0,0.0,0.0,0.0
32012,"Blancos, Os",municipio,9.0,0.0,0.0,0.0,0.0,0.0,0.0,0.0,0.0,0.0,0.0,0.0,0.0,0.0
32013,Boborás,municipio,33.0,30.0,34.0,28.0,35.0,31.0,31.0,28.0,30.0,33.0,36.0,36.0,33.0,34.0
32014,"Bola, A",municipio,25.0,20.0,21.0,19.0,17.0,15.0,15.0,17.0,16.0,13.0,15.0,11.0,11.0,12.0
32015,"Bolo, O",municipio,20.0,21.0,24.0,20.0,0.0,0.0,0.0,0.0,0.0,0.0,0.0,0.0,0.0,0.0
32016,Calvos de Randín,municipio,16.0,14.0,12.0,0.0,0.0,0.0,0.0,0.0,0.0,0.0,0.0,0.0,0.0,0.0
32017,Carballeda de Valdeorras,municipio,35.0,34.0,40.0,37.0,37.0,38.0,35.0,30.0,27.0,24.0,23.0,28.0,30.0,26.0
32018,Carballeda de Avia,municipio,31.0,28.0,24.0,26.0,28.0,32.0,33.0,28.0,29.0,26.0,24.0,20.0,23.0,22.0
32019,"Carballiño, O",municipio,577.0,589.0,589.0,580.0,575.0,581.0,569.0,569.0,551.0,546.0,550.0,518.0,515.0,502.0
32020,Cartelle,municipio,62.0,65.0,61.0,55.0,55.0,55.0,57.0,59.0,54.0,49.0,43.0,44.0,46.0,41.0
32021,Castrelo do Val,municipio,16.0,15.0,19.0,18.0,16.0,15.0,15.0,15.0,0.0,0.0,0.0,0.0,0.0,0.0
32022,Castrelo de Miño,municipio,29.0,28.0,28.0,33.0,32.0,32.0,30.0,31.0,28.0,28.0,28.0,26.0,24.0,28.0
32023,Castro Caldelas,municipio,51.0,51.0,48.0,47.0,48.0,48.0,47.0,46.0,45.0,45.0,43.0,43.0,40.0,38.0
32024,Celanova,municipio,199.0,195.0,196.0,197.0,192.0,199.0,204.0,195.0,198.0,186.0,185.0,180.0,182.0,177.0
32025,Cenlle,municipio,20.0,23.0,24.0,24.0,27.0,25.0,27.0,27.0,28.0,28.0,28.0,22.0,23.0,22.0
32026,Coles,municipio,91.0,90.0,92.0,98.0,90.0,89.0,86.0,91.0,92.0,91.0,88.0,81.0,77.0,78.0
32027,Cortegada,municipio,36.0,32.0,30.0,27.0,30.0,32.0,33.0,30.0,31.0,30.0,27.0,29.0,26.0,26.0
32028,Cualedro,municipio,25.0,25.0,25.0,27.0,24.0,22.0,25.0,22.0,24.0,19.0,19.0,16.0,16.0,17.0
32029,Chandrexa de Queixa,municipio,0.0,0.0,0.0,0.0,0.0,0.0,0.0,0.0,0.0,0.0,0.0,0.0,0.0,0.0
32030,Entrimo,municipio,29.0,31.0,32.0,33.0,31.0,35.0,38.0,34.0,33.0,31.0,31.0,28.0,29.0,32.0
32031,Esgos,municipio,26.0,25.0,25.0,25.0,24.0,24.0,23.0,23.0,20.0,24.0,22.0,19.0,14.0,15.0
32032,Xinzo de Limia,municipio,424.0,424.0,421.0,420.0,404.0,400.0,393.0,394.0,378.0,369.0,371.0,351.0,343.0,345.0
32033,Gomesende,municipio,0.0,0.0,0.0,0.0,0.0,0.0,0.0,0.0,0.0,0.0,0.0,0.0,0.0,0.0
32034,"Gudiña, A",municipio,59.0,62.0,59.0,59.0,56.0,58.0,54.0,52.0,51.0,49.0,48.0,41.0,40.0,41.0
32035,"Irixo, O",municipio,27.0,28.0,25.0,24.0,26.0,25.0,25.0,22.0,23.0,25.0,26.0,21.0,21.0,22.0
32036,Xunqueira de Ambía,municipio,28.0,31.0,29.0,29.0,31.0,28.0,25.0,25.0,26.0,27.0,27.0,23.0,23.0,23.0
32037,Xunqueira de Espadanedo,municipio,0.0,0.0,0.0,0.0,0.0,0.0,0.0,0.0,0.0,0.0,0.0,0.0,0.0,0.0
32038,Larouco,municipio,0.0,0.0,0.0,0.0,0.0,0.0,0.0,0.0,0.0,0.0,0.0,0.0,0.0,0.0
32039,Laza,municipio,29.0,30.0,30.0,25.0,25.0,30.0,31.0,29.0,28.0,27.0,25.0,24.0,21.0,23.0
32040,Leiro,municipio,46.0,47.0,47.0,46.0,47.0,46.0,43.0,42.0,37.0,41.0,40.0,37.0,38.0,36.0
32041,Lobeira,municipio,0.0,0.0,0.0,0.0,0.0,0.0,0.0,0.0,0.0,0.0,0.0,0.0,0.0,0.0
32042,Lobios,municipio,48.0,45.0,41.0,38.0,37.0,41.0,40.0,39.0,41.0,38.0,41.0,36.0,39.0,41.0
32043,Maceda,municipio,95.0,98.0,96.0,97.0,93.0,93.0,93.0,98.0,98.0,97.0,88.0,78.0,79.0,78.0
32044,Manzaneda,municipio,24.0,22.0,0.0,0.0,0.0,0.0,0.0,0.0,0.0,0.0,0.0,0.0,0.0,0.0
32045,Maside,municipio,107.0,101.0,95.0,93.0,94.0,90.0,95.0,91.0,83.0,81.0,77.0,64.0,70.0,71.0
32046,Melón,municipio,20.0,24.0,20.0,22.0,20.0,23.0,22.0,23.0,21.0,20.0,20.0,17.0,18.0,19.0
32047,"Merca, A",municipio,54.0,46.0,52.0,57.0,51.0,51.0,52.0,53.0,47.0,47.0,44.0,44.0,41.0,44.0
32048,"Mezquita, A",municipio,29.0,24.0,27.0,33.0,34.0,31.0,31.0,30.0,30.0,29.0,29.0,26.0,27.0,26.0
32049,Montederramo,municipio,0.0,0.0,0.0,0.0,0.0,0.0,0.0,0.0,0.0,0.0,0.0,0.0,0.0,0.0
32050,Monterrei,municipio,27.0,28.0,26.0,30.0,30.0,31.0,30.0,28.0,25.0,24.0,28.0,25.0,23.0,19.0
32051,Muíños,municipio,22.0,24.0,25.0,26.0,23.0,25.0,25.0,23.0,18.0,19.0,21.0,20.0,22.0,23.0
32052,Nogueira de Ramuín,municipio,44.0,43.0,38.0,37.0,32.0,33.0,33.0,38.0,39.0,37.0,36.0,39.0,35.0,31.0
32053,Oímbra,municipio,24.0,30.0,27.0,30.0,30.0,33.0,35.0,30.0,27.0,24.0,27.0,24.0,24.0,24.0
32054,Ourense,municipio,3471.0,3425.0,3343.0,3347.0,3283.0,3260.0,3273.0,3216.0,3080.0,2997.0,2931.0,2646.0,2604.0,2583.0
32055,Paderne de Allariz,municipio,23.0,24.0,22.0,22.0,19.0,20.0,21.0,21.0,16.0,16.0,16.0,17.0,14.0,15.0
32056,Padrenda,municipio,55.0,53.0,51.0,49.0,47.0,48.0,47.0,47.0,41.0,37.0,33.0,32.0,36.0,34.0
32057,Parada de Sil,municipio,0.0,0.0,0.0,0.0,0.0,0.0,0.0,0.0,0.0,0.0,0.0,0.0,0.0,0.0
32058,"Pereiro de Aguiar, O",municipio,205.0,211.0,205.0,201.0,202.0,190.0,195.0,187.0,183.0,177.0,180.0,174.0,175.0,163.0
32059,"Peroxa, A",municipio,38.0,39.0,34.0,34.0,33.0,31.0,28.0,29.0,29.0,32.0,32.0,23.0,23.0,23.0
32060,Petín,municipio,16.0,0.0,0.0,0.0,0.0,0.0,0.0,0.0,0.0,0.0,0.0,0.0,0.0,0.0
32061,Piñor,municipio,39.0,36.0,32.0,29.0,27.0,30.0,25.0,27.0,28.0,29.0,31.0,23.0,20.0,19.0
32062,Porqueira,municipio,6.0,4.0,0.0,0.0,0.0,0.0,0.0,0.0,0.0,0.0,0.0,0.0,0.0,0.0
32063,"Pobra de Trives, A",municipio,93.0,86.0,86.0,81.0,78.0,77.0,80.0,74.0,78.0,82.0,84.0,71.0,73.0,66.0
32064,Pontedeva,municipio,0.0,0.0,0.0,0.0,0.0,0.0,0.0,0.0,0.0,0.0,0.0,0.0,0.0,0.0
32065,Punxín,municipio,0.0,0.0,0.0,0.0,0.0,0.0,0.0,0.0,0.0,0.0,0.0,0.0,0.0,0.0
32066,Quintela de Leirado,municipio,0.0,0.0,0.0,0.0,0.0,0.0,0.0,0.0,0.0,0.0,0.0,0.0,0.0,0.0
32067,Rairiz de Veiga,municipio,23.0,22.0,24.0,27.0,26.0,23.0,20.0,21.0,18.0,17.0,17.0,22.0,22.0,25.0
32068,Ramirás,municipio,45.0,37.0,38.0,39.0,40.0,35.0,38.0,38.0,43.0,41.0,38.0,31.0,31.0,29.0
32069,Ribadavia,municipio,202.0,210.0,202.0,211.0,185.0,193.0,192.0,184.0,188.0,185.0,187.0,165.0,155.0,163.0
32070,San Xoán de Río,municipio,0.0,0.0,0.0,0.0,0.0,0.0,0.0,0.0,0.0,0.0,0.0,0.0,0.0,0.0
32071,Riós,municipio,49.0,48.0,48.0,42.0,43.0,44.0,40.0,43.0,41.0,41.0,44.0,38.0,39.0,36.0
32072,"Rúa, A",municipio,169.0,169.0,167.0,154.0,149.0,147.0,148.0,154.0,146.0,151.0,143.0,123.0,116.0,120.0
32073,Rubiá,municipio,27.0,25.0,25.0,22.0,23.0,21.0,23.0,26.0,29.0,26.0,25.0,21.0,19.0,21.0
32074,San Amaro,municipio,23.0,24.0,23.0,17.0,15.0,15.0,16.0,17.0,15.0,15.0,14.0,12.0,13.0,14.0
32075,San Cibrao das Viñas,municipio,320.0,326.0,330.0,342.0,336.0,334.0,358.0,344.0,338.0,330.0,351.0,322.0,312.0,311.0
32076,San Cristovo de Cea,municipio,75.0,80.0,84.0,78.0,76.0,76.0,75.0,74.0,70.0,67.0,64.0,55.0,53.0,52.0
32077,Sandiás,municipio,36.0,44.0,38.0,33.0,30.0,28.0,28.0,28.0,27.0,28.0,25.0,17.0,20.0,21.0
32078,Sarreaus,municipio,16.0,16.0,12.0,15.0,16.0,17.0,13.0,14.0,14.0,14.0,13.0,8.0,9.0,9.0
32079,Taboadela,municipio,40.0,40.0,40.0,43.0,45.0,45.0,45.0,42.0,42.0,41.0,41.0,47.0,49.0,51.0
32080,"Teixeira, A",municipio,0.0,0.0,0.0,0.0,0.0,0.0,0.0,0.0,0.0,0.0,0.0,0.0,0.0,0.0
32081,Toén,municipio,33.0,39.0,40.0,44.0,47.0,47.0,46.0,45.0,46.0,46.0,46.0,38.0,34.0,34.0
32082,Trasmiras,municipio,30.0,26.0,27.0,31.0,27.0,27.0,26.0,27.0,27.0,26.0,26.0,25.0,24.0,26.0
32083,"Veiga, A",municipio,29.0,24.0,0.0,0.0,0.0,0.0,0.0,0.0,0.0,0.0,0.0,0.0,0.0,0.0
32084,Verea,municipio,11.0,14.0,14.0,12.0,12.0,0.0,0.0,0.0,0.0,0.0,0.0,0.0,0.0,0.0
32085,Verín,municipio,629.0,620.0,593.0,588.0,581.0,561.0,563.0,546.0,533.0,520.0,510.0,461.0,464.0,453.0
32086,Viana do Bolo,municipio,89.0,86.0,84.0,92.0,90.0,82.0,78.0,82.0,77.0,75.0,76.0,79.0,76.0,71.0
32087,Vilamarín,municipio,50.0,49.0,52.0,56.0,53.0,57.0,54.0,55.0,48.0,49.0,48.0,42.0,48.0,43.0
32088,Vilamartín de Valdeorras,municipio,42.0,41.0,41.0,35.0,34.0,36.0,36.0,38.0,36.0,40.0,40.0,38.0,42.0,42.0
32089,Vilar de Barrio,municipio,39.0,40.0,40.0,43.0,42.0,37.0,31.0,28.0,31.0,29.0,26.0,24.0,25.0,23.0
32090,Vilar de Santos,municipio,0.0,0.0,0.0,0.0,0.0,0.0,0.0,0.0,0.0,0.0,0.0,0.0,0.0,0.0
32091,Vilardevós,municipio,31.0,28.0,28.0,32.0,33.0,31.0,28.0,24.0,27.0,27.0,25.0,23.0,18.0,17.0
32092,Vilariño de Conso,municipio,0.0,0.0,0.0,0.0,0.0,0.0,0.0,0.0,0.0,0.0,0.0,0.0,0.0,0.0
32,Ourense,provincia,9741.0,9707.0,9554.0,9541.0,9364.0,9282.0,9253.0,9085.0,8818.0,8661.0,8537.0,7805.0,7693.0,7605.0
33001,Allande,municipio,55.0,54.0,52.0,52.0,55.0,57.0,56.0,52.0,52.0,53.0,49.0,47.0,48.0,44.0
33002,Aller,municipio,287.0,283.0,294.0,269.0,261.0,246.0,247.0,225.0,221.0,217.0,223.0,207.0,206.0,212.0
33003,Amieva,municipio,0.0,0.0,0.0,0.0,0.0,0.0,0.0,0.0,0.0,0.0,0.0,0.0,0.0,0.0
33004,Avilés,municipio,1967.0,1917.0,1893.0,1891.0,1870.0,1798.0,1769.0,1692.0,1648.0,1615.0,1609.0,1484.0,1420.0,1372.0
33005,Belmonte de Miranda,municipio,59.0,58.0,51.0,50.0,50.0,50.0,48.0,43.0,45.0,42.0,43.0,46.0,49.0,50.0
33006,Bimenes,municipio,41.0,41.0,47.0,48.0,47.0,45.0,47.0,47.0,45.0,41.0,44.0,38.0,35.0,38.0
33007,Boal,municipio,82.0,80.0,79.0,75.0,73.0,73.0,74.0,70.0,66.0,66.0,64.0,60.0,61.0,58.0
33008,Cabrales,municipio,101.0,108.0,106.0,101.0,105.0,99.0,102.0,111.0,116.0,115.0,118.0,106.0,106.0,105.0
33009,Cabranes,municipio,30.0,29.0,27.0,27.0,29.0,29.0,30.0,28.0,27.0,27.0,26.0,24.0,25.0,30.0
33010,Candamo,municipio,40.0,43.0,44.0,43.0,46.0,49.0,44.0,43.0,42.0,39.0,40.0,41.0,37.0,35.0
33011,Cangas del Narcea,municipio,411.0,405.0,393.0,396.0,390.0,384.0,373.0,361.0,374.0,364.0,360.0,318.0,309.0,302.0
33012,Cangas de Onís,municipio,363.0,364.0,351.0,337.0,349.0,353.0,351.0,345.0,355.0,342.0,357.0,360.0,364.0,349.0
33013,Caravia,municipio,0.0,0.0,0.0,0.0,0.0,0.0,0.0,0.0,0.0,0.0,0.0,0.0,0.0,0.0
33014,Carreño,municipio,339.0,323.0,338.0,343.0,340.0,344.0,318.0,316.0,304.0,297.0,288.0,292.0,294.0,292.0
33015,Caso,municipio,33.0,37.0,33.0,34.0,37.0,36.0,30.0,29.0,31.0,33.0,34.0,37.0,35.0,34.0
33016,Castrillón,municipio,592.0,602.0,585.0,578.0,563.0,580.0,564.0,551.0,549.0,535.0,543.0,508.0,460.0,460.0
33017,Castropol,municipio,115.0,116.0,110.0,100.0,102.0,108.0,113.0,111.0,102.0,106.0,103.0,89.0,94.0,88.0
33018,Coaña,municipio,95.0,100.0,96.0,98.0,96.0,95.0,91.0,89.0,90.0,92.0,96.0,92.0,94.0,95.0
33019,Colunga,municipio,152.0,152.0,151.0,142.0,131.0,138.0,131.0,123.0,122.0,122.0,125.0,116.0,117.0,122.0
33020,Corvera de Asturias,municipio,361.0,356.0,350.0,357.0,352.0,339.0,327.0,298.0,308.0,302.0,308.0,293.0,284.0,287.0
33021,Cudillero,municipio,207.0,207.0,209.0,216.0,215.0,210.0,206.0,198.0,198.0,196.0,192.0,183.0,174.0,185.0
33022,Degaña,municipio,24.0,21.0,21.0,21.0,21.0,22.0,0.0,0.0,0.0,0.0,0.0,0.0,0.0,0.0
33023,"Franco, El",municipio,115.0,117.0,116.0,113.0,116.0,114.0,110.0,105.0,105.0,104.0,108.0,98.0,98.0,98.0
33024,Gijón,municipio,7196.0,6960.0,6778.0,6708.0,6595.0,6648.0,6611.0,6523.0,6436.0,6379.0,6311.0,5890.0,5851.0,5716.0
33025,Gozón,municipio,334.0,317.0,321.0,317.0,302.0,311.0,301.0,293.0,286.0,297.0,297.0,272.0,266.0,268.0
33026,Grado,municipio,364.0,349.0,336.0,322.0,315.0,311.0,318.0,308.0,296.0,300.0,294.0,275.0,261.0,247.0
33027,Grandas de Salime,municipio,40.0,38.0,0.0,0.0,0.0,0.0,0.0,0.0,0.0,0.0,0.0,0.0,0.0,0.0
33028,Ibias,municipio,27.0,23.0,24.0,26.0,24.0,23.0,26.0,26.0,22.0,22.0,21.0,23.0,22.0,23.0
33029,Illano,municipio,0.0,0.0,0.0,0.0,0.0,0.0,0.0,0.0,0.0,0.0,0.0,0.0,0.0,0.0
33030,Illas,municipio,38.0,35.0,37.0,37.0,39.0,37.0,38.0,32.0,31.0,32.0,34.0,28.0,28.0,24.0
33031,Langreo,municipio,957.0,925.0,921.0,929.0,907.0,909.0,901.0,861.0,839.0,820.0,807.0,742.0,716.0,711.0
33032,Laviana,municipio,316.0,323.0,313.0,326.0,321.0,323.0,317.0,315.0,302.0,290.0,283.0,263.0,253.0,247.0
33033,Lena,municipio,301.0,288.0,287.0,282.0,285.0,281.0,281.0,284.0,285.0,274.0,273.0,257.0,244.0,227.0
33034,Valdés,municipio,442.0,429.0,431.0,416.0,409.0,402.0,406.0,414.0,407.0,389.0,381.0,362.0,360.0,342.0
33035,Llanera,municipio,611.0,597.0,607.0,610.0,622.0,611.0,607.0,602.0,605.0,594.0,606.0,569.0,548.0,545.0
33036,Llanes,municipio,664.0,643.0,647.0,645.0,635.0,623.0,638.0,632.0,631.0,628.0,626.0,597.0,601.0,589.0
33037,Mieres,municipio,946.0,930.0,901.0,906.0,885.0,885.0,867.0,843.0,815.0,802.0,795.0,735.0,706.0,700.0
33038,Morcín,municipio,71.0,69.0,71.0,73.0,66.0,71.0,65.0,65.0,56.0,58.0,59.0,54.0,52.0,52.0
33039,Muros de Nalón,municipio,63.0,59.0,58.0,61.0,63.0,62.0,62.0,60.0,59.0,59.0,59.0,62.0,64.0,61.0
33040,Nava,municipio,176.0,179.0,170.0,170.0,159.0,173.0,174.0,179.0,172.0,168.0,169.0,157.0,151.0,147.0
33041,Navia,municipio,280.0,284.0,293.0,290.0,294.0,293.0,300.0,287.0,287.0,274.0,285.0,271.0,263.0,250.0
33042,Noreña,municipio,158.0,162.0,155.0,154.0,151.0,162.0,165.0,161.0,159.0,159.0,154.0,135.0,129.0,127.0
33043,Onís,municipio,0.0,0.0,0.0,0.0,0.0,0.0,0.0,0.0,0.0,0.0,0.0,0.0,0.0,0.0
33044,Oviedo,municipio,5669.0,5483.0,5404.0,5396.0,5271.0,5276.0,5234.0,5064.0,5067.0,5048.0,5054.0,4713.0,4678.0,4609.0
33045,Parres,municipio,232.0,216.0,197.0,198.0,194.0,196.0,182.0,173.0,177.0,184.0,189.0,196.0,196.0,195.0
33046,Peñamellera Alta,municipio,0.0,0.0,0.0,0.0,0.0,0.0,0.0,0.0,0.0,0.0,0.0,0.0,0.0,0.0
33047,Peñamellera Baja,municipio,68.0,65.0,61.0,60.0,57.0,56.0,58.0,59.0,54.0,55.0,57.0,53.0,48.0,47.0
33048,Pesoz,municipio,0.0,0.0,0.0,0.0,0.0,0.0,0.0,0.0,0.0,0.0,0.0,0.0,0.0,0.0
33049,Piloña,municipio,254.0,251.0,256.0,245.0,241.0,242.0,235.0,236.0,221.0,219.0,213.0,202.0,195.0,194.0
33050,Ponga,municipio,0.0,0.0,0.0,0.0,0.0,0.0,0.0,0.0,0.0,0.0,0.0,0.0,0.0,0.0
33051,Pravia,municipio,256.0,243.0,258.0,257.0,250.0,236.0,229.0,223.0,218.0,222.0,214.0,196.0,193.0,202.0
33052,Proaza,municipio,0.0,0.0,0.0,0.0,0.0,0.0,0.0,0.0,0.0,0.0,0.0,0.0,0.0,0.0
33053,Quirós,municipio,22.0,23.0,21.0,22.0,22.0,26.0,26.0,22.0,30.0,32.0,30.0,27.0,31.0,29.0
33054,"Regueras, Las",municipio,43.0,40.0,40.0,40.0,40.0,39.0,45.0,45.0,45.0,41.0,41.0,39.0,37.0,40.0
33055,Ribadedeva,municipio,69.0,71.0,70.0,66.0,62.0,67.0,67.0,71.0,74.0,72.0,71.0,78.0,79.0,75.0
33056,Ribadesella,municipio,286.0,271.0,265.0,246.0,241.0,248.0,243.0,259.0,259.0,251.0,245.0,228.0,239.0,227.0
33057,Ribera de Arriba,municipio,27.0,31.0,31.0,30.0,25.0,25.0,32.0,32.0,36.0,38.0,36.0,28.0,26.0,28.0
33058,Riosa,municipio,34.0,34.0,35.0,37.0,34.0,30.0,29.0,30.0,32.0,26.0,27.0,25.0,24.0,25.0
33059,Salas,municipio,199.0,191.0,183.0,177.0,177.0,176.0,180.0,168.0,169.0,165.0,166.0,160.0,159.0,158.0
33060,San Martín del Rey Aurelio,municipio,347.0,327.0,309.0,326.0,321.0,319.0,325.0,320.0,320.0,299.0,306.0,296.0,273.0,249.0
33061,San Martín de Oscos,municipio,0.0,0.0,0.0,0.0,0.0,0.0,0.0,0.0,0.0,0.0,0.0,0.0,0.0,0.0
33062,Santa Eulalia de Oscos,municipio,0.0,0.0,0.0,0.0,0.0,0.0,0.0,0.0,0.0,0.0,0.0,0.0,0.0,0.0
33063,San Tirso de Abres,municipio,0.0,0.0,0.0,0.0,0.0,0.0,0.0,0.0,0.0,0.0,0.0,0.0,0.0,0.0
33064,Santo Adriano,municipio,0.0,0.0,0.0,0.0,0.0,0.0,0.0,0.0,0.0,0.0,0.0,0.0,0.0,0.0
33065,Sariego,municipio,38.0,41.0,40.0,42.0,33.0,38.0,40.0,39.0,40.0,38.0,36.0,35.0,31.0,34.0
33066,Siero,municipio,1772.0,1728.0,1727.0,1719.0,1705.0,1723.0,1709.0,1685.0,1616.0,1569.0,1604.0,1517.0,1489.0,1481.0
33067,Sobrescobio,municipio,0.0,0.0,0.0,0.0,0.0,0.0,0.0,0.0,0.0,0.0,0.0,0.0,0.0,0.0
33068,Somiedo,municipio,49.0,45.0,39.0,39.0,37.0,37.0,41.0,35.0,37.0,36.0,37.0,34.0,36.0,31.0
33069,Soto del Barco,municipio,92.0,95.0,96.0,98.0,100.0,97.0,105.0,103.0,95.0,94.0,99.0,92.0,97.0,98.0
33070,Tapia de Casariego,municipio,133.0,130.0,124.0,131.0,121.0,125.0,135.0,124.0,123.0,120.0,123.0,114.0,109.0,111.0
33071,Taramundi,municipio,0.0,0.0,0.0,0.0,0.0,0.0,0.0,0.0,0.0,0.0,0.0,0.0,0.0,0.0
33072,Teverga,municipio,52.0,51.0,49.0,47.0,51.0,45.0,47.0,47.0,51.0,53.0,50.0,47.0,47.0,44.0
33073,Tineo,municipio,316.0,312.0,297.0,292.0,306.0,310.0,304.0,289.0,273.0,260.0,253.0,236.0,229.0,225.0
33074,Vegadeo,municipio,163.0,158.0,151.0,148.0,135.0,132.0,136.0,131.0,132.0,122.0,121.0,122.0,122.0,121.0
33075,Villanueva de Oscos,municipio,0.0,0.0,0.0,0.0,0.0,0.0,0.0,0.0,0.0,0.0,0.0,0.0,0.0,0.0
33076,Villaviciosa,municipio,567.0,540.0,540.0,543.0,530.0,556.0,546.0,549.0,563.0,544.0,521.0,517.0,511.0,509.0
33077,Villayón,municipio,31.0,28.0,30.0,27.0,26.0,24.0,24.0,21.0,19.0,19.0,18.0,17.0,15.0,14.0
33078,Yernes y Tameza,municipio,0.0,0.0,0.0,0.0,0.0,0.0,0.0,0.0,0.0,0.0,0.0,0.0,0.0,0.0
33,Asturias,provincia,29447.0,28676.0,28216.0,28045.0,27597.0,27614.0,27393.0,26756.0,26459.0,26072.0,26014.0,24398.0,23986.0,23581.0
34001,Abarca de Campos,municipio,0.0,0.0,0.0,0.0,0.0,0.0,0.0,0.0,0.0,0.0,0.0,0.0,0.0,0.0
34003,Abia de las Torres,municipio,0.0,0.0,0.0,0.0,0.0,0.0,0.0,0.0,0.0,0.0,0.0,0.0,0.0,0.0
34004,Aguilar de Campoo,municipio,271.0,262.0,264.0,258.0,242.0,240.0,233.0,235.0,224.0,210.0,212.0,197.0,194.0,190.0
34005,Alar del Rey,municipio,43.0,44.0,41.0,0.0,0.0,0.0,0.0,0.0,0.0,0.0,0.0,0.0,0.0,0.0
34006,Alba de Cerrato,municipio,0.0,0.0,0.0,0.0,0.0,0.0,0.0,0.0,0.0,0.0,0.0,0.0,0.0,0.0
34009,Amayuelas de Arriba,municipio,0.0,0.0,0.0,0.0,0.0,0.0,0.0,0.0,0.0,0.0,0.0,0.0,0.0,0.0
34010,Ampudia,municipio,0.0,0.0,0.0,0.0,0.0,0.0,0.0,0.0,0.0,0.0,0.0,0.0,0.0,0.0
34011,Amusco,municipio,0.0,0.0,0.0,0.0,0.0,0.0,0.0,0.0,0.0,0.0,0.0,0.0,0.0,0.0
34012,Antigüedad,municipio,0.0,0.0,0.0,0.0,0.0,0.0,0.0,0.0,0.0,0.0,0.0,0.0,0.0,0.0
34015,Arconada,municipio,0.0,0.0,0.0,0.0,0.0,0.0,0.0,0.0,0.0,0.0,0.0,0.0,0.0,0.0
34017,Astudillo,municipio,28.0,27.0,26.0,24.0,22.0,20.0,22.0,20.0,0.0,20.0,18.0,17.0,19.0,21.0
34018,Autilla del Pino,municipio,0.0,0.0,0.0,0.0,0.0,0.0,0.0,0.0,0.0,0.0,0.0,0.0,0.0,0.0
34019,Autillo de Campos,municipio,0.0,0.0,0.0,0.0,0.0,0.0,0.0,0.0,0.0,0.0,0.0,0.0,0.0,0.0
34020,Ayuela,municipio,0.0,0.0,0.0,0.0,0.0,0.0,0.0,0.0,0.0,0.0,0.0,0.0,0.0,0.0
34022,Baltanás,municipio,37.0,36.0,32.0,32.0,35.0,33.0,36.0,31.0,27.0,29.0,32.0,31.0,28.0,27.0
34023,Venta de Baños,municipio,167.0,161.0,156.0,151.0,144.0,141.0,144.0,137.0,143.0,139.0,140.0,133.0,128.0,120.0
34024,Baquerín de Campos,municipio,0.0,0.0,0.0,0.0,0.0,0.0,0.0,0.0,0.0,0.0,0.0,0.0,0.0,0.0
34025,Bárcena de Campos,municipio,0.0,0.0,0.0,0.0,0.0,0.0,0.0,0.0,0.0,0.0,0.0,0.0,0.0,0.0
34027,Barruelo de Santullán,municipio,39.0,36.0,41.0,40.0,37.0,36.0,34.0,34.0,34.0,31.0,28.0,33.0,32.0,29.0
34028,Báscones de Ojeda,municipio,0.0,0.0,0.0,0.0,0.0,0.0,0.0,0.0,0.0,0.0,0.0,0.0,0.0,0.0
34029,Becerril de Campos,municipio,0.0,0.0,0.0,0.0,0.0,0.0,0.0,0.0,0.0,0.0,0.0,0.0,0.0,0.0
34031,Belmonte de Campos,municipio,0.0,0.0,0.0,0.0,0.0,0.0,0.0,0.0,0.0,0.0,0.0,0.0,0.0,0.0
34032,Berzosilla,municipio,0.0,0.0,0.0,0.0,0.0,0.0,0.0,0.0,0.0,0.0,0.0,0.0,0.0,0.0
34033,Boada de Campos,municipio,0.0,0.0,0.0,0.0,0.0,0.0,0.0,0.0,0.0,0.0,0.0,0.0,0.0,0.0
34034,Boadilla del Camino,municipio,0.0,0.0,0.0,0.0,0.0,0.0,0.0,0.0,0.0,0.0,0.0,0.0,0.0,0.0
34035,Boadilla de Rioseco,municipio,0.0,0.0,0.0,0.0,0.0,0.0,0.0,0.0,0.0,0.0,0.0,0.0,0.0,0.0
34036,Brañosera,municipio,0.0,0.0,0.0,0.0,0.0,0.0,0.0,0.0,0.0,0.0,0.0,0.0,0.0,0.0
34037,Buenavista de Valdavia,municipio,0.0,0.0,0.0,0.0,0.0,0.0,0.0,0.0,0.0,0.0,0.0,0.0,0.0,0.0
34038,Bustillo de la Vega,municipio,0.0,0.0,0.0,0.0,0.0,0.0,0.0,0.0,0.0,0.0,0.0,0.0,0.0,0.0
34039,Bustillo del Páramo de Carrión,municipio,0.0,0.0,0.0,0.0,0.0,0.0,0.0,0.0,0.0,0.0,0.0,0.0,0.0,0.0
34041,Calahorra de Boedo,municipio,0.0,0.0,0.0,0.0,0.0,0.0,0.0,0.0,0.0,0.0,0.0,0.0,0.0,0.0
34042,Calzada de los Molinos,municipio,0.0,0.0,0.0,0.0,0.0,0.0,0.0,0.0,0.0,0.0,0.0,0.0,0.0,0.0
34045,Capillas,municipio,0.0,0.0,0.0,0.0,0.0,0.0,0.0,0.0,0.0,0.0,0.0,0.0,0.0,0.0
34046,Cardeñosa de Volpejera,municipio,0.0,0.0,0.0,0.0,0.0,0.0,0.0,0.0,0.0,0.0,0.0,0.0,0.0,0.0
34047,Carrión de los Condes,municipio,130.0,124.0,124.0,117.0,112.0,112.0,108.0,103.0,99.0,96.0,97.0,89.0,92.0,92.0
34048,Castil de Vela,municipio,0.0,0.0,0.0,0.0,0.0,0.0,0.0,0.0,0.0,0.0,0.0,0.0,0.0,0.0
34049,Castrejón de la Peña,municipio,0.0,0.0,0.0,0.0,0.0,0.0,0.0,0.0,0.0,0.0,0.0,0.0,0.0,0.0
34050,Castrillo de Don Juan,municipio,0.0,0.0,0.0,0.0,0.0,0.0,0.0,0.0,0.0,0.0,0.0,0.0,0.0,0.0
34051,Castrillo de Onielo,municipio,0.0,0.0,0.0,0.0,0.0,0.0,0.0,0.0,0.0,0.0,0.0,0.0,0.0,0.0
34052,Castrillo de Villavega,municipio,0.0,0.0,0.0,0.0,0.0,0.0,0.0,0.0,0.0,0.0,0.0,0.0,0.0,0.0
34053,Castromocho,municipio,0.0,0.0,0.0,0.0,0.0,0.0,0.0,0.0,0.0,0.0,0.0,0.0,0.0,0.0
34055,Cervatos de la Cueza,municipio,0.0,0.0,0.0,0.0,0.0,0.0,0.0,0.0,0.0,0.0,0.0,0.0,0.0,0.0
34056,Cervera de Pisuerga,municipio,96.0,92.0,90.0,91.0,92.0,94.0,89.0,91.0,85.0,89.0,86.0,79.0,81.0,78.0
34057,Cevico de la Torre,municipio,0.0,0.0,0.0,0.0,0.0,0.0,0.0,0.0,0.0,0.0,0.0,0.0,0.0,0.0
34058,Cevico Navero,municipio,0.0,0.0,0.0,0.0,0.0,0.0,0.0,0.0,0.0,0.0,0.0,0.0,0.0,0.0
34059,Cisneros,municipio,0.0,0.0,0.0,0.0,0.0,0.0,0.0,0.0,0.0,0.0,0.0,0.0,0.0,0.0
34060,Cobos de Cerrato,municipio,0.0,0.0,0.0,0.0,0.0,0.0,0.0,0.0,0.0,0.0,0.0,0.0,0.0,0.0
34061,Collazos de Boedo,municipio,0.0,0.0,0.0,0.0,0.0,0.0,0.0,0.0,0.0,0.0,0.0,0.0,0.0,0.0
34062,Congosto de Valdavia,municipio,0.0,0.0,0.0,0.0,0.0,0.0,0.0,0.0,0.0,0.0,0.0,0.0,0.0,0.0
34063,Cordovilla la Real,municipio,0.0,0.0,0.0,0.0,0.0,0.0,0.0,0.0,0.0,0.0,0.0,0.0,0.0,0.0
34066,Cubillas de Cerrato,municipio,0.0,0.0,0.0,0.0,0.0,0.0,0.0,0.0,0.0,0.0,0.0,0.0,0.0,0.0
34067,Dehesa de Montejo,municipio,0.0,0.0,0.0,0.0,0.0,0.0,0.0,0.0,0.0,0.0,0.0,0.0,0.0,0.0
34068,Dehesa de Romanos,municipio,0.0,0.0,0.0,0.0,0.0,0.0,0.0,0.0,0.0,0.0,0.0,0.0,0.0,0.0
34069,Dueñas,municipio,77.0,77.0,69.0,65.0,71.0,69.0,64.0,63.0,56.0,60.0,58.0,50.0,51.0,45.0
34070,Espinosa de Cerrato,municipio,0.0,0.0,0.0,0.0,0.0,0.0,0.0,0.0,0.0,0.0,0.0,0.0,0.0,0.0
34071,Espinosa de Villagonzalo,municipio,0.0,0.0,0.0,0.0,0.0,0.0,0.0,0.0,0.0,0.0,0.0,0.0,0.0,0.0
34072,Frechilla,municipio,0.0,0.0,0.0,0.0,0.0,0.0,0.0,0.0,0.0,0.0,0.0,0.0,0.0,0.0
34073,Fresno del Río,municipio,0.0,0.0,0.0,0.0,0.0,0.0,0.0,0.0,0.0,0.0,0.0,0.0,0.0,0.0
34074,Frómista,municipio,0.0,0.0,0.0,0.0,0.0,0.0,0.0,0.0,0.0,0.0,0.0,0.0,0.0,0.0
34076,Fuentes de Nava,municipio,0.0,0.0,0.0,0.0,0.0,0.0,0.0,0.0,0.0,0.0,0.0,0.0,0.0,0.0
34077,Fuentes de Valdepero,municipio,0.0,0.0,0.0,0.0,0.0,0.0,0.0,0.0,0.0,0.0,0.0,0.0,0.0,0.0
34079,Grijota,municipio,56.0,64.0,66.0,68.0,62.0,61.0,60.0,67.0,64.0,59.0,62.0,62.0,64.0,60.0
34080,Guardo,municipio,243.0,241.0,233.0,215.0,206.0,197.0,202.0,186.0,177.0,170.0,167.0,168.0,168.0,163.0
34081,Guaza de Campos,municipio,0.0,0.0,0.0,0.0,0.0,0.0,0.0,0.0,0.0,0.0,0.0,0.0,0.0,0.0
34082,Hérmedes de Cerrato,municipio,0.0,0.0,0.0,0.0,0.0,0.0,0.0,0.0,0.0,0.0,0.0,0.0,0.0,0.0
34083,Herrera de Pisuerga,municipio,85.0,81.0,83.0,79.0,76.0,76.0,78.0,80.0,77.0,73.0,70.0,61.0,61.0,60.0
34084,Herrera de Valdecañas,municipio,0.0,0.0,0.0,0.0,0.0,0.0,0.0,0.0,0.0,0.0,0.0,0.0,0.0,0.0
34086,Hontoria de Cerrato,municipio,0.0,0.0,0.0,0.0,0.0,0.0,0.0,0.0,0.0,0.0,0.0,0.0,0.0,0.0
34087,Hornillos de Cerrato,municipio,0.0,0.0,0.0,0.0,0.0,0.0,0.0,0.0,0.0,0.0,0.0,0.0,0.0,0.0
34088,Husillos,municipio,0.0,0.0,0.0,0.0,0.0,0.0,0.0,0.0,0.0,0.0,0.0,0.0,0.0,0.0
34089,Itero de la Vega,municipio,0.0,0.0,0.0,0.0,0.0,0.0,0.0,0.0,0.0,0.0,0.0,0.0,0.0,0.0
34091,Lagartos,municipio,0.0,0.0,0.0,0.0,0.0,0.0,0.0,0.0,0.0,0.0,0.0,0.0,0.0,0.0
34092,Lantadilla,municipio,0.0,0.0,0.0,0.0,0.0,0.0,0.0,0.0,0.0,0.0,0.0,0.0,0.0,0.0
34093,"Vid de Ojeda, La",municipio,0.0,0.0,0.0,0.0,0.0,0.0,0.0,0.0,0.0,0.0,0.0,0.0,0.0,0.0
34094,Ledigos,municipio,0.0,0.0,0.0,0.0,0.0,0.0,0.0,0.0,0.0,0.0,0.0,0.0,0.0,0.0
34096,Lomas,municipio,0.0,0.0,0.0,0.0,0.0,0.0,0.0,0.0,0.0,0.0,0.0,0.0,0.0,0.0
34098,Magaz de Pisuerga,municipio,40.0,38.0,32.0,33.0,0.0,0.0,0.0,0.0,32.0,33.0,40.0,36.0,34.0,36.0
34099,Manquillos,municipio,0.0,0.0,0.0,0.0,0.0,0.0,0.0,0.0,0.0,0.0,0.0,0.0,0.0,0.0
34100,Mantinos,municipio,0.0,0.0,0.0,0.0,0.0,0.0,0.0,0.0,0.0,0.0,0.0,0.0,0.0,0.0
34101,Marcilla de Campos,municipio,0.0,0.0,0.0,0.0,0.0,0.0,0.0,0.0,0.0,0.0,0.0,0.0,0.0,0.0
34102,Mazariegos,municipio,0.0,0.0,0.0,0.0,0.0,0.0,0.0,0.0,0.0,0.0,0.0,0.0,0.0,0.0
34103,Mazuecos de Valdeginate,municipio,0.0,0.0,0.0,0.0,0.0,0.0,0.0,0.0,0.0,0.0,0.0,0.0,0.0,0.0
34104,Melgar de Yuso,municipio,0.0,0.0,0.0,0.0,0.0,0.0,0.0,0.0,0.0,0.0,0.0,0.0,0.0,0.0
34106,Meneses de Campos,municipio,0.0,0.0,0.0,0.0,0.0,0.0,0.0,0.0,0.0,0.0,0.0,0.0,0.0,0.0
34107,Micieces de Ojeda,municipio,0.0,0.0,0.0,0.0,0.0,0.0,0.0,0.0,0.0,0.0,0.0,0.0,0.0,0.0
34108,Monzón de Campos,municipio,0.0,0.0,0.0,0.0,0.0,0.0,0.0,0.0,0.0,0.0,0.0,0.0,0.0,0.0
34109,Moratinos,municipio,0.0,0.0,0.0,0.0,0.0,0.0,0.0,0.0,0.0,0.0,0.0,0.0,0.0,0.0
34110,Mudá,municipio,0.0,0.0,0.0,0.0,0.0,0.0,0.0,0.0,0.0,0.0,0.0,0.0,0.0,0.0
34112,Nogal de las Huertas,municipio,0.0,0.0,0.0,0.0,0.0,0.0,0.0,0.0,0.0,0.0,0.0,0.0,0.0,0.0
34113,Olea de Boedo,municipio,0.0,0.0,0.0,0.0,0.0,0.0,0.0,0.0,0.0,0.0,0.0,0.0,0.0,0.0
34114,Olmos de Ojeda,municipio,0.0,0.0,0.0,0.0,0.0,0.0,0.0,0.0,0.0,0.0,0.0,0.0,0.0,0.0
34116,Osornillo,municipio,0.0,0.0,0.0,0.0,0.0,0.0,0.0,0.0,0.0,0.0,0.0,0.0,0.0,0.0
34120,Palencia,municipio,2330.0,2295.0,2258.0,2179.0,2106.0,2035.0,2023.0,1918.0,1921.0,1894.0,1844.0,1700.0,1650.0,1618.0
34121,Palenzuela,municipio,0.0,0.0,0.0,0.0,0.0,0.0,0.0,0.0,0.0,0.0,0.0,0.0,0.0,0.0
34122,Páramo de Boedo,municipio,0.0,0.0,0.0,0.0,0.0,0.0,0.0,0.0,0.0,0.0,0.0,0.0,0.0,0.0
34123,Paredes de Nava,municipio,69.0,64.0,60.0,56.0,61.0,64.0,64.0,62.0,60.0,55.0,52.0,50.0,54.0,53.0
34124,Payo de Ojeda,municipio,0.0,0.0,0.0,0.0,0.0,0.0,0.0,0.0,0.0,0.0,0.0,0.0,0.0,0.0
34125,Pedraza de Campos,municipio,0.0,0.0,0.0,0.0,0.0,0.0,0.0,0.0,0.0,0.0,0.0,0.0,0.0,0.0
34126,Pedrosa de la Vega,municipio,0.0,0.0,0.0,0.0,0.0,0.0,0.0,0.0,0.0,0.0,0.0,0.0,0.0,0.0
34127,Perales,municipio,0.0,0.0,0.0,0.0,0.0,0.0,0.0,0.0,0.0,0.0,0.0,0.0,0.0,0.0
34129,Pino del Río,municipio,0.0,0.0,0.0,0.0,0.0,0.0,0.0,0.0,0.0,0.0,0.0,0.0,0.0,0.0
34130,Piña de Campos,municipio,0.0,0.0,0.0,0.0,0.0,0.0,0.0,0.0,0.0,0.0,0.0,0.0,0.0,0.0
34131,Población de Arroyo,municipio,0.0,0.0,0.0,0.0,0.0,0.0,0.0,0.0,0.0,0.0,0.0,0.0,0.0,0.0
34132,Población de Campos,municipio,0.0,0.0,0.0,0.0,0.0,0.0,0.0,0.0,0.0,0.0,0.0,0.0,0.0,0.0
34133,Población de Cerrato,municipio,0.0,0.0,0.0,0.0,0.0,0.0,0.0,0.0,0.0,0.0,0.0,0.0,0.0,0.0
34134,Polentinos,municipio,0.0,0.0,0.0,0.0,0.0,0.0,0.0,0.0,0.0,0.0,0.0,0.0,0.0,0.0
34135,Pomar de Valdivia,municipio,0.0,0.0,0.0,0.0,0.0,0.0,0.0,0.0,0.0,0.0,0.0,0.0,0.0,0.0
34136,Poza de la Vega,municipio,0.0,0.0,0.0,0.0,0.0,0.0,0.0,0.0,0.0,0.0,0.0,0.0,0.0,0.0
34137,Pozo de Urama,municipio,0.0,0.0,0.0,0.0,0.0,0.0,0.0,0.0,0.0,0.0,0.0,0.0,0.0,0.0
34139,Prádanos de Ojeda,municipio,0.0,0.0,0.0,0.0,0.0,0.0,0.0,0.0,0.0,0.0,0.0,0.0,0.0,0.0
34140,"Puebla de Valdavia, La",municipio,0.0,0.0,0.0,0.0,0.0,0.0,0.0,0.0,0.0,0.0,0.0,0.0,0.0,0.0
34141,Quintana del Puente,municipio,0.0,0.0,0.0,0.0,0.0,0.0,0.0,0.0,0.0,0.0,0.0,0.0,0.0,0.0
34143,Quintanilla de Onsoña,municipio,0.0,0.0,0.0,0.0,0.0,0.0,0.0,0.0,0.0,0.0,0.0,0.0,0.0,0.0
34146,Reinoso de Cerrato,municipio,0.0,0.0,0.0,0.0,0.0,0.0,0.0,0.0,0.0,0.0,0.0,0.0,0.0,0.0
34147,Renedo de la Vega,municipio,0.0,0.0,0.0,0.0,0.0,0.0,0.0,0.0,0.0,0.0,0.0,0.0,0.0,0.0
34149,Requena de Campos,municipio,0.0,0.0,0.0,0.0,0.0,0.0,0.0,0.0,0.0,0.0,0.0,0.0,0.0,0.0
34151,Respenda de la Peña,municipio,0.0,0.0,0.0,0.0,0.0,0.0,0.0,0.0,0.0,0.0,0.0,0.0,0.0,0.0
34152,Revenga de Campos,municipio,0.0,0.0,0.0,0.0,0.0,0.0,0.0,0.0,0.0,0.0,0.0,0.0,0.0,0.0
34154,Revilla de Collazos,municipio,0.0,0.0,0.0,0.0,0.0,0.0,0.0,0.0,0.0,0.0,0.0,0.0,0.0,0.0
34155,Ribas de Campos,municipio,0.0,0.0,0.0,0.0,0.0,0.0,0.0,0.0,0.0,0.0,0.0,0.0,0.0,0.0
34156,Riberos de la Cueza,municipio,0.0,0.0,0.0,0.0,0.0,0.0,0.0,0.0,0.0,0.0,0.0,0.0,0.0,0.0
34157,Saldaña,municipio,150.0,149.0,143.0,143.0,143.0,143.0,146.0,143.0,143.0,143.0,142.0,131.0,131.0,130.0
34158,Salinas de Pisuerga,municipio,0.0,0.0,0.0,0.0,0.0,0.0,0.0,0.0,0.0,0.0,0.0,0.0,0.0,0.0
34159,San Cebrián de Campos,municipio,0.0,0.0,0.0,0.0,0.0,0.0,0.0,0.0,0.0,0.0,0.0,0.0,0.0,0.0
34160,San Cebrián de Mudá,municipio,0.0,0.0,0.0,0.0,0.0,0.0,0.0,0.0,0.0,0.0,0.0,0.0,0.0,0.0
34161,San Cristóbal de Boedo,municipio,0.0,0.0,0.0,0.0,0.0,0.0,0.0,0.0,0.0,0.0,0.0,0.0,0.0,0.0
34163,San Mamés de Campos,municipio,0.0,0.0,0.0,0.0,0.0,0.0,0.0,0.0,0.0,0.0,0.0,0.0,0.0,0.0
34165,San Román de la Cuba,municipio,0.0,0.0,0.0,0.0,0.0,0.0,0.0,0.0,0.0,0.0,0.0,0.0,0.0,0.0
34167,Santa Cecilia del Alcor,municipio,0.0,0.0,0.0,0.0,0.0,0.0,0.0,0.0,0.0,0.0,0.0,0.0,0.0,0.0
34168,Santa Cruz de Boedo,municipio,0.0,0.0,0.0,0.0,0.0,0.0,0.0,0.0,0.0,0.0,0.0,0.0,0.0,0.0
34169,Santervás de la Vega,municipio,0.0,0.0,0.0,0.0,0.0,0.0,0.0,0.0,0.0,0.0,0.0,0.0,0.0,0.0
34170,Santibáñez de Ecla,municipio,0.0,0.0,0.0,0.0,0.0,0.0,0.0,0.0,0.0,0.0,0.0,0.0,0.0,0.0
34171,Santibáñez de la Peña,municipio,21.0,22.0,21.0,22.0,23.0,23.0,24.0,25.0,26.0,24.0,24.0,0.0,0.0,0.0
34174,Santoyo,municipio,0.0,0.0,0.0,0.0,0.0,0.0,0.0,0.0,0.0,0.0,0.0,0.0,0.0,0.0
34175,"Serna, La",municipio,0.0,0.0,0.0,0.0,0.0,0.0,0.0,0.0,0.0,0.0,0.0,0.0,0.0,0.0
34176,Sotobañado y Priorato,municipio,0.0,0.0,0.0,0.0,0.0,0.0,0.0,0.0,0.0,0.0,0.0,0.0,0.0,0.0
34177,Soto de Cerrato,municipio,0.0,0.0,0.0,0.0,0.0,0.0,0.0,0.0,0.0,0.0,0.0,0.0,0.0,0.0
34178,Tabanera de Cerrato,municipio,0.0,0.0,0.0,0.0,0.0,0.0,0.0,0.0,0.0,0.0,0.0,0.0,0.0,0.0
34179,Tabanera de Valdavia,municipio,0.0,0.0,0.0,0.0,0.0,0.0,0.0,0.0,0.0,0.0,0.0,0.0,0.0,0.0
34180,Támara de Campos,municipio,0.0,0.0,0.0,0.0,0.0,0.0,0.0,0.0,0.0,0.0,0.0,0.0,0.0,0.0
34181,Tariego de Cerrato,municipio,0.0,0.0,0.0,0.0,0.0,0.0,0.0,0.0,0.0,0.0,0.0,0.0,0.0,0.0
34182,Torquemada,municipio,37.0,37.0,33.0,31.0,28.0,27.0,0.0,0.0,0.0,0.0,0.0,0.0,0.0,0.0
34184,Torremormojón,municipio,0.0,0.0,0.0,0.0,0.0,0.0,0.0,0.0,0.0,0.0,0.0,0.0,0.0,0.0
34185,Triollo,municipio,0.0,0.0,0.0,0.0,0.0,0.0,0.0,0.0,0.0,0.0,0.0,0.0,0.0,0.0
34186,Valbuena de Pisuerga,municipio,0.0,0.0,0.0,0.0,0.0,0.0,0.0,0.0,0.0,0.0,0.0,0.0,0.0,0.0
34189,Valdeolmillos,municipio,0.0,0.0,0.0,0.0,0.0,0.0,0.0,0.0,0.0,0.0,0.0,0.0,0.0,0.0
34190,Valderrábano,municipio,0.0,0.0,0.0,0.0,0.0,0.0,0.0,0.0,0.0,0.0,0.0,0.0,0.0,0.0
34192,Valde-Ucieza,municipio,0.0,0.0,0.0,0.0,0.0,0.0,0.0,0.0,0.0,0.0,0.0,0.0,0.0,0.0
34196,Valle de Cerrato,municipio,0.0,0.0,0.0,0.0,0.0,0.0,0.0,0.0,0.0,0.0,0.0,0.0,0.0,0.0
34199,Velilla del Río Carrión,municipio,33.0,36.0,34.0,37.0,36.0,34.0,32.0,32.0,31.0,31.0,31.0,30.0,32.0,34.0
34201,Vertavillo,municipio,0.0,0.0,0.0,0.0,0.0,0.0,0.0,0.0,0.0,0.0,0.0,0.0,0.0,0.0
34202,Villabasta de Valdavia,municipio,0.0,0.0,0.0,0.0,0.0,0.0,0.0,0.0,0.0,0.0,0.0,0.0,0.0,0.0
34204,Villacidaler,municipio,0.0,0.0,0.0,0.0,0.0,0.0,0.0,0.0,0.0,0.0,0.0,0.0,0.0,0.0
34205,Villaconancio,municipio,0.0,0.0,0.0,0.0,0.0,0.0,0.0,0.0,0.0,0.0,0.0,0.0,0.0,0.0
34206,Villada,municipio,39.0,36.0,29.0,28.0,30.0,27.0,26.0,0.0,0.0,0.0,0.0,0.0,0.0,0.0
34208,Villaeles de Valdavia,municipio,0.0,0.0,0.0,0.0,0.0,0.0,0.0,0.0,0.0,0.0,0.0,0.0,0.0,0.0
34210,Villahán,municipio,0.0,0.0,0.0,0.0,0.0,0.0,0.0,0.0,0.0,0.0,0.0,0.0,0.0,0.0
34211,Villaherreros,municipio,0.0,0.0,0.0,0.0,0.0,0.0,0.0,0.0,0.0,0.0,0.0,0.0,0.0,0.0
34213,Villalaco,municipio,0.0,0.0,0.0,0.0,0.0,0.0,0.0,0.0,0.0,0.0,0.0,0.0,0.0,0.0
34214,Villalba de Guardo,municipio,0.0,0.0,0.0,0.0,0.0,0.0,0.0,0.0,0.0,0.0,0.0,0.0,0.0,0.0
34215,Villalcázar de Sirga,municipio,0.0,0.0,0.0,0.0,0.0,0.0,0.0,0.0,0.0,0.0,0.0,0.0,0.0,0.0
34216,Villalcón,municipio,0.0,0.0,0.0,0.0,0.0,0.0,0.0,0.0,0.0,0.0,0.0,0.0,0.0,0.0
34217,Villalobón,municipio,61.0,58.0,58.0,62.0,65.0,64.0,63.0,61.0,56.0,47.0,51.0,47.0,48.0,48.0
34218,Villaluenga de la Vega,municipio,0.0,0.0,0.0,0.0,0.0,0.0,0.0,0.0,0.0,0.0,0.0,0.0,0.0,0.0
34220,Villamartín de Campos,municipio,0.0,0.0,0.0,0.0,0.0,0.0,0.0,0.0,0.0,0.0,0.0,0.0,0.0,0.0
34221,Villamediana,municipio,0.0,0.0,0.0,0.0,0.0,0.0,0.0,0.0,0.0,0.0,0.0,0.0,0.0,0.0
34222,Villameriel,municipio,0.0,0.0,0.0,0.0,0.0,0.0,0.0,0.0,0.0,0.0,0.0,0.0,0.0,0.0
34223,Villamoronta,municipio,0.0,0.0,0.0,0.0,0.0,0.0,0.0,0.0,0.0,0.0,0.0,0.0,0.0,0.0
34224,Villamuera de la Cueza,municipio,0.0,0.0,0.0,0.0,0.0,0.0,0.0,0.0,0.0,0.0,0.0,0.0,0.0,0.0
34225,Villamuriel de Cerrato,municipio,199.0,206.0,194.0,183.0,175.0,171.0,166.0,170.0,173.0,166.0,165.0,145.0,152.0,153.0
34227,Villanueva del Rebollar,municipio,0.0,0.0,0.0,0.0,0.0,0.0,0.0,0.0,0.0,0.0,0.0,0.0,0.0,0.0
34228,Villanuño de Valdavia,municipio,0.0,0.0,0.0,0.0,0.0,0.0,0.0,0.0,0.0,0.0,0.0,0.0,0.0,0.0
34229,Villaprovedo,municipio,0.0,0.0,0.0,0.0,0.0,0.0,0.0,0.0,0.0,0.0,0.0,0.0,0.0,0.0
34230,Villarmentero de Campos,municipio,0.0,0.0,0.0,0.0,0.0,0.0,0.0,0.0,0.0,0.0,0.0,0.0,0.0,0.0
34231,Villarrabé,municipio,0.0,0.0,0.0,0.0,0.0,0.0,0.0,0.0,0.0,0.0,0.0,0.0,0.0,0.0
34232,Villarramiel,municipio,0.0,0.0,0.0,0.0,0.0,0.0,0.0,0.0,0.0,0.0,0.0,0.0,0.0,0.0
34233,Villasarracino,municipio,0.0,0.0,0.0,0.0,0.0,0.0,0.0,0.0,0.0,0.0,0.0,0.0,0.0,0.0
34234,Villasila de Valdavia,municipio,0.0,0.0,0.0,0.0,0.0,0.0,0.0,0.0,0.0,0.0,0.0,0.0,0.0,0.0
34236,Villaturde,municipio,0.0,0.0,0.0,0.0,0.0,0.0,0.0,0.0,0.0,0.0,0.0,0.0,0.0,0.0
34237,Villaumbrales,municipio,0.0,0.0,0.0,0.0,0.0,0.0,0.0,0.0,0.0,0.0,0.0,0.0,0.0,0.0
34238,Villaviudas,municipio,0.0,0.0,0.0,0.0,0.0,0.0,0.0,0.0,0.0,0.0,0.0,0.0,0.0,0.0
34240,Villerías de Campos,municipio,0.0,0.0,0.0,0.0,0.0,0.0,0.0,0.0,0.0,0.0,0.0,0.0,0.0,0.0
34241,Villodre,municipio,0.0,0.0,0.0,0.0,0.0,0.0,0.0,0.0,0.0,0.0,0.0,0.0,0.0,0.0
34242,Villodrigo,municipio,0.0,0.0,0.0,0.0,0.0,0.0,0.0,0.0,0.0,0.0,0.0,0.0,0.0,0.0
34243,Villoldo,municipio,0.0,0.0,0.0,0.0,0.0,0.0,0.0,0.0,0.0,0.0,0.0,0.0,0.0,0.0
34245,Villota del Páramo,municipio,0.0,0.0,0.0,0.0,0.0,0.0,0.0,0.0,0.0,0.0,0.0,0.0,0.0,0.0
34246,Villovieco,municipio,0.0,0.0,0.0,0.0,0.0,0.0,0.0,0.0,0.0,0.0,0.0,0.0,0.0,0.0
34901,Osorno la Mayor,municipio,50.0,51.0,47.0,47.0,47.0,45.0,41.0,43.0,42.0,43.0,41.0,40.0,39.0,37.0
34902,Valle del Retortillo,municipio,0.0,0.0,0.0,0.0,0.0,0.0,0.0,0.0,0.0,0.0,0.0,0.0,0.0,0.0
34903,Loma de Ucieza,municipio,0.0,0.0,0.0,0.0,0.0,0.0,0.0,0.0,0.0,0.0,0.0,0.0,0.0,0.0
34904,"Pernía, La",municipio,0.0,0.0,0.0,0.0,0.0,0.0,0.0,0.0,0.0,0.0,0.0,0.0,0.0,0.0
34,Palencia,provincia,4945.0,4870.0,4764.0,4644.0,4520.0,4394.0,4352.0,4234.0,4169.0,4076.0,4012.0,3709.0,3659.0,3587.0
35001,Agaete,municipio,100.0,101.0,100.0,100.0,92.0,95.0,93.0,96.0,91.0,96.0,93.0,90.0,94.0,87.0
35002,Agüimes,municipio,805.0,813.0,768.0,777.0,777.0,798.0,804.0,807.0,788.0,779.0,788.0,756.0,749.0,740.0
35003,Antigua,municipio,356.0,375.0,352.0,363.0,381.0,393.0,401.0,406.0,402.0,389.0,379.0,365.0,361.0,350.0
35004,Arrecife,municipio,1617.0,1625.0,1560.0,1583.0,1573.0,1628.0,1663.0,1703.0,1670.0,1575.0,1592.0,1391.0,1424.0,1483.0
35005,Artenara,municipio,11.0,11.0,11.0,12.0,13.0,14.0,15.0,13.0,13.0,16.0,15.0,14.0,11.0,11.0
35006,Arucas,municipio,775.0,759.0,738.0,715.0,730.0,720.0,714.0,738.0,747.0,706.0,708.0,695.0,699.0,681.0
35007,Betancuria,municipio,0.0,0.0,0.0,0.0,0.0,0.0,0.0,0.0,0.0,0.0,0.0,0.0,0.0,0.0
35008,Firgas,municipio,180.0,172.0,173.0,176.0,172.0,166.0,160.0,156.0,153.0,161.0,155.0,154.0,146.0,152.0
35009,Gáldar,municipio,461.0,459.0,460.0,459.0,449.0,453.0,431.0,438.0,437.0,424.0,415.0,396.0,370.0,372.0
35010,Haría,municipio,134.0,127.0,120.0,121.0,126.0,126.0,134.0,141.0,147.0,139.0,141.0,127.0,132.0,143.0
35011,Ingenio,municipio,612.0,617.0,589.0,595.0,584.0,612.0,635.0,616.0,612.0,602.0,604.0,562.0,566.0,563.0
35012,Mogán,municipio,1037.0,1008.0,983.0,981.0,951.0,1011.0,1035.0,1049.0,1026.0,956.0,963.0,839.0,827.0,852.0
35013,Moya,municipio,206.0,211.0,206.0,194.0,189.0,192.0,189.0,197.0,189.0,186.0,186.0,179.0,174.0,163.0
35014,"Oliva, La",municipio,720.0,754.0,750.0,840.0,852.0,908.0,902.0,929.0,916.0,900.0,939.0,899.0,919.0,922.0
35015,Pájara,municipio,519.0,546.0,541.0,511.0,528.0,529.0,537.0,549.0,543.0,502.0,541.0,510.0,517.0,526.0
35016,"Palmas de Gran Canaria, Las",municipio,10261.0,10134.0,9865.0,9890.0,9739.0,9765.0,9968.0,9899.0,9721.0,9487.0,9340.0,7933.0,7847.0,7979.0
35017,Puerto del Rosario,municipio,1045.0,1058.0,1017.0,1021.0,1028.0,1065.0,1107.0,1162.0,1128.0,1087.0,1102.0,953.0,990.0,986.0
35018,San Bartolomé,municipio,539.0,538.0,536.0,547.0,545.0,554.0,552.0,565.0,547.0,526.0,530.0,472.0,460.0,477.0
35019,San Bartolomé de Tirajana,municipio,2637.0,2554.0,2425.0,2526.0,2627.0,2653.0,2748.0,2793.0,2718.0,2562.0,2619.0,2259.0,2284.0,2285.0
35020,"Aldea de San Nicolás, La",municipio,136.0,132.0,131.0,127.0,125.0,127.0,129.0,137.0,129.0,117.0,117.0,113.0,115.0,109.0
35021,Santa Brígida,municipio,442.0,450.0,443.0,445.0,454.0,468.0,463.0,477.0,461.0,434.0,429.0,379.0,362.0,372.0
35022,Santa Lucía de Tirajana,municipio,1480.0,1426.0,1344.0,1345.0,1364.0,1402.0,1423.0,1429.0,1452.0,1406.0,1418.0,1343.0,1378.0,1417.0
35023,Santa María de Guía de Gran Canaria,municipio,274.0,264.0,274.0,273.0,273.0,268.0,264.0,256.0,250.0,248.0,238.0,228.0,241.0,247.0
35024,Teguise,municipio,755.0,761.0,758.0,791.0,789.0,795.0,797.0,814.0,819.0,790.0,776.0,752.0,733.0,722.0
35025,Tejeda,municipio,31.0,35.0,34.0,29.0,31.0,35.0,34.0,35.0,34.0,37.0,35.0,32.0,29.0,32.0
35026,Telde,municipio,2258.0,2201.0,2189.0,2201.0,2182.0,2219.0,2223.0,2231.0,2209.0,2167.0,2173.0,1988.0,1970.0,2017.0
35027,Teror,municipio,411.0,389.0,371.0,380.0,378.0,372.0,380.0,377.0,360.0,350.0,351.0,327.0,319.0,308.0
35028,Tías,municipio,1102.0,1098.0,1055.0,1074.0,1072.0,1102.0,1136.0,1116.0,1079.0,1013.0,1014.0,880.0,899.0,907.0
35029,Tinajo,municipio,148.0,157.0,144.0,145.0,148.0,148.0,159.0,169.0,176.0,163.0,166.0,156.0,159.0,163.0
35030,Tuineje,municipio,293.0,281.0,287.0,280.0,290.0,309.0,322.0,317.0,322.0,313.0,320.0,302.0,297.0,309.0
35031,Valsequillo de Gran Canaria,municipio,263.0,260.0,264.0,265.0,264.0,255.0,248.0,255.0,258.0,259.0,252.0,247.0,232.0,244.0
35032,Valleseco,municipio,83.0,86.0,89.0,89.0,91.0,91.0,89.0,81.0,80.0,75.0,75.0,72.0,73.0,74.0
35033,Vega de San Mateo,municipio,220.0,229.0,217.0,214.0,202.0,196.0,196.0,206.0,215.0,212.0,213.0,207.0,211.0,213.0
35034,Yaiza,municipio,433.0,466.0,492.0,517.0,529.0,539.0,564.0,561.0,546.0,510.0,523.0,520.0,504.0,528.0
35,"Palmas, Las",provincia,30362.0,30119.0,29304.0,29606.0,29568.0,30028.0,30537.0,30738.0,30259.0,29209.0,29232.0,26156.0,26107.0,26452.0
36001,Arbo,municipio,87.0,79.0,80.0,90.0,85.0,85.0,85.0,91.0,95.0,93.0,91.0,91.0,88.0,81.0
36002,Barro,municipio,131.0,131.0,140.0,138.0,138.0,145.0,152.0,153.0,147.0,145.0,153.0,157.0,156.0,155.0
36003,Baiona,municipio,358.0,364.0,363.0,351.0,349.0,359.0,365.0,355.0,339.0,323.0,327.0,330.0,317.0,325.0
36004,Bueu,municipio,325.0,323.0,315.0,304.0,307.0,302.0,299.0,281.0,286.0,278.0,281.0,270.0,263.0,265.0
36005,Caldas de Reis,municipio,358.0,351.0,359.0,363.0,355.0,357.0,346.0,346.0,342.0,337.0,325.0,302.0,295.0,303.0
36006,Cambados,municipio,523.0,507.0,493.0,517.0,510.0,515.0,494.0,499.0,479.0,483.0,476.0,462.0,439.0,442.0
36007,Campo Lameiro,municipio,48.0,48.0,50.0,47.0,44.0,41.0,39.0,38.0,36.0,36.0,33.0,36.0,32.0,33.0
36008,Cangas,municipio,732.0,713.0,710.0,679.0,664.0,684.0,680.0,694.0,673.0,657.0,652.0,596.0,583.0,564.0
36009,"Cañiza, A",municipio,165.0,161.0,166.0,169.0,160.0,168.0,168.0,179.0,169.0,161.0,163.0,159.0,161.0,165.0
36010,Catoira,municipio,79.0,79.0,83.0,79.0,78.0,76.0,78.0,69.0,76.0,70.0,63.0,60.0,65.0,65.0
36011,Cerdedo,municipio,22.0,22.0,25.0,24.0,26.0,28.0,0.0,0.0,0.0,0.0,0.0,0.0,0.0,0.0
36012,Cotobade,municipio,90.0,92.0,99.0,103.0,99.0,90.0,0.0,0.0,0.0,0.0,0.0,0.0,0.0,0.0
36013,Covelo,municipio,45.0,49.0,44.0,46.0,48.0,41.0,41.0,43.0,53.0,49.0,51.0,40.0,44.0,51.0
36014,Crecente,municipio,33.0,37.0,39.0,37.0,37.0,42.0,42.0,36.0,31.0,32.0,30.0,27.0,29.0,34.0
36015,Cuntis,municipio,141.0,149.0,136.0,129.0,134.0,142.0,139.0,134.0,128.0,120.0,111.0,109.0,104.0,109.0
36016,Dozón,municipio,18.0,19.0,20.0,21.0,18.0,17.0,18.0,18.0,19.0,19.0,18.0,23.0,26.0,0.0
36017,"Estrada, A",municipio,698.0,670.0,656.0,660.0,638.0,635.0,622.0,629.0,616.0,590.0,588.0,546.0,532.0,517.0
36018,Forcarei,municipio,101.0,104.0,109.0,104.0,104.0,104.0,96.0,96.0,87.0,85.0,86.0,83.0,81.0,81.0
36019,Fornelos de Montes,municipio,22.0,20.0,21.0,24.0,26.0,23.0,17.0,24.0,27.0,23.0,23.0,23.0,19.0,22.0
36020,Agolada,municipio,76.0,79.0,71.0,75.0,73.0,74.0,71.0,64.0,58.0,57.0,52.0,52.0,60.0,61.0
36021,Gondomar,municipio,405.0,401.0,414.0,423.0,406.0,385.0,387.0,378.0,362.0,360.0,372.0,341.0,334.0,332.0
36022,"Grove, O",municipio,476.0,456.0,442.0,455.0,453.0,452.0,448.0,446.0,446.0,435.0,440.0,419.0,405.0,408.0
36023,"Guarda, A",municipio,328.0,310.0,308.0,301.0,293.0,301.0,302.0,300.0,292.0,287.0,288.0,289.0,278.0,269.0
36024,Lalín,municipio,736.0,729.0,743.0,741.0,733.0,725.0,714.0,681.0,660.0,666.0,668.0,638.0,620.0,608.0
36025,"Lama, A",municipio,40.0,42.0,44.0,39.0,38.0,38.0,39.0,40.0,43.0,40.0,41.0,36.0,38.0,35.0
36026,Marín,municipio,617.0,603.0,572.0,583.0,582.0,578.0,580.0,581.0,559.0,530.0,533.0,489.0,477.0,470.0
36027,Meaño,municipio,193.0,208.0,209.0,212.0,195.0,205.0,212.0,205.0,200.0,194.0,195.0,189.0,194.0,186.0
36028,Meis,municipio,148.0,158.0,151.0,155.0,167.0,162.0,164.0,168.0,159.0,158.0,146.0,128.0,127.0,121.0
36029,Moaña,municipio,466.0,477.0,475.0,482.0,470.0,454.0,457.0,448.0,438.0,431.0,440.0,422.0,415.0,399.0
36030,Mondariz,municipio,112.0,114.0,108.0,106.0,111.0,112.0,110.0,102.0,92.0,92.0,92.0,76.0,74.0,72.0
36031,Mondariz-Balneario,municipio,0.0,0.0,0.0,0.0,0.0,0.0,0.0,0.0,0.0,0.0,0.0,0.0,0.0,0.0
36032,Moraña,municipio,121.0,107.0,118.0,118.0,115.0,108.0,107.0,100.0,92.0,92.0,90.0,83.0,85.0,87.0
36033,Mos,municipio,653.0,654.0,667.0,659.0,656.0,670.0,680.0,660.0,631.0,598.0,609.0,576.0,557.0,545.0
36034,"Neves, As",municipio,92.0,92.0,86.0,82.0,81.0,83.0,84.0,82.0,80.0,68.0,65.0,73.0,70.0,71.0
36035,Nigrán,municipio,530.0,522.0,518.0,531.0,531.0,506.0,491.0,503.0,502.0,489.0,488.0,478.0,460.0,443.0
36036,Oia,municipio,89.0,87.0,83.0,80.0,86.0,87.0,84.0,78.0,74.0,78.0,81.0,72.0,71.0,71.0
36037,Pazos de Borbén,municipio,57.0,61.0,57.0,57.0,55.0,57.0,57.0,63.0,63.0,61.0,64.0,62.0,54.0,58.0
36038,Pontevedra,municipio,2552.0,2497.0,2442.0,2426.0,2408.0,2414.0,2398.0,2347.0,2304.0,2230.0,2181.0,2020.0,1991.0,1915.0
36039,"Porriño, O",municipio,768.0,746.0,783.0,783.0,778.0,762.0,771.0,743.0,731.0,703.0,688.0,628.0,635.0,630.0
36040,Portas,municipio,57.0,59.0,63.0,70.0,68.0,64.0,59.0,60.0,65.0,65.0,69.0,69.0,69.0,69.0
36041,Poio,municipio,480.0,486.0,472.0,482.0,464.0,494.0,514.0,500.0,476.0,462.0,463.0,448.0,443.0,442.0
36042,Ponteareas,municipio,757.0,778.0,767.0,784.0,755.0,736.0,717.0,708.0,688.0,668.0,657.0,629.0,618.0,610.0
36043,Ponte Caldelas,municipio,170.0,167.0,167.0,165.0,157.0,169.0,172.0,169.0,167.0,168.0,172.0,162.0,168.0,161.0
36044,Pontecesures,municipio,136.0,133.0,136.0,128.0,126.0,117.0,116.0,114.0,112.0,102.0,103.0,105.0,111.0,112.0
36045,Redondela,municipio,870.0,879.0,861.0,857.0,831.0,791.0,775.0,751.0,732.0,727.0,729.0,697.0,687.0,679.0
36046,Ribadumia,municipio,158.0,163.0,167.0,167.0,164.0,178.0,186.0,188.0,188.0,175.0,169.0,164.0,170.0,165.0
36047,Rodeiro,municipio,85.0,87.0,84.0,86.0,86.0,88.0,79.0,75.0,75.0,69.0,70.0,62.0,64.0,58.0
36048,"Rosal, O",municipio,159.0,157.0,168.0,174.0,173.0,170.0,163.0,160.0,161.0,159.0,158.0,155.0,151.0,140.0
36049,Salceda de Caselas,municipio,259.0,253.0,237.0,238.0,247.0,250.0,257.0,246.0,240.0,229.0,223.0,207.0,219.0,223.0
36050,Salvaterra de Miño,municipio,257.0,263.0,258.0,257.0,243.0,242.0,238.0,242.0,236.0,250.0,258.0,227.0,237.0,242.0
36051,Sanxenxo,municipio,709.0,708.0,708.0,727.0,707.0,736.0,711.0,704.0,731.0,732.0,761.0,757.0,757.0,748.0
36052,Silleda,municipio,384.0,382.0,380.0,386.0,385.0,370.0,369.0,356.0,339.0,341.0,346.0,327.0,332.0,315.0
36053,Soutomaior,municipio,242.0,222.0,228.0,230.0,231.0,230.0,207.0,211.0,203.0,211.0,211.0,173.0,173.0,173.0
36054,Tomiño,municipio,382.0,386.0,402.0,389.0,408.0,400.0,384.0,386.0,370.0,354.0,353.0,339.0,329.0,329.0
36055,Tui,municipio,638.0,616.0,604.0,588.0,588.0,583.0,574.0,574.0,532.0,515.0,521.0,442.0,438.0,454.0
36056,Valga,municipio,125.0,129.0,128.0,120.0,130.0,125.0,119.0,118.0,123.0,124.0,121.0,109.0,115.0,112.0
36057,Vigo,municipio,9386.0,9186.0,8969.0,8951.0,8828.0,8696.0,8756.0,8539.0,8268.0,7986.0,8021.0,7197.0,7013.0,6884.0
36058,Vilaboa,municipio,200.0,200.0,186.0,184.0,177.0,178.0,183.0,176.0,180.0,170.0,164.0,147.0,138.0,144.0
36059,Vila de Cruces,municipio,213.0,208.0,194.0,190.0,200.0,211.0,191.0,190.0,193.0,185.0,173.0,159.0,154.0,156.0
36060,Vilagarcía de Arousa,municipio,1118.0,1073.0,1043.0,1049.0,1033.0,1033.0,1042.0,1017.0,994.0,993.0,973.0,915.0,924.0,898.0
36061,Vilanova de Arousa,municipio,367.0,378.0,366.0,375.0,384.0,358.0,358.0,367.0,350.0,345.0,355.0,312.0,316.0,306.0
36901,"Illa de Arousa, A",municipio,106.0,108.0,115.0,105.0,108.0,99.0,90.0,95.0,94.0,102.0,100.0,91.0,95.0,85.0
36902,Cerdedo-Cotobade,municipio,0.0,0.0,0.0,0.0,0.0,0.0,123.0,115.0,110.0,109.0,116.0,104.0,99.0,92.0
36,Pontevedra,provincia,29718.0,29306.0,28926.0,28922.0,28571.0,28374.0,28247.0,27763.0,27045.0,26336.0,26312.0,24397.0,24014.0,23631.0
37001,Abusejo,municipio,0.0,0.0,0.0,0.0,0.0,0.0,0.0,0.0,0.0,0.0,0.0,0.0,0.0,0.0
37002,Agallas,municipio,0.0,0.0,0.0,0.0,0.0,0.0,0.0,0.0,0.0,0.0,0.0,0.0,0.0,0.0
37003,Ahigal de los Aceiteros,municipio,0.0,0.0,0.0,0.0,0.0,0.0,0.0,0.0,0.0,0.0,0.0,0.0,0.0,0.0
37004,Ahigal de Villarino,municipio,0.0,0.0,0.0,0.0,0.0,0.0,0.0,0.0,0.0,0.0,0.0,0.0,0.0,0.0
37005,"Alameda de Gardón, La",municipio,0.0,0.0,0.0,0.0,0.0,0.0,0.0,0.0,0.0,0.0,0.0,0.0,0.0,0.0
37006,"Alamedilla, La",municipio,0.0,0.0,0.0,0.0,0.0,0.0,0.0,0.0,0.0,0.0,0.0,0.0,0.0,0.0
37007,Alaraz,municipio,0.0,0.0,0.0,0.0,0.0,0.0,0.0,0.0,0.0,0.0,0.0,0.0,0.0,0.0
37008,Alba de Tormes,municipio,190.0,189.0,185.0,178.0,175.0,175.0,174.0,172.0,174.0,171.0,177.0,166.0,159.0,157.0
37009,Alba de Yeltes,municipio,0.0,0.0,0.0,0.0,0.0,0.0,0.0,0.0,0.0,0.0,0.0,0.0,0.0,0.0
37010,"Alberca, La",municipio,50.0,50.0,51.0,53.0,54.0,54.0,57.0,59.0,54.0,55.0,52.0,53.0,55.0,57.0
37011,"Alberguería de Argañán, La",municipio,0.0,0.0,0.0,0.0,0.0,0.0,0.0,0.0,0.0,0.0,0.0,0.0,0.0,0.0
37012,Alconada,municipio,0.0,0.0,0.0,0.0,0.0,0.0,0.0,0.0,0.0,0.0,0.0,0.0,0.0,0.0
37013,Aldeacipreste,municipio,0.0,0.0,0.0,0.0,0.0,0.0,0.0,0.0,0.0,0.0,0.0,0.0,0.0,0.0
37014,Aldeadávila de la Ribera,municipio,31.0,28.0,25.0,19.0,19.0,20.0,23.0,23.0,25.0,24.0,25.0,19.0,19.0,17.0
37015,Aldea del Obispo,municipio,0.0,0.0,0.0,0.0,0.0,0.0,0.0,0.0,0.0,0.0,0.0,0.0,0.0,0.0
37016,Aldealengua,municipio,0.0,0.0,0.0,0.0,0.0,0.0,0.0,0.0,0.0,0.0,0.0,0.0,0.0,0.0
37017,Aldeanueva de Figueroa,municipio,0.0,0.0,0.0,0.0,0.0,0.0,0.0,0.0,0.0,0.0,0.0,0.0,0.0,0.0
37018,Aldeanueva de la Sierra,municipio,0.0,0.0,0.0,0.0,0.0,0.0,0.0,0.0,0.0,0.0,0.0,0.0,0.0,0.0
37019,Aldearrodrigo,municipio,0.0,0.0,0.0,0.0,0.0,0.0,0.0,0.0,0.0,0.0,0.0,0.0,0.0,0.0
37020,Aldearrubia,municipio,0.0,0.0,0.0,0.0,0.0,0.0,0.0,0.0,0.0,0.0,0.0,0.0,0.0,0.0
37021,Aldeaseca de Alba,municipio,0.0,0.0,0.0,0.0,0.0,0.0,0.0,0.0,0.0,0.0,0.0,0.0,0.0,0.0
37022,Aldeaseca de la Frontera,municipio,0.0,0.0,0.0,0.0,0.0,0.0,0.0,0.0,0.0,0.0,0.0,0.0,0.0,0.0
37023,Aldeatejada,municipio,37.0,33.0,41.0,40.0,46.0,50.0,52.0,47.0,49.0,46.0,47.0,45.0,43.0,39.0
37024,Aldeavieja de Tormes,municipio,0.0,0.0,0.0,0.0,0.0,0.0,0.0,0.0,0.0,0.0,0.0,0.0,0.0,0.0
37025,Aldehuela de la Bóveda,municipio,0.0,0.0,0.0,0.0,0.0,0.0,0.0,0.0,0.0,0.0,0.0,0.0,0.0,0.0
37026,Aldehuela de Yeltes,municipio,0.0,0.0,0.0,0.0,0.0,0.0,0.0,0.0,0.0,0.0,0.0,0.0,0.0,0.0
37027,Almenara de Tormes,municipio,0.0,0.0,0.0,0.0,0.0,0.0,0.0,0.0,0.0,0.0,0.0,0.0,0.0,0.0
37028,Almendra,municipio,0.0,0.0,0.0,0.0,0.0,0.0,0.0,0.0,0.0,0.0,0.0,0.0,0.0,0.0
37029,Anaya de Alba,municipio,0.0,0.0,0.0,0.0,0.0,0.0,0.0,0.0,0.0,0.0,0.0,0.0,0.0,0.0
37030,Añover de Tormes,municipio,0.0,0.0,0.0,0.0,0.0,0.0,0.0,0.0,0.0,0.0,0.0,0.0,0.0,0.0
37031,Arabayona de Mógica,municipio,0.0,0.0,0.0,0.0,0.0,0.0,0.0,0.0,0.0,0.0,0.0,0.0,0.0,0.0
37032,Arapiles,municipio,0.0,0.0,0.0,0.0,0.0,0.0,0.0,0.0,0.0,0.0,0.0,0.0,0.0,0.0
37033,Arcediano,municipio,0.0,0.0,0.0,0.0,0.0,0.0,0.0,0.0,0.0,0.0,0.0,0.0,0.0,0.0
37034,"Arco, El",municipio,0.0,0.0,0.0,0.0,0.0,0.0,0.0,0.0,0.0,0.0,0.0,0.0,0.0,0.0
37035,Armenteros,municipio,0.0,0.0,0.0,0.0,0.0,0.0,0.0,0.0,0.0,0.0,0.0,0.0,0.0,0.0
37036,San Miguel del Robledo,municipio,0.0,0.0,0.0,0.0,0.0,0.0,0.0,0.0,0.0,0.0,0.0,0.0,0.0,0.0
37037,"Atalaya, La",municipio,0.0,0.0,0.0,0.0,0.0,0.0,0.0,0.0,0.0,0.0,0.0,0.0,0.0,0.0
37038,Babilafuente,municipio,0.0,0.0,0.0,0.0,0.0,0.0,0.0,0.0,0.0,0.0,0.0,0.0,0.0,0.0
37039,Bañobárez,municipio,0.0,0.0,0.0,0.0,0.0,0.0,0.0,0.0,0.0,0.0,0.0,0.0,0.0,0.0
37040,Barbadillo,municipio,0.0,0.0,0.0,0.0,0.0,0.0,0.0,0.0,0.0,0.0,0.0,0.0,0.0,0.0
37041,Barbalos,municipio,0.0,0.0,0.0,0.0,0.0,0.0,0.0,0.0,0.0,0.0,0.0,0.0,0.0,0.0
37042,Barceo,municipio,0.0,0.0,0.0,0.0,0.0,0.0,0.0,0.0,0.0,0.0,0.0,0.0,0.0,0.0
37044,Barruecopardo,municipio,0.0,0.0,0.0,0.0,0.0,0.0,0.0,0.0,0.0,0.0,0.0,0.0,0.0,0.0
37045,"Bastida, La",municipio,0.0,0.0,0.0,0.0,0.0,0.0,0.0,0.0,0.0,0.0,0.0,0.0,0.0,0.0
37046,Béjar,municipio,419.0,416.0,414.0,411.0,400.0,384.0,358.0,356.0,352.0,337.0,335.0,308.0,301.0,293.0
37047,Beleña,municipio,0.0,0.0,0.0,0.0,0.0,0.0,0.0,0.0,0.0,0.0,0.0,0.0,0.0,0.0
37049,Bermellar,municipio,0.0,0.0,0.0,0.0,0.0,0.0,0.0,0.0,0.0,0.0,0.0,0.0,0.0,0.0
37050,Berrocal de Huebra,municipio,0.0,0.0,0.0,0.0,0.0,0.0,0.0,0.0,0.0,0.0,0.0,0.0,0.0,0.0
37051,Berrocal de Salvatierra,municipio,0.0,0.0,0.0,0.0,0.0,0.0,0.0,0.0,0.0,0.0,0.0,0.0,0.0,0.0
37052,Boada,municipio,0.0,0.0,0.0,0.0,0.0,0.0,0.0,0.0,0.0,0.0,0.0,0.0,0.0,0.0
37054,"Bodón, El",municipio,0.0,0.0,0.0,0.0,0.0,0.0,0.0,0.0,0.0,0.0,0.0,0.0,0.0,0.0
37055,Bogajo,municipio,0.0,0.0,0.0,0.0,0.0,0.0,0.0,0.0,0.0,0.0,0.0,0.0,0.0,0.0
37056,"Bouza, La",municipio,0.0,0.0,0.0,0.0,0.0,0.0,0.0,0.0,0.0,0.0,0.0,0.0,0.0,0.0
37057,Bóveda del Río Almar,municipio,0.0,0.0,0.0,0.0,0.0,0.0,0.0,0.0,0.0,0.0,0.0,0.0,0.0,0.0
37058,Brincones,municipio,0.0,0.0,0.0,0.0,0.0,0.0,0.0,0.0,0.0,0.0,0.0,0.0,0.0,0.0
37059,Buenamadre,municipio,0.0,0.0,0.0,0.0,0.0,0.0,0.0,0.0,0.0,0.0,0.0,0.0,0.0,0.0
37060,Buenavista,municipio,0.0,0.0,0.0,0.0,0.0,0.0,0.0,0.0,0.0,0.0,0.0,0.0,0.0,0.0
37061,"Cabaco, El",municipio,0.0,0.0,0.0,0.0,0.0,0.0,0.0,0.0,0.0,0.0,0.0,0.0,0.0,0.0
37062,Cabezabellosa de la Calzada,municipio,0.0,0.0,0.0,0.0,0.0,0.0,0.0,0.0,0.0,0.0,0.0,0.0,0.0,0.0
37063,"Cabeza de Béjar, La",municipio,0.0,0.0,0.0,0.0,0.0,0.0,0.0,0.0,0.0,0.0,0.0,0.0,0.0,0.0
37065,Cabeza del Caballo,municipio,0.0,0.0,0.0,0.0,0.0,0.0,0.0,0.0,0.0,0.0,0.0,0.0,0.0,0.0
37067,Cabrerizos,municipio,133.0,130.0,117.0,120.0,119.0,117.0,117.0,113.0,117.0,117.0,112.0,107.0,102.0,98.0
37068,Cabrillas,municipio,0.0,0.0,0.0,0.0,0.0,0.0,0.0,0.0,0.0,0.0,0.0,0.0,0.0,0.0
37069,Calvarrasa de Abajo,municipio,23.0,29.0,30.0,28.0,25.0,28.0,32.0,36.0,34.0,29.0,30.0,27.0,30.0,32.0
37070,Calvarrasa de Arriba,municipio,0.0,0.0,0.0,0.0,0.0,0.0,0.0,0.0,0.0,0.0,0.0,0.0,0.0,0.0
37071,"Calzada de Béjar, La",municipio,0.0,0.0,0.0,0.0,0.0,0.0,0.0,0.0,0.0,0.0,0.0,0.0,0.0,0.0
37072,Calzada de Don Diego,municipio,0.0,0.0,0.0,0.0,0.0,0.0,0.0,0.0,0.0,0.0,0.0,0.0,0.0,0.0
37073,Calzada de Valdunciel,municipio,0.0,0.0,0.0,0.0,0.0,0.0,0.0,0.0,0.0,0.0,0.0,0.0,0.0,0.0
37074,Campillo de Azaba,municipio,0.0,0.0,0.0,0.0,0.0,0.0,0.0,0.0,0.0,0.0,0.0,0.0,0.0,0.0
37077,"Campo de Peñaranda, El",municipio,0.0,0.0,0.0,0.0,0.0,0.0,0.0,0.0,0.0,0.0,0.0,0.0,0.0,0.0
37078,Candelario,municipio,34.0,34.0,0.0,0.0,0.0,0.0,0.0,0.0,0.0,0.0,0.0,0.0,0.0,0.0
37079,Canillas de Abajo,municipio,0.0,0.0,0.0,0.0,0.0,0.0,0.0,0.0,0.0,0.0,0.0,0.0,0.0,0.0
37080,Cantagallo,municipio,0.0,0.0,0.0,0.0,0.0,0.0,0.0,0.0,0.0,0.0,0.0,0.0,0.0,0.0
37081,Cantalapiedra,municipio,23.0,23.0,0.0,21.0,20.0,17.0,18.0,0.0,0.0,0.0,0.0,0.0,0.0,0.0
37082,Cantalpino,municipio,19.0,0.0,0.0,0.0,0.0,0.0,0.0,0.0,0.0,0.0,0.0,0.0,0.0,0.0
37083,Cantaracillo,municipio,0.0,0.0,0.0,0.0,0.0,0.0,0.0,0.0,0.0,0.0,0.0,0.0,0.0,0.0
37085,Carbajosa de la Sagrada,municipio,233.0,241.0,234.0,220.0,236.0,243.0,249.0,241.0,245.0,250.0,241.0,234.0,224.0,222.0
37086,Carpio de Azaba,municipio,0.0,0.0,0.0,0.0,0.0,0.0,0.0,0.0,0.0,0.0,0.0,0.0,0.0,0.0
37087,Carrascal de Barregas,municipio,0.0,28.0,26.0,29.0,29.0,30.0,32.0,34.0,30.0,27.0,24.0,23.0,19.0,20.0
37088,Carrascal del Obispo,municipio,0.0,0.0,0.0,0.0,0.0,0.0,0.0,0.0,0.0,0.0,0.0,0.0,0.0,0.0
37089,Casafranca,municipio,0.0,0.0,0.0,0.0,0.0,0.0,0.0,0.0,0.0,0.0,0.0,0.0,0.0,0.0
37090,"Casas del Conde, Las",municipio,0.0,0.0,0.0,0.0,0.0,0.0,0.0,0.0,0.0,0.0,0.0,0.0,0.0,0.0
37091,Casillas de Flores,municipio,0.0,0.0,0.0,0.0,0.0,0.0,0.0,0.0,0.0,0.0,0.0,0.0,0.0,0.0
37092,Castellanos de Moriscos,municipio,61.0,66.0,77.0,64.0,64.0,64.0,64.0,71.0,73.0,71.0,71.0,76.0,75.0,75.0
37096,Castillejo de Martín Viejo,municipio,0.0,0.0,0.0,0.0,0.0,0.0,0.0,0.0,0.0,0.0,0.0,0.0,0.0,0.0
37097,Castraz,municipio,0.0,0.0,0.0,0.0,0.0,0.0,0.0,0.0,0.0,0.0,0.0,0.0,0.0,0.0
37098,Cepeda,municipio,0.0,0.0,0.0,0.0,0.0,0.0,0.0,0.0,0.0,0.0,0.0,0.0,0.0,0.0
37099,Cereceda de la Sierra,municipio,0.0,0.0,0.0,0.0,0.0,0.0,0.0,0.0,0.0,0.0,0.0,0.0,0.0,0.0
37100,Cerezal de Peñahorcada,municipio,0.0,0.0,0.0,0.0,0.0,0.0,0.0,0.0,0.0,0.0,0.0,0.0,0.0,0.0
37101,Cerralbo,municipio,0.0,0.0,0.0,0.0,0.0,0.0,0.0,0.0,0.0,0.0,0.0,0.0,0.0,0.0
37102,"Cerro, El",municipio,0.0,0.0,0.0,0.0,0.0,0.0,0.0,0.0,0.0,0.0,0.0,0.0,0.0,0.0
37103,Cespedosa de Tormes,municipio,0.0,0.0,0.0,0.0,0.0,0.0,0.0,0.0,0.0,0.0,0.0,0.0,0.0,0.0
37104,Cilleros de la Bastida,municipio,0.0,0.0,0.0,0.0,0.0,0.0,0.0,0.0,0.0,0.0,0.0,0.0,0.0,0.0
37106,Cipérez,municipio,0.0,0.0,0.0,0.0,0.0,0.0,0.0,0.0,0.0,0.0,0.0,0.0,0.0,0.0
37107,Ciudad Rodrigo,municipio,525.0,518.0,508.0,489.0,462.0,475.0,478.0,462.0,448.0,427.0,431.0,416.0,419.0,412.0
37108,Coca de Alba,municipio,0.0,0.0,0.0,0.0,0.0,0.0,0.0,0.0,0.0,0.0,0.0,0.0,0.0,0.0
37109,Colmenar de Montemayor,municipio,0.0,0.0,0.0,0.0,0.0,0.0,0.0,0.0,0.0,0.0,0.0,0.0,0.0,0.0
37110,Cordovilla,municipio,0.0,0.0,0.0,0.0,0.0,0.0,0.0,0.0,0.0,0.0,0.0,0.0,0.0,0.0
37112,Cristóbal,municipio,0.0,0.0,0.0,0.0,0.0,0.0,0.0,0.0,0.0,0.0,0.0,0.0,0.0,0.0
37113,"Cubo de Don Sancho, El",municipio,0.0,0.0,0.0,0.0,0.0,0.0,0.0,0.0,0.0,0.0,0.0,0.0,0.0,0.0
37114,Chagarcía Medianero,municipio,0.0,0.0,0.0,0.0,0.0,0.0,0.0,0.0,0.0,0.0,0.0,0.0,0.0,0.0
37115,Dios le Guarde,municipio,0.0,0.0,0.0,0.0,0.0,0.0,0.0,0.0,0.0,0.0,0.0,0.0,0.0,0.0
37116,Doñinos de Ledesma,municipio,0.0,0.0,0.0,0.0,0.0,0.0,0.0,0.0,0.0,0.0,0.0,0.0,0.0,0.0
37117,Doñinos de Salamanca,municipio,54.0,44.0,48.0,42.0,42.0,36.0,37.0,36.0,36.0,33.0,35.0,39.0,37.0,41.0
37118,Éjeme,municipio,0.0,0.0,0.0,0.0,0.0,0.0,0.0,0.0,0.0,0.0,0.0,0.0,0.0,0.0
37119,"Encina, La",municipio,0.0,0.0,0.0,0.0,0.0,0.0,0.0,0.0,0.0,0.0,0.0,0.0,0.0,0.0
37120,Encina de San Silvestre,municipio,0.0,0.0,0.0,0.0,0.0,0.0,0.0,0.0,0.0,0.0,0.0,0.0,0.0,0.0
37121,Encinas de Abajo,municipio,0.0,0.0,0.0,0.0,0.0,0.0,0.0,0.0,0.0,0.0,0.0,0.0,0.0,0.0
37122,Encinas de Arriba,municipio,0.0,0.0,0.0,0.0,0.0,0.0,0.0,0.0,0.0,0.0,0.0,0.0,0.0,0.0
37123,Encinasola de los Comendadores,municipio,0.0,0.0,0.0,0.0,0.0,0.0,0.0,0.0,0.0,0.0,0.0,0.0,0.0,0.0
37124,Endrinal,municipio,0.0,0.0,0.0,0.0,0.0,0.0,0.0,0.0,0.0,0.0,0.0,0.0,0.0,0.0
37125,Escurial de la Sierra,municipio,0.0,0.0,0.0,0.0,0.0,0.0,0.0,0.0,0.0,0.0,0.0,0.0,0.0,0.0
37126,Espadaña,municipio,0.0,0.0,0.0,0.0,0.0,0.0,0.0,0.0,0.0,0.0,0.0,0.0,0.0,0.0
37127,Espeja,municipio,0.0,0.0,0.0,0.0,0.0,0.0,0.0,0.0,0.0,0.0,0.0,0.0,0.0,0.0
37128,Espino de la Orbada,municipio,0.0,0.0,0.0,0.0,0.0,0.0,0.0,0.0,0.0,0.0,0.0,0.0,0.0,0.0
37129,Florida de Liébana,municipio,0.0,0.0,0.0,0.0,0.0,0.0,0.0,0.0,0.0,0.0,0.0,0.0,0.0,0.0
37130,Forfoleda,municipio,0.0,0.0,0.0,0.0,0.0,0.0,0.0,0.0,0.0,0.0,0.0,0.0,0.0,0.0
37131,Frades de la Sierra,municipio,0.0,0.0,0.0,0.0,0.0,0.0,0.0,0.0,0.0,0.0,0.0,0.0,0.0,0.0
37132,"Fregeneda, La",municipio,0.0,0.0,0.0,0.0,0.0,0.0,0.0,0.0,0.0,0.0,0.0,0.0,0.0,0.0
37133,Fresnedoso,municipio,0.0,0.0,0.0,0.0,0.0,0.0,0.0,0.0,0.0,0.0,0.0,0.0,0.0,0.0
37134,Fresno Alhándiga,municipio,0.0,0.0,0.0,0.0,0.0,0.0,0.0,0.0,0.0,0.0,0.0,0.0,0.0,0.0
37135,"Fuente de San Esteban, La",municipio,61.0,56.0,52.0,49.0,52.0,54.0,50.0,48.0,47.0,45.0,43.0,46.0,41.0,36.0
37136,Fuenteguinaldo,municipio,0.0,0.0,0.0,0.0,0.0,0.0,0.0,0.0,0.0,0.0,0.0,0.0,0.0,0.0
37137,Fuenteliante,municipio,0.0,0.0,0.0,0.0,0.0,0.0,0.0,0.0,0.0,0.0,0.0,0.0,0.0,0.0
37138,Fuenterroble de Salvatierra,municipio,0.0,0.0,0.0,0.0,0.0,0.0,0.0,0.0,0.0,0.0,0.0,0.0,0.0,0.0
37139,Fuentes de Béjar,municipio,0.0,0.0,0.0,0.0,0.0,0.0,0.0,0.0,0.0,0.0,0.0,0.0,0.0,0.0
37140,Fuentes de Oñoro,municipio,49.0,45.0,44.0,45.0,43.0,42.0,47.0,51.0,42.0,43.0,41.0,44.0,39.0,40.0
37141,Gajates,municipio,0.0,0.0,0.0,0.0,0.0,0.0,0.0,0.0,0.0,0.0,0.0,0.0,0.0,0.0
37142,Galindo y Perahuy,municipio,0.0,0.0,0.0,0.0,0.0,0.0,0.0,0.0,0.0,0.0,0.0,0.0,0.0,0.0
37143,Galinduste,municipio,0.0,0.0,0.0,0.0,0.0,0.0,0.0,0.0,0.0,0.0,0.0,0.0,0.0,0.0
37144,Galisancho,municipio,0.0,0.0,0.0,0.0,0.0,0.0,0.0,0.0,0.0,0.0,0.0,0.0,0.0,0.0
37145,Gallegos de Argañán,municipio,0.0,0.0,0.0,0.0,0.0,0.0,0.0,0.0,0.0,0.0,0.0,0.0,0.0,0.0
37146,Gallegos de Solmirón,municipio,0.0,0.0,0.0,0.0,0.0,0.0,0.0,0.0,0.0,0.0,0.0,0.0,0.0,0.0
37147,Garcibuey,municipio,0.0,0.0,0.0,0.0,0.0,0.0,0.0,0.0,0.0,0.0,0.0,0.0,0.0,0.0
37148,Garcihernández,municipio,0.0,0.0,0.0,0.0,0.0,0.0,0.0,0.0,0.0,0.0,0.0,0.0,0.0,0.0
37149,Garcirrey,municipio,0.0,0.0,0.0,0.0,0.0,0.0,0.0,0.0,0.0,0.0,0.0,0.0,0.0,0.0
37150,Gejuelo del Barro,municipio,0.0,0.0,0.0,0.0,0.0,0.0,0.0,0.0,0.0,0.0,0.0,0.0,0.0,0.0
37151,Golpejas,municipio,0.0,0.0,0.0,0.0,0.0,0.0,0.0,0.0,0.0,0.0,0.0,0.0,0.0,0.0
37152,Gomecello,municipio,0.0,0.0,0.0,0.0,0.0,0.0,0.0,0.0,0.0,0.0,0.0,0.0,0.0,0.0
37154,Guadramiro,municipio,0.0,0.0,0.0,0.0,0.0,0.0,0.0,0.0,0.0,0.0,0.0,0.0,0.0,0.0
37155,Guijo de Ávila,municipio,0.0,0.0,0.0,0.0,0.0,0.0,0.0,0.0,0.0,0.0,0.0,0.0,0.0,0.0
37156,Guijuelo,municipio,249.0,237.0,244.0,256.0,252.0,253.0,240.0,226.0,230.0,215.0,217.0,201.0,195.0,199.0
37157,Herguijuela de Ciudad Rodrigo,municipio,0.0,0.0,0.0,0.0,0.0,0.0,0.0,0.0,0.0,0.0,0.0,0.0,0.0,0.0
37158,Herguijuela de la Sierra,municipio,0.0,0.0,0.0,0.0,0.0,0.0,0.0,0.0,0.0,0.0,0.0,0.0,0.0,0.0
37159,Herguijuela del Campo,municipio,0.0,0.0,0.0,0.0,0.0,0.0,0.0,0.0,0.0,0.0,0.0,0.0,0.0,0.0
37160,Hinojosa de Duero,municipio,0.0,0.0,0.0,0.0,0.0,0.0,0.0,0.0,0.0,0.0,0.0,0.0,0.0,0.0
37161,Horcajo de Montemayor,municipio,0.0,0.0,0.0,0.0,0.0,0.0,0.0,0.0,0.0,0.0,0.0,0.0,0.0,0.0
37162,Horcajo Medianero,municipio,0.0,0.0,0.0,0.0,0.0,0.0,0.0,0.0,0.0,0.0,0.0,0.0,0.0,0.0
37163,"Hoya, La",municipio,0.0,0.0,0.0,0.0,0.0,0.0,0.0,0.0,0.0,0.0,0.0,0.0,0.0,0.0
37164,Huerta,municipio,0.0,0.0,0.0,0.0,0.0,0.0,0.0,0.0,0.0,0.0,0.0,0.0,0.0,0.0
37165,Iruelos,municipio,0.0,0.0,0.0,0.0,0.0,0.0,0.0,0.0,0.0,0.0,0.0,0.0,0.0,0.0
37166,Ituero de Azaba,municipio,0.0,0.0,0.0,0.0,0.0,0.0,0.0,0.0,0.0,0.0,0.0,0.0,0.0,0.0
37167,Juzbado,municipio,0.0,0.0,0.0,0.0,0.0,0.0,0.0,0.0,0.0,0.0,0.0,0.0,0.0,0.0
37168,Lagunilla,municipio,0.0,0.0,0.0,0.0,0.0,0.0,0.0,0.0,0.0,0.0,0.0,0.0,0.0,0.0
37169,Larrodrigo,municipio,0.0,0.0,0.0,0.0,0.0,0.0,0.0,0.0,0.0,0.0,0.0,0.0,0.0,0.0
37170,Ledesma,municipio,61.0,61.0,62.0,64.0,58.0,52.0,50.0,47.0,44.0,44.0,45.0,40.0,41.0,42.0
37171,Ledrada,municipio,0.0,0.0,0.0,0.0,0.0,0.0,0.0,0.0,0.0,0.0,0.0,0.0,0.0,0.0
37172,Linares de Riofrío,municipio,0.0,0.0,0.0,0.0,0.0,0.0,0.0,0.0,0.0,0.0,0.0,0.0,0.0,0.0
37173,Lumbrales,municipio,54.0,56.0,54.0,52.0,52.0,52.0,49.0,49.0,47.0,48.0,48.0,44.0,50.0,49.0
37174,Macotera,municipio,37.0,40.0,39.0,38.0,37.0,37.0,34.0,30.0,29.0,25.0,26.0,0.0,21.0,20.0
37175,Machacón,municipio,0.0,0.0,0.0,0.0,0.0,0.0,0.0,0.0,0.0,0.0,0.0,0.0,0.0,0.0
37176,Madroñal,municipio,0.0,0.0,0.0,0.0,0.0,0.0,0.0,0.0,0.0,0.0,0.0,0.0,0.0,0.0
37177,"Maíllo, El",municipio,0.0,0.0,0.0,0.0,0.0,0.0,0.0,0.0,0.0,0.0,0.0,0.0,0.0,0.0
37178,Malpartida,municipio,0.0,0.0,0.0,0.0,0.0,0.0,0.0,0.0,0.0,0.0,0.0,0.0,0.0,0.0
37179,Mancera de Abajo,municipio,0.0,0.0,0.0,0.0,0.0,0.0,0.0,0.0,0.0,0.0,0.0,0.0,0.0,0.0
37180,"Manzano, El",municipio,0.0,0.0,0.0,0.0,0.0,0.0,0.0,0.0,0.0,0.0,0.0,0.0,0.0,0.0
37181,Martiago,municipio,0.0,0.0,0.0,0.0,0.0,0.0,0.0,0.0,0.0,0.0,0.0,0.0,0.0,0.0
37182,Martinamor,municipio,0.0,0.0,0.0,0.0,0.0,0.0,0.0,0.0,0.0,0.0,0.0,0.0,0.0,0.0
37183,Martín de Yeltes,municipio,0.0,0.0,0.0,0.0,0.0,0.0,0.0,0.0,0.0,0.0,0.0,0.0,0.0,0.0
37184,Masueco,municipio,0.0,0.0,0.0,0.0,0.0,0.0,0.0,0.0,0.0,0.0,0.0,0.0,0.0,0.0
37185,Castellanos de Villiquera,municipio,0.0,0.0,0.0,0.0,0.0,0.0,0.0,0.0,0.0,0.0,0.0,0.0,0.0,0.0
37186,"Mata de Ledesma, La",municipio,0.0,0.0,0.0,0.0,0.0,0.0,0.0,0.0,0.0,0.0,0.0,0.0,0.0,0.0
37187,Matilla de los Caños del Río,municipio,0.0,0.0,0.0,0.0,0.0,0.0,0.0,0.0,0.0,0.0,0.0,0.0,0.0,0.0
37188,"Maya, La",municipio,0.0,0.0,0.0,0.0,0.0,0.0,0.0,0.0,0.0,0.0,0.0,0.0,0.0,0.0
37189,Membribe de la Sierra,municipio,0.0,0.0,0.0,0.0,0.0,0.0,0.0,0.0,0.0,0.0,0.0,0.0,0.0,0.0
37190,Mieza,municipio,0.0,0.0,0.0,0.0,0.0,0.0,0.0,0.0,0.0,0.0,0.0,0.0,0.0,0.0
37191,"Milano, El",municipio,0.0,0.0,0.0,0.0,0.0,0.0,0.0,0.0,0.0,0.0,0.0,0.0,0.0,0.0
37192,Miranda de Azán,municipio,0.0,0.0,0.0,0.0,0.0,0.0,0.0,0.0,0.0,0.0,0.0,0.0,0.0,0.0
37193,Miranda del Castañar,municipio,0.0,0.0,0.0,0.0,0.0,0.0,0.0,0.0,0.0,0.0,0.0,0.0,0.0,0.0
37194,Mogarraz,municipio,0.0,0.0,0.0,0.0,0.0,0.0,0.0,0.0,0.0,0.0,0.0,0.0,0.0,0.0
37195,Molinillo,municipio,0.0,0.0,0.0,0.0,0.0,0.0,0.0,0.0,0.0,0.0,0.0,0.0,0.0,0.0
37196,Monforte de la Sierra,municipio,0.0,0.0,0.0,0.0,0.0,0.0,0.0,0.0,0.0,0.0,0.0,0.0,0.0,0.0
37197,Monleón,municipio,0.0,0.0,0.0,0.0,0.0,0.0,0.0,0.0,0.0,0.0,0.0,0.0,0.0,0.0
37198,Monleras,municipio,0.0,0.0,0.0,0.0,0.0,0.0,0.0,0.0,0.0,0.0,0.0,0.0,0.0,0.0
37199,Monsagro,municipio,0.0,0.0,0.0,0.0,0.0,0.0,0.0,0.0,0.0,0.0,0.0,0.0,0.0,0.0
37200,Montejo,municipio,0.0,0.0,0.0,0.0,0.0,0.0,0.0,0.0,0.0,0.0,0.0,0.0,0.0,0.0
37201,Montemayor del Río,municipio,0.0,0.0,0.0,0.0,0.0,0.0,0.0,0.0,0.0,0.0,0.0,0.0,0.0,0.0
37202,Monterrubio de Armuña,municipio,23.0,26.0,28.0,27.0,26.0,28.0,31.0,30.0,28.0,26.0,22.0,25.0,25.0,29.0
37203,Monterrubio de la Sierra,municipio,0.0,0.0,0.0,0.0,0.0,0.0,0.0,0.0,0.0,0.0,0.0,0.0,0.0,0.0
37204,Morasverdes,municipio,0.0,0.0,0.0,0.0,0.0,0.0,0.0,0.0,0.0,0.0,0.0,0.0,0.0,0.0
37205,Morille,municipio,0.0,0.0,0.0,0.0,0.0,0.0,0.0,0.0,0.0,0.0,0.0,0.0,0.0,0.0
37206,Moríñigo,municipio,0.0,0.0,0.0,0.0,0.0,0.0,0.0,0.0,0.0,0.0,0.0,0.0,0.0,0.0
37207,Moriscos,municipio,0.0,0.0,0.0,0.0,0.0,0.0,0.0,0.0,0.0,0.0,0.0,0.0,0.0,0.0
37208,Moronta,municipio,0.0,0.0,0.0,0.0,0.0,0.0,0.0,0.0,0.0,0.0,0.0,0.0,0.0,0.0
37209,Mozárbez,municipio,0.0,0.0,0.0,0.0,0.0,0.0,0.0,0.0,0.0,0.0,0.0,0.0,0.0,0.0
37211,Narros de Matalayegua,municipio,0.0,0.0,0.0,0.0,0.0,0.0,0.0,0.0,0.0,0.0,0.0,0.0,0.0,0.0
37212,Navacarros,municipio,0.0,0.0,0.0,0.0,0.0,0.0,0.0,0.0,0.0,0.0,0.0,0.0,0.0,0.0
37213,Nava de Béjar,municipio,0.0,0.0,0.0,0.0,0.0,0.0,0.0,0.0,0.0,0.0,0.0,0.0,0.0,0.0
37214,Nava de Francia,municipio,0.0,0.0,0.0,0.0,0.0,0.0,0.0,0.0,0.0,0.0,0.0,0.0,0.0,0.0
37215,Nava de Sotrobal,municipio,0.0,0.0,0.0,0.0,0.0,0.0,0.0,0.0,0.0,0.0,0.0,0.0,0.0,0.0
37216,Navales,municipio,0.0,0.0,0.0,0.0,0.0,0.0,0.0,0.0,0.0,0.0,0.0,0.0,0.0,0.0
37217,Navalmoral de Béjar,municipio,0.0,0.0,0.0,0.0,0.0,0.0,0.0,0.0,0.0,0.0,0.0,0.0,0.0,0.0
37218,Navamorales,municipio,0.0,0.0,0.0,0.0,0.0,0.0,0.0,0.0,0.0,0.0,0.0,0.0,0.0,0.0
37219,Navarredonda de la Rinconada,municipio,0.0,0.0,0.0,0.0,0.0,0.0,0.0,0.0,0.0,0.0,0.0,0.0,0.0,0.0
37221,Navasfrías,municipio,0.0,0.0,0.0,0.0,0.0,0.0,0.0,0.0,0.0,0.0,0.0,0.0,0.0,0.0
37222,Negrilla de Palencia,municipio,0.0,0.0,0.0,0.0,0.0,0.0,0.0,0.0,0.0,0.0,0.0,0.0,0.0,0.0
37223,Olmedo de Camaces,municipio,0.0,0.0,0.0,0.0,0.0,0.0,0.0,0.0,0.0,0.0,0.0,0.0,0.0,0.0
37224,"Orbada, La",municipio,0.0,0.0,0.0,0.0,0.0,0.0,0.0,0.0,0.0,0.0,0.0,0.0,0.0,0.0
37225,Pajares de la Laguna,municipio,0.0,0.0,0.0,0.0,0.0,0.0,0.0,0.0,0.0,0.0,0.0,0.0,0.0,0.0
37226,Palacios del Arzobispo,municipio,0.0,0.0,0.0,0.0,0.0,0.0,0.0,0.0,0.0,0.0,0.0,0.0,0.0,0.0
37228,Palaciosrubios,municipio,0.0,0.0,0.0,0.0,0.0,0.0,0.0,0.0,0.0,0.0,0.0,0.0,0.0,0.0
37229,Palencia de Negrilla,municipio,0.0,0.0,0.0,0.0,0.0,0.0,0.0,0.0,0.0,0.0,0.0,0.0,0.0,0.0
37230,Parada de Arriba,municipio,0.0,0.0,0.0,0.0,0.0,0.0,0.0,0.0,0.0,0.0,0.0,0.0,0.0,0.0
37231,Parada de Rubiales,municipio,0.0,0.0,0.0,0.0,0.0,0.0,0.0,0.0,0.0,0.0,0.0,0.0,0.0,0.0
37232,Paradinas de San Juan,municipio,0.0,0.0,0.0,0.0,0.0,0.0,0.0,0.0,0.0,0.0,0.0,0.0,0.0,0.0
37233,Pastores,municipio,0.0,0.0,0.0,0.0,0.0,0.0,0.0,0.0,0.0,0.0,0.0,0.0,0.0,0.0
37234,"Payo, El",municipio,0.0,0.0,0.0,0.0,0.0,0.0,0.0,0.0,0.0,0.0,0.0,0.0,0.0,0.0
37235,Pedraza de Alba,municipio,0.0,0.0,0.0,0.0,0.0,0.0,0.0,0.0,0.0,0.0,0.0,0.0,0.0,0.0
37236,Pedrosillo de Alba,municipio,0.0,0.0,0.0,0.0,0.0,0.0,0.0,0.0,0.0,0.0,0.0,0.0,0.0,0.0
37237,Pedrosillo de los Aires,municipio,0.0,0.0,0.0,0.0,0.0,0.0,0.0,0.0,0.0,0.0,0.0,0.0,0.0,0.0
37238,Pedrosillo el Ralo,municipio,0.0,0.0,0.0,0.0,0.0,0.0,0.0,0.0,0.0,0.0,0.0,0.0,0.0,0.0
37239,"Pedroso de la Armuña, El",municipio,0.0,0.0,0.0,0.0,0.0,0.0,0.0,0.0,0.0,0.0,0.0,0.0,0.0,0.0
37240,Pelabravo,municipio,0.0,31.0,26.0,29.0,23.0,28.0,26.0,24.0,23.0,21.0,20.0,28.0,30.0,32.0
37241,Pelarrodríguez,municipio,0.0,0.0,0.0,0.0,0.0,0.0,0.0,0.0,0.0,0.0,0.0,0.0,0.0,0.0
37242,Pelayos,municipio,0.0,0.0,0.0,0.0,0.0,0.0,0.0,0.0,0.0,0.0,0.0,0.0,0.0,0.0
37243,"Peña, La",municipio,0.0,0.0,0.0,0.0,0.0,0.0,0.0,0.0,0.0,0.0,0.0,0.0,0.0,0.0
37244,Peñacaballera,municipio,0.0,0.0,0.0,0.0,0.0,0.0,0.0,0.0,0.0,0.0,0.0,0.0,0.0,0.0
37245,Peñaparda,municipio,0.0,0.0,0.0,0.0,0.0,0.0,0.0,0.0,0.0,0.0,0.0,0.0,0.0,0.0
37246,Peñaranda de Bracamonte,municipio,239.0,233.0,228.0,233.0,233.0,225.0,218.0,211.0,205.0,208.0,205.0,195.0,189.0,190.0
37247,Peñarandilla,municipio,0.0,0.0,0.0,0.0,0.0,0.0,0.0,0.0,0.0,0.0,0.0,0.0,0.0,0.0
37248,Peralejos de Abajo,municipio,0.0,0.0,0.0,0.0,0.0,0.0,0.0,0.0,0.0,0.0,0.0,0.0,0.0,0.0
37249,Peralejos de Arriba,municipio,0.0,0.0,0.0,0.0,0.0,0.0,0.0,0.0,0.0,0.0,0.0,0.0,0.0,0.0
37250,Pereña de la Ribera,municipio,0.0,0.0,0.0,0.0,0.0,0.0,0.0,0.0,0.0,0.0,0.0,0.0,0.0,0.0
37251,Peromingo,municipio,0.0,0.0,0.0,0.0,0.0,0.0,0.0,0.0,0.0,0.0,0.0,0.0,0.0,0.0
37252,Pinedas,municipio,0.0,0.0,0.0,0.0,0.0,0.0,0.0,0.0,0.0,0.0,0.0,0.0,0.0,0.0
37253,"Pino de Tormes, El",municipio,0.0,0.0,0.0,0.0,0.0,0.0,0.0,0.0,0.0,0.0,0.0,0.0,0.0,0.0
37254,Pitiegua,municipio,0.0,0.0,0.0,0.0,0.0,0.0,0.0,0.0,0.0,0.0,0.0,0.0,0.0,0.0
37255,Pizarral,municipio,0.0,0.0,0.0,0.0,0.0,0.0,0.0,0.0,0.0,0.0,0.0,0.0,0.0,0.0
37256,Poveda de las Cintas,municipio,0.0,0.0,0.0,0.0,0.0,0.0,0.0,0.0,0.0,0.0,0.0,0.0,0.0,0.0
37257,Pozos de Hinojo,municipio,0.0,0.0,0.0,0.0,0.0,0.0,0.0,0.0,0.0,0.0,0.0,0.0,0.0,0.0
37258,Puebla de Azaba,municipio,0.0,0.0,0.0,0.0,0.0,0.0,0.0,0.0,0.0,0.0,0.0,0.0,0.0,0.0
37259,Puebla de San Medel,municipio,0.0,0.0,0.0,0.0,0.0,0.0,0.0,0.0,0.0,0.0,0.0,0.0,0.0,0.0
37260,Puebla de Yeltes,municipio,0.0,0.0,0.0,0.0,0.0,0.0,0.0,0.0,0.0,0.0,0.0,0.0,0.0,0.0
37261,Puente del Congosto,municipio,0.0,0.0,0.0,0.0,0.0,0.0,0.0,0.0,0.0,0.0,0.0,0.0,0.0,0.0
37262,Puertas,municipio,0.0,0.0,0.0,0.0,0.0,0.0,0.0,0.0,0.0,0.0,0.0,0.0,0.0,0.0
37263,Puerto de Béjar,municipio,0.0,0.0,0.0,0.0,0.0,0.0,0.0,0.0,0.0,0.0,0.0,0.0,0.0,0.0
37264,Puerto Seguro,municipio,0.0,0.0,0.0,0.0,0.0,0.0,0.0,0.0,0.0,0.0,0.0,0.0,0.0,0.0
37265,Rágama,municipio,0.0,0.0,0.0,0.0,0.0,0.0,0.0,0.0,0.0,0.0,0.0,0.0,0.0,0.0
37266,"Redonda, La",municipio,0.0,0.0,0.0,0.0,0.0,0.0,0.0,0.0,0.0,0.0,0.0,0.0,0.0,0.0
37267,Retortillo,municipio,0.0,0.0,0.0,0.0,0.0,0.0,0.0,0.0,0.0,0.0,0.0,0.0,0.0,0.0
37268,"Rinconada de la Sierra, La",municipio,0.0,0.0,0.0,0.0,0.0,0.0,0.0,0.0,0.0,0.0,0.0,0.0,0.0,0.0
37269,Robleda,municipio,0.0,0.0,0.0,0.0,0.0,0.0,0.0,0.0,0.0,0.0,0.0,0.0,0.0,0.0
37270,Robliza de Cojos,municipio,0.0,0.0,0.0,0.0,0.0,0.0,0.0,0.0,0.0,0.0,0.0,0.0,0.0,0.0
37271,Rollán,municipio,0.0,0.0,0.0,0.0,0.0,0.0,0.0,0.0,0.0,0.0,0.0,0.0,0.0,0.0
37272,Saelices el Chico,municipio,0.0,0.0,0.0,0.0,0.0,0.0,0.0,0.0,0.0,0.0,0.0,0.0,0.0,0.0
37273,"Sagrada, La",municipio,0.0,0.0,0.0,0.0,0.0,0.0,0.0,0.0,0.0,0.0,0.0,0.0,0.0,0.0
37274,Salamanca,municipio,4270.0,4168.0,4073.0,4004.0,3859.0,3791.0,3680.0,3660.0,3568.0,3515.0,3432.0,3070.0,3066.0,3076.0
37275,Saldeana,municipio,0.0,0.0,0.0,0.0,0.0,0.0,0.0,0.0,0.0,0.0,0.0,0.0,0.0,0.0
37276,Salmoral,municipio,0.0,0.0,0.0,0.0,0.0,0.0,0.0,0.0,0.0,0.0,0.0,0.0,0.0,0.0
37277,Salvatierra de Tormes,municipio,0.0,0.0,0.0,0.0,0.0,0.0,0.0,0.0,0.0,0.0,0.0,0.0,0.0,0.0
37278,San Cristóbal de la Cuesta,municipio,0.0,0.0,0.0,27.0,21.0,0.0,0.0,23.0,22.0,23.0,27.0,26.0,26.0,27.0
37279,Sancti-Spíritus,municipio,0.0,0.0,0.0,0.0,0.0,0.0,0.0,0.0,0.0,0.0,0.0,0.0,0.0,0.0
37280,Sanchón de la Ribera,municipio,0.0,0.0,0.0,0.0,0.0,0.0,0.0,0.0,0.0,0.0,0.0,0.0,0.0,0.0
37281,Sanchón de la Sagrada,municipio,0.0,0.0,0.0,0.0,0.0,0.0,0.0,0.0,0.0,0.0,0.0,0.0,0.0,0.0
37282,Sanchotello,municipio,0.0,0.0,0.0,0.0,0.0,0.0,0.0,0.0,0.0,0.0,0.0,0.0,0.0,0.0
37283,Sando,municipio,0.0,0.0,0.0,0.0,0.0,0.0,0.0,0.0,0.0,0.0,0.0,0.0,0.0,0.0
37284,San Esteban de la Sierra,municipio,0.0,0.0,0.0,0.0,0.0,0.0,0.0,0.0,0.0,0.0,0.0,0.0,0.0,0.0
37285,San Felices de los Gallegos,municipio,0.0,0.0,0.0,0.0,0.0,0.0,0.0,0.0,0.0,0.0,0.0,0.0,0.0,0.0
37286,San Martín del Castañar,municipio,0.0,0.0,0.0,0.0,0.0,0.0,0.0,0.0,0.0,0.0,0.0,0.0,0.0,0.0
37287,San Miguel de Valero,municipio,0.0,0.0,0.0,0.0,0.0,0.0,0.0,0.0,0.0,0.0,0.0,0.0,0.0,0.0
37288,San Morales,municipio,0.0,0.0,0.0,0.0,0.0,0.0,0.0,0.0,0.0,0.0,0.0,0.0,0.0,0.0
37289,San Muñoz,municipio,0.0,0.0,0.0,0.0,0.0,0.0,0.0,0.0,0.0,0.0,0.0,0.0,0.0,0.0
37290,San Pedro del Valle,municipio,0.0,0.0,0.0,0.0,0.0,0.0,0.0,0.0,0.0,0.0,0.0,0.0,0.0,0.0
37291,San Pedro de Rozados,municipio,0.0,0.0,0.0,0.0,0.0,0.0,0.0,0.0,0.0,0.0,0.0,0.0,0.0,0.0
37292,San Pelayo de Guareña,municipio,0.0,0.0,0.0,0.0,0.0,0.0,0.0,0.0,0.0,0.0,0.0,0.0,0.0,0.0
37293,Santa María de Sando,municipio,0.0,0.0,0.0,0.0,0.0,0.0,0.0,0.0,0.0,0.0,0.0,0.0,0.0,0.0
37294,Santa Marta de Tormes,municipio,370.0,375.0,379.0,380.0,359.0,360.0,348.0,351.0,335.0,329.0,326.0,310.0,314.0,320.0
37296,Santiago de la Puebla,municipio,0.0,0.0,0.0,0.0,0.0,0.0,0.0,0.0,0.0,0.0,0.0,0.0,0.0,0.0
37297,Santibáñez de Béjar,municipio,0.0,0.0,0.0,0.0,0.0,0.0,0.0,0.0,0.0,0.0,0.0,0.0,0.0,0.0
37298,Santibáñez de la Sierra,municipio,0.0,0.0,0.0,0.0,0.0,0.0,0.0,0.0,0.0,0.0,0.0,0.0,0.0,0.0
37299,Santiz,municipio,0.0,0.0,0.0,0.0,0.0,0.0,0.0,0.0,0.0,0.0,0.0,0.0,0.0,0.0
37300,"Santos, Los",municipio,0.0,0.0,0.0,0.0,0.0,0.0,0.0,0.0,0.0,0.0,0.0,0.0,0.0,0.0
37301,Sardón de los Frailes,municipio,0.0,0.0,0.0,0.0,0.0,0.0,0.0,0.0,0.0,0.0,0.0,0.0,0.0,0.0
37302,Saucelle,municipio,0.0,0.0,0.0,0.0,0.0,0.0,0.0,0.0,0.0,0.0,0.0,0.0,0.0,0.0
37303,"Sahugo, El",municipio,0.0,0.0,0.0,0.0,0.0,0.0,0.0,0.0,0.0,0.0,0.0,0.0,0.0,0.0
37304,Sepulcro-Hilario,municipio,0.0,0.0,0.0,0.0,0.0,0.0,0.0,0.0,0.0,0.0,0.0,0.0,0.0,0.0
37305,Sequeros,municipio,0.0,0.0,0.0,0.0,0.0,0.0,0.0,0.0,0.0,0.0,0.0,0.0,0.0,0.0
37306,Serradilla del Arroyo,municipio,0.0,0.0,0.0,0.0,0.0,0.0,0.0,0.0,0.0,0.0,0.0,0.0,0.0,0.0
37307,Serradilla del Llano,municipio,0.0,0.0,0.0,0.0,0.0,0.0,0.0,0.0,0.0,0.0,0.0,0.0,0.0,0.0
37309,"Sierpe, La",municipio,0.0,0.0,0.0,0.0,0.0,0.0,0.0,0.0,0.0,0.0,0.0,0.0,0.0,0.0
37310,Sieteiglesias de Tormes,municipio,0.0,0.0,0.0,0.0,0.0,0.0,0.0,0.0,0.0,0.0,0.0,0.0,0.0,0.0
37311,Sobradillo,municipio,0.0,0.0,0.0,0.0,0.0,0.0,0.0,0.0,0.0,0.0,0.0,0.0,0.0,0.0
37312,Sorihuela,municipio,0.0,0.0,0.0,0.0,0.0,0.0,0.0,0.0,0.0,0.0,0.0,0.0,0.0,0.0
37313,Sotoserrano,municipio,0.0,0.0,0.0,0.0,0.0,0.0,0.0,0.0,0.0,0.0,0.0,0.0,0.0,0.0
37314,Tabera de Abajo,municipio,0.0,0.0,0.0,0.0,0.0,0.0,0.0,0.0,0.0,0.0,0.0,0.0,0.0,0.0
37315,"Tala, La",municipio,0.0,0.0,0.0,0.0,0.0,0.0,0.0,0.0,0.0,0.0,0.0,0.0,0.0,0.0
37316,Tamames,municipio,0.0,0.0,0.0,0.0,0.0,0.0,0.0,0.0,0.0,0.0,0.0,0.0,0.0,0.0
37317,Tarazona de Guareña,municipio,0.0,0.0,0.0,0.0,0.0,0.0,0.0,0.0,0.0,0.0,0.0,0.0,0.0,0.0
37318,Tardáguila,municipio,0.0,0.0,0.0,0.0,0.0,0.0,0.0,0.0,0.0,0.0,0.0,0.0,0.0,0.0
37319,"Tejado, El",municipio,0.0,0.0,0.0,0.0,0.0,0.0,0.0,0.0,0.0,0.0,0.0,0.0,0.0,0.0
37320,Tejeda y Segoyuela,municipio,0.0,0.0,0.0,0.0,0.0,0.0,0.0,0.0,0.0,0.0,0.0,0.0,0.0,0.0
37321,Tenebrón,municipio,0.0,0.0,0.0,0.0,0.0,0.0,0.0,0.0,0.0,0.0,0.0,0.0,0.0,0.0
37322,Terradillos,municipio,60.0,59.0,61.0,59.0,54.0,56.0,52.0,53.0,57.0,55.0,61.0,59.0,56.0,52.0
37323,Topas,municipio,0.0,0.0,0.0,0.0,0.0,0.0,0.0,0.0,0.0,0.0,0.0,0.0,0.0,0.0
37324,Tordillos,municipio,0.0,0.0,0.0,0.0,0.0,0.0,0.0,0.0,0.0,0.0,0.0,0.0,0.0,0.0
37325,"Tornadizo, El",municipio,0.0,0.0,0.0,0.0,0.0,0.0,0.0,0.0,0.0,0.0,0.0,0.0,0.0,0.0
37327,Torresmenudas,municipio,0.0,0.0,0.0,0.0,0.0,0.0,0.0,0.0,0.0,0.0,0.0,0.0,0.0,0.0
37328,Trabanca,municipio,0.0,0.0,0.0,0.0,0.0,0.0,0.0,0.0,0.0,0.0,0.0,0.0,0.0,0.0
37329,Tremedal de Tormes,municipio,0.0,0.0,0.0,0.0,0.0,0.0,0.0,0.0,0.0,0.0,0.0,0.0,0.0,0.0
37330,Valdecarros,municipio,0.0,0.0,0.0,0.0,0.0,0.0,0.0,0.0,0.0,0.0,0.0,0.0,0.0,0.0
37331,Valdefuentes de Sangusín,municipio,0.0,0.0,0.0,0.0,0.0,0.0,0.0,0.0,0.0,0.0,0.0,0.0,0.0,0.0
37332,Valdehijaderos,municipio,0.0,0.0,0.0,0.0,0.0,0.0,0.0,0.0,0.0,0.0,0.0,0.0,0.0,0.0
37333,Valdelacasa,municipio,0.0,0.0,0.0,0.0,0.0,0.0,0.0,0.0,0.0,0.0,0.0,0.0,0.0,0.0
37334,Valdelageve,municipio,0.0,0.0,0.0,0.0,0.0,0.0,0.0,0.0,0.0,0.0,0.0,0.0,0.0,0.0
37335,Valdelosa,municipio,0.0,0.0,0.0,0.0,0.0,0.0,0.0,0.0,0.0,0.0,0.0,0.0,0.0,0.0
37336,Valdemierque,municipio,0.0,0.0,0.0,0.0,0.0,0.0,0.0,0.0,0.0,0.0,0.0,0.0,0.0,0.0
37337,Valderrodrigo,municipio,0.0,0.0,0.0,0.0,0.0,0.0,0.0,0.0,0.0,0.0,0.0,0.0,0.0,0.0
37338,Valdunciel,municipio,0.0,0.0,0.0,0.0,0.0,0.0,0.0,0.0,0.0,0.0,0.0,0.0,0.0,0.0
37339,Valero,municipio,0.0,0.0,0.0,0.0,0.0,0.0,0.0,0.0,0.0,0.0,0.0,0.0,0.0,0.0
37340,Valsalabroso,municipio,0.0,0.0,0.0,0.0,0.0,0.0,0.0,0.0,0.0,0.0,0.0,0.0,0.0,0.0
37341,Valverde de Valdelacasa,municipio,0.0,0.0,0.0,0.0,0.0,0.0,0.0,0.0,0.0,0.0,0.0,0.0,0.0,0.0
37342,Valverdón,municipio,0.0,0.0,0.0,0.0,0.0,0.0,0.0,0.0,0.0,0.0,0.0,0.0,0.0,0.0
37343,Vallejera de Riofrío,municipio,0.0,0.0,0.0,0.0,0.0,0.0,0.0,0.0,0.0,0.0,0.0,0.0,0.0,0.0
37344,Vecinos,municipio,0.0,0.0,0.0,0.0,0.0,0.0,0.0,0.0,0.0,0.0,0.0,0.0,0.0,0.0
37345,Vega de Tirados,municipio,0.0,0.0,0.0,0.0,0.0,0.0,0.0,0.0,0.0,0.0,0.0,0.0,0.0,0.0
37346,"Veguillas, Las",municipio,0.0,0.0,0.0,0.0,0.0,0.0,0.0,0.0,0.0,0.0,0.0,0.0,0.0,0.0
37347,"Vellés, La",municipio,0.0,0.0,0.0,0.0,0.0,0.0,0.0,0.0,0.0,0.0,0.0,0.0,0.0,0.0
37348,Ventosa del Río Almar,municipio,0.0,0.0,0.0,0.0,0.0,0.0,0.0,0.0,0.0,0.0,0.0,0.0,0.0,0.0
37349,"Vídola, La",municipio,0.0,0.0,0.0,0.0,0.0,0.0,0.0,0.0,0.0,0.0,0.0,0.0,0.0,0.0
37350,Vilvestre,municipio,0.0,0.0,0.0,0.0,0.0,0.0,0.0,0.0,0.0,0.0,0.0,0.0,0.0,0.0
37351,Villaflores,municipio,0.0,0.0,0.0,0.0,0.0,0.0,0.0,0.0,0.0,0.0,0.0,0.0,0.0,0.0
37352,Villagonzalo de Tormes,municipio,0.0,0.0,0.0,0.0,0.0,0.0,0.0,0.0,0.0,0.0,0.0,0.0,0.0,0.0
37353,Villalba de los Llanos,municipio,0.0,0.0,0.0,0.0,0.0,0.0,0.0,0.0,0.0,0.0,0.0,0.0,0.0,0.0
37354,Villamayor,municipio,179.0,184.0,181.0,181.0,180.0,190.0,191.0,180.0,183.0,184.0,179.0,164.0,168.0,160.0
37355,Villanueva del Conde,municipio,0.0,0.0,0.0,0.0,0.0,0.0,0.0,0.0,0.0,0.0,0.0,0.0,0.0,0.0
37356,Villar de Argañán,municipio,0.0,0.0,0.0,0.0,0.0,0.0,0.0,0.0,0.0,0.0,0.0,0.0,0.0,0.0
37357,Villar de Ciervo,municipio,0.0,0.0,0.0,0.0,0.0,0.0,0.0,0.0,0.0,0.0,0.0,0.0,0.0,0.0
37358,Villar de Gallimazo,municipio,0.0,0.0,0.0,0.0,0.0,0.0,0.0,0.0,0.0,0.0,0.0,0.0,0.0,0.0
37359,Villar de la Yegua,municipio,0.0,0.0,0.0,0.0,0.0,0.0,0.0,0.0,0.0,0.0,0.0,0.0,0.0,0.0
37360,Villar de Peralonso,municipio,0.0,0.0,0.0,0.0,0.0,0.0,0.0,0.0,0.0,0.0,0.0,0.0,0.0,0.0
37361,Villar de Samaniego,municipio,0.0,0.0,0.0,0.0,0.0,0.0,0.0,0.0,0.0,0.0,0.0,0.0,0.0,0.0
37362,Villares de la Reina,municipio,436.0,441.0,445.0,436.0,428.0,436.0,437.0,422.0,414.0,407.0,410.0,397.0,402.0,398.0
37363,Villares de Yeltes,municipio,0.0,0.0,0.0,0.0,0.0,0.0,0.0,0.0,0.0,0.0,0.0,0.0,0.0,0.0
37364,Villarino de los Aires,municipio,0.0,0.0,0.0,0.0,0.0,0.0,0.0,0.0,0.0,0.0,0.0,0.0,0.0,0.0
37365,Villarmayor,municipio,0.0,0.0,0.0,0.0,0.0,0.0,0.0,0.0,0.0,0.0,0.0,0.0,0.0,0.0
37366,Villarmuerto,municipio,0.0,0.0,0.0,0.0,0.0,0.0,0.0,0.0,0.0,0.0,0.0,0.0,0.0,0.0
37367,Villasbuenas,municipio,0.0,0.0,0.0,0.0,0.0,0.0,0.0,0.0,0.0,0.0,0.0,0.0,0.0,0.0
37368,Villasdardo,municipio,0.0,0.0,0.0,0.0,0.0,0.0,0.0,0.0,0.0,0.0,0.0,0.0,0.0,0.0
37369,Villaseco de los Gamitos,municipio,0.0,0.0,0.0,0.0,0.0,0.0,0.0,0.0,0.0,0.0,0.0,0.0,0.0,0.0
37370,Villaseco de los Reyes,municipio,0.0,0.0,0.0,0.0,0.0,0.0,0.0,0.0,0.0,0.0,0.0,0.0,0.0,0.0
37371,Villasrubias,municipio,0.0,0.0,0.0,0.0,0.0,0.0,0.0,0.0,0.0,0.0,0.0,0.0,0.0,0.0
37372,Villaverde de Guareña,municipio,0.0,0.0,0.0,0.0,0.0,0.0,0.0,0.0,0.0,0.0,0.0,0.0,0.0,0.0
37373,Villavieja de Yeltes,municipio,0.0,0.0,0.0,0.0,0.0,0.0,0.0,0.0,0.0,0.0,0.0,0.0,0.0,0.0
37374,Villoria,municipio,35.0,33.0,29.0,29.0,31.0,28.0,28.0,33.0,33.0,35.0,33.0,32.0,32.0,32.0
37375,Villoruela,municipio,0.0,0.0,0.0,0.0,0.0,0.0,0.0,0.0,0.0,0.0,0.0,0.0,0.0,0.0
37376,Vitigudino,municipio,134.0,132.0,125.0,117.0,114.0,111.0,108.0,100.0,104.0,99.0,97.0,87.0,92.0,90.0
37377,Yecla de Yeltes,municipio,0.0,0.0,0.0,0.0,0.0,0.0,0.0,0.0,0.0,0.0,0.0,0.0,0.0,0.0
37378,Zamarra,municipio,0.0,0.0,0.0,0.0,0.0,0.0,0.0,0.0,0.0,0.0,0.0,0.0,0.0,0.0
37379,Zamayón,municipio,0.0,0.0,0.0,0.0,0.0,0.0,0.0,0.0,0.0,0.0,0.0,0.0,0.0,0.0
37380,Zarapicos,municipio,0.0,0.0,0.0,0.0,0.0,0.0,0.0,0.0,0.0,0.0,0.0,0.0,0.0,0.0
37381,"Zarza de Pumareda, La",municipio,0.0,0.0,0.0,0.0,0.0,0.0,0.0,0.0,0.0,0.0,0.0,0.0,0.0,0.0
37382,Zorita de la Frontera,municipio,0.0,0.0,0.0,0.0,0.0,0.0,0.0,0.0,0.0,0.0,0.0,0.0,0.0,0.0
37,Salamanca,provincia,9918.0,9809.0,9661.0,9495.0,9222.0,9148.0,8972.0,8851.0,8694.0,8488.0,8390.0,7766.0,7683.0,7650.0
38001,Adeje,municipio,1915.0,1878.0,1867.0,1989.0,1989.0,2053.0,2236.0,2233.0,2224.0,2033.0,2090.0,1843.0,1857.0,1887.0
38002,Agulo,municipio,33.0,37.0,26.0,29.0,24.0,26.0,27.0,24.0,23.0,24.0,24.0,22.0,24.0,26.0
38003,Alajeró,municipio,41.0,42.0,42.0,40.0,41.0,44.0,45.0,44.0,47.0,44.0,38.0,43.0,39.0,43.0
38004,Arafo,municipio,145.0,138.0,141.0,146.0,149.0,149.0,151.0,146.0,146.0,149.0,151.0,144.0,143.0,148.0
38005,Arico,municipio,143.0,142.0,137.0,147.0,151.0,164.0,172.0,172.0,174.0,176.0,183.0,191.0,193.0,180.0
38006,Arona,municipio,2956.0,2891.0,2877.0,2979.0,3009.0,3172.0,3252.0,3329.0,3181.0,2974.0,3027.0,2629.0,2599.0,2598.0
38007,Barlovento,municipio,46.0,47.0,40.0,39.0,35.0,34.0,34.0,37.0,37.0,38.0,38.0,35.0,40.0,38.0
38008,Breña Alta,municipio,172.0,178.0,176.0,169.0,171.0,168.0,172.0,174.0,173.0,173.0,175.0,176.0,180.0,190.0
38009,Breña Baja,municipio,150.0,135.0,133.0,124.0,122.0,135.0,136.0,141.0,137.0,137.0,137.0,127.0,124.0,124.0
38010,Buenavista del Norte,municipio,111.0,110.0,109.0,106.0,108.0,109.0,112.0,117.0,122.0,120.0,118.0,108.0,105.0,103.0
38011,Candelaria,municipio,666.0,653.0,616.0,646.0,626.0,649.0,657.0,654.0,661.0,618.0,589.0,541.0,517.0,529.0
38012,Fasnia,municipio,42.0,39.0,36.0,38.0,48.0,43.0,41.0,45.0,45.0,51.0,46.0,45.0,44.0,51.0
38013,Frontera,municipio,137.0,128.0,113.0,97.0,100.0,105.0,115.0,111.0,123.0,116.0,122.0,120.0,125.0,121.0
38014,Fuencaliente de la Palma,municipio,49.0,47.0,37.0,37.0,36.0,43.0,43.0,42.0,36.0,32.0,26.0,29.0,31.0,32.0
38015,Garachico,municipio,113.0,111.0,109.0,102.0,102.0,109.0,117.0,109.0,113.0,113.0,115.0,112.0,105.0,103.0
38016,Garafía,municipio,33.0,30.0,29.0,29.0,34.0,33.0,35.0,35.0,39.0,35.0,35.0,24.0,22.0,21.0
38017,Granadilla de Abona,municipio,1161.0,1159.0,1156.0,1128.0,1169.0,1245.0,1302.0,1333.0,1329.0,1284.0,1309.0,1209.0,1188.0,1234.0
38018,"Guancha, La",municipio,122.0,112.0,125.0,122.0,122.0,113.0,109.0,113.0,118.0,116.0,121.0,108.0,109.0,107.0
38019,Guía de Isora,municipio,520.0,515.0,501.0,494.0,500.0,520.0,518.0,526.0,528.0,515.0,522.0,501.0,490.0,495.0
38020,Güímar,municipio,431.0,417.0,425.0,426.0,416.0,435.0,426.0,441.0,446.0,431.0,417.0,411.0,407.0,413.0
38021,Hermigua,municipio,46.0,46.0,40.0,43.0,44.0,46.0,41.0,45.0,45.0,47.0,48.0,42.0,45.0,43.0
38022,Icod de los Vinos,municipio,630.0,615.0,589.0,590.0,585.0,565.0,574.0,594.0,586.0,576.0,588.0,540.0,545.0,545.0
38023,San Cristóbal de La Laguna,municipio,4006.0,3866.0,3772.0,3707.0,3637.0,3692.0,3735.0,3771.0,3700.0,3576.0,3532.0,3209.0,3178.0,3169.0
38024,"Llanos de Aridane, Los",municipio,645.0,641.0,609.0,620.0,616.0,618.0,619.0,645.0,620.0,592.0,603.0,554.0,557.0,557.0
38025,"Matanza de Acentejo, La",municipio,199.0,197.0,207.0,207.0,197.0,203.0,207.0,205.0,201.0,204.0,198.0,190.0,190.0,191.0
38026,"Orotava, La",municipio,944.0,932.0,941.0,954.0,928.0,929.0,928.0,948.0,899.0,879.0,879.0,826.0,826.0,799.0
38027,"Paso, El",municipio,200.0,189.0,176.0,169.0,169.0,179.0,185.0,188.0,189.0,185.0,186.0,179.0,176.0,175.0
38028,Puerto de la Cruz,municipio,1152.0,1118.0,1099.0,1094.0,1086.0,1064.0,1088.0,1096.0,1069.0,980.0,1006.0,855.0,863.0,859.0
38029,Puntagorda,municipio,37.0,36.0,34.0,32.0,34.0,38.0,34.0,37.0,43.0,35.0,34.0,36.0,41.0,38.0
38030,Puntallana,municipio,57.0,56.0,57.0,55.0,52.0,48.0,46.0,49.0,47.0,50.0,49.0,54.0,58.0,57.0
38031,"Realejos, Los",municipio,912.0,887.0,866.0,888.0,892.0,895.0,877.0,910.0,876.0,846.0,852.0,778.0,772.0,758.0
38032,"Rosario, El",municipio,523.0,507.0,505.0,498.0,478.0,482.0,503.0,526.0,519.0,479.0,471.0,437.0,432.0,436.0
38033,San Andrés y Sauces,municipio,106.0,98.0,96.0,90.0,92.0,96.0,99.0,95.0,82.0,84.0,90.0,83.0,77.0,81.0
38034,San Juan de la Rambla,municipio,87.0,99.0,98.0,104.0,103.0,93.0,91.0,95.0,96.0,95.0,91.0,77.0,74.0,70.0
38035,San Miguel de Abona,municipio,640.0,631.0,632.0,648.0,693.0,744.0,806.0,827.0,848.0,814.0,847.0,714.0,711.0,747.0
38036,San Sebastián de la Gomera,municipio,283.0,274.0,265.0,268.0,258.0,264.0,256.0,268.0,270.0,267.0,260.0,251.0,246.0,239.0
38037,Santa Cruz de la Palma,municipio,404.0,388.0,385.0,366.0,361.0,366.0,380.0,384.0,384.0,364.0,355.0,320.0,323.0,314.0
38038,Santa Cruz de Tenerife,municipio,5743.0,5585.0,5350.0,5301.0,5216.0,5242.0,5231.0,5325.0,5096.0,4910.0,4897.0,4303.0,4280.0,4304.0
38039,Santa Úrsula,municipio,467.0,478.0,482.0,479.0,450.0,457.0,445.0,456.0,472.0,470.0,468.0,407.0,409.0,389.0
38040,Santiago del Teide,municipio,366.0,335.0,336.0,328.0,338.0,362.0,361.0,377.0,362.0,346.0,341.0,310.0,324.0,337.0
38041,"Sauzal, El",municipio,214.0,206.0,205.0,201.0,199.0,201.0,201.0,203.0,196.0,182.0,177.0,186.0,183.0,185.0
38042,"Silos, Los",municipio,87.0,88.0,75.0,78.0,87.0,83.0,92.0,96.0,89.0,87.0,87.0,82.0,70.0,70.0
38043,Tacoronte,municipio,610.0,586.0,574.0,575.0,545.0,555.0,572.0,559.0,553.0,543.0,536.0,518.0,510.0,501.0
38044,"Tanque, El",municipio,62.0,57.0,59.0,66.0,61.0,62.0,60.0,63.0,62.0,58.0,58.0,46.0,52.0,51.0
38045,Tazacorte,municipio,92.0,89.0,70.0,74.0,77.0,77.0,77.0,85.0,86.0,89.0,91.0,78.0,79.0,83.0
38046,Tegueste,municipio,269.0,264.0,263.0,250.0,238.0,252.0,253.0,252.0,243.0,228.0,225.0,221.0,199.0,199.0
38047,Tijarafe,municipio,62.0,60.0,58.0,51.0,52.0,47.0,49.0,50.0,57.0,56.0,52.0,56.0,58.0,63.0
38048,Valverde,municipio,143.0,128.0,128.0,125.0,127.0,127.0,128.0,126.0,119.0,114.0,121.0,121.0,122.0,125.0
38049,Valle Gran Rey,municipio,187.0,188.0,176.0,178.0,191.0,195.0,201.0,216.0,215.0,204.0,203.0,200.0,204.0,207.0
38050,Vallehermoso,municipio,73.0,72.0,73.0,66.0,63.0,65.0,66.0,65.0,63.0,57.0,58.0,51.0,49.0,50.0
38051,"Victoria de Acentejo, La",municipio,199.0,202.0,205.0,219.0,215.0,219.0,223.0,221.0,216.0,204.0,211.0,196.0,194.0,207.0
38052,Vilaflor de Chasna,municipio,65.0,60.0,64.0,68.0,70.0,72.0,70.0,77.0,67.0,64.0,63.0,57.0,64.0,66.0
38053,Villa de Mazo,municipio,118.0,112.0,108.0,101.0,90.0,92.0,90.0,94.0,94.0,87.0,94.0,97.0,100.0,97.0
38901,"Pinar de El Hierro, El",municipio,15.0,18.0,25.0,28.0,33.0,36.0,39.0,38.0,41.0,36.0,42.0,36.0,44.0,44.0
38,Santa Cruz de Tenerife,provincia,28629.0,27917.0,27317.0,27408.0,27229.0,27815.0,28327.0,28812.0,28207.0,26987.0,27096.0,24528.0,24397.0,24499.0
39001,Alfoz de Lloredo,municipio,69.0,71.0,70.0,70.0,60.0,66.0,65.0,76.0,74.0,76.0,76.0,67.0,68.0,64.0
39002,Ampuero,municipio,127.0,119.0,122.0,114.0,114.0,123.0,117.0,106.0,105.0,100.0,98.0,98.0,95.0,91.0
39003,Anievas,municipio,0.0,0.0,0.0,0.0,0.0,0.0,0.0,0.0,0.0,0.0,0.0,0.0,0.0,0.0
39004,Arenas de Iguña,municipio,43.0,48.0,46.0,43.0,39.0,41.0,45.0,40.0,38.0,38.0,37.0,37.0,37.0,35.0
39005,Argoños,municipio,59.0,63.0,55.0,53.0,53.0,60.0,58.0,54.0,42.0,46.0,46.0,46.0,50.0,57.0
39006,Arnuero,municipio,91.0,100.0,97.0,98.0,99.0,99.0,100.0,98.0,100.0,100.0,98.0,105.0,103.0,106.0
39007,Arredondo,municipio,0.0,0.0,0.0,0.0,0.0,0.0,0.0,0.0,0.0,0.0,0.0,0.0,0.0,0.0
39008,"Astillero, El",municipio,390.0,383.0,390.0,401.0,410.0,409.0,387.0,376.0,388.0,380.0,378.0,360.0,354.0,343.0
39009,Bárcena de Cicero,municipio,130.0,121.0,117.0,110.0,112.0,116.0,113.0,117.0,113.0,111.0,117.0,122.0,126.0,129.0
39010,Bárcena de Pie de Concha,municipio,0.0,0.0,0.0,0.0,0.0,0.0,0.0,0.0,0.0,0.0,0.0,0.0,0.0,0.0
39011,Bareyo,municipio,73.0,68.0,68.0,71.0,69.0,73.0,70.0,73.0,78.0,77.0,75.0,69.0,69.0,73.0
39012,Cabezón de la Sal,municipio,250.0,240.0,242.0,240.0,232.0,223.0,223.0,209.0,210.0,211.0,209.0,205.0,202.0,193.0
39013,Cabezón de Liébana,municipio,0.0,0.0,0.0,0.0,0.0,0.0,0.0,0.0,0.0,0.0,0.0,0.0,0.0,0.0
39014,Cabuérniga,municipio,28.0,31.0,29.0,27.0,0.0,30.0,28.0,0.0,0.0,0.0,0.0,0.0,0.0,0.0
39015,Camaleño,municipio,40.0,37.0,0.0,41.0,42.0,0.0,0.0,0.0,0.0,0.0,0.0,0.0,0.0,0.0
39016,Camargo,municipio,881.0,867.0,875.0,880.0,857.0,847.0,837.0,825.0,815.0,811.0,817.0,790.0,779.0,773.0
39017,Campoo de Yuso,municipio,0.0,0.0,0.0,0.0,0.0,0.0,0.0,0.0,0.0,0.0,0.0,0.0,0.0,0.0
39018,Cartes,municipio,165.0,160.0,164.0,155.0,170.0,165.0,159.0,154.0,153.0,148.0,142.0,136.0,134.0,124.0
39019,Castañeda,municipio,48.0,46.0,54.0,55.0,53.0,59.0,59.0,62.0,60.0,55.0,50.0,58.0,52.0,53.0
39020,Castro-Urdiales,municipio,915.0,929.0,911.0,897.0,866.0,864.0,866.0,860.0,865.0,855.0,841.0,806.0,786.0,781.0
39021,Cieza,municipio,0.0,0.0,0.0,0.0,0.0,0.0,0.0,0.0,0.0,0.0,0.0,0.0,0.0,0.0
39022,Cillorigo de Liébana,municipio,54.0,51.0,49.0,47.0,51.0,54.0,54.0,49.0,50.0,48.0,49.0,49.0,49.0,51.0
39023,Colindres,municipio,203.0,194.0,186.0,192.0,187.0,192.0,188.0,192.0,180.0,171.0,182.0,187.0,191.0,183.0
39024,Comillas,municipio,104.0,104.0,104.0,98.0,94.0,94.0,91.0,93.0,87.0,89.0,88.0,90.0,87.0,95.0
39025,"Corrales de Buelna, Los",municipio,287.0,290.0,285.0,293.0,281.0,280.0,266.0,259.0,251.0,243.0,240.0,221.0,210.0,212.0
39026,Corvera de Toranzo,municipio,75.0,75.0,77.0,77.0,75.0,79.0,71.0,71.0,76.0,72.0,72.0,71.0,73.0,76.0
39027,Campoo de Enmedio,municipio,102.0,99.0,105.0,103.0,103.0,99.0,96.0,90.0,84.0,88.0,89.0,78.0,74.0,79.0
39028,Entrambasaguas,municipio,122.0,117.0,126.0,135.0,126.0,132.0,139.0,135.0,125.0,123.0,131.0,128.0,132.0,134.0
39029,Escalante,municipio,0.0,0.0,0.0,0.0,0.0,0.0,0.0,0.0,0.0,0.0,0.0,0.0,0.0,0.0
39030,Guriezo,municipio,69.0,68.0,62.0,64.0,64.0,69.0,67.0,63.0,64.0,62.0,58.0,53.0,50.0,50.0
39031,Hazas de Cesto,municipio,65.0,65.0,59.0,64.0,56.0,61.0,58.0,56.0,51.0,51.0,49.0,48.0,52.0,50.0
39032,Hermandad de Campoo de Suso,municipio,41.0,41.0,41.0,41.0,41.0,45.0,39.0,40.0,43.0,42.0,41.0,45.0,46.0,46.0
39033,Herrerías,municipio,0.0,0.0,0.0,0.0,0.0,0.0,0.0,0.0,0.0,0.0,0.0,0.0,0.0,0.0
39034,Lamasón,municipio,0.0,0.0,0.0,0.0,0.0,0.0,0.0,0.0,0.0,0.0,0.0,0.0,0.0,0.0
39035,Laredo,municipio,442.0,424.0,405.0,395.0,387.0,374.0,355.0,332.0,337.0,319.0,331.0,305.0,301.0,287.0
39036,Liendo,municipio,39.0,38.0,35.0,35.0,31.0,33.0,26.0,24.0,25.0,27.0,29.0,25.0,0.0,0.0
39037,Liérganes,municipio,81.0,81.0,79.0,81.0,71.0,71.0,75.0,71.0,67.0,69.0,70.0,69.0,61.0,58.0
39038,Limpias,municipio,54.0,57.0,53.0,56.0,53.0,52.0,51.0,48.0,38.0,43.0,42.0,39.0,42.0,39.0
39039,Luena,municipio,0.0,0.0,0.0,0.0,0.0,0.0,0.0,0.0,0.0,0.0,0.0,0.0,0.0,0.0
39040,Marina de Cudeyo,municipio,160.0,160.0,156.0,146.0,151.0,137.0,130.0,121.0,123.0,130.0,127.0,113.0,112.0,111.0
39041,Mazcuerras,municipio,44.0,36.0,39.0,40.0,41.0,40.0,41.0,39.0,39.0,42.0,42.0,43.0,42.0,41.0
39042,Medio Cudeyo,municipio,282.0,291.0,284.0,278.0,259.0,258.0,244.0,238.0,234.0,220.0,209.0,194.0,183.0,179.0
39043,Meruelo,municipio,67.0,70.0,66.0,70.0,67.0,78.0,77.0,78.0,73.0,72.0,79.0,78.0,83.0,86.0
39044,Miengo,municipio,118.0,115.0,109.0,109.0,124.0,122.0,117.0,116.0,122.0,121.0,120.0,109.0,113.0,106.0
39045,Miera,municipio,0.0,0.0,0.0,0.0,0.0,0.0,0.0,0.0,0.0,0.0,0.0,0.0,0.0,0.0
39046,Molledo,municipio,40.0,38.0,37.0,40.0,41.0,37.0,35.0,34.0,38.0,36.0,36.0,33.0,35.0,36.0
39047,Noja,municipio,147.0,136.0,137.0,140.0,135.0,142.0,140.0,139.0,138.0,135.0,138.0,139.0,132.0,125.0
39048,Penagos,municipio,37.0,39.0,36.0,36.0,40.0,39.0,45.0,46.0,44.0,45.0,46.0,47.0,49.0,51.0
39049,Peñarrubia,municipio,0.0,0.0,0.0,0.0,0.0,0.0,0.0,0.0,0.0,0.0,0.0,0.0,0.0,0.0
39050,Pesaguero,municipio,0.0,0.0,0.0,0.0,0.0,0.0,0.0,0.0,0.0,0.0,0.0,0.0,0.0,0.0
39051,Pesquera,municipio,0.0,0.0,0.0,0.0,0.0,0.0,0.0,0.0,0.0,0.0,0.0,0.0,0.0,0.0
39052,Piélagos,municipio,511.0,525.0,544.0,561.0,570.0,586.0,574.0,571.0,573.0,575.0,580.0,552.0,560.0,549.0
39053,Polaciones,municipio,0.0,0.0,0.0,0.0,0.0,0.0,0.0,0.0,0.0,0.0,0.0,0.0,0.0,0.0
39054,Polanco,municipio,107.0,110.0,107.0,114.0,108.0,108.0,110.0,106.0,108.0,107.0,105.0,107.0,106.0,111.0
39055,Potes,municipio,99.0,93.0,102.0,102.0,107.0,98.0,110.0,104.0,99.0,99.0,101.0,101.0,92.0,96.0
39056,Puente Viesgo,municipio,61.0,55.0,53.0,46.0,52.0,59.0,63.0,64.0,65.0,68.0,67.0,60.0,68.0,68.0
39057,Ramales de la Victoria,municipio,123.0,121.0,117.0,118.0,114.0,118.0,124.0,117.0,116.0,114.0,115.0,116.0,104.0,107.0
39058,Rasines,municipio,22.0,20.0,20.0,0.0,0.0,0.0,0.0,0.0,0.0,0.0,0.0,0.0,0.0,0.0
39059,Reinosa,municipio,302.0,298.0,287.0,281.0,269.0,266.0,267.0,260.0,259.0,242.0,238.0,212.0,202.0,193.0
39060,Reocín,municipio,220.0,226.0,219.0,208.0,199.0,205.0,210.0,213.0,206.0,194.0,205.0,183.0,180.0,182.0
39061,Ribamontán al Mar,municipio,159.0,153.0,146.0,145.0,144.0,144.0,147.0,146.0,149.0,150.0,150.0,145.0,151.0,150.0
39062,Ribamontán al Monte,municipio,75.0,69.0,69.0,68.0,71.0,68.0,64.0,69.0,76.0,75.0,79.0,78.0,75.0,72.0
39063,Rionansa,municipio,31.0,31.0,32.0,32.0,30.0,27.0,29.0,26.0,27.0,25.0,24.0,21.0,19.0,21.0
39064,Riotuerto,municipio,44.0,45.0,46.0,45.0,44.0,44.0,42.0,41.0,37.0,38.0,43.0,38.0,37.0,39.0
39065,"Rozas de Valdearroyo, Las",municipio,0.0,0.0,0.0,0.0,0.0,0.0,0.0,0.0,0.0,0.0,0.0,0.0,0.0,0.0
39066,Ruente,municipio,28.0,28.0,29.0,28.0,27.0,26.0,27.0,25.0,27.0,24.0,26.0,26.0,25.0,28.0
39067,Ruesga,municipio,20.0,0.0,0.0,0.0,0.0,0.0,0.0,0.0,0.0,0.0,0.0,0.0,0.0,0.0
39068,Ruiloba,municipio,0.0,0.0,0.0,0.0,0.0,0.0,0.0,0.0,0.0,0.0,0.0,0.0,0.0,0.0
39069,San Felices de Buelna,municipio,38.0,37.0,40.0,41.0,38.0,38.0,36.0,36.0,41.0,37.0,33.0,34.0,31.0,32.0
39070,San Miguel de Aguayo,municipio,0.0,0.0,0.0,0.0,0.0,0.0,0.0,0.0,0.0,0.0,0.0,0.0,0.0,0.0
39071,San Pedro del Romeral,municipio,0.0,0.0,0.0,0.0,0.0,0.0,0.0,0.0,0.0,0.0,0.0,0.0,0.0,0.0
39072,San Roque de Riomiera,municipio,0.0,0.0,0.0,0.0,0.0,0.0,0.0,0.0,0.0,0.0,0.0,0.0,0.0,0.0
39073,Santa Cruz de Bezana,municipio,339.0,335.0,336.0,340.0,347.0,358.0,367.0,372.0,363.0,347.0,338.0,331.0,328.0,314.0
39074,Santa María de Cayón,municipio,196.0,193.0,197.0,196.0,193.0,192.0,187.0,190.0,187.0,191.0,190.0,176.0,174.0,183.0
39075,Santander,municipio,4158.0,4056.0,3907.0,3834.0,3810.0,3757.0,3716.0,3670.0,3610.0,3608.0,3607.0,3354.0,3342.0,3350.0
39076,Santillana del Mar,municipio,151.0,155.0,161.0,165.0,166.0,172.0,170.0,157.0,155.0,151.0,152.0,168.0,166.0,159.0
39077,Santiurde de Reinosa,municipio,0.0,0.0,0.0,0.0,0.0,0.0,0.0,0.0,0.0,0.0,0.0,0.0,0.0,0.0
39078,Santiurde de Toranzo,municipio,19.0,18.0,18.0,21.0,25.0,25.0,27.0,26.0,24.0,26.0,29.0,35.0,36.0,34.0
39079,Santoña,municipio,312.0,313.0,316.0,319.0,301.0,302.0,295.0,283.0,263.0,269.0,260.0,240.0,238.0,228.0
39080,San Vicente de la Barquera,municipio,201.0,181.0,170.0,166.0,176.0,174.0,169.0,163.0,155.0,153.0,152.0,144.0,143.0,143.0
39081,Saro,municipio,0.0,0.0,0.0,0.0,0.0,0.0,0.0,0.0,0.0,0.0,0.0,0.0,0.0,0.0
39082,Selaya,municipio,75.0,69.0,63.0,66.0,64.0,61.0,59.0,60.0,60.0,55.0,57.0,57.0,56.0,51.0
39083,Soba,municipio,20.0,24.0,28.0,28.0,30.0,34.0,31.0,28.0,32.0,31.0,30.0,28.0,31.0,29.0
39084,Solórzano,municipio,21.0,19.0,20.0,20.0,24.0,24.0,24.0,22.0,25.0,25.0,23.0,29.0,32.0,31.0
39085,Suances,municipio,285.0,260.0,254.0,257.0,254.0,261.0,274.0,271.0,286.0,288.0,296.0,273.0,265.0,262.0
39086,"Tojos, Los",municipio,0.0,0.0,0.0,0.0,0.0,0.0,0.0,0.0,0.0,0.0,0.0,0.0,0.0,0.0
39087,Torrelavega,municipio,1413.0,1363.0,1339.0,1300.0,1286.0,1259.0,1227.0,1208.0,1160.0,1124.0,1125.0,1078.0,1037.0,1026.0
39088,Tresviso,municipio,0.0,0.0,0.0,0.0,0.0,0.0,0.0,0.0,0.0,0.0,0.0,0.0,0.0,0.0
39089,Tudanca,municipio,0.0,0.0,0.0,0.0,0.0,0.0,0.0,0.0,0.0,0.0,0.0,0.0,0.0,0.0
39090,Udías,municipio,0.0,0.0,0.0,0.0,0.0,0.0,0.0,0.0,0.0,0.0,0.0,0.0,0.0,0.0
39091,Valdáliga,municipio,59.0,59.0,64.0,59.0,63.0,59.0,63.0,63.0,59.0,61.0,63.0,62.0,65.0,67.0
39092,Valdeolea,municipio,25.0,26.0,28.0,28.0,25.0,0.0,0.0,0.0,0.0,0.0,0.0,0.0,0.0,0.0
39093,Valdeprado del Río,municipio,0.0,0.0,0.0,0.0,0.0,0.0,0.0,0.0,0.0,0.0,0.0,0.0,0.0,0.0
39094,Valderredible,municipio,23.0,27.0,26.0,24.0,25.0,24.0,0.0,0.0,0.0,0.0,0.0,0.0,0.0,0.0
39095,Val de San Vicente,municipio,130.0,139.0,134.0,133.0,142.0,145.0,148.0,152.0,140.0,138.0,137.0,130.0,122.0,126.0
39096,Vega de Liébana,municipio,0.0,0.0,0.0,0.0,0.0,0.0,0.0,0.0,0.0,0.0,0.0,0.0,0.0,0.0
39097,Vega de Pas,municipio,0.0,0.0,0.0,0.0,0.0,0.0,0.0,0.0,0.0,0.0,0.0,0.0,0.0,0.0
39098,Villacarriedo,municipio,43.0,45.0,43.0,49.0,44.0,46.0,46.0,47.0,45.0,43.0,48.0,45.0,46.0,45.0
39099,Villaescusa,municipio,86.0,79.0,79.0,75.0,78.0,78.0,80.0,73.0,66.0,67.0,65.0,70.0,71.0,74.0
39100,Villafufre,municipio,20.0,17.0,19.0,18.0,15.0,18.0,17.0,18.0,20.0,0.0,21.0,20.0,0.0,21.0
39101,Valle de Villaverde,municipio,0.0,0.0,0.0,0.0,0.0,0.0,0.0,0.0,0.0,0.0,0.0,0.0,0.0,0.0
39102,Voto,municipio,57.0,62.0,61.0,63.0,64.0,67.0,67.0,60.0,65.0,65.0,67.0,64.0,65.0,67.0
39,Cantabria,provincia,15762.0,15493.0,15228.0,15112.0,14956.0,14945.0,14751.0,14501.0,14311.0,14155.0,14173.0,13502.0,13338.0,13248.0
40001,Abades,municipio,0.0,0.0,0.0,0.0,0.0,0.0,0.0,0.0,0.0,0.0,0.0,0.0,0.0,0.0
40002,Adrada de Pirón,municipio,0.0,0.0,0.0,0.0,0.0,0.0,0.0,0.0,0.0,0.0,0.0,0.0,0.0,0.0
40003,Adrados,municipio,0.0,0.0,0.0,0.0,0.0,0.0,0.0,0.0,0.0,0.0,0.0,0.0,0.0,0.0
40004,Aguilafuente,municipio,0.0,0.0,0.0,0.0,0.0,0.0,0.0,0.0,0.0,0.0,0.0,0.0,0.0,0.0
40005,Alconada de Maderuelo,municipio,0.0,0.0,0.0,0.0,0.0,0.0,0.0,0.0,0.0,0.0,0.0,0.0,0.0,0.0
40006,Aldealcorvo,municipio,0.0,0.0,0.0,0.0,0.0,0.0,0.0,0.0,0.0,0.0,0.0,0.0,0.0,0.0
40007,Aldealengua de Pedraza,municipio,0.0,0.0,0.0,0.0,0.0,0.0,0.0,0.0,0.0,0.0,0.0,0.0,0.0,0.0
40008,Aldealengua de Santa María,municipio,0.0,0.0,0.0,0.0,0.0,0.0,0.0,0.0,0.0,0.0,0.0,0.0,0.0,0.0
40009,Aldeanueva de la Serrezuela,municipio,0.0,0.0,0.0,0.0,0.0,0.0,0.0,0.0,0.0,0.0,0.0,0.0,0.0,0.0
40010,Aldeanueva del Codonal,municipio,0.0,0.0,0.0,0.0,0.0,0.0,0.0,0.0,0.0,0.0,0.0,0.0,0.0,0.0
40012,Aldea Real,municipio,0.0,0.0,0.0,0.0,0.0,0.0,0.0,0.0,0.0,0.0,0.0,0.0,0.0,0.0
40013,Aldeasoña,municipio,0.0,0.0,0.0,0.0,0.0,0.0,0.0,0.0,0.0,0.0,0.0,0.0,0.0,0.0
40014,Aldehorno,municipio,0.0,0.0,0.0,0.0,0.0,0.0,0.0,0.0,0.0,0.0,0.0,0.0,0.0,0.0
40015,Aldehuela del Codonal,municipio,0.0,0.0,0.0,0.0,0.0,0.0,0.0,0.0,0.0,0.0,0.0,0.0,0.0,0.0
40016,Aldeonte,municipio,0.0,0.0,0.0,0.0,0.0,0.0,0.0,0.0,0.0,0.0,0.0,0.0,0.0,0.0
40017,Anaya,municipio,0.0,0.0,0.0,0.0,0.0,0.0,0.0,0.0,0.0,0.0,0.0,0.0,0.0,0.0
40018,Añe,municipio,0.0,0.0,0.0,0.0,0.0,0.0,0.0,0.0,0.0,0.0,0.0,0.0,0.0,0.0
40019,Arahuetes,municipio,0.0,0.0,0.0,0.0,0.0,0.0,0.0,0.0,0.0,0.0,0.0,0.0,0.0,0.0
40020,Arcones,municipio,0.0,0.0,0.0,0.0,0.0,0.0,0.0,0.0,0.0,0.0,0.0,0.0,0.0,0.0
40021,Arevalillo de Cega,municipio,0.0,0.0,0.0,0.0,0.0,0.0,0.0,0.0,0.0,0.0,0.0,0.0,0.0,0.0
40022,Armuña,municipio,0.0,0.0,0.0,0.0,0.0,0.0,0.0,0.0,0.0,0.0,0.0,0.0,0.0,0.0
40024,Ayllón,municipio,54.0,52.0,52.0,56.0,57.0,55.0,59.0,55.0,58.0,60.0,57.0,42.0,38.0,36.0
40025,Barbolla,municipio,0.0,0.0,0.0,0.0,0.0,0.0,0.0,0.0,0.0,0.0,0.0,0.0,0.0,0.0
40026,Basardilla,municipio,0.0,0.0,0.0,0.0,0.0,0.0,0.0,0.0,0.0,0.0,0.0,0.0,0.0,0.0
40028,Bercial,municipio,0.0,0.0,0.0,0.0,0.0,0.0,0.0,0.0,0.0,0.0,0.0,0.0,0.0,0.0
40029,Bercimuel,municipio,0.0,0.0,0.0,0.0,0.0,0.0,0.0,0.0,0.0,0.0,0.0,0.0,0.0,0.0
40030,Bernardos,municipio,0.0,0.0,0.0,0.0,0.0,0.0,0.0,0.0,0.0,0.0,0.0,0.0,0.0,0.0
40031,Bernuy de Porreros,municipio,0.0,0.0,0.0,0.0,0.0,0.0,0.0,0.0,0.0,0.0,0.0,0.0,16.0,0.0
40032,Boceguillas,municipio,0.0,0.0,0.0,0.0,0.0,0.0,0.0,0.0,0.0,0.0,0.0,0.0,0.0,0.0
40033,Brieva,municipio,0.0,0.0,0.0,0.0,0.0,0.0,0.0,0.0,0.0,0.0,0.0,0.0,0.0,0.0
40034,Caballar,municipio,0.0,0.0,0.0,0.0,0.0,0.0,0.0,0.0,0.0,0.0,0.0,0.0,0.0,0.0
40035,Cabañas de Polendos,municipio,0.0,0.0,0.0,0.0,0.0,0.0,0.0,0.0,0.0,0.0,0.0,0.0,0.0,0.0
40036,Cabezuela,municipio,0.0,0.0,0.0,0.0,0.0,0.0,0.0,0.0,0.0,0.0,0.0,0.0,0.0,0.0
40037,Calabazas de Fuentidueña,municipio,0.0,0.0,0.0,0.0,0.0,0.0,0.0,0.0,0.0,0.0,0.0,0.0,0.0,0.0
40039,Campo de San Pedro,municipio,0.0,0.0,0.0,0.0,0.0,0.0,0.0,0.0,0.0,0.0,0.0,0.0,0.0,0.0
40040,Cantalejo,municipio,166.0,164.0,161.0,159.0,155.0,151.0,144.0,145.0,141.0,137.0,144.0,127.0,126.0,119.0
40041,Cantimpalos,municipio,33.0,29.0,28.0,28.0,25.0,26.0,27.0,24.0,30.0,29.0,28.0,23.0,26.0,30.0
40043,Carbonero el Mayor,municipio,97.0,100.0,102.0,101.0,102.0,100.0,88.0,90.0,89.0,88.0,82.0,82.0,81.0,78.0
40044,Carrascal del Río,municipio,0.0,0.0,0.0,0.0,0.0,0.0,0.0,0.0,0.0,0.0,0.0,0.0,0.0,0.0
40045,Casla,municipio,0.0,0.0,0.0,0.0,0.0,0.0,0.0,0.0,0.0,0.0,0.0,0.0,0.0,0.0
40046,Castillejo de Mesleón,municipio,0.0,0.0,0.0,0.0,0.0,0.0,0.0,0.0,0.0,0.0,0.0,0.0,0.0,0.0
40047,Castro de Fuentidueña,municipio,0.0,0.0,0.0,0.0,0.0,0.0,0.0,0.0,0.0,0.0,0.0,0.0,0.0,0.0
40048,Castrojimeno,municipio,0.0,0.0,0.0,0.0,0.0,0.0,0.0,0.0,0.0,0.0,0.0,0.0,0.0,0.0
40049,Castroserna de Abajo,municipio,0.0,0.0,0.0,0.0,0.0,0.0,0.0,0.0,0.0,0.0,0.0,0.0,0.0,0.0
40051,Castroserracín,municipio,0.0,0.0,0.0,0.0,0.0,0.0,0.0,0.0,0.0,0.0,0.0,0.0,0.0,0.0
40052,Cedillo de la Torre,municipio,0.0,0.0,0.0,0.0,0.0,0.0,0.0,0.0,0.0,0.0,0.0,0.0,0.0,0.0
40053,Cerezo de Abajo,municipio,0.0,0.0,0.0,0.0,0.0,0.0,0.0,0.0,0.0,0.0,0.0,0.0,0.0,0.0
40054,Cerezo de Arriba,municipio,0.0,0.0,0.0,0.0,0.0,0.0,0.0,0.0,0.0,0.0,0.0,0.0,0.0,0.0
40055,Cilleruelo de San Mamés,municipio,0.0,0.0,0.0,0.0,0.0,0.0,0.0,0.0,0.0,0.0,0.0,0.0,0.0,0.0
40056,Cobos de Fuentidueña,municipio,0.0,0.0,0.0,0.0,0.0,0.0,0.0,0.0,0.0,0.0,0.0,0.0,0.0,0.0
40057,Coca,municipio,62.0,62.0,58.0,64.0,63.0,60.0,61.0,52.0,52.0,49.0,49.0,39.0,44.0,42.0
40058,Codorniz,municipio,0.0,0.0,0.0,0.0,0.0,0.0,0.0,0.0,0.0,0.0,0.0,0.0,0.0,0.0
40059,Collado Hermoso,municipio,0.0,0.0,0.0,0.0,0.0,0.0,0.0,0.0,0.0,0.0,0.0,0.0,0.0,0.0
40060,Condado de Castilnovo,municipio,0.0,0.0,0.0,0.0,0.0,0.0,0.0,0.0,0.0,0.0,0.0,0.0,0.0,0.0
40061,Corral de Ayllón,municipio,0.0,0.0,0.0,0.0,0.0,0.0,0.0,0.0,0.0,0.0,0.0,0.0,0.0,0.0
40062,Cubillo,municipio,0.0,0.0,0.0,0.0,0.0,0.0,0.0,0.0,0.0,0.0,0.0,0.0,0.0,0.0
40063,Cuéllar,municipio,337.0,339.0,314.0,314.0,309.0,300.0,298.0,291.0,287.0,281.0,279.0,265.0,259.0,244.0
40065,Chañe,municipio,0.0,0.0,0.0,0.0,0.0,0.0,0.0,0.0,0.0,0.0,0.0,0.0,0.0,0.0
40068,Domingo García,municipio,0.0,0.0,0.0,0.0,0.0,0.0,0.0,0.0,0.0,0.0,0.0,0.0,0.0,0.0
40069,Donhierro,municipio,0.0,0.0,0.0,0.0,0.0,0.0,0.0,0.0,0.0,0.0,0.0,0.0,0.0,0.0
40070,Duruelo,municipio,0.0,0.0,0.0,0.0,0.0,0.0,0.0,0.0,0.0,0.0,0.0,0.0,0.0,0.0
40071,Encinas,municipio,0.0,0.0,0.0,0.0,0.0,0.0,0.0,0.0,0.0,0.0,0.0,0.0,0.0,0.0
40072,Encinillas,municipio,0.0,0.0,0.0,0.0,0.0,0.0,0.0,0.0,0.0,0.0,0.0,0.0,0.0,0.0
40073,Escalona del Prado,municipio,0.0,0.0,0.0,0.0,0.0,0.0,0.0,0.0,0.0,0.0,0.0,0.0,0.0,0.0
40074,Escarabajosa de Cabezas,municipio,0.0,0.0,0.0,0.0,0.0,0.0,0.0,0.0,0.0,0.0,0.0,0.0,0.0,0.0
40075,Escobar de Polendos,municipio,0.0,0.0,0.0,0.0,0.0,0.0,0.0,0.0,0.0,0.0,0.0,0.0,0.0,0.0
40076,"Espinar, El",municipio,244.0,247.0,232.0,244.0,242.0,249.0,255.0,236.0,235.0,240.0,240.0,232.0,231.0,218.0
40077,Espirdo,municipio,0.0,24.0,27.0,28.0,38.0,39.0,42.0,51.0,48.0,42.0,42.0,48.0,46.0,44.0
40078,Fresneda de Cuéllar,municipio,0.0,0.0,0.0,0.0,0.0,0.0,0.0,0.0,0.0,0.0,0.0,0.0,0.0,0.0
40079,Fresno de Cantespino,municipio,0.0,0.0,0.0,0.0,0.0,0.0,0.0,0.0,0.0,0.0,0.0,0.0,0.0,0.0
40080,Fresno de la Fuente,municipio,0.0,0.0,0.0,0.0,0.0,0.0,0.0,0.0,0.0,0.0,0.0,0.0,0.0,0.0
40081,Frumales,municipio,0.0,0.0,0.0,0.0,0.0,0.0,0.0,0.0,0.0,0.0,0.0,0.0,0.0,0.0
40082,Fuente de Santa Cruz,municipio,0.0,0.0,0.0,0.0,0.0,0.0,0.0,0.0,0.0,0.0,0.0,0.0,0.0,0.0
40083,Fuente el Olmo de Fuentidueña,municipio,0.0,0.0,0.0,0.0,0.0,0.0,0.0,0.0,0.0,0.0,0.0,0.0,0.0,0.0
40084,Fuente el Olmo de Íscar,municipio,0.0,0.0,0.0,0.0,0.0,0.0,0.0,0.0,0.0,0.0,0.0,0.0,0.0,0.0
40086,Fuentepelayo,municipio,0.0,0.0,0.0,0.0,0.0,0.0,0.0,0.0,0.0,0.0,0.0,0.0,0.0,0.0
40087,Fuentepiñel,municipio,0.0,0.0,0.0,0.0,0.0,0.0,0.0,0.0,0.0,0.0,0.0,0.0,0.0,0.0
40088,Fuenterrebollo,municipio,0.0,0.0,0.0,0.0,0.0,0.0,0.0,0.0,0.0,0.0,0.0,0.0,0.0,0.0
40089,Fuentesaúco de Fuentidueña,municipio,0.0,0.0,0.0,0.0,0.0,0.0,0.0,0.0,0.0,0.0,0.0,0.0,0.0,0.0
40091,Fuentesoto,municipio,0.0,0.0,0.0,0.0,0.0,0.0,0.0,0.0,0.0,0.0,0.0,0.0,0.0,0.0
40092,Fuentidueña,municipio,0.0,0.0,0.0,0.0,0.0,0.0,0.0,0.0,0.0,0.0,0.0,0.0,0.0,0.0
40093,Gallegos,municipio,0.0,0.0,0.0,0.0,0.0,0.0,0.0,0.0,0.0,0.0,0.0,0.0,0.0,0.0
40094,Garcillán,municipio,0.0,0.0,0.0,0.0,0.0,0.0,0.0,0.0,0.0,0.0,0.0,0.0,0.0,0.0
40095,Gomezserracín,municipio,0.0,0.0,0.0,0.0,0.0,0.0,0.0,0.0,0.0,0.0,0.0,0.0,0.0,0.0
40097,Grajera,municipio,0.0,0.0,0.0,0.0,0.0,0.0,0.0,0.0,0.0,0.0,0.0,0.0,0.0,0.0
40099,Honrubia de la Cuesta,municipio,0.0,0.0,0.0,0.0,0.0,0.0,0.0,0.0,0.0,0.0,0.0,0.0,0.0,0.0
40100,Hontalbilla,municipio,0.0,0.0,0.0,0.0,0.0,0.0,0.0,0.0,0.0,0.0,0.0,0.0,0.0,0.0
40101,Hontanares de Eresma,municipio,21.0,23.0,22.0,23.0,23.0,21.0,19.0,0.0,0.0,0.0,0.0,15.0,16.0,18.0
40103,"Huertos, Los",municipio,0.0,0.0,0.0,0.0,0.0,0.0,0.0,0.0,0.0,0.0,0.0,0.0,0.0,0.0
40104,Ituero y Lama,municipio,0.0,0.0,0.0,0.0,0.0,0.0,0.0,0.0,0.0,0.0,0.0,0.0,0.0,0.0
40105,Juarros de Riomoros,municipio,0.0,0.0,0.0,0.0,0.0,0.0,0.0,0.0,0.0,0.0,0.0,0.0,0.0,0.0
40106,Juarros de Voltoya,municipio,0.0,0.0,0.0,0.0,0.0,0.0,0.0,0.0,0.0,0.0,0.0,0.0,0.0,0.0
40107,Labajos,municipio,0.0,0.0,0.0,0.0,0.0,0.0,0.0,0.0,0.0,0.0,0.0,0.0,0.0,0.0
40108,Laguna de Contreras,municipio,0.0,0.0,0.0,0.0,0.0,0.0,0.0,0.0,0.0,0.0,0.0,0.0,0.0,0.0
40109,Languilla,municipio,0.0,0.0,0.0,0.0,0.0,0.0,0.0,0.0,0.0,0.0,0.0,0.0,0.0,0.0
40110,Lastras de Cuéllar,municipio,0.0,0.0,0.0,0.0,0.0,0.0,0.0,0.0,0.0,0.0,0.0,0.0,0.0,0.0
40111,Lastras del Pozo,municipio,0.0,0.0,0.0,0.0,0.0,0.0,0.0,0.0,0.0,0.0,0.0,0.0,0.0,0.0
40112,"Lastrilla, La",municipio,136.0,141.0,140.0,139.0,132.0,130.0,123.0,139.0,139.0,140.0,140.0,139.0,135.0,132.0
40113,"Losa, La",municipio,0.0,0.0,0.0,0.0,0.0,0.0,0.0,0.0,0.0,0.0,0.0,0.0,0.0,0.0
40115,Maderuelo,municipio,0.0,0.0,0.0,0.0,0.0,0.0,0.0,0.0,0.0,0.0,0.0,0.0,0.0,0.0
40118,Marazuela,municipio,0.0,0.0,0.0,0.0,0.0,0.0,0.0,0.0,0.0,0.0,0.0,0.0,0.0,0.0
40119,Martín Miguel,municipio,0.0,0.0,0.0,0.0,0.0,0.0,0.0,0.0,0.0,0.0,0.0,0.0,0.0,0.0
40120,Martín Muñoz de la Dehesa,municipio,0.0,0.0,0.0,0.0,0.0,0.0,0.0,0.0,0.0,0.0,0.0,0.0,0.0,0.0
40121,Martín Muñoz de las Posadas,municipio,0.0,0.0,0.0,0.0,0.0,0.0,0.0,0.0,0.0,0.0,0.0,0.0,0.0,0.0
40122,Marugán,municipio,0.0,0.0,0.0,0.0,0.0,0.0,0.0,0.0,0.0,0.0,0.0,0.0,0.0,0.0
40123,Matabuena,municipio,0.0,0.0,0.0,0.0,0.0,0.0,0.0,0.0,0.0,0.0,0.0,0.0,0.0,0.0
40124,Mata de Cuéllar,municipio,0.0,0.0,0.0,0.0,0.0,0.0,0.0,0.0,0.0,0.0,0.0,0.0,0.0,0.0
40125,"Matilla, La",municipio,0.0,0.0,0.0,0.0,0.0,0.0,0.0,0.0,0.0,0.0,0.0,0.0,0.0,0.0
40126,Melque de Cercos,municipio,0.0,0.0,0.0,0.0,0.0,0.0,0.0,0.0,0.0,0.0,0.0,0.0,0.0,0.0
40127,Membibre de la Hoz,municipio,0.0,0.0,0.0,0.0,0.0,0.0,0.0,0.0,0.0,0.0,0.0,0.0,0.0,0.0
40128,Migueláñez,municipio,0.0,0.0,0.0,0.0,0.0,0.0,0.0,0.0,0.0,0.0,0.0,0.0,0.0,0.0
40129,Montejo de Arévalo,municipio,0.0,0.0,0.0,0.0,0.0,0.0,0.0,0.0,0.0,0.0,0.0,0.0,0.0,0.0
40130,Montejo de la Vega de la Serrezuela,municipio,0.0,0.0,0.0,0.0,0.0,0.0,0.0,0.0,0.0,0.0,0.0,0.0,0.0,0.0
40131,Monterrubio,municipio,0.0,0.0,0.0,0.0,0.0,0.0,0.0,0.0,0.0,0.0,0.0,0.0,0.0,0.0
40132,Moral de Hornuez,municipio,0.0,0.0,0.0,0.0,0.0,0.0,0.0,0.0,0.0,0.0,0.0,0.0,0.0,0.0
40134,Mozoncillo,municipio,25.0,28.0,25.0,0.0,0.0,0.0,0.0,0.0,0.0,0.0,0.0,0.0,0.0,0.0
40135,Muñopedro,municipio,0.0,0.0,0.0,0.0,0.0,0.0,0.0,0.0,0.0,0.0,0.0,0.0,0.0,0.0
40136,Muñoveros,municipio,0.0,0.0,0.0,0.0,0.0,0.0,0.0,0.0,0.0,0.0,0.0,0.0,0.0,0.0
40138,Nava de la Asunción,municipio,86.0,84.0,82.0,83.0,87.0,82.0,86.0,91.0,87.0,91.0,89.0,89.0,84.0,81.0
40139,Navafría,municipio,0.0,0.0,0.0,0.0,0.0,0.0,0.0,0.0,0.0,0.0,0.0,0.0,0.0,0.0
40140,Navalilla,municipio,0.0,0.0,0.0,0.0,0.0,0.0,0.0,0.0,0.0,0.0,0.0,0.0,0.0,0.0
40141,Navalmanzano,municipio,45.0,44.0,45.0,47.0,47.0,40.0,43.0,38.0,36.0,32.0,33.0,33.0,33.0,31.0
40142,Navares de Ayuso,municipio,0.0,0.0,0.0,0.0,0.0,0.0,0.0,0.0,0.0,0.0,0.0,0.0,0.0,0.0
40143,Navares de Enmedio,municipio,0.0,0.0,0.0,0.0,0.0,0.0,0.0,0.0,0.0,0.0,0.0,0.0,0.0,0.0
40144,Navares de las Cuevas,municipio,0.0,0.0,0.0,0.0,0.0,0.0,0.0,0.0,0.0,0.0,0.0,0.0,0.0,0.0
40145,Navas de Oro,municipio,43.0,37.0,43.0,41.0,39.0,37.0,38.0,38.0,39.0,39.0,32.0,33.0,36.0,40.0
40146,Navas de San Antonio,municipio,0.0,0.0,0.0,0.0,0.0,0.0,0.0,0.0,0.0,0.0,0.0,0.0,0.0,0.0
40148,Nieva,municipio,0.0,0.0,0.0,0.0,0.0,0.0,0.0,0.0,0.0,0.0,0.0,0.0,0.0,0.0
40149,Olombrada,municipio,0.0,0.0,0.0,0.0,0.0,0.0,0.0,0.0,0.0,0.0,0.0,0.0,0.0,0.0
40150,Orejana,municipio,0.0,0.0,0.0,0.0,0.0,0.0,0.0,0.0,0.0,0.0,0.0,0.0,0.0,0.0
40151,Ortigosa de Pestaño,municipio,0.0,0.0,0.0,0.0,0.0,0.0,0.0,0.0,0.0,0.0,0.0,0.0,0.0,0.0
40152,Otero de Herreros,municipio,29.0,0.0,28.0,0.0,0.0,0.0,0.0,0.0,0.0,0.0,0.0,0.0,0.0,0.0
40154,Pajarejos,municipio,0.0,0.0,0.0,0.0,0.0,0.0,0.0,0.0,0.0,0.0,0.0,0.0,0.0,0.0
40155,Palazuelos de Eresma,municipio,104.0,112.0,114.0,111.0,117.0,113.0,108.0,116.0,110.0,112.0,114.0,102.0,107.0,104.0
40156,Pedraza,municipio,0.0,0.0,0.0,0.0,0.0,0.0,0.0,0.0,0.0,0.0,0.0,0.0,0.0,0.0
40157,Pelayos del Arroyo,municipio,0.0,0.0,0.0,0.0,0.0,0.0,0.0,0.0,0.0,0.0,0.0,0.0,0.0,0.0
40158,Perosillo,municipio,0.0,0.0,0.0,0.0,0.0,0.0,0.0,0.0,0.0,0.0,0.0,0.0,0.0,0.0
40159,Pinarejos,municipio,0.0,0.0,0.0,0.0,0.0,0.0,0.0,0.0,0.0,0.0,0.0,0.0,0.0,0.0
40160,Pinarnegrillo,municipio,0.0,0.0,0.0,0.0,0.0,0.0,0.0,0.0,0.0,0.0,0.0,0.0,0.0,0.0
40161,Carabias,municipio,0.0,0.0,0.0,0.0,0.0,0.0,0.0,0.0,0.0,0.0,0.0,0.0,0.0,0.0
40162,Prádena,municipio,0.0,0.0,0.0,0.0,0.0,0.0,0.0,0.0,0.0,0.0,0.0,0.0,0.0,0.0
40163,Puebla de Pedraza,municipio,0.0,0.0,0.0,0.0,0.0,0.0,0.0,0.0,0.0,0.0,0.0,0.0,0.0,0.0
40164,Rapariegos,municipio,0.0,0.0,0.0,0.0,0.0,0.0,0.0,0.0,0.0,0.0,0.0,0.0,0.0,0.0
40165,Rebollo,municipio,0.0,0.0,0.0,0.0,0.0,0.0,0.0,0.0,0.0,0.0,0.0,0.0,0.0,0.0
40166,Remondo,municipio,0.0,0.0,0.0,0.0,0.0,0.0,0.0,0.0,0.0,0.0,0.0,0.0,0.0,0.0
40168,Riaguas de San Bartolomé,municipio,0.0,0.0,0.0,0.0,0.0,0.0,0.0,0.0,0.0,0.0,0.0,0.0,0.0,0.0
40170,Riaza,municipio,77.0,77.0,78.0,80.0,74.0,75.0,78.0,74.0,80.0,79.0,79.0,69.0,72.0,71.0
40171,Ribota,municipio,0.0,0.0,0.0,0.0,0.0,0.0,0.0,0.0,0.0,0.0,0.0,0.0,0.0,0.0
40172,Riofrío de Riaza,municipio,0.0,0.0,0.0,0.0,0.0,0.0,0.0,0.0,0.0,0.0,0.0,0.0,0.0,0.0
40173,Roda de Eresma,municipio,0.0,0.0,0.0,0.0,0.0,0.0,0.0,0.0,0.0,0.0,0.0,0.0,0.0,0.0
40174,Sacramenia,municipio,0.0,0.0,0.0,0.0,0.0,0.0,0.0,0.0,0.0,0.0,0.0,0.0,0.0,0.0
40176,Samboal,municipio,0.0,0.0,0.0,0.0,0.0,0.0,0.0,0.0,0.0,0.0,0.0,0.0,0.0,0.0
40177,San Cristóbal de Cuéllar,municipio,0.0,0.0,0.0,0.0,0.0,0.0,0.0,0.0,0.0,0.0,0.0,0.0,0.0,0.0
40178,San Cristóbal de la Vega,municipio,0.0,0.0,0.0,0.0,0.0,0.0,0.0,0.0,0.0,0.0,0.0,0.0,0.0,0.0
40179,Sanchonuño,municipio,0.0,0.0,0.0,0.0,0.0,0.0,0.0,0.0,0.0,0.0,0.0,0.0,21.0,23.0
40180,Sangarcía,municipio,0.0,0.0,0.0,0.0,0.0,0.0,0.0,0.0,0.0,0.0,0.0,0.0,0.0,0.0
40181,Real Sitio de San Ildefonso,municipio,155.0,160.0,158.0,150.0,149.0,149.0,142.0,145.0,140.0,138.0,133.0,120.0,118.0,120.0
40182,San Martín y Mudrián,municipio,0.0,0.0,0.0,0.0,0.0,0.0,0.0,0.0,0.0,0.0,0.0,0.0,0.0,0.0
40183,San Miguel de Bernuy,municipio,0.0,0.0,0.0,0.0,0.0,0.0,0.0,0.0,0.0,0.0,0.0,0.0,0.0,0.0
40184,San Pedro de Gaíllos,municipio,0.0,0.0,0.0,0.0,0.0,0.0,0.0,0.0,0.0,0.0,0.0,0.0,0.0,0.0
40185,Santa María la Real de Nieva,municipio,32.0,33.0,0.0,29.0,28.0,23.0,24.0,0.0,0.0,0.0,0.0,0.0,0.0,0.0
40186,Santa Marta del Cerro,municipio,0.0,0.0,0.0,0.0,0.0,0.0,0.0,0.0,0.0,0.0,0.0,0.0,0.0,0.0
40188,Santiuste de Pedraza,municipio,0.0,0.0,0.0,0.0,0.0,0.0,0.0,0.0,0.0,0.0,0.0,0.0,0.0,0.0
40189,Santiuste de San Juan Bautista,municipio,0.0,0.0,0.0,0.0,0.0,0.0,0.0,0.0,0.0,0.0,0.0,0.0,0.0,0.0
40190,Santo Domingo de Pirón,municipio,0.0,0.0,0.0,0.0,0.0,0.0,0.0,0.0,0.0,0.0,0.0,0.0,0.0,0.0
40191,Santo Tomé del Puerto,municipio,0.0,0.0,0.0,0.0,0.0,0.0,0.0,0.0,0.0,0.0,0.0,0.0,0.0,0.0
40192,Sauquillo de Cabezas,municipio,0.0,0.0,0.0,0.0,0.0,0.0,0.0,0.0,0.0,0.0,0.0,0.0,0.0,0.0
40193,Sebúlcor,municipio,0.0,0.0,0.0,0.0,0.0,0.0,0.0,0.0,0.0,0.0,0.0,0.0,0.0,0.0
40194,Segovia,municipio,1485.0,1467.0,1380.0,1376.0,1377.0,1354.0,1345.0,1304.0,1280.0,1253.0,1261.0,1133.0,1105.0,1115.0
40195,Sepúlveda,municipio,67.0,66.0,64.0,62.0,64.0,69.0,61.0,55.0,52.0,0.0,0.0,51.0,0.0,0.0
40196,Sequera de Fresno,municipio,0.0,0.0,0.0,0.0,0.0,0.0,0.0,0.0,0.0,0.0,0.0,0.0,0.0,0.0
40198,Sotillo,municipio,0.0,0.0,0.0,0.0,0.0,0.0,0.0,0.0,0.0,0.0,0.0,0.0,0.0,0.0
40199,Sotosalbos,municipio,0.0,0.0,0.0,0.0,0.0,0.0,0.0,0.0,0.0,0.0,0.0,0.0,0.0,0.0
40200,Tabanera la Luenga,municipio,0.0,0.0,0.0,0.0,0.0,0.0,0.0,0.0,0.0,0.0,0.0,0.0,0.0,0.0
40201,Tolocirio,municipio,0.0,0.0,0.0,0.0,0.0,0.0,0.0,0.0,0.0,0.0,0.0,0.0,0.0,0.0
40202,Torreadrada,municipio,0.0,0.0,0.0,0.0,0.0,0.0,0.0,0.0,0.0,0.0,0.0,0.0,0.0,0.0
40203,Torrecaballeros,municipio,38.0,40.0,37.0,42.0,45.0,44.0,45.0,41.0,38.0,41.0,41.0,39.0,41.0,38.0
40204,Torrecilla del Pinar,municipio,0.0,0.0,0.0,0.0,0.0,0.0,0.0,0.0,0.0,0.0,0.0,0.0,0.0,0.0
40205,Torreiglesias,municipio,0.0,0.0,0.0,0.0,0.0,0.0,0.0,0.0,0.0,0.0,0.0,0.0,0.0,0.0
40206,Torre Val de San Pedro,municipio,0.0,0.0,0.0,0.0,0.0,0.0,0.0,0.0,0.0,0.0,0.0,0.0,0.0,0.0
40207,Trescasas,municipio,0.0,0.0,0.0,0.0,27.0,22.0,23.0,27.0,31.0,29.0,32.0,32.0,31.0,29.0
40208,Turégano,municipio,45.0,42.0,42.0,43.0,48.0,47.0,46.0,0.0,0.0,0.0,0.0,0.0,34.0,36.0
40210,Urueñas,municipio,0.0,0.0,0.0,0.0,0.0,0.0,0.0,0.0,0.0,0.0,0.0,0.0,0.0,0.0
40211,Valdeprados,municipio,0.0,0.0,0.0,0.0,0.0,0.0,0.0,0.0,0.0,0.0,0.0,0.0,0.0,0.0
40212,Valdevacas de Montejo,municipio,0.0,0.0,0.0,0.0,0.0,0.0,0.0,0.0,0.0,0.0,0.0,0.0,0.0,0.0
40213,Valdevacas y Guijar,municipio,0.0,0.0,0.0,0.0,0.0,0.0,0.0,0.0,0.0,0.0,0.0,0.0,0.0,0.0
40214,Valseca,municipio,0.0,0.0,0.0,0.0,0.0,0.0,0.0,0.0,0.0,0.0,0.0,0.0,0.0,0.0
40215,Valtiendas,municipio,0.0,0.0,0.0,0.0,0.0,0.0,0.0,0.0,0.0,0.0,0.0,0.0,0.0,0.0
40216,Valverde del Majano,municipio,48.0,50.0,51.0,52.0,50.0,49.0,49.0,53.0,50.0,54.0,56.0,49.0,49.0,50.0
40218,Valle de Tabladillo,municipio,0.0,0.0,0.0,0.0,0.0,0.0,0.0,0.0,0.0,0.0,0.0,0.0,0.0,0.0
40219,Vallelado,municipio,0.0,0.0,0.0,0.0,0.0,0.0,0.0,0.0,0.0,0.0,0.0,0.0,0.0,0.0
40220,Valleruela de Pedraza,municipio,0.0,0.0,0.0,0.0,0.0,0.0,0.0,0.0,0.0,0.0,0.0,0.0,0.0,0.0
40221,Valleruela de Sepúlveda,municipio,0.0,0.0,0.0,0.0,0.0,0.0,0.0,0.0,0.0,0.0,0.0,0.0,0.0,0.0
40222,Veganzones,municipio,0.0,0.0,0.0,0.0,0.0,0.0,0.0,0.0,0.0,0.0,0.0,0.0,0.0,0.0
40223,Vegas de Matute,municipio,0.0,0.0,0.0,0.0,0.0,0.0,0.0,0.0,0.0,0.0,0.0,0.0,0.0,0.0
40224,Ventosilla y Tejadilla,municipio,0.0,0.0,0.0,0.0,0.0,0.0,0.0,0.0,0.0,0.0,0.0,0.0,0.0,0.0
40225,Villacastín,municipio,67.0,67.0,67.0,65.0,64.0,61.0,59.0,53.0,50.0,51.0,54.0,48.0,46.0,44.0
40228,Villaverde de Íscar,municipio,0.0,0.0,0.0,0.0,0.0,0.0,0.0,0.0,0.0,0.0,0.0,0.0,0.0,0.0
40229,Villaverde de Montejo,municipio,0.0,0.0,0.0,0.0,0.0,0.0,0.0,0.0,0.0,0.0,0.0,0.0,0.0,0.0
40230,Villeguillo,municipio,0.0,0.0,0.0,0.0,0.0,0.0,0.0,0.0,0.0,0.0,0.0,0.0,0.0,0.0
40231,Yanguas de Eresma,municipio,0.0,0.0,0.0,0.0,0.0,0.0,0.0,0.0,0.0,0.0,0.0,0.0,0.0,0.0
40233,Zarzuela del Monte,municipio,0.0,0.0,0.0,0.0,0.0,0.0,0.0,0.0,0.0,0.0,0.0,0.0,0.0,0.0
40234,Zarzuela del Pinar,municipio,0.0,0.0,0.0,0.0,0.0,0.0,0.0,0.0,0.0,0.0,0.0,0.0,0.0,0.0
40901,Ortigosa del Monte,municipio,0.0,0.0,0.0,0.0,0.0,0.0,0.0,0.0,0.0,0.0,0.0,0.0,0.0,0.0
40902,Cozuelos de Fuentidueña,municipio,0.0,0.0,0.0,0.0,0.0,0.0,0.0,0.0,0.0,0.0,0.0,0.0,0.0,0.0
40903,Marazoleja,municipio,0.0,0.0,0.0,0.0,0.0,0.0,0.0,0.0,0.0,0.0,0.0,0.0,0.0,0.0
40904,Navas de Riofrío,municipio,0.0,0.0,0.0,0.0,0.0,0.0,0.0,0.0,0.0,0.0,0.0,0.0,0.0,0.0
40905,Cuevas de Provanco,municipio,0.0,0.0,0.0,0.0,0.0,0.0,0.0,0.0,0.0,0.0,0.0,0.0,0.0,0.0
40906,San Cristóbal de Segovia,municipio,62.0,62.0,62.0,68.0,65.0,61.0,60.0,56.0,64.0,67.0,70.0,63.0,63.0,59.0
40,Segovia,provincia,4815.0,4796.0,4629.0,4628.0,4610.0,4517.0,4487.0,4389.0,4328.0,4272.0,4255.0,3963.0,3908.0,3853.0
41001,Aguadulce,municipio,51.0,47.0,44.0,46.0,46.0,47.0,47.0,41.0,50.0,53.0,54.0,51.0,50.0,46.0
41002,Alanís,municipio,51.0,50.0,47.0,37.0,37.0,38.0,36.0,36.0,39.0,38.0,41.0,33.0,31.0,26.0
41003,Albaida del Aljarafe,municipio,59.0,62.0,58.0,60.0,62.0,63.0,62.0,64.0,65.0,70.0,67.0,63.0,67.0,70.0
41004,Alcalá de Guadaíra,municipio,2080.0,2068.0,2052.0,2134.0,2115.0,2097.0,2036.0,2018.0,2029.0,2029.0,2064.0,1947.0,1931.0,1904.0
41005,Alcalá del Río,municipio,263.0,265.0,263.0,252.0,236.0,250.0,250.0,252.0,259.0,264.0,268.0,267.0,258.0,253.0
41006,Alcolea del Río,municipio,71.0,71.0,62.0,67.0,69.0,74.0,70.0,66.0,71.0,75.0,69.0,70.0,70.0,67.0
41007,"Algaba, La",municipio,365.0,371.0,362.0,363.0,358.0,374.0,358.0,343.0,350.0,350.0,345.0,320.0,328.0,333.0
41008,Algámitas,municipio,26.0,23.0,23.0,25.0,24.0,29.0,30.0,24.0,29.0,34.0,32.0,28.0,33.0,34.0
41009,Almadén de la Plata,municipio,37.0,31.0,30.0,31.0,30.0,34.0,32.0,31.0,34.0,36.0,31.0,33.0,32.0,32.0
41010,Almensilla,municipio,110.0,107.0,102.0,102.0,107.0,110.0,119.0,126.0,123.0,134.0,133.0,141.0,126.0,130.0
41011,Arahal,municipio,426.0,418.0,433.0,430.0,433.0,452.0,449.0,432.0,435.0,436.0,441.0,424.0,426.0,427.0
41012,Aznalcázar,municipio,110.0,109.0,111.0,112.0,113.0,109.0,108.0,109.0,107.0,112.0,117.0,111.0,117.0,106.0
41013,Aznalcóllar,municipio,99.0,102.0,96.0,105.0,109.0,100.0,98.0,105.0,101.0,102.0,101.0,89.0,91.0,99.0
41014,Badolatosa,municipio,78.0,71.0,71.0,72.0,72.0,66.0,68.0,64.0,68.0,82.0,80.0,75.0,69.0,67.0
41015,Benacazón,municipio,146.0,142.0,149.0,150.0,155.0,150.0,138.0,143.0,145.0,153.0,155.0,146.0,143.0,149.0
41016,Bollullos de la Mitación,municipio,302.0,307.0,313.0,346.0,349.0,339.0,335.0,337.0,351.0,361.0,358.0,338.0,333.0,330.0
41017,Bormujos,municipio,524.0,535.0,533.0,525.0,534.0,539.0,548.0,537.0,540.0,561.0,547.0,525.0,517.0,530.0
41018,Brenes,municipio,271.0,268.0,254.0,268.0,287.0,281.0,278.0,279.0,288.0,290.0,293.0,256.0,246.0,257.0
41019,Burguillos,municipio,146.0,146.0,141.0,133.0,143.0,149.0,138.0,146.0,145.0,152.0,148.0,129.0,130.0,118.0
41020,"Cabezas de San Juan, Las",municipio,403.0,396.0,395.0,403.0,412.0,433.0,432.0,428.0,437.0,443.0,454.0,418.0,404.0,406.0
41021,Camas,municipio,663.0,671.0,639.0,628.0,638.0,647.0,668.0,655.0,661.0,655.0,657.0,647.0,633.0,646.0
41022,"Campana, La",municipio,136.0,136.0,136.0,146.0,146.0,144.0,134.0,136.0,146.0,149.0,137.0,132.0,136.0,141.0
41023,Cantillana,municipio,276.0,278.0,273.0,275.0,264.0,252.0,246.0,260.0,263.0,264.0,267.0,249.0,239.0,241.0
41024,Carmona,municipio,711.0,709.0,711.0,723.0,729.0,726.0,703.0,688.0,710.0,701.0,722.0,695.0,664.0,656.0
41025,Carrión de los Céspedes,municipio,53.0,54.0,55.0,61.0,59.0,64.0,64.0,55.0,54.0,53.0,52.0,44.0,46.0,47.0
41026,Casariche,municipio,125.0,124.0,124.0,134.0,139.0,142.0,139.0,145.0,137.0,141.0,145.0,127.0,123.0,114.0
41027,Castilblanco de los Arroyos,municipio,134.0,132.0,133.0,129.0,125.0,138.0,146.0,131.0,131.0,136.0,131.0,129.0,131.0,121.0
41028,Castilleja de Guzmán,municipio,43.0,40.0,42.0,45.0,50.0,42.0,49.0,48.0,48.0,44.0,44.0,40.0,36.0,36.0
41029,Castilleja de la Cuesta,municipio,393.0,380.0,375.0,362.0,365.0,352.0,353.0,329.0,348.0,351.0,341.0,316.0,304.0,314.0
41030,Castilleja del Campo,municipio,0.0,0.0,0.0,0.0,0.0,0.0,0.0,0.0,0.0,0.0,0.0,0.0,0.0,0.0
41031,"Castillo de las Guardas, El",municipio,38.0,38.0,38.0,40.0,38.0,38.0,40.0,43.0,46.0,48.0,47.0,38.0,38.0,38.0
41032,Cazalla de la Sierra,municipio,143.0,140.0,135.0,136.0,137.0,147.0,145.0,144.0,140.0,133.0,134.0,136.0,138.0,133.0
41033,Constantina,municipio,169.0,175.0,177.0,183.0,186.0,179.0,178.0,173.0,173.0,172.0,182.0,175.0,167.0,163.0
41034,Coria del Río,municipio,743.0,734.0,738.0,765.0,739.0,733.0,729.0,740.0,744.0,760.0,783.0,722.0,701.0,691.0
41035,Coripe,municipio,33.0,33.0,30.0,28.0,29.0,30.0,30.0,30.0,27.0,28.0,31.0,28.0,31.0,36.0
41036,"Coronil, El",municipio,117.0,115.0,115.0,109.0,117.0,122.0,108.0,105.0,107.0,105.0,114.0,111.0,109.0,102.0
41037,"Corrales, Los",municipio,101.0,97.0,102.0,102.0,114.0,110.0,110.0,112.0,116.0,128.0,131.0,115.0,116.0,111.0
41038,Dos Hermanas,municipio,2974.0,2929.0,2851.0,2910.0,2937.0,2983.0,2959.0,2971.0,3036.0,3032.0,3047.0,2923.0,2954.0,2968.0
41039,Écija,municipio,1052.0,1045.0,1029.0,1048.0,1048.0,1071.0,1056.0,1044.0,1065.0,1082.0,1072.0,993.0,966.0,945.0
41040,Espartinas,municipio,314.0,326.0,331.0,352.0,357.0,360.0,382.0,394.0,388.0,390.0,392.0,356.0,353.0,338.0
41041,Estepa,municipio,336.0,323.0,336.0,351.0,342.0,340.0,333.0,325.0,312.0,305.0,308.0,308.0,317.0,326.0
41042,Fuentes de Andalucía,municipio,208.0,192.0,187.0,195.0,193.0,194.0,189.0,184.0,180.0,187.0,190.0,184.0,179.0,177.0
41043,"Garrobo, El",municipio,0.0,0.0,0.0,0.0,0.0,0.0,0.0,0.0,0.0,0.0,0.0,0.0,0.0,0.0
41044,Gelves,municipio,232.0,222.0,226.0,224.0,238.0,247.0,261.0,265.0,262.0,273.0,281.0,242.0,242.0,245.0
41045,Gerena,municipio,156.0,155.0,159.0,156.0,157.0,168.0,163.0,152.0,163.0,153.0,148.0,158.0,167.0,168.0
41046,Gilena,municipio,121.0,122.0,127.0,128.0,129.0,130.0,130.0,121.0,127.0,131.0,128.0,106.0,107.0,104.0
41047,Gines,municipio,317.0,330.0,304.0,300.0,307.0,321.0,326.0,320.0,321.0,309.0,296.0,278.0,287.0,283.0
41048,Guadalcanal,municipio,68.0,68.0,66.0,69.0,68.0,64.0,64.0,65.0,69.0,66.0,64.0,63.0,64.0,61.0
41049,Guillena,municipio,363.0,344.0,353.0,340.0,350.0,362.0,348.0,340.0,345.0,342.0,336.0,323.0,311.0,311.0
41050,Herrera,municipio,192.0,194.0,196.0,194.0,191.0,192.0,183.0,189.0,183.0,188.0,192.0,186.0,181.0,180.0
41051,Huévar del Aljarafe,municipio,36.0,43.0,41.0,45.0,46.0,49.0,53.0,48.0,52.0,55.0,58.0,58.0,54.0,50.0
41052,Lantejuela,municipio,98.0,97.0,92.0,92.0,91.0,98.0,99.0,108.0,107.0,117.0,117.0,105.0,109.0,118.0
41053,Lebrija,municipio,839.0,843.0,845.0,843.0,866.0,888.0,862.0,856.0,869.0,865.0,889.0,816.0,793.0,782.0
41054,Lora de Estepa,municipio,0.0,0.0,0.0,0.0,0.0,0.0,0.0,0.0,0.0,0.0,0.0,0.0,0.0,0.0
41055,Lora del Río,municipio,500.0,489.0,478.0,487.0,476.0,484.0,488.0,482.0,486.0,471.0,473.0,429.0,424.0,427.0
41056,"Luisiana, La",municipio,150.0,141.0,140.0,147.0,142.0,138.0,138.0,134.0,139.0,139.0,144.0,130.0,131.0,121.0
41057,"Madroño, El",municipio,0.0,0.0,0.0,0.0,0.0,0.0,0.0,0.0,0.0,0.0,0.0,0.0,0.0,0.0
41058,Mairena del Alcor,municipio,570.0,589.0,607.0,604.0,607.0,620.0,603.0,586.0,595.0,597.0,611.0,594.0,584.0,577.0
41059,Mairena del Aljarafe,municipio,1088.0,1075.0,1059.0,1076.0,1087.0,1106.0,1132.0,1167.0,1161.0,1145.0,1185.0,1110.0,1074.0,1101.0
41060,Marchena,municipio,507.0,510.0,506.0,497.0,502.0,526.0,501.0,504.0,505.0,511.0,512.0,450.0,437.0,433.0
41061,Marinaleda,municipio,67.0,64.0,62.0,62.0,71.0,66.0,64.0,62.0,58.0,65.0,69.0,54.0,58.0,58.0
41062,Martín de la Jara,municipio,88.0,95.0,93.0,79.0,80.0,76.0,74.0,84.0,89.0,109.0,113.0,109.0,115.0,113.0
41063,"Molares, Los",municipio,63.0,63.0,65.0,73.0,65.0,65.0,69.0,68.0,79.0,65.0,65.0,77.0,73.0,64.0
41064,Montellano,municipio,159.0,163.0,160.0,162.0,170.0,182.0,172.0,172.0,175.0,185.0,195.0,187.0,190.0,176.0
41065,Morón de la Frontera,municipio,660.0,649.0,632.0,610.0,610.0,609.0,592.0,604.0,602.0,610.0,612.0,578.0,582.0,573.0
41066,"Navas de la Concepción, Las",municipio,42.0,38.0,35.0,41.0,37.0,39.0,37.0,42.0,39.0,42.0,41.0,39.0,37.0,32.0
41067,Olivares,municipio,201.0,211.0,212.0,194.0,198.0,215.0,212.0,213.0,215.0,214.0,216.0,214.0,206.0,194.0
41068,Osuna,municipio,412.0,396.0,400.0,407.0,404.0,419.0,414.0,403.0,406.0,393.0,408.0,383.0,378.0,359.0
41069,"Palacios y Villafranca, Los",municipio,841.0,848.0,860.0,879.0,876.0,886.0,869.0,873.0,895.0,873.0,890.0,877.0,874.0,878.0
41070,Palomares del Río,municipio,186.0,178.0,186.0,186.0,180.0,192.0,203.0,206.0,215.0,220.0,203.0,190.0,189.0,188.0
41071,Paradas,municipio,167.0,174.0,165.0,174.0,174.0,181.0,170.0,167.0,169.0,168.0,174.0,168.0,180.0,173.0
41072,Pedrera,municipio,176.0,163.0,162.0,168.0,166.0,164.0,154.0,162.0,157.0,149.0,155.0,144.0,139.0,146.0
41073,"Pedroso, El",municipio,58.0,63.0,63.0,58.0,58.0,54.0,51.0,51.0,47.0,52.0,54.0,50.0,44.0,47.0
41074,Peñaflor,municipio,67.0,68.0,68.0,73.0,66.0,66.0,72.0,78.0,75.0,72.0,76.0,73.0,82.0,87.0
41075,Pilas,municipio,345.0,365.0,360.0,356.0,362.0,369.0,376.0,382.0,374.0,376.0,380.0,366.0,380.0,381.0
41076,Pruna,municipio,57.0,52.0,51.0,50.0,49.0,50.0,52.0,49.0,54.0,53.0,45.0,48.0,46.0,46.0
41077,"Puebla de Cazalla, La",municipio,263.0,266.0,262.0,258.0,249.0,256.0,263.0,258.0,259.0,265.0,265.0,248.0,262.0,249.0
41078,"Puebla de los Infantes, La",municipio,72.0,64.0,61.0,62.0,63.0,58.0,57.0,56.0,50.0,52.0,55.0,56.0,57.0,57.0
41079,"Puebla del Río, La",municipio,235.0,234.0,228.0,231.0,232.0,240.0,243.0,247.0,252.0,260.0,274.0,241.0,246.0,256.0
41080,"Real de la Jara, El",municipio,51.0,45.0,45.0,45.0,42.0,40.0,40.0,45.0,44.0,43.0,44.0,43.0,45.0,45.0
41081,"Rinconada, La",municipio,1078.0,1058.0,1022.0,1033.0,1042.0,1034.0,998.0,987.0,982.0,966.0,975.0,922.0,911.0,909.0
41082,"Roda de Andalucía, La",municipio,129.0,127.0,127.0,124.0,125.0,125.0,106.0,111.0,115.0,121.0,123.0,116.0,112.0,114.0
41083,"Ronquillo, El",municipio,45.0,49.0,49.0,45.0,43.0,36.0,39.0,35.0,40.0,42.0,47.0,40.0,32.0,31.0
41084,"Rubio, El",municipio,73.0,75.0,71.0,80.0,75.0,77.0,80.0,78.0,77.0,74.0,81.0,91.0,89.0,93.0
41085,Salteras,municipio,179.0,178.0,192.0,183.0,181.0,192.0,201.0,196.0,201.0,217.0,207.0,205.0,205.0,196.0
41086,San Juan de Aznalfarache,municipio,388.0,368.0,345.0,355.0,340.0,370.0,373.0,365.0,368.0,363.0,381.0,333.0,347.0,359.0
41087,Sanlúcar la Mayor,municipio,354.0,357.0,341.0,350.0,347.0,366.0,377.0,359.0,345.0,344.0,330.0,330.0,315.0,317.0
41088,San Nicolás del Puerto,municipio,0.0,0.0,0.0,0.0,0.0,0.0,0.0,0.0,0.0,0.0,0.0,0.0,0.0,0.0
41089,Santiponce,municipio,221.0,217.0,209.0,219.0,224.0,236.0,230.0,239.0,231.0,218.0,224.0,195.0,191.0,193.0
41090,"Saucejo, El",municipio,94.0,105.0,102.0,101.0,95.0,98.0,103.0,109.0,109.0,112.0,109.0,98.0,98.0,95.0
41091,Sevilla,municipio,17056.0,16782.0,16546.0,16647.0,16733.0,16812.0,16867.0,16711.0,16852.0,16811.0,16735.0,15347.0,15378.0,15414.0
41092,Tocina,municipio,249.0,261.0,247.0,236.0,237.0,229.0,231.0,235.0,225.0,231.0,230.0,235.0,219.0,220.0
41093,Tomares,municipio,500.0,484.0,496.0,511.0,521.0,515.0,525.0,534.0,541.0,545.0,559.0,535.0,530.0,503.0
41094,Umbrete,municipio,191.0,193.0,204.0,201.0,189.0,185.0,192.0,184.0,184.0,199.0,206.0,190.0,189.0,190.0
41095,Utrera,municipio,1147.0,1163.0,1117.0,1143.0,1181.0,1217.0,1217.0,1214.0,1228.0,1204.0,1228.0,1113.0,1166.0,1193.0
41096,Valencina de la Concepción,municipio,280.0,271.0,262.0,275.0,268.0,269.0,279.0,262.0,252.0,248.0,252.0,236.0,242.0,243.0
41097,Villamanrique de la Condesa,municipio,86.0,83.0,84.0,83.0,89.0,89.0,87.0,86.0,89.0,92.0,93.0,93.0,91.0,97.0
41098,Villanueva del Ariscal,municipio,171.0,165.0,160.0,163.0,165.0,165.0,169.0,163.0,160.0,157.0,152.0,135.0,128.0,126.0
41099,Villanueva del Río y Minas,municipio,80.0,80.0,78.0,76.0,78.0,80.0,81.0,76.0,83.0,79.0,81.0,74.0,75.0,76.0
41100,Villanueva de San Juan,municipio,28.0,27.0,25.0,26.0,29.0,28.0,28.0,26.0,28.0,28.0,33.0,27.0,0.0,22.0
41101,Villaverde del Río,municipio,188.0,188.0,187.0,190.0,183.0,177.0,179.0,168.0,175.0,176.0,181.0,180.0,174.0,179.0
41102,"Viso del Alcor, El",municipio,625.0,589.0,598.0,604.0,610.0,640.0,620.0,624.0,612.0,616.0,639.0,604.0,601.0,598.0
41901,Cañada Rosal,municipio,76.0,78.0,79.0,85.0,82.0,84.0,89.0,85.0,89.0,96.0,91.0,87.0,86.0,79.0
41902,Isla Mayor,municipio,141.0,134.0,140.0,145.0,140.0,139.0,137.0,128.0,129.0,131.0,136.0,123.0,130.0,122.0
41903,"Cuervo de Sevilla, El",municipio,319.0,301.0,301.0,309.0,317.0,330.0,343.0,356.0,363.0,370.0,381.0,360.0,376.0,369.0
41904,"Palmar de Troya, El",municipio,0.0,0.0,0.0,0.0,0.0,0.0,0.0,0.0,0.0,9.0,12.0,46.0,45.0,47.0
41,Sevilla,provincia,47612.0,47104.0,46532.0,47019.0,47227.0,47735.0,47561.0,47267.0,47707.0,47803.0,48064.0,44922.0,44758.0,44671.0
42001,Abejar,municipio,0.0,0.0,0.0,0.0,0.0,0.0,0.0,0.0,0.0,0.0,0.0,0.0,0.0,0.0
42003,Adradas,municipio,0.0,0.0,0.0,0.0,0.0,0.0,0.0,0.0,0.0,0.0,0.0,0.0,0.0,0.0
42004,Ágreda,municipio,84.0,88.0,82.0,88.0,91.0,88.0,85.0,83.0,83.0,82.0,77.0,72.0,74.0,68.0
42006,Alconaba,municipio,0.0,0.0,0.0,0.0,0.0,0.0,0.0,0.0,0.0,0.0,0.0,0.0,0.0,0.0
42007,Alcubilla de Avellaneda,municipio,0.0,0.0,0.0,0.0,0.0,0.0,0.0,0.0,0.0,0.0,0.0,0.0,0.0,0.0
42008,Alcubilla de las Peñas,municipio,0.0,0.0,0.0,0.0,0.0,0.0,0.0,0.0,0.0,0.0,0.0,0.0,0.0,0.0
42009,Aldealafuente,municipio,0.0,0.0,0.0,0.0,0.0,0.0,0.0,0.0,0.0,0.0,0.0,0.0,0.0,0.0
42010,Aldealices,municipio,0.0,0.0,0.0,0.0,0.0,0.0,0.0,0.0,0.0,0.0,0.0,0.0,0.0,0.0
42011,Aldealpozo,municipio,0.0,0.0,0.0,0.0,0.0,0.0,0.0,0.0,0.0,0.0,0.0,0.0,0.0,0.0
42012,Aldealseñor,municipio,0.0,0.0,0.0,0.0,0.0,0.0,0.0,0.0,0.0,0.0,0.0,0.0,0.0,0.0
42013,Aldehuela de Periáñez,municipio,0.0,0.0,0.0,0.0,0.0,0.0,0.0,0.0,0.0,0.0,0.0,0.0,0.0,0.0
42014,"Aldehuelas, Las",municipio,0.0,0.0,0.0,0.0,0.0,0.0,0.0,0.0,0.0,0.0,0.0,0.0,0.0,0.0
42015,Alentisque,municipio,0.0,0.0,0.0,0.0,0.0,0.0,0.0,0.0,0.0,0.0,0.0,0.0,0.0,0.0
42016,Aliud,municipio,0.0,0.0,0.0,0.0,0.0,0.0,0.0,0.0,0.0,0.0,0.0,0.0,0.0,0.0
42017,Almajano,municipio,0.0,0.0,0.0,0.0,0.0,0.0,0.0,0.0,0.0,0.0,0.0,0.0,0.0,0.0
42018,Almaluez,municipio,0.0,0.0,0.0,0.0,0.0,0.0,0.0,0.0,0.0,0.0,0.0,0.0,0.0,0.0
42019,Almarza,municipio,0.0,0.0,0.0,0.0,0.0,0.0,0.0,0.0,0.0,0.0,0.0,0.0,0.0,0.0
42020,Almazán,municipio,173.0,173.0,163.0,171.0,164.0,162.0,163.0,154.0,143.0,142.0,140.0,121.0,121.0,126.0
42021,Almazul,municipio,0.0,0.0,0.0,0.0,0.0,0.0,0.0,0.0,0.0,0.0,0.0,0.0,0.0,0.0
42022,Almenar de Soria,municipio,0.0,0.0,0.0,0.0,0.0,0.0,0.0,0.0,0.0,0.0,0.0,0.0,0.0,0.0
42023,Alpanseque,municipio,0.0,0.0,0.0,0.0,0.0,0.0,0.0,0.0,0.0,0.0,0.0,0.0,0.0,0.0
42024,Arancón,municipio,0.0,0.0,0.0,0.0,0.0,0.0,0.0,0.0,0.0,0.0,0.0,0.0,0.0,0.0
42025,Arcos de Jalón,municipio,36.0,41.0,42.0,42.0,42.0,44.0,39.0,38.0,40.0,41.0,37.0,41.0,44.0,41.0
42026,Arenillas,municipio,0.0,0.0,0.0,0.0,0.0,0.0,0.0,0.0,0.0,0.0,0.0,0.0,0.0,0.0
42027,Arévalo de la Sierra,municipio,0.0,0.0,0.0,0.0,0.0,0.0,0.0,0.0,0.0,0.0,0.0,0.0,0.0,0.0
42028,Ausejo de la Sierra,municipio,0.0,0.0,0.0,0.0,0.0,0.0,0.0,0.0,0.0,0.0,0.0,0.0,0.0,0.0
42029,Baraona,municipio,0.0,0.0,0.0,0.0,0.0,0.0,0.0,0.0,0.0,0.0,0.0,0.0,0.0,0.0
42030,Barca,municipio,0.0,0.0,0.0,0.0,0.0,0.0,0.0,0.0,0.0,0.0,0.0,0.0,0.0,0.0
42031,Barcones,municipio,0.0,0.0,0.0,0.0,0.0,0.0,0.0,0.0,0.0,0.0,0.0,0.0,0.0,0.0
42032,Bayubas de Abajo,municipio,0.0,0.0,0.0,0.0,0.0,0.0,0.0,0.0,0.0,0.0,0.0,0.0,0.0,0.0
42033,Bayubas de Arriba,municipio,0.0,0.0,0.0,0.0,0.0,0.0,0.0,0.0,0.0,0.0,0.0,0.0,0.0,0.0
42034,Beratón,municipio,0.0,0.0,0.0,0.0,0.0,0.0,0.0,0.0,0.0,0.0,0.0,0.0,0.0,0.0
42035,Berlanga de Duero,municipio,33.0,0.0,0.0,0.0,0.0,0.0,0.0,0.0,0.0,0.0,0.0,0.0,0.0,0.0
42036,Blacos,municipio,0.0,0.0,0.0,0.0,0.0,0.0,0.0,0.0,0.0,0.0,0.0,0.0,0.0,0.0
42037,Bliecos,municipio,0.0,0.0,0.0,0.0,0.0,0.0,0.0,0.0,0.0,0.0,0.0,0.0,0.0,0.0
42038,Borjabad,municipio,0.0,0.0,0.0,0.0,0.0,0.0,0.0,0.0,0.0,0.0,0.0,0.0,0.0,0.0
42039,Borobia,municipio,0.0,0.0,0.0,0.0,0.0,0.0,0.0,0.0,0.0,0.0,0.0,0.0,0.0,0.0
42041,Buberos,municipio,0.0,0.0,0.0,0.0,0.0,0.0,0.0,0.0,0.0,0.0,0.0,0.0,0.0,0.0
42042,Buitrago,municipio,0.0,0.0,0.0,0.0,0.0,0.0,0.0,0.0,0.0,0.0,0.0,0.0,0.0,0.0
42043,Burgo de Osma-Ciudad de Osma,municipio,126.0,129.0,123.0,124.0,124.0,122.0,120.0,112.0,110.0,117.0,118.0,107.0,119.0,126.0
42044,Cabrejas del Campo,municipio,0.0,0.0,0.0,0.0,0.0,0.0,0.0,0.0,0.0,0.0,0.0,0.0,0.0,0.0
42045,Cabrejas del Pinar,municipio,0.0,0.0,0.0,0.0,0.0,0.0,0.0,0.0,0.0,0.0,0.0,0.0,0.0,0.0
42046,Calatañazor,municipio,0.0,0.0,0.0,0.0,0.0,0.0,0.0,0.0,0.0,0.0,0.0,0.0,0.0,0.0
42048,Caltojar,municipio,0.0,0.0,0.0,0.0,0.0,0.0,0.0,0.0,0.0,0.0,0.0,0.0,0.0,0.0
42049,Candilichera,municipio,0.0,0.0,0.0,0.0,0.0,0.0,0.0,0.0,0.0,0.0,0.0,0.0,0.0,0.0
42050,Cañamaque,municipio,0.0,0.0,0.0,0.0,0.0,0.0,0.0,0.0,0.0,0.0,0.0,0.0,0.0,0.0
42051,Carabantes,municipio,0.0,0.0,0.0,0.0,0.0,0.0,0.0,0.0,0.0,0.0,0.0,0.0,0.0,0.0
42052,Caracena,municipio,0.0,0.0,0.0,0.0,0.0,0.0,0.0,0.0,0.0,0.0,0.0,0.0,0.0,0.0
42053,Carrascosa de Abajo,municipio,0.0,0.0,0.0,0.0,0.0,0.0,0.0,0.0,0.0,0.0,0.0,0.0,0.0,0.0
42054,Carrascosa de la Sierra,municipio,0.0,0.0,0.0,0.0,0.0,0.0,0.0,0.0,0.0,0.0,0.0,0.0,0.0,0.0
42055,Casarejos,municipio,0.0,0.0,0.0,0.0,0.0,0.0,0.0,0.0,0.0,0.0,0.0,0.0,0.0,0.0
42056,Castilfrío de la Sierra,municipio,0.0,0.0,0.0,0.0,0.0,0.0,0.0,0.0,0.0,0.0,0.0,0.0,0.0,0.0
42057,Castilruiz,municipio,0.0,0.0,0.0,0.0,0.0,0.0,0.0,0.0,0.0,0.0,0.0,0.0,0.0,0.0
42058,Castillejo de Robledo,municipio,0.0,0.0,0.0,0.0,0.0,0.0,0.0,0.0,0.0,0.0,0.0,0.0,0.0,0.0
42059,Centenera de Andaluz,municipio,0.0,0.0,0.0,0.0,0.0,0.0,0.0,0.0,0.0,0.0,0.0,0.0,0.0,0.0
42060,Cerbón,municipio,0.0,0.0,0.0,0.0,0.0,0.0,0.0,0.0,0.0,0.0,0.0,0.0,0.0,0.0
42061,Cidones,municipio,0.0,0.0,0.0,0.0,0.0,0.0,0.0,0.0,0.0,0.0,0.0,0.0,0.0,0.0
42062,Cigudosa,municipio,0.0,0.0,0.0,0.0,0.0,0.0,0.0,0.0,0.0,0.0,0.0,0.0,0.0,0.0
42063,Cihuela,municipio,0.0,0.0,0.0,0.0,0.0,0.0,0.0,0.0,0.0,0.0,0.0,0.0,0.0,0.0
42064,Ciria,municipio,0.0,0.0,0.0,0.0,0.0,0.0,0.0,0.0,0.0,0.0,0.0,0.0,0.0,0.0
42065,Cirujales del Río,municipio,0.0,0.0,0.0,0.0,0.0,0.0,0.0,0.0,0.0,0.0,0.0,0.0,0.0,0.0
42068,Coscurita,municipio,0.0,0.0,0.0,0.0,0.0,0.0,0.0,0.0,0.0,0.0,0.0,0.0,0.0,0.0
42069,Covaleda,municipio,58.0,59.0,62.0,57.0,59.0,58.0,53.0,50.0,56.0,57.0,60.0,58.0,54.0,50.0
42070,Cubilla,municipio,0.0,0.0,0.0,0.0,0.0,0.0,0.0,0.0,0.0,0.0,0.0,0.0,0.0,0.0
42071,Cubo de la Solana,municipio,0.0,0.0,0.0,0.0,0.0,0.0,0.0,0.0,0.0,0.0,0.0,0.0,0.0,0.0
42073,Cueva de Ágreda,municipio,0.0,0.0,0.0,0.0,0.0,0.0,0.0,0.0,0.0,0.0,0.0,0.0,0.0,0.0
42075,Dévanos,municipio,0.0,0.0,0.0,0.0,0.0,0.0,0.0,0.0,0.0,0.0,0.0,0.0,0.0,0.0
42076,Deza,municipio,0.0,0.0,0.0,0.0,0.0,0.0,0.0,0.0,0.0,0.0,0.0,0.0,0.0,0.0
42078,Duruelo de la Sierra,municipio,36.0,34.0,35.0,35.0,33.0,31.0,33.0,36.0,36.0,34.0,33.0,29.0,29.0,28.0
42079,Escobosa de Almazán,municipio,0.0,0.0,0.0,0.0,0.0,0.0,0.0,0.0,0.0,0.0,0.0,0.0,0.0,0.0
42080,Espeja de San Marcelino,municipio,0.0,0.0,0.0,0.0,0.0,0.0,0.0,0.0,0.0,0.0,0.0,0.0,0.0,0.0
42081,Espejón,municipio,0.0,0.0,0.0,0.0,0.0,0.0,0.0,0.0,0.0,0.0,0.0,0.0,0.0,0.0
42082,Estepa de San Juan,municipio,0.0,0.0,0.0,0.0,0.0,0.0,0.0,0.0,0.0,0.0,0.0,0.0,0.0,0.0
42083,Frechilla de Almazán,municipio,0.0,0.0,0.0,0.0,0.0,0.0,0.0,0.0,0.0,0.0,0.0,0.0,0.0,0.0
42084,Fresno de Caracena,municipio,0.0,0.0,0.0,0.0,0.0,0.0,0.0,0.0,0.0,0.0,0.0,0.0,0.0,0.0
42085,Fuentearmegil,municipio,0.0,0.0,0.0,0.0,0.0,0.0,0.0,0.0,0.0,0.0,0.0,0.0,0.0,0.0
42086,Fuentecambrón,municipio,0.0,0.0,0.0,0.0,0.0,0.0,0.0,0.0,0.0,0.0,0.0,0.0,0.0,0.0
42087,Fuentecantos,municipio,0.0,0.0,0.0,0.0,0.0,0.0,0.0,0.0,0.0,0.0,0.0,0.0,0.0,0.0
42088,Fuentelmonge,municipio,0.0,0.0,0.0,0.0,0.0,0.0,0.0,0.0,0.0,0.0,0.0,0.0,0.0,0.0
42089,Fuentelsaz de Soria,municipio,0.0,0.0,0.0,0.0,0.0,0.0,0.0,0.0,0.0,0.0,0.0,0.0,0.0,0.0
42090,Fuentepinilla,municipio,0.0,0.0,0.0,0.0,0.0,0.0,0.0,0.0,0.0,0.0,0.0,0.0,0.0,0.0
42092,Fuentes de Magaña,municipio,0.0,0.0,0.0,0.0,0.0,0.0,0.0,0.0,0.0,0.0,0.0,0.0,0.0,0.0
42093,Fuentestrún,municipio,0.0,0.0,0.0,0.0,0.0,0.0,0.0,0.0,0.0,0.0,0.0,0.0,0.0,0.0
42094,Garray,municipio,0.0,0.0,0.0,0.0,0.0,0.0,0.0,0.0,0.0,0.0,0.0,0.0,0.0,0.0
42095,Golmayo,municipio,69.0,73.0,71.0,73.0,72.0,73.0,67.0,63.0,70.0,69.0,68.0,75.0,74.0,75.0
42096,Gómara,municipio,0.0,0.0,0.0,0.0,0.0,0.0,0.0,0.0,0.0,0.0,0.0,0.0,0.0,0.0
42097,Gormaz,municipio,0.0,0.0,0.0,0.0,0.0,0.0,0.0,0.0,0.0,0.0,0.0,0.0,0.0,0.0
42098,Herrera de Soria,municipio,0.0,0.0,0.0,0.0,0.0,0.0,0.0,0.0,0.0,0.0,0.0,0.0,0.0,0.0
42100,Hinojosa del Campo,municipio,0.0,0.0,0.0,0.0,0.0,0.0,0.0,0.0,0.0,0.0,0.0,0.0,0.0,0.0
42103,Langa de Duero,municipio,0.0,0.0,0.0,0.0,0.0,0.0,0.0,0.0,0.0,0.0,0.0,0.0,0.0,0.0
42105,Liceras,municipio,0.0,0.0,0.0,0.0,0.0,0.0,0.0,0.0,0.0,0.0,0.0,0.0,0.0,0.0
42106,"Losilla, La",municipio,0.0,0.0,0.0,0.0,0.0,0.0,0.0,0.0,0.0,0.0,0.0,0.0,0.0,0.0
42107,Magaña,municipio,0.0,0.0,0.0,0.0,0.0,0.0,0.0,0.0,0.0,0.0,0.0,0.0,0.0,0.0
42108,Maján,municipio,0.0,0.0,0.0,0.0,0.0,0.0,0.0,0.0,0.0,0.0,0.0,0.0,0.0,0.0
42110,Matalebreras,municipio,0.0,0.0,0.0,0.0,0.0,0.0,0.0,0.0,0.0,0.0,0.0,0.0,0.0,0.0
42111,Matamala de Almazán,municipio,0.0,0.0,0.0,0.0,0.0,0.0,0.0,0.0,0.0,0.0,0.0,0.0,0.0,0.0
42113,Medinaceli,municipio,0.0,0.0,0.0,0.0,0.0,0.0,0.0,0.0,0.0,0.0,0.0,0.0,0.0,0.0
42115,Miño de Medinaceli,municipio,0.0,0.0,0.0,0.0,0.0,0.0,0.0,0.0,0.0,0.0,0.0,0.0,0.0,0.0
42116,Miño de San Esteban,municipio,0.0,0.0,0.0,0.0,0.0,0.0,0.0,0.0,0.0,0.0,0.0,0.0,0.0,0.0
42117,Molinos de Duero,municipio,0.0,0.0,0.0,0.0,0.0,0.0,0.0,0.0,0.0,0.0,0.0,0.0,0.0,0.0
42118,Momblona,municipio,0.0,0.0,0.0,0.0,0.0,0.0,0.0,0.0,0.0,0.0,0.0,0.0,0.0,0.0
42119,Monteagudo de las Vicarías,municipio,0.0,0.0,0.0,0.0,0.0,0.0,0.0,0.0,0.0,0.0,0.0,0.0,0.0,0.0
42120,Montejo de Tiermes,municipio,0.0,0.0,0.0,0.0,0.0,0.0,0.0,0.0,0.0,0.0,0.0,0.0,0.0,0.0
42121,Montenegro de Cameros,municipio,0.0,0.0,0.0,0.0,0.0,0.0,0.0,0.0,0.0,0.0,0.0,0.0,0.0,0.0
42123,Morón de Almazán,municipio,0.0,0.0,0.0,0.0,0.0,0.0,0.0,0.0,0.0,0.0,0.0,0.0,0.0,0.0
42124,Muriel de la Fuente,municipio,0.0,0.0,0.0,0.0,0.0,0.0,0.0,0.0,0.0,0.0,0.0,0.0,0.0,0.0
42125,Muriel Viejo,municipio,0.0,0.0,0.0,0.0,0.0,0.0,0.0,0.0,0.0,0.0,0.0,0.0,0.0,0.0
42127,Nafría de Ucero,municipio,0.0,0.0,0.0,0.0,0.0,0.0,0.0,0.0,0.0,0.0,0.0,0.0,0.0,0.0
42128,Narros,municipio,0.0,0.0,0.0,0.0,0.0,0.0,0.0,0.0,0.0,0.0,0.0,0.0,0.0,0.0
42129,Navaleno,municipio,0.0,0.0,0.0,0.0,0.0,0.0,0.0,0.0,0.0,0.0,0.0,0.0,0.0,0.0
42130,Nepas,municipio,0.0,0.0,0.0,0.0,0.0,0.0,0.0,0.0,0.0,0.0,0.0,0.0,0.0,0.0
42131,Nolay,municipio,0.0,0.0,0.0,0.0,0.0,0.0,0.0,0.0,0.0,0.0,0.0,0.0,0.0,0.0
42132,Noviercas,municipio,0.0,0.0,0.0,0.0,0.0,0.0,0.0,0.0,0.0,0.0,0.0,0.0,0.0,0.0
42134,Ólvega,municipio,87.0,89.0,94.0,97.0,94.0,97.0,93.0,93.0,88.0,93.0,92.0,85.0,87.0,80.0
42135,Oncala,municipio,0.0,0.0,0.0,0.0,0.0,0.0,0.0,0.0,0.0,0.0,0.0,0.0,0.0,0.0
42139,Pinilla del Campo,municipio,0.0,0.0,0.0,0.0,0.0,0.0,0.0,0.0,0.0,0.0,0.0,0.0,0.0,0.0
42140,Portillo de Soria,municipio,0.0,0.0,0.0,0.0,0.0,0.0,0.0,0.0,0.0,0.0,0.0,0.0,0.0,0.0
42141,"Póveda de Soria, La",municipio,0.0,0.0,0.0,0.0,0.0,0.0,0.0,0.0,0.0,0.0,0.0,0.0,0.0,0.0
42142,Pozalmuro,municipio,0.0,0.0,0.0,0.0,0.0,0.0,0.0,0.0,0.0,0.0,0.0,0.0,0.0,0.0
42144,Quintana Redonda,municipio,0.0,0.0,0.0,0.0,0.0,0.0,0.0,0.0,0.0,0.0,0.0,0.0,0.0,0.0
42145,Quintanas de Gormaz,municipio,0.0,0.0,0.0,0.0,0.0,0.0,0.0,0.0,0.0,0.0,0.0,0.0,0.0,0.0
42148,Quiñonería,municipio,0.0,0.0,0.0,0.0,0.0,0.0,0.0,0.0,0.0,0.0,0.0,0.0,0.0,0.0
42149,"Rábanos, Los",municipio,0.0,0.0,0.0,0.0,0.0,0.0,0.0,0.0,0.0,0.0,0.0,0.0,0.0,0.0
42151,Rebollar,municipio,0.0,0.0,0.0,0.0,0.0,0.0,0.0,0.0,0.0,0.0,0.0,0.0,0.0,0.0
42152,Recuerda,municipio,0.0,0.0,0.0,0.0,0.0,0.0,0.0,0.0,0.0,0.0,0.0,0.0,0.0,0.0
42153,Rello,municipio,0.0,0.0,0.0,0.0,0.0,0.0,0.0,0.0,0.0,0.0,0.0,0.0,0.0,0.0
42154,Renieblas,municipio,0.0,0.0,0.0,0.0,0.0,0.0,0.0,0.0,0.0,0.0,0.0,0.0,0.0,0.0
42155,Retortillo de Soria,municipio,0.0,0.0,0.0,0.0,0.0,0.0,0.0,0.0,0.0,0.0,0.0,0.0,0.0,0.0
42156,Reznos,municipio,0.0,0.0,0.0,0.0,0.0,0.0,0.0,0.0,0.0,0.0,0.0,0.0,0.0,0.0
42157,"Riba de Escalote, La",municipio,0.0,0.0,0.0,0.0,0.0,0.0,0.0,0.0,0.0,0.0,0.0,0.0,0.0,0.0
42158,Rioseco de Soria,municipio,0.0,0.0,0.0,0.0,0.0,0.0,0.0,0.0,0.0,0.0,0.0,0.0,0.0,0.0
42159,Rollamienta,municipio,0.0,0.0,0.0,0.0,0.0,0.0,0.0,0.0,0.0,0.0,0.0,0.0,0.0,0.0
42160,"Royo, El",municipio,0.0,0.0,0.0,0.0,0.0,0.0,0.0,0.0,0.0,0.0,0.0,0.0,0.0,0.0
42161,Salduero,municipio,0.0,0.0,0.0,0.0,0.0,0.0,0.0,0.0,0.0,0.0,0.0,0.0,0.0,0.0
42162,San Esteban de Gormaz,municipio,92.0,85.0,83.0,89.0,89.0,90.0,91.0,84.0,81.0,83.0,79.0,72.0,64.0,60.0
42163,San Felices,municipio,0.0,0.0,0.0,0.0,0.0,0.0,0.0,0.0,0.0,0.0,0.0,0.0,0.0,0.0
42164,San Leonardo de Yagüe,municipio,62.0,58.0,57.0,55.0,50.0,43.0,49.0,45.0,42.0,38.0,41.0,43.0,41.0,46.0
42165,San Pedro Manrique,municipio,0.0,0.0,0.0,0.0,0.0,0.0,0.0,0.0,0.0,0.0,0.0,0.0,0.0,0.0
42166,Santa Cruz de Yanguas,municipio,0.0,0.0,0.0,0.0,0.0,0.0,0.0,0.0,0.0,0.0,0.0,0.0,0.0,0.0
42167,Santa María de Huerta,municipio,0.0,0.0,0.0,0.0,0.0,0.0,0.0,0.0,0.0,0.0,0.0,0.0,0.0,0.0
42168,Santa María de las Hoyas,municipio,0.0,0.0,0.0,0.0,0.0,0.0,0.0,0.0,0.0,0.0,0.0,0.0,0.0,0.0
42171,Serón de Nágima,municipio,0.0,0.0,0.0,0.0,0.0,0.0,0.0,0.0,0.0,0.0,0.0,0.0,0.0,0.0
42172,Soliedra,municipio,0.0,0.0,0.0,0.0,0.0,0.0,0.0,0.0,0.0,0.0,0.0,0.0,0.0,0.0
42173,Soria,municipio,1038.0,1006.0,1008.0,1013.0,973.0,973.0,952.0,930.0,940.0,921.0,920.0,838.0,825.0,814.0
42174,Sotillo del Rincón,municipio,0.0,0.0,0.0,0.0,0.0,0.0,0.0,0.0,0.0,0.0,0.0,0.0,0.0,0.0
42175,Suellacabras,municipio,0.0,0.0,0.0,0.0,0.0,0.0,0.0,0.0,0.0,0.0,0.0,0.0,0.0,0.0
42176,Tajahuerce,municipio,0.0,0.0,0.0,0.0,0.0,0.0,0.0,0.0,0.0,0.0,0.0,0.0,0.0,0.0
42177,Tajueco,municipio,0.0,0.0,0.0,0.0,0.0,0.0,0.0,0.0,0.0,0.0,0.0,0.0,0.0,0.0
42178,Talveila,municipio,0.0,0.0,0.0,0.0,0.0,0.0,0.0,0.0,0.0,0.0,0.0,0.0,0.0,0.0
42181,Tardelcuende,municipio,0.0,0.0,0.0,0.0,0.0,0.0,0.0,0.0,0.0,0.0,0.0,0.0,0.0,0.0
42182,Taroda,municipio,0.0,0.0,0.0,0.0,0.0,0.0,0.0,0.0,0.0,0.0,0.0,0.0,0.0,0.0
42183,Tejado,municipio,0.0,0.0,0.0,0.0,0.0,0.0,0.0,0.0,0.0,0.0,0.0,0.0,0.0,0.0
42184,Torlengua,municipio,0.0,0.0,0.0,0.0,0.0,0.0,0.0,0.0,0.0,0.0,0.0,0.0,0.0,0.0
42185,Torreblacos,municipio,0.0,0.0,0.0,0.0,0.0,0.0,0.0,0.0,0.0,0.0,0.0,0.0,0.0,0.0
42187,Torrubia de Soria,municipio,0.0,0.0,0.0,0.0,0.0,0.0,0.0,0.0,0.0,0.0,0.0,0.0,0.0,0.0
42188,Trévago,municipio,0.0,0.0,0.0,0.0,0.0,0.0,0.0,0.0,0.0,0.0,0.0,0.0,0.0,0.0
42189,Ucero,municipio,0.0,0.0,0.0,0.0,0.0,0.0,0.0,0.0,0.0,0.0,0.0,0.0,0.0,0.0
42190,Vadillo,municipio,0.0,0.0,0.0,0.0,0.0,0.0,0.0,0.0,0.0,0.0,0.0,0.0,0.0,0.0
42191,Valdeavellano de Tera,municipio,0.0,0.0,0.0,0.0,0.0,0.0,0.0,0.0,0.0,0.0,0.0,0.0,0.0,0.0
42192,Valdegeña,municipio,0.0,0.0,0.0,0.0,0.0,0.0,0.0,0.0,0.0,0.0,0.0,0.0,0.0,0.0
42193,Valdelagua del Cerro,municipio,0.0,0.0,0.0,0.0,0.0,0.0,0.0,0.0,0.0,0.0,0.0,0.0,0.0,0.0
42194,Valdemaluque,municipio,0.0,0.0,0.0,0.0,0.0,0.0,0.0,0.0,0.0,0.0,0.0,0.0,0.0,0.0
42195,Valdenebro,municipio,0.0,0.0,0.0,0.0,0.0,0.0,0.0,0.0,0.0,0.0,0.0,0.0,0.0,0.0
42196,Valdeprado,municipio,0.0,0.0,0.0,0.0,0.0,0.0,0.0,0.0,0.0,0.0,0.0,0.0,0.0,0.0
42197,Valderrodilla,municipio,0.0,0.0,0.0,0.0,0.0,0.0,0.0,0.0,0.0,0.0,0.0,0.0,0.0,0.0
42198,Valtajeros,municipio,0.0,0.0,0.0,0.0,0.0,0.0,0.0,0.0,0.0,0.0,0.0,0.0,0.0,0.0
42200,Velamazán,municipio,0.0,0.0,0.0,0.0,0.0,0.0,0.0,0.0,0.0,0.0,0.0,0.0,0.0,0.0
42201,Velilla de la Sierra,municipio,0.0,0.0,0.0,0.0,0.0,0.0,0.0,0.0,0.0,0.0,0.0,0.0,0.0,0.0
42202,Velilla de los Ajos,municipio,0.0,0.0,0.0,0.0,0.0,0.0,0.0,0.0,0.0,0.0,0.0,0.0,0.0,0.0
42204,Viana de Duero,municipio,0.0,0.0,0.0,0.0,0.0,0.0,0.0,0.0,0.0,0.0,0.0,0.0,0.0,0.0
42205,Villaciervos,municipio,0.0,0.0,0.0,0.0,0.0,0.0,0.0,0.0,0.0,0.0,0.0,0.0,0.0,0.0
42206,Villanueva de Gormaz,municipio,0.0,0.0,0.0,0.0,0.0,0.0,0.0,0.0,0.0,0.0,0.0,0.0,0.0,0.0
42207,Villar del Ala,municipio,0.0,0.0,0.0,0.0,0.0,0.0,0.0,0.0,0.0,0.0,0.0,0.0,0.0,0.0
42208,Villar del Campo,municipio,0.0,0.0,0.0,0.0,0.0,0.0,0.0,0.0,0.0,0.0,0.0,0.0,0.0,0.0
42209,Villar del Río,municipio,0.0,0.0,0.0,0.0,0.0,0.0,0.0,0.0,0.0,0.0,0.0,0.0,0.0,0.0
42211,"Villares de Soria, Los",municipio,0.0,0.0,0.0,0.0,0.0,0.0,0.0,0.0,0.0,0.0,0.0,0.0,0.0,0.0
42212,Villasayas,municipio,0.0,0.0,0.0,0.0,0.0,0.0,0.0,0.0,0.0,0.0,0.0,0.0,0.0,0.0
42213,Villaseca de Arciel,municipio,0.0,0.0,0.0,0.0,0.0,0.0,0.0,0.0,0.0,0.0,0.0,0.0,0.0,0.0
42215,Vinuesa,municipio,49.0,0.0,0.0,0.0,0.0,0.0,0.0,0.0,0.0,0.0,0.0,0.0,0.0,0.0
42216,Vizmanos,municipio,0.0,0.0,0.0,0.0,0.0,0.0,0.0,0.0,0.0,0.0,0.0,0.0,0.0,0.0
42217,Vozmediano,municipio,0.0,0.0,0.0,0.0,0.0,0.0,0.0,0.0,0.0,0.0,0.0,0.0,0.0,0.0
42218,Yanguas,municipio,0.0,0.0,0.0,0.0,0.0,0.0,0.0,0.0,0.0,0.0,0.0,0.0,0.0,0.0
42219,Yelo,municipio,0.0,0.0,0.0,0.0,0.0,0.0,0.0,0.0,0.0,0.0,0.0,0.0,0.0,0.0
42,Soria,provincia,2407.0,2372.0,2338.0,2357.0,2278.0,2271.0,2209.0,2159.0,2166.0,2147.0,2127.0,1995.0,1981.0,1963.0
43001,Aiguamúrcia,municipio,0.0,0.0,0.0,0.0,0.0,0.0,0.0,0.0,0.0,0.0,0.0,0.0,0.0,0.0
43002,Albinyana,municipio,42.0,44.0,45.0,45.0,42.0,44.0,49.0,49.0,48.0,43.0,47.0,41.0,44.0,45.0
43003,"Albiol, L'",municipio,0.0,0.0,0.0,0.0,0.0,0.0,0.0,0.0,0.0,0.0,0.0,0.0,0.0,0.0
43004,Alcanar,municipio,341.0,320.0,304.0,306.0,310.0,301.0,308.0,312.0,305.0,301.0,302.0,266.0,264.0,278.0
43005,Alcover,municipio,127.0,124.0,127.0,131.0,127.0,124.0,123.0,121.0,122.0,121.0,122.0,125.0,118.0,115.0
43006,Aldover,municipio,0.0,0.0,0.0,0.0,0.0,0.0,0.0,0.0,0.0,0.0,0.0,0.0,0.0,0.0
43007,"Aleixar, L'",municipio,0.0,0.0,0.0,0.0,0.0,0.0,0.0,0.0,0.0,0.0,0.0,0.0,0.0,0.0
43008,Alfara de Carles,municipio,0.0,0.0,0.0,0.0,0.0,0.0,0.0,0.0,0.0,0.0,0.0,0.0,0.0,0.0
43009,Alforja,municipio,47.0,48.0,52.0,55.0,46.0,48.0,46.0,37.0,38.0,32.0,33.0,36.0,32.0,28.0
43010,Alió,municipio,0.0,0.0,0.0,0.0,0.0,0.0,0.0,0.0,0.0,0.0,0.0,0.0,0.0,0.0
43011,Almoster,municipio,38.0,38.0,38.0,35.0,32.0,32.0,31.0,32.0,33.0,31.0,31.0,29.0,28.0,31.0
43012,Altafulla,municipio,130.0,130.0,127.0,130.0,125.0,124.0,122.0,124.0,119.0,128.0,135.0,125.0,123.0,128.0
43013,"Ametlla de Mar, L'",municipio,222.0,205.0,196.0,197.0,223.0,208.0,214.0,209.0,222.0,221.0,217.0,213.0,215.0,214.0
43014,Amposta,municipio,708.0,683.0,641.0,647.0,661.0,644.0,652.0,658.0,673.0,642.0,668.0,594.0,602.0,589.0
43015,Arbolí,municipio,0.0,0.0,0.0,0.0,0.0,0.0,0.0,0.0,0.0,0.0,0.0,0.0,0.0,0.0
43016,"Arboç, L'",municipio,130.0,119.0,113.0,108.0,101.0,101.0,100.0,95.0,102.0,104.0,115.0,97.0,97.0,105.0
43017,"Argentera, L'",municipio,0.0,0.0,0.0,0.0,0.0,0.0,0.0,0.0,0.0,0.0,0.0,0.0,0.0,0.0
43018,Arnes,municipio,0.0,0.0,0.0,0.0,0.0,0.0,0.0,0.0,0.0,0.0,0.0,0.0,0.0,0.0
43019,Ascó,municipio,36.0,35.0,33.0,34.0,32.0,25.0,24.0,26.0,24.0,24.0,28.0,26.0,25.0,24.0
43020,Banyeres del Penedès,municipio,73.0,73.0,57.0,62.0,66.0,62.0,56.0,53.0,49.0,49.0,53.0,52.0,51.0,51.0
43021,Barberà de la Conca,municipio,0.0,0.0,0.0,0.0,0.0,0.0,0.0,0.0,0.0,0.0,0.0,0.0,0.0,0.0
43022,Batea,municipio,57.0,62.0,60.0,58.0,54.0,49.0,47.0,45.0,46.0,45.0,44.0,40.0,39.0,37.0
43023,Bellmunt del Priorat,municipio,0.0,0.0,0.0,0.0,0.0,0.0,0.0,0.0,0.0,0.0,0.0,0.0,0.0,0.0
43024,Bellvei,municipio,78.0,74.0,80.0,71.0,78.0,66.0,61.0,61.0,62.0,60.0,62.0,55.0,61.0,66.0
43025,Benifallet,municipio,0.0,0.0,0.0,0.0,0.0,0.0,0.0,0.0,0.0,0.0,0.0,0.0,0.0,0.0
43026,Benissanet,municipio,37.0,36.0,30.0,29.0,32.0,30.0,33.0,30.0,28.0,29.0,29.0,28.0,24.0,24.0
43027,"Bisbal de Montsant, La",municipio,0.0,0.0,0.0,0.0,0.0,0.0,0.0,0.0,0.0,0.0,0.0,0.0,0.0,0.0
43028,"Bisbal del Penedès, La",municipio,70.0,72.0,75.0,71.0,58.0,66.0,63.0,59.0,54.0,52.0,61.0,65.0,68.0,69.0
43029,Blancafort,municipio,0.0,0.0,0.0,0.0,0.0,0.0,0.0,0.0,0.0,0.0,0.0,0.0,0.0,0.0
43030,Bonastre,municipio,0.0,0.0,0.0,0.0,0.0,0.0,0.0,0.0,0.0,0.0,0.0,0.0,0.0,0.0
43031,"Borges del Camp, Les",municipio,63.0,63.0,57.0,53.0,53.0,50.0,53.0,40.0,45.0,40.0,42.0,40.0,41.0,37.0
43032,Bot,municipio,0.0,0.0,0.0,0.0,0.0,0.0,0.0,0.0,0.0,0.0,0.0,0.0,0.0,0.0
43033,Botarell,municipio,33.0,32.0,32.0,31.0,29.0,30.0,29.0,28.0,30.0,29.0,27.0,25.0,27.0,29.0
43034,Bràfim,municipio,0.0,0.0,0.0,0.0,0.0,0.0,0.0,0.0,0.0,0.0,0.0,0.0,0.0,0.0
43035,Cabacés,municipio,0.0,0.0,0.0,0.0,0.0,0.0,0.0,0.0,0.0,0.0,0.0,0.0,0.0,0.0
43036,Cabra del Camp,municipio,32.0,28.0,26.0,24.0,23.0,22.0,21.0,21.0,15.0,18.0,17.0,14.0,20.0,25.0
43037,Calafell,municipio,701.0,665.0,646.0,621.0,626.0,633.0,624.0,623.0,627.0,617.0,647.0,623.0,656.0,647.0
43038,Cambrils,municipio,1005.0,966.0,965.0,949.0,959.0,977.0,982.0,994.0,991.0,997.0,1029.0,929.0,938.0,930.0
43039,Capafonts,municipio,0.0,0.0,0.0,0.0,0.0,0.0,0.0,0.0,0.0,0.0,0.0,0.0,0.0,0.0
43040,Capçanes,municipio,0.0,0.0,0.0,0.0,0.0,0.0,0.0,0.0,0.0,0.0,0.0,0.0,0.0,0.0
43041,Caseres,municipio,0.0,0.0,0.0,0.0,0.0,0.0,0.0,0.0,0.0,0.0,0.0,0.0,0.0,0.0
43042,Castellvell del Camp,municipio,72.0,77.0,74.0,67.0,70.0,69.0,69.0,67.0,60.0,62.0,62.0,64.0,60.0,53.0
43043,"Catllar, El",municipio,114.0,107.0,103.0,93.0,91.0,98.0,112.0,102.0,101.0,103.0,107.0,110.0,109.0,101.0
43044,"Sénia, La",municipio,194.0,187.0,179.0,178.0,174.0,178.0,172.0,169.0,174.0,166.0,167.0,168.0,162.0,153.0
43045,Colldejou,municipio,0.0,0.0,0.0,0.0,0.0,0.0,0.0,0.0,0.0,0.0,0.0,0.0,0.0,0.0
43046,Conesa,municipio,0.0,0.0,0.0,0.0,0.0,0.0,0.0,0.0,0.0,0.0,0.0,0.0,0.0,0.0
43047,Constantí,municipio,230.0,219.0,222.0,214.0,207.0,200.0,204.0,211.0,210.0,206.0,207.0,196.0,188.0,194.0
43048,Corbera d'Ebre,municipio,28.0,27.0,26.0,27.0,26.0,26.0,25.0,22.0,22.0,20.0,0.0,0.0,18.0,19.0
43049,Cornudella de Montsant,municipio,31.0,32.0,0.0,0.0,0.0,0.0,0.0,0.0,0.0,0.0,0.0,0.0,0.0,42.0
43050,Creixell,municipio,82.0,76.0,74.0,73.0,70.0,81.0,70.0,56.0,73.0,81.0,87.0,92.0,94.0,90.0
43051,Cunit,municipio,266.0,257.0,266.0,276.0,260.0,276.0,268.0,283.0,296.0,275.0,288.0,285.0,298.0,304.0
43052,Xerta,municipio,32.0,31.0,28.0,28.0,29.0,31.0,32.0,29.0,27.0,29.0,37.0,28.0,29.0,27.0
43053,Duesaigües,municipio,0.0,0.0,0.0,0.0,0.0,0.0,0.0,0.0,0.0,0.0,0.0,0.0,0.0,0.0
43054,"Espluga de Francolí, L'",municipio,121.0,111.0,103.0,95.0,101.0,103.0,102.0,96.0,95.0,97.0,100.0,83.0,82.0,75.0
43055,Falset,municipio,95.0,88.0,87.0,84.0,91.0,85.0,87.0,84.0,87.0,87.0,89.0,77.0,75.0,75.0
43056,"Fatarella, La",municipio,35.0,32.0,33.0,30.0,31.0,32.0,0.0,0.0,0.0,0.0,0.0,0.0,0.0,0.0
43057,"Febró, La",municipio,0.0,0.0,0.0,0.0,0.0,0.0,0.0,0.0,0.0,0.0,0.0,0.0,0.0,0.0
43058,"Figuera, La",municipio,0.0,0.0,0.0,0.0,0.0,0.0,0.0,0.0,0.0,0.0,0.0,0.0,0.0,0.0
43059,Figuerola del Camp,municipio,0.0,0.0,0.0,0.0,0.0,0.0,0.0,0.0,0.0,0.0,0.0,0.0,0.0,0.0
43060,Flix,municipio,84.0,79.0,80.0,85.0,79.0,73.0,77.0,77.0,77.0,77.0,77.0,70.0,60.0,59.0
43061,Forès,municipio,0.0,0.0,0.0,0.0,0.0,0.0,0.0,0.0,0.0,0.0,0.0,0.0,0.0,0.0
43062,Freginals,municipio,0.0,0.0,0.0,0.0,0.0,0.0,0.0,0.0,0.0,0.0,0.0,0.0,0.0,0.0
43063,"Galera, La",municipio,0.0,0.0,0.0,0.0,0.0,0.0,0.0,0.0,0.0,0.0,0.0,0.0,0.0,0.0
43064,Gandesa,municipio,102.0,98.0,95.0,97.0,87.0,97.0,93.0,88.0,90.0,81.0,86.0,80.0,81.0,85.0
43065,Garcia,municipio,0.0,0.0,0.0,0.0,0.0,0.0,0.0,0.0,0.0,0.0,0.0,0.0,0.0,0.0
43066,"Garidells, Els",municipio,0.0,0.0,0.0,0.0,0.0,0.0,0.0,0.0,0.0,0.0,0.0,0.0,0.0,0.0
43067,Ginestar,municipio,0.0,0.0,0.0,0.0,0.0,0.0,0.0,0.0,0.0,0.0,0.0,0.0,0.0,0.0
43068,Godall,municipio,0.0,0.0,0.0,0.0,0.0,0.0,0.0,0.0,0.0,0.0,0.0,0.0,0.0,0.0
43069,Gratallops,municipio,0.0,0.0,0.0,0.0,0.0,0.0,0.0,0.0,0.0,0.0,0.0,0.0,0.0,0.0
43070,"Guiamets, Els",municipio,0.0,0.0,0.0,0.0,0.0,0.0,0.0,0.0,0.0,0.0,0.0,0.0,0.0,0.0
43071,Horta de Sant Joan,municipio,47.0,43.0,40.0,38.0,39.0,39.0,38.0,35.0,45.0,40.0,38.0,33.0,30.0,33.0
43072,"Lloar, El",municipio,0.0,0.0,0.0,0.0,0.0,0.0,0.0,0.0,0.0,0.0,0.0,0.0,0.0,0.0
43073,Llorac,municipio,0.0,0.0,0.0,0.0,0.0,0.0,0.0,0.0,0.0,0.0,0.0,0.0,0.0,0.0
43074,Llorenç del Penedès,municipio,73.0,76.0,73.0,75.0,76.0,88.0,80.0,84.0,67.0,67.0,73.0,63.0,60.0,58.0
43075,Margalef,municipio,0.0,0.0,0.0,0.0,0.0,0.0,0.0,0.0,0.0,0.0,0.0,0.0,0.0,0.0
43076,Marçà,municipio,0.0,0.0,0.0,0.0,0.0,0.0,0.0,0.0,0.0,0.0,0.0,0.0,0.0,0.0
43077,Mas de Barberans,municipio,0.0,0.0,0.0,0.0,0.0,0.0,0.0,0.0,0.0,0.0,0.0,0.0,0.0,0.0
43078,Masdenverge,municipio,17.0,20.0,15.0,15.0,18.0,18.0,16.0,15.0,15.0,13.0,15.0,20.0,15.0,14.0
43079,Masllorenç,municipio,0.0,0.0,0.0,0.0,0.0,0.0,0.0,0.0,0.0,0.0,0.0,0.0,0.0,0.0
43080,"Masó, La",municipio,0.0,0.0,0.0,0.0,0.0,0.0,0.0,0.0,0.0,0.0,0.0,0.0,0.0,0.0
43081,Maspujols,municipio,0.0,0.0,0.0,0.0,0.0,0.0,0.0,0.0,0.0,0.0,0.0,0.0,0.0,0.0
43082,"Masroig, El",municipio,0.0,0.0,0.0,0.0,0.0,0.0,0.0,0.0,0.0,0.0,0.0,0.0,0.0,0.0
43083,"Milà, El",municipio,0.0,0.0,0.0,0.0,0.0,0.0,0.0,0.0,0.0,0.0,0.0,0.0,0.0,0.0
43084,Miravet,municipio,0.0,0.0,0.0,0.0,0.0,0.0,0.0,0.0,0.0,0.0,0.0,0.0,0.0,0.0
43085,"Molar, El",municipio,0.0,0.0,0.0,0.0,0.0,0.0,0.0,0.0,0.0,0.0,0.0,0.0,0.0,0.0
43086,Montblanc,municipio,191.0,184.0,179.0,195.0,182.0,178.0,170.0,185.0,183.0,181.0,181.0,181.0,175.0,187.0
43088,Montbrió del Camp,municipio,68.0,66.0,70.0,69.0,72.0,65.0,60.0,52.0,54.0,53.0,54.0,52.0,59.0,60.0
43089,Montferri,municipio,0.0,0.0,0.0,0.0,0.0,0.0,0.0,0.0,0.0,0.0,0.0,0.0,0.0,0.0
43090,"Montmell, El",municipio,22.0,19.0,21.0,23.0,22.0,23.0,19.0,15.0,24.0,22.0,19.0,24.0,24.0,25.0
43091,Mont-ral,municipio,0.0,0.0,0.0,0.0,0.0,0.0,0.0,0.0,0.0,0.0,0.0,0.0,0.0,0.0
43092,Mont-roig del Camp,municipio,343.0,325.0,326.0,315.0,321.0,325.0,328.0,336.0,328.0,335.0,315.0,314.0,343.0,342.0
43093,Móra d'Ebre,municipio,167.0,161.0,154.0,152.0,152.0,155.0,140.0,143.0,139.0,142.0,141.0,135.0,128.0,126.0
43094,Móra la Nova,municipio,91.0,87.0,85.0,79.0,82.0,85.0,84.0,85.0,86.0,83.0,82.0,71.0,76.0,70.0
43095,"Morell, El",municipio,96.0,90.0,94.0,98.0,103.0,113.0,112.0,92.0,96.0,83.0,78.0,75.0,76.0,76.0
43096,"Morera de Montsant, La",municipio,0.0,0.0,0.0,0.0,0.0,0.0,0.0,0.0,0.0,0.0,0.0,0.0,0.0,0.0
43097,"Nou de Gaià, La",municipio,0.0,0.0,0.0,0.0,0.0,0.0,0.0,0.0,0.0,0.0,0.0,0.0,0.0,0.0
43098,Nulles,municipio,0.0,0.0,0.0,0.0,0.0,0.0,0.0,0.0,0.0,0.0,0.0,0.0,0.0,0.0
43099,"Palma d'Ebre, La",municipio,0.0,0.0,0.0,0.0,0.0,0.0,0.0,0.0,0.0,0.0,0.0,0.0,0.0,0.0
43100,"Pallaresos, Els",municipio,80.0,79.0,83.0,87.0,85.0,94.0,80.0,88.0,87.0,86.0,84.0,79.0,83.0,88.0
43101,Passanant i Belltall,municipio,0.0,0.0,0.0,0.0,0.0,0.0,0.0,0.0,0.0,0.0,0.0,0.0,0.0,0.0
43102,Paüls,municipio,0.0,0.0,0.0,0.0,0.0,0.0,0.0,0.0,0.0,0.0,0.0,0.0,0.0,0.0
43103,Perafort,municipio,34.0,33.0,32.0,37.0,40.0,40.0,34.0,30.0,29.0,33.0,36.0,31.0,29.0,29.0
43104,"Perelló, El",municipio,88.0,93.0,95.0,104.0,99.0,102.0,101.0,98.0,100.0,97.0,98.0,87.0,91.0,91.0
43105,"Piles, Les",municipio,0.0,0.0,0.0,0.0,0.0,0.0,0.0,0.0,0.0,0.0,0.0,0.0,0.0,0.0
43106,"Pinell de Brai, El",municipio,37.0,34.0,29.0,29.0,29.0,31.0,31.0,0.0,26.0,29.0,0.0,0.0,27.0,0.0
43107,Pira,municipio,0.0,0.0,0.0,0.0,0.0,0.0,0.0,0.0,0.0,0.0,0.0,0.0,0.0,0.0
43108,"Pla de Santa Maria, El",municipio,58.0,56.0,50.0,51.0,45.0,46.0,46.0,44.0,44.0,45.0,40.0,35.0,34.0,38.0
43109,"Pobla de Mafumet, La",municipio,55.0,49.0,56.0,58.0,59.0,60.0,65.0,65.0,67.0,71.0,66.0,61.0,57.0,56.0
43110,"Pobla de Massaluca, La",municipio,0.0,0.0,0.0,0.0,0.0,0.0,0.0,0.0,0.0,0.0,0.0,0.0,0.0,0.0
43111,"Pobla de Montornès, La",municipio,78.0,69.0,65.0,73.0,66.0,67.0,64.0,64.0,71.0,65.0,64.0,63.0,59.0,64.0
43112,Poboleda,municipio,0.0,0.0,0.0,0.0,0.0,0.0,0.0,0.0,0.0,0.0,0.0,0.0,0.0,0.0
43113,"Pont d'Armentera, El",municipio,0.0,0.0,0.0,0.0,0.0,0.0,0.0,0.0,0.0,0.0,0.0,0.0,0.0,0.0
43114,Porrera,municipio,0.0,0.0,0.0,0.0,0.0,0.0,0.0,0.0,0.0,0.0,0.0,0.0,0.0,0.0
43115,Pradell de la Teixeta,municipio,0.0,0.0,0.0,0.0,0.0,0.0,0.0,0.0,0.0,0.0,0.0,0.0,0.0,0.0
43116,Prades,municipio,0.0,0.0,0.0,0.0,0.0,0.0,0.0,0.0,0.0,0.0,0.0,0.0,0.0,0.0
43117,Prat de Comte,municipio,0.0,0.0,0.0,0.0,0.0,0.0,0.0,0.0,0.0,0.0,0.0,0.0,0.0,0.0
43118,Pratdip,municipio,0.0,0.0,0.0,0.0,0.0,0.0,0.0,0.0,0.0,0.0,0.0,0.0,0.0,0.0
43119,Puigpelat,municipio,20.0,19.0,16.0,17.0,18.0,20.0,17.0,20.0,19.0,22.0,24.0,15.0,12.0,12.0
43120,Querol,municipio,0.0,0.0,0.0,0.0,0.0,0.0,0.0,0.0,0.0,0.0,0.0,0.0,0.0,0.0
43121,Rasquera,municipio,0.0,0.0,0.0,0.0,0.0,0.0,0.0,0.0,0.0,0.0,0.0,0.0,0.0,0.0
43122,Renau,municipio,0.0,0.0,0.0,0.0,0.0,0.0,0.0,0.0,0.0,0.0,0.0,0.0,0.0,0.0
43123,Reus,municipio,2699.0,2665.0,2604.0,2598.0,2556.0,2529.0,2458.0,2426.0,2458.0,2417.0,2415.0,2212.0,2222.0,2232.0
43124,"Riba, La",municipio,0.0,0.0,0.0,0.0,0.0,0.0,0.0,0.0,0.0,0.0,0.0,0.0,0.0,0.0
43125,Riba-roja d'Ebre,municipio,30.0,30.0,33.0,29.0,27.0,27.0,30.0,26.0,27.0,24.0,23.0,20.0,17.0,16.0
43126,"Riera de Gaià, La",municipio,47.0,48.0,48.0,42.0,39.0,33.0,31.0,33.0,28.0,25.0,27.0,25.0,32.0,32.0
43127,Riudecanyes,municipio,27.0,31.0,30.0,34.0,32.0,30.0,28.0,30.0,31.0,30.0,30.0,32.0,30.0,32.0
43128,Riudecols,municipio,24.0,26.0,24.0,21.0,20.0,22.0,23.0,19.0,21.0,19.0,19.0,19.0,15.0,14.0
43129,Riudoms,municipio,194.0,195.0,196.0,187.0,173.0,188.0,178.0,177.0,171.0,168.0,170.0,170.0,169.0,166.0
43130,Rocafort de Queralt,municipio,0.0,0.0,0.0,0.0,0.0,0.0,0.0,0.0,0.0,0.0,0.0,0.0,0.0,0.0
43131,Roda de Berà,municipio,206.0,211.0,197.0,198.0,194.0,191.0,185.0,194.0,208.0,220.0,220.0,208.0,216.0,208.0
43132,Rodonyà,municipio,0.0,0.0,0.0,0.0,0.0,0.0,0.0,0.0,0.0,0.0,0.0,0.0,0.0,0.0
43133,Roquetes,municipio,188.0,185.0,189.0,182.0,174.0,175.0,170.0,165.0,168.0,165.0,160.0,161.0,164.0,156.0
43134,"Rourell, El",municipio,0.0,0.0,0.0,0.0,0.0,0.0,0.0,0.0,0.0,0.0,0.0,0.0,0.0,0.0
43135,Salomó,municipio,0.0,0.0,0.0,0.0,0.0,0.0,0.0,0.0,0.0,0.0,0.0,0.0,0.0,0.0
43136,"Ràpita, La",municipio,454.0,455.0,427.0,413.0,432.0,432.0,432.0,424.0,425.0,408.0,424.0,396.0,398.0,401.0
43137,Sant Jaume dels Domenys,municipio,67.0,72.0,80.0,78.0,74.0,79.0,78.0,80.0,76.0,76.0,73.0,80.0,77.0,78.0
43138,Santa Bàrbara,municipio,94.0,95.0,98.0,92.0,89.0,90.0,95.0,101.0,98.0,102.0,107.0,107.0,94.0,91.0
43139,Santa Coloma de Queralt,municipio,86.0,84.0,83.0,77.0,83.0,87.0,84.0,81.0,79.0,80.0,79.0,75.0,78.0,79.0
43140,Santa Oliva,municipio,105.0,101.0,94.0,93.0,100.0,108.0,101.0,94.0,93.0,104.0,108.0,103.0,104.0,95.0
43141,Pontils,municipio,0.0,0.0,0.0,0.0,0.0,0.0,0.0,0.0,0.0,0.0,0.0,0.0,0.0,0.0
43142,Sarral,municipio,36.0,33.0,32.0,36.0,37.0,38.0,37.0,34.0,34.0,34.0,32.0,33.0,34.0,37.0
43143,Savallà del Comtat,municipio,0.0,0.0,0.0,0.0,0.0,0.0,0.0,0.0,0.0,0.0,0.0,0.0,0.0,0.0
43144,"Secuita, La",municipio,44.0,45.0,44.0,41.0,41.0,41.0,39.0,34.0,38.0,37.0,40.0,29.0,31.0,26.0
43145,"Selva del Camp, La",municipio,134.0,136.0,133.0,125.0,130.0,130.0,129.0,120.0,120.0,122.0,107.0,104.0,110.0,103.0
43146,Senan,municipio,0.0,0.0,0.0,0.0,0.0,0.0,0.0,0.0,0.0,0.0,0.0,0.0,0.0,0.0
43147,Solivella,municipio,0.0,0.0,0.0,0.0,0.0,0.0,0.0,0.0,0.0,0.0,0.0,0.0,0.0,0.0
43148,Tarragona,municipio,3054.0,2908.0,2849.0,2827.0,2792.0,2825.0,2805.0,2701.0,2781.0,2795.0,2822.0,2490.0,2529.0,2535.0
43149,Tivenys,municipio,0.0,0.0,0.0,0.0,0.0,0.0,0.0,0.0,0.0,0.0,0.0,0.0,0.0,0.0
43150,Tivissa,municipio,42.0,41.0,39.0,40.0,43.0,41.0,43.0,41.0,44.0,42.0,44.0,43.0,40.0,42.0
43151,"Torre de Fontaubella, La",municipio,0.0,0.0,0.0,0.0,0.0,0.0,0.0,0.0,0.0,0.0,0.0,0.0,0.0,0.0
43152,"Torre de l'Espanyol, La",municipio,0.0,0.0,0.0,0.0,0.0,0.0,0.0,0.0,0.0,0.0,0.0,0.0,0.0,0.0
43153,Torredembarra,municipio,472.0,471.0,470.0,438.0,448.0,418.0,434.0,441.0,445.0,454.0,457.0,425.0,433.0,416.0
43154,Torroja del Priorat,municipio,0.0,0.0,0.0,0.0,0.0,0.0,0.0,0.0,0.0,0.0,0.0,0.0,0.0,0.0
43155,Tortosa,municipio,953.0,928.0,902.0,881.0,879.0,875.0,868.0,834.0,823.0,809.0,808.0,703.0,711.0,737.0
43156,Ulldecona,municipio,184.0,186.0,179.0,171.0,180.0,179.0,182.0,173.0,175.0,173.0,185.0,170.0,172.0,177.0
43157,Ulldemolins,municipio,0.0,0.0,0.0,0.0,0.0,0.0,0.0,0.0,0.0,0.0,0.0,0.0,0.0,0.0
43158,Vallclara,municipio,0.0,0.0,0.0,0.0,0.0,0.0,0.0,0.0,0.0,0.0,0.0,0.0,0.0,0.0
43159,Vallfogona de Riucorb,municipio,0.0,0.0,0.0,0.0,0.0,0.0,0.0,0.0,0.0,0.0,0.0,0.0,0.0,0.0
43160,Vallmoll,municipio,38.0,36.0,44.0,46.0,41.0,42.0,44.0,41.0,40.0,35.0,40.0,37.0,36.0,29.0
43161,Valls,municipio,657.0,632.0,624.0,608.0,587.0,588.0,571.0,545.0,538.0,534.0,527.0,518.0,515.0,503.0
43162,Vandellòs i l'Hospitalet de l'Infant,municipio,144.0,141.0,149.0,150.0,145.0,152.0,150.0,151.0,158.0,163.0,160.0,154.0,156.0,167.0
43163,"Vendrell, El",municipio,926.0,889.0,862.0,849.0,842.0,846.0,872.0,845.0,870.0,860.0,854.0,810.0,806.0,833.0
43164,Vespella de Gaià,municipio,0.0,0.0,0.0,0.0,0.0,0.0,0.0,0.0,0.0,0.0,0.0,0.0,0.0,0.0
43165,Vilabella,municipio,0.0,0.0,0.0,0.0,0.0,0.0,0.0,0.0,0.0,0.0,0.0,0.0,0.0,0.0
43166,Vilallonga del Camp,municipio,51.0,44.0,50.0,47.0,51.0,48.0,50.0,49.0,48.0,48.0,49.0,41.0,42.0,41.0
43167,Vilanova d'Escornalbou,municipio,0.0,0.0,0.0,0.0,0.0,0.0,0.0,0.0,0.0,0.0,0.0,0.0,0.0,0.0
43168,Vilanova de Prades,municipio,0.0,0.0,0.0,0.0,0.0,0.0,0.0,0.0,0.0,0.0,0.0,0.0,0.0,0.0
43169,Vilaplana,municipio,0.0,0.0,0.0,0.0,0.0,0.0,0.0,0.0,0.0,0.0,0.0,0.0,0.0,0.0
43170,Vila-rodona,municipio,36.0,36.0,32.0,31.0,32.0,31.0,32.0,30.0,30.0,31.0,31.0,26.0,25.0,24.0
43171,Vila-seca,municipio,546.0,537.0,530.0,495.0,500.0,512.0,527.0,499.0,514.0,517.0,525.0,499.0,505.0,505.0
43172,Vilaverd,municipio,0.0,0.0,0.0,0.0,0.0,0.0,0.0,0.0,0.0,0.0,0.0,0.0,0.0,0.0
43173,"Vilella Alta, La",municipio,0.0,0.0,0.0,0.0,0.0,0.0,0.0,0.0,0.0,0.0,0.0,0.0,0.0,0.0
43174,"Vilella Baixa, La",municipio,0.0,0.0,0.0,0.0,0.0,0.0,0.0,0.0,0.0,0.0,0.0,0.0,0.0,0.0
43175,Vilalba dels Arcs,municipio,0.0,0.0,0.0,0.0,0.0,0.0,0.0,0.0,0.0,0.0,0.0,0.0,0.0,0.0
43176,Vimbodí i Poblet,municipio,23.0,21.0,0.0,0.0,0.0,0.0,0.0,0.0,0.0,0.0,0.0,0.0,0.0,0.0
43177,Vinebre,municipio,0.0,0.0,0.0,0.0,0.0,0.0,0.0,0.0,0.0,0.0,0.0,0.0,0.0,0.0
43178,Vinyols i els Arcs,municipio,64.0,55.0,54.0,58.0,59.0,59.0,55.0,48.0,50.0,56.0,55.0,54.0,52.0,57.0
43901,Deltebre,municipio,351.0,333.0,319.0,316.0,319.0,320.0,325.0,305.0,309.0,316.0,320.0,308.0,308.0,298.0
43902,Sant Jaume d'Enveja,municipio,90.0,91.0,82.0,76.0,75.0,81.0,83.0,83.0,83.0,86.0,80.0,82.0,77.0,81.0
43903,Camarles,municipio,105.0,114.0,104.0,103.0,104.0,102.0,108.0,103.0,104.0,108.0,107.0,97.0,98.0,96.0
43904,"Aldea, L'",municipio,133.0,135.0,134.0,136.0,149.0,147.0,148.0,144.0,146.0,149.0,143.0,127.0,135.0,128.0
43905,Salou,municipio,819.0,794.0,755.0,736.0,726.0,753.0,742.0,770.0,791.0,833.0,828.0,765.0,771.0,796.0
43906,"Ampolla, L'",municipio,110.0,108.0,117.0,114.0,108.0,103.0,107.0,107.0,102.0,104.0,109.0,110.0,108.0,115.0
43907,"Canonja, La",municipio,0.0,110.0,103.0,106.0,112.0,101.0,107.0,113.0,109.0,99.0,101.0,87.0,92.0,89.0
43,Tarragona,provincia,21386.0,20760.0,20278.0,19983.0,19886.0,19952.0,19786.0,19424.0,19632.0,19552.0,19715.0,18313.0,18431.0,18463.0
44001,Ababuj,municipio,0.0,0.0,0.0,0.0,0.0,0.0,0.0,0.0,0.0,0.0,0.0,0.0,0.0,0.0
44002,Abejuela,municipio,0.0,0.0,0.0,0.0,0.0,0.0,0.0,0.0,0.0,0.0,0.0,0.0,0.0,0.0
44003,Aguatón,municipio,0.0,0.0,0.0,0.0,0.0,0.0,0.0,0.0,0.0,0.0,0.0,0.0,0.0,0.0
44004,Aguaviva,municipio,0.0,0.0,0.0,0.0,0.0,0.0,0.0,0.0,0.0,0.0,0.0,0.0,0.0,0.0
44005,Aguilar del Alfambra,municipio,0.0,0.0,0.0,0.0,0.0,0.0,0.0,0.0,0.0,0.0,0.0,0.0,0.0,0.0
44006,Alacón,municipio,0.0,0.0,0.0,0.0,0.0,0.0,0.0,0.0,0.0,0.0,0.0,0.0,0.0,0.0
44007,Alba,municipio,0.0,0.0,0.0,0.0,0.0,0.0,0.0,0.0,0.0,0.0,0.0,0.0,0.0,0.0
44008,Albalate del Arzobispo,municipio,45.0,45.0,47.0,46.0,41.0,41.0,42.0,43.0,44.0,40.0,40.0,41.0,46.0,45.0
44009,Albarracín,municipio,63.0,60.0,57.0,57.0,58.0,63.0,66.0,67.0,68.0,69.0,0.0,62.0,62.0,65.0
44010,Albentosa,municipio,0.0,0.0,0.0,0.0,0.0,0.0,0.0,0.0,0.0,0.0,0.0,0.0,0.0,0.0
44011,Alcaine,municipio,0.0,0.0,0.0,0.0,0.0,0.0,0.0,0.0,0.0,0.0,0.0,0.0,0.0,0.0
44012,Alcalá de la Selva,municipio,0.0,0.0,0.0,0.0,0.0,0.0,0.0,0.0,0.0,0.0,0.0,0.0,0.0,0.0
44013,Alcañiz,municipio,487.0,481.0,489.0,498.0,503.0,490.0,500.0,506.0,497.0,473.0,478.0,427.0,422.0,425.0
44014,Alcorisa,municipio,110.0,104.0,102.0,95.0,98.0,92.0,92.0,86.0,80.0,84.0,88.0,80.0,73.0,73.0
44016,Alfambra,municipio,0.0,0.0,0.0,0.0,0.0,0.0,0.0,0.0,0.0,0.0,0.0,0.0,0.0,0.0
44017,Aliaga,municipio,0.0,0.0,0.0,0.0,0.0,0.0,0.0,0.0,0.0,0.0,0.0,0.0,0.0,0.0
44018,Almohaja,municipio,0.0,0.0,0.0,0.0,0.0,0.0,0.0,0.0,0.0,0.0,0.0,0.0,0.0,0.0
44019,Alobras,municipio,0.0,0.0,0.0,0.0,0.0,0.0,0.0,0.0,0.0,0.0,0.0,0.0,0.0,0.0
44020,Alpeñés,municipio,0.0,0.0,0.0,0.0,0.0,0.0,0.0,0.0,0.0,0.0,0.0,0.0,0.0,0.0
44021,Allepuz,municipio,0.0,0.0,0.0,0.0,0.0,0.0,0.0,0.0,0.0,0.0,0.0,0.0,0.0,0.0
44022,Alloza,municipio,0.0,0.0,0.0,0.0,0.0,0.0,0.0,0.0,0.0,0.0,0.0,0.0,0.0,0.0
44023,Allueva,municipio,0.0,0.0,0.0,0.0,0.0,0.0,0.0,0.0,0.0,0.0,0.0,0.0,0.0,0.0
44024,Anadón,municipio,0.0,0.0,0.0,0.0,0.0,0.0,0.0,0.0,0.0,0.0,0.0,0.0,0.0,0.0
44025,Andorra,municipio,203.0,201.0,197.0,189.0,190.0,194.0,200.0,200.0,194.0,182.0,179.0,169.0,157.0,155.0
44026,Arcos de las Salinas,municipio,0.0,0.0,0.0,0.0,0.0,0.0,0.0,0.0,0.0,0.0,0.0,0.0,0.0,0.0
44027,Arens de Lledó,municipio,0.0,0.0,0.0,0.0,0.0,0.0,0.0,0.0,0.0,0.0,0.0,0.0,0.0,0.0
44028,Argente,municipio,0.0,0.0,0.0,0.0,0.0,0.0,0.0,0.0,0.0,0.0,0.0,0.0,0.0,0.0
44029,Ariño,municipio,0.0,0.0,0.0,0.0,0.0,0.0,0.0,0.0,0.0,0.0,0.0,0.0,0.0,0.0
44031,Azaila,municipio,0.0,0.0,0.0,0.0,0.0,0.0,0.0,0.0,0.0,0.0,0.0,0.0,0.0,0.0
44032,Bádenas,municipio,0.0,0.0,0.0,0.0,0.0,0.0,0.0,0.0,0.0,0.0,0.0,0.0,0.0,0.0
44033,Báguena,municipio,0.0,0.0,0.0,0.0,0.0,0.0,0.0,0.0,0.0,0.0,0.0,0.0,0.0,0.0
44034,Bañón,municipio,0.0,0.0,0.0,0.0,0.0,0.0,0.0,0.0,0.0,0.0,0.0,0.0,0.0,0.0
44035,Barrachina,municipio,0.0,0.0,0.0,0.0,0.0,0.0,0.0,0.0,0.0,0.0,0.0,0.0,0.0,0.0
44036,Bea,municipio,0.0,0.0,0.0,0.0,0.0,0.0,0.0,0.0,0.0,0.0,0.0,0.0,0.0,0.0
44037,Beceite,municipio,0.0,0.0,0.0,0.0,0.0,0.0,0.0,0.0,0.0,0.0,0.0,0.0,0.0,0.0
44038,Belmonte de San José,municipio,0.0,0.0,0.0,0.0,0.0,0.0,0.0,0.0,0.0,0.0,0.0,0.0,0.0,0.0
44039,Bello,municipio,0.0,0.0,0.0,0.0,0.0,0.0,0.0,0.0,0.0,0.0,0.0,0.0,0.0,0.0
44040,Berge,municipio,0.0,0.0,0.0,0.0,0.0,0.0,0.0,0.0,0.0,0.0,0.0,0.0,0.0,0.0
44041,Bezas,municipio,0.0,0.0,0.0,0.0,0.0,0.0,0.0,0.0,0.0,0.0,0.0,0.0,0.0,0.0
44042,Blancas,municipio,0.0,0.0,0.0,0.0,0.0,0.0,0.0,0.0,0.0,0.0,0.0,0.0,0.0,0.0
44043,Blesa,municipio,0.0,0.0,0.0,0.0,0.0,0.0,0.0,0.0,0.0,0.0,0.0,0.0,0.0,0.0
44044,Bordón,municipio,0.0,0.0,0.0,0.0,0.0,0.0,0.0,0.0,0.0,0.0,0.0,0.0,0.0,0.0
44045,Bronchales,municipio,0.0,0.0,0.0,0.0,0.0,0.0,0.0,0.0,0.0,0.0,0.0,0.0,0.0,0.0
44046,Bueña,municipio,0.0,0.0,0.0,0.0,0.0,0.0,0.0,0.0,0.0,0.0,0.0,0.0,0.0,0.0
44047,Burbáguena,municipio,0.0,0.0,0.0,0.0,0.0,0.0,0.0,0.0,0.0,0.0,0.0,0.0,0.0,0.0
44048,Cabra de Mora,municipio,0.0,0.0,0.0,0.0,0.0,0.0,0.0,0.0,0.0,0.0,0.0,0.0,0.0,0.0
44049,Calaceite,municipio,47.0,44.0,45.0,44.0,39.0,40.0,42.0,42.0,0.0,0.0,0.0,0.0,0.0,0.0
44050,Calamocha,municipio,147.0,149.0,139.0,136.0,138.0,146.0,147.0,151.0,141.0,141.0,145.0,135.0,131.0,127.0
44051,Calanda,municipio,110.0,102.0,103.0,101.0,86.0,86.0,84.0,84.0,87.0,84.0,89.0,89.0,81.0,81.0
44052,Calomarde,municipio,0.0,0.0,0.0,0.0,0.0,0.0,0.0,0.0,0.0,0.0,0.0,0.0,0.0,0.0
44053,Camañas,municipio,0.0,0.0,0.0,0.0,0.0,0.0,0.0,0.0,0.0,0.0,0.0,0.0,0.0,0.0
44054,Camarena de la Sierra,municipio,0.0,0.0,0.0,0.0,0.0,0.0,0.0,0.0,0.0,0.0,0.0,0.0,0.0,0.0
44055,Camarillas,municipio,0.0,0.0,0.0,0.0,0.0,0.0,0.0,0.0,0.0,0.0,0.0,0.0,0.0,0.0
44056,Caminreal,municipio,0.0,0.0,0.0,0.0,0.0,0.0,0.0,0.0,0.0,0.0,0.0,0.0,0.0,0.0
44059,Cantavieja,municipio,0.0,0.0,0.0,0.0,0.0,0.0,0.0,0.0,0.0,0.0,0.0,0.0,0.0,0.0
44060,Cañada de Benatanduz,municipio,0.0,0.0,0.0,0.0,0.0,0.0,0.0,0.0,0.0,0.0,0.0,0.0,0.0,0.0
44061,"Cañada de Verich, La",municipio,0.0,0.0,0.0,0.0,0.0,0.0,0.0,0.0,0.0,0.0,0.0,0.0,0.0,0.0
44062,Cañada Vellida,municipio,0.0,0.0,0.0,0.0,0.0,0.0,0.0,0.0,0.0,0.0,0.0,0.0,0.0,0.0
44063,Cañizar del Olivar,municipio,0.0,0.0,0.0,0.0,0.0,0.0,0.0,0.0,0.0,0.0,0.0,0.0,0.0,0.0
44064,Cascante del Río,municipio,0.0,0.0,0.0,0.0,0.0,0.0,0.0,0.0,0.0,0.0,0.0,0.0,0.0,0.0
44065,Castejón de Tornos,municipio,0.0,0.0,0.0,0.0,0.0,0.0,0.0,0.0,0.0,0.0,0.0,0.0,0.0,0.0
44066,Castel de Cabra,municipio,0.0,0.0,0.0,0.0,0.0,0.0,0.0,0.0,0.0,0.0,0.0,0.0,0.0,0.0
44067,Castelnou,municipio,0.0,0.0,0.0,0.0,0.0,0.0,0.0,0.0,0.0,0.0,0.0,0.0,0.0,0.0
44068,Castelserás,municipio,0.0,0.0,0.0,0.0,0.0,0.0,0.0,0.0,0.0,0.0,0.0,0.0,0.0,0.0
44070,"Castellar, El",municipio,0.0,0.0,0.0,0.0,0.0,0.0,0.0,0.0,0.0,0.0,0.0,0.0,0.0,0.0
44071,Castellote,municipio,0.0,0.0,0.0,0.0,0.0,0.0,0.0,0.0,0.0,0.0,0.0,0.0,0.0,0.0
44074,Cedrillas,municipio,0.0,0.0,0.0,0.0,0.0,0.0,0.0,0.0,0.0,0.0,0.0,0.0,0.0,0.0
44075,Celadas,municipio,0.0,0.0,0.0,0.0,0.0,0.0,0.0,0.0,0.0,0.0,0.0,0.0,0.0,0.0
44076,Cella,municipio,58.0,62.0,64.0,59.0,60.0,61.0,58.0,61.0,60.0,61.0,59.0,49.0,52.0,51.0
44077,"Cerollera, La",municipio,0.0,0.0,0.0,0.0,0.0,0.0,0.0,0.0,0.0,0.0,0.0,0.0,0.0,0.0
44080,"Codoñera, La",municipio,0.0,0.0,0.0,0.0,0.0,0.0,0.0,0.0,0.0,0.0,0.0,0.0,0.0,0.0
44082,Corbalán,municipio,0.0,0.0,0.0,0.0,0.0,0.0,0.0,0.0,0.0,0.0,0.0,0.0,0.0,0.0
44084,Cortes de Aragón,municipio,0.0,0.0,0.0,0.0,0.0,0.0,0.0,0.0,0.0,0.0,0.0,0.0,0.0,0.0
44085,Cosa,municipio,0.0,0.0,0.0,0.0,0.0,0.0,0.0,0.0,0.0,0.0,0.0,0.0,0.0,0.0
44086,Cretas,municipio,0.0,0.0,0.0,0.0,0.0,0.0,0.0,0.0,0.0,0.0,0.0,0.0,0.0,0.0
44087,Crivillén,municipio,0.0,0.0,0.0,0.0,0.0,0.0,0.0,0.0,0.0,0.0,0.0,0.0,0.0,0.0
44088,"Cuba, La",municipio,0.0,0.0,0.0,0.0,0.0,0.0,0.0,0.0,0.0,0.0,0.0,0.0,0.0,0.0
44089,Cubla,municipio,0.0,0.0,0.0,0.0,0.0,0.0,0.0,0.0,0.0,0.0,0.0,0.0,0.0,0.0
44090,Cucalón,municipio,0.0,0.0,0.0,0.0,0.0,0.0,0.0,0.0,0.0,0.0,0.0,0.0,0.0,0.0
44092,"Cuervo, El",municipio,0.0,0.0,0.0,0.0,0.0,0.0,0.0,0.0,0.0,0.0,0.0,0.0,0.0,0.0
44093,Cuevas de Almudén,municipio,0.0,0.0,0.0,0.0,0.0,0.0,0.0,0.0,0.0,0.0,0.0,0.0,0.0,0.0
44094,Cuevas Labradas,municipio,0.0,0.0,0.0,0.0,0.0,0.0,0.0,0.0,0.0,0.0,0.0,0.0,0.0,0.0
44096,Ejulve,municipio,0.0,0.0,0.0,0.0,0.0,0.0,0.0,0.0,0.0,0.0,0.0,0.0,0.0,0.0
44097,Escorihuela,municipio,0.0,0.0,0.0,0.0,0.0,0.0,0.0,0.0,0.0,0.0,0.0,0.0,0.0,0.0
44099,Escucha,municipio,21.0,0.0,16.0,0.0,0.0,0.0,0.0,0.0,0.0,0.0,0.0,0.0,0.0,0.0
44100,Estercuel,municipio,0.0,0.0,0.0,0.0,0.0,0.0,0.0,0.0,0.0,0.0,0.0,0.0,0.0,0.0
44101,Ferreruela de Huerva,municipio,0.0,0.0,0.0,0.0,0.0,0.0,0.0,0.0,0.0,0.0,0.0,0.0,0.0,0.0
44102,Fonfría,municipio,0.0,0.0,0.0,0.0,0.0,0.0,0.0,0.0,0.0,0.0,0.0,0.0,0.0,0.0
44103,Formiche Alto,municipio,0.0,0.0,0.0,0.0,0.0,0.0,0.0,0.0,0.0,0.0,0.0,0.0,0.0,0.0
44105,Fórnoles,municipio,0.0,0.0,0.0,0.0,0.0,0.0,0.0,0.0,0.0,0.0,0.0,0.0,0.0,0.0
44106,Fortanete,municipio,0.0,0.0,0.0,0.0,0.0,0.0,0.0,0.0,0.0,0.0,0.0,0.0,0.0,0.0
44107,Foz-Calanda,municipio,0.0,0.0,0.0,0.0,0.0,0.0,0.0,0.0,0.0,0.0,0.0,0.0,0.0,0.0
44108,"Fresneda, La",municipio,0.0,0.0,0.0,0.0,0.0,0.0,0.0,0.0,0.0,0.0,0.0,0.0,0.0,0.0
44109,Frías de Albarracín,municipio,0.0,0.0,0.0,0.0,0.0,0.0,0.0,0.0,0.0,0.0,0.0,0.0,0.0,0.0
44110,Fuenferrada,municipio,0.0,0.0,0.0,0.0,0.0,0.0,0.0,0.0,0.0,0.0,0.0,0.0,0.0,0.0
44111,Fuentes Calientes,municipio,0.0,0.0,0.0,0.0,0.0,0.0,0.0,0.0,0.0,0.0,0.0,0.0,0.0,0.0
44112,Fuentes Claras,municipio,0.0,0.0,0.0,0.0,0.0,0.0,0.0,0.0,0.0,0.0,0.0,0.0,0.0,0.0
44113,Fuentes de Rubielos,municipio,0.0,0.0,0.0,0.0,0.0,0.0,0.0,0.0,0.0,0.0,0.0,0.0,0.0,0.0
44114,Fuentespalda,municipio,0.0,0.0,0.0,0.0,0.0,0.0,0.0,0.0,0.0,0.0,0.0,0.0,0.0,0.0
44115,Galve,municipio,0.0,0.0,0.0,0.0,0.0,0.0,0.0,0.0,0.0,0.0,0.0,0.0,0.0,0.0
44116,Gargallo,municipio,0.0,0.0,0.0,0.0,0.0,0.0,0.0,0.0,0.0,0.0,0.0,0.0,0.0,0.0
44117,Gea de Albarracín,municipio,0.0,0.0,0.0,0.0,0.0,0.0,0.0,0.0,0.0,0.0,0.0,0.0,0.0,0.0
44118,"Ginebrosa, La",municipio,0.0,0.0,0.0,0.0,0.0,0.0,0.0,0.0,0.0,0.0,0.0,0.0,0.0,0.0
44119,Griegos,municipio,0.0,0.0,0.0,0.0,0.0,0.0,0.0,0.0,0.0,0.0,0.0,0.0,0.0,0.0
44120,Guadalaviar,municipio,0.0,0.0,0.0,0.0,0.0,0.0,0.0,0.0,0.0,0.0,0.0,0.0,0.0,0.0
44121,Gúdar,municipio,0.0,0.0,0.0,0.0,0.0,0.0,0.0,0.0,0.0,0.0,0.0,0.0,0.0,0.0
44122,Híjar,municipio,40.0,45.0,41.0,39.0,41.0,38.0,39.0,35.0,37.0,32.0,35.0,36.0,35.0,33.0
44123,Hinojosa de Jarque,municipio,0.0,0.0,0.0,0.0,0.0,0.0,0.0,0.0,0.0,0.0,0.0,0.0,0.0,0.0
44124,"Hoz de la Vieja, La",municipio,0.0,0.0,0.0,0.0,0.0,0.0,0.0,0.0,0.0,0.0,0.0,0.0,0.0,0.0
44125,Huesa del Común,municipio,0.0,0.0,0.0,0.0,0.0,0.0,0.0,0.0,0.0,0.0,0.0,0.0,0.0,0.0
44126,"Iglesuela del Cid, La",municipio,0.0,0.0,0.0,0.0,0.0,0.0,0.0,0.0,0.0,0.0,0.0,0.0,0.0,0.0
44127,Jabaloyas,municipio,0.0,0.0,0.0,0.0,0.0,0.0,0.0,0.0,0.0,0.0,0.0,0.0,0.0,0.0
44128,Jarque de la Val,municipio,0.0,0.0,0.0,0.0,0.0,0.0,0.0,0.0,0.0,0.0,0.0,0.0,0.0,0.0
44129,Jatiel,municipio,0.0,0.0,0.0,0.0,0.0,0.0,0.0,0.0,0.0,0.0,0.0,0.0,0.0,0.0
44130,Jorcas,municipio,0.0,0.0,0.0,0.0,0.0,0.0,0.0,0.0,0.0,0.0,0.0,0.0,0.0,0.0
44131,Josa,municipio,0.0,0.0,0.0,0.0,0.0,0.0,0.0,0.0,0.0,0.0,0.0,0.0,0.0,0.0
44132,Lagueruela,municipio,0.0,0.0,0.0,0.0,0.0,0.0,0.0,0.0,0.0,0.0,0.0,0.0,0.0,0.0
44133,Lanzuela,municipio,0.0,0.0,0.0,0.0,0.0,0.0,0.0,0.0,0.0,0.0,0.0,0.0,0.0,0.0
44135,Libros,municipio,0.0,0.0,0.0,0.0,0.0,0.0,0.0,0.0,0.0,0.0,0.0,0.0,0.0,0.0
44136,Lidón,municipio,0.0,0.0,0.0,0.0,0.0,0.0,0.0,0.0,0.0,0.0,0.0,0.0,0.0,0.0
44137,Linares de Mora,municipio,0.0,0.0,0.0,0.0,0.0,0.0,0.0,0.0,0.0,0.0,0.0,0.0,0.0,0.0
44138,Loscos,municipio,0.0,0.0,0.0,0.0,0.0,0.0,0.0,0.0,0.0,0.0,0.0,0.0,0.0,0.0
44141,Lledó,municipio,0.0,0.0,0.0,0.0,0.0,0.0,0.0,0.0,0.0,0.0,0.0,0.0,0.0,0.0
44142,Maicas,municipio,0.0,0.0,0.0,0.0,0.0,0.0,0.0,0.0,0.0,0.0,0.0,0.0,0.0,0.0
44143,Manzanera,municipio,0.0,0.0,0.0,0.0,0.0,0.0,0.0,0.0,0.0,0.0,0.0,0.0,0.0,0.0
44144,Martín del Río,municipio,0.0,0.0,0.0,0.0,0.0,0.0,0.0,0.0,0.0,0.0,0.0,0.0,0.0,0.0
44145,Mas de las Matas,municipio,36.0,35.0,35.0,35.0,40.0,36.0,38.0,36.0,37.0,35.0,35.0,30.0,31.0,33.0
44146,"Mata de los Olmos, La",municipio,0.0,0.0,0.0,0.0,0.0,0.0,0.0,0.0,0.0,0.0,0.0,0.0,0.0,0.0
44147,Mazaleón,municipio,0.0,0.0,0.0,0.0,0.0,0.0,0.0,0.0,0.0,0.0,0.0,0.0,0.0,0.0
44148,Mezquita de Jarque,municipio,0.0,0.0,0.0,0.0,0.0,0.0,0.0,0.0,0.0,0.0,0.0,0.0,0.0,0.0
44149,Mirambel,municipio,0.0,0.0,0.0,0.0,0.0,0.0,0.0,0.0,0.0,0.0,0.0,0.0,0.0,0.0
44150,Miravete de la Sierra,municipio,0.0,0.0,0.0,0.0,0.0,0.0,0.0,0.0,0.0,0.0,0.0,0.0,0.0,0.0
44151,Molinos,municipio,0.0,0.0,0.0,0.0,0.0,0.0,0.0,0.0,0.0,0.0,0.0,0.0,0.0,0.0
44152,Monforte de Moyuela,municipio,0.0,0.0,0.0,0.0,0.0,0.0,0.0,0.0,0.0,0.0,0.0,0.0,0.0,0.0
44153,Monreal del Campo,municipio,70.0,72.0,70.0,74.0,72.0,73.0,72.0,73.0,72.0,71.0,72.0,67.0,69.0,65.0
44154,Monroyo,municipio,0.0,0.0,0.0,0.0,0.0,0.0,0.0,0.0,0.0,0.0,0.0,0.0,0.0,0.0
44155,Montalbán,municipio,36.0,36.0,37.0,34.0,33.0,42.0,39.0,35.0,36.0,33.0,36.0,33.0,33.0,32.0
44156,Monteagudo del Castillo,municipio,0.0,0.0,0.0,0.0,0.0,0.0,0.0,0.0,0.0,0.0,0.0,0.0,0.0,0.0
44157,Monterde de Albarracín,municipio,0.0,0.0,0.0,0.0,0.0,0.0,0.0,0.0,0.0,0.0,0.0,0.0,0.0,0.0
44158,Mora de Rubielos,municipio,61.0,55.0,63.0,62.0,61.0,59.0,59.0,57.0,54.0,54.0,55.0,48.0,45.0,44.0
44159,Moscardón,municipio,0.0,0.0,0.0,0.0,0.0,0.0,0.0,0.0,0.0,0.0,0.0,0.0,0.0,0.0
44160,Mosqueruela,municipio,0.0,0.0,0.0,0.0,0.0,0.0,0.0,0.0,0.0,0.0,0.0,0.0,0.0,0.0
44161,Muniesa,municipio,0.0,0.0,0.0,0.0,0.0,0.0,0.0,0.0,0.0,0.0,0.0,0.0,0.0,0.0
44163,Noguera de Albarracín,municipio,0.0,0.0,0.0,0.0,0.0,0.0,0.0,0.0,0.0,0.0,0.0,0.0,0.0,0.0
44164,Nogueras,municipio,0.0,0.0,0.0,0.0,0.0,0.0,0.0,0.0,0.0,0.0,0.0,0.0,0.0,0.0
44165,Nogueruelas,municipio,0.0,0.0,0.0,0.0,0.0,0.0,0.0,0.0,0.0,0.0,0.0,0.0,0.0,0.0
44167,Obón,municipio,0.0,0.0,0.0,0.0,0.0,0.0,0.0,0.0,0.0,0.0,0.0,0.0,0.0,0.0
44168,Odón,municipio,0.0,0.0,0.0,0.0,0.0,0.0,0.0,0.0,0.0,0.0,0.0,0.0,0.0,0.0
44169,Ojos Negros,municipio,0.0,0.0,0.0,0.0,0.0,0.0,0.0,0.0,0.0,0.0,0.0,0.0,0.0,0.0
44171,Olba,municipio,0.0,0.0,0.0,0.0,0.0,0.0,0.0,0.0,0.0,0.0,0.0,0.0,0.0,0.0
44172,Oliete,municipio,0.0,0.0,0.0,0.0,0.0,0.0,0.0,0.0,0.0,0.0,0.0,0.0,0.0,0.0
44173,"Olmos, Los",municipio,0.0,0.0,0.0,0.0,0.0,0.0,0.0,0.0,0.0,0.0,0.0,0.0,0.0,0.0
44174,Orihuela del Tremedal,municipio,0.0,0.0,0.0,0.0,0.0,0.0,0.0,0.0,0.0,0.0,0.0,0.0,0.0,0.0
44175,Orrios,municipio,0.0,0.0,0.0,0.0,0.0,0.0,0.0,0.0,0.0,0.0,0.0,0.0,0.0,0.0
44176,Palomar de Arroyos,municipio,0.0,0.0,0.0,0.0,0.0,0.0,0.0,0.0,0.0,0.0,0.0,0.0,0.0,0.0
44177,Pancrudo,municipio,0.0,0.0,0.0,0.0,0.0,0.0,0.0,0.0,0.0,0.0,0.0,0.0,0.0,0.0
44178,"Parras de Castellote, Las",municipio,0.0,0.0,0.0,0.0,0.0,0.0,0.0,0.0,0.0,0.0,0.0,0.0,0.0,0.0
44179,Peñarroya de Tastavins,municipio,0.0,0.0,0.0,0.0,0.0,0.0,0.0,0.0,0.0,0.0,0.0,0.0,0.0,0.0
44180,Peracense,municipio,0.0,0.0,0.0,0.0,0.0,0.0,0.0,0.0,0.0,0.0,0.0,0.0,0.0,0.0
44181,Peralejos,municipio,0.0,0.0,0.0,0.0,0.0,0.0,0.0,0.0,0.0,0.0,0.0,0.0,0.0,0.0
44182,Perales del Alfambra,municipio,0.0,0.0,0.0,0.0,0.0,0.0,0.0,0.0,0.0,0.0,0.0,0.0,0.0,0.0
44183,Pitarque,municipio,0.0,0.0,0.0,0.0,0.0,0.0,0.0,0.0,0.0,0.0,0.0,0.0,0.0,0.0
44184,Plou,municipio,0.0,0.0,0.0,0.0,0.0,0.0,0.0,0.0,0.0,0.0,0.0,0.0,0.0,0.0
44185,"Pobo, El",municipio,0.0,0.0,0.0,0.0,0.0,0.0,0.0,0.0,0.0,0.0,0.0,0.0,0.0,0.0
44187,"Portellada, La",municipio,0.0,0.0,0.0,0.0,0.0,0.0,0.0,0.0,0.0,0.0,0.0,0.0,0.0,0.0
44189,Pozondón,municipio,0.0,0.0,0.0,0.0,0.0,0.0,0.0,0.0,0.0,0.0,0.0,0.0,0.0,0.0
44190,Pozuel del Campo,municipio,0.0,0.0,0.0,0.0,0.0,0.0,0.0,0.0,0.0,0.0,0.0,0.0,0.0,0.0
44191,"Puebla de Híjar, La",municipio,26.0,0.0,0.0,0.0,0.0,0.0,0.0,0.0,0.0,0.0,0.0,0.0,0.0,0.0
44192,"Puebla de Valverde, La",municipio,0.0,0.0,0.0,0.0,0.0,0.0,0.0,0.0,0.0,0.0,0.0,0.0,0.0,0.0
44193,Puertomingalvo,municipio,0.0,0.0,0.0,0.0,0.0,0.0,0.0,0.0,0.0,0.0,0.0,0.0,0.0,0.0
44194,Ráfales,municipio,0.0,0.0,0.0,0.0,0.0,0.0,0.0,0.0,0.0,0.0,0.0,0.0,0.0,0.0
44195,Rillo,municipio,0.0,0.0,0.0,0.0,0.0,0.0,0.0,0.0,0.0,0.0,0.0,0.0,0.0,0.0
44196,Riodeva,municipio,0.0,0.0,0.0,0.0,0.0,0.0,0.0,0.0,0.0,0.0,0.0,0.0,0.0,0.0
44197,Ródenas,municipio,0.0,0.0,0.0,0.0,0.0,0.0,0.0,0.0,0.0,0.0,0.0,0.0,0.0,0.0
44198,Royuela,municipio,0.0,0.0,0.0,0.0,0.0,0.0,0.0,0.0,0.0,0.0,0.0,0.0,0.0,0.0
44199,Rubiales,municipio,0.0,0.0,0.0,0.0,0.0,0.0,0.0,0.0,0.0,0.0,0.0,0.0,0.0,0.0
44200,Rubielos de la Cérida,municipio,0.0,0.0,0.0,0.0,0.0,0.0,0.0,0.0,0.0,0.0,0.0,0.0,0.0,0.0
44201,Rubielos de Mora,municipio,0.0,0.0,0.0,0.0,0.0,0.0,0.0,0.0,0.0,0.0,0.0,0.0,0.0,0.0
44203,Salcedillo,municipio,0.0,0.0,0.0,0.0,0.0,0.0,0.0,0.0,0.0,0.0,0.0,0.0,0.0,0.0
44204,Saldón,municipio,0.0,0.0,0.0,0.0,0.0,0.0,0.0,0.0,0.0,0.0,0.0,0.0,0.0,0.0
44205,Samper de Calanda,municipio,0.0,0.0,0.0,0.0,0.0,0.0,0.0,0.0,0.0,0.0,0.0,0.0,0.0,0.0
44206,San Agustín,municipio,0.0,0.0,0.0,0.0,0.0,0.0,0.0,0.0,0.0,0.0,0.0,0.0,0.0,0.0
44207,San Martín del Río,municipio,0.0,0.0,0.0,0.0,0.0,0.0,0.0,0.0,0.0,0.0,0.0,0.0,0.0,0.0
44208,Santa Cruz de Nogueras,municipio,0.0,0.0,0.0,0.0,0.0,0.0,0.0,0.0,0.0,0.0,0.0,0.0,0.0,0.0
44209,Santa Eulalia,municipio,31.0,31.0,33.0,31.0,32.0,34.0,36.0,37.0,34.0,33.0,33.0,27.0,26.0,23.0
44210,Sarrión,municipio,41.0,43.0,46.0,40.0,38.0,38.0,42.0,37.0,37.0,35.0,34.0,31.0,33.0,35.0
44211,Segura de los Baños,municipio,0.0,0.0,0.0,0.0,0.0,0.0,0.0,0.0,0.0,0.0,0.0,0.0,0.0,0.0
44212,Seno,municipio,0.0,0.0,0.0,0.0,0.0,0.0,0.0,0.0,0.0,0.0,0.0,0.0,0.0,0.0
44213,Singra,municipio,0.0,0.0,0.0,0.0,0.0,0.0,0.0,0.0,0.0,0.0,0.0,0.0,0.0,0.0
44215,Terriente,municipio,0.0,0.0,0.0,0.0,0.0,0.0,0.0,0.0,0.0,0.0,0.0,0.0,0.0,0.0
44216,Teruel,municipio,985.0,958.0,945.0,948.0,938.0,920.0,907.0,896.0,890.0,852.0,854.0,794.0,832.0,818.0
44217,Toril y Masegoso,municipio,0.0,0.0,0.0,0.0,0.0,0.0,0.0,0.0,0.0,0.0,0.0,0.0,0.0,0.0
44218,Tormón,municipio,0.0,0.0,0.0,0.0,0.0,0.0,0.0,0.0,0.0,0.0,0.0,0.0,0.0,0.0
44219,Tornos,municipio,0.0,0.0,0.0,0.0,0.0,0.0,0.0,0.0,0.0,0.0,0.0,0.0,0.0,0.0
44220,Torralba de los Sisones,municipio,0.0,0.0,0.0,0.0,0.0,0.0,0.0,0.0,0.0,0.0,0.0,0.0,0.0,0.0
44221,Torrecilla de Alcañiz,municipio,0.0,0.0,0.0,0.0,0.0,0.0,0.0,0.0,0.0,0.0,0.0,0.0,0.0,0.0
44222,Torrecilla del Rebollar,municipio,0.0,0.0,0.0,0.0,0.0,0.0,0.0,0.0,0.0,0.0,0.0,0.0,0.0,0.0
44223,Torre de Arcas,municipio,0.0,0.0,0.0,0.0,0.0,0.0,0.0,0.0,0.0,0.0,0.0,0.0,0.0,0.0
44224,Torre de las Arcas,municipio,0.0,0.0,0.0,0.0,0.0,0.0,0.0,0.0,0.0,0.0,0.0,0.0,0.0,0.0
44225,Torre del Compte,municipio,0.0,0.0,0.0,0.0,0.0,0.0,0.0,0.0,0.0,0.0,0.0,0.0,0.0,0.0
44226,Torrelacárcel,municipio,0.0,0.0,0.0,0.0,0.0,0.0,0.0,0.0,0.0,0.0,0.0,0.0,0.0,0.0
44227,Torre los Negros,municipio,0.0,0.0,0.0,0.0,0.0,0.0,0.0,0.0,0.0,0.0,0.0,0.0,0.0,0.0
44228,Torremocha de Jiloca,municipio,0.0,0.0,0.0,0.0,0.0,0.0,0.0,0.0,0.0,0.0,0.0,0.0,0.0,0.0
44229,Torres de Albarracín,municipio,0.0,0.0,0.0,0.0,0.0,0.0,0.0,0.0,0.0,0.0,0.0,0.0,0.0,0.0
44230,Torrevelilla,municipio,0.0,0.0,0.0,0.0,0.0,0.0,0.0,0.0,0.0,0.0,0.0,0.0,0.0,0.0
44231,Torrijas,municipio,0.0,0.0,0.0,0.0,0.0,0.0,0.0,0.0,0.0,0.0,0.0,0.0,0.0,0.0
44232,Torrijo del Campo,municipio,0.0,0.0,0.0,0.0,0.0,0.0,0.0,0.0,0.0,0.0,0.0,0.0,0.0,0.0
44234,Tramacastiel,municipio,0.0,0.0,0.0,0.0,0.0,0.0,0.0,0.0,0.0,0.0,0.0,0.0,0.0,0.0
44235,Tramacastilla,municipio,0.0,0.0,0.0,0.0,0.0,0.0,0.0,0.0,0.0,0.0,0.0,0.0,0.0,0.0
44236,Tronchón,municipio,0.0,0.0,0.0,0.0,0.0,0.0,0.0,0.0,0.0,0.0,0.0,0.0,0.0,0.0
44237,Urrea de Gaén,municipio,0.0,0.0,0.0,0.0,0.0,0.0,0.0,0.0,0.0,0.0,0.0,0.0,0.0,0.0
44238,Utrillas,municipio,68.0,65.0,62.0,65.0,65.0,63.0,62.0,64.0,59.0,54.0,55.0,48.0,44.0,36.0
44239,Valacloche,municipio,0.0,0.0,0.0,0.0,0.0,0.0,0.0,0.0,0.0,0.0,0.0,0.0,0.0,0.0
44240,Valbona,municipio,0.0,0.0,0.0,0.0,0.0,0.0,0.0,0.0,0.0,0.0,0.0,0.0,0.0,0.0
44241,Valdealgorfa,municipio,0.0,0.0,0.0,0.0,0.0,0.0,0.0,0.0,0.0,0.0,0.0,0.0,0.0,0.0
44243,Valdecuenca,municipio,0.0,0.0,0.0,0.0,0.0,0.0,0.0,0.0,0.0,0.0,0.0,0.0,0.0,0.0
44244,Valdelinares,municipio,0.0,0.0,0.0,0.0,0.0,0.0,0.0,0.0,0.0,0.0,0.0,0.0,0.0,0.0
44245,Valdeltormo,municipio,0.0,0.0,0.0,0.0,0.0,0.0,0.0,0.0,0.0,0.0,0.0,0.0,0.0,0.0
44246,Valderrobres,municipio,94.0,90.0,93.0,95.0,98.0,101.0,102.0,99.0,103.0,105.0,108.0,105.0,103.0,106.0
44247,Valjunquera,municipio,0.0,0.0,0.0,0.0,0.0,0.0,0.0,0.0,0.0,0.0,0.0,0.0,0.0,0.0
44249,"Vallecillo, El",municipio,0.0,0.0,0.0,0.0,0.0,0.0,0.0,0.0,0.0,0.0,0.0,0.0,0.0,0.0
44250,Veguillas de la Sierra,municipio,0.0,0.0,0.0,0.0,0.0,0.0,0.0,0.0,0.0,0.0,0.0,0.0,0.0,0.0
44251,Villafranca del Campo,municipio,0.0,0.0,0.0,0.0,0.0,0.0,0.0,0.0,0.0,0.0,0.0,0.0,0.0,0.0
44252,Villahermosa del Campo,municipio,0.0,0.0,0.0,0.0,0.0,0.0,0.0,0.0,0.0,0.0,0.0,0.0,0.0,0.0
44256,Villanueva del Rebollar de la Sierra,municipio,0.0,0.0,0.0,0.0,0.0,0.0,0.0,0.0,0.0,0.0,0.0,0.0,0.0,0.0
44257,Villar del Cobo,municipio,0.0,0.0,0.0,0.0,0.0,0.0,0.0,0.0,0.0,0.0,0.0,0.0,0.0,0.0
44258,Villar del Salz,municipio,0.0,0.0,0.0,0.0,0.0,0.0,0.0,0.0,0.0,0.0,0.0,0.0,0.0,0.0
44260,Villarluengo,municipio,0.0,0.0,0.0,0.0,0.0,0.0,0.0,0.0,0.0,0.0,0.0,0.0,0.0,0.0
44261,Villarquemado,municipio,0.0,0.0,0.0,0.0,0.0,0.0,0.0,0.0,0.0,0.0,0.0,0.0,0.0,0.0
44262,Villarroya de los Pinares,municipio,0.0,0.0,0.0,0.0,0.0,0.0,0.0,0.0,0.0,0.0,0.0,0.0,0.0,0.0
44263,Villastar,municipio,0.0,0.0,0.0,0.0,0.0,0.0,0.0,0.0,0.0,0.0,0.0,0.0,0.0,0.0
44264,Villel,municipio,0.0,0.0,0.0,0.0,0.0,0.0,0.0,0.0,0.0,0.0,0.0,0.0,0.0,0.0
44265,Vinaceite,municipio,0.0,0.0,0.0,0.0,0.0,0.0,0.0,0.0,0.0,0.0,0.0,0.0,0.0,0.0
44266,Visiedo,municipio,0.0,0.0,0.0,0.0,0.0,0.0,0.0,0.0,0.0,0.0,0.0,0.0,0.0,0.0
44267,Vivel del Río Martín,municipio,0.0,0.0,0.0,0.0,0.0,0.0,0.0,0.0,0.0,0.0,0.0,0.0,0.0,0.0
44268,"Zoma, La",municipio,0.0,0.0,0.0,0.0,0.0,0.0,0.0,0.0,0.0,0.0,0.0,0.0,0.0,0.0
44,Teruel,provincia,3815.0,3759.0,3734.0,3706.0,3693.0,3671.0,3700.0,3640.0,3610.0,3494.0,3517.0,3283.0,3285.0,3237.0
45001,Ajofrín,municipio,66.0,64.0,62.0,60.0,61.0,65.0,61.0,58.0,54.0,54.0,54.0,54.0,50.0,54.0
45002,Alameda de la Sagra,municipio,87.0,80.0,86.0,91.0,88.0,81.0,80.0,83.0,82.0,82.0,82.0,85.0,88.0,86.0
45003,Albarreal de Tajo,municipio,0.0,0.0,0.0,0.0,0.0,0.0,0.0,0.0,0.0,0.0,0.0,0.0,0.0,0.0
45004,Alcabón,municipio,0.0,0.0,0.0,0.0,0.0,0.0,0.0,0.0,0.0,0.0,0.0,0.0,0.0,0.0
45005,Alcañizo,municipio,0.0,0.0,0.0,0.0,0.0,0.0,0.0,0.0,0.0,0.0,0.0,0.0,0.0,0.0
45006,Alcaudete de la Jara,municipio,37.0,42.0,36.0,35.0,31.0,35.0,34.0,39.0,33.0,31.0,30.0,28.0,28.0,27.0
45007,Alcolea de Tajo,municipio,0.0,0.0,0.0,0.0,0.0,0.0,0.0,0.0,0.0,0.0,0.0,0.0,0.0,0.0
45008,Aldea en Cabo,municipio,0.0,0.0,0.0,0.0,0.0,0.0,0.0,0.0,0.0,0.0,0.0,0.0,0.0,0.0
45009,Aldeanueva de Barbarroya,municipio,0.0,0.0,0.0,0.0,0.0,0.0,0.0,0.0,0.0,0.0,0.0,0.0,0.0,0.0
45010,Aldeanueva de San Bartolomé,municipio,0.0,0.0,0.0,0.0,0.0,0.0,0.0,0.0,0.0,0.0,0.0,0.0,0.0,0.0
45011,Almendral de la Cañada,municipio,0.0,0.0,0.0,0.0,0.0,0.0,0.0,0.0,0.0,0.0,0.0,0.0,0.0,0.0
45012,Almonacid de Toledo,municipio,0.0,0.0,0.0,0.0,0.0,0.0,0.0,0.0,0.0,0.0,0.0,0.0,0.0,0.0
45013,Almorox,municipio,64.0,65.0,60.0,65.0,66.0,65.0,64.0,64.0,63.0,59.0,54.0,50.0,57.0,60.0
45014,Añover de Tajo,municipio,114.0,109.0,115.0,115.0,104.0,105.0,102.0,105.0,106.0,108.0,105.0,94.0,92.0,94.0
45015,Arcicóllar,municipio,0.0,0.0,0.0,0.0,0.0,0.0,0.0,0.0,0.0,0.0,0.0,24.0,20.0,20.0
45016,Argés,municipio,125.0,129.0,121.0,106.0,111.0,121.0,121.0,123.0,121.0,131.0,124.0,117.0,107.0,108.0
45017,Azután,municipio,0.0,0.0,0.0,0.0,0.0,0.0,0.0,0.0,0.0,0.0,0.0,0.0,0.0,0.0
45018,Barcience,municipio,0.0,0.0,0.0,0.0,0.0,0.0,0.0,0.0,0.0,0.0,0.0,20.0,19.0,19.0
45019,Bargas,municipio,165.0,171.0,171.0,169.0,172.0,167.0,175.0,176.0,189.0,173.0,169.0,151.0,149.0,153.0
45020,Belvís de la Jara,municipio,35.0,32.0,32.0,32.0,31.0,29.0,27.0,29.0,32.0,29.0,28.0,33.0,29.0,26.0
45021,Borox,municipio,125.0,123.0,116.0,125.0,118.0,109.0,116.0,122.0,135.0,133.0,132.0,134.0,149.0,149.0
45022,Buenaventura,municipio,0.0,0.0,0.0,0.0,0.0,0.0,0.0,0.0,0.0,0.0,0.0,0.0,0.0,0.0
45023,Burguillos de Toledo,municipio,58.0,59.0,65.0,67.0,63.0,74.0,76.0,73.0,80.0,77.0,83.0,79.0,82.0,82.0
45024,Burujón,municipio,40.0,36.0,37.0,31.0,32.0,28.0,28.0,26.0,27.0,25.0,24.0,21.0,21.0,24.0
45025,Cabañas de la Sagra,municipio,49.0,53.0,51.0,50.0,47.0,49.0,48.0,47.0,43.0,43.0,44.0,38.0,38.0,41.0
45026,Cabañas de Yepes,municipio,0.0,0.0,0.0,0.0,0.0,0.0,0.0,0.0,0.0,0.0,0.0,0.0,0.0,0.0
45027,Cabezamesada,municipio,0.0,0.0,0.0,0.0,0.0,0.0,0.0,0.0,0.0,0.0,0.0,0.0,0.0,0.0
45028,Calera y Chozas,municipio,103.0,107.0,101.0,103.0,95.0,91.0,101.0,103.0,96.0,103.0,109.0,99.0,93.0,98.0
45029,Caleruela,municipio,0.0,0.0,0.0,0.0,0.0,0.0,0.0,0.0,0.0,0.0,0.0,0.0,0.0,0.0
45030,Calzada de Oropesa,municipio,0.0,0.0,0.0,0.0,0.0,0.0,0.0,0.0,0.0,0.0,0.0,0.0,0.0,0.0
45031,Camarena,municipio,114.0,104.0,97.0,99.0,99.0,104.0,99.0,87.0,85.0,88.0,85.0,80.0,85.0,87.0
45032,Camarenilla,municipio,0.0,0.0,0.0,0.0,0.0,0.0,0.0,0.0,0.0,0.0,0.0,0.0,0.0,0.0
45033,"Campillo de la Jara, El",municipio,0.0,0.0,0.0,0.0,0.0,0.0,0.0,0.0,0.0,0.0,0.0,0.0,0.0,0.0
45034,Camuñas,municipio,55.0,54.0,49.0,51.0,49.0,50.0,48.0,50.0,53.0,51.0,50.0,46.0,47.0,45.0
45035,Cardiel de los Montes,municipio,0.0,0.0,0.0,0.0,0.0,0.0,0.0,0.0,0.0,0.0,0.0,0.0,0.0,0.0
45036,Carmena,municipio,0.0,0.0,0.0,0.0,0.0,0.0,0.0,0.0,0.0,0.0,0.0,0.0,0.0,0.0
45037,"Carpio de Tajo, El",municipio,52.0,47.0,42.0,43.0,36.0,37.0,36.0,40.0,36.0,34.0,35.0,29.0,30.0,31.0
45038,Carranque,municipio,133.0,124.0,135.0,131.0,124.0,119.0,124.0,137.0,142.0,140.0,130.0,122.0,121.0,118.0
45039,Carriches,municipio,0.0,0.0,0.0,0.0,0.0,0.0,0.0,0.0,0.0,0.0,0.0,0.0,0.0,0.0
45040,"Casar de Escalona, El",municipio,44.0,44.0,42.0,46.0,43.0,42.0,36.0,37.0,40.0,39.0,36.0,36.0,35.0,43.0
45041,Casarrubios del Monte,municipio,230.0,225.0,215.0,204.0,206.0,209.0,214.0,214.0,213.0,205.0,216.0,210.0,222.0,221.0
45042,Casasbuenas,municipio,0.0,0.0,0.0,0.0,0.0,0.0,0.0,0.0,0.0,0.0,0.0,0.0,0.0,0.0
45043,Castillo de Bayuela,municipio,17.0,16.0,0.0,0.0,0.0,0.0,0.0,0.0,0.0,0.0,0.0,0.0,0.0,0.0
45045,Cazalegas,municipio,59.0,58.0,56.0,59.0,69.0,66.0,68.0,73.0,83.0,82.0,86.0,85.0,86.0,88.0
45046,Cebolla,municipio,74.0,78.0,78.0,79.0,85.0,85.0,75.0,72.0,70.0,68.0,71.0,73.0,71.0,71.0
45047,Cedillo del Condado,municipio,96.0,96.0,100.0,101.0,100.0,101.0,99.0,100.0,96.0,103.0,95.0,95.0,88.0,90.0
45048,"Cerralbos, Los",municipio,0.0,0.0,0.0,0.0,0.0,0.0,0.0,0.0,0.0,0.0,0.0,0.0,0.0,0.0
45049,Cervera de los Montes,municipio,0.0,0.0,0.0,0.0,0.0,0.0,0.0,0.0,0.0,0.0,0.0,0.0,0.0,0.0
45050,Ciruelos,municipio,0.0,0.0,0.0,0.0,0.0,0.0,0.0,0.0,0.0,0.0,0.0,0.0,0.0,0.0
45051,Cobeja,municipio,59.0,54.0,52.0,51.0,49.0,49.0,52.0,49.0,44.0,40.0,45.0,46.0,49.0,49.0
45052,Cobisa,municipio,93.0,91.0,96.0,97.0,91.0,93.0,98.0,104.0,101.0,99.0,93.0,100.0,97.0,91.0
45053,Consuegra,municipio,296.0,295.0,305.0,309.0,285.0,287.0,279.0,283.0,285.0,270.0,280.0,273.0,281.0,268.0
45054,Corral de Almaguer,municipio,152.0,150.0,153.0,155.0,149.0,144.0,142.0,133.0,131.0,127.0,129.0,118.0,116.0,114.0
45055,Cuerva,municipio,52.0,52.0,47.0,45.0,42.0,42.0,42.0,40.0,38.0,36.0,38.0,34.0,41.0,34.0
45056,Chozas de Canales,municipio,62.0,51.0,60.0,46.0,45.0,46.0,50.0,49.0,45.0,55.0,61.0,60.0,56.0,63.0
45057,Chueca,municipio,0.0,0.0,0.0,0.0,0.0,0.0,0.0,0.0,0.0,0.0,0.0,0.0,0.0,0.0
45058,Domingo Pérez,municipio,0.0,0.0,0.0,0.0,0.0,0.0,0.0,0.0,0.0,0.0,0.0,0.0,0.0,0.0
45059,Dosbarrios,municipio,64.0,63.0,64.0,59.0,52.0,59.0,67.0,68.0,61.0,66.0,63.0,63.0,60.0,57.0
45060,Erustes,municipio,0.0,0.0,0.0,0.0,0.0,0.0,0.0,0.0,0.0,0.0,0.0,0.0,0.0,0.0
45061,Escalona,municipio,109.0,104.0,103.0,105.0,96.0,105.0,99.0,97.0,97.0,98.0,98.0,95.0,102.0,98.0
45062,Escalonilla,municipio,40.0,41.0,42.0,39.0,38.0,35.0,36.0,39.0,45.0,43.0,43.0,37.0,38.0,34.0
45063,Espinoso del Rey,municipio,0.0,0.0,0.0,0.0,0.0,0.0,0.0,0.0,0.0,0.0,0.0,0.0,0.0,0.0
45064,Esquivias,municipio,154.0,147.0,136.0,133.0,133.0,136.0,130.0,147.0,134.0,133.0,136.0,126.0,120.0,115.0
45065,"Estrella, La",municipio,0.0,0.0,0.0,0.0,0.0,0.0,0.0,0.0,0.0,0.0,0.0,0.0,0.0,0.0
45066,Fuensalida,municipio,288.0,295.0,277.0,274.0,276.0,284.0,274.0,277.0,277.0,276.0,288.0,282.0,264.0,254.0
45067,Gálvez,municipio,105.0,104.0,102.0,105.0,109.0,107.0,107.0,108.0,103.0,106.0,105.0,87.0,85.0,85.0
45068,Garciotum,municipio,0.0,0.0,0.0,0.0,0.0,0.0,0.0,0.0,0.0,0.0,0.0,0.0,0.0,0.0
45069,Gerindote,municipio,72.0,67.0,64.0,70.0,72.0,67.0,65.0,62.0,60.0,59.0,60.0,52.0,60.0,54.0
45070,Guadamur,municipio,70.0,65.0,61.0,63.0,59.0,58.0,55.0,55.0,54.0,52.0,49.0,41.0,45.0,51.0
45071,"Guardia, La",municipio,72.0,74.0,69.0,64.0,62.0,59.0,58.0,63.0,64.0,63.0,59.0,58.0,57.0,59.0
45072,"Herencias, Las",municipio,0.0,0.0,0.0,0.0,0.0,0.0,0.0,0.0,0.0,0.0,0.0,0.0,0.0,0.0
45073,Herreruela de Oropesa,municipio,0.0,0.0,0.0,0.0,0.0,0.0,0.0,0.0,0.0,0.0,0.0,0.0,0.0,0.0
45074,Hinojosa de San Vicente,municipio,0.0,0.0,0.0,0.0,0.0,0.0,0.0,0.0,0.0,0.0,0.0,0.0,0.0,0.0
45075,Hontanar,municipio,0.0,0.0,0.0,0.0,0.0,0.0,0.0,0.0,0.0,0.0,0.0,0.0,0.0,0.0
45076,Hormigos,municipio,0.0,0.0,0.0,0.0,0.0,0.0,0.0,0.0,0.0,0.0,0.0,0.0,0.0,0.0
45077,Huecas,municipio,0.0,0.0,0.0,0.0,0.0,0.0,0.0,0.0,0.0,0.0,0.0,0.0,0.0,0.0
45078,Huerta de Valdecarábanos,municipio,41.0,40.0,38.0,42.0,40.0,41.0,40.0,36.0,34.0,37.0,36.0,32.0,39.0,38.0
45079,"Iglesuela del Tiétar, La",municipio,0.0,0.0,0.0,0.0,0.0,0.0,0.0,0.0,0.0,0.0,0.0,0.0,0.0,0.0
45080,Illán de Vacas,municipio,0.0,0.0,0.0,0.0,0.0,0.0,0.0,0.0,0.0,0.0,0.0,0.0,0.0,0.0
45081,Illescas,municipio,745.0,737.0,739.0,759.0,774.0,811.0,843.0,847.0,868.0,838.0,839.0,807.0,805.0,816.0
45082,Lagartera,municipio,64.0,62.0,57.0,54.0,57.0,56.0,54.0,50.0,47.0,45.0,41.0,39.0,43.0,45.0
45083,Layos,municipio,0.0,0.0,0.0,0.0,0.0,0.0,0.0,0.0,0.0,0.0,0.0,0.0,0.0,0.0
45084,Lillo,municipio,67.0,64.0,62.0,70.0,73.0,75.0,73.0,71.0,67.0,66.0,68.0,57.0,51.0,48.0
45085,Lominchar,municipio,46.0,45.0,43.0,41.0,48.0,49.0,46.0,45.0,44.0,45.0,49.0,46.0,44.0,48.0
45086,Lucillos,municipio,0.0,0.0,0.0,0.0,0.0,0.0,0.0,0.0,0.0,0.0,0.0,0.0,0.0,0.0
45087,Madridejos,municipio,280.0,281.0,282.0,280.0,261.0,258.0,258.0,275.0,263.0,257.0,247.0,221.0,211.0,210.0
45088,Magán,municipio,59.0,56.0,54.0,61.0,60.0,66.0,64.0,67.0,70.0,73.0,75.0,74.0,73.0,75.0
45089,Malpica de Tajo,municipio,50.0,49.0,48.0,51.0,49.0,46.0,44.0,43.0,46.0,44.0,41.0,38.0,40.0,42.0
45090,Manzaneque,municipio,0.0,0.0,0.0,0.0,0.0,0.0,0.0,0.0,0.0,0.0,0.0,0.0,0.0,0.0
45091,Maqueda,municipio,0.0,0.0,0.0,0.0,0.0,0.0,0.0,0.0,0.0,0.0,0.0,0.0,0.0,0.0
45092,Marjaliza,municipio,0.0,0.0,0.0,0.0,0.0,0.0,0.0,0.0,0.0,0.0,0.0,0.0,0.0,0.0
45093,Marrupe,municipio,0.0,0.0,0.0,0.0,0.0,0.0,0.0,0.0,0.0,0.0,0.0,0.0,0.0,0.0
45094,Mascaraque,municipio,0.0,0.0,0.0,0.0,0.0,0.0,0.0,0.0,0.0,0.0,0.0,0.0,0.0,0.0
45095,"Mata, La",municipio,30.0,24.0,22.0,0.0,0.0,0.0,0.0,0.0,0.0,0.0,0.0,0.0,0.0,0.0
45096,Mazarambroz,municipio,21.0,18.0,19.0,18.0,19.0,20.0,21.0,19.0,23.0,20.0,20.0,26.0,24.0,23.0
45097,Mejorada,municipio,16.0,0.0,15.0,0.0,0.0,0.0,0.0,0.0,0.0,0.0,0.0,0.0,18.0,0.0
45098,Menasalbas,municipio,97.0,93.0,89.0,95.0,96.0,104.0,97.0,94.0,88.0,93.0,90.0,89.0,90.0,89.0
45099,Méntrida,municipio,124.0,124.0,113.0,118.0,114.0,111.0,97.0,99.0,100.0,111.0,112.0,97.0,100.0,101.0
45100,Mesegar de Tajo,municipio,0.0,0.0,0.0,0.0,0.0,0.0,0.0,0.0,0.0,0.0,0.0,0.0,0.0,0.0
45101,Miguel Esteban,municipio,114.0,120.0,105.0,115.0,114.0,118.0,118.0,113.0,118.0,117.0,112.0,100.0,99.0,98.0
45102,Mocejón,municipio,119.0,118.0,120.0,113.0,122.0,118.0,128.0,125.0,122.0,119.0,113.0,119.0,114.0,111.0
45103,Mohedas de la Jara,municipio,0.0,0.0,0.0,0.0,0.0,0.0,0.0,0.0,0.0,0.0,0.0,0.0,0.0,0.0
45104,Montearagón,municipio,0.0,0.0,0.0,0.0,0.0,0.0,0.0,0.0,0.0,0.0,0.0,0.0,0.0,0.0
45105,Montesclaros,municipio,0.0,0.0,0.0,0.0,0.0,0.0,0.0,0.0,0.0,0.0,0.0,0.0,0.0,0.0
45106,Mora,municipio,319.0,323.0,320.0,312.0,315.0,318.0,314.0,279.0,271.0,274.0,266.0,233.0,226.0,241.0
45107,Nambroca,municipio,99.0,101.0,94.0,95.0,98.0,94.0,98.0,102.0,93.0,91.0,99.0,91.0,93.0,92.0
45108,"Nava de Ricomalillo, La",municipio,0.0,0.0,0.0,0.0,0.0,0.0,0.0,0.0,0.0,0.0,0.0,0.0,0.0,0.0
45109,Navahermosa,municipio,124.0,130.0,129.0,128.0,131.0,125.0,129.0,120.0,118.0,114.0,113.0,110.0,111.0,110.0
45110,Navalcán,municipio,43.0,41.0,38.0,35.0,35.0,38.0,34.0,36.0,34.0,35.0,36.0,32.0,33.0,38.0
45111,Navalmoralejo,municipio,0.0,0.0,0.0,0.0,0.0,0.0,0.0,0.0,0.0,0.0,0.0,0.0,0.0,0.0
45112,"Navalmorales, Los",municipio,61.0,63.0,55.0,57.0,58.0,57.0,53.0,50.0,53.0,49.0,53.0,50.0,52.0,50.0
45113,"Navalucillos, Los",municipio,69.0,65.0,63.0,61.0,63.0,66.0,65.0,59.0,56.0,56.0,55.0,52.0,59.0,49.0
45114,Navamorcuende,municipio,0.0,0.0,0.0,0.0,0.0,0.0,0.0,0.0,0.0,0.0,0.0,0.0,0.0,0.0
45115,Noblejas,municipio,110.0,111.0,105.0,111.0,103.0,104.0,103.0,105.0,99.0,102.0,95.0,90.0,90.0,89.0
45116,Noez,municipio,24.0,0.0,0.0,0.0,0.0,0.0,0.0,0.0,0.0,0.0,0.0,0.0,0.0,0.0
45117,Nombela,municipio,21.0,21.0,20.0,0.0,0.0,0.0,0.0,0.0,0.0,0.0,0.0,0.0,0.0,0.0
45118,Novés,municipio,71.0,71.0,78.0,79.0,68.0,67.0,72.0,74.0,74.0,77.0,79.0,76.0,71.0,75.0
45119,Numancia de la Sagra,municipio,135.0,131.0,141.0,135.0,139.0,153.0,151.0,144.0,145.0,144.0,152.0,124.0,124.0,133.0
45120,Nuño Gómez,municipio,0.0,0.0,0.0,0.0,0.0,0.0,0.0,0.0,0.0,0.0,0.0,0.0,0.0,0.0
45121,Ocaña,municipio,262.0,272.0,268.0,263.0,254.0,262.0,261.0,273.0,297.0,283.0,288.0,279.0,278.0,283.0
45122,Olías del Rey,municipio,244.0,233.0,239.0,236.0,210.0,211.0,212.0,230.0,245.0,237.0,236.0,218.0,224.0,215.0
45123,Ontígola,municipio,108.0,113.0,103.0,101.0,94.0,105.0,115.0,114.0,116.0,115.0,127.0,113.0,111.0,109.0
45124,Orgaz,municipio,92.0,98.0,99.0,98.0,102.0,98.0,92.0,88.0,86.0,84.0,81.0,79.0,83.0,74.0
45125,Oropesa,municipio,73.0,74.0,74.0,73.0,71.0,80.0,81.0,79.0,75.0,64.0,63.0,67.0,66.0,63.0
45126,Otero,municipio,0.0,0.0,0.0,0.0,0.0,0.0,0.0,0.0,0.0,0.0,0.0,0.0,0.0,0.0
45127,Palomeque,municipio,0.0,0.0,0.0,0.0,0.0,0.0,0.0,0.0,0.0,37.0,37.0,35.0,32.0,27.0
45128,Pantoja,municipio,94.0,88.0,90.0,86.0,82.0,75.0,78.0,81.0,84.0,82.0,88.0,86.0,87.0,80.0
45129,Paredes de Escalona,municipio,0.0,0.0,0.0,0.0,0.0,0.0,0.0,0.0,0.0,0.0,0.0,0.0,0.0,0.0
45130,Parrillas,municipio,0.0,0.0,0.0,0.0,0.0,0.0,0.0,0.0,0.0,0.0,0.0,0.0,0.0,0.0
45131,Pelahustán,municipio,0.0,0.0,0.0,0.0,0.0,0.0,0.0,0.0,0.0,0.0,0.0,0.0,0.0,0.0
45132,Pepino,municipio,105.0,107.0,99.0,99.0,99.0,106.0,104.0,108.0,109.0,110.0,108.0,112.0,106.0,102.0
45133,Polán,municipio,122.0,117.0,111.0,114.0,110.0,111.0,109.0,100.0,110.0,108.0,108.0,101.0,97.0,94.0
45134,Portillo de Toledo,municipio,66.0,69.0,60.0,60.0,66.0,57.0,65.0,65.0,64.0,63.0,69.0,60.0,56.0,61.0
45135,"Puebla de Almoradiel, La",municipio,114.0,114.0,113.0,119.0,116.0,107.0,99.0,113.0,105.0,109.0,101.0,97.0,98.0,95.0
45136,"Puebla de Montalbán, La",municipio,237.0,236.0,217.0,224.0,229.0,218.0,222.0,208.0,219.0,214.0,208.0,196.0,205.0,209.0
45137,"Pueblanueva, La",municipio,58.0,60.0,62.0,67.0,62.0,63.0,59.0,59.0,50.0,53.0,53.0,50.0,52.0,53.0
45138,"Puente del Arzobispo, El",municipio,43.0,44.0,42.0,39.0,42.0,44.0,40.0,38.0,39.0,38.0,35.0,36.0,36.0,34.0
45139,Puerto de San Vicente,municipio,0.0,0.0,0.0,0.0,0.0,0.0,0.0,0.0,0.0,0.0,0.0,0.0,0.0,0.0
45140,Pulgar,municipio,62.0,64.0,59.0,63.0,64.0,61.0,63.0,67.0,61.0,57.0,58.0,54.0,60.0,62.0
45141,Quero,municipio,29.0,32.0,34.0,34.0,32.0,31.0,32.0,32.0,0.0,0.0,0.0,0.0,28.0,0.0
45142,Quintanar de la Orden,municipio,372.0,365.0,367.0,378.0,370.0,370.0,368.0,362.0,347.0,356.0,355.0,339.0,328.0,324.0
45143,Quismondo,municipio,43.0,44.0,37.0,34.0,33.0,32.0,38.0,37.0,33.0,33.0,34.0,34.0,32.0,35.0
45144,"Real de San Vicente, El",municipio,34.0,31.0,29.0,28.0,28.0,0.0,0.0,0.0,0.0,0.0,0.0,0.0,0.0,0.0
45145,Recas,municipio,128.0,113.0,112.0,113.0,113.0,116.0,105.0,99.0,101.0,99.0,98.0,92.0,96.0,94.0
45146,Retamoso de la Jara,municipio,0.0,0.0,0.0,0.0,0.0,0.0,0.0,0.0,0.0,0.0,0.0,0.0,0.0,0.0
45147,Rielves,municipio,0.0,0.0,0.0,0.0,0.0,0.0,0.0,0.0,0.0,0.0,0.0,0.0,0.0,0.0
45148,Robledo del Mazo,municipio,0.0,0.0,0.0,0.0,0.0,0.0,0.0,0.0,0.0,0.0,0.0,0.0,0.0,0.0
45149,"Romeral, El",municipio,0.0,0.0,0.0,0.0,0.0,0.0,0.0,0.0,0.0,0.0,0.0,0.0,0.0,0.0
45150,San Bartolomé de las Abiertas,municipio,0.0,0.0,0.0,0.0,0.0,0.0,0.0,0.0,0.0,0.0,0.0,0.0,0.0,0.0
45151,San Martín de Montalbán,municipio,0.0,0.0,0.0,0.0,0.0,0.0,0.0,0.0,0.0,0.0,0.0,0.0,0.0,0.0
45152,San Martín de Pusa,municipio,0.0,0.0,0.0,0.0,0.0,0.0,0.0,0.0,0.0,0.0,0.0,0.0,0.0,0.0
45153,San Pablo de los Montes,municipio,70.0,65.0,73.0,70.0,75.0,71.0,63.0,62.0,64.0,62.0,63.0,66.0,66.0,59.0
45154,San Román de los Montes,municipio,31.0,39.0,33.0,33.0,39.0,38.0,32.0,32.0,35.0,34.0,33.0,33.0,33.0,40.0
45155,Santa Ana de Pusa,municipio,0.0,0.0,0.0,0.0,0.0,0.0,0.0,0.0,0.0,0.0,0.0,0.0,0.0,0.0
45156,Santa Cruz de la Zarza,municipio,135.0,129.0,125.0,122.0,121.0,118.0,111.0,117.0,117.0,115.0,122.0,115.0,114.0,105.0
45157,Santa Cruz del Retamar,municipio,75.0,76.0,69.0,65.0,69.0,64.0,64.0,70.0,72.0,65.0,70.0,74.0,79.0,83.0
45158,Santa Olalla,municipio,109.0,106.0,103.0,109.0,103.0,100.0,100.0,99.0,96.0,92.0,96.0,93.0,94.0,94.0
45159,Sartajada,municipio,0.0,0.0,0.0,0.0,0.0,0.0,0.0,0.0,0.0,0.0,0.0,0.0,0.0,0.0
45160,Segurilla,municipio,20.0,22.0,21.0,22.0,24.0,23.0,24.0,23.0,18.0,20.0,18.0,22.0,17.0,18.0
45161,Seseña,municipio,533.0,504.0,527.0,547.0,534.0,552.0,590.0,612.0,650.0,666.0,685.0,674.0,693.0,683.0
45162,Sevilleja de la Jara,municipio,0.0,0.0,0.0,0.0,0.0,0.0,0.0,0.0,0.0,0.0,0.0,0.0,0.0,0.0
45163,Sonseca,municipio,277.0,286.0,266.0,276.0,269.0,248.0,253.0,252.0,249.0,236.0,234.0,227.0,226.0,226.0
45164,Sotillo de las Palomas,municipio,0.0,0.0,0.0,0.0,0.0,0.0,0.0,0.0,0.0,0.0,0.0,0.0,0.0,0.0
45165,Talavera de la Reina,municipio,2246.0,2244.0,2147.0,2166.0,2100.0,2122.0,2090.0,2059.0,2070.0,2071.0,2041.0,1894.0,1881.0,1869.0
45166,Tembleque,municipio,76.0,70.0,67.0,72.0,68.0,69.0,67.0,68.0,61.0,60.0,63.0,62.0,63.0,61.0
45167,"Toboso, El",municipio,44.0,45.0,42.0,42.0,42.0,42.0,41.0,42.0,41.0,35.0,36.0,37.0,35.0,34.0
45168,Toledo,municipio,1973.0,1928.0,1932.0,1934.0,1871.0,1872.0,1869.0,1867.0,1866.0,1852.0,1820.0,1681.0,1685.0,1696.0
45169,Torralba de Oropesa,municipio,0.0,0.0,0.0,0.0,0.0,0.0,0.0,0.0,0.0,0.0,0.0,0.0,0.0,0.0
45170,Torrecilla de la Jara,municipio,0.0,0.0,0.0,0.0,0.0,0.0,0.0,0.0,0.0,0.0,0.0,0.0,0.0,0.0
45171,"Torre de Esteban Hambrán, La",municipio,38.0,42.0,40.0,46.0,39.0,37.0,39.0,43.0,40.0,42.0,39.0,38.0,37.0,41.0
45172,Torrico,municipio,0.0,0.0,0.0,0.0,0.0,0.0,0.0,0.0,0.0,0.0,0.0,0.0,0.0,0.0
45173,Torrijos,municipio,438.0,450.0,441.0,437.0,436.0,438.0,418.0,409.0,431.0,427.0,423.0,397.0,402.0,394.0
45174,Totanés,municipio,0.0,0.0,0.0,0.0,0.0,0.0,0.0,0.0,0.0,0.0,0.0,0.0,0.0,0.0
45175,Turleque,municipio,0.0,0.0,0.0,0.0,0.0,0.0,0.0,0.0,0.0,0.0,0.0,0.0,0.0,0.0
45176,Ugena,municipio,165.0,145.0,151.0,139.0,130.0,146.0,154.0,160.0,156.0,158.0,141.0,135.0,124.0,125.0
45177,Urda,municipio,77.0,79.0,77.0,75.0,73.0,75.0,69.0,73.0,70.0,69.0,67.0,61.0,59.0,60.0
45179,Valdeverdeja,municipio,0.0,0.0,0.0,0.0,0.0,0.0,0.0,0.0,0.0,0.0,0.0,0.0,0.0,0.0
45180,Valmojado,municipio,96.0,99.0,90.0,95.0,94.0,96.0,97.0,95.0,89.0,85.0,93.0,93.0,91.0,101.0
45181,Velada,municipio,52.0,54.0,56.0,46.0,52.0,56.0,51.0,52.0,56.0,57.0,60.0,59.0,52.0,51.0
45182,"Ventas con Peña Aguilera, Las",municipio,43.0,44.0,46.0,48.0,46.0,47.0,49.0,44.0,42.0,41.0,40.0,39.0,32.0,34.0
45183,"Ventas de Retamosa, Las",municipio,95.0,85.0,81.0,77.0,75.0,89.0,86.0,80.0,92.0,84.0,78.0,78.0,77.0,88.0
45184,"Ventas de San Julián, Las",municipio,0.0,0.0,0.0,0.0,0.0,0.0,0.0,0.0,0.0,0.0,0.0,0.0,0.0,0.0
45185,Villacañas,municipio,269.0,260.0,255.0,247.0,254.0,239.0,236.0,228.0,207.0,209.0,212.0,209.0,196.0,197.0
45186,"Villa de Don Fadrique, La",municipio,112.0,107.0,100.0,93.0,92.0,99.0,98.0,99.0,106.0,99.0,98.0,103.0,98.0,94.0
45187,Villafranca de los Caballeros,municipio,141.0,138.0,135.0,133.0,134.0,125.0,130.0,126.0,128.0,122.0,125.0,118.0,123.0,111.0
45188,Villaluenga de la Sagra,municipio,103.0,105.0,93.0,87.0,101.0,93.0,95.0,104.0,95.0,91.0,94.0,82.0,88.0,88.0
45189,Villamiel de Toledo,municipio,0.0,0.0,0.0,0.0,0.0,0.0,0.0,0.0,0.0,0.0,0.0,16.0,13.0,16.0
45190,Villaminaya,municipio,0.0,0.0,0.0,0.0,0.0,0.0,0.0,0.0,0.0,0.0,0.0,0.0,0.0,0.0
45191,Villamuelas,municipio,0.0,0.0,0.0,0.0,0.0,0.0,0.0,0.0,0.0,0.0,0.0,0.0,0.0,0.0
45192,Villanueva de Alcardete,municipio,67.0,66.0,60.0,62.0,64.0,61.0,66.0,59.0,60.0,56.0,54.0,54.0,49.0,47.0
45193,Villanueva de Bogas,municipio,0.0,0.0,0.0,0.0,0.0,0.0,0.0,0.0,0.0,0.0,0.0,0.0,0.0,0.0
45194,Villarejo de Montalbán,municipio,0.0,0.0,0.0,0.0,0.0,0.0,0.0,0.0,0.0,0.0,0.0,0.0,0.0,0.0
45195,Villarrubia de Santiago,municipio,73.0,72.0,71.0,70.0,73.0,70.0,63.0,59.0,56.0,56.0,55.0,54.0,54.0,49.0
45196,Villaseca de la Sagra,municipio,46.0,45.0,39.0,43.0,43.0,41.0,43.0,41.0,45.0,48.0,46.0,46.0,48.0,45.0
45197,Villasequilla,municipio,76.0,72.0,69.0,75.0,72.0,74.0,75.0,75.0,67.0,64.0,65.0,65.0,74.0,78.0
45198,Villatobas,municipio,37.0,36.0,33.0,38.0,37.0,39.0,37.0,38.0,38.0,38.0,40.0,41.0,43.0,44.0
45199,"Viso de San Juan, El",municipio,85.0,105.0,99.0,102.0,85.0,93.0,85.0,90.0,92.0,88.0,87.0,94.0,110.0,109.0
45200,"Yébenes, Los",municipio,191.0,184.0,183.0,181.0,182.0,184.0,177.0,172.0,177.0,178.0,181.0,170.0,165.0,163.0
45201,Yeles,municipio,152.0,138.0,135.0,147.0,141.0,142.0,143.0,143.0,146.0,134.0,142.0,142.0,155.0,166.0
45202,Yepes,municipio,121.0,114.0,112.0,117.0,108.0,112.0,111.0,120.0,117.0,114.0,111.0,101.0,106.0,106.0
45203,Yuncler,municipio,80.0,80.0,95.0,85.0,91.0,97.0,102.0,97.0,99.0,103.0,99.0,103.0,96.0,105.0
45204,Yunclillos,municipio,0.0,0.0,0.0,0.0,0.0,0.0,0.0,0.0,0.0,0.0,0.0,0.0,0.0,0.0
45205,Yuncos,municipio,311.0,299.0,289.0,298.0,311.0,315.0,301.0,313.0,316.0,327.0,337.0,341.0,317.0,323.0
45901,Santo Domingo-Caudilla,municipio,34.0,34.0,34.0,36.0,35.0,40.0,34.0,36.0,40.0,33.0,36.0,31.0,38.0,36.0
45,Toledo,provincia,18300.0,18054.0,17677.0,17759.0,17458.0,17591.0,17471.0,17487.0,17524.0,17357.0,17324.0,16475.0,16426.0,16387.0
46001,Ademuz,municipio,34.0,34.0,33.0,35.0,34.0,32.0,31.0,29.0,29.0,30.0,34.0,0.0,30.0,32.0
46002,Ador,municipio,39.0,41.0,44.0,41.0,39.0,34.0,36.0,36.0,36.0,33.0,35.0,35.0,40.0,39.0
46003,Atzeneta d'Albaida,municipio,45.0,44.0,43.0,43.0,41.0,45.0,41.0,38.0,37.0,42.0,42.0,35.0,36.0,35.0
46004,Agullent,municipio,66.0,64.0,64.0,69.0,65.0,58.0,63.0,63.0,65.0,63.0,66.0,67.0,61.0,56.0
46005,Alaquàs,municipio,852.0,838.0,771.0,786.0,812.0,790.0,775.0,763.0,741.0,733.0,722.0,677.0,661.0,657.0
46006,Albaida,municipio,218.0,220.0,200.0,214.0,212.0,206.0,207.0,209.0,209.0,207.0,208.0,192.0,194.0,189.0
46007,Albal,municipio,456.0,432.0,411.0,422.0,426.0,418.0,423.0,417.0,412.0,418.0,414.0,388.0,395.0,395.0
46008,Albalat de la Ribera,municipio,77.0,78.0,75.0,75.0,77.0,73.0,69.0,67.0,73.0,75.0,78.0,59.0,55.0,59.0
46009,Albalat dels Sorells,municipio,101.0,102.0,90.0,100.0,99.0,91.0,102.0,97.0,100.0,101.0,91.0,84.0,87.0,94.0
46010,Albalat dels Tarongers,municipio,20.0,21.0,28.0,29.0,31.0,20.0,20.0,23.0,21.0,20.0,23.0,27.0,24.0,26.0
46011,Alberic,municipio,263.0,255.0,233.0,240.0,230.0,245.0,237.0,233.0,231.0,234.0,230.0,229.0,225.0,216.0
46012,Alborache,municipio,20.0,20.0,22.0,21.0,20.0,18.0,21.0,21.0,22.0,23.0,22.0,22.0,23.0,26.0
46013,Alboraia/Alboraya,municipio,642.0,643.0,636.0,646.0,637.0,636.0,668.0,662.0,643.0,641.0,635.0,583.0,587.0,581.0
46014,Albuixech,municipio,123.0,120.0,114.0,105.0,104.0,102.0,105.0,97.0,93.0,98.0,87.0,82.0,82.0,94.0
46015,Alcàsser,municipio,260.0,254.0,256.0,244.0,234.0,249.0,238.0,238.0,261.0,268.0,277.0,270.0,262.0,263.0
46016,Alcàntera de Xúquer,municipio,28.0,33.0,30.0,32.0,31.0,33.0,32.0,31.0,30.0,31.0,32.0,23.0,24.0,22.0
46017,Alzira,municipio,1190.0,1177.0,1110.0,1128.0,1093.0,1093.0,1078.0,1074.0,1086.0,1075.0,1071.0,962.0,942.0,985.0
46018,Alcublas,municipio,0.0,0.0,0.0,0.0,0.0,0.0,0.0,0.0,0.0,0.0,0.0,0.0,0.0,0.0
46019,"Alcúdia, l'",municipio,336.0,323.0,316.0,303.0,288.0,277.0,291.0,295.0,300.0,296.0,283.0,251.0,252.0,254.0
46020,"Alcúdia de Crespins, l'",municipio,171.0,163.0,142.0,145.0,144.0,142.0,140.0,132.0,135.0,131.0,123.0,114.0,108.0,106.0
46021,Aldaia,municipio,903.0,899.0,859.0,861.0,864.0,833.0,828.0,828.0,846.0,803.0,774.0,744.0,758.0,752.0
46022,Alfafar,municipio,487.0,481.0,433.0,435.0,422.0,453.0,429.0,424.0,451.0,432.0,434.0,414.0,425.0,447.0
46023,Alfauir,municipio,0.0,0.0,0.0,0.0,0.0,0.0,0.0,0.0,0.0,0.0,0.0,0.0,0.0,0.0
46024,Alfara de la Baronia,municipio,0.0,0.0,0.0,0.0,0.0,0.0,0.0,0.0,0.0,0.0,0.0,0.0,0.0,0.0
46025,Alfara del Patriarca,municipio,76.0,66.0,60.0,64.0,63.0,67.0,75.0,59.0,58.0,63.0,66.0,59.0,59.0,61.0
46026,Alfarb,municipio,51.0,49.0,45.0,42.0,36.0,35.0,31.0,37.0,40.0,42.0,41.0,40.0,38.0,36.0
46027,Alfarrasí,municipio,39.0,33.0,35.0,33.0,33.0,33.0,27.0,25.0,27.0,23.0,24.0,28.0,25.0,23.0
46028,Algar de Palància,municipio,0.0,0.0,0.0,0.0,0.0,0.0,0.0,0.0,0.0,0.0,0.0,0.0,0.0,0.0
46029,Algemesí,municipio,627.0,618.0,568.0,590.0,576.0,559.0,561.0,565.0,554.0,533.0,520.0,487.0,482.0,488.0
46030,Algímia d'Alfara,municipio,29.0,30.0,32.0,27.0,26.0,24.0,22.0,22.0,23.0,22.0,25.0,23.0,28.0,30.0
46031,Alginet,municipio,357.0,351.0,333.0,334.0,334.0,323.0,319.0,303.0,301.0,299.0,294.0,273.0,279.0,282.0
46032,Almàssera,municipio,177.0,174.0,173.0,166.0,166.0,173.0,166.0,169.0,164.0,163.0,164.0,143.0,141.0,130.0
46033,Almiserà,municipio,0.0,0.0,0.0,0.0,0.0,0.0,0.0,0.0,0.0,0.0,0.0,0.0,0.0,0.0
46034,Almoines,municipio,69.0,66.0,59.0,65.0,69.0,62.0,66.0,68.0,70.0,66.0,70.0,66.0,65.0,68.0
46035,Almussafes,municipio,221.0,209.0,189.0,178.0,178.0,181.0,180.0,182.0,173.0,175.0,182.0,167.0,162.0,173.0
46036,Alpuente,municipio,0.0,0.0,0.0,0.0,0.0,0.0,0.0,0.0,0.0,0.0,0.0,0.0,0.0,0.0
46037,"Alqueria de la Comtessa, l'",municipio,55.0,53.0,50.0,46.0,42.0,48.0,41.0,45.0,52.0,56.0,50.0,45.0,39.0,36.0
46038,Andilla,municipio,0.0,0.0,0.0,0.0,0.0,0.0,0.0,0.0,0.0,0.0,0.0,0.0,0.0,0.0
46039,Anna,municipio,71.0,68.0,72.0,67.0,60.0,59.0,51.0,53.0,51.0,56.0,50.0,46.0,55.0,47.0
46040,Antella,municipio,33.0,35.0,34.0,32.0,36.0,30.0,26.0,27.0,25.0,24.0,25.0,19.0,19.0,21.0
46041,Aras de los Olmos,municipio,0.0,0.0,0.0,0.0,0.0,0.0,0.0,0.0,0.0,0.0,0.0,0.0,0.0,0.0
46042,Aielo de Malferit,municipio,117.0,116.0,101.0,102.0,92.0,93.0,91.0,89.0,90.0,99.0,99.0,99.0,91.0,95.0
46043,Aielo de Rugat,municipio,0.0,0.0,0.0,0.0,0.0,0.0,0.0,0.0,0.0,0.0,0.0,0.0,0.0,0.0
46044,Ayora,municipio,181.0,187.0,182.0,181.0,179.0,171.0,168.0,178.0,180.0,177.0,174.0,166.0,168.0,166.0
46045,Barxeta,municipio,44.0,39.0,28.0,29.0,32.0,32.0,29.0,28.0,29.0,31.0,30.0,24.0,24.0,21.0
46046,Barx,municipio,35.0,35.0,32.0,30.0,24.0,30.0,23.0,25.0,24.0,23.0,24.0,28.0,30.0,24.0
46047,Bèlgida,municipio,0.0,0.0,0.0,0.0,0.0,0.0,0.0,0.0,0.0,0.0,0.0,0.0,0.0,0.0
46048,Bellreguard,municipio,142.0,139.0,123.0,130.0,124.0,126.0,115.0,124.0,122.0,120.0,129.0,117.0,112.0,112.0
46049,Bellús,municipio,0.0,0.0,0.0,0.0,0.0,0.0,0.0,0.0,0.0,0.0,0.0,0.0,0.0,0.0
46050,Benagéber,municipio,0.0,0.0,0.0,0.0,0.0,0.0,0.0,0.0,0.0,0.0,0.0,0.0,0.0,0.0
46051,Benaguasil,municipio,274.0,278.0,269.0,268.0,253.0,254.0,255.0,256.0,255.0,256.0,263.0,230.0,226.0,225.0
46052,Benavites,municipio,0.0,0.0,0.0,0.0,0.0,0.0,0.0,0.0,0.0,0.0,0.0,0.0,0.0,0.0
46053,Beneixida,municipio,0.0,0.0,0.0,0.0,0.0,0.0,0.0,0.0,0.0,0.0,0.0,0.0,0.0,0.0
46054,Benetússer,municipio,412.0,409.0,373.0,361.0,342.0,348.0,347.0,325.0,325.0,327.0,351.0,338.0,334.0,329.0
46055,Beniarjó,municipio,54.0,54.0,50.0,62.0,61.0,53.0,55.0,55.0,59.0,53.0,55.0,54.0,50.0,51.0
46056,Beniatjar,municipio,0.0,0.0,0.0,0.0,0.0,0.0,0.0,0.0,0.0,0.0,0.0,0.0,0.0,0.0
46057,Benicolet,municipio,0.0,0.0,0.0,0.0,0.0,0.0,0.0,0.0,0.0,0.0,0.0,0.0,0.0,0.0
46058,Benifairó de les Valls,municipio,43.0,45.0,45.0,46.0,42.0,52.0,48.0,46.0,39.0,42.0,43.0,44.0,44.0,52.0
46059,Benifairó de la Valldigna,municipio,61.0,62.0,51.0,51.0,48.0,49.0,47.0,49.0,45.0,43.0,41.0,39.0,40.0,36.0
46060,Benifaió,municipio,357.0,348.0,319.0,322.0,306.0,298.0,305.0,304.0,289.0,284.0,293.0,265.0,247.0,246.0
46061,Beniflá,municipio,0.0,0.0,0.0,0.0,0.0,0.0,0.0,0.0,0.0,0.0,0.0,0.0,0.0,0.0
46062,Benigànim,municipio,195.0,183.0,178.0,201.0,193.0,195.0,188.0,174.0,184.0,184.0,186.0,163.0,167.0,159.0
46063,Benimodo,municipio,38.0,34.0,34.0,33.0,31.0,33.0,34.0,35.0,42.0,40.0,33.0,32.0,29.0,28.0
46064,Benimuslem,municipio,0.0,0.0,0.0,0.0,0.0,0.0,0.0,0.0,0.0,0.0,0.0,0.0,0.0,0.0
46065,Beniparrell,municipio,222.0,218.0,218.0,228.0,231.0,221.0,199.0,192.0,207.0,207.0,208.0,211.0,192.0,202.0
46066,Benirredrà,municipio,41.0,40.0,38.0,45.0,47.0,40.0,41.0,37.0,40.0,37.0,40.0,34.0,33.0,29.0
46067,Benissanó,municipio,77.0,75.0,69.0,69.0,70.0,71.0,74.0,65.0,67.0,71.0,69.0,59.0,59.0,66.0
46068,Benissoda,municipio,0.0,0.0,0.0,0.0,0.0,0.0,0.0,0.0,0.0,0.0,0.0,0.0,0.0,0.0
46069,Benissuera,municipio,0.0,0.0,0.0,0.0,0.0,0.0,0.0,0.0,0.0,0.0,0.0,0.0,0.0,0.0
46070,Bétera,municipio,572.0,572.0,537.0,560.0,550.0,564.0,616.0,616.0,635.0,612.0,610.0,597.0,606.0,592.0
46071,Bicorp,municipio,0.0,0.0,0.0,0.0,0.0,0.0,0.0,0.0,0.0,0.0,0.0,0.0,0.0,0.0
46072,Bocairent,municipio,131.0,134.0,125.0,120.0,115.0,119.0,116.0,125.0,119.0,118.0,114.0,100.0,100.0,96.0
46073,Bolbaite,municipio,37.0,39.0,33.0,37.0,35.0,35.0,36.0,33.0,33.0,30.0,26.0,22.0,23.0,19.0
46074,Bonrepòs i Mirambell,municipio,86.0,88.0,78.0,92.0,94.0,83.0,82.0,85.0,91.0,88.0,78.0,79.0,90.0,82.0
46075,Bufali,municipio,0.0,0.0,0.0,0.0,0.0,0.0,0.0,0.0,0.0,0.0,0.0,0.0,0.0,0.0
46076,Bugarra,municipio,0.0,0.0,0.0,0.0,0.0,0.0,0.0,0.0,0.0,0.0,0.0,0.0,0.0,0.0
46077,Buñol,municipio,253.0,247.0,235.0,226.0,196.0,204.0,201.0,191.0,179.0,172.0,181.0,173.0,181.0,184.0
46078,Burjassot,municipio,822.0,804.0,808.0,768.0,747.0,764.0,747.0,754.0,752.0,739.0,734.0,663.0,671.0,689.0
46079,Calles,municipio,0.0,0.0,0.0,0.0,0.0,0.0,0.0,0.0,0.0,0.0,0.0,0.0,0.0,0.0
46080,Camporrobles,municipio,47.0,43.0,41.0,39.0,42.0,38.0,38.0,34.0,33.0,30.0,32.0,29.0,29.0,28.0
46081,Canals,municipio,383.0,383.0,367.0,357.0,345.0,368.0,347.0,330.0,313.0,314.0,304.0,282.0,272.0,269.0
46082,Canet d'En Berenguer,municipio,163.0,153.0,157.0,151.0,143.0,143.0,150.0,142.0,138.0,146.0,140.0,125.0,125.0,136.0
46083,Carcaixent,municipio,489.0,478.0,466.0,475.0,439.0,451.0,440.0,428.0,426.0,424.0,439.0,409.0,419.0,421.0
46084,Càrcer,municipio,43.0,43.0,38.0,34.0,35.0,33.0,34.0,31.0,33.0,29.0,27.0,32.0,24.0,26.0
46085,Carlet,municipio,392.0,403.0,385.0,385.0,390.0,388.0,397.0,382.0,377.0,369.0,349.0,327.0,314.0,331.0
46086,Carrícola,municipio,0.0,0.0,0.0,0.0,0.0,0.0,0.0,0.0,0.0,0.0,0.0,0.0,0.0,0.0
46087,Casas Altas,municipio,0.0,0.0,0.0,0.0,0.0,0.0,0.0,0.0,0.0,0.0,0.0,0.0,0.0,0.0
46088,Casas Bajas,municipio,0.0,0.0,0.0,0.0,0.0,0.0,0.0,0.0,0.0,0.0,0.0,0.0,0.0,0.0
46089,Casinos,municipio,124.0,118.0,103.0,103.0,99.0,99.0,98.0,90.0,83.0,82.0,86.0,84.0,83.0,75.0
46090,Castelló de Rugat,municipio,75.0,71.0,70.0,74.0,77.0,77.0,73.0,68.0,63.0,57.0,60.0,57.0,65.0,58.0
46091,Castellonet de la Conquesta,municipio,0.0,0.0,0.0,0.0,0.0,0.0,0.0,0.0,0.0,0.0,0.0,0.0,0.0,0.0
46092,Castielfabib,municipio,0.0,0.0,0.0,0.0,0.0,0.0,0.0,0.0,0.0,0.0,0.0,0.0,0.0,0.0
46093,Catadau,municipio,76.0,73.0,74.0,75.0,77.0,73.0,63.0,60.0,63.0,60.0,65.0,57.0,59.0,50.0
46094,Catarroja,municipio,797.0,809.0,757.0,789.0,773.0,786.0,787.0,787.0,794.0,798.0,795.0,733.0,744.0,768.0
46095,Caudete de las Fuentes,municipio,0.0,0.0,0.0,0.0,0.0,0.0,0.0,0.0,0.0,0.0,0.0,0.0,0.0,0.0
46096,Cerdà,municipio,0.0,0.0,0.0,0.0,0.0,0.0,0.0,0.0,0.0,0.0,0.0,0.0,0.0,0.0
46097,Cofrentes,municipio,22.0,22.0,21.0,21.0,16.0,18.0,23.0,24.0,23.0,20.0,21.0,22.0,27.0,28.0
46098,Corbera,municipio,99.0,98.0,86.0,103.0,103.0,93.0,96.0,100.0,92.0,89.0,85.0,85.0,89.0,92.0
46099,Cortes de Pallás,municipio,13.0,0.0,0.0,11.0,0.0,0.0,0.0,0.0,0.0,0.0,0.0,0.0,0.0,0.0
46100,Cotes,municipio,0.0,0.0,0.0,0.0,0.0,0.0,0.0,0.0,0.0,0.0,0.0,0.0,0.0,0.0
46101,Quart de les Valls,municipio,17.0,18.0,19.0,21.0,22.0,13.0,13.0,0.0,0.0,8.0,8.0,11.0,13.0,13.0
46102,Quart de Poblet,municipio,721.0,702.0,658.0,644.0,625.0,641.0,640.0,647.0,665.0,651.0,615.0,563.0,574.0,579.0
46103,Quartell,municipio,45.0,48.0,45.0,48.0,41.0,43.0,48.0,49.0,51.0,47.0,49.0,39.0,37.0,40.0
46104,Quatretonda,municipio,93.0,91.0,87.0,92.0,83.0,75.0,74.0,73.0,75.0,67.0,71.0,61.0,59.0,58.0
46105,Cullera,municipio,664.0,660.0,605.0,617.0,572.0,593.0,567.0,584.0,597.0,620.0,626.0,579.0,571.0,568.0
46106,Chelva,municipio,51.0,51.0,48.0,50.0,49.0,49.0,48.0,48.0,53.0,52.0,51.0,48.0,46.0,45.0
46107,Chella,municipio,71.0,69.0,66.0,66.0,59.0,62.0,60.0,56.0,50.0,48.0,48.0,43.0,45.0,44.0
46108,Chera,municipio,0.0,0.0,0.0,0.0,0.0,0.0,0.0,0.0,0.0,0.0,0.0,0.0,0.0,0.0
46109,Cheste,municipio,194.0,191.0,183.0,184.0,175.0,178.0,178.0,185.0,196.0,189.0,194.0,175.0,172.0,174.0
46110,Xirivella,municipio,705.0,688.0,620.0,639.0,630.0,619.0,641.0,639.0,650.0,657.0,655.0,651.0,642.0,663.0
46111,Chiva,municipio,415.0,411.0,391.0,373.0,378.0,395.0,401.0,392.0,385.0,381.0,393.0,394.0,425.0,438.0
46112,Chulilla,municipio,0.0,0.0,0.0,0.0,0.0,0.0,0.0,0.0,0.0,0.0,0.0,0.0,0.0,0.0
46113,Daimús,municipio,92.0,92.0,88.0,97.0,92.0,87.0,81.0,92.0,86.0,81.0,88.0,82.0,81.0,75.0
46114,Domeño,municipio,0.0,0.0,0.0,0.0,0.0,0.0,0.0,0.0,0.0,0.0,0.0,0.0,0.0,0.0
46115,Dos Aguas,municipio,0.0,0.0,0.0,0.0,0.0,0.0,0.0,0.0,0.0,0.0,0.0,0.0,0.0,0.0
46116,"Eliana, l'",municipio,546.0,535.0,519.0,526.0,501.0,485.0,503.0,504.0,453.0,453.0,471.0,432.0,451.0,451.0
46117,Emperador,municipio,0.0,0.0,0.0,0.0,0.0,0.0,0.0,0.0,0.0,0.0,0.0,0.0,0.0,0.0
46118,Enguera,municipio,147.0,146.0,142.0,134.0,133.0,126.0,119.0,120.0,120.0,118.0,111.0,108.0,109.0,99.0
46119,"Énova, l'",municipio,0.0,0.0,0.0,0.0,0.0,0.0,0.0,0.0,0.0,0.0,0.0,0.0,0.0,0.0
46120,Estivella,municipio,25.0,25.0,14.0,14.0,19.0,20.0,23.0,19.0,21.0,19.0,20.0,22.0,25.0,27.0
46121,Estubeny,municipio,0.0,0.0,0.0,0.0,0.0,0.0,0.0,0.0,0.0,0.0,0.0,0.0,0.0,0.0
46122,Faura,municipio,84.0,81.0,81.0,85.0,81.0,71.0,71.0,67.0,70.0,69.0,66.0,63.0,58.0,57.0
46123,Favara,municipio,79.0,82.0,62.0,71.0,62.0,64.0,64.0,56.0,56.0,62.0,60.0,60.0,59.0,58.0
46124,Fontanars dels Alforins,municipio,32.0,29.0,30.0,0.0,26.0,0.0,0.0,0.0,0.0,0.0,0.0,0.0,0.0,0.0
46125,Fortaleny,municipio,22.0,25.0,25.0,26.0,20.0,23.0,18.0,16.0,22.0,24.0,21.0,17.0,16.0,15.0
46126,Foios,municipio,207.0,211.0,198.0,202.0,209.0,203.0,197.0,192.0,177.0,183.0,187.0,176.0,166.0,160.0
46127,"Font d'en Carròs, la",municipio,83.0,75.0,68.0,73.0,64.0,72.0,79.0,72.0,76.0,70.0,74.0,68.0,64.0,64.0
46128,"Font de la Figuera, la",municipio,71.0,68.0,64.0,64.0,63.0,61.0,66.0,61.0,53.0,51.0,48.0,41.0,37.0,38.0
46129,Fuenterrobles,municipio,0.0,0.0,0.0,0.0,0.0,0.0,0.0,0.0,0.0,0.0,0.0,0.0,0.0,0.0
46130,Gavarda,municipio,21.0,23.0,19.0,18.0,19.0,18.0,19.0,20.0,19.0,19.0,20.0,21.0,23.0,21.0
46131,Gandia,municipio,2236.0,2207.0,2007.0,2036.0,2022.0,2069.0,2101.0,2080.0,2072.0,2035.0,1975.0,1815.0,1807.0,1832.0
46132,"Genovés, el",municipio,68.0,64.0,59.0,61.0,60.0,56.0,57.0,57.0,63.0,59.0,56.0,46.0,46.0,48.0
46133,Gestalgar,municipio,0.0,0.0,0.0,0.0,0.0,0.0,0.0,0.0,0.0,0.0,0.0,0.0,0.0,0.0
46134,Gilet,municipio,74.0,76.0,75.0,67.0,72.0,63.0,66.0,62.0,66.0,70.0,64.0,68.0,55.0,57.0
46135,Godella,municipio,292.0,284.0,273.0,278.0,293.0,271.0,272.0,279.0,265.0,261.0,256.0,242.0,240.0,236.0
46136,Godelleta,municipio,85.0,88.0,76.0,75.0,77.0,80.0,68.0,67.0,77.0,77.0,81.0,81.0,81.0,85.0
46137,"Granja de la Costera, la",municipio,0.0,0.0,0.0,0.0,0.0,0.0,0.0,0.0,0.0,0.0,0.0,0.0,0.0,0.0
46138,Guadasséquies,municipio,0.0,0.0,0.0,0.0,0.0,0.0,0.0,0.0,0.0,0.0,0.0,0.0,0.0,0.0
46139,Guadassuar,municipio,180.0,176.0,157.0,161.0,155.0,154.0,150.0,157.0,155.0,155.0,149.0,131.0,130.0,134.0
46140,Guardamar de la Safor,municipio,0.0,0.0,0.0,0.0,0.0,0.0,0.0,0.0,0.0,0.0,0.0,0.0,0.0,0.0
46141,Higueruelas,municipio,0.0,0.0,0.0,0.0,0.0,0.0,0.0,0.0,0.0,0.0,0.0,0.0,0.0,0.0
46142,Jalance,municipio,0.0,0.0,0.0,0.0,0.0,0.0,0.0,0.0,0.0,0.0,0.0,0.0,0.0,0.0
46143,Xeraco,municipio,178.0,170.0,153.0,167.0,147.0,148.0,149.0,148.0,150.0,154.0,148.0,124.0,131.0,133.0
46144,Jarafuel,municipio,0.0,0.0,0.0,0.0,0.0,0.0,0.0,0.0,0.0,0.0,0.0,0.0,0.0,0.0
46145,Xàtiva,municipio,931.0,940.0,918.0,906.0,890.0,857.0,860.0,879.0,869.0,860.0,870.0,801.0,778.0,778.0
46146,Xeresa,municipio,77.0,77.0,62.0,62.0,62.0,59.0,68.0,69.0,68.0,74.0,68.0,61.0,64.0,65.0
46147,Llíria,municipio,577.0,563.0,517.0,515.0,517.0,532.0,531.0,513.0,527.0,516.0,518.0,451.0,457.0,472.0
46148,Loriguilla,municipio,61.0,62.0,64.0,67.0,65.0,61.0,69.0,64.0,65.0,65.0,62.0,59.0,77.0,68.0
46149,Losa del Obispo,municipio,0.0,0.0,0.0,0.0,0.0,0.0,0.0,0.0,0.0,0.0,0.0,0.0,0.0,0.0
46150,Llutxent,municipio,96.0,93.0,70.0,81.0,84.0,75.0,73.0,69.0,68.0,67.0,65.0,54.0,57.0,56.0
46151,Llocnou d'En Fenollet,municipio,0.0,0.0,0.0,0.0,0.0,0.0,0.0,0.0,0.0,0.0,0.0,0.0,0.0,0.0
46152,Llocnou de la Corona,municipio,0.0,0.0,0.0,0.0,0.0,0.0,0.0,0.0,0.0,0.0,0.0,0.0,0.0,0.0
46153,Llocnou de Sant Jeroni,municipio,0.0,0.0,0.0,0.0,0.0,0.0,0.0,0.0,0.0,0.0,0.0,0.0,0.0,0.0
46154,Llanera de Ranes,municipio,39.0,45.0,36.0,45.0,46.0,48.0,43.0,44.0,44.0,43.0,47.0,36.0,34.0,32.0
46155,Llaurí,municipio,35.0,35.0,30.0,29.0,25.0,26.0,26.0,27.0,24.0,24.0,26.0,25.0,27.0,26.0
46156,Llombai,municipio,83.0,77.0,63.0,66.0,61.0,64.0,59.0,55.0,49.0,51.0,51.0,53.0,50.0,51.0
46157,"Llosa de Ranes, la",municipio,126.0,122.0,116.0,116.0,105.0,104.0,102.0,113.0,109.0,95.0,88.0,81.0,87.0,83.0
46158,Macastre,municipio,31.0,34.0,28.0,29.0,29.0,25.0,21.0,24.0,25.0,25.0,25.0,25.0,23.0,25.0
46159,Manises,municipio,1001.0,988.0,917.0,933.0,926.0,956.0,971.0,962.0,959.0,958.0,945.0,873.0,924.0,937.0
46160,Manuel,municipio,66.0,61.0,50.0,55.0,55.0,50.0,49.0,50.0,49.0,45.0,43.0,42.0,43.0,42.0
46161,Marines,municipio,47.0,45.0,45.0,47.0,41.0,46.0,40.0,36.0,35.0,39.0,46.0,39.0,34.0,27.0
46162,Massalavés,municipio,59.0,51.0,47.0,49.0,37.0,39.0,43.0,42.0,43.0,35.0,38.0,40.0,37.0,35.0
46163,Massalfassar,municipio,97.0,96.0,100.0,97.0,92.0,90.0,87.0,85.0,83.0,84.0,80.0,74.0,67.0,69.0
46164,Massamagrell,municipio,388.0,392.0,371.0,372.0,360.0,365.0,370.0,350.0,349.0,343.0,340.0,321.0,314.0,317.0
46165,Massanassa,municipio,322.0,325.0,300.0,296.0,296.0,293.0,299.0,284.0,304.0,293.0,306.0,278.0,274.0,286.0
46166,Meliana,municipio,255.0,256.0,251.0,254.0,255.0,266.0,256.0,254.0,246.0,237.0,234.0,222.0,222.0,223.0
46167,Millares,municipio,0.0,0.0,0.0,0.0,0.0,0.0,0.0,0.0,0.0,0.0,0.0,0.0,0.0,0.0
46168,Miramar,municipio,72.0,63.0,54.0,63.0,65.0,69.0,66.0,68.0,72.0,71.0,73.0,66.0,58.0,59.0
46169,Mislata,municipio,1028.0,993.0,948.0,935.0,896.0,912.0,892.0,887.0,913.0,897.0,880.0,825.0,839.0,831.0
46170,Moixent/Mogente,municipio,138.0,142.0,138.0,133.0,127.0,125.0,124.0,130.0,125.0,127.0,120.0,111.0,112.0,113.0
46171,Montcada/Moncada,municipio,494.0,490.0,473.0,475.0,470.0,470.0,485.0,451.0,430.0,418.0,420.0,382.0,387.0,386.0
46172,Montserrat,municipio,232.0,246.0,237.0,219.0,240.0,247.0,232.0,228.0,238.0,235.0,241.0,261.0,256.0,238.0
46173,Montaverner,municipio,60.0,60.0,60.0,62.0,60.0,61.0,56.0,56.0,61.0,53.0,54.0,52.0,56.0,57.0
46174,Montesa,municipio,36.0,34.0,30.0,24.0,25.0,22.0,21.0,24.0,26.0,20.0,23.0,19.0,19.0,20.0
46175,Montitxelvo/Montichelvo,municipio,0.0,0.0,0.0,0.0,0.0,0.0,0.0,0.0,0.0,0.0,0.0,0.0,0.0,0.0
46176,Montroi/Montroy,municipio,74.0,75.0,67.0,61.0,57.0,55.0,62.0,58.0,59.0,54.0,59.0,53.0,59.0,70.0
46177,Museros,municipio,211.0,214.0,196.0,199.0,193.0,205.0,195.0,200.0,200.0,201.0,203.0,182.0,178.0,187.0
46178,Nàquera/Náquera,municipio,223.0,216.0,201.0,200.0,202.0,200.0,204.0,203.0,229.0,225.0,233.0,225.0,215.0,221.0
46179,Navarrés,municipio,107.0,96.0,87.0,91.0,85.0,81.0,75.0,74.0,69.0,69.0,75.0,69.0,71.0,71.0
46180,Novetlè,municipio,0.0,0.0,0.0,0.0,0.0,0.0,0.0,0.0,0.0,0.0,0.0,0.0,0.0,0.0
46181,Oliva,municipio,688.0,702.0,622.0,672.0,662.0,659.0,670.0,678.0,678.0,645.0,645.0,613.0,605.0,617.0
46182,Olocau,municipio,28.0,31.0,27.0,34.0,27.0,25.0,26.0,28.0,30.0,33.0,38.0,39.0,39.0,41.0
46183,"Olleria, l'",municipio,275.0,254.0,221.0,240.0,231.0,239.0,246.0,255.0,259.0,257.0,260.0,228.0,230.0,233.0
46184,Ontinyent,municipio,1157.0,1151.0,1132.0,1131.0,1065.0,1056.0,1015.0,1015.0,996.0,988.0,980.0,883.0,862.0,844.0
46185,Otos,municipio,0.0,0.0,0.0,0.0,0.0,0.0,0.0,0.0,0.0,0.0,0.0,0.0,0.0,0.0
46186,Paiporta,municipio,686.0,667.0,651.0,683.0,681.0,635.0,608.0,602.0,614.0,612.0,607.0,578.0,577.0,592.0
46187,Palma de Gandía,municipio,36.0,36.0,28.0,30.0,33.0,36.0,39.0,42.0,50.0,41.0,39.0,42.0,38.0,41.0
46188,Palmera,municipio,0.0,33.0,35.0,0.0,0.0,38.0,36.0,36.0,35.0,29.0,36.0,36.0,37.0,36.0
46189,"Palomar, el",municipio,0.0,0.0,0.0,0.0,0.0,0.0,0.0,0.0,0.0,0.0,0.0,0.0,0.0,0.0
46190,Paterna,municipio,1861.0,1859.0,1805.0,1862.0,1881.0,1908.0,1940.0,1940.0,1957.0,1965.0,1947.0,1821.0,1833.0,1833.0
46191,Pedralba,municipio,79.0,72.0,74.0,73.0,63.0,63.0,69.0,66.0,67.0,62.0,64.0,56.0,61.0,65.0
46192,Petrés,municipio,18.0,16.0,15.0,0.0,0.0,0.0,0.0,0.0,0.0,0.0,8.0,11.0,14.0,9.0
46193,Picanya,municipio,386.0,388.0,374.0,364.0,357.0,358.0,361.0,353.0,332.0,321.0,326.0,310.0,303.0,303.0
46194,Picassent,municipio,581.0,577.0,504.0,542.0,527.0,522.0,504.0,501.0,497.0,501.0,481.0,453.0,467.0,467.0
46195,Piles,municipio,73.0,78.0,68.0,66.0,66.0,74.0,76.0,75.0,83.0,81.0,84.0,86.0,74.0,74.0
46196,Pinet,municipio,0.0,0.0,0.0,0.0,0.0,0.0,0.0,0.0,0.0,0.0,0.0,0.0,0.0,0.0
46197,Polinyà de Xúquer,municipio,80.0,72.0,64.0,67.0,58.0,51.0,51.0,45.0,54.0,56.0,56.0,59.0,62.0,60.0
46198,Potries,municipio,19.0,13.0,11.0,0.0,12.0,12.0,17.0,18.0,15.0,15.0,15.0,15.0,19.0,18.0
46199,"Pobla de Farnals, la",municipio,207.0,205.0,208.0,212.0,192.0,202.0,198.0,195.0,210.0,204.0,206.0,192.0,197.0,200.0
46200,"Pobla del Duc, la",municipio,78.0,80.0,70.0,76.0,72.0,66.0,64.0,61.0,58.0,54.0,54.0,57.0,52.0,52.0
46201,Puebla de San Miguel,municipio,0.0,0.0,0.0,0.0,0.0,0.0,0.0,0.0,0.0,0.0,0.0,0.0,0.0,0.0
46202,"Pobla de Vallbona, la",municipio,658.0,677.0,671.0,685.0,686.0,692.0,693.0,686.0,693.0,683.0,698.0,659.0,654.0,635.0
46203,"Pobla Llarga, la",municipio,151.0,150.0,137.0,141.0,128.0,136.0,132.0,124.0,127.0,121.0,117.0,101.0,107.0,108.0
46204,"Puig de Santa Maria, el",municipio,300.0,304.0,287.0,283.0,294.0,277.0,280.0,273.0,267.0,261.0,267.0,254.0,239.0,235.0
46205,Puçol,municipio,479.0,474.0,455.0,460.0,456.0,463.0,471.0,445.0,439.0,422.0,431.0,406.0,395.0,398.0
46206,Quesa,municipio,0.0,0.0,0.0,0.0,0.0,0.0,0.0,0.0,0.0,0.0,0.0,0.0,0.0,0.0
46207,Rafelbunyol,municipio,287.0,278.0,268.0,284.0,270.0,265.0,267.0,258.0,252.0,246.0,253.0,228.0,224.0,235.0
46208,Rafelcofer,municipio,37.0,41.0,37.0,35.0,35.0,29.0,30.0,27.0,24.0,24.0,22.0,25.0,23.0,22.0
46209,Rafelguaraf,municipio,43.0,51.0,54.0,53.0,47.0,51.0,42.0,42.0,39.0,35.0,36.0,33.0,35.0,38.0
46210,Ráfol de Salem,municipio,0.0,0.0,0.0,0.0,0.0,0.0,0.0,0.0,0.0,0.0,0.0,0.0,0.0,0.0
46211,"Real de Gandia, el",municipio,112.0,113.0,111.0,124.0,132.0,122.0,115.0,111.0,105.0,91.0,93.0,102.0,99.0,86.0
46212,Real,municipio,66.0,58.0,55.0,52.0,52.0,49.0,49.0,44.0,48.0,44.0,44.0,47.0,54.0,49.0
46213,Requena,municipio,574.0,574.0,555.0,562.0,542.0,521.0,522.0,526.0,510.0,506.0,498.0,461.0,453.0,460.0
46214,Riba-roja de Túria,municipio,825.0,823.0,807.0,814.0,843.0,872.0,883.0,865.0,858.0,844.0,818.0,769.0,791.0,783.0
46215,Riola,municipio,52.0,48.0,45.0,48.0,42.0,38.0,40.0,40.0,44.0,42.0,41.0,40.0,35.0,36.0
46216,Rocafort,municipio,138.0,139.0,146.0,160.0,165.0,158.0,169.0,164.0,164.0,156.0,161.0,163.0,169.0,164.0
46217,Rotglà i Corberà,municipio,48.0,49.0,45.0,39.0,36.0,43.0,42.0,42.0,42.0,48.0,45.0,37.0,40.0,33.0
46218,Ròtova,municipio,35.0,38.0,34.0,37.0,35.0,31.0,35.0,34.0,30.0,29.0,26.0,27.0,26.0,24.0
46219,Rugat,municipio,0.0,0.0,0.0,0.0,0.0,0.0,0.0,0.0,0.0,0.0,0.0,0.0,0.0,0.0
46220,Sagunt/Sagunto,municipio,1561.0,1537.0,1456.0,1448.0,1443.0,1440.0,1379.0,1386.0,1362.0,1360.0,1345.0,1227.0,1278.0,1329.0
46221,Salem,municipio,0.0,0.0,0.0,0.0,0.0,0.0,0.0,0.0,0.0,0.0,0.0,0.0,0.0,0.0
46222,Sant Joanet,municipio,0.0,0.0,0.0,0.0,0.0,0.0,0.0,0.0,0.0,0.0,0.0,0.0,0.0,0.0
46223,Sedaví,municipio,330.0,321.0,298.0,294.0,292.0,280.0,270.0,279.0,280.0,263.0,262.0,260.0,266.0,271.0
46224,Segart,municipio,0.0,0.0,0.0,0.0,0.0,0.0,0.0,0.0,0.0,0.0,0.0,0.0,0.0,0.0
46225,Sellent,municipio,0.0,0.0,0.0,0.0,0.0,0.0,0.0,0.0,0.0,0.0,0.0,0.0,0.0,0.0
46226,Sempere,municipio,0.0,0.0,0.0,0.0,0.0,0.0,0.0,0.0,0.0,0.0,0.0,0.0,0.0,0.0
46227,Senyera,municipio,35.0,30.0,24.0,34.0,33.0,28.0,29.0,26.0,18.0,19.0,0.0,21.0,24.0,23.0
46228,Serra,municipio,66.0,67.0,65.0,75.0,71.0,73.0,68.0,65.0,59.0,57.0,65.0,64.0,63.0,56.0
46229,Siete Aguas,municipio,35.0,34.0,31.0,34.0,34.0,30.0,31.0,31.0,29.0,31.0,31.0,33.0,37.0,36.0
46230,Silla,municipio,546.0,496.0,461.0,453.0,457.0,445.0,443.0,454.0,446.0,453.0,457.0,455.0,461.0,471.0
46231,Simat de la Valldigna,municipio,112.0,120.0,83.0,81.0,76.0,77.0,77.0,76.0,71.0,70.0,73.0,68.0,69.0,64.0
46232,Sinarcas,municipio,31.0,30.0,28.0,28.0,27.0,29.0,26.0,25.0,26.0,24.0,22.0,19.0,20.0,17.0
46233,Sollana,municipio,149.0,152.0,133.0,123.0,121.0,123.0,121.0,115.0,114.0,107.0,104.0,88.0,97.0,101.0
46234,Sot de Chera,municipio,0.0,0.0,0.0,0.0,0.0,0.0,0.0,0.0,0.0,0.0,0.0,0.0,0.0,0.0
46235,Sueca,municipio,729.0,732.0,700.0,709.0,700.0,674.0,652.0,641.0,635.0,627.0,626.0,557.0,559.0,564.0
46236,Sumacàrcer,municipio,28.0,21.0,25.0,25.0,25.0,22.0,20.0,21.0,21.0,21.0,19.0,20.0,18.0,17.0
46237,Tavernes Blanques,municipio,204.0,200.0,186.0,187.0,183.0,193.0,185.0,176.0,169.0,166.0,161.0,159.0,158.0,167.0
46238,Tavernes de la Valldigna,municipio,404.0,402.0,357.0,364.0,360.0,371.0,378.0,362.0,361.0,350.0,355.0,330.0,325.0,346.0
46239,Teresa de Cofrentes,municipio,0.0,0.0,0.0,0.0,0.0,0.0,0.0,0.0,0.0,0.0,0.0,0.0,0.0,0.0
46240,Terrateig,municipio,0.0,0.0,0.0,0.0,0.0,0.0,0.0,0.0,0.0,0.0,0.0,0.0,0.0,0.0
46241,Titaguas,municipio,0.0,0.0,0.0,0.0,0.0,0.0,0.0,0.0,0.0,0.0,0.0,0.0,0.0,0.0
46242,Torrebaja,municipio,0.0,0.0,0.0,0.0,0.0,0.0,0.0,0.0,0.0,0.0,0.0,0.0,0.0,0.0
46243,Torrella,municipio,0.0,0.0,0.0,0.0,0.0,0.0,0.0,0.0,0.0,0.0,0.0,0.0,0.0,0.0
46244,Torrent,municipio,2065.0,2014.0,1840.0,1876.0,1858.0,1894.0,1868.0,1857.0,1914.0,1913.0,1919.0,1829.0,1837.0,1884.0
46245,Torres Torres,municipio,0.0,0.0,0.0,0.0,0.0,0.0,0.0,0.0,0.0,0.0,0.0,0.0,0.0,0.0
46246,Tous,municipio,29.0,28.0,25.0,28.0,28.0,24.0,24.0,23.0,20.0,24.0,24.0,23.0,22.0,21.0
46247,Tuéjar,municipio,30.0,33.0,33.0,33.0,32.0,31.0,32.0,32.0,33.0,35.0,32.0,31.0,34.0,35.0
46248,Turís,municipio,184.0,190.0,181.0,174.0,182.0,176.0,167.0,169.0,170.0,171.0,178.0,173.0,157.0,155.0
46249,Utiel,municipio,407.0,384.0,358.0,350.0,339.0,336.0,332.0,321.0,316.0,304.0,305.0,289.0,277.0,275.0
46250,València,municipio,21417.0,20963.0,20440.0,20387.0,20133.0,20360.0,20502.0,20625.0,20791.0,20687.0,20826.0,19122.0,19532.0,19770.0
46251,Vallada,municipio,101.0,98.0,94.0,91.0,94.0,95.0,94.0,91.0,88.0,89.0,90.0,77.0,78.0,82.0
46252,Vallanca,municipio,0.0,0.0,0.0,0.0,0.0,0.0,0.0,0.0,0.0,0.0,0.0,0.0,0.0,0.0
46253,Vallés,municipio,0.0,0.0,0.0,0.0,0.0,0.0,0.0,0.0,0.0,0.0,0.0,0.0,0.0,0.0
46254,Venta del Moro,municipio,30.0,27.0,21.0,22.0,19.0,23.0,27.0,26.0,23.0,28.0,28.0,26.0,24.0,24.0
46255,Vilallonga/Villalonga,municipio,112.0,109.0,103.0,103.0,103.0,100.0,101.0,96.0,102.0,107.0,96.0,90.0,88.0,92.0
46256,Vilamarxant,municipio,230.0,220.0,204.0,213.0,232.0,218.0,220.0,212.0,211.0,204.0,200.0,183.0,200.0,205.0
46257,Castelló,municipio,238.0,234.0,203.0,216.0,203.0,198.0,192.0,195.0,199.0,196.0,179.0,157.0,148.0,153.0
46258,Villar del Arzobispo,municipio,146.0,143.0,105.0,110.0,108.0,106.0,100.0,98.0,97.0,94.0,92.0,89.0,91.0,90.0
46259,Villargordo del Cabriel,municipio,0.0,0.0,0.0,0.0,0.0,0.0,0.0,0.0,0.0,0.0,0.0,0.0,0.0,0.0
46260,Vinalesa,municipio,86.0,88.0,87.0,82.0,85.0,73.0,71.0,65.0,66.0,62.0,64.0,52.0,53.0,57.0
46261,Yátova,municipio,53.0,54.0,47.0,55.0,57.0,54.0,55.0,51.0,52.0,48.0,48.0,43.0,44.0,44.0
46262,"Yesa, La",municipio,0.0,0.0,0.0,0.0,0.0,0.0,0.0,0.0,0.0,0.0,0.0,0.0,0.0,0.0
46263,Zarra,municipio,0.0,0.0,0.0,0.0,0.0,0.0,0.0,0.0,0.0,0.0,0.0,0.0,0.0,0.0
46902,Gátova,municipio,0.0,0.0,0.0,0.0,0.0,0.0,0.0,0.0,0.0,0.0,0.0,0.0,0.0,0.0
46903,San Antonio de Benagéber,municipio,212.0,218.0,215.0,205.0,206.0,217.0,219.0,232.0,240.0,231.0,242.0,234.0,243.0,252.0
46904,Benicull de Xúquer,municipio,0.0,0.0,13.0,0.0,0.0,0.0,0.0,0.0,14.0,13.0,14.0,14.0,15.0,13.0
46,Valencia/València,provincia,70267.0,69204.0,65787.0,66298.0,65200.0,65352.0,65260.0,64925.0,65092.0,64431.0,64375.0,59813.0,60311.0,60854.0
47001,Adalia,municipio,0.0,0.0,0.0,0.0,0.0,0.0,0.0,0.0,0.0,0.0,0.0,0.0,0.0,0.0
47002,Aguasal,municipio,0.0,0.0,0.0,0.0,0.0,0.0,0.0,0.0,0.0,0.0,0.0,0.0,0.0,0.0
47003,Aguilar de Campos,municipio,0.0,0.0,0.0,0.0,0.0,0.0,0.0,0.0,0.0,0.0,0.0,0.0,0.0,0.0
47004,Alaejos,municipio,44.0,43.0,42.0,46.0,41.0,37.0,35.0,34.0,33.0,36.0,38.0,37.0,34.0,35.0
47005,Alcazarén,municipio,0.0,0.0,0.0,0.0,0.0,0.0,0.0,0.0,0.0,0.0,0.0,0.0,0.0,0.0
47006,Aldea de San Miguel,municipio,0.0,0.0,0.0,0.0,0.0,0.0,0.0,0.0,0.0,0.0,0.0,0.0,0.0,0.0
47007,Aldeamayor de San Martín,municipio,138.0,134.0,138.0,143.0,154.0,160.0,153.0,150.0,153.0,143.0,145.0,147.0,152.0,152.0
47008,Almenara de Adaja,municipio,0.0,0.0,0.0,0.0,0.0,0.0,0.0,0.0,0.0,0.0,0.0,0.0,0.0,0.0
47009,Amusquillo,municipio,0.0,0.0,0.0,0.0,0.0,0.0,0.0,0.0,0.0,0.0,0.0,0.0,0.0,0.0
47010,Arroyo de la Encomienda,municipio,338.0,350.0,361.0,378.0,386.0,411.0,403.0,406.0,412.0,414.0,407.0,369.0,368.0,384.0
47011,Ataquines,municipio,0.0,0.0,0.0,0.0,0.0,0.0,0.0,0.0,0.0,0.0,0.0,0.0,0.0,0.0
47012,Bahabón,municipio,0.0,0.0,0.0,0.0,0.0,0.0,0.0,0.0,0.0,0.0,0.0,0.0,0.0,0.0
47013,Barcial de la Loma,municipio,0.0,0.0,0.0,0.0,0.0,0.0,0.0,0.0,0.0,0.0,0.0,0.0,0.0,0.0
47014,Barruelo del Valle,municipio,0.0,0.0,0.0,0.0,0.0,0.0,0.0,0.0,0.0,0.0,0.0,0.0,0.0,0.0
47015,Becilla de Valderaduey,municipio,0.0,0.0,0.0,0.0,0.0,0.0,0.0,0.0,0.0,0.0,0.0,0.0,0.0,0.0
47016,Benafarces,municipio,0.0,0.0,0.0,0.0,0.0,0.0,0.0,0.0,0.0,0.0,0.0,0.0,0.0,0.0
47017,Bercero,municipio,0.0,0.0,0.0,0.0,0.0,0.0,0.0,0.0,0.0,0.0,0.0,0.0,0.0,0.0
47018,Berceruelo,municipio,0.0,0.0,0.0,0.0,0.0,0.0,0.0,0.0,0.0,0.0,0.0,0.0,0.0,0.0
47019,Berrueces,municipio,0.0,0.0,0.0,0.0,0.0,0.0,0.0,0.0,0.0,0.0,0.0,0.0,0.0,0.0
47020,Bobadilla del Campo,municipio,0.0,0.0,0.0,0.0,0.0,0.0,0.0,0.0,0.0,0.0,0.0,0.0,0.0,0.0
47021,Bocigas,municipio,0.0,0.0,0.0,0.0,0.0,0.0,0.0,0.0,0.0,0.0,0.0,0.0,0.0,0.0
47022,Bocos de Duero,municipio,0.0,0.0,0.0,0.0,0.0,0.0,0.0,0.0,0.0,0.0,0.0,0.0,0.0,0.0
47023,Boecillo,municipio,109.0,105.0,109.0,115.0,97.0,104.0,107.0,101.0,97.0,85.0,84.0,69.0,78.0,83.0
47024,Bolaños de Campos,municipio,0.0,0.0,0.0,0.0,0.0,0.0,0.0,0.0,0.0,0.0,0.0,0.0,0.0,0.0
47025,Brahojos de Medina,municipio,0.0,0.0,0.0,0.0,0.0,0.0,0.0,0.0,0.0,0.0,0.0,0.0,0.0,0.0
47026,Bustillo de Chaves,municipio,0.0,0.0,0.0,0.0,0.0,0.0,0.0,0.0,0.0,0.0,0.0,0.0,0.0,0.0
47027,Cabezón de Pisuerga,municipio,72.0,80.0,77.0,73.0,81.0,71.0,64.0,56.0,54.0,55.0,51.0,52.0,52.0,48.0
47028,Cabezón de Valderaduey,municipio,0.0,0.0,0.0,0.0,0.0,0.0,0.0,0.0,0.0,0.0,0.0,0.0,0.0,0.0
47029,Cabreros del Monte,municipio,0.0,0.0,0.0,0.0,0.0,0.0,0.0,0.0,0.0,0.0,0.0,0.0,0.0,0.0
47030,Campaspero,municipio,27.0,30.0,27.0,31.0,29.0,28.0,21.0,22.0,21.0,20.0,18.0,17.0,16.0,19.0
47031,"Campillo, El",municipio,0.0,0.0,0.0,0.0,0.0,0.0,0.0,0.0,0.0,0.0,0.0,0.0,0.0,0.0
47032,Camporredondo,municipio,0.0,0.0,0.0,0.0,0.0,0.0,0.0,0.0,0.0,0.0,0.0,0.0,0.0,0.0
47033,Canalejas de Peñafiel,municipio,0.0,0.0,0.0,0.0,0.0,0.0,0.0,0.0,0.0,0.0,0.0,0.0,0.0,0.0
47034,Canillas de Esgueva,municipio,0.0,0.0,0.0,0.0,0.0,0.0,0.0,0.0,0.0,0.0,0.0,0.0,0.0,0.0
47035,Carpio,municipio,33.0,32.0,36.0,38.0,35.0,36.0,41.0,33.0,36.0,0.0,0.0,0.0,0.0,0.0
47036,Casasola de Arión,municipio,0.0,0.0,0.0,0.0,0.0,0.0,0.0,0.0,0.0,0.0,0.0,0.0,0.0,0.0
47037,Castrejón de Trabancos,municipio,0.0,0.0,0.0,0.0,0.0,0.0,0.0,0.0,0.0,0.0,0.0,0.0,0.0,0.0
47038,Castrillo de Duero,municipio,0.0,0.0,0.0,0.0,0.0,0.0,0.0,0.0,0.0,0.0,0.0,0.0,0.0,0.0
47039,Castrillo-Tejeriego,municipio,0.0,0.0,0.0,0.0,0.0,0.0,0.0,0.0,0.0,0.0,0.0,0.0,0.0,0.0
47040,Castrobol,municipio,0.0,0.0,0.0,0.0,0.0,0.0,0.0,0.0,0.0,0.0,0.0,0.0,0.0,0.0
47041,Castrodeza,municipio,0.0,0.0,0.0,0.0,0.0,0.0,0.0,0.0,0.0,0.0,0.0,0.0,0.0,0.0
47042,Castromembibre,municipio,0.0,0.0,0.0,0.0,0.0,0.0,0.0,0.0,0.0,0.0,0.0,0.0,0.0,0.0
47043,Castromonte,municipio,0.0,0.0,0.0,0.0,0.0,0.0,0.0,0.0,0.0,0.0,0.0,0.0,0.0,0.0
47044,Castronuevo de Esgueva,municipio,0.0,0.0,0.0,0.0,0.0,0.0,0.0,0.0,0.0,0.0,0.0,0.0,0.0,0.0
47045,Castronuño,municipio,0.0,0.0,0.0,0.0,0.0,0.0,0.0,0.0,0.0,0.0,0.0,0.0,0.0,0.0
47046,Castroponce,municipio,0.0,0.0,0.0,0.0,0.0,0.0,0.0,0.0,0.0,0.0,0.0,0.0,0.0,0.0
47047,Castroverde de Cerrato,municipio,0.0,0.0,0.0,0.0,0.0,0.0,0.0,0.0,0.0,0.0,0.0,0.0,0.0,0.0
47048,Ceinos de Campos,municipio,0.0,0.0,0.0,0.0,0.0,0.0,0.0,0.0,0.0,0.0,0.0,0.0,0.0,0.0
47049,Cervillego de la Cruz,municipio,0.0,0.0,0.0,0.0,0.0,0.0,0.0,0.0,0.0,0.0,0.0,0.0,0.0,0.0
47050,Cigales,municipio,105.0,101.0,94.0,97.0,96.0,97.0,90.0,88.0,95.0,97.0,94.0,84.0,96.0,84.0
47051,Ciguñuela,municipio,0.0,0.0,0.0,0.0,0.0,0.0,0.0,0.0,0.0,0.0,0.0,0.0,0.0,0.0
47052,Cistérniga,municipio,293.0,292.0,293.0,294.0,280.0,276.0,268.0,260.0,248.0,235.0,235.0,216.0,212.0,211.0
47053,Cogeces de Íscar,municipio,0.0,0.0,0.0,0.0,0.0,0.0,0.0,0.0,0.0,0.0,0.0,0.0,0.0,0.0
47054,Cogeces del Monte,municipio,0.0,0.0,0.0,0.0,0.0,0.0,0.0,0.0,0.0,0.0,0.0,0.0,0.0,0.0
47055,Corcos,municipio,0.0,0.0,0.0,0.0,0.0,0.0,0.0,0.0,0.0,0.0,0.0,0.0,0.0,0.0
47056,Corrales de Duero,municipio,0.0,0.0,0.0,0.0,0.0,0.0,0.0,0.0,0.0,0.0,0.0,0.0,0.0,0.0
47057,Cubillas de Santa Marta,municipio,0.0,0.0,0.0,0.0,0.0,0.0,0.0,0.0,0.0,0.0,0.0,0.0,0.0,0.0
47058,Cuenca de Campos,municipio,0.0,0.0,0.0,0.0,0.0,0.0,0.0,0.0,0.0,0.0,0.0,0.0,0.0,0.0
47059,Curiel de Duero,municipio,0.0,0.0,0.0,0.0,0.0,0.0,0.0,0.0,0.0,0.0,0.0,0.0,0.0,0.0
47060,Encinas de Esgueva,municipio,0.0,0.0,0.0,0.0,0.0,0.0,0.0,0.0,0.0,0.0,0.0,0.0,0.0,0.0
47061,Esguevillas de Esgueva,municipio,0.0,0.0,0.0,0.0,0.0,0.0,0.0,0.0,0.0,0.0,0.0,0.0,0.0,0.0
47062,Fombellida,municipio,0.0,0.0,0.0,0.0,0.0,0.0,0.0,0.0,0.0,0.0,0.0,0.0,0.0,0.0
47063,Fompedraza,municipio,0.0,0.0,0.0,0.0,0.0,0.0,0.0,0.0,0.0,0.0,0.0,0.0,0.0,0.0
47064,Fontihoyuelo,municipio,0.0,0.0,0.0,0.0,0.0,0.0,0.0,0.0,0.0,0.0,0.0,0.0,0.0,0.0
47065,Fresno el Viejo,municipio,18.0,0.0,0.0,0.0,0.0,0.0,0.0,0.0,0.0,0.0,0.0,0.0,0.0,0.0
47066,Fuensaldaña,municipio,41.0,38.0,34.0,38.0,40.0,38.0,36.0,43.0,45.0,47.0,50.0,53.0,52.0,56.0
47067,Fuente el Sol,municipio,0.0,0.0,0.0,0.0,0.0,0.0,0.0,0.0,0.0,0.0,0.0,0.0,0.0,0.0
47068,Fuente-Olmedo,municipio,0.0,0.0,0.0,0.0,0.0,0.0,0.0,0.0,0.0,0.0,0.0,0.0,0.0,0.0
47069,Gallegos de Hornija,municipio,0.0,0.0,0.0,0.0,0.0,0.0,0.0,0.0,0.0,0.0,0.0,0.0,0.0,0.0
47070,Gatón de Campos,municipio,0.0,0.0,0.0,0.0,0.0,0.0,0.0,0.0,0.0,0.0,0.0,0.0,0.0,0.0
47071,Geria,municipio,0.0,0.0,0.0,0.0,0.0,0.0,0.0,0.0,0.0,0.0,0.0,0.0,0.0,0.0
47073,Herrín de Campos,municipio,0.0,0.0,0.0,0.0,0.0,0.0,0.0,0.0,0.0,0.0,0.0,0.0,0.0,0.0
47074,Hornillos de Eresma,municipio,0.0,0.0,0.0,0.0,0.0,0.0,0.0,0.0,0.0,0.0,0.0,0.0,0.0,0.0
47075,Íscar,municipio,221.0,215.0,210.0,203.0,196.0,201.0,199.0,200.0,192.0,185.0,176.0,161.0,166.0,164.0
47076,Laguna de Duero,municipio,519.0,518.0,497.0,504.0,517.0,498.0,493.0,497.0,478.0,464.0,452.0,418.0,411.0,413.0
47077,Langayo,municipio,0.0,0.0,0.0,0.0,0.0,0.0,0.0,0.0,0.0,0.0,0.0,0.0,0.0,0.0
47078,Lomoviejo,municipio,0.0,0.0,0.0,0.0,0.0,0.0,0.0,0.0,0.0,0.0,0.0,0.0,0.0,0.0
47079,Llano de Olmedo,municipio,0.0,0.0,0.0,0.0,0.0,0.0,0.0,0.0,0.0,0.0,0.0,0.0,0.0,0.0
47080,Manzanillo,municipio,0.0,0.0,0.0,0.0,0.0,0.0,0.0,0.0,0.0,0.0,0.0,0.0,0.0,0.0
47081,Marzales,municipio,0.0,0.0,0.0,0.0,0.0,0.0,0.0,0.0,0.0,0.0,0.0,0.0,0.0,0.0
47082,Matapozuelos,municipio,29.0,32.0,31.0,34.0,36.0,33.0,32.0,36.0,35.0,35.0,33.0,37.0,35.0,37.0
47083,Matilla de los Caños,municipio,0.0,0.0,0.0,0.0,0.0,0.0,0.0,0.0,0.0,0.0,0.0,0.0,0.0,0.0
47084,Mayorga,municipio,55.0,59.0,60.0,60.0,57.0,61.0,56.0,57.0,52.0,47.0,47.0,39.0,40.0,39.0
47085,Medina del Campo,municipio,648.0,643.0,649.0,647.0,619.0,609.0,591.0,591.0,568.0,560.0,540.0,498.0,482.0,457.0
47086,Medina de Rioseco,municipio,218.0,204.0,198.0,194.0,187.0,176.0,186.0,178.0,182.0,174.0,170.0,172.0,166.0,161.0
47087,Megeces,municipio,0.0,0.0,0.0,0.0,0.0,0.0,0.0,0.0,0.0,0.0,0.0,0.0,0.0,0.0
47088,Melgar de Abajo,municipio,0.0,0.0,0.0,0.0,0.0,0.0,0.0,0.0,0.0,0.0,0.0,0.0,0.0,0.0
47089,Melgar de Arriba,municipio,0.0,0.0,0.0,0.0,0.0,0.0,0.0,0.0,0.0,0.0,0.0,0.0,0.0,0.0
47090,Mojados,municipio,125.0,124.0,115.0,116.0,105.0,99.0,93.0,93.0,87.0,77.0,86.0,93.0,96.0,96.0
47091,Monasterio de Vega,municipio,0.0,0.0,0.0,0.0,0.0,0.0,0.0,0.0,0.0,0.0,0.0,0.0,0.0,0.0
47092,Montealegre de Campos,municipio,0.0,0.0,0.0,0.0,0.0,0.0,0.0,0.0,0.0,0.0,0.0,0.0,0.0,0.0
47093,Montemayor de Pililla,municipio,0.0,0.0,0.0,0.0,0.0,0.0,0.0,0.0,0.0,0.0,0.0,0.0,0.0,0.0
47094,Moral de la Reina,municipio,0.0,0.0,0.0,0.0,0.0,0.0,0.0,0.0,0.0,0.0,0.0,0.0,0.0,0.0
47095,Moraleja de las Panaderas,municipio,0.0,0.0,0.0,0.0,0.0,0.0,0.0,0.0,0.0,0.0,0.0,0.0,0.0,0.0
47096,Morales de Campos,municipio,0.0,0.0,0.0,0.0,0.0,0.0,0.0,0.0,0.0,0.0,0.0,0.0,0.0,0.0
47097,Mota del Marqués,municipio,0.0,0.0,0.0,0.0,0.0,0.0,0.0,0.0,0.0,0.0,0.0,0.0,0.0,0.0
47098,Mucientes,municipio,0.0,0.0,0.0,0.0,0.0,0.0,0.0,0.0,0.0,0.0,0.0,0.0,0.0,0.0
47099,"Mudarra, La",municipio,0.0,0.0,0.0,0.0,0.0,0.0,0.0,0.0,0.0,0.0,0.0,0.0,0.0,0.0
47100,Muriel,municipio,0.0,0.0,0.0,0.0,0.0,0.0,0.0,0.0,0.0,0.0,0.0,0.0,0.0,0.0
47101,Nava del Rey,municipio,67.0,67.0,63.0,64.0,60.0,65.0,64.0,58.0,60.0,58.0,59.0,58.0,55.0,54.0
47102,Nueva Villa de las Torres,municipio,0.0,0.0,0.0,0.0,0.0,0.0,0.0,0.0,0.0,0.0,0.0,0.0,0.0,0.0
47103,Olivares de Duero,municipio,0.0,0.0,0.0,0.0,0.0,0.0,0.0,0.0,0.0,0.0,0.0,0.0,0.0,0.0
47104,Olmedo,municipio,101.0,102.0,98.0,95.0,103.0,101.0,96.0,103.0,97.0,91.0,91.0,83.0,88.0,83.0
47105,Olmos de Esgueva,municipio,0.0,0.0,0.0,0.0,0.0,0.0,0.0,0.0,0.0,0.0,0.0,0.0,0.0,0.0
47106,Olmos de Peñafiel,municipio,0.0,0.0,0.0,0.0,0.0,0.0,0.0,0.0,0.0,0.0,0.0,0.0,0.0,0.0
47109,Palazuelo de Vedija,municipio,0.0,0.0,0.0,0.0,0.0,0.0,0.0,0.0,0.0,0.0,0.0,0.0,0.0,0.0
47110,"Parrilla, La",municipio,0.0,0.0,0.0,0.0,0.0,0.0,0.0,0.0,0.0,0.0,0.0,0.0,0.0,0.0
47111,"Pedraja de Portillo, La",municipio,28.0,25.0,27.0,27.0,26.0,25.0,21.0,21.0,20.0,20.0,19.0,20.0,16.0,18.0
47112,Pedrajas de San Esteban,municipio,156.0,155.0,137.0,127.0,119.0,124.0,115.0,115.0,113.0,106.0,105.0,99.0,104.0,101.0
47113,Pedrosa del Rey,municipio,0.0,0.0,0.0,0.0,0.0,0.0,0.0,0.0,0.0,0.0,0.0,0.0,0.0,0.0
47114,Peñafiel,municipio,210.0,212.0,212.0,210.0,206.0,213.0,212.0,216.0,215.0,217.0,210.0,183.0,178.0,171.0
47115,Peñaflor de Hornija,municipio,0.0,0.0,0.0,0.0,0.0,0.0,0.0,0.0,0.0,0.0,0.0,0.0,0.0,0.0
47116,Pesquera de Duero,municipio,0.0,0.0,0.0,0.0,0.0,0.0,0.0,0.0,0.0,0.0,0.0,0.0,0.0,0.0
47117,Piña de Esgueva,municipio,0.0,0.0,0.0,0.0,0.0,0.0,0.0,0.0,0.0,0.0,0.0,0.0,0.0,0.0
47118,Piñel de Abajo,municipio,0.0,0.0,0.0,0.0,0.0,0.0,0.0,0.0,0.0,0.0,0.0,0.0,0.0,0.0
47119,Piñel de Arriba,municipio,0.0,0.0,0.0,0.0,0.0,0.0,0.0,0.0,0.0,0.0,0.0,0.0,0.0,0.0
47121,Pollos,municipio,0.0,0.0,0.0,0.0,0.0,0.0,0.0,0.0,0.0,0.0,0.0,0.0,0.0,0.0
47122,Portillo,municipio,69.0,72.0,74.0,69.0,68.0,69.0,68.0,64.0,62.0,65.0,64.0,62.0,58.0,56.0
47123,Pozal de Gallinas,municipio,0.0,0.0,0.0,0.0,0.0,0.0,0.0,0.0,0.0,0.0,0.0,0.0,0.0,0.0
47124,Pozaldez,municipio,0.0,0.0,0.0,0.0,0.0,0.0,0.0,0.0,0.0,0.0,0.0,0.0,0.0,0.0
47125,Pozuelo de la Orden,municipio,0.0,0.0,0.0,0.0,0.0,0.0,0.0,0.0,0.0,0.0,0.0,0.0,0.0,0.0
47126,Puras,municipio,0.0,0.0,0.0,0.0,0.0,0.0,0.0,0.0,0.0,0.0,0.0,0.0,0.0,0.0
47127,Quintanilla de Arriba,municipio,0.0,0.0,0.0,0.0,0.0,0.0,0.0,0.0,0.0,0.0,0.0,0.0,0.0,0.0
47128,Quintanilla del Molar,municipio,0.0,0.0,0.0,0.0,0.0,0.0,0.0,0.0,0.0,0.0,0.0,0.0,0.0,0.0
47129,Quintanilla de Onésimo,municipio,41.0,42.0,42.0,41.0,37.0,38.0,39.0,41.0,42.0,40.0,40.0,36.0,40.0,0.0
47130,Quintanilla de Trigueros,municipio,0.0,0.0,0.0,0.0,0.0,0.0,0.0,0.0,0.0,0.0,0.0,0.0,0.0,0.0
47131,Rábano,municipio,0.0,0.0,0.0,0.0,0.0,0.0,0.0,0.0,0.0,0.0,0.0,0.0,0.0,0.0
47132,Ramiro,municipio,0.0,0.0,0.0,0.0,0.0,0.0,0.0,0.0,0.0,0.0,0.0,0.0,0.0,0.0
47133,Renedo de Esgueva,municipio,95.0,100.0,103.0,100.0,99.0,102.0,94.0,100.0,102.0,97.0,97.0,86.0,84.0,77.0
47134,Roales de Campos,municipio,0.0,0.0,0.0,0.0,0.0,0.0,0.0,0.0,0.0,0.0,0.0,0.0,0.0,0.0
47135,Robladillo,municipio,0.0,0.0,0.0,0.0,0.0,0.0,0.0,0.0,0.0,0.0,0.0,0.0,0.0,0.0
47137,Roturas,municipio,0.0,0.0,0.0,0.0,0.0,0.0,0.0,0.0,0.0,0.0,0.0,0.0,0.0,0.0
47138,Rubí de Bracamonte,municipio,0.0,0.0,0.0,0.0,0.0,0.0,0.0,0.0,0.0,0.0,0.0,0.0,0.0,0.0
47139,Rueda,municipio,33.0,39.0,35.0,33.0,33.0,33.0,34.0,30.0,29.0,29.0,29.0,25.0,20.0,26.0
47140,Saelices de Mayorga,municipio,0.0,0.0,0.0,0.0,0.0,0.0,0.0,0.0,0.0,0.0,0.0,0.0,0.0,0.0
47141,Salvador de Zapardiel,municipio,0.0,0.0,0.0,0.0,0.0,0.0,0.0,0.0,0.0,0.0,0.0,0.0,0.0,0.0
47142,San Cebrián de Mazote,municipio,0.0,0.0,0.0,0.0,0.0,0.0,0.0,0.0,0.0,0.0,0.0,0.0,0.0,0.0
47143,San Llorente,municipio,0.0,0.0,0.0,0.0,0.0,0.0,0.0,0.0,0.0,0.0,0.0,0.0,0.0,0.0
47144,San Martín de Valvení,municipio,0.0,0.0,0.0,0.0,0.0,0.0,0.0,0.0,0.0,0.0,0.0,0.0,0.0,0.0
47145,San Miguel del Arroyo,municipio,0.0,0.0,0.0,0.0,0.0,0.0,0.0,0.0,0.0,0.0,0.0,0.0,0.0,0.0
47146,San Miguel del Pino,municipio,0.0,0.0,0.0,0.0,0.0,0.0,0.0,0.0,0.0,0.0,0.0,0.0,0.0,0.0
47147,San Pablo de la Moraleja,municipio,0.0,0.0,0.0,0.0,0.0,0.0,0.0,0.0,0.0,0.0,0.0,0.0,0.0,0.0
47148,San Pedro de Latarce,municipio,0.0,0.0,0.0,0.0,0.0,0.0,0.0,0.0,0.0,0.0,0.0,0.0,0.0,0.0
47149,San Pelayo,municipio,0.0,0.0,0.0,0.0,0.0,0.0,0.0,0.0,0.0,0.0,0.0,0.0,0.0,0.0
47150,San Román de Hornija,municipio,0.0,0.0,0.0,0.0,0.0,0.0,0.0,0.0,0.0,0.0,0.0,0.0,0.0,0.0
47151,San Salvador,municipio,0.0,0.0,0.0,0.0,0.0,0.0,0.0,0.0,0.0,0.0,0.0,0.0,0.0,0.0
47152,Santa Eufemia del Arroyo,municipio,0.0,0.0,0.0,0.0,0.0,0.0,0.0,0.0,0.0,0.0,0.0,0.0,0.0,0.0
47153,Santervás de Campos,municipio,0.0,0.0,0.0,0.0,0.0,0.0,0.0,0.0,0.0,0.0,0.0,0.0,0.0,0.0
47154,Santibáñez de Valcorba,municipio,0.0,0.0,0.0,0.0,0.0,0.0,0.0,0.0,0.0,0.0,0.0,0.0,0.0,0.0
47155,Santovenia de Pisuerga,municipio,169.0,170.0,173.0,169.0,167.0,177.0,175.0,163.0,149.0,155.0,149.0,138.0,138.0,145.0
47156,San Vicente del Palacio,municipio,0.0,0.0,0.0,0.0,0.0,0.0,0.0,0.0,0.0,0.0,0.0,0.0,0.0,0.0
47157,Sardón de Duero,municipio,0.0,0.0,0.0,0.0,0.0,0.0,0.0,0.0,0.0,0.0,0.0,0.0,0.0,0.0
47158,"Seca, La",municipio,25.0,24.0,24.0,22.0,25.0,23.0,23.0,23.0,23.0,24.0,24.0,21.0,23.0,24.0
47159,Serrada,municipio,25.0,27.0,23.0,28.0,30.0,29.0,28.0,23.0,26.0,27.0,25.0,21.0,21.0,20.0
47160,Siete Iglesias de Trabancos,municipio,0.0,0.0,0.0,0.0,0.0,0.0,0.0,0.0,0.0,0.0,0.0,0.0,0.0,0.0
47161,Simancas,municipio,153.0,146.0,140.0,142.0,143.0,143.0,142.0,134.0,138.0,128.0,137.0,128.0,121.0,124.0
47162,Tamariz de Campos,municipio,0.0,0.0,0.0,0.0,0.0,0.0,0.0,0.0,0.0,0.0,0.0,0.0,0.0,0.0
47163,Tiedra,municipio,0.0,0.0,0.0,0.0,0.0,0.0,0.0,0.0,0.0,0.0,0.0,0.0,0.0,0.0
47164,Tordehumos,municipio,0.0,0.0,0.0,0.0,0.0,0.0,0.0,0.0,0.0,0.0,0.0,0.0,0.0,0.0
47165,Tordesillas,municipio,288.0,293.0,286.0,292.0,290.0,285.0,283.0,277.0,277.0,262.0,267.0,244.0,241.0,242.0
47166,Torrecilla de la Abadesa,municipio,0.0,0.0,0.0,0.0,0.0,0.0,0.0,0.0,0.0,0.0,0.0,0.0,0.0,0.0
47167,Torrecilla de la Orden,municipio,0.0,0.0,0.0,0.0,0.0,0.0,0.0,0.0,0.0,0.0,0.0,0.0,0.0,0.0
47168,Torrecilla de la Torre,municipio,0.0,0.0,0.0,0.0,0.0,0.0,0.0,0.0,0.0,0.0,0.0,0.0,0.0,0.0
47169,Torre de Esgueva,municipio,0.0,0.0,0.0,0.0,0.0,0.0,0.0,0.0,0.0,0.0,0.0,0.0,0.0,0.0
47170,Torre de Peñafiel,municipio,0.0,0.0,0.0,0.0,0.0,0.0,0.0,0.0,0.0,0.0,0.0,0.0,0.0,0.0
47171,Torrelobatón,municipio,0.0,0.0,0.0,0.0,0.0,0.0,0.0,0.0,0.0,0.0,0.0,0.0,0.0,0.0
47172,Torrescárcela,municipio,0.0,0.0,0.0,0.0,0.0,0.0,0.0,0.0,0.0,0.0,0.0,0.0,0.0,0.0
47173,Traspinedo,municipio,25.0,24.0,23.0,22.0,25.0,25.0,29.0,30.0,25.0,24.0,25.0,25.0,22.0,25.0
47174,Trigueros del Valle,municipio,0.0,0.0,0.0,0.0,0.0,0.0,0.0,0.0,0.0,0.0,0.0,0.0,0.0,0.0
47175,Tudela de Duero,municipio,248.0,238.0,243.0,239.0,221.0,223.0,230.0,233.0,211.0,200.0,199.0,196.0,192.0,182.0
47176,"Unión de Campos, La",municipio,0.0,0.0,0.0,0.0,0.0,0.0,0.0,0.0,0.0,0.0,0.0,0.0,0.0,0.0
47177,Urones de Castroponce,municipio,0.0,0.0,0.0,0.0,0.0,0.0,0.0,0.0,0.0,0.0,0.0,0.0,0.0,0.0
47178,Urueña,municipio,0.0,0.0,0.0,0.0,0.0,0.0,0.0,0.0,0.0,0.0,0.0,0.0,0.0,0.0
47179,Valbuena de Duero,municipio,0.0,0.0,0.0,0.0,0.0,0.0,0.0,0.0,0.0,0.0,0.0,0.0,0.0,0.0
47180,Valdearcos de la Vega,municipio,0.0,0.0,0.0,0.0,0.0,0.0,0.0,0.0,0.0,0.0,0.0,0.0,0.0,0.0
47181,Valdenebro de los Valles,municipio,0.0,0.0,0.0,0.0,0.0,0.0,0.0,0.0,0.0,0.0,0.0,0.0,0.0,0.0
47182,Valdestillas,municipio,32.0,36.0,37.0,35.0,31.0,33.0,36.0,30.0,32.0,33.0,30.0,28.0,27.0,28.0
47183,Valdunquillo,municipio,0.0,0.0,0.0,0.0,0.0,0.0,0.0,0.0,0.0,0.0,0.0,0.0,0.0,0.0
47184,Valoria la Buena,municipio,0.0,0.0,0.0,0.0,0.0,0.0,0.0,0.0,0.0,0.0,0.0,0.0,0.0,0.0
47185,Valverde de Campos,municipio,0.0,0.0,0.0,0.0,0.0,0.0,0.0,0.0,0.0,0.0,0.0,0.0,0.0,0.0
47186,Valladolid,municipio,7640.0,7496.0,7287.0,7241.0,7117.0,7071.0,6906.0,6883.0,6690.0,6531.0,6483.0,6030.0,5990.0,5963.0
47187,Vega de Ruiponce,municipio,0.0,0.0,0.0,0.0,0.0,0.0,0.0,0.0,0.0,0.0,0.0,0.0,0.0,0.0
47188,Vega de Valdetronco,municipio,0.0,0.0,0.0,0.0,0.0,0.0,0.0,0.0,0.0,0.0,0.0,0.0,0.0,0.0
47189,Velascálvaro,municipio,0.0,0.0,0.0,0.0,0.0,0.0,0.0,0.0,0.0,0.0,0.0,0.0,0.0,0.0
47190,Velilla,municipio,0.0,0.0,0.0,0.0,0.0,0.0,0.0,0.0,0.0,0.0,0.0,0.0,0.0,0.0
47191,Velliza,municipio,0.0,0.0,0.0,0.0,0.0,0.0,0.0,0.0,0.0,0.0,0.0,0.0,0.0,0.0
47192,Ventosa de la Cuesta,municipio,0.0,0.0,0.0,0.0,0.0,0.0,0.0,0.0,0.0,0.0,0.0,0.0,0.0,0.0
47193,Viana de Cega,municipio,54.0,53.0,51.0,48.0,50.0,53.0,49.0,56.0,53.0,45.0,43.0,38.0,40.0,37.0
47194,Viloria,municipio,0.0,0.0,0.0,0.0,0.0,0.0,0.0,0.0,0.0,0.0,0.0,0.0,0.0,0.0
47195,Villabáñez,municipio,0.0,0.0,0.0,0.0,0.0,0.0,0.0,0.0,0.0,0.0,0.0,0.0,0.0,0.0
47196,Villabaruz de Campos,municipio,0.0,0.0,0.0,0.0,0.0,0.0,0.0,0.0,0.0,0.0,0.0,0.0,0.0,0.0
47197,Villabrágima,municipio,35.0,35.0,31.0,32.0,32.0,37.0,33.0,31.0,30.0,30.0,35.0,27.0,28.0,27.0
47198,Villacarralón,municipio,0.0,0.0,0.0,0.0,0.0,0.0,0.0,0.0,0.0,0.0,0.0,0.0,0.0,0.0
47199,Villacid de Campos,municipio,0.0,0.0,0.0,0.0,0.0,0.0,0.0,0.0,0.0,0.0,0.0,0.0,0.0,0.0
47200,Villaco,municipio,0.0,0.0,0.0,0.0,0.0,0.0,0.0,0.0,0.0,0.0,0.0,0.0,0.0,0.0
47203,Villafrades de Campos,municipio,0.0,0.0,0.0,0.0,0.0,0.0,0.0,0.0,0.0,0.0,0.0,0.0,0.0,0.0
47204,Villafranca de Duero,municipio,0.0,0.0,0.0,0.0,0.0,0.0,0.0,0.0,0.0,0.0,0.0,0.0,0.0,0.0
47205,Villafrechós,municipio,0.0,0.0,0.0,0.0,0.0,0.0,0.0,0.0,0.0,0.0,0.0,0.0,0.0,0.0
47206,Villafuerte,municipio,0.0,0.0,0.0,0.0,0.0,0.0,0.0,0.0,0.0,0.0,0.0,0.0,0.0,0.0
47207,Villagarcía de Campos,municipio,0.0,0.0,0.0,0.0,0.0,0.0,0.0,0.0,0.0,0.0,0.0,0.0,0.0,0.0
47208,Villagómez la Nueva,municipio,0.0,0.0,0.0,0.0,0.0,0.0,0.0,0.0,0.0,0.0,0.0,0.0,0.0,0.0
47209,Villalán de Campos,municipio,0.0,0.0,0.0,0.0,0.0,0.0,0.0,0.0,0.0,0.0,0.0,0.0,0.0,0.0
47210,Villalar de los Comuneros,municipio,0.0,0.0,0.0,0.0,0.0,0.0,0.0,0.0,0.0,0.0,0.0,0.0,0.0,0.0
47211,Villalba de la Loma,municipio,0.0,0.0,0.0,0.0,0.0,0.0,0.0,0.0,0.0,0.0,0.0,0.0,0.0,0.0
47212,Villalba de los Alcores,municipio,0.0,0.0,0.0,0.0,0.0,0.0,0.0,0.0,0.0,0.0,0.0,0.0,0.0,0.0
47213,Villalbarba,municipio,0.0,0.0,0.0,0.0,0.0,0.0,0.0,0.0,0.0,0.0,0.0,0.0,0.0,0.0
47214,Villalón de Campos,municipio,90.0,90.0,89.0,94.0,87.0,86.0,85.0,80.0,72.0,71.0,71.0,61.0,60.0,56.0
47215,Villamuriel de Campos,municipio,0.0,0.0,0.0,0.0,0.0,0.0,0.0,0.0,0.0,0.0,0.0,0.0,0.0,0.0
47216,Villán de Tordesillas,municipio,0.0,0.0,0.0,0.0,0.0,0.0,0.0,0.0,0.0,0.0,0.0,0.0,0.0,0.0
47217,Villanubla,municipio,76.0,71.0,66.0,60.0,62.0,64.0,70.0,72.0,67.0,67.0,67.0,62.0,65.0,63.0
47218,Villanueva de Duero,municipio,26.0,24.0,23.0,23.0,22.0,21.0,18.0,18.0,19.0,22.0,21.0,15.0,17.0,16.0
47219,Villanueva de la Condesa,municipio,0.0,0.0,0.0,0.0,0.0,0.0,0.0,0.0,0.0,0.0,0.0,0.0,0.0,0.0
47220,Villanueva de los Caballeros,municipio,0.0,0.0,0.0,0.0,0.0,0.0,0.0,0.0,0.0,0.0,0.0,0.0,0.0,0.0
47221,Villanueva de los Infantes,municipio,0.0,0.0,0.0,0.0,0.0,0.0,0.0,0.0,0.0,0.0,0.0,0.0,0.0,0.0
47222,Villanueva de San Mancio,municipio,0.0,0.0,0.0,0.0,0.0,0.0,0.0,0.0,0.0,0.0,0.0,0.0,0.0,0.0
47223,Villardefrades,municipio,0.0,0.0,0.0,0.0,0.0,0.0,0.0,0.0,0.0,0.0,0.0,0.0,0.0,0.0
47224,Villarmentero de Esgueva,municipio,0.0,0.0,0.0,0.0,0.0,0.0,0.0,0.0,0.0,0.0,0.0,0.0,0.0,0.0
47225,Villasexmir,municipio,0.0,0.0,0.0,0.0,0.0,0.0,0.0,0.0,0.0,0.0,0.0,0.0,0.0,0.0
47226,Villavaquerín,municipio,0.0,0.0,0.0,0.0,0.0,0.0,0.0,0.0,0.0,0.0,0.0,0.0,0.0,0.0
47227,Villavellid,municipio,0.0,0.0,0.0,0.0,0.0,0.0,0.0,0.0,0.0,0.0,0.0,0.0,0.0,0.0
47228,Villaverde de Medina,municipio,0.0,0.0,0.0,0.0,0.0,0.0,0.0,0.0,0.0,0.0,0.0,0.0,0.0,0.0
47229,Villavicencio de los Caballeros,municipio,0.0,0.0,0.0,0.0,0.0,0.0,0.0,0.0,0.0,0.0,0.0,0.0,0.0,0.0
47230,Wamba,municipio,0.0,0.0,0.0,0.0,0.0,0.0,0.0,0.0,0.0,0.0,0.0,0.0,0.0,0.0
47231,Zaratán,municipio,197.0,198.0,202.0,205.0,204.0,199.0,198.0,194.0,184.0,191.0,186.0,177.0,162.0,155.0
47232,"Zarza, La",municipio,0.0,0.0,0.0,0.0,0.0,0.0,0.0,0.0,0.0,0.0,0.0,0.0,0.0,0.0
47,Valladolid,provincia,13808.0,13629.0,13340.0,13308.0,13079.0,13031.0,12744.0,12665.0,12329.0,12019.0,11918.0,11119.0,11024.0,10928.0
48001,Abadiño,municipio,195.0,195.0,180.0,184.0,190.0,181.0,171.0,165.0,160.0,153.0,154.0,137.0,150.0,145.0
48002,Abanto y Ciérvana-Abanto Zierbena,municipio,267.0,279.0,271.0,269.0,277.0,247.0,245.0,243.0,242.0,235.0,230.0,208.0,200.0,197.0
48003,Amorebieta-Etxano,municipio,541.0,556.0,566.0,561.0,567.0,519.0,516.0,486.0,482.0,475.0,483.0,470.0,463.0,444.0
48004,Amoroto,municipio,0.0,0.0,0.0,0.0,0.0,0.0,0.0,0.0,0.0,0.0,0.0,0.0,0.0,0.0
48005,Arakaldo,municipio,0.0,0.0,0.0,0.0,0.0,0.0,0.0,0.0,0.0,0.0,0.0,0.0,0.0,0.0
48006,Arantzazu,municipio,0.0,0.0,0.0,0.0,0.0,0.0,0.0,0.0,0.0,0.0,0.0,0.0,0.0,0.0
48007,Munitibar-Arbatzegi Gerrikaitz,municipio,0.0,0.0,0.0,0.0,0.0,0.0,0.0,0.0,0.0,0.0,0.0,0.0,0.0,0.0
48008,Artzentales,municipio,0.0,0.0,0.0,0.0,0.0,0.0,0.0,0.0,0.0,0.0,0.0,0.0,0.0,0.0
48009,Arrankudiaga-Zollo,municipio,0.0,0.0,0.0,0.0,0.0,0.0,0.0,0.0,0.0,0.0,0.0,34.0,0.0,33.0
48010,Arrieta,municipio,0.0,0.0,0.0,0.0,0.0,0.0,0.0,0.0,0.0,0.0,0.0,0.0,0.0,0.0
48011,Arrigorriaga,municipio,348.0,331.0,324.0,344.0,352.0,327.0,327.0,307.0,298.0,299.0,302.0,284.0,271.0,262.0
48012,Bakio,municipio,63.0,61.0,62.0,64.0,68.0,64.0,69.0,76.0,85.0,80.0,75.0,74.0,75.0,76.0
48013,Barakaldo,municipio,2191.0,2150.0,2135.0,2146.0,2187.0,1952.0,2054.0,2032.0,2013.0,1942.0,1969.0,1895.0,1874.0,1847.0
48014,Barrika,municipio,42.0,38.0,40.0,44.0,42.0,31.0,36.0,40.0,42.0,36.0,34.0,31.0,35.0,32.0
48015,Basauri,municipio,1246.0,1253.0,1245.0,1245.0,1271.0,1126.0,1146.0,1093.0,1076.0,1062.0,1055.0,990.0,969.0,963.0
48016,Berango,municipio,143.0,146.0,144.0,162.0,165.0,148.0,135.0,141.0,151.0,139.0,140.0,131.0,129.0,137.0
48017,Bermeo,municipio,390.0,410.0,375.0,372.0,377.0,352.0,368.0,358.0,348.0,346.0,339.0,313.0,306.0,316.0
48018,Berriatua,municipio,37.0,38.0,39.0,40.0,41.0,30.0,34.0,32.0,33.0,30.0,31.0,30.0,30.0,29.0
48019,Berriz,municipio,127.0,130.0,124.0,131.0,131.0,127.0,128.0,107.0,99.0,92.0,98.0,96.0,95.0,92.0
48020,Bilbao,municipio,10687.0,10391.0,10006.0,9889.0,10180.0,9139.0,9409.0,9218.0,9149.0,8755.0,8783.0,8209.0,8116.0,8034.0
48021,Busturia,municipio,46.0,44.0,40.0,44.0,45.0,40.0,40.0,34.0,31.0,30.0,33.0,30.0,30.0,29.0
48022,Karrantza Harana/Valle de Carranza,municipio,76.0,71.0,73.0,77.0,77.0,78.0,80.0,80.0,83.0,76.0,70.0,79.0,75.0,80.0
48023,Artea,municipio,0.0,0.0,0.0,0.0,0.0,0.0,0.0,0.0,0.0,0.0,0.0,0.0,0.0,0.0
48024,Zeanuri,municipio,36.0,35.0,38.0,39.0,40.0,40.0,40.0,36.0,39.0,37.0,36.0,36.0,34.0,36.0
48025,Zeberio,municipio,25.0,24.0,24.0,21.0,23.0,28.0,31.0,32.0,34.0,30.0,30.0,28.0,24.0,24.0
48026,Dima,municipio,35.0,30.0,29.0,39.0,41.0,38.0,39.0,38.0,42.0,40.0,42.0,37.0,33.0,35.0
48027,Durango,municipio,666.0,658.0,649.0,657.0,671.0,577.0,608.0,621.0,611.0,594.0,596.0,568.0,547.0,544.0
48028,Ea,municipio,0.0,0.0,0.0,0.0,0.0,0.0,0.0,0.0,0.0,0.0,0.0,0.0,0.0,0.0
48029,Etxebarri,municipio,319.0,317.0,317.0,326.0,336.0,319.0,327.0,324.0,317.0,315.0,317.0,296.0,283.0,272.0
48030,Etxebarria,municipio,0.0,0.0,0.0,0.0,0.0,0.0,0.0,0.0,0.0,0.0,0.0,0.0,0.0,0.0
48031,Elantxobe,municipio,0.0,0.0,0.0,0.0,0.0,0.0,0.0,0.0,0.0,0.0,0.0,0.0,0.0,0.0
48032,Elorrio,municipio,163.0,158.0,149.0,144.0,149.0,148.0,150.0,140.0,140.0,133.0,131.0,127.0,129.0,124.0
48033,Ereño,municipio,0.0,0.0,0.0,0.0,0.0,0.0,0.0,0.0,0.0,0.0,0.0,0.0,0.0,0.0
48034,Ermua,municipio,415.0,397.0,379.0,364.0,371.0,326.0,339.0,334.0,317.0,297.0,296.0,287.0,279.0,269.0
48035,Fruiz,municipio,0.0,0.0,0.0,0.0,0.0,0.0,0.0,0.0,0.0,0.0,0.0,0.0,0.0,0.0
48036,Galdakao,municipio,970.0,942.0,904.0,893.0,913.0,821.0,831.0,841.0,812.0,785.0,776.0,715.0,694.0,580.0
48037,Galdames,municipio,0.0,0.0,0.0,0.0,0.0,0.0,0.0,0.0,0.0,0.0,0.0,0.0,0.0,0.0
48038,Gamiz-Fika,municipio,31.0,28.0,30.0,26.0,26.0,25.0,25.0,22.0,20.0,20.0,22.0,22.0,25.0,25.0
48039,Garai,municipio,0.0,0.0,0.0,0.0,0.0,0.0,0.0,0.0,0.0,0.0,0.0,0.0,0.0,0.0
48040,Gatika,municipio,40.0,41.0,41.0,38.0,37.0,33.0,36.0,37.0,43.0,36.0,36.0,34.0,32.0,32.0
48041,Gautegiz Arteaga,municipio,0.0,0.0,0.0,0.0,0.0,0.0,0.0,0.0,0.0,0.0,0.0,0.0,0.0,0.0
48042,Gordexola,municipio,74.0,65.0,61.0,68.0,67.0,70.0,66.0,67.0,63.0,67.0,70.0,61.0,62.0,60.0
48043,Gorliz,municipio,129.0,131.0,130.0,131.0,133.0,118.0,129.0,128.0,135.0,126.0,127.0,124.0,125.0,118.0
48044,Getxo,municipio,1983.0,1925.0,1856.0,1856.0,1899.0,1709.0,1773.0,1737.0,1725.0,1668.0,1656.0,1555.0,1494.0,1461.0
48045,Güeñes,municipio,198.0,195.0,192.0,194.0,197.0,184.0,198.0,190.0,196.0,192.0,184.0,167.0,165.0,158.0
48046,Gernika-Lumo,municipio,446.0,430.0,430.0,437.0,447.0,404.0,420.0,391.0,377.0,377.0,351.0,345.0,336.0,333.0
48047,Gizaburuaga,municipio,0.0,0.0,0.0,0.0,0.0,0.0,0.0,0.0,0.0,0.0,0.0,0.0,0.0,0.0
48048,Ibarrangelu,municipio,0.0,0.0,0.0,0.0,0.0,0.0,0.0,0.0,0.0,0.0,0.0,0.0,0.0,0.0
48049,Ispaster,municipio,0.0,0.0,0.0,0.0,0.0,0.0,0.0,0.0,0.0,0.0,0.0,0.0,0.0,0.0
48050,Izurtza,municipio,0.0,0.0,0.0,0.0,0.0,0.0,0.0,0.0,0.0,0.0,0.0,0.0,0.0,0.0
48051,Lanestosa,municipio,0.0,0.0,0.0,0.0,0.0,0.0,0.0,0.0,0.0,0.0,0.0,0.0,0.0,0.0
48052,Larrabetzu,municipio,45.0,48.0,45.0,51.0,53.0,52.0,57.0,56.0,59.0,56.0,58.0,62.0,65.0,63.0
48053,Laukiz,municipio,31.0,25.0,24.0,26.0,28.0,29.0,33.0,32.0,31.0,29.0,30.0,22.0,23.0,21.0
48054,Leioa,municipio,834.0,825.0,796.0,817.0,838.0,781.0,798.0,803.0,811.0,767.0,777.0,749.0,730.0,715.0
48055,Lemoa,municipio,103.0,107.0,108.0,117.0,117.0,107.0,107.0,102.0,99.0,93.0,98.0,89.0,84.0,83.0
48056,Lemoiz,municipio,29.0,29.0,29.0,27.0,30.0,32.0,32.0,29.0,31.0,31.0,33.0,29.0,34.0,36.0
48057,Lekeitio,municipio,195.0,193.0,182.0,195.0,201.0,185.0,187.0,175.0,169.0,166.0,161.0,162.0,164.0,150.0
48058,Mallabia,municipio,54.0,57.0,62.0,61.0,63.0,61.0,62.0,57.0,50.0,44.0,48.0,45.0,49.0,47.0
48059,Mañaria,municipio,0.0,0.0,0.0,0.0,0.0,0.0,0.0,0.0,0.0,0.0,0.0,0.0,0.0,0.0
48060,Markina-Xemein,municipio,122.0,116.0,121.0,130.0,132.0,129.0,129.0,117.0,118.0,113.0,110.0,106.0,92.0,98.0
48061,Maruri-Jatabe,municipio,0.0,0.0,0.0,0.0,0.0,0.0,0.0,0.0,0.0,0.0,0.0,13.0,14.0,15.0
48062,Mendata,municipio,0.0,0.0,0.0,0.0,0.0,0.0,0.0,0.0,0.0,0.0,0.0,0.0,0.0,0.0
48063,Mendexa,municipio,0.0,0.0,0.0,0.0,0.0,0.0,0.0,0.0,0.0,0.0,0.0,0.0,0.0,0.0
48064,Meñaka,municipio,0.0,0.0,0.0,0.0,0.0,0.0,0.0,0.0,0.0,0.0,0.0,0.0,0.0,0.0
48065,Ugao-Miraballes,municipio,124.0,127.0,124.0,128.0,132.0,124.0,120.0,117.0,114.0,113.0,101.0,91.0,87.0,88.0
48066,Morga,municipio,0.0,0.0,0.0,0.0,0.0,0.0,0.0,0.0,0.0,0.0,0.0,0.0,0.0,0.0
48067,Muxika,municipio,34.0,40.0,38.0,35.0,35.0,31.0,31.0,28.0,34.0,31.0,32.0,30.0,26.0,27.0
48068,Mundaka,municipio,53.0,50.0,49.0,50.0,50.0,44.0,47.0,49.0,42.0,34.0,36.0,39.0,42.0,38.0
48069,Mungia,municipio,484.0,482.0,474.0,481.0,494.0,479.0,495.0,476.0,465.0,448.0,454.0,440.0,433.0,435.0
48070,Aulesti,municipio,0.0,0.0,0.0,0.0,0.0,0.0,0.0,0.0,0.0,0.0,0.0,0.0,0.0,0.0
48071,Muskiz,municipio,212.0,213.0,197.0,203.0,204.0,174.0,178.0,179.0,168.0,165.0,156.0,144.0,144.0,143.0
48072,Otxandio,municipio,22.0,22.0,23.0,26.0,27.0,27.0,26.0,25.0,30.0,29.0,28.0,22.0,17.0,14.0
48073,Ondarroa,municipio,276.0,288.0,262.0,261.0,265.0,243.0,238.0,224.0,225.0,214.0,204.0,188.0,179.0,175.0
48074,Urduña/Orduña,municipio,119.0,119.0,114.0,114.0,114.0,99.0,104.0,105.0,103.0,100.0,100.0,87.0,97.0,89.0
48075,Orozko,municipio,69.0,70.0,64.0,64.0,63.0,58.0,63.0,60.0,62.0,63.0,58.0,55.0,53.0,47.0
48076,Sukarrieta,municipio,0.0,0.0,0.0,0.0,0.0,0.0,0.0,0.0,0.0,0.0,0.0,0.0,0.0,0.0
48077,Plentzia,municipio,123.0,116.0,120.0,113.0,114.0,102.0,113.0,117.0,114.0,117.0,124.0,117.0,110.0,103.0
48078,Portugalete,municipio,1084.0,1048.0,1039.0,1048.0,1079.0,996.0,981.0,960.0,947.0,879.0,896.0,848.0,814.0,794.0
48079,Errigoiti,municipio,0.0,0.0,0.0,0.0,0.0,0.0,0.0,0.0,0.0,0.0,0.0,0.0,0.0,0.0
48080,Valle de Trápaga-Trapagaran,municipio,500.0,489.0,480.0,457.0,472.0,431.0,422.0,419.0,424.0,398.0,374.0,356.0,337.0,342.0
48081,Lezama,municipio,71.0,74.0,75.0,73.0,74.0,83.0,90.0,85.0,86.0,80.0,77.0,63.0,68.0,65.0
48082,Santurtzi,municipio,1105.0,1052.0,1045.0,1056.0,1065.0,960.0,976.0,940.0,910.0,896.0,898.0,846.0,830.0,811.0
48083,Ortuella,municipio,258.0,261.0,253.0,252.0,251.0,222.0,227.0,215.0,204.0,196.0,182.0,180.0,166.0,156.0
48084,Sestao,municipio,612.0,583.0,572.0,570.0,582.0,503.0,526.0,507.0,498.0,488.0,488.0,454.0,463.0,452.0
48085,Sopela,municipio,322.0,315.0,306.0,322.0,327.0,309.0,318.0,308.0,299.0,292.0,286.0,264.0,272.0,278.0
48086,Sopuerta,municipio,72.0,68.0,66.0,73.0,74.0,69.0,74.0,71.0,74.0,68.0,70.0,61.0,61.0,58.0
48087,Trucios-Turtzioz,municipio,0.0,0.0,0.0,0.0,0.0,0.0,0.0,0.0,0.0,0.0,0.0,0.0,0.0,0.0
48088,Ubide,municipio,0.0,0.0,0.0,0.0,0.0,0.0,0.0,0.0,0.0,0.0,0.0,0.0,0.0,0.0
48089,Urduliz,municipio,83.0,83.0,88.0,94.0,95.0,83.0,95.0,93.0,95.0,93.0,94.0,89.0,95.0,86.0
48090,Balmaseda,municipio,216.0,216.0,208.0,215.0,219.0,196.0,193.0,196.0,186.0,185.0,192.0,172.0,175.0,174.0
48091,Atxondo,municipio,48.0,46.0,44.0,49.0,49.0,43.0,41.0,41.0,40.0,38.0,35.0,33.0,32.0,35.0
48092,Bedia,municipio,0.0,0.0,41.0,42.0,42.0,44.0,44.0,38.0,40.0,38.0,38.0,35.0,36.0,38.0
48093,Areatza,municipio,25.0,30.0,32.0,34.0,34.0,32.0,32.0,27.0,28.0,28.0,29.0,30.0,27.0,30.0
48094,Igorre,municipio,137.0,135.0,136.0,131.0,134.0,120.0,128.0,126.0,116.0,112.0,110.0,103.0,95.0,99.0
48095,Zaldibar,municipio,60.0,57.0,57.0,62.0,65.0,57.0,60.0,56.0,60.0,66.0,67.0,63.0,57.0,48.0
48096,Zalla,municipio,282.0,262.0,267.0,264.0,271.0,246.0,247.0,240.0,230.0,229.0,214.0,197.0,198.0,188.0
48097,Zaratamo,municipio,73.0,80.0,79.0,77.0,79.0,76.0,79.0,71.0,70.0,70.0,76.0,67.0,67.0,63.0
48901,Derio,municipio,226.0,229.0,226.0,218.0,224.0,225.0,236.0,230.0,230.0,221.0,225.0,212.0,203.0,197.0
48902,Erandio,municipio,806.0,796.0,803.0,781.0,792.0,749.0,781.0,763.0,753.0,712.0,741.0,673.0,652.0,664.0
48903,Loiu,municipio,124.0,136.0,138.0,147.0,150.0,146.0,151.0,135.0,131.0,134.0,123.0,116.0,115.0,112.0
48904,Sondika,municipio,225.0,223.0,224.0,215.0,216.0,196.0,210.0,198.0,195.0,197.0,194.0,180.0,181.0,171.0
48905,Zamudio,municipio,262.0,249.0,243.0,246.0,254.0,251.0,259.0,258.0,242.0,232.0,244.0,234.0,233.0,223.0
48906,Forua,municipio,0.0,0.0,0.0,0.0,0.0,0.0,0.0,0.0,0.0,0.0,0.0,0.0,0.0,0.0
48907,Kortezubi,municipio,0.0,0.0,0.0,0.0,0.0,0.0,0.0,0.0,0.0,0.0,0.0,0.0,0.0,0.0
48908,Murueta,municipio,0.0,0.0,0.0,0.0,0.0,0.0,0.0,0.0,0.0,0.0,0.0,0.0,0.0,0.0
48909,Nabarniz,municipio,0.0,0.0,0.0,0.0,0.0,0.0,0.0,0.0,0.0,0.0,0.0,0.0,0.0,0.0
48910,Iurreta,municipio,119.0,118.0,106.0,110.0,111.0,103.0,110.0,102.0,99.0,100.0,100.0,90.0,92.0,92.0
48911,Ajangiz,municipio,0.0,0.0,0.0,0.0,0.0,0.0,0.0,0.0,0.0,0.0,0.0,0.0,0.0,0.0
48912,Alonsotegi,municipio,75.0,77.0,76.0,76.0,77.0,72.0,68.0,71.0,75.0,79.0,82.0,79.0,77.0,76.0
48913,Zierbena,municipio,47.0,48.0,56.0,51.0,60.0,60.0,67.0,61.0,59.0,59.0,55.0,60.0,60.0,62.0
48914,Arratzu,municipio,0.0,0.0,0.0,0.0,0.0,0.0,0.0,0.0,0.0,0.0,0.0,0.0,0.0,0.0
48915,Ziortza-Bolibar,municipio,0.0,0.0,0.0,0.0,0.0,0.0,0.0,0.0,0.0,0.0,0.0,0.0,0.0,0.0
48916,Usansolo,municipio,0.0,0.0,0.0,0.0,0.0,0.0,0.0,0.0,0.0,0.0,0.0,0.0,0.0,78.0
48,Bizkaia,provincia,32220.0,31600.0,30837.0,30873.0,31604.0,28703.0,29511.0,28819.0,28501.0,27473.0,27469.0,25841.0,25386.0,24989.0
49002,Abezames,municipio,0.0,0.0,0.0,0.0,0.0,0.0,0.0,0.0,0.0,0.0,0.0,0.0,0.0,0.0
49003,Alcañices,municipio,59.0,60.0,59.0,61.0,61.0,56.0,58.0,55.0,54.0,51.0,51.0,50.0,47.0,48.0
49004,Alcubilla de Nogales,municipio,0.0,0.0,0.0,0.0,0.0,0.0,0.0,0.0,0.0,0.0,0.0,0.0,0.0,0.0
49005,Alfaraz de Sayago,municipio,0.0,0.0,0.0,0.0,0.0,0.0,0.0,0.0,0.0,0.0,0.0,0.0,0.0,0.0
49006,Algodre,municipio,0.0,0.0,0.0,0.0,0.0,0.0,0.0,0.0,0.0,0.0,0.0,0.0,0.0,0.0
49007,Almaraz de Duero,municipio,0.0,0.0,0.0,0.0,0.0,0.0,0.0,0.0,0.0,0.0,0.0,0.0,0.0,0.0
49008,Almeida de Sayago,municipio,0.0,0.0,0.0,0.0,0.0,0.0,0.0,0.0,0.0,0.0,0.0,0.0,0.0,0.0
49009,Andavías,municipio,0.0,0.0,0.0,0.0,0.0,0.0,0.0,0.0,0.0,0.0,0.0,0.0,0.0,0.0
49010,Arcenillas,municipio,0.0,0.0,0.0,0.0,0.0,0.0,0.0,0.0,0.0,0.0,0.0,0.0,0.0,0.0
49011,Arcos de la Polvorosa,municipio,0.0,0.0,0.0,0.0,0.0,0.0,0.0,0.0,0.0,0.0,0.0,0.0,0.0,0.0
49012,Argañín,municipio,0.0,0.0,0.0,0.0,0.0,0.0,0.0,0.0,0.0,0.0,0.0,0.0,0.0,0.0
49013,Argujillo,municipio,0.0,0.0,0.0,0.0,0.0,0.0,0.0,0.0,0.0,0.0,0.0,0.0,0.0,0.0
49014,Arquillinos,municipio,0.0,0.0,0.0,0.0,0.0,0.0,0.0,0.0,0.0,0.0,0.0,0.0,0.0,0.0
49015,Arrabalde,municipio,0.0,0.0,0.0,0.0,0.0,0.0,0.0,0.0,0.0,0.0,0.0,0.0,0.0,0.0
49016,Aspariegos,municipio,0.0,0.0,0.0,0.0,0.0,0.0,0.0,0.0,0.0,0.0,0.0,0.0,0.0,0.0
49017,Asturianos,municipio,0.0,0.0,0.0,0.0,0.0,0.0,0.0,0.0,0.0,0.0,0.0,0.0,0.0,0.0
49018,Ayoó de Vidriales,municipio,0.0,0.0,0.0,0.0,0.0,0.0,0.0,0.0,0.0,0.0,0.0,0.0,0.0,0.0
49019,Barcial del Barco,municipio,0.0,0.0,0.0,0.0,0.0,0.0,0.0,0.0,0.0,0.0,0.0,0.0,0.0,0.0
49020,Belver de los Montes,municipio,0.0,0.0,0.0,0.0,0.0,0.0,0.0,0.0,0.0,0.0,0.0,0.0,0.0,0.0
49021,Benavente,municipio,720.0,745.0,730.0,703.0,694.0,685.0,688.0,639.0,639.0,622.0,637.0,579.0,564.0,567.0
49022,Benegiles,municipio,0.0,0.0,0.0,0.0,0.0,0.0,0.0,0.0,0.0,0.0,0.0,0.0,0.0,0.0
49023,Bermillo de Sayago,municipio,35.0,34.0,34.0,35.0,34.0,36.0,28.0,27.0,32.0,30.0,30.0,26.0,0.0,28.0
49024,"Bóveda de Toro, La",municipio,0.0,0.0,0.0,0.0,0.0,0.0,0.0,0.0,0.0,0.0,0.0,0.0,0.0,0.0
49025,Bretó,municipio,0.0,0.0,0.0,0.0,0.0,0.0,0.0,0.0,0.0,0.0,0.0,0.0,0.0,0.0
49026,Bretocino,municipio,0.0,0.0,0.0,0.0,0.0,0.0,0.0,0.0,0.0,0.0,0.0,0.0,0.0,0.0
49027,Brime de Sog,municipio,0.0,0.0,0.0,0.0,0.0,0.0,0.0,0.0,0.0,0.0,0.0,0.0,0.0,0.0
49028,Brime de Urz,municipio,0.0,0.0,0.0,0.0,0.0,0.0,0.0,0.0,0.0,0.0,0.0,0.0,0.0,0.0
49029,Burganes de Valverde,municipio,0.0,0.0,0.0,0.0,0.0,0.0,0.0,0.0,0.0,0.0,0.0,0.0,0.0,0.0
49030,Bustillo del Oro,municipio,0.0,0.0,0.0,0.0,0.0,0.0,0.0,0.0,0.0,0.0,0.0,0.0,0.0,0.0
49031,Cabañas de Sayago,municipio,0.0,0.0,0.0,0.0,0.0,0.0,0.0,0.0,0.0,0.0,0.0,0.0,0.0,0.0
49032,Calzadilla de Tera,municipio,0.0,0.0,0.0,0.0,0.0,0.0,0.0,0.0,0.0,0.0,0.0,0.0,0.0,0.0
49033,Camarzana de Tera,municipio,0.0,0.0,0.0,0.0,0.0,0.0,0.0,0.0,0.0,0.0,0.0,0.0,0.0,0.0
49034,Cañizal,municipio,0.0,0.0,0.0,0.0,0.0,0.0,0.0,0.0,0.0,0.0,0.0,0.0,0.0,0.0
49035,Cañizo,municipio,0.0,0.0,0.0,0.0,0.0,0.0,0.0,0.0,0.0,0.0,0.0,0.0,0.0,0.0
49036,Carbajales de Alba,municipio,0.0,0.0,0.0,0.0,0.0,0.0,0.0,0.0,0.0,0.0,0.0,0.0,0.0,0.0
49037,Carbellino,municipio,0.0,0.0,0.0,0.0,0.0,0.0,0.0,0.0,0.0,0.0,0.0,0.0,0.0,0.0
49038,Casaseca de Campeán,municipio,0.0,0.0,0.0,0.0,0.0,0.0,0.0,0.0,0.0,0.0,0.0,0.0,0.0,0.0
49039,Casaseca de las Chanas,municipio,0.0,0.0,0.0,0.0,0.0,0.0,0.0,0.0,0.0,0.0,0.0,0.0,0.0,0.0
49040,Castrillo de la Guareña,municipio,0.0,0.0,0.0,0.0,0.0,0.0,0.0,0.0,0.0,0.0,0.0,0.0,0.0,0.0
49041,Castrogonzalo,municipio,0.0,0.0,0.0,0.0,0.0,0.0,0.0,0.0,0.0,0.0,0.0,0.0,0.0,0.0
49042,Castronuevo,municipio,0.0,0.0,0.0,0.0,0.0,0.0,0.0,0.0,0.0,0.0,0.0,0.0,0.0,0.0
49043,Castroverde de Campos,municipio,0.0,0.0,0.0,0.0,0.0,0.0,0.0,0.0,0.0,0.0,0.0,0.0,0.0,0.0
49044,Cazurra,municipio,0.0,0.0,0.0,0.0,0.0,0.0,0.0,0.0,0.0,0.0,0.0,0.0,0.0,0.0
49046,Cerecinos de Campos,municipio,0.0,0.0,0.0,0.0,0.0,0.0,0.0,0.0,0.0,0.0,0.0,0.0,0.0,0.0
49047,Cerecinos del Carrizal,municipio,0.0,0.0,0.0,0.0,0.0,0.0,0.0,0.0,0.0,0.0,0.0,0.0,0.0,0.0
49048,Cernadilla,municipio,0.0,0.0,0.0,0.0,0.0,0.0,0.0,0.0,0.0,0.0,0.0,0.0,0.0,0.0
49050,Cobreros,municipio,0.0,0.0,0.0,0.0,0.0,0.0,0.0,0.0,0.0,0.0,0.0,0.0,0.0,0.0
49052,Coomonte,municipio,0.0,0.0,0.0,0.0,0.0,0.0,0.0,0.0,0.0,0.0,0.0,0.0,0.0,0.0
49053,Coreses,municipio,38.0,35.0,40.0,42.0,46.0,49.0,50.0,46.0,48.0,45.0,36.0,30.0,33.0,29.0
49054,Corrales del Vino,municipio,21.0,19.0,18.0,20.0,21.0,20.0,19.0,0.0,0.0,0.0,0.0,0.0,0.0,0.0
49055,Cotanes del Monte,municipio,0.0,0.0,0.0,0.0,0.0,0.0,0.0,0.0,0.0,0.0,0.0,0.0,0.0,0.0
49056,Cubillos,municipio,0.0,0.0,0.0,0.0,0.0,0.0,0.0,0.0,0.0,0.0,0.0,0.0,0.0,0.0
49057,Cubo de Benavente,municipio,0.0,0.0,0.0,0.0,0.0,0.0,0.0,0.0,0.0,0.0,0.0,0.0,0.0,0.0
49058,"Cubo de Tierra del Vino, El",municipio,0.0,0.0,0.0,0.0,0.0,0.0,0.0,0.0,0.0,0.0,0.0,0.0,0.0,0.0
49059,Cuelgamures,municipio,0.0,0.0,0.0,0.0,0.0,0.0,0.0,0.0,0.0,0.0,0.0,0.0,0.0,0.0
49061,Entrala,municipio,0.0,0.0,0.0,0.0,0.0,0.0,0.0,0.0,0.0,0.0,0.0,0.0,0.0,0.0
49062,Espadañedo,municipio,0.0,0.0,0.0,0.0,0.0,0.0,0.0,0.0,0.0,0.0,0.0,0.0,0.0,0.0
49063,Faramontanos de Tábara,municipio,0.0,0.0,0.0,0.0,0.0,0.0,0.0,0.0,0.0,0.0,0.0,0.0,0.0,0.0
49064,Fariza,municipio,0.0,0.0,0.0,0.0,0.0,0.0,0.0,0.0,0.0,0.0,0.0,0.0,0.0,0.0
49065,Fermoselle,municipio,33.0,28.0,29.0,33.0,28.0,31.0,31.0,33.0,33.0,31.0,30.0,33.0,30.0,32.0
49066,Ferreras de Abajo,municipio,0.0,0.0,0.0,0.0,0.0,0.0,0.0,0.0,0.0,0.0,0.0,0.0,0.0,0.0
49067,Ferreras de Arriba,municipio,0.0,0.0,0.0,0.0,0.0,0.0,0.0,0.0,0.0,0.0,0.0,0.0,0.0,0.0
49068,Ferreruela,municipio,0.0,0.0,0.0,0.0,0.0,0.0,0.0,0.0,0.0,0.0,0.0,0.0,0.0,0.0
49069,Figueruela de Arriba,municipio,0.0,0.0,0.0,0.0,0.0,0.0,0.0,0.0,0.0,0.0,0.0,0.0,0.0,0.0
49071,Fonfría,municipio,0.0,0.0,0.0,0.0,0.0,0.0,0.0,0.0,0.0,0.0,0.0,0.0,0.0,0.0
49075,Fresno de la Polvorosa,municipio,0.0,0.0,0.0,0.0,0.0,0.0,0.0,0.0,0.0,0.0,0.0,0.0,0.0,0.0
49076,Fresno de la Ribera,municipio,0.0,0.0,0.0,0.0,0.0,0.0,0.0,0.0,0.0,0.0,0.0,0.0,0.0,0.0
49077,Fresno de Sayago,municipio,0.0,0.0,0.0,0.0,0.0,0.0,0.0,0.0,0.0,0.0,0.0,0.0,0.0,0.0
49078,Friera de Valverde,municipio,0.0,0.0,0.0,0.0,0.0,0.0,0.0,0.0,0.0,0.0,0.0,0.0,0.0,0.0
49079,Fuente Encalada,municipio,0.0,0.0,0.0,0.0,0.0,0.0,0.0,0.0,0.0,0.0,0.0,0.0,0.0,0.0
49080,Fuentelapeña,municipio,0.0,0.0,0.0,0.0,0.0,0.0,0.0,0.0,0.0,0.0,0.0,0.0,0.0,0.0
49081,Fuentesaúco,municipio,59.0,55.0,53.0,57.0,57.0,53.0,52.0,48.0,47.0,48.0,49.0,47.0,49.0,49.0
49082,Fuentes de Ropel,municipio,0.0,0.0,0.0,0.0,0.0,0.0,0.0,0.0,0.0,0.0,0.0,0.0,0.0,0.0
49083,Fuentesecas,municipio,0.0,0.0,0.0,0.0,0.0,0.0,0.0,0.0,0.0,0.0,0.0,0.0,0.0,0.0
49084,Fuentespreadas,municipio,0.0,0.0,0.0,0.0,0.0,0.0,0.0,0.0,0.0,0.0,0.0,0.0,0.0,0.0
49085,Galende,municipio,73.0,68.0,70.0,70.0,71.0,66.0,64.0,65.0,65.0,0.0,0.0,0.0,0.0,62.0
49086,Gallegos del Pan,municipio,0.0,0.0,0.0,0.0,0.0,0.0,0.0,0.0,0.0,0.0,0.0,0.0,0.0,0.0
49087,Gallegos del Río,municipio,0.0,0.0,0.0,0.0,0.0,0.0,0.0,0.0,0.0,0.0,0.0,0.0,0.0,0.0
49088,Gamones,municipio,0.0,0.0,0.0,0.0,0.0,0.0,0.0,0.0,0.0,0.0,0.0,0.0,0.0,0.0
49090,Gema,municipio,0.0,0.0,0.0,0.0,0.0,0.0,0.0,0.0,0.0,0.0,0.0,0.0,0.0,0.0
49091,Granja de Moreruela,municipio,0.0,0.0,0.0,0.0,0.0,0.0,0.0,0.0,0.0,0.0,0.0,0.0,0.0,0.0
49092,Granucillo,municipio,0.0,0.0,0.0,0.0,0.0,0.0,0.0,0.0,0.0,0.0,0.0,0.0,0.0,0.0
49093,Guarrate,municipio,0.0,0.0,0.0,0.0,0.0,0.0,0.0,0.0,0.0,0.0,0.0,0.0,0.0,0.0
49094,Hermisende,municipio,0.0,0.0,0.0,0.0,0.0,0.0,0.0,0.0,0.0,0.0,0.0,0.0,0.0,0.0
49095,"Hiniesta, La",municipio,0.0,0.0,0.0,0.0,0.0,0.0,0.0,0.0,0.0,0.0,0.0,0.0,0.0,0.0
49096,Jambrina,municipio,0.0,0.0,0.0,0.0,0.0,0.0,0.0,0.0,0.0,0.0,0.0,0.0,0.0,0.0
49097,Justel,municipio,0.0,0.0,0.0,0.0,0.0,0.0,0.0,0.0,0.0,0.0,0.0,0.0,0.0,0.0
49098,Losacino,municipio,0.0,0.0,0.0,0.0,0.0,0.0,0.0,0.0,0.0,0.0,0.0,0.0,0.0,0.0
49099,Losacio,municipio,0.0,0.0,0.0,0.0,0.0,0.0,0.0,0.0,0.0,0.0,0.0,0.0,0.0,0.0
49100,Lubián,municipio,0.0,0.0,0.0,0.0,0.0,0.0,0.0,0.0,0.0,0.0,0.0,0.0,0.0,0.0
49101,Luelmo,municipio,0.0,0.0,0.0,0.0,0.0,0.0,0.0,0.0,0.0,0.0,0.0,0.0,0.0,0.0
49102,"Maderal, El",municipio,0.0,0.0,0.0,0.0,0.0,0.0,0.0,0.0,0.0,0.0,0.0,0.0,0.0,0.0
49103,Madridanos,municipio,0.0,0.0,0.0,0.0,0.0,0.0,0.0,0.0,0.0,0.0,0.0,0.0,0.0,0.0
49104,Mahide,municipio,0.0,0.0,0.0,0.0,0.0,0.0,0.0,0.0,0.0,0.0,0.0,0.0,0.0,0.0
49105,Maire de Castroponce,municipio,0.0,0.0,0.0,0.0,0.0,0.0,0.0,0.0,0.0,0.0,0.0,0.0,0.0,0.0
49107,Malva,municipio,0.0,0.0,0.0,0.0,0.0,0.0,0.0,0.0,0.0,0.0,0.0,0.0,0.0,0.0
49108,Manganeses de la Lampreana,municipio,0.0,0.0,0.0,0.0,0.0,0.0,0.0,0.0,0.0,0.0,0.0,0.0,0.0,0.0
49109,Manganeses de la Polvorosa,municipio,0.0,0.0,0.0,0.0,0.0,0.0,0.0,0.0,0.0,0.0,0.0,0.0,0.0,0.0
49110,Manzanal de Arriba,municipio,0.0,0.0,0.0,0.0,0.0,0.0,0.0,0.0,0.0,0.0,0.0,0.0,0.0,0.0
49111,Manzanal del Barco,municipio,0.0,0.0,0.0,0.0,0.0,0.0,0.0,0.0,0.0,0.0,0.0,0.0,0.0,0.0
49112,Manzanal de los Infantes,municipio,0.0,0.0,0.0,0.0,0.0,0.0,0.0,0.0,0.0,0.0,0.0,0.0,0.0,0.0
49113,Matilla de Arzón,municipio,0.0,0.0,0.0,0.0,0.0,0.0,0.0,0.0,0.0,0.0,0.0,0.0,0.0,0.0
49114,Matilla la Seca,municipio,0.0,0.0,0.0,0.0,0.0,0.0,0.0,0.0,0.0,0.0,0.0,0.0,0.0,0.0
49115,Mayalde,municipio,0.0,0.0,0.0,0.0,0.0,0.0,0.0,0.0,0.0,0.0,0.0,0.0,0.0,0.0
49116,Melgar de Tera,municipio,0.0,0.0,0.0,0.0,0.0,0.0,0.0,0.0,0.0,0.0,0.0,0.0,0.0,0.0
49117,Micereces de Tera,municipio,0.0,0.0,0.0,0.0,0.0,0.0,0.0,0.0,0.0,0.0,0.0,0.0,0.0,0.0
49118,Milles de la Polvorosa,municipio,0.0,0.0,0.0,0.0,0.0,0.0,0.0,0.0,0.0,0.0,0.0,0.0,0.0,0.0
49119,Molacillos,municipio,0.0,0.0,0.0,0.0,0.0,0.0,0.0,0.0,0.0,0.0,0.0,0.0,0.0,0.0
49120,Molezuelas de la Carballeda,municipio,0.0,0.0,0.0,0.0,0.0,0.0,0.0,0.0,0.0,0.0,0.0,0.0,0.0,0.0
49121,Mombuey,municipio,0.0,0.0,0.0,0.0,0.0,0.0,0.0,0.0,0.0,0.0,0.0,0.0,0.0,0.0
49122,Monfarracinos,municipio,0.0,0.0,0.0,29.0,0.0,0.0,0.0,0.0,0.0,0.0,0.0,0.0,0.0,0.0
49123,Montamarta,municipio,0.0,0.0,0.0,0.0,0.0,0.0,0.0,0.0,0.0,0.0,0.0,0.0,0.0,0.0
49124,Moral de Sayago,municipio,0.0,0.0,0.0,0.0,0.0,0.0,0.0,0.0,0.0,0.0,0.0,0.0,0.0,0.0
49125,Moraleja del Vino,municipio,55.0,54.0,51.0,55.0,51.0,51.0,50.0,48.0,50.0,47.0,47.0,44.0,41.0,40.0
49126,Moraleja de Sayago,municipio,0.0,0.0,0.0,0.0,0.0,0.0,0.0,0.0,0.0,0.0,0.0,0.0,0.0,0.0
49127,Morales del Vino,municipio,73.0,73.0,77.0,70.0,74.0,74.0,77.0,76.0,76.0,70.0,67.0,62.0,68.0,72.0
49128,Morales de Rey,municipio,0.0,0.0,0.0,0.0,0.0,0.0,0.0,0.0,0.0,0.0,0.0,0.0,0.0,0.0
49129,Morales de Toro,municipio,35.0,37.0,39.0,39.0,0.0,41.0,0.0,43.0,0.0,0.0,0.0,0.0,0.0,0.0
49130,Morales de Valverde,municipio,0.0,0.0,0.0,0.0,0.0,0.0,0.0,0.0,0.0,0.0,0.0,0.0,0.0,0.0
49131,Moralina,municipio,0.0,0.0,0.0,0.0,0.0,0.0,0.0,0.0,0.0,0.0,0.0,0.0,0.0,0.0
49132,Moreruela de los Infanzones,municipio,0.0,0.0,0.0,0.0,0.0,0.0,0.0,0.0,0.0,0.0,0.0,0.0,0.0,0.0
49133,Moreruela de Tábara,municipio,0.0,0.0,0.0,0.0,0.0,0.0,0.0,0.0,0.0,0.0,0.0,0.0,0.0,0.0
49134,Muelas de los Caballeros,municipio,0.0,0.0,0.0,0.0,0.0,0.0,0.0,0.0,0.0,0.0,0.0,0.0,0.0,0.0
49135,Muelas del Pan,municipio,0.0,0.0,0.0,0.0,0.0,0.0,0.0,0.0,0.0,0.0,0.0,0.0,0.0,0.0
49136,Muga de Sayago,municipio,0.0,0.0,0.0,0.0,0.0,0.0,0.0,0.0,0.0,0.0,0.0,0.0,0.0,0.0
49137,Navianos de Valverde,municipio,0.0,0.0,0.0,0.0,0.0,0.0,0.0,0.0,0.0,0.0,0.0,0.0,0.0,0.0
49138,Olmillos de Castro,municipio,0.0,0.0,0.0,0.0,0.0,0.0,0.0,0.0,0.0,0.0,0.0,0.0,0.0,0.0
49139,Otero de Bodas,municipio,0.0,0.0,0.0,0.0,0.0,0.0,0.0,0.0,0.0,0.0,0.0,0.0,0.0,0.0
49141,Pajares de la Lampreana,municipio,0.0,0.0,0.0,0.0,0.0,0.0,0.0,0.0,0.0,0.0,0.0,0.0,0.0,0.0
49142,Palacios del Pan,municipio,0.0,0.0,0.0,0.0,0.0,0.0,0.0,0.0,0.0,0.0,0.0,0.0,0.0,0.0
49143,Palacios de Sanabria,municipio,0.0,0.0,0.0,0.0,0.0,0.0,0.0,0.0,0.0,0.0,0.0,0.0,0.0,0.0
49145,Pedralba de la Pradería,municipio,0.0,0.0,0.0,0.0,0.0,0.0,0.0,0.0,0.0,0.0,0.0,0.0,0.0,0.0
49146,"Pego, El",municipio,0.0,0.0,0.0,0.0,0.0,0.0,0.0,0.0,0.0,0.0,0.0,0.0,0.0,0.0
49147,Peleagonzalo,municipio,0.0,0.0,0.0,0.0,0.0,0.0,0.0,0.0,0.0,0.0,0.0,0.0,0.0,0.0
49148,Peleas de Abajo,municipio,0.0,0.0,0.0,0.0,0.0,0.0,0.0,0.0,0.0,0.0,0.0,0.0,0.0,0.0
49149,Peñausende,municipio,0.0,0.0,0.0,0.0,0.0,0.0,0.0,0.0,0.0,0.0,0.0,0.0,0.0,0.0
49150,Peque,municipio,0.0,0.0,0.0,0.0,0.0,0.0,0.0,0.0,0.0,0.0,0.0,0.0,0.0,0.0
49151,"Perdigón, El",municipio,0.0,0.0,0.0,0.0,0.0,0.0,0.0,0.0,0.0,0.0,0.0,0.0,0.0,0.0
49152,Pereruela,municipio,0.0,0.0,0.0,0.0,0.0,0.0,0.0,0.0,0.0,0.0,0.0,0.0,0.0,0.0
49153,Perilla de Castro,municipio,0.0,0.0,0.0,0.0,0.0,0.0,0.0,0.0,0.0,0.0,0.0,0.0,0.0,0.0
49154,Pías,municipio,0.0,0.0,0.0,0.0,0.0,0.0,0.0,0.0,0.0,0.0,0.0,0.0,0.0,0.0
49155,Piedrahita de Castro,municipio,0.0,0.0,0.0,0.0,0.0,0.0,0.0,0.0,0.0,0.0,0.0,0.0,0.0,0.0
49156,Pinilla de Toro,municipio,0.0,0.0,0.0,0.0,0.0,0.0,0.0,0.0,0.0,0.0,0.0,0.0,0.0,0.0
49157,Pino del Oro,municipio,0.0,0.0,0.0,0.0,0.0,0.0,0.0,0.0,0.0,0.0,0.0,0.0,0.0,0.0
49158,"Piñero, El",municipio,0.0,0.0,0.0,0.0,0.0,0.0,0.0,0.0,0.0,0.0,0.0,0.0,0.0,0.0
49159,Pobladura del Valle,municipio,0.0,0.0,0.0,0.0,0.0,0.0,0.0,0.0,0.0,0.0,0.0,0.0,0.0,0.0
49160,Pobladura de Valderaduey,municipio,0.0,0.0,0.0,0.0,0.0,0.0,0.0,0.0,0.0,0.0,0.0,0.0,0.0,0.0
49162,Porto,municipio,0.0,0.0,0.0,0.0,0.0,0.0,0.0,0.0,0.0,0.0,0.0,0.0,0.0,0.0
49163,Pozoantiguo,municipio,0.0,0.0,0.0,0.0,0.0,0.0,0.0,0.0,0.0,0.0,0.0,0.0,0.0,0.0
49164,Pozuelo de Tábara,municipio,0.0,0.0,0.0,0.0,0.0,0.0,0.0,0.0,0.0,0.0,0.0,0.0,0.0,0.0
49165,Prado,municipio,0.0,0.0,0.0,0.0,0.0,0.0,0.0,0.0,0.0,0.0,0.0,0.0,0.0,0.0
49166,Puebla de Sanabria,municipio,72.0,72.0,78.0,82.0,78.0,69.0,74.0,72.0,70.0,66.0,67.0,64.0,64.0,67.0
49167,Pueblica de Valverde,municipio,0.0,0.0,0.0,0.0,0.0,0.0,0.0,0.0,0.0,0.0,0.0,0.0,0.0,0.0
49168,Quintanilla del Monte,municipio,0.0,0.0,0.0,0.0,0.0,0.0,0.0,0.0,0.0,0.0,0.0,0.0,0.0,0.0
49169,Quintanilla del Olmo,municipio,0.0,0.0,0.0,0.0,0.0,0.0,0.0,0.0,0.0,0.0,0.0,0.0,0.0,0.0
49170,Quintanilla de Urz,municipio,0.0,0.0,0.0,0.0,0.0,0.0,0.0,0.0,0.0,0.0,0.0,0.0,0.0,0.0
49171,Quiruelas de Vidriales,municipio,0.0,0.0,0.0,0.0,0.0,0.0,0.0,0.0,0.0,0.0,0.0,0.0,0.0,0.0
49172,Rabanales,municipio,0.0,0.0,0.0,0.0,0.0,0.0,0.0,0.0,0.0,0.0,0.0,0.0,0.0,0.0
49173,Rábano de Aliste,municipio,0.0,0.0,0.0,0.0,0.0,0.0,0.0,0.0,0.0,0.0,0.0,0.0,0.0,0.0
49174,Requejo,municipio,0.0,0.0,0.0,0.0,0.0,0.0,0.0,0.0,0.0,0.0,0.0,0.0,0.0,0.0
49175,Revellinos,municipio,0.0,0.0,0.0,0.0,0.0,0.0,0.0,0.0,0.0,0.0,0.0,0.0,0.0,0.0
49176,Riofrío de Aliste,municipio,0.0,0.0,0.0,0.0,0.0,0.0,0.0,0.0,0.0,0.0,0.0,0.0,0.0,0.0
49177,Rionegro del Puente,municipio,0.0,0.0,0.0,0.0,0.0,0.0,0.0,0.0,0.0,0.0,0.0,0.0,0.0,0.0
49178,Roales,municipio,0.0,0.0,0.0,0.0,0.0,0.0,0.0,0.0,0.0,0.0,0.0,42.0,40.0,37.0
49179,Robleda-Cervantes,municipio,0.0,0.0,0.0,0.0,0.0,0.0,0.0,0.0,0.0,0.0,0.0,0.0,0.0,0.0
49180,Roelos de Sayago,municipio,0.0,0.0,0.0,0.0,0.0,0.0,0.0,0.0,0.0,0.0,0.0,0.0,0.0,0.0
49181,Rosinos de la Requejada,municipio,0.0,0.0,0.0,0.0,0.0,0.0,0.0,0.0,0.0,0.0,0.0,0.0,0.0,0.0
49183,Salce,municipio,0.0,0.0,0.0,0.0,0.0,0.0,0.0,0.0,0.0,0.0,0.0,0.0,0.0,0.0
49184,Samir de los Caños,municipio,0.0,0.0,0.0,0.0,0.0,0.0,0.0,0.0,0.0,0.0,0.0,0.0,0.0,0.0
49185,San Agustín del Pozo,municipio,0.0,0.0,0.0,0.0,0.0,0.0,0.0,0.0,0.0,0.0,0.0,0.0,0.0,0.0
49186,San Cebrián de Castro,municipio,0.0,0.0,0.0,0.0,0.0,0.0,0.0,0.0,0.0,0.0,0.0,0.0,0.0,0.0
49187,San Cristóbal de Entreviñas,municipio,41.0,47.0,43.0,46.0,46.0,49.0,47.0,45.0,42.0,41.0,38.0,36.0,36.0,34.0
49188,San Esteban del Molar,municipio,0.0,0.0,0.0,0.0,0.0,0.0,0.0,0.0,0.0,0.0,0.0,0.0,0.0,0.0
49189,San Justo,municipio,0.0,0.0,0.0,0.0,0.0,0.0,0.0,0.0,0.0,0.0,0.0,0.0,0.0,0.0
49190,San Martín de Valderaduey,municipio,0.0,0.0,0.0,0.0,0.0,0.0,0.0,0.0,0.0,0.0,0.0,0.0,0.0,0.0
49191,San Miguel de la Ribera,municipio,0.0,0.0,0.0,0.0,0.0,0.0,0.0,0.0,0.0,0.0,0.0,0.0,0.0,0.0
49192,San Miguel del Valle,municipio,0.0,0.0,0.0,0.0,0.0,0.0,0.0,0.0,0.0,0.0,0.0,0.0,0.0,0.0
49193,San Pedro de Ceque,municipio,0.0,0.0,0.0,0.0,0.0,0.0,0.0,0.0,0.0,0.0,0.0,0.0,0.0,0.0
49194,San Pedro de la Nave-Almendra,municipio,0.0,0.0,0.0,0.0,0.0,0.0,0.0,0.0,0.0,0.0,0.0,0.0,0.0,0.0
49197,Santa Clara de Avedillo,municipio,0.0,0.0,0.0,0.0,0.0,0.0,0.0,0.0,0.0,0.0,0.0,0.0,0.0,0.0
49199,Santa Colomba de las Monjas,municipio,0.0,0.0,0.0,0.0,0.0,0.0,0.0,0.0,0.0,0.0,0.0,0.0,0.0,0.0
49200,Santa Cristina de la Polvorosa,municipio,21.0,21.0,19.0,18.0,20.0,18.0,16.0,18.0,15.0,15.0,14.0,16.0,15.0,16.0
49201,Santa Croya de Tera,municipio,0.0,0.0,0.0,0.0,0.0,0.0,0.0,0.0,0.0,0.0,0.0,0.0,0.0,0.0
49202,Santa Eufemia del Barco,municipio,0.0,0.0,0.0,0.0,0.0,0.0,0.0,0.0,0.0,0.0,0.0,0.0,0.0,0.0
49203,Santa María de la Vega,municipio,0.0,0.0,0.0,0.0,0.0,0.0,0.0,0.0,0.0,0.0,0.0,0.0,0.0,0.0
49204,Santa María de Valverde,municipio,0.0,0.0,0.0,0.0,0.0,0.0,0.0,0.0,0.0,0.0,0.0,0.0,0.0,0.0
49205,Santibáñez de Tera,municipio,0.0,0.0,0.0,0.0,0.0,0.0,0.0,0.0,0.0,0.0,0.0,0.0,0.0,0.0
49206,Santibáñez de Vidriales,municipio,34.0,30.0,30.0,27.0,29.0,26.0,0.0,0.0,0.0,0.0,0.0,0.0,0.0,0.0
49207,Santovenia,municipio,0.0,0.0,0.0,0.0,0.0,0.0,0.0,0.0,0.0,0.0,0.0,0.0,0.0,0.0
49208,San Vicente de la Cabeza,municipio,0.0,0.0,0.0,0.0,0.0,0.0,0.0,0.0,0.0,0.0,0.0,0.0,0.0,0.0
49209,San Vitero,municipio,0.0,0.0,0.0,0.0,0.0,0.0,0.0,0.0,0.0,0.0,0.0,0.0,0.0,0.0
49210,Sanzoles,municipio,0.0,0.0,0.0,0.0,0.0,0.0,0.0,0.0,0.0,0.0,0.0,0.0,0.0,0.0
49214,Tábara,municipio,0.0,0.0,0.0,0.0,0.0,0.0,0.0,0.0,0.0,0.0,0.0,0.0,0.0,0.0
49216,Tapioles,municipio,0.0,0.0,0.0,0.0,0.0,0.0,0.0,0.0,0.0,0.0,0.0,0.0,0.0,0.0
49219,Toro,municipio,374.0,364.0,368.0,374.0,361.0,365.0,359.0,358.0,343.0,326.0,316.0,304.0,296.0,294.0
49220,"Torre del Valle, La",municipio,0.0,0.0,0.0,0.0,0.0,0.0,0.0,0.0,0.0,0.0,0.0,0.0,0.0,0.0
49221,Torregamones,municipio,0.0,0.0,0.0,0.0,0.0,0.0,0.0,0.0,0.0,0.0,0.0,0.0,0.0,0.0
49222,Torres del Carrizal,municipio,0.0,0.0,0.0,0.0,0.0,0.0,0.0,0.0,0.0,0.0,0.0,0.0,0.0,0.0
49223,Trabazos,municipio,21.0,23.0,17.0,0.0,17.0,0.0,0.0,0.0,0.0,0.0,0.0,0.0,0.0,0.0
49224,Trefacio,municipio,0.0,0.0,0.0,0.0,0.0,0.0,0.0,0.0,0.0,0.0,0.0,0.0,0.0,0.0
49225,Uña de Quintana,municipio,0.0,0.0,0.0,0.0,0.0,0.0,0.0,0.0,0.0,0.0,0.0,0.0,0.0,0.0
49226,Vadillo de la Guareña,municipio,0.0,0.0,0.0,0.0,0.0,0.0,0.0,0.0,0.0,0.0,0.0,0.0,0.0,0.0
49227,Valcabado,municipio,0.0,0.0,0.0,0.0,0.0,0.0,0.0,0.0,0.0,0.0,0.0,0.0,0.0,0.0
49228,Valdefinjas,municipio,0.0,0.0,0.0,0.0,0.0,0.0,0.0,0.0,0.0,0.0,0.0,0.0,0.0,0.0
49229,Valdescorriel,municipio,0.0,0.0,0.0,0.0,0.0,0.0,0.0,0.0,0.0,0.0,0.0,0.0,0.0,0.0
49230,Vallesa de la Guareña,municipio,0.0,0.0,0.0,0.0,0.0,0.0,0.0,0.0,0.0,0.0,0.0,0.0,0.0,0.0
49231,Vega de Tera,municipio,0.0,0.0,0.0,0.0,0.0,0.0,0.0,0.0,0.0,0.0,0.0,0.0,0.0,0.0
49232,Vega de Villalobos,municipio,0.0,0.0,0.0,0.0,0.0,0.0,0.0,0.0,0.0,0.0,0.0,0.0,0.0,0.0
49233,Vegalatrave,municipio,0.0,0.0,0.0,0.0,0.0,0.0,0.0,0.0,0.0,0.0,0.0,0.0,0.0,0.0
49234,Venialbo,municipio,0.0,0.0,0.0,0.0,0.0,0.0,0.0,0.0,0.0,0.0,0.0,0.0,0.0,0.0
49235,Vezdemarbán,municipio,0.0,0.0,0.0,0.0,0.0,0.0,0.0,0.0,0.0,0.0,0.0,0.0,0.0,0.0
49236,Vidayanes,municipio,0.0,0.0,0.0,0.0,0.0,0.0,0.0,0.0,0.0,0.0,0.0,0.0,0.0,0.0
49237,Videmala,municipio,0.0,0.0,0.0,0.0,0.0,0.0,0.0,0.0,0.0,0.0,0.0,0.0,0.0,0.0
49238,Villabrázaro,municipio,0.0,0.0,0.0,0.0,0.0,0.0,0.0,0.0,0.0,0.0,0.0,0.0,0.0,0.0
49239,Villabuena del Puente,municipio,0.0,0.0,0.0,0.0,0.0,0.0,0.0,0.0,0.0,0.0,0.0,0.0,0.0,0.0
49240,Villadepera,municipio,0.0,0.0,0.0,0.0,0.0,0.0,0.0,0.0,0.0,0.0,0.0,0.0,0.0,0.0
49241,Villaescusa,municipio,0.0,0.0,0.0,0.0,0.0,0.0,0.0,0.0,0.0,0.0,0.0,0.0,0.0,0.0
49242,Villafáfila,municipio,0.0,0.0,0.0,0.0,0.0,0.0,0.0,0.0,0.0,0.0,0.0,0.0,0.0,0.0
49243,Villaferrueña,municipio,0.0,0.0,0.0,0.0,0.0,0.0,0.0,0.0,0.0,0.0,0.0,0.0,0.0,0.0
49244,Villageriz,municipio,0.0,0.0,0.0,0.0,0.0,0.0,0.0,0.0,0.0,0.0,0.0,0.0,0.0,0.0
49245,Villalazán,municipio,0.0,0.0,0.0,0.0,0.0,0.0,0.0,0.0,0.0,0.0,0.0,0.0,0.0,0.0
49246,Villalba de la Lampreana,municipio,0.0,0.0,0.0,0.0,0.0,0.0,0.0,0.0,0.0,0.0,0.0,0.0,0.0,0.0
49247,Villalcampo,municipio,0.0,0.0,0.0,0.0,0.0,0.0,0.0,0.0,0.0,0.0,0.0,0.0,0.0,0.0
49248,Villalobos,municipio,0.0,0.0,0.0,0.0,0.0,0.0,0.0,0.0,0.0,0.0,0.0,0.0,0.0,0.0
49249,Villalonso,municipio,0.0,0.0,0.0,0.0,0.0,0.0,0.0,0.0,0.0,0.0,0.0,0.0,0.0,0.0
49250,Villalpando,municipio,67.0,67.0,60.0,62.0,61.0,59.0,59.0,56.0,53.0,53.0,52.0,46.0,46.0,47.0
49251,Villalube,municipio,0.0,0.0,0.0,0.0,0.0,0.0,0.0,0.0,0.0,0.0,0.0,0.0,0.0,0.0
49252,Villamayor de Campos,municipio,0.0,0.0,0.0,0.0,0.0,0.0,0.0,0.0,0.0,0.0,0.0,0.0,0.0,0.0
49255,Villamor de los Escuderos,municipio,0.0,0.0,0.0,0.0,0.0,0.0,0.0,0.0,0.0,0.0,0.0,0.0,0.0,0.0
49256,Villanázar,municipio,0.0,0.0,0.0,0.0,0.0,0.0,0.0,0.0,0.0,0.0,0.0,0.0,0.0,0.0
49257,Villanueva de Azoague,municipio,0.0,0.0,0.0,0.0,0.0,0.0,0.0,0.0,0.0,0.0,0.0,0.0,0.0,0.0
49258,Villanueva de Campeán,municipio,0.0,0.0,0.0,0.0,0.0,0.0,0.0,0.0,0.0,0.0,0.0,0.0,0.0,0.0
49259,Villanueva de las Peras,municipio,0.0,0.0,0.0,0.0,0.0,0.0,0.0,0.0,0.0,0.0,0.0,0.0,0.0,0.0
49260,Villanueva del Campo,municipio,0.0,0.0,0.0,0.0,0.0,0.0,0.0,0.0,0.0,0.0,0.0,0.0,0.0,0.0
49261,Villaralbo,municipio,64.0,63.0,70.0,62.0,62.0,56.0,57.0,54.0,52.0,48.0,47.0,45.0,44.0,44.0
49262,Villardeciervos,municipio,0.0,0.0,0.0,0.0,0.0,0.0,0.0,0.0,0.0,0.0,0.0,0.0,0.0,0.0
49263,Villar de Fallaves,municipio,0.0,0.0,0.0,0.0,0.0,0.0,0.0,0.0,0.0,0.0,0.0,0.0,0.0,0.0
49264,Villar del Buey,municipio,0.0,0.0,0.0,0.0,0.0,0.0,0.0,0.0,0.0,0.0,0.0,0.0,0.0,0.0
49265,Villardiegua de la Ribera,municipio,0.0,0.0,0.0,0.0,0.0,0.0,0.0,0.0,0.0,0.0,0.0,0.0,0.0,0.0
49266,Villárdiga,municipio,0.0,0.0,0.0,0.0,0.0,0.0,0.0,0.0,0.0,0.0,0.0,0.0,0.0,0.0
49267,Villardondiego,municipio,0.0,0.0,0.0,0.0,0.0,0.0,0.0,0.0,0.0,0.0,0.0,0.0,0.0,0.0
49268,Villarrín de Campos,municipio,0.0,0.0,0.0,0.0,0.0,0.0,0.0,0.0,0.0,0.0,0.0,0.0,0.0,0.0
49269,Villaseco del Pan,municipio,0.0,0.0,0.0,0.0,0.0,0.0,0.0,0.0,0.0,0.0,0.0,0.0,0.0,0.0
49270,Villavendimio,municipio,0.0,0.0,0.0,0.0,0.0,0.0,0.0,0.0,0.0,0.0,0.0,0.0,0.0,0.0
49271,Villaveza del Agua,municipio,0.0,0.0,0.0,0.0,0.0,0.0,0.0,0.0,0.0,0.0,0.0,0.0,0.0,0.0
49272,Villaveza de Valverde,municipio,0.0,0.0,0.0,0.0,0.0,0.0,0.0,0.0,0.0,0.0,0.0,0.0,0.0,0.0
49273,Viñas,municipio,0.0,0.0,0.0,0.0,0.0,0.0,0.0,0.0,0.0,0.0,0.0,0.0,0.0,0.0
49275,Zamora,municipio,2030.0,2003.0,1947.0,1917.0,1906.0,1861.0,1819.0,1781.0,1723.0,1665.0,1657.0,1556.0,1554.0,1520.0
49,Zamora,provincia,5402.0,5364.0,5254.0,5219.0,5166.0,5078.0,5019.0,4868.0,4759.0,4606.0,4578.0,4277.0,4196.0,4152.0
50001,Abanto,municipio,0.0,0.0,0.0,0.0,0.0,0.0,0.0,0.0,0.0,0.0,0.0,0.0,0.0,0.0
50002,Acered,municipio,0.0,0.0,0.0,0.0,0.0,0.0,0.0,0.0,0.0,0.0,0.0,0.0,0.0,0.0
50003,Agón,municipio,0.0,0.0,0.0,0.0,0.0,0.0,0.0,0.0,0.0,0.0,0.0,0.0,0.0,0.0
50004,Aguarón,municipio,0.0,0.0,0.0,0.0,0.0,0.0,0.0,0.0,0.0,0.0,0.0,0.0,0.0,0.0
50005,Aguilón,municipio,0.0,0.0,0.0,0.0,0.0,0.0,0.0,0.0,0.0,0.0,0.0,0.0,0.0,0.0
50006,Ainzón,municipio,24.0,24.0,25.0,24.0,23.0,20.0,17.0,18.0,19.0,19.0,21.0,18.0,16.0,0.0
50007,Aladrén,municipio,0.0,0.0,0.0,0.0,0.0,0.0,0.0,0.0,0.0,0.0,0.0,0.0,0.0,0.0
50008,Alagón,municipio,159.0,165.0,163.0,163.0,158.0,149.0,161.0,160.0,161.0,158.0,159.0,147.0,149.0,137.0
50009,Alarba,municipio,0.0,0.0,0.0,0.0,0.0,0.0,0.0,0.0,0.0,0.0,0.0,0.0,0.0,0.0
50010,Alberite de San Juan,municipio,0.0,0.0,0.0,0.0,0.0,0.0,0.0,0.0,0.0,0.0,0.0,0.0,0.0,0.0
50011,Albeta,municipio,0.0,0.0,0.0,0.0,0.0,0.0,0.0,0.0,0.0,0.0,0.0,0.0,0.0,0.0
50012,Alborge,municipio,0.0,0.0,0.0,0.0,0.0,0.0,0.0,0.0,0.0,0.0,0.0,0.0,0.0,0.0
50013,Alcalá de Ebro,municipio,0.0,0.0,0.0,0.0,0.0,0.0,0.0,0.0,0.0,0.0,0.0,0.0,0.0,0.0
50014,Alcalá de Moncayo,municipio,0.0,0.0,0.0,0.0,0.0,0.0,0.0,0.0,0.0,0.0,0.0,0.0,0.0,0.0
50015,Alconchel de Ariza,municipio,0.0,0.0,0.0,0.0,0.0,0.0,0.0,0.0,0.0,0.0,0.0,0.0,0.0,0.0
50016,Aldehuela de Liestos,municipio,0.0,0.0,0.0,0.0,0.0,0.0,0.0,0.0,0.0,0.0,0.0,0.0,0.0,0.0
50017,Alfajarín,municipio,74.0,78.0,75.0,69.0,74.0,69.0,71.0,62.0,63.0,64.0,63.0,62.0,62.0,67.0
50018,Alfamén,municipio,33.0,36.0,33.0,31.0,30.0,33.0,36.0,34.0,36.0,36.0,33.0,25.0,28.0,26.0
50019,Alforque,municipio,0.0,0.0,0.0,0.0,0.0,0.0,0.0,0.0,0.0,0.0,0.0,0.0,0.0,0.0
50020,Alhama de Aragón,municipio,34.0,31.0,30.0,30.0,33.0,35.0,37.0,37.0,36.0,34.0,37.0,0.0,0.0,0.0
50021,Almochuel,municipio,0.0,0.0,0.0,0.0,0.0,0.0,0.0,0.0,0.0,0.0,0.0,0.0,0.0,0.0
50022,"Almolda, La",municipio,0.0,0.0,0.0,0.0,0.0,0.0,0.0,0.0,0.0,0.0,0.0,0.0,0.0,0.0
50023,Almonacid de la Cuba,municipio,0.0,0.0,0.0,0.0,0.0,0.0,0.0,0.0,0.0,0.0,0.0,0.0,0.0,0.0
50024,Almonacid de la Sierra,municipio,0.0,0.0,0.0,0.0,0.0,0.0,0.0,0.0,0.0,0.0,0.0,0.0,0.0,0.0
50025,"Almunia de Doña Godina, La",municipio,211.0,198.0,207.0,203.0,197.0,195.0,189.0,186.0,172.0,167.0,167.0,154.0,156.0,162.0
50026,Alpartir,municipio,0.0,0.0,0.0,0.0,0.0,0.0,0.0,0.0,0.0,0.0,0.0,0.0,0.0,0.0
50027,Ambel,municipio,0.0,0.0,0.0,0.0,0.0,0.0,0.0,0.0,0.0,0.0,0.0,0.0,0.0,0.0
50028,Anento,municipio,0.0,0.0,0.0,0.0,0.0,0.0,0.0,0.0,0.0,0.0,0.0,0.0,0.0,0.0
50029,Aniñón,municipio,0.0,0.0,0.0,0.0,0.0,0.0,0.0,0.0,0.0,0.0,0.0,0.0,0.0,0.0
50030,Añón de Moncayo,municipio,0.0,0.0,0.0,0.0,0.0,0.0,0.0,0.0,0.0,0.0,0.0,0.0,0.0,0.0
50031,Aranda de Moncayo,municipio,0.0,0.0,0.0,0.0,0.0,0.0,0.0,0.0,0.0,0.0,0.0,0.0,0.0,0.0
50032,Arándiga,municipio,0.0,0.0,0.0,0.0,0.0,0.0,0.0,0.0,0.0,0.0,0.0,0.0,0.0,0.0
50033,Ardisa,municipio,0.0,0.0,0.0,0.0,0.0,0.0,0.0,0.0,0.0,0.0,0.0,0.0,0.0,0.0
50034,Ariza,municipio,34.0,42.0,38.0,34.0,48.0,45.0,45.0,42.0,44.0,39.0,41.0,36.0,36.0,37.0
50035,Artieda,municipio,0.0,0.0,0.0,0.0,0.0,0.0,0.0,0.0,0.0,0.0,0.0,0.0,0.0,0.0
50036,Asín,municipio,0.0,0.0,0.0,0.0,0.0,0.0,0.0,0.0,0.0,0.0,0.0,0.0,0.0,0.0
50037,Atea,municipio,0.0,0.0,0.0,0.0,0.0,0.0,0.0,0.0,0.0,0.0,0.0,0.0,0.0,0.0
50038,Ateca,municipio,52.0,49.0,47.0,51.0,52.0,52.0,50.0,50.0,51.0,48.0,48.0,40.0,41.0,37.0
50039,Azuara,municipio,0.0,0.0,0.0,0.0,0.0,0.0,0.0,0.0,0.0,0.0,0.0,0.0,0.0,0.0
50040,Badules,municipio,0.0,0.0,0.0,0.0,0.0,0.0,0.0,0.0,0.0,0.0,0.0,0.0,0.0,0.0
50041,Bagüés,municipio,0.0,0.0,0.0,0.0,0.0,0.0,0.0,0.0,0.0,0.0,0.0,0.0,0.0,0.0
50042,Balconchán,municipio,0.0,0.0,0.0,0.0,0.0,0.0,0.0,0.0,0.0,0.0,0.0,0.0,0.0,0.0
50043,Bárboles,municipio,0.0,0.0,0.0,0.0,0.0,0.0,0.0,0.0,0.0,0.0,0.0,0.0,0.0,0.0
50044,Bardallur,municipio,0.0,0.0,0.0,0.0,0.0,0.0,0.0,0.0,0.0,0.0,0.0,0.0,0.0,0.0
50045,Belchite,municipio,44.0,45.0,44.0,40.0,41.0,42.0,36.0,39.0,39.0,45.0,42.0,40.0,35.0,31.0
50046,Belmonte de Gracián,municipio,0.0,0.0,0.0,0.0,0.0,0.0,0.0,0.0,0.0,0.0,0.0,0.0,0.0,0.0
50047,Berdejo,municipio,0.0,0.0,0.0,0.0,0.0,0.0,0.0,0.0,0.0,0.0,0.0,0.0,0.0,0.0
50048,Berrueco,municipio,0.0,0.0,0.0,0.0,0.0,0.0,0.0,0.0,0.0,0.0,0.0,0.0,0.0,0.0
50050,Bijuesca,municipio,0.0,0.0,0.0,0.0,0.0,0.0,0.0,0.0,0.0,0.0,0.0,0.0,0.0,0.0
50051,Biota,municipio,23.0,23.0,22.0,18.0,20.0,0.0,0.0,0.0,0.0,0.0,0.0,0.0,0.0,0.0
50052,Bisimbre,municipio,0.0,0.0,0.0,0.0,0.0,0.0,0.0,0.0,0.0,0.0,0.0,0.0,0.0,0.0
50053,Boquiñeni,municipio,0.0,0.0,0.0,0.0,0.0,0.0,0.0,0.0,0.0,0.0,0.0,0.0,0.0,0.0
50054,Bordalba,municipio,0.0,0.0,0.0,0.0,0.0,0.0,0.0,0.0,0.0,0.0,0.0,0.0,0.0,0.0
50055,Borja,municipio,116.0,116.0,118.0,127.0,122.0,114.0,112.0,112.0,109.0,109.0,109.0,96.0,98.0,91.0
50056,Botorrita,municipio,0.0,0.0,0.0,0.0,0.0,0.0,0.0,0.0,0.0,0.0,0.0,0.0,0.0,0.0
50057,Brea de Aragón,municipio,56.0,59.0,58.0,57.0,53.0,50.0,48.0,43.0,40.0,45.0,43.0,37.0,34.0,31.0
50058,Bubierca,municipio,0.0,0.0,0.0,0.0,0.0,0.0,0.0,0.0,0.0,0.0,0.0,0.0,0.0,0.0
50059,Bujaraloz,municipio,51.0,48.0,48.0,47.0,46.0,0.0,41.0,45.0,0.0,0.0,0.0,37.0,0.0,0.0
50060,Bulbuente,municipio,0.0,0.0,0.0,0.0,0.0,0.0,0.0,0.0,0.0,0.0,0.0,0.0,0.0,0.0
50061,Bureta,municipio,0.0,0.0,0.0,0.0,0.0,0.0,0.0,0.0,0.0,0.0,0.0,0.0,0.0,0.0
50062,"Burgo de Ebro, El",municipio,68.0,72.0,72.0,74.0,67.0,61.0,51.0,58.0,55.0,56.0,55.0,55.0,53.0,59.0
50063,"Buste, El",municipio,0.0,0.0,0.0,0.0,0.0,0.0,0.0,0.0,0.0,0.0,0.0,0.0,0.0,0.0
50064,Cabañas de Ebro,municipio,0.0,0.0,0.0,0.0,0.0,0.0,0.0,0.0,0.0,0.0,0.0,0.0,0.0,0.0
50065,Cabolafuente,municipio,0.0,0.0,0.0,0.0,0.0,0.0,0.0,0.0,0.0,0.0,0.0,0.0,0.0,0.0
50066,Cadrete,municipio,170.0,174.0,166.0,168.0,161.0,168.0,157.0,163.0,169.0,159.0,149.0,130.0,137.0,133.0
50067,Calatayud,municipio,603.0,594.0,596.0,606.0,583.0,578.0,552.0,536.0,518.0,497.0,500.0,481.0,483.0,474.0
50068,Calatorao,municipio,72.0,68.0,71.0,68.0,70.0,69.0,71.0,72.0,77.0,69.0,69.0,64.0,62.0,68.0
50069,Calcena,municipio,0.0,0.0,0.0,0.0,0.0,0.0,0.0,0.0,0.0,0.0,0.0,0.0,0.0,0.0
50070,Calmarza,municipio,0.0,0.0,0.0,0.0,0.0,0.0,0.0,0.0,0.0,0.0,0.0,0.0,0.0,0.0
50071,Campillo de Aragón,municipio,0.0,0.0,0.0,0.0,0.0,0.0,0.0,0.0,0.0,0.0,0.0,0.0,0.0,0.0
50072,Carenas,municipio,0.0,0.0,0.0,0.0,0.0,0.0,0.0,0.0,0.0,0.0,0.0,0.0,0.0,0.0
50073,Cariñena,municipio,108.0,112.0,105.0,106.0,102.0,104.0,104.0,97.0,91.0,88.0,92.0,91.0,84.0,83.0
50074,Caspe,municipio,241.0,241.0,232.0,230.0,226.0,213.0,213.0,201.0,203.0,197.0,203.0,189.0,179.0,175.0
50075,Castejón de Alarba,municipio,0.0,0.0,0.0,0.0,0.0,0.0,0.0,0.0,0.0,0.0,0.0,0.0,0.0,0.0
50076,Castejón de las Armas,municipio,0.0,0.0,0.0,0.0,0.0,0.0,0.0,0.0,0.0,0.0,0.0,0.0,0.0,0.0
50077,Castejón de Valdejasa,municipio,0.0,0.0,0.0,0.0,0.0,0.0,0.0,0.0,0.0,0.0,0.0,0.0,0.0,0.0
50078,Castiliscar,municipio,0.0,0.0,0.0,0.0,0.0,0.0,0.0,0.0,0.0,0.0,0.0,0.0,0.0,0.0
50079,Cervera de la Cañada,municipio,0.0,0.0,0.0,0.0,0.0,0.0,0.0,0.0,0.0,0.0,0.0,0.0,0.0,0.0
50080,Cerveruela,municipio,0.0,0.0,0.0,0.0,0.0,0.0,0.0,0.0,0.0,0.0,0.0,0.0,0.0,0.0
50081,Cetina,municipio,0.0,0.0,0.0,0.0,0.0,0.0,0.0,0.0,0.0,0.0,0.0,0.0,0.0,0.0
50082,Cimballa,municipio,0.0,0.0,0.0,0.0,0.0,0.0,0.0,0.0,0.0,0.0,0.0,0.0,0.0,0.0
50083,Cinco Olivas,municipio,0.0,0.0,0.0,0.0,0.0,0.0,0.0,0.0,0.0,0.0,0.0,0.0,0.0,0.0
50084,Clarés de Ribota,municipio,0.0,0.0,0.0,0.0,0.0,0.0,0.0,0.0,0.0,0.0,0.0,0.0,0.0,0.0
50085,Codo,municipio,0.0,0.0,0.0,0.0,0.0,0.0,0.0,0.0,0.0,0.0,0.0,0.0,0.0,0.0
50086,Codos,municipio,0.0,0.0,0.0,0.0,0.0,0.0,0.0,0.0,0.0,0.0,0.0,0.0,0.0,0.0
50087,Contamina,municipio,0.0,0.0,0.0,0.0,0.0,0.0,0.0,0.0,0.0,0.0,0.0,0.0,0.0,0.0
50088,Cosuenda,municipio,0.0,0.0,0.0,0.0,0.0,0.0,0.0,0.0,0.0,0.0,0.0,0.0,0.0,0.0
50089,Cuarte de Huerva,municipio,509.0,507.0,509.0,558.0,553.0,561.0,571.0,571.0,564.0,536.0,557.0,511.0,523.0,538.0
50090,Cubel,municipio,0.0,0.0,0.0,0.0,0.0,0.0,0.0,0.0,0.0,0.0,0.0,0.0,0.0,0.0
50091,"Cuerlas, Las",municipio,0.0,0.0,0.0,0.0,0.0,0.0,0.0,0.0,0.0,0.0,0.0,0.0,0.0,0.0
50092,Chiprana,municipio,0.0,0.0,0.0,0.0,0.0,0.0,0.0,0.0,0.0,0.0,0.0,0.0,0.0,0.0
50093,Chodes,municipio,0.0,0.0,0.0,0.0,0.0,0.0,0.0,0.0,0.0,0.0,0.0,0.0,0.0,0.0
50094,Daroca,municipio,74.0,79.0,79.0,75.0,74.0,73.0,69.0,62.0,60.0,59.0,54.0,55.0,52.0,54.0
50095,Ejea de los Caballeros,municipio,492.0,498.0,468.0,462.0,453.0,443.0,435.0,419.0,413.0,406.0,406.0,382.0,400.0,377.0
50096,Embid de Ariza,municipio,0.0,0.0,0.0,0.0,0.0,0.0,0.0,0.0,0.0,0.0,0.0,0.0,0.0,0.0
50098,Encinacorba,municipio,0.0,0.0,0.0,0.0,0.0,0.0,0.0,0.0,0.0,0.0,0.0,0.0,0.0,0.0
50099,Épila,municipio,85.0,87.0,85.0,83.0,83.0,89.0,85.0,78.0,74.0,73.0,72.0,73.0,83.0,89.0
50100,Erla,municipio,0.0,0.0,0.0,0.0,0.0,0.0,0.0,0.0,0.0,0.0,0.0,0.0,0.0,0.0
50101,Escatrón,municipio,21.0,21.0,21.0,22.0,20.0,19.0,17.0,19.0,19.0,18.0,19.0,17.0,12.0,11.0
50102,Fabara,municipio,25.0,28.0,32.0,29.0,26.0,23.0,22.0,23.0,20.0,20.0,21.0,20.0,18.0,16.0
50104,Farlete,municipio,0.0,0.0,0.0,0.0,0.0,0.0,0.0,0.0,0.0,0.0,0.0,0.0,0.0,0.0
50105,Fayón,municipio,0.0,0.0,0.0,0.0,0.0,0.0,0.0,0.0,0.0,0.0,0.0,0.0,0.0,0.0
50106,"Fayos, Los",municipio,0.0,0.0,0.0,0.0,0.0,0.0,0.0,0.0,0.0,0.0,0.0,0.0,0.0,0.0
50107,Figueruelas,municipio,35.0,33.0,35.0,40.0,38.0,32.0,31.0,36.0,33.0,31.0,32.0,26.0,28.0,28.0
50108,Fombuena,municipio,0.0,0.0,0.0,0.0,0.0,0.0,0.0,0.0,0.0,0.0,0.0,0.0,0.0,0.0
50109,"Frago, El",municipio,0.0,0.0,0.0,0.0,0.0,0.0,0.0,0.0,0.0,0.0,0.0,0.0,0.0,0.0
50110,"Frasno, El",municipio,0.0,0.0,0.0,0.0,0.0,0.0,0.0,0.0,0.0,0.0,0.0,0.0,0.0,0.0
50111,Fréscano,municipio,0.0,0.0,0.0,0.0,0.0,0.0,0.0,0.0,0.0,0.0,0.0,0.0,0.0,0.0
50113,Fuendejalón,municipio,0.0,0.0,0.0,0.0,0.0,0.0,0.0,0.0,0.0,0.0,0.0,0.0,0.0,0.0
50114,Fuendetodos,municipio,0.0,0.0,0.0,0.0,0.0,0.0,0.0,0.0,0.0,0.0,0.0,0.0,0.0,0.0
50115,Fuentes de Ebro,municipio,109.0,109.0,101.0,93.0,93.0,97.0,100.0,96.0,95.0,93.0,91.0,91.0,94.0,102.0
50116,Fuentes de Jiloca,municipio,0.0,0.0,0.0,0.0,0.0,0.0,0.0,0.0,0.0,0.0,0.0,0.0,0.0,0.0
50117,Gallocanta,municipio,0.0,0.0,0.0,0.0,0.0,0.0,0.0,0.0,0.0,0.0,0.0,0.0,0.0,0.0
50118,Gallur,municipio,89.0,88.0,84.0,78.0,73.0,72.0,74.0,75.0,72.0,70.0,71.0,57.0,52.0,55.0
50119,Gelsa,municipio,25.0,24.0,21.0,20.0,21.0,26.0,21.0,0.0,26.0,0.0,0.0,28.0,0.0,0.0
50120,Godojos,municipio,0.0,0.0,0.0,0.0,0.0,0.0,0.0,0.0,0.0,0.0,0.0,0.0,0.0,0.0
50121,Gotor,municipio,0.0,0.0,0.0,0.0,0.0,0.0,0.0,0.0,0.0,0.0,0.0,0.0,0.0,0.0
50122,Grisel,municipio,0.0,0.0,0.0,0.0,0.0,0.0,0.0,0.0,0.0,0.0,0.0,0.0,0.0,0.0
50123,Grisén,municipio,0.0,0.0,0.0,0.0,0.0,0.0,0.0,0.0,0.0,0.0,0.0,0.0,0.0,0.0
50124,Herrera de los Navarros,municipio,0.0,0.0,0.0,0.0,0.0,0.0,0.0,0.0,0.0,0.0,0.0,0.0,0.0,0.0
50125,Ibdes,municipio,0.0,0.0,0.0,0.0,0.0,0.0,0.0,0.0,0.0,0.0,0.0,0.0,0.0,0.0
50126,Illueca,municipio,98.0,103.0,106.0,104.0,90.0,89.0,93.0,91.0,93.0,84.0,77.0,75.0,73.0,70.0
50128,Isuerre,municipio,0.0,0.0,0.0,0.0,0.0,0.0,0.0,0.0,0.0,0.0,0.0,0.0,0.0,0.0
50129,Jaraba,municipio,0.0,0.0,0.0,0.0,0.0,0.0,0.0,0.0,0.0,0.0,0.0,0.0,0.0,0.0
50130,Jarque de Moncayo,municipio,0.0,0.0,0.0,0.0,0.0,0.0,0.0,0.0,0.0,0.0,0.0,0.0,0.0,0.0
50131,Jaulín,municipio,0.0,0.0,0.0,0.0,0.0,0.0,0.0,0.0,0.0,0.0,0.0,0.0,0.0,0.0
50132,"Joyosa, La",municipio,0.0,0.0,0.0,31.0,32.0,33.0,34.0,34.0,32.0,32.0,33.0,25.0,27.0,25.0
50133,Lagata,municipio,0.0,0.0,0.0,0.0,0.0,0.0,0.0,0.0,0.0,0.0,0.0,0.0,0.0,0.0
50134,Langa del Castillo,municipio,0.0,0.0,0.0,0.0,0.0,0.0,0.0,0.0,0.0,0.0,0.0,0.0,0.0,0.0
50135,Layana,municipio,0.0,0.0,0.0,0.0,0.0,0.0,0.0,0.0,0.0,0.0,0.0,0.0,0.0,0.0
50136,Lécera,municipio,0.0,0.0,0.0,0.0,0.0,0.0,0.0,0.0,0.0,0.0,0.0,0.0,0.0,0.0
50137,Leciñena,municipio,26.0,31.0,30.0,28.0,29.0,28.0,27.0,24.0,26.0,25.0,28.0,25.0,25.0,23.0
50138,Lechón,municipio,0.0,0.0,0.0,0.0,0.0,0.0,0.0,0.0,0.0,0.0,0.0,0.0,0.0,0.0
50139,Letux,municipio,0.0,0.0,0.0,0.0,0.0,0.0,0.0,0.0,0.0,0.0,0.0,0.0,0.0,0.0
50140,Litago,municipio,0.0,0.0,0.0,0.0,0.0,0.0,0.0,0.0,0.0,0.0,0.0,0.0,0.0,0.0
50141,Lituénigo,municipio,0.0,0.0,0.0,0.0,0.0,0.0,0.0,0.0,0.0,0.0,0.0,0.0,0.0,0.0
50142,Lobera de Onsella,municipio,0.0,0.0,0.0,0.0,0.0,0.0,0.0,0.0,0.0,0.0,0.0,0.0,0.0,0.0
50143,Longares,municipio,0.0,0.0,0.0,0.0,0.0,0.0,0.0,0.0,0.0,0.0,0.0,0.0,0.0,0.0
50144,Longás,municipio,0.0,0.0,0.0,0.0,0.0,0.0,0.0,0.0,0.0,0.0,0.0,0.0,0.0,0.0
50146,Lucena de Jalón,municipio,0.0,0.0,0.0,0.0,0.0,0.0,0.0,0.0,0.0,0.0,0.0,0.0,0.0,0.0
50147,Luceni,municipio,26.0,25.0,28.0,23.0,25.0,0.0,0.0,0.0,0.0,0.0,0.0,0.0,0.0,21.0
50148,Luesia,municipio,0.0,0.0,0.0,0.0,0.0,0.0,0.0,0.0,0.0,0.0,0.0,0.0,0.0,0.0
50149,Luesma,municipio,0.0,0.0,0.0,0.0,0.0,0.0,0.0,0.0,0.0,0.0,0.0,0.0,0.0,0.0
50150,Lumpiaque,municipio,0.0,0.0,0.0,0.0,0.0,0.0,0.0,0.0,0.0,0.0,0.0,0.0,0.0,0.0
50151,Luna,municipio,0.0,0.0,0.0,0.0,0.0,0.0,0.0,0.0,0.0,0.0,0.0,0.0,0.0,0.0
50152,Maella,municipio,51.0,50.0,53.0,54.0,54.0,54.0,58.0,54.0,54.0,53.0,48.0,47.0,46.0,46.0
50153,Magallón,municipio,22.0,26.0,26.0,29.0,30.0,27.0,29.0,32.0,30.0,26.0,25.0,26.0,25.0,25.0
50154,Mainar,municipio,0.0,0.0,0.0,0.0,0.0,0.0,0.0,0.0,0.0,0.0,0.0,0.0,0.0,0.0
50155,Malanquilla,municipio,0.0,0.0,0.0,0.0,0.0,0.0,0.0,0.0,0.0,0.0,0.0,0.0,0.0,0.0
50156,Maleján,municipio,0.0,0.0,0.0,0.0,0.0,0.0,0.0,0.0,0.0,0.0,0.0,0.0,0.0,0.0
50157,Malón,municipio,0.0,0.0,0.0,0.0,0.0,0.0,0.0,0.0,0.0,0.0,0.0,0.0,0.0,0.0
50159,Maluenda,municipio,14.0,13.0,15.0,17.0,19.0,0.0,0.0,0.0,0.0,0.0,0.0,0.0,0.0,0.0
50160,Mallén,municipio,84.0,86.0,78.0,79.0,74.0,71.0,73.0,72.0,70.0,70.0,77.0,72.0,76.0,75.0
50161,Manchones,municipio,0.0,0.0,0.0,0.0,0.0,0.0,0.0,0.0,0.0,0.0,0.0,0.0,0.0,0.0
50162,Mara,municipio,0.0,0.0,0.0,0.0,0.0,0.0,0.0,0.0,0.0,0.0,0.0,0.0,0.0,0.0
50163,María de Huerva,municipio,132.0,137.0,140.0,145.0,156.0,160.0,165.0,162.0,155.0,139.0,143.0,128.0,135.0,146.0
50164,Mediana de Aragón,municipio,0.0,0.0,0.0,0.0,0.0,0.0,0.0,0.0,0.0,0.0,0.0,0.0,0.0,0.0
50165,Mequinenza,municipio,59.0,59.0,63.0,62.0,62.0,56.0,54.0,57.0,57.0,51.0,50.0,49.0,52.0,46.0
50166,Mesones de Isuela,municipio,0.0,0.0,0.0,0.0,0.0,0.0,0.0,0.0,0.0,0.0,0.0,0.0,0.0,0.0
50167,Mezalocha,municipio,0.0,0.0,0.0,0.0,0.0,0.0,0.0,0.0,0.0,0.0,0.0,0.0,0.0,0.0
50168,Mianos,municipio,0.0,0.0,0.0,0.0,0.0,0.0,0.0,0.0,0.0,0.0,0.0,0.0,0.0,0.0
50169,Miedes de Aragón,municipio,0.0,0.0,0.0,0.0,0.0,0.0,0.0,0.0,0.0,0.0,0.0,0.0,0.0,0.0
50170,Monegrillo,municipio,0.0,0.0,0.0,0.0,0.0,0.0,0.0,0.0,0.0,0.0,0.0,0.0,0.0,0.0
50171,Moneva,municipio,0.0,0.0,0.0,0.0,0.0,0.0,0.0,0.0,0.0,0.0,0.0,0.0,0.0,0.0
50172,Monreal de Ariza,municipio,0.0,0.0,0.0,0.0,0.0,0.0,0.0,0.0,0.0,0.0,0.0,0.0,0.0,0.0
50173,Monterde,municipio,0.0,0.0,0.0,0.0,0.0,0.0,0.0,0.0,0.0,0.0,0.0,0.0,0.0,0.0
50174,Montón,municipio,0.0,0.0,0.0,0.0,0.0,0.0,0.0,0.0,0.0,0.0,0.0,0.0,0.0,0.0
50175,Morata de Jalón,municipio,27.0,25.0,21.0,22.0,20.0,23.0,19.0,16.0,16.0,20.0,18.0,15.0,16.0,14.0
50176,Morata de Jiloca,municipio,0.0,0.0,0.0,0.0,0.0,0.0,0.0,0.0,0.0,0.0,0.0,0.0,0.0,0.0
50177,Morés,municipio,0.0,0.0,0.0,0.0,0.0,0.0,0.0,0.0,0.0,0.0,0.0,0.0,0.0,0.0
50178,Moros,municipio,0.0,0.0,0.0,0.0,0.0,0.0,0.0,0.0,0.0,0.0,0.0,0.0,0.0,0.0
50179,Moyuela,municipio,0.0,0.0,0.0,0.0,0.0,0.0,0.0,0.0,0.0,0.0,0.0,0.0,0.0,0.0
50180,Mozota,municipio,0.0,0.0,0.0,0.0,0.0,0.0,0.0,0.0,0.0,0.0,0.0,0.0,0.0,0.0
50181,Muel,municipio,43.0,46.0,46.0,45.0,40.0,38.0,41.0,37.0,37.0,37.0,37.0,40.0,39.0,47.0
50182,"Muela, La",municipio,192.0,193.0,189.0,190.0,192.0,188.0,183.0,190.0,202.0,212.0,226.0,226.0,228.0,238.0
50183,Munébrega,municipio,0.0,0.0,0.0,0.0,0.0,0.0,0.0,0.0,0.0,0.0,0.0,0.0,0.0,0.0
50184,Murero,municipio,0.0,0.0,0.0,0.0,0.0,0.0,0.0,0.0,0.0,0.0,0.0,0.0,0.0,0.0
50185,Murillo de Gállego,municipio,0.0,0.0,0.0,0.0,0.0,0.0,0.0,0.0,0.0,0.0,0.0,0.0,0.0,0.0
50186,Navardún,municipio,0.0,0.0,0.0,0.0,0.0,0.0,0.0,0.0,0.0,0.0,0.0,0.0,0.0,0.0
50187,Nigüella,municipio,0.0,0.0,0.0,0.0,0.0,0.0,0.0,0.0,0.0,0.0,0.0,0.0,0.0,0.0
50188,Nombrevilla,municipio,0.0,0.0,0.0,0.0,0.0,0.0,0.0,0.0,0.0,0.0,0.0,0.0,0.0,0.0
50189,Nonaspe,municipio,33.0,35.0,32.0,33.0,30.0,0.0,0.0,0.0,0.0,0.0,0.0,29.0,27.0,22.0
50190,Novallas,municipio,0.0,0.0,0.0,0.0,0.0,0.0,0.0,0.0,0.0,0.0,0.0,0.0,0.0,0.0
50191,Novillas,municipio,0.0,0.0,0.0,0.0,0.0,0.0,0.0,0.0,0.0,0.0,0.0,0.0,0.0,0.0
50192,Nuévalos,municipio,0.0,0.0,0.0,0.0,0.0,0.0,0.0,0.0,0.0,0.0,0.0,0.0,0.0,0.0
50193,Nuez de Ebro,municipio,0.0,0.0,0.0,0.0,0.0,0.0,0.0,0.0,0.0,0.0,0.0,0.0,0.0,0.0
50194,Olvés,municipio,0.0,0.0,0.0,0.0,0.0,0.0,0.0,0.0,0.0,0.0,0.0,0.0,0.0,0.0
50195,Orcajo,municipio,0.0,0.0,0.0,0.0,0.0,0.0,0.0,0.0,0.0,0.0,0.0,0.0,0.0,0.0
50196,Orera,municipio,0.0,0.0,0.0,0.0,0.0,0.0,0.0,0.0,0.0,0.0,0.0,0.0,0.0,0.0
50197,Orés,municipio,0.0,0.0,0.0,0.0,0.0,0.0,0.0,0.0,0.0,0.0,0.0,0.0,0.0,0.0
50198,Oseja,municipio,0.0,0.0,0.0,0.0,0.0,0.0,0.0,0.0,0.0,0.0,0.0,0.0,0.0,0.0
50199,Osera de Ebro,municipio,0.0,0.0,0.0,0.0,0.0,0.0,0.0,0.0,0.0,0.0,0.0,0.0,0.0,0.0
50200,Paniza,municipio,0.0,0.0,0.0,0.0,0.0,0.0,0.0,0.0,0.0,0.0,0.0,0.0,0.0,0.0
50201,Paracuellos de Jiloca,municipio,0.0,0.0,0.0,0.0,0.0,0.0,0.0,0.0,0.0,0.0,0.0,0.0,0.0,0.0
50202,Paracuellos de la Ribera,municipio,0.0,0.0,0.0,0.0,0.0,0.0,0.0,0.0,0.0,0.0,0.0,0.0,0.0,0.0
50203,Pastriz,municipio,37.0,35.0,32.0,37.0,33.0,38.0,37.0,40.0,38.0,37.0,39.0,33.0,31.0,30.0
50204,Pedrola,municipio,91.0,87.0,82.0,79.0,79.0,79.0,74.0,74.0,70.0,65.0,69.0,65.0,73.0,79.0
50205,"Pedrosas, Las",municipio,0.0,0.0,0.0,0.0,0.0,0.0,0.0,0.0,0.0,0.0,0.0,0.0,0.0,0.0
50206,Perdiguera,municipio,0.0,0.0,0.0,0.0,0.0,0.0,0.0,0.0,0.0,0.0,0.0,0.0,0.0,0.0
50207,Piedratajada,municipio,0.0,0.0,0.0,0.0,0.0,0.0,0.0,0.0,0.0,0.0,0.0,0.0,0.0,0.0
50208,Pina de Ebro,municipio,61.0,60.0,53.0,59.0,58.0,59.0,52.0,50.0,49.0,45.0,48.0,46.0,41.0,42.0
50209,Pinseque,municipio,111.0,110.0,114.0,112.0,108.0,107.0,109.0,105.0,101.0,106.0,98.0,93.0,102.0,102.0
50210,"Pintanos, Los",municipio,0.0,0.0,0.0,0.0,0.0,0.0,0.0,0.0,0.0,0.0,0.0,0.0,0.0,0.0
50211,Plasencia de Jalón,municipio,0.0,0.0,0.0,0.0,0.0,0.0,0.0,0.0,0.0,0.0,0.0,0.0,0.0,0.0
50212,Pleitas,municipio,0.0,0.0,0.0,0.0,0.0,0.0,0.0,0.0,0.0,0.0,0.0,0.0,0.0,0.0
50213,Plenas,municipio,0.0,0.0,0.0,0.0,0.0,0.0,0.0,0.0,0.0,0.0,0.0,0.0,0.0,0.0
50214,Pomer,municipio,0.0,0.0,0.0,0.0,0.0,0.0,0.0,0.0,0.0,0.0,0.0,0.0,0.0,0.0
50215,Pozuel de Ariza,municipio,0.0,0.0,0.0,0.0,0.0,0.0,0.0,0.0,0.0,0.0,0.0,0.0,0.0,0.0
50216,Pozuelo de Aragón,municipio,0.0,0.0,0.0,0.0,0.0,0.0,0.0,0.0,0.0,0.0,0.0,0.0,0.0,0.0
50217,Pradilla de Ebro,municipio,0.0,0.0,0.0,0.0,0.0,0.0,0.0,0.0,0.0,0.0,0.0,0.0,0.0,0.0
50218,Puebla de Albortón,municipio,0.0,0.0,0.0,0.0,0.0,0.0,0.0,0.0,0.0,0.0,0.0,0.0,0.0,0.0
50219,"Puebla de Alfindén, La",municipio,304.0,316.0,318.0,312.0,317.0,314.0,317.0,317.0,310.0,296.0,302.0,281.0,289.0,293.0
50220,Puendeluna,municipio,0.0,0.0,0.0,0.0,0.0,0.0,0.0,0.0,0.0,0.0,0.0,0.0,0.0,0.0
50221,Purujosa,municipio,0.0,0.0,0.0,0.0,0.0,0.0,0.0,0.0,0.0,0.0,0.0,0.0,0.0,0.0
50222,Quinto,municipio,49.0,51.0,48.0,50.0,46.0,45.0,42.0,41.0,43.0,42.0,38.0,34.0,37.0,35.0
50223,Remolinos,municipio,31.0,29.0,31.0,31.0,29.0,30.0,29.0,24.0,24.0,22.0,21.0,18.0,17.0,19.0
50224,Retascón,municipio,0.0,0.0,0.0,0.0,0.0,0.0,0.0,0.0,0.0,0.0,0.0,0.0,0.0,0.0
50225,Ricla,municipio,66.0,58.0,59.0,62.0,58.0,64.0,62.0,61.0,61.0,62.0,59.0,53.0,54.0,57.0
50227,Romanos,municipio,0.0,0.0,0.0,0.0,0.0,0.0,0.0,0.0,0.0,0.0,0.0,0.0,0.0,0.0
50228,Rueda de Jalón,municipio,0.0,0.0,0.0,0.0,0.0,0.0,0.0,0.0,0.0,0.0,0.0,0.0,0.0,0.0
50229,Ruesca,municipio,0.0,0.0,0.0,0.0,0.0,0.0,0.0,0.0,0.0,0.0,0.0,0.0,0.0,0.0
50230,Sádaba,municipio,50.0,44.0,41.0,43.0,42.0,39.0,35.0,38.0,31.0,33.0,33.0,25.0,25.0,25.0
50231,Salillas de Jalón,municipio,0.0,0.0,0.0,0.0,0.0,0.0,0.0,0.0,0.0,0.0,0.0,0.0,0.0,0.0
50232,Salvatierra de Esca,municipio,0.0,0.0,0.0,0.0,0.0,0.0,0.0,0.0,0.0,0.0,0.0,0.0,0.0,0.0
50233,Samper del Salz,municipio,0.0,0.0,0.0,0.0,0.0,0.0,0.0,0.0,0.0,0.0,0.0,0.0,0.0,0.0
50234,San Martín de la Virgen de Moncayo,municipio,0.0,0.0,0.0,0.0,0.0,0.0,0.0,0.0,0.0,0.0,0.0,0.0,0.0,0.0
50235,San Mateo de Gállego,municipio,68.0,71.0,58.0,61.0,62.0,60.0,59.0,52.0,58.0,57.0,59.0,53.0,50.0,50.0
50236,Santa Cruz de Grío,municipio,0.0,0.0,0.0,0.0,0.0,0.0,0.0,0.0,0.0,0.0,0.0,0.0,0.0,0.0
50237,Santa Cruz de Moncayo,municipio,0.0,0.0,0.0,0.0,0.0,0.0,0.0,0.0,0.0,0.0,0.0,0.0,0.0,0.0
50238,Santa Eulalia de Gállego,municipio,0.0,0.0,0.0,0.0,0.0,0.0,0.0,0.0,0.0,0.0,0.0,0.0,0.0,0.0
50239,Santed,municipio,0.0,0.0,0.0,0.0,0.0,0.0,0.0,0.0,0.0,0.0,0.0,0.0,0.0,0.0
50240,Sástago,municipio,29.0,30.0,33.0,30.0,29.0,26.0,21.0,21.0,18.0,18.0,17.0,14.0,15.0,15.0
50241,Sabiñán,municipio,0.0,0.0,0.0,0.0,0.0,0.0,0.0,0.0,0.0,0.0,0.0,0.0,0.0,0.0
50242,Sediles,municipio,0.0,0.0,0.0,0.0,0.0,0.0,0.0,0.0,0.0,0.0,0.0,0.0,0.0,0.0
50243,Sestrica,municipio,0.0,0.0,0.0,0.0,0.0,0.0,0.0,0.0,0.0,0.0,0.0,0.0,0.0,0.0
50244,Sierra de Luna,municipio,0.0,0.0,0.0,0.0,0.0,0.0,0.0,0.0,0.0,0.0,0.0,0.0,0.0,0.0
50245,Sigüés,municipio,0.0,0.0,0.0,0.0,0.0,0.0,0.0,0.0,0.0,0.0,0.0,0.0,0.0,0.0
50246,Sisamón,municipio,0.0,0.0,0.0,0.0,0.0,0.0,0.0,0.0,0.0,0.0,0.0,0.0,0.0,0.0
50247,Sobradiel,municipio,0.0,27.0,30.0,33.0,32.0,27.0,25.0,23.0,21.0,22.0,19.0,18.0,19.0,18.0
50248,Sos del Rey Católico,municipio,0.0,0.0,0.0,0.0,0.0,0.0,0.0,0.0,0.0,0.0,0.0,0.0,0.0,0.0
50249,Tabuenca,municipio,0.0,0.0,0.0,0.0,0.0,0.0,0.0,0.0,0.0,0.0,0.0,0.0,0.0,0.0
50250,Talamantes,municipio,0.0,0.0,0.0,0.0,0.0,0.0,0.0,0.0,0.0,0.0,0.0,0.0,0.0,0.0
50251,Tarazona,municipio,301.0,295.0,290.0,283.0,262.0,261.0,254.0,253.0,249.0,243.0,233.0,232.0,220.0,224.0
50252,Tauste,municipio,169.0,170.0,171.0,170.0,164.0,163.0,161.0,153.0,143.0,138.0,138.0,119.0,122.0,132.0
50253,Terrer,municipio,0.0,0.0,0.0,0.0,0.0,0.0,0.0,0.0,0.0,0.0,0.0,0.0,0.0,0.0
50254,Tierga,municipio,0.0,0.0,0.0,0.0,0.0,0.0,0.0,0.0,0.0,0.0,0.0,0.0,0.0,0.0
50255,Tobed,municipio,0.0,0.0,0.0,0.0,0.0,0.0,0.0,0.0,0.0,0.0,0.0,0.0,0.0,0.0
50256,Torralba de los Frailes,municipio,0.0,0.0,0.0,0.0,0.0,0.0,0.0,0.0,0.0,0.0,0.0,0.0,0.0,0.0
50257,Torralba de Ribota,municipio,0.0,0.0,0.0,0.0,0.0,0.0,0.0,0.0,0.0,0.0,0.0,0.0,0.0,0.0
50258,Torralbilla,municipio,0.0,0.0,0.0,0.0,0.0,0.0,0.0,0.0,0.0,0.0,0.0,0.0,0.0,0.0
50259,Torrehermosa,municipio,0.0,0.0,0.0,0.0,0.0,0.0,0.0,0.0,0.0,0.0,0.0,0.0,0.0,0.0
50260,Torrelapaja,municipio,0.0,0.0,0.0,0.0,0.0,0.0,0.0,0.0,0.0,0.0,0.0,0.0,0.0,0.0
50261,Torrellas,municipio,0.0,0.0,0.0,0.0,0.0,0.0,0.0,0.0,0.0,0.0,0.0,0.0,0.0,0.0
50262,Torres de Berrellén,municipio,28.0,26.0,29.0,29.0,29.0,27.0,25.0,25.0,23.0,23.0,21.0,17.0,15.0,16.0
50263,Torrijo de la Cañada,municipio,0.0,0.0,0.0,0.0,0.0,0.0,0.0,0.0,0.0,0.0,0.0,0.0,0.0,0.0
50264,Tosos,municipio,0.0,0.0,0.0,0.0,0.0,0.0,0.0,0.0,0.0,0.0,0.0,0.0,0.0,0.0
50265,Trasmoz,municipio,0.0,0.0,0.0,0.0,0.0,0.0,0.0,0.0,0.0,0.0,0.0,0.0,0.0,0.0
50266,Trasobares,municipio,0.0,0.0,0.0,0.0,0.0,0.0,0.0,0.0,0.0,0.0,0.0,0.0,0.0,0.0
50267,Uncastillo,municipio,0.0,0.0,0.0,0.0,0.0,0.0,0.0,0.0,0.0,0.0,0.0,0.0,0.0,0.0
50268,Undués de Lerda,municipio,0.0,0.0,0.0,0.0,0.0,0.0,0.0,0.0,0.0,0.0,0.0,0.0,0.0,0.0
50269,Urrea de Jalón,municipio,0.0,0.0,0.0,0.0,0.0,0.0,0.0,0.0,0.0,0.0,0.0,0.0,0.0,0.0
50270,Urriés,municipio,0.0,0.0,0.0,0.0,0.0,0.0,0.0,0.0,0.0,0.0,0.0,0.0,0.0,0.0
50271,Used,municipio,0.0,0.0,0.0,0.0,0.0,0.0,0.0,0.0,0.0,0.0,0.0,0.0,0.0,0.0
50272,Utebo,municipio,469.0,463.0,460.0,453.0,432.0,436.0,442.0,423.0,416.0,408.0,415.0,379.0,367.0,367.0
50273,Valdehorna,municipio,0.0,0.0,0.0,0.0,0.0,0.0,0.0,0.0,0.0,0.0,0.0,0.0,0.0,0.0
50274,Val de San Martín,municipio,0.0,0.0,0.0,0.0,0.0,0.0,0.0,0.0,0.0,0.0,0.0,0.0,0.0,0.0
50275,Valmadrid,municipio,0.0,0.0,0.0,0.0,0.0,0.0,0.0,0.0,0.0,0.0,0.0,0.0,0.0,0.0
50276,Valpalmas,municipio,0.0,0.0,0.0,0.0,0.0,0.0,0.0,0.0,0.0,0.0,0.0,0.0,0.0,0.0
50277,Valtorres,municipio,0.0,0.0,0.0,0.0,0.0,0.0,0.0,0.0,0.0,0.0,0.0,0.0,0.0,0.0
50278,Velilla de Ebro,municipio,0.0,0.0,0.0,0.0,0.0,0.0,0.0,0.0,0.0,0.0,0.0,0.0,0.0,0.0
50279,Velilla de Jiloca,municipio,0.0,0.0,0.0,0.0,0.0,0.0,0.0,0.0,0.0,0.0,0.0,0.0,0.0,0.0
50280,Vera de Moncayo,municipio,0.0,0.0,0.0,0.0,0.0,0.0,0.0,0.0,0.0,0.0,0.0,0.0,0.0,0.0
50281,Vierlas,municipio,0.0,0.0,0.0,0.0,0.0,0.0,0.0,0.0,0.0,0.0,0.0,0.0,0.0,0.0
50282,"Vilueña, La",municipio,0.0,0.0,0.0,0.0,0.0,0.0,0.0,0.0,0.0,0.0,0.0,0.0,0.0,0.0
50283,Villadoz,municipio,0.0,0.0,0.0,0.0,0.0,0.0,0.0,0.0,0.0,0.0,0.0,0.0,0.0,0.0
50284,Villafeliche,municipio,0.0,0.0,0.0,0.0,0.0,0.0,0.0,0.0,0.0,0.0,0.0,0.0,0.0,0.0
50285,Villafranca de Ebro,municipio,0.0,0.0,0.0,0.0,0.0,0.0,0.0,0.0,0.0,0.0,0.0,0.0,0.0,0.0
50286,Villalba de Perejil,municipio,0.0,0.0,0.0,0.0,0.0,0.0,0.0,0.0,0.0,0.0,0.0,0.0,0.0,0.0
50287,Villalengua,municipio,0.0,0.0,0.0,0.0,0.0,0.0,0.0,0.0,0.0,0.0,0.0,0.0,0.0,0.0
50288,Villanueva de Gállego,municipio,206.0,226.0,203.0,200.0,195.0,185.0,186.0,187.0,187.0,178.0,180.0,166.0,173.0,167.0
50289,Villanueva de Jiloca,municipio,0.0,0.0,0.0,0.0,0.0,0.0,0.0,0.0,0.0,0.0,0.0,0.0,0.0,0.0
50290,Villanueva de Huerva,municipio,0.0,0.0,0.0,0.0,0.0,0.0,0.0,0.0,0.0,0.0,0.0,0.0,0.0,0.0
50291,Villar de los Navarros,municipio,0.0,0.0,0.0,0.0,0.0,0.0,0.0,0.0,0.0,0.0,0.0,0.0,0.0,0.0
50292,Villarreal de Huerva,municipio,0.0,0.0,0.0,0.0,0.0,0.0,0.0,0.0,0.0,0.0,0.0,0.0,0.0,0.0
50293,Villarroya de la Sierra,municipio,0.0,0.0,0.0,0.0,0.0,0.0,0.0,0.0,0.0,0.0,0.0,0.0,0.0,0.0
50294,Villarroya del Campo,municipio,0.0,0.0,0.0,0.0,0.0,0.0,0.0,0.0,0.0,0.0,0.0,0.0,0.0,0.0
50295,Vistabella,municipio,0.0,0.0,0.0,0.0,0.0,0.0,0.0,0.0,0.0,0.0,0.0,0.0,0.0,0.0
50296,"Zaida, La",municipio,0.0,0.0,0.0,0.0,0.0,0.0,0.0,0.0,0.0,0.0,0.0,0.0,0.0,0.0
50297,Zaragoza,municipio,16103.0,15912.0,15782.0,15841.0,15659.0,15632.0,15596.0,15218.0,14971.0,14674.0,14482.0,13321.0,13413.0,13497.0
50298,Zuera,municipio,186.0,197.0,199.0,200.0,196.0,194.0,188.0,182.0,168.0,169.0,163.0,154.0,166.0,162.0
50901,Biel,municipio,0.0,0.0,0.0,0.0,0.0,0.0,0.0,0.0,0.0,0.0,0.0,0.0,0.0,0.0
50902,Marracos,municipio,0.0,0.0,0.0,0.0,0.0,0.0,0.0,0.0,0.0,0.0,0.0,0.0,0.0,0.0
50903,Villamayor de Gállego,municipio,73.0,73.0,71.0,65.0,66.0,60.0,59.0,62.0,54.0,58.0,57.0,46.0,48.0,52.0
50,Zaragoza,provincia,24141.0,23994.0,23719.0,23768.0,23412.0,23276.0,23130.0,22632.0,22226.0,21720.0,21545.0,19895.0,20042.0,20110.0
51001,Ceuta,municipio,1975.0,1960.0,1958.0,2030.0,2023.0,2066.0,2071.0,1956.0,1960.0,1874.0,1865.0,1628.0,1536.0,1484.0
51,Ceuta,provincia,1975.0,1960.0,1958.0,2030.0,2023.0,2066.0,2071.0,1956.0,1960.0,1874.0,1865.0,1628.0,1536.0,1484.0
52001,Melilla,municipio,2171.0,2182.0,2139.0,2358.0,2539.0,2664.0,2721.0,3201.0,3004.0,2816.0,2617.0,2193.0,2101.0,2081.0
52,Melilla,provincia,2171.0,2182.0,2139.0,2358.0,2539.0,2664.0,2721.0,3201.0,3004.0,2816.0,2617.0,2193.0,2101.0,2081.0
